<?xml version="1.0" encoding="UTF-8"?>
<window id="2005">
	<defaultcontrol>-</defaultcontrol>
	
	<controls>
		<control type="group" id="1">
			<depth>DepthOSD-</depth>
			<visible>Window.IsActive(FullScreenVideo) + Player.Paused + Skin.HasSetting(ShowFullscreenVideoPaused)</visible>
			<include>MediaViewOpenCloseAnim</include>
			
			<control type="image" id="1">
				<include>ScreenSize</include>
				<texture border="0,0,50,50">black.png</texture>
				<animation effect="fade" condition="true" end="55">Conditional</animation>
			</control>
			
			<control type="label" id="1">
				<top>250</top>
				<width>1280</width>
				<font>PausedFont</font>
				<label>[B]$LOCALIZE[112][/B]</label>
				<textcolor>white</textcolor>
				<align>center</align>
				<animation effect="fade" condition="true" end="50">Conditional</animation>
				<visible>!Window.IsActive(subtitlesearch)</visible>
			</control>
		</control>
		
		<control type="group" id="1">
			<description>Video Info Panel</description>
			<depth>DepthOSD</depth>
			<left>28</left>
			<top>350</top>
			<visible>Player.ShowInfo + ![Window.IsActive(OSDVideoSettings) | Window.IsActive(OSDAudioSettings) | Window.IsActive(VideoBookmarks)
			| Window.IsVisible(PVROSDChannels) | Window.IsVisible(PVROSDGuide) | Window.IsActive(subtitlesearch) | Window.IsActive(osdcmssettings)]</visible>
			<include>FSMediaInfoPanel</include>
			<include>FSMediaInfoOpenCloseAnim</include>
			
			<control type="image" id="1">
				<description>Cover</description>
				<left>4</left>
				<top>4</top>
				<width>185</width>
				<height>272</height>
				<texture diffuse="covers/list-info-poster-diffuse.png">$VAR[PosterImageOSD]</texture>
				<aspectratio aligny="center" align="center" scalediffuse="false">scale</aspectratio>
				<visible>VideoPlayer.Content(Movies) | VideoPlayer.Content(Episodes)</visible>
			</control>

			<control type="group" id="1">	
				<visible>VideoPlayer.Content(Movies) | VideoPlayer.Content(Episodes)</visible>
				<left>207</left>
				<top>10</top>
				
				<control type="grouplist" id="1">
					<width>631</width>
					<height>60</height>
					<orientation>horizontal</orientation>
					<itemgap>10</itemgap>
					<usecontrolcoords>true</usecontrolcoords>
					<control type="label" id="1">
						<description>Title/Year</description>
						<width min="10" max="710">auto</width>
						<height>60</height>
						<font>FSInfoTitleFont</font>
						<textcolor>MediaInfoTitleColor</textcolor>
						<shadowcolor>ShadowColor</shadowcolor>
						<label>[UPPERCASE]$INFO[VideoPlayer.Title]$INFO[VideoPlayer.Year, (,)][/UPPERCASE]</label>
						<aligny>top</aligny>
						<scroll>true</scroll>
					</control>
					<control type="image" id="1">
						<description>Star Rating</description>
						<top>2</top>
						<width>100</width>
						<height>32</height>		
						<texture>$VAR[PlayerStarRating]</texture>
						<aspectratio>keep</aspectratio>
						<include>StarRatingFadeAnim</include>
					</control>
				</control>

				<control type="label" id="1">
					<description>Genre</description>
					<top>30</top>
					<width>631</width>
					<height>26</height>
					<font>FSInfoFont</font>
					<textcolor>MediaInfoTitleColor2</textcolor>
					<shadowcolor>ShadowColor</shadowcolor>
					<label>[UPPERCASE]$VAR[FSInfoLabel1][/UPPERCASE]</label>
					<aligny>center</aligny>
				</control>
				
				<control type="grouplist" id="1">
					<description>Time</description>
					<left>679</left>
					<width>320</width>
					<align>right</align>
					<orientation>horizontal</orientation>
					<itemgap>10</itemgap>
					<usecontrolcoords>true</usecontrolcoords>
					<control type="image" id="1">
						<top>6</top>
						<width>24</width>
						<height>24</height>	
						<texture>pvr/status_timer_alt.png</texture>
						<aspectratio>keep</aspectratio>
					</control>
					<control type="label" id="1">
						<left>-6</left>
						<height>60</height>	
						<width min="25" max="250">auto</width>
						<font>FSInfoTitleFont</font>
						<textcolor>BreadCrumbColor</textcolor>
						<shadowcolor>ShadowColor</shadowcolor>
						<label>[UPPERCASE]$INFO[System.Time][/UPPERCASE]</label>
						<aligny>top</aligny>
					</control>
				</control>
		
				<control type="grouplist" id="1">
					<description>Chapter</description>
					<left>599</left>
					<top>30</top>
					<width>400</width>
					<align>right</align>
					<orientation>horizontal</orientation>
					<visible>Player.ChapterCount</visible>
					<control type="label" id="1">
						<width min="10" max="110">auto</width>
						<height>26</height>
						<font>FSInfoFont2</font>
						<textcolor>MediaInfoItemColor</textcolor>
						<shadowcolor>ShadowColor</shadowcolor>
						<label>[UPPERCASE]$LOCALIZE[21396]:[/UPPERCASE]</label>
						<aligny>center</aligny>
					</control>
					<control type="label" id="1">
						<width min="10" max="400">auto</width>
						<height>26</height>
						<font>FSInfoFont2</font>
						<textcolor>MediaInfoItemColor2</textcolor>
						<shadowcolor>ShadowColor</shadowcolor>
						<label>[UPPERCASE]$INFO[Player.Chapter]$INFO[Player.ChapterCount, / ]$INFO[Player.ChapterName, - ,][/UPPERCASE]</label>
						<aligny>center</aligny>
						<scroll>true</scroll>
					</control>
				</control>
				
				<control type="grouplist" id="1">
					<description>Media Info Labels</description>
					<top>66</top>
					<width>683</width>
					<orientation>horizontal</orientation>
					<control type="label" id="1">
						<width min="10" max="110">auto</width>
						<height>40</height>
						<font>MediaInfoFont</font>
						<textcolor>MediaInfoItemColor</textcolor>
						<shadowcolor>ShadowColor</shadowcolor>							
						<label>$LOCALIZE[20339]:</label>
						<aligny>center</aligny>
					</control>
					<control type="label" id="1">
						<width min="10" max="320">auto</width>
						<height>40</height>
						<font>MediaInfoFont</font>
						<textcolor>MediaInfoItemColor2</textcolor>
						<shadowcolor>ShadowColor</shadowcolor>
						<label fallback="31001">$INFO[VideoPlayer.Director]</label>
						<aligny>center</aligny>
					</control>
					<control type="label" id="1">
						<width min="10" max="110">auto</width>
						<height>40</height>
						<font>MediaInfoFont</font>
						<textcolor>MediaInfoItemColor</textcolor>
						<shadowcolor>ShadowColor</shadowcolor>
						<label>     $LOCALIZE[20417]:</label>
						<aligny>center</aligny>
					</control>
					<control type="label" id="1">
						<width min="10" max="320">auto</width>
						<height>40</height>
						<font>MediaInfoFont</font>
						<textcolor>MediaInfoItemColor2</textcolor>
						<shadowcolor>ShadowColor</shadowcolor>
						<label fallback="31001">$INFO[VideoPlayer.Writer]</label>
						<aligny>center</aligny>
					</control>
				</control>

				<control type="textbox" id="1">
					<description>Plot</description>
					<top>107</top>
					<width>631</width>
					<height>98</height>
					<font>MediaInfoDescFont</font>
					<textcolor>MediaInfoColor</textcolor>
					<shadowcolor>ShadowColor</shadowcolor>
					<align>justify</align>
					<label fallback="31203">$INFO[VideoPlayer.Plot]</label>
					<wrapmultiline>true</wrapmultiline>
					<autoscroll time="2000" delay="6000" repeat="10000">true</autoscroll>
				</control>
			
				<control type="grouplist" id="1">
					<description>Media Flags Area</description>
					<top>218</top>
					<width>701</width>
					<height>35</height>
					<itemgap>5</itemgap>
					<align>left</align>
					<usecontrolcoords>true</usecontrolcoords>
					<orientation>horizontal</orientation>
					<include>MediaFlagFadeAnim</include>
					<include>PlayerVideoMediaFlags</include>
					<include>PlayerAudioMediaFlags</include>
					<include>PlayerAspectMediaFlags</include>
					<include condition="!Skin.HasSetting(HideRatingMediaFlag)">PlayerRatingMediaFlags</include>
				</control>
			</control>
			
			<control type="group" id="1">	
				<visible>![VideoPlayer.Content(Movies) | VideoPlayer.Content(Episodes)]</visible>
				<left>18</left>
				<top>10</top>
				
				<control type="grouplist" id="1">
					<width>820</width>
					<height>60</height>
					<orientation>horizontal</orientation>
					<itemgap>10</itemgap>
					<usecontrolcoords>true</usecontrolcoords>
					<control type="label" id="1">
						<description>Title/Year</description>
						<width min="10" max="710">auto</width>
						<height>60</height>
						<font>FSInfoTitleFont</font>
						<textcolor>MediaInfoTitleColor</textcolor>
						<shadowcolor>ShadowColor</shadowcolor>
						<label>[UPPERCASE]$VAR[FSInfoTitle][/UPPERCASE]</label>
						<aligny>top</aligny>
						<scroll>true</scroll>
					</control>
					<control type="image" id="1">
						<description>Star Rating</description>
						<top>2</top>
						<width>100</width>
						<height>32</height>		
						<texture>$VAR[PlayerStarRating]</texture>
						<aspectratio>keep</aspectratio>
						<include>StarRatingFadeAnim</include>
					</control>
				</control>

				<control type="label" id="1">
					<description>Genre</description>
					<top>30</top>
					<width>820</width>
					<height>26</height>
					<font>FSInfoFont</font>
					<textcolor>MediaInfoTitleColor2</textcolor>
					<shadowcolor>ShadowColor</shadowcolor>
					<label>[UPPERCASE]$VAR[FSInfoLabel1][/UPPERCASE]</label>
					<aligny>center</aligny>
				</control>
				
				<control type="grouplist" id="1">
					<description>Time</description>
					<left>868</left>
					<width>320</width>
					<align>right</align>
					<orientation>horizontal</orientation>
					<itemgap>10</itemgap>
					<usecontrolcoords>true</usecontrolcoords>
					<control type="image" id="1">
						<top>6</top>
						<width>24</width>
						<height>24</height>	
						<texture>pvr/status_timer_alt.png</texture>
						<aspectratio>keep</aspectratio>
					</control>
					<control type="label" id="1">
						<left>-6</left>
						<height>60</height>	
						<width min="25" max="250">auto</width>
						<font>FSInfoTitleFont</font>
						<textcolor>BreadCrumbColor</textcolor>
						<shadowcolor>ShadowColor</shadowcolor>
						<label>[UPPERCASE]$INFO[System.Time][/UPPERCASE]</label>
						<aligny>top</aligny>
					</control>
				</control>
		
				<control type="grouplist" id="1">
					<description>Chapter</description>
					<left>788</left>
					<top>30</top>
					<width>400</width>
					<align>right</align>
					<orientation>horizontal</orientation>
					<visible>Player.ChapterCount + !VideoPlayer.Content(LiveTV)</visible>
					<control type="label" id="1">
						<width min="10" max="110">auto</width>
						<height>26</height>
						<font>FSInfoFont2</font>
						<textcolor>MediaInfoItemColor</textcolor>
						<shadowcolor>ShadowColor</shadowcolor>
						<label>[UPPERCASE]$LOCALIZE[21396]:[/UPPERCASE]</label>
						<aligny>center</aligny>
					</control>
					<control type="label" id="1">
						<width min="10" max="400">auto</width>
						<height>26</height>
						<font>FSInfoFont2</font>
						<textcolor>MediaInfoItemColor2</textcolor>
						<shadowcolor>ShadowColor</shadowcolor>
						<label>[UPPERCASE]$INFO[Player.Chapter]$INFO[Player.ChapterCount, / ]$INFO[Player.ChapterName, - ,][/UPPERCASE]</label>
						<aligny>center</aligny>
						<scroll>true</scroll>
					</control>
				</control>

				<control type="grouplist" id="1">
					<description>LiveTV NextTitle</description>
					<left>588</left>
					<top>30</top>
					<width>600</width>
					<align>right</align>
					<orientation>horizontal</orientation>
					<visible>VideoPlayer.Content(LiveTV)</visible>
					<control type="label" id="1">
						<width min="10" max="140">auto</width>
						<height>26</height>
						<font>FSInfoFont2</font>
						<textcolor>MediaInfoItemColor</textcolor>
						<shadowcolor>ShadowColor</shadowcolor>
						<label>[UPPERCASE]$LOCALIZE[209]:[/UPPERCASE]</label>
						<aligny>center</aligny>
					</control>
					<control type="label" id="1">
						<width min="10" max="460">auto</width>
						<height>26</height>
						<font>FSInfoFont2</font>
						<textcolor>MediaInfoItemColor2</textcolor>
						<shadowcolor>ShadowColor</shadowcolor>
						<label fallback="31001">$INFO[VideoPlayer.NextTitle]</label>
						<aligny>center</aligny>
						<scroll>true</scroll>
					</control>
				</control>
				
				<control type="grouplist" id="1">
					<description>Media Info Labels</description>
					<top>66</top>
					<width>820</width>
					<orientation>horizontal</orientation>
					<control type="label" id="1">
						<width min="10" max="110">auto</width>
						<height>40</height>
						<font>MediaInfoFont</font>
						<textcolor>MediaInfoItemColor</textcolor>
						<shadowcolor>ShadowColor</shadowcolor>							
						<label>$VAR[FSInfoLabel2]</label>
						<aligny>center</aligny>
					</control>
					<control type="label" id="1">
						<width min="10" max="320">auto</width>
						<height>40</height>
						<font>MediaInfoFont</font>
						<textcolor>MediaInfoItemColor2</textcolor>
						<shadowcolor>ShadowColor</shadowcolor>
						<label>$VAR[FSInfoLabel2Val]</label>
						<aligny>center</aligny>
					</control>
					<control type="label" id="1">
						<width min="10" max="110">auto</width>
						<height>40</height>
						<font>MediaInfoFont</font>
						<textcolor>MediaInfoItemColor</textcolor>
						<shadowcolor>ShadowColor</shadowcolor>
						<label>     $VAR[FSInfoLabel3]</label>
						<aligny>center</aligny>
					</control>
					<control type="label" id="1">
						<width min="10" max="320">auto</width>
						<height>40</height>
						<font>MediaInfoFont</font>
						<textcolor>MediaInfoItemColor2</textcolor>
						<shadowcolor>ShadowColor</shadowcolor>
						<label>$VAR[FSInfoLabel3Val]</label>
						<aligny>center</aligny>
					</control>
				</control>

				<control type="textbox" id="1">
					<description>Plot</description>
					<top>107</top>
					<width>820</width>
					<height>98</height>
					<font>MediaInfoDescFont</font>
					<textcolor>MediaInfoColor</textcolor>
					<shadowcolor>ShadowColor</shadowcolor>
					<align>justify</align>
					<label fallback="31203">$INFO[VideoPlayer.Plot]</label>
					<wrapmultiline>true</wrapmultiline>
					<autoscroll time="2000" delay="6000" repeat="10000">true</autoscroll>
				</control>
			
				<control type="grouplist" id="1">
					<description>Media Flags Area</description>
					<top>214</top>
					<width>890</width>
					<height>35</height>
					<itemgap>5</itemgap>
					<align>left</align>
					<usecontrolcoords>true</usecontrolcoords>
					<orientation>horizontal</orientation>
					<include>MediaFlagFadeAnim</include>
					<include>PlayerVideoMediaFlags</include>
					<include>PlayerAudioMediaFlags</include>
					<include>PlayerAspectMediaFlags</include>
					<include condition="!Skin.HasSetting(HideRatingMediaFlag)">PlayerRatingMediaFlags</include>
				</control>
				
				<control type="grouplist" id="1">
					<description>Live TV Data Labels</description>
					<top>267</top>
					<width>1192</width>
					<orientation>horizontal</orientation>
					<visible>VideoPlayer.Content(LiveTV)</visible>
					<control type="label" id="1">
						<width min="10" max="300">auto</width>
						<font>SubMenuArrowFont</font>
						<textcolor>MediaInfoItemColor</textcolor>
						<shadowcolor>ShadowColor</shadowcolor>							
						<label>$LOCALIZE[19210]: [COLOR=MediaInfoItemColor2]$INFO[Pvr.ActStreamClient][/COLOR]</label>
						<visible>!String.IsEmpty(Pvr.ActStreamClient)</visible>
					</control>
					<include condition="!String.IsEmpty(Pvr.ActStreamClient)">FullScreenInfoDot</include>
					<control type="label" id="1">
						<width min="10" max="300">auto</width>
						<font>SubMenuArrowFont</font>
						<textcolor>MediaInfoItemColor</textcolor>
						<shadowcolor>ShadowColor</shadowcolor>							
						<label>$LOCALIZE[19006]: [COLOR=MediaInfoItemColor2]$INFO[Pvr.ActStreamDevice][/COLOR]</label>
						<visible>!String.IsEmpty(Pvr.ActStreamDevice)</visible>
					</control>
					<include condition="!String.IsEmpty(Pvr.ActStreamDevice)">FullScreenInfoDot</include>					
					<control type="label" id="1">
						<width min="10" max="300">auto</width>
						<font>SubMenuArrowFont</font>
						<textcolor>MediaInfoItemColor</textcolor>
						<shadowcolor>ShadowColor</shadowcolor>							
						<label>$LOCALIZE[19007]: [COLOR=MediaInfoItemColor2]$INFO[Pvr.ActStreamStatus][/COLOR]</label>
						<visible>!String.IsEmpty(Pvr.ActStreamStatus)</visible>
					</control>
					<include condition="!String.IsEmpty(Pvr.ActStreamStatus)">FullScreenInfoDot</include>
					<control type="label" id="1">
						<width min="10" max="300">auto</width>
						<font>SubMenuArrowFont</font>
						<textcolor>MediaInfoItemColor</textcolor>
						<shadowcolor>ShadowColor</shadowcolor>							
						<label>$LOCALIZE[19008]: [COLOR=MediaInfoItemColor2]$INFO[Pvr.ActStreamSignal][/COLOR]</label>
						<visible>!String.IsEmpty(Pvr.ActStreamSignal)</visible>
					</control>
					<include condition="!String.IsEmpty(Pvr.ActStreamSignal)">FullScreenInfoDot</include>					
					<control type="label" id="1">
						<width min="10" max="300">auto</width>
						<font>SubMenuArrowFont</font>
						<textcolor>MediaInfoItemColor</textcolor>
						<shadowcolor>ShadowColor</shadowcolor>							
						<label>$LOCALIZE[19009]: [COLOR=MediaInfoItemColor2]$INFO[Pvr.ActStreamSnr][/COLOR]</label>
						<visible>!String.IsEmpty(Pvr.ActStreamSnr)</visible>
					</control>
					<include condition="!String.IsEmpty(Pvr.ActStreamSnr)">FullScreenInfoDot</include>
					<control type="label" id="1">
						<width min="10" max="300">auto</width>
						<font>SubMenuArrowFont</font>
						<textcolor>MediaInfoItemColor</textcolor>
						<shadowcolor>ShadowColor</shadowcolor>							
						<label>$LOCALIZE[19015]: [COLOR=MediaInfoItemColor2]$INFO[Pvr.ActStreamEncryptionName][/COLOR]</label>
						<visible>!String.IsEmpty(Pvr.ActStreamEncryptionName)</visible>
					</control>
				</control>
			</control>

			<control type="image" id="1">
				<description>Cover</description>
				<left>857</left>
				<top>90</top>
				<width>343</width>
				<height>169</height>
				<texture diffuse="covers/player-media-cover-diffuse.png">$VAR[ClearImageOSD]</texture>
				<aspectratio aligny="center" align="center">keep</aspectratio>
				<animation effect="slide" end="0,17" condition="Skin.HasSetting(ShowClearArtOSD) + [[VideoPlayer.Content(Episodes) + !String.IsEmpty(Player.Art(tvshow.clearart))] | [VideoPlayer.Content(Movies) + !String.IsEmpty(Player.Art(clearart))]]">Conditional</animation>
			</control>
		</control>
		
		<control type="group" id="0">
			<depth>DepthOSD</depth>
			
			<control type="image">
				<left>28</left>
				<top>-10</top>
				<width>1224</width>
				<height>170</height>
				<texture border="8">panels/panel.png</texture>
				<animation effect="slide" start="0,0" end="0,-100" time="0" condition="![Control.isVisible(11) + Control.IsVisible(12)]">Conditional</animation>
			</control>
			
			<control type="grouplist">
				<left>46</left>
				<top>10</top>
				<width>1132</width>
				<itemgap>10</itemgap>
				<control type="label" id="10">
					<description>Row 1</description>
					<width>1188</width>
					<height>40</height>
					<font>MediaInfoFont2</font>
					<textcolor>MediaInfoItemColor2</textcolor>
					<shadowcolor>ShadowColor</shadowcolor>
				</control>
				<control type="label" id="11">
					<description>Row 2</description>
					<width>1188</width>
					<height>40</height>
					<font>MediaInfoFont2</font>
					<textcolor>MediaInfoItemColor2</textcolor>
					<shadowcolor>ShadowColor</shadowcolor>
				</control>
				<control type="label" id="12">
					<description>Row 3</description>
					<width>1188</width>
					<height>40</height>
					<font>MediaInfoFont2</font>
					<textcolor>MediaInfoItemColor2</textcolor>
					<shadowcolor>ShadowColor</shadowcolor>
				</control>
			</control>
		</control>
	</controls>
</window>