<?xml version="1.0" encoding="UTF-8"?>
<window>
	<onunload condition="Window.IsActive(script-script.extendedinfo-DialogVideoInfo.xml) + Player.HasVideo + Skin.String(ExtendedInfoTrailerButton,True)">Dialog.Close(all,true)</onunload>
	
	<coordinates>
		<system>1</system>
		<origin x="395" y="276">true</origin>
	</coordinates>
	
	<controls>
		<control type="group">
			<visible>![[System.HasAddon(script.cinemavision) + !String.IsEmpty(Window(Home).Property(script.cinemavision.running))] | Window.IsActive(startup)]</visible>
			<depth>DepthDialog+</depth>
			<include>DialogOpenCloseAnim</include>
			
			<control type="image">
				<width>490</width>
				<height>168</height>
				<texture border="50">panels/dialog-background4.png</texture>
			</control>
			
			<control type="multiimage">
				<left>37</left>
				<top>35</top>
				<width>98</width>
				<height>98</height>
				<imagepath fallback="notification.png">gui/busy-spinner/</imagepath>
				<timeperimage>60</timeperimage>
				<fadetime>10</fadetime>
				<pauseatend>0</pauseatend>
				<randomize>false</randomize>
				<loop>yes</loop>
				<animation effect="fade" end="75" condition="true">Conditional</animation>
			</control>
			
			<control type="label">
				<description>Line 1</description>
				<left>125</left>
				<top>52</top>
				<width>312</width>
				<font>DefaultFontB</font>
				<textcolor>ButtonColor</textcolor>
				<align>center</align>
				<label>$LOCALIZE[503]...</label>
				<scroll>true</scroll>
			</control>
			
			<control type="label">
				<description>Line 2</description>
				<left>125</left>
				<top>88</top>
				<width>312</width>
				<font>DefaultFontB</font>
				<textcolor>ButtonColor</textcolor>
				<align>center</align>
				<label>$LOCALIZE[20186]</label>
				<scroll>true</scroll>
			</control>
			
			<control type="progress" id="10">
				<description>Progressbar</description>
				<left>146</left>
				<top>120</top>
				<width>302</width>
				<height>10</height>
			</control>
		</control>
	</controls>
</window>