<?xml version="1.0" encoding="UTF-8"?>
<window>
	<defaultcontrol always="true">3</defaultcontrol>

	<coordinates>
		<system>1</system>
		<origin x="110" y="80">true</origin>
	</coordinates>

	<controls>
		<control type="group">
			<depth>DepthDialog</depth>
			<include>DialogOpenCloseAnim</include>			
			<include condition="Window.IsActive(gamecontrollers)">GameDialogControllers</include>
			<include condition="Window.IsActive(gameports)">GameDialogPorts</include>
		</control>
	</controls>
</window>