<?xml version="1.0" encoding="UTF-8"?>
<includes>
	<variable name="TVShowsThumbTexture">
		<value condition="Skin.HasSetting(UseTVShowsPosterCover) + !String.IsEmpty(ListItem.Art(poster))">$INFO[ListItem.Art(poster)]</value>
		<value condition="!Skin.HasSetting(UseTVShowsPosterCover) + !String.IsEmpty(ListItem.Art(banner))">$INFO[ListItem.Art(banner)]</value>
		<value>$INFO[ListItem.Thumb]</value>
	</variable>
	
	<variable name="PosterThumb">
		<value condition="Skin.HasSetting(EnableAnimatedPosters) + [Container.Content(Movies) | Container.Content(Sets)] + !String.IsEmpty(ListItem.Art(animatedposter)) + [Control.IsVisible(52) | Control.IsVisible(53) | Control.IsVisible(54) | Control.IsVisible(66) | Control.IsVisible(69) | Control.IsVisible(75) | Control.IsVisible(65) | Control.IsVisible(588)]">$INFO[ListItem.Art(animatedposter)]</value>
		<value condition="Skin.HasSetting(EnableAnimatedPosters) + [Container.Content(Movies) | Container.Content(Sets)] + !String.IsEmpty(Window(Home).Property(SkinHelper.ListItem.Art.AnimatedPoster)) + [Control.IsVisible(58) | Control.IsVisible(95) | Window.IsVisible(MovieInformation)]">$INFO[Window(Home).Property(SkinHelper.ListItem.Art.AnimatedPoster)]</value>
		<value condition="!String.IsEmpty(ListItem.Art(poster))">$INFO[ListItem.Art(poster)]</value>
		<value condition="Container.Content(Seasons) + String.IsEmpty(ListItem.DBID) + !String.IsEmpty(Container.Art(tvshow.poster))">$INFO[Container.Art(tvshow.poster)]</value>
		<value>$INFO[ListItem.Thumb]</value>
	</variable>
	
	<variable name="BannerThumb">
		<value condition="!String.IsEmpty(ListItem.Art(banner))">$INFO[ListItem.Art(banner)]</value>
		<value>$INFO[ListItem.Thumb]</value>
	</variable>
	
	<variable name="LandscapeThumb">
		<value condition="!String.IsEmpty(ListItem.Art(landscape))">$INFO[ListItem.Art(landscape)]</value>
		<value condition="!String.IsEmpty(ListItem.Art(tvshow.landscape))">$INFO[ListItem.Art(tvshow.landscape)]</value>
		<value condition="!String.IsEmpty(Container.Art(tvshow.landscape))">$INFO[Container.Art(tvshow.landscape)]</value>
		<value condition="!String.IsEmpty(ListItem.Art(fanart))">$INFO[ListItem.Art(fanart)]</value>
		<value condition="!String.IsEmpty(Container.Art(tvshow.fanart))">$INFO[Container.Art(tvshow.fanart)]</value>
		<value>background-default.png</value>
	</variable>
	
	<variable name="WatchedPartial">
		<value condition="Integer.IsLessOrEqual(ListItem.PercentPlayed,15)">watched/watched-10pct.png</value>
		<value condition="Integer.IsLessOrEqual(ListItem.PercentPlayed,25)">watched/watched-20pct.png</value>
		<value condition="Integer.IsLessOrEqual(ListItem.PercentPlayed,35)">watched/watched-30pct.png</value>
		<value condition="Integer.IsLessOrEqual(ListItem.PercentPlayed,45)">watched/watched-40pct.png</value>
		<value condition="Integer.IsLessOrEqual(ListItem.PercentPlayed,55)">watched/watched-50pct.png</value>
		<value condition="Integer.IsLessOrEqual(ListItem.PercentPlayed,65)">watched/watched-60pct.png</value>
		<value condition="Integer.IsLessOrEqual(ListItem.PercentPlayed,75)">watched/watched-70pct.png</value>
		<value condition="Integer.IsLessOrEqual(ListItem.PercentPlayed,85)">watched/watched-80pct.png</value>
		<value condition="Integer.IsGreater(ListItem.PercentPlayed,85)">watched/watched-90pct.png</value>
	</variable>
	
	<variable name="WatchedPartialAlt">
		<value condition="Integer.IsLessOrEqual(ListItem.PercentPlayed,15)">watched/watched-10pct-alt.png</value>
		<value condition="Integer.IsLessOrEqual(ListItem.PercentPlayed,25)">watched/watched-20pct-alt.png</value>
		<value condition="Integer.IsLessOrEqual(ListItem.PercentPlayed,35)">watched/watched-30pct-alt.png</value>
		<value condition="Integer.IsLessOrEqual(ListItem.PercentPlayed,45)">watched/watched-40pct-alt.png</value>
		<value condition="Integer.IsLessOrEqual(ListItem.PercentPlayed,55)">watched/watched-50pct-alt.png</value>
		<value condition="Integer.IsLessOrEqual(ListItem.PercentPlayed,65)">watched/watched-60pct-alt.png</value>
		<value condition="Integer.IsLessOrEqual(ListItem.PercentPlayed,75)">watched/watched-70pct-alt.png</value>
		<value condition="Integer.IsLessOrEqual(ListItem.PercentPlayed,85)">watched/watched-80pct-alt.png</value>
		<value condition="Integer.IsGreater(ListItem.PercentPlayed,85)">watched/watched-90pct-alt.png</value>
	</variable>
	
	<variable name="VideoQualityOverlayWatched">
		<value condition="String.IsEqual(ListItem.VideoResolution,4K) | String.IsEqual(ListItem.VideoResolution,8K)">$INFO[ListItem.VideoResolution,Overlay,Alt.png]</value>
		<value condition="Integer.IsGreater(ListItem.VideoResolution,719)">OverlayHDAlt.png</value>
		<value condition="[!String.IsEmpty(ListItem.VideoResolution) + Integer.IsLessOrEqual(ListItem.VideoResolution,719)] | [String.IsEmpty(ListItem.VideoResolution) + [String.EndsWith(ListItem.filename,.iso)
		| String.EndsWith(ListItem.filename,.img) | String.EndsWith(ListItem.filename,.ifo) | String.EndsWith(ListItem.filename,.vob)]]">OverlaySDAlt.png</value>
		<value condition="ListItem.IsCollection">OverlayWatched.png</value>
		<value>OverlayUnknownAlt.png</value>
	</variable>
	
	<variable name="VideoQualityOverlayUnwatched">
		<value condition="String.IsEqual(ListItem.VideoResolution,4K) | String.IsEqual(ListItem.VideoResolution,8K)">$INFO[ListItem.VideoResolution,Overlay,.png]</value>
		<value condition="Integer.IsGreater(ListItem.VideoResolution,719)">OverlayHD.png</value>
		<value condition="[!String.IsEmpty(ListItem.VideoResolution) + Integer.IsLessOrEqual(ListItem.VideoResolution,719)] | [String.IsEmpty(ListItem.VideoResolution) + [String.EndsWith(ListItem.filename,.iso)
		| String.EndsWith(ListItem.filename,.img) | String.EndsWith(ListItem.filename,.ifo) | String.EndsWith(ListItem.filename,.vob)]]">OverlaySD.png</value>
		<value condition="ListItem.IsCollection">DefaultVideo.png.png</value>
		<value>OverlayUnknown.png</value>
	</variable>
	
	<variable name="StarRating">
		<value condition="Skin.HasSetting(RatingTypeUser)">flagging/imdbstarrating/$INFO[ListItem.UserRating],0.png</value>
		<value condition="Integer.IsLess(ListItem.Rating,1)">flagging/imdbstarrating/0,0.png</value>
		<value condition="Integer.IsLess(ListItem.Rating,2)">flagging/imdbstarrating/1,0.png</value>
		<value condition="Integer.IsLess(ListItem.Rating,3)">flagging/imdbstarrating/2,0.png</value>
		<value condition="Integer.IsLess(ListItem.Rating,4)">flagging/imdbstarrating/3,0.png</value>
		<value condition="Integer.IsLess(ListItem.Rating,5)">flagging/imdbstarrating/4,0.png</value>
		<value condition="Integer.IsLess(ListItem.Rating,6)">flagging/imdbstarrating/5,0.png</value>
		<value condition="Integer.IsLess(ListItem.Rating,7)">flagging/imdbstarrating/6,0.png</value>
		<value condition="Integer.IsLess(ListItem.Rating,8)">flagging/imdbstarrating/7,0.png</value>
		<value condition="Integer.IsLess(ListItem.Rating,9)">flagging/imdbstarrating/8,0.png</value>
		<value condition="Integer.IsLess(ListItem.Rating,10)">flagging/imdbstarrating/9,0.png</value>
		<value>flagging/imdbstarrating/10,0.png</value>
	</variable>
	
	<variable name="SeasonsVar">
		<value condition="Integer.IsGreater(ListItem.Property(TotalSeasons),1)">$INFO[ListItem.Property(TotalSeasons),, $LOCALIZE[33054]]</value>
		<value>$INFO[ListItem.Property(TotalSeasons),, $LOCALIZE[20373]]</value>
	</variable>
	
	<variable name="EpisodesVar">
		<value condition="Integer.IsGreater(ListItem.Episode,1)">$INFO[ListItem.Episode,, $LOCALIZE[20360]]</value>
		<value>$INFO[ListItem.Episode,, $LOCALIZE[20359]]</value>
	</variable>
	
	<variable name="ListTallStyleLabel">
		<value condition="ListItem.IsBoxset + !String.IsEqual(ListItem.Album,ListItem.Title)">$INFO[ListItem.Title]$INFO[ListItem.Album,  (,)]</value>
		<value condition="Container.Content(Albums) + !String.IsEmpty(ListItem.Album)">$INFO[ListItem.Album]</value>
		<value condition="Container.Content(Songs) + !String.IsEmpty(ListItem.Title)">$INFO[ListItem.Title]</value>
		<value condition="Container.Content(Artists) + !String.IsEmpty(ListItem.Artist)">$INFO[ListItem.Artist]</value>
		<value>$INFO[ListItem.Label]</value>
	</variable>
	
	<variable name="MovieGenre">
		<value condition="ListItem.IsCollection + !String.IsEmpty(Window(home).Property(SkinHelper.ListItem.Genre))">$INFO[Window(home).Property(SkinHelper.ListItem.Genre)]</value>
		<value condition="ListItem.IsCollection">$LOCALIZE[20457]</value>
		<value>$INFO[ListItem.Genre]</value>
	</variable>
	
	<variable name="ListInfo3Genre">
		<value condition="!String.IsEmpty(ListItem.Genre)">$INFO[ListItem.Genre]</value>
		<value condition="Container.Content(Seasons) + !String.IsEmpty(ListItem(1).Genre)">$INFO[ListItem(1).Genre]</value>
		<value condition="Container.Content(Seasons) + !String.IsEmpty(ListItem(2).Genre)">$INFO[ListItem(2).Genre]</value>
		<value condition="!String.IsEmpty(Window(Home).Property(NextAired.Genre))">$INFO[Window(Home).Property(NextAired.Genre)]</value>
	</variable>
	
	<variable name="SeasonGenre">
		<value condition="!String.IsEmpty(ListItem.Genre)">$INFO[ListItem.Genre]</value>
		<value condition="!String.IsEmpty(ListItem(1).Genre)">$INFO[ListItem(1).Genre]</value>
		<value>$INFO[ListItem(2).Genre]</value>
	</variable>
	
	<variable name="SeasonStudio">
		<value condition="!String.IsEmpty(ListItem.Studio)">$INFO[ListItem.Studio]</value>
		<value condition="!String.IsEmpty(ListItem(1).Studio)">$INFO[ListItem(1).Studio]</value>
		<value>$INFO[ListItem(2).Studio]</value>
	</variable>
	
	<variable name="SeasonPremiered">
		<value condition="!String.IsEmpty(ListItem.Premiered)">$INFO[ListItem.Premiered]</value>
		<value condition="!String.IsEmpty(ListItem(1).Premiered)">$INFO[ListItem(1).Premiered]</value>
		<value>$INFO[ListItem(2).Premiered]</value>
	</variable>
	
	<variable name="MovieYear">
		<value condition="ListItem.IsCollection + !String.IsEmpty(Window(home).Property(SkinHelper.ListItem.Years))">$INFO[Window(home).Property(SkinHelper.ListItem.Years)]</value>
		<value condition="ListItem.IsCollection">$INFO[Container(3650).ListItemNoWrap(0).Year]$INFO[Container(3650).ListItemNoWrap(1).Year, / ,]$INFO[Container(3650).ListItemNoWrap(2).Year, / ,]$INFO[Container(3650).ListItemNoWrap(3).Year, / ,]$INFO[Container(3650).ListItemNoWrap(4).Year, / ,]$INFO[Container(3650).ListItemNoWrap(5).Year, / ,]$INFO[Container(3650).ListItemNoWrap(6).Year, / ,]$INFO[Container(3650).ListItemNoWrap(7).Year, / ,]$INFO[Container(3650).ListItemNoWrap(8).Year, / ,]$INFO[Container(3650).ListItemNoWrap(9).Year, / ,]$INFO[Container(3650).ListItemNoWrap(10).Year, / ,]$INFO[Container(3650).ListItemNoWrap(11).Year, / ,]$INFO[Container(3650).ListItemNoWrap(12).Year, / ,]$INFO[Container(3650).ListItemNoWrap(13).Year, / ,]$INFO[Container(3650).ListItemNoWrap(14).Year, / ,]$INFO[Container(3650).ListItemNoWrap(15).Year, / ,]$INFO[Container(3650).ListItemNoWrap(16).Year, / ,]$INFO[Container(3650).ListItemNoWrap(17).Year, / ,]$INFO[Container(3650).ListItemNoWrap(18).Year, / ,]$INFO[Container(3650).ListItemNoWrap(19).Year, / ,]$INFO[Container(3650).ListItemNoWrap(20).Year, / ,]$INFO[Container(3650).ListItemNoWrap(21).Year, / ,]$INFO[Container(3650).ListItemNoWrap(22).Year, / ,]$INFO[Container(3650).ListItemNoWrap(23).Year, / ,]$INFO[Container(3650).ListItemNoWrap(24).Year, / ,]$INFO[Container(3650).ListItemNoWrap(25).Year, / ,]$INFO[Container(3650).ListItemNoWrap(26).Year, / ,]$INFO[Container(3650).ListItemNoWrap(27).Year, / ,]$INFO[Container(3650).ListItemNoWrap(28).Year, / ,]$INFO[Container(3650).ListItemNoWrap(29).Year, / ,]</value>
		<value>$INFO[ListItem.Year]</value>
	</variable>
	
	<variable name="MoviePlot">
		<value condition="ListItem.IsCollection + !String.IsEmpty(Window(home).Property(SkinHelper.ListItem.ExtendedPlot))">$INFO[Window(home).Property(SkinHelper.ListItem.ExtendedPlot)]</value>
		<value condition="ListItem.IsCollection + !String.IsEmpty(Window(home).Property(SkinHelper.ListItem.ExtendedPlots))">$INFO[Window(home).Property(SkinHelper.ListItem.ExtendedPlots)]</value>
		<value condition="ListItem.IsCollection + !String.IsEmpty(Container(3650).ListItemNoWrap(0).Title)">$INFO[Container(3650).ListItemNoWrap(0).Title]$INFO[Container(3650).ListItemNoWrap(0).Year, (,)]$INFO[Container(3650).ListItemNoWrap(1).Title,[CR],]$INFO[Container(3650).ListItemNoWrap(1).Year, (,)]$INFO[Container(3650).ListItemNoWrap(2).Title,[CR],]$INFO[Container(3650).ListItemNoWrap(2).Year, (,)]$INFO[Container(3650).ListItemNoWrap(3).Title,[CR],]$INFO[Container(3650).ListItemNoWrap(3).Year, (,)]$INFO[Container(3650).ListItemNoWrap(4).Title,[CR],]$INFO[Container(3650).ListItemNoWrap(4).Year, (,)]$INFO[Container(3650).ListItemNoWrap(5).Title,[CR],]$INFO[Container(3650).ListItemNoWrap(5).Year, (,)]$INFO[Container(3650).ListItemNoWrap(6).Title,[CR],]$INFO[Container(3650).ListItemNoWrap(6).Year, (,)]$INFO[Container(3650).ListItemNoWrap(7).Title,[CR],]$INFO[Container(3650).ListItemNoWrap(7).Year, (,)]$INFO[Container(3650).ListItemNoWrap(8).Title,[CR],]$INFO[Container(3650).ListItemNoWrap(8).Year, (,)]$INFO[Container(3650).ListItemNoWrap(9).Title,[CR],]$INFO[Container(3650).ListItemNoWrap(9).Year, (,)]$INFO[Container(3650).ListItemNoWrap(10).Title,[CR],]$INFO[Container(3650).ListItemNoWrap(10).Year, (,)]$INFO[Container(3650).ListItemNoWrap(11).Title,[CR],]$INFO[Container(3650).ListItemNoWrap(11).Year, (,)]$INFO[Container(3650).ListItemNoWrap(12).Title,[CR],]$INFO[Container(3650).ListItemNoWrap(12).Year, (,)]$INFO[Container(3650).ListItemNoWrap(13).Title,[CR],]$INFO[Container(3650).ListItemNoWrap(13).Year, (,)]$INFO[Container(3650).ListItemNoWrap(14).Title,[CR],]$INFO[Container(3650).ListItemNoWrap(14).Year, (,)]$INFO[Container(3650).ListItemNoWrap(15).Title,[CR],]$INFO[Container(3650).ListItemNoWrap(15).Year, (,)]$INFO[Container(3650).ListItemNoWrap(16).Title,[CR],]$INFO[Container(3650).ListItemNoWrap(16).Year, (,)]$INFO[Container(3650).ListItemNoWrap(17).Title,[CR],]$INFO[Container(3650).ListItemNoWrap(17).Year, (,)]$INFO[Container(3650).ListItemNoWrap(18).Title,[CR],]$INFO[Container(3650).ListItemNoWrap(18).Year, (,)]$INFO[Container(3650).ListItemNoWrap(19).Title,[CR],]$INFO[Container(3650).ListItemNoWrap(19).Year, (,)]$INFO[Container(3650).ListItemNoWrap(20).Title,[CR],]$INFO[Container(3650).ListItemNoWrap(20).Year, (,)]$INFO[Container(3650).ListItemNoWrap(21).Title,[CR],]$INFO[Container(3650).ListItemNoWrap(21).Year, (,)]$INFO[Container(3650).ListItemNoWrap(22).Title,[CR],]$INFO[Container(3650).ListItemNoWrap(22).Year, (,)]$INFO[Container(3650).ListItemNoWrap(23).Title,[CR],]$INFO[Container(3650).ListItemNoWrap(23).Year, (,)]$INFO[Container(3650).ListItemNoWrap(24).Title,[CR],]$INFO[Container(3650).ListItemNoWrap(24).Year, (,)]$INFO[Container(3650).ListItemNoWrap(25).Title,[CR],]$INFO[Container(3650).ListItemNoWrap(25).Year, (,)]$INFO[Container(3650).ListItemNoWrap(26).Title,[CR],]$INFO[Container(3650).ListItemNoWrap(26).Year, (,)]$INFO[Container(3650).ListItemNoWrap(27).Title,[CR],]$INFO[Container(3650).ListItemNoWrap(27).Year, (,)]$INFO[Container(3650).ListItemNoWrap(28).Title,[CR],]$INFO[Container(3650).ListItemNoWrap(28).Year, (,)]$INFO[Container(3650).ListItemNoWrap(29).Title,[CR],]$INFO[Container(3650).ListItemNoWrap(29).Year, (,)][B]$INFO[Container(3650).ListItemNoWrap(0).Title,[CR][CR],]$INFO[Container(3650).ListItemNoWrap(0).Year, (,)][/B]$INFO[Container(3650).ListItemNoWrap(0).Plot,[CR],][B]$INFO[Container(3650).ListItemNoWrap(1).Title,[CR][CR],]$INFO[Container(3650).ListItemNoWrap(1).Year, (,)][/B]$INFO[Container(3650).ListItemNoWrap(1).Plot,[CR],][B]$INFO[Container(3650).ListItemNoWrap(2).Title,[CR][CR],]$INFO[Container(3650).ListItemNoWrap(2).Year, (,)][/B]$INFO[Container(3650).ListItemNoWrap(2).Plot,[CR],][B]$INFO[Container(3650).ListItemNoWrap(3).Title,[CR][CR],]$INFO[Container(3650).ListItemNoWrap(3).Year, (,)][/B]$INFO[Container(3650).ListItemNoWrap(3).Plot,[CR],][B]$INFO[Container(3650).ListItemNoWrap(4).Title,[CR][CR],]$INFO[Container(3650).ListItemNoWrap(4).Year, (,)][/B]$INFO[Container(3650).ListItemNoWrap(4).Plot,[CR],][B]$INFO[Container(3650).ListItemNoWrap(5).Title,[CR][CR],]$INFO[Container(3650).ListItemNoWrap(5).Year, (,)][/B]$INFO[Container(3650).ListItemNoWrap(5).Plot,[CR],][B]$INFO[Container(3650).ListItemNoWrap(6).Title,[CR][CR],]$INFO[Container(3650).ListItemNoWrap(6).Year, (,)][/B]$INFO[Container(3650).ListItemNoWrap(6).Plot,[CR],][B]$INFO[Container(3650).ListItemNoWrap(7).Title,[CR][CR],]$INFO[Container(3650).ListItemNoWrap(7).Year, (,)][/B]$INFO[Container(3650).ListItemNoWrap(7).Plot,[CR],][B]$INFO[Container(3650).ListItemNoWrap(8).Title,[CR][CR],]$INFO[Container(3650).ListItemNoWrap(8).Year, (,)][/B]$INFO[Container(3650).ListItemNoWrap(8).Plot,[CR],][B]$INFO[Container(3650).ListItemNoWrap(9).Title,[CR][CR],]$INFO[Container(3650).ListItemNoWrap(9).Year, (,)][/B]$INFO[Container(3650).ListItemNoWrap(9).Plot,[CR],][B]$INFO[Container(3650).ListItemNoWrap(10).Title,[CR][CR],]$INFO[Container(3650).ListItemNoWrap(10).Year, (,)][/B]$INFO[Container(3650).ListItemNoWrap(10).Plot,[CR],][B]$INFO[Container(3650).ListItemNoWrap(11).Title,[CR][CR],]$INFO[Container(3650).ListItemNoWrap(11).Year, (,)][/B]$INFO[Container(3650).ListItemNoWrap(11).Plot,[CR],][B]$INFO[Container(3650).ListItemNoWrap(12).Title,[CR][CR],]$INFO[Container(3650).ListItemNoWrap(12).Year, (,)][/B]$INFO[Container(3650).ListItemNoWrap(12).Plot,[CR],][B]$INFO[Container(3650).ListItemNoWrap(13).Title,[CR][CR],]$INFO[Container(3650).ListItemNoWrap(13).Year, (,)][/B]$INFO[Container(3650).ListItemNoWrap(13).Plot,[CR],][B]$INFO[Container(3650).ListItemNoWrap(14).Title,[CR][CR],]$INFO[Container(3650).ListItemNoWrap(14).Year, (,)][/B]$INFO[Container(3650).ListItemNoWrap(14).Plot,[CR],][B]$INFO[Container(3650).ListItemNoWrap(15).Title,[CR][CR],]$INFO[Container(3650).ListItemNoWrap(15).Year, (,)][/B]$INFO[Container(3650).ListItemNoWrap(15).Plot,[CR],][B]$INFO[Container(3650).ListItemNoWrap(16).Title,[CR][CR],]$INFO[Container(3650).ListItemNoWrap(16).Year, (,)][/B]$INFO[Container(3650).ListItemNoWrap(16).Plot,[CR],][B]$INFO[Container(3650).ListItemNoWrap(17).Title,[CR][CR],]$INFO[Container(3650).ListItemNoWrap(17).Year, (,)][/B]$INFO[Container(3650).ListItemNoWrap(17).Plot,[CR],][B]$INFO[Container(3650).ListItemNoWrap(18).Title,[CR][CR],]$INFO[Container(3650).ListItemNoWrap(18).Year, (,)][/B]$INFO[Container(3650).ListItemNoWrap(18).Plot,[CR],][B]$INFO[Container(3650).ListItemNoWrap(19).Title,[CR][CR],]$INFO[Container(3650).ListItemNoWrap(19).Year, (,)][/B]$INFO[Container(3650).ListItemNoWrap(19).Plot,[CR],][B]$INFO[Container(3650).ListItemNoWrap(20).Title,[CR][CR],]$INFO[Container(3650).ListItemNoWrap(20).Year, (,)][/B]$INFO[Container(3650).ListItemNoWrap(20).Plot,[CR],][B]$INFO[Container(3650).ListItemNoWrap(21).Title,[CR][CR],]$INFO[Container(3650).ListItemNoWrap(21).Year, (,)][/B]$INFO[Container(3650).ListItemNoWrap(21).Plot,[CR],][B]$INFO[Container(3650).ListItemNoWrap(22).Title,[CR][CR],]$INFO[Container(3650).ListItemNoWrap(22).Year, (,)][/B]$INFO[Container(3650).ListItemNoWrap(22).Plot,[CR],][B]$INFO[Container(3650).ListItemNoWrap(23).Title,[CR][CR],]$INFO[Container(3650).ListItemNoWrap(23).Year, (,)][/B]$INFO[Container(3650).ListItemNoWrap(23).Plot,[CR],][B]$INFO[Container(3650).ListItemNoWrap(24).Title,[CR][CR],]$INFO[Container(3650).ListItemNoWrap(24).Year, (,)][/B]$INFO[Container(3650).ListItemNoWrap(24).Plot,[CR],][B]$INFO[Container(3650).ListItemNoWrap(25).Title,[CR][CR],]$INFO[Container(3650).ListItemNoWrap(25).Year, (,)][/B]$INFO[Container(3650).ListItemNoWrap(25).Plot,[CR],][B]$INFO[Container(3650).ListItemNoWrap(26).Title,[CR][CR],]$INFO[Container(3650).ListItemNoWrap(26).Year, (,)][/B]$INFO[Container(3650).ListItemNoWrap(26).Plot,[CR],][B]$INFO[Container(3650).ListItemNoWrap(27).Title,[CR][CR],]$INFO[Container(3650).ListItemNoWrap(27).Year, (,)][/B]$INFO[Container(3650).ListItemNoWrap(27).Plot,[CR],][B]$INFO[Container(3650).ListItemNoWrap(28).Title,[CR][CR],]$INFO[Container(3650).ListItemNoWrap(28).Year, (,)][/B]$INFO[Container(3650).ListItemNoWrap(28).Plot,[CR],][B]$INFO[Container(3650).ListItemNoWrap(29).Title,[CR][CR],]$INFO[Container(3650).ListItemNoWrap(29).Year, (,)][/B]$INFO[Container(3650).ListItemNoWrap(29).Plot,[CR],]</value>
		<value>$INFO[ListItem.Plot]</value>
	</variable>
	
	<variable name="MovieSetCount">
		<value condition="!String.IsEmpty(Window(Home).Property(SkinHelper.ListItem.Count))">$INFO[Window(Home).Property(SkinHelper.ListItem.Count)]</value>
		<value condition="!Integer.IsEqual(Container(3650).NumItems,0)">$INFO[Container(3650).NumItems]</value>
	</variable>
	
	<variable name="ListViewLabel2">
		<value condition="[Container.Content(Directors) | Container.Content(Actors)] + Integer.IsGreater(ListItem.Appearances,1)">$INFO[ListItem.Appearances,, $LOCALIZE[38026]]</value>
		<value condition="[Container.Content(Directors) | Container.Content(Actors)] + !String.IsEmpty(ListItem.Appearances)">$INFO[ListItem.Appearances,, $LOCALIZE[480]]</value>
		<value condition="!String.IsEmpty(ListItem.Label2)">$INFO[ListItem.Label2]</value>
		<value condition="!String.IsEmpty(ListItem.Duration)">$INFO[ListItem.Date]$INFO[ListItem.Premiered]$VAR[DurationVar,  &#x2022;  , $LOCALIZE[12391]]</value>
		<value>$INFO[ListItem.Date]$INFO[ListItem.Premiered]</value>
	</variable>
	
	<include name="ListFocusedlayoutBackgrounds">
		<control type="image">
			<width>$PARAM[width]</width>
			<height>37</height>
			<texture border="0,0,10,2">views/list-separator.png</texture>
			<aspectratio>stretch</aspectratio>
		</control>
		<control type="image">
			<width>$PARAM[width]</width>
			<height>36</height>
			<texture border="4">views/list-focus.png</texture>
			<aspectratio>stretch</aspectratio>
			<visible>Control.HasFocus($PARAM[id])</visible>
			<include>ListViewSelectFadeAnim</include>
			<include condition="![Skin.String(LowCPUPowerMode,Animations) | Skin.String(LowCPUPowerMode,Full)]">ListViewScrollAnim</include>
		</control>
		<control type="image">
			<width>$PARAM[width]</width>
			<height>36</height>
			<texture border="4">views/list-alt-focus.png</texture>
			<aspectratio>stretch</aspectratio>
			<visible>!Control.HasFocus($PARAM[id])</visible>
			<include>ListViewSelectFadeAnim2</include>
		</control>
	</include>
	
	<include name="FocusedlayoutBackgrounds">
		<control type="image">
			<width>$PARAM[width]</width>
			<height>37</height>
			<texture border="0,0,10,2">views/list-separator.png</texture>
			<aspectratio>stretch</aspectratio>
		</control>
		<control type="image">
			<width>$PARAM[width]</width>
			<height>36</height>
			<texture border="4">views/list-focus.png</texture>
			<aspectratio>stretch</aspectratio>
			<include>ListViewSelectFadeAnim</include>
			<animation type="Focus" condition="Container($PARAM[id]).OnNext + ![Skin.String(LowCPUPowerMode,Animations) | Skin.String(LowCPUPowerMode,Full)]" reversible="false">
				<effect type="Fade" start="40" end="100" time="500" tween="back" easing="in"/>
				<effect type="slide" start="0,-37" time="200" tween="sine" easing="out"/>
			</animation>
			<animation type="Focus" condition="Container($PARAM[id]).OnPrevious + ![Skin.String(LowCPUPowerMode,Animations) | Skin.String(LowCPUPowerMode,Full)]" reversible="false">
				<effect type="Fade" start="40" end="100" time="500" tween="back" easing="in"/>
				<effect type="slide" start="0,37" time="200" tween="sine" easing="out"/>
			</animation>
			<visible>Control.HasFocus($PARAM[id])</visible>
		</control>
		<control type="image">
			<width>$PARAM[width]</width>
			<height>36</height>
			<texture border="4">views/list-alt-focus.png</texture>
			<aspectratio>stretch</aspectratio>
			<visible>!Control.HasFocus($PARAM[id])</visible>
			<include>ListViewSelectFadeAnim2</include>
		</control>
	</include>
	
	<include name="TallStyleFocusedlayoutBackgrounds">
		<control type="image">
			<width>$PARAM[width]</width>
			<height>74</height>
			<texture border="0,0,10,2">views/list-separator.png</texture>
			<aspectratio>stretch</aspectratio>
		</control>
		<control type="image">
			<width>$PARAM[width]</width>
			<height>73</height>
			<texture border="4">views/list-focus.png</texture>
			<aspectratio>stretch</aspectratio>
			<include>ListViewSelectFadeAnim</include>
			<animation type="Focus" condition="Container($PARAM[id]).OnNext + ![Skin.String(LowCPUPowerMode,Animations) | Skin.String(LowCPUPowerMode,Full)]" reversible="false">
				<effect type="Fade" start="40" end="100" time="500" tween="back" easing="in"/>
				<effect type="slide" start="0,-74" time="200" tween="sine" easing="out"/>
			</animation>
			<animation type="Focus" condition="Container($PARAM[id]).OnPrevious + ![Skin.String(LowCPUPowerMode,Animations) | Skin.String(LowCPUPowerMode,Full)]" reversible="false">
				<effect type="Fade" start="40" end="100" time="500" tween="back" easing="in"/>
				<effect type="slide" start="0,74" time="200" tween="sine" easing="out"/>
			</animation>
			<visible>Control.HasFocus($PARAM[id])</visible>
		</control>
		<control type="image">
			<width>$PARAM[width]</width>
			<height>73</height>
			<texture border="4">views/list-alt-focus.png</texture>
			<aspectratio>stretch</aspectratio>
			<include>ListViewSelectFadeAnim2</include>
			<visible>!Control.HasFocus($PARAM[id])</visible>
		</control>
	</include>
	
	<include name="ViewContentPanel">
		<control type="image">
			<left>30</left>
			<top>106</top>
			<width>1220</width>
			<height>525</height>
			<texture border="7">panels/content-panel.png</texture>
			<include>PanelFadeAnim</include>
			<include>ControlsOpenCloseAnim</include>
		</control>
	</include>
	
	<include name="ViewContentPanelPictures">
		<control type="group">
			<left>34</left>
			<top>110</top>
			
			<control type="image">
				<description>Content Background</description>
				<width>416</width>
				<height>517</height>
				<texture border="4">panels/panel-content-border2.png</texture>
				<include>ListInfoViewContentBackgroundFadeAnim</include>
			</control>
			
			<control type="image">
				<description>Media Info Background</description>
				<left>6</left>
				<top>6</top>
				<width>404</width>
				<height>505</height>
				<texture border="4">panels/panel3.png</texture>
				<include>ListInfoViewMediaInfoBackgroundFadeAnim</include>
			</control>
		</control>
	</include>
	
	<include name="ListInfoViewContentPanel">
		<control type="image">
			<left>30</left>
			<top>328</top>
			<width>1220</width>
			<height>303</height>
			<texture border="7">panels/content-panel.png</texture>
			<include>PanelFadeAnim</include>
			<include>ControlsOpenCloseAnim</include>
		</control>
		
		<control type="image">
			<description>Content Background</description>
			<left>34</left>
			<top>332</top>
			<width>681</width>
			<height>295</height>
			<texture border="4">panels/panel-content-border2.png</texture>
			<include>ListInfoViewContentBackgroundFadeAnim</include>
		</control>
		
		<control type="group">
			<visible>[Container.Content(Movies) | Container.Content(Sets) | [Container.Content(TVShows) + Skin.HasSetting(UseTVShowsPosterCover)] | Container.Content(Seasons)] + ![ListItem.IsParentFolder + !Container.Content(Seasons)]</visible>
			<include>BackgroundVisibleAnim</include>
			
			<control type="image">
				<description>Genre Background</description>
				<left>221</left>
				<top>337</top>
				<width>489</width>
				<height>30</height>
				<texture border="4">panels/panel3.png</texture>
				<include>ListInfoViewMediaInfoBackgroundFadeAnim</include>
			</control>
			
			<control type="image">
				<description>Media Info Background</description>
				<left>221</left>
				<top>372</top>
				<width>489</width>
				<height>58</height>
				<texture border="4">panels/panel3.png</texture>
				<include>ListInfoViewMediaInfoBackgroundFadeAnim</include>
				<visible>System.AddonIsEnabled(script.tv.show.next.aired) + !Skin.HasSetting(EnableNextAiredInfo) + [Container.Content(TVShows) | Container.Content(Seasons)]</visible>
			</control>
			
			<control type="image">
				<description>Plot Background</description>
				<left>221</left>
				<top>434</top>
				<width>489</width>
				<height>153</height>
				<texture border="4">panels/panel3.png</texture>
				<include>ListInfoViewMediaInfoBackgroundFadeAnim</include>
				<visible>System.AddonIsEnabled(script.tv.show.next.aired) + !Skin.HasSetting(EnableNextAiredInfo) + [Container.Content(TVShows) | Container.Content(Seasons)]</visible>
			</control>
			
			<control type="image">
				<description>Plot Background</description>
				<left>221</left>
				<top>372</top>
				<width>489</width>
				<height>215</height>
				<texture border="4">panels/panel3.png</texture>
				<include>ListInfoViewMediaInfoBackgroundFadeAnim</include>
				<visible>[Container.Content(TVShows) | Container.Content(Seasons)] + [!System.HasAddon(script.tv.show.next.aired) | [System.AddonIsEnabled(script.tv.show.next.aired) + Skin.HasSetting(EnableNextAiredInfo)]]</visible>
			</control>
			
			<control type="image">
				<description>Plot Background</description>
				<left>221</left>
				<top>372</top>
				<width>489</width>
				<height>215</height>
				<texture border="4">panels/panel3.png</texture>
				<include>ListInfoViewMediaInfoBackgroundFadeAnim</include>
				<visible>![Container.Content(TVShows) | Container.Content(Seasons)]</visible>
			</control>
			
			<control type="image">
				<description>Media Info Background</description>
				<left>39</left>
				<top>592</top>
				<width>671</width>
				<height>30</height>
				<texture border="4">panels/panel3.png</texture>
				<include>ListInfoViewMediaInfoBackgroundFadeAnim</include>
			</control>
		</control>
		
		<control type="group">
			<visible>Container.Content(TVShows) + !Skin.HasSetting(UseTVShowsPosterCover) + !ListItem.IsParentFolder</visible>
			<include>BackgroundVisibleAnim</include>
			
			<control type="image">
				<description>Plot Background</description>
				<left>39</left>
				<top>469</top>
				<width>671</width>
				<height>118</height>
				<texture border="4">panels/panel3.png</texture>
				<include>ListInfoViewMediaInfoBackgroundFadeAnim</include>
			</control>
			
			<control type="image">
				<description>Media Info Background</description>
				<left>39</left>
				<top>592</top>
				<width>671</width>
				<height>30</height>
				<texture border="4">panels/panel3.png</texture>
				<include>ListInfoViewMediaInfoBackgroundFadeAnim</include>
			</control>
		</control>
		
		<control type="group">
			<visible>[Window.IsActive(AddonBrowser) | Container.Content(Addons) | Window.IsActive(Music)] + !ListItem.IsParentFolder</visible>
			<include>BackgroundVisibleAnim</include>
			
			<control type="image">
				<description>Genre Background</description>
				<left>294</left>
				<top>337</top>
				<width>416</width>
				<height>30</height>
				<texture border="4">panels/panel3.png</texture>
				<include>ListInfoViewMediaInfoBackgroundFadeAnim</include>
			</control>
			
			<control type="image">
				<description>Plot Background</description>
				<left>294</left>
				<top>372</top>
				<width>416</width>
				<height>215</height>
				<texture border="4">panels/panel3.png</texture>
				<include>ListInfoViewMediaInfoBackgroundFadeAnim</include>
			</control>
			
			<control type="image">
				<description>Media Info Background</description>
				<left>39</left>
				<top>592</top>
				<width>671</width>
				<height>30</height>
				<texture border="4">panels/panel3.png</texture>
				<include>ListInfoViewMediaInfoBackgroundFadeAnim</include>
			</control>
		</control>
		
		<control type="group">
			<visible>[Container.Content(Episodes) | Container.Content(Videos)] + !ListItem.IsParentFolder</visible>
			<include>BackgroundVisibleAnim</include>
			
			<control type="image">
				<description>Genre Background</description>
				<left>39</left>
				<top>337</top>
				<width>671</width>
				<height>30</height>
				<texture border="4">panels/panel3.png</texture>
				<include>ListInfoViewMediaInfoBackgroundFadeAnim</include>
			</control>
			
			<control type="image">
				<description>Plot Background</description>
				<left>378</left>
				<top>372</top>
				<width>332</width>
				<height>215</height>
				<texture border="4">panels/panel3.png</texture>
				<include>ListInfoViewMediaInfoBackgroundFadeAnim</include>
			</control>
			
			<control type="image">
				<description>Media Info Background</description>
				<left>39</left>
				<top>592</top>
				<width>671</width>
				<height>30</height>
				<texture border="4">panels/panel3.png</texture>
				<include>ListInfoViewMediaInfoBackgroundFadeAnim</include>
			</control>
		</control>
	</include>
	
	<include name="DVDThumbsStyleCoverImageBanner">
		<control type="image">
			<width>395</width>
			<height>83</height>
			<texture border="7">covers/cover-case-focus.png</texture>
			<aspectratio>stretch</aspectratio>
			<animation effect="fade" start="0" end="100" time="150" reversible="false">Focus</animation>
		</control>

		<control type="image">
			<width>395</width>
			<height>83</height>
			<bordersize>9</bordersize>
			<texture background="true">dim.png</texture>
			<aspectratio>stretch</aspectratio>
		</control>

		<control type="image">
			<width>395</width>
			<height>83</height>
			<bordersize>12</bordersize>
			<texture background="true">$INFO[ListItem.ActualIcon]</texture>
			<aspectratio>keep</aspectratio>
		</control>

		<control type="image">
			<width>395</width>
			<height>83</height>
			<bordersize>10</bordersize>
			<texture background="true">$INFO[ListItem.Art(banner)]</texture>
			<aspectratio>scale</aspectratio>
			<visible>Container.Content(TVShows)</visible>
		</control>
	</include>
	
	<include name="DVDThumbsStyleOverlayImageBanner">
		<control type="image">
			<description>Overlay</description>
			<left>355</left>
			<top>43</top>
			<width>26</width>
			<height>26</height>
			<texture background="true">$INFO[ListItem.Overlay]</texture>
			<aspectratio>keep</aspectratio>
			<visible>!Skin.HasSetting(HideTVShowsThumbsInfoOverlay)</visible>
			<animation effect="fade" end="80" condition="true">Conditional</animation>
		</control>
		<control type="image">
			<description>Unwatched Overlay</description>
			<left>355</left>
			<top>43</top>
			<width>26</width>
			<height>26</height>
			<texture background="true">OverlayClean.png</texture>
			<aspectratio align="right">keep</aspectratio>
			<animation effect="fade" end="85" condition="true">Conditional</animation>
			<visible>!Skin.HasSetting(HideTVShowsThumbsInfoOverlay) + $EXP[UnwatchedEpisodesOverlay]</visible>
		</control>
		<control type="label">
			<description>Unwatched Episodes</description>
			<top>47</top>
			<left>355</left>
			<width>26</width>
			<font>ListFont3</font>
			<textcolor>white</textcolor>
			<align>center</align>
			<label>$INFO[ListItem.Property(UnWatchedEpisodes)]</label>
			<animation effect="fade" end="85" condition="true">Conditional</animation>
			<visible>!Skin.HasSetting(HideTVShowsThumbsInfoOverlay) + $EXP[UnwatchedEpisodes99-]</visible>
		</control>
		<control type="label">
			<description>Unwatched Episodes</description>
			<top>47</top>
			<left>355</left>
			<width>26</width>
			<font>ListFont4</font>
			<textcolor>white</textcolor>
			<align>center</align>
			<label>$INFO[ListItem.Property(UnWatchedEpisodes)]</label>
			<animation effect="fade" end="85" condition="true">Conditional</animation>
			<visible>!Skin.HasSetting(HideTVShowsThumbsInfoOverlay) + $EXP[UnwatchedEpisodes99+]</visible>
		</control>
	</include>

	<include name="ThumbsInfoMediaInfoArea">
		<control type="group">
			<visible>$PARAM[visible]</visible>
			<left>38</left>
			<top>354</top>

			<control type="grouplist">
				<left>10</left>
				<width>400</width>
				<orientation>horizontal</orientation>
				<control type="label">
					<width min="0" max="$PARAM[Grouplist1LabelWidth]">auto</width>
					<font>MediaInfoFont</font>
					<textcolor>MediaInfoItemColor</textcolor>
					<shadowcolor>ShadowColor</shadowcolor>
					<label>$PARAM[Grouplist1Label]:</label>
				</control>
				<control type="label">
					<width min="0" max="$PARAM[Grouplist1InfoWidth]">auto</width>
					<font>MediaInfoFont</font>
					<textcolor>MediaInfoItemColor2</textcolor>
					<shadowcolor>ShadowColor</shadowcolor>
					<label fallback="31001">$PARAM[Grouplist1Info]</label>
				</control>
			</control>
			
			<control type="grouplist">
				<left>10</left>
				<top>22</top>
				<width>400</width>
				<orientation>horizontal</orientation>
				<control type="label">
					<width min="0" max="$PARAM[Grouplist2LabelWidth]">auto</width>
					<font>MediaInfoFont</font>
					<textcolor>MediaInfoItemColor</textcolor>
					<shadowcolor>ShadowColor</shadowcolor>
					<label>$PARAM[Grouplist2Label]:</label>
				</control>
				<control type="label">
					<width min="0" max="$PARAM[Grouplist2InfoWidth]">auto</width>
					<font>MediaInfoFont</font>
					<textcolor>MediaInfoItemColor2</textcolor>
					<shadowcolor>ShadowColor</shadowcolor>
					<label fallback="31001">$PARAM[Grouplist2Info]</label>
				</control>
			</control>
			
			<control type="grouplist">
				<left>268</left>
				<width>130</width>
				<orientation>horizontal</orientation>
				<align>right</align>
				<control type="label">
					<width min="0" max="$PARAM[Grouplist3LabelWidth]">auto</width>
					<font>MediaInfoFont</font>
					<textcolor>MediaInfoItemColor</textcolor>
					<shadowcolor>ShadowColor</shadowcolor>
					<label>$PARAM[Grouplist3Label]:</label>
				</control>
				<control type="label">
					<width min="0" max="$PARAM[Grouplist3InfoWidth]">auto</width>
					<font>MediaInfoFont</font>
					<textcolor>MediaInfoItemColor2</textcolor>
					<shadowcolor>ShadowColor</shadowcolor>
					<label fallback="31001">$PARAM[Grouplist3Info]</label>
				</control>
			</control>
			
			<control type="grouplist">
				<left>268</left>
				<top>22</top>
				<width>130</width>
				<orientation>horizontal</orientation>
				<align>right</align>
				<control type="label">
					<width min="0" max="$PARAM[Grouplist4LabelWidth]">auto</width>
					<font>MediaInfoFont</font>
					<textcolor>MediaInfoItemColor</textcolor>
					<shadowcolor>ShadowColor</shadowcolor>
					<label>$PARAM[Grouplist4Label]:</label>
				</control>
				<control type="label">
					<width min="0" max="$PARAM[Grouplist4InfoWidth]">auto</width>
					<font>MediaInfoFont</font>
					<textcolor>MediaInfoItemColor2</textcolor>
					<shadowcolor>ShadowColor</shadowcolor>
					<label fallback="31001">$PARAM[Grouplist4Info]</label>
				</control>
			</control>
		</control>
	</include>
	
	<include name="ThumbsInfoPlot">
		<control type="textbox">
			<left>48</left>
			<top>418</top>
			<width>388</width>
			<height>189</height>
			<font>MediaInfoDescFont</font>
			<textcolor>MediaInfoColor</textcolor>
			<shadowcolor>ShadowColor</shadowcolor>
			<align>justify</align>
			<label fallback="$PARAM[fallback]">$PARAM[label]</label>
			<wrapmultiline>true</wrapmultiline>
			<autoscroll time="2000" delay="6000" repeat="10000">!Skin.HasSetting(DoNotAutoScrollPlot)</autoscroll>
			<visible>!Container.OnNext + !Container.OnPrevious</visible>
			<include>ControlsOpenCloseAnim</include>
		</control>
	</include>
	
	<include name="ListInfo2MediaInfoPanelCommon">
		<control type="group">
			<left>34</left>
			<top>110</top>
			
			<control type="image">
				<description>Content Background</description>
				<width>554</width>
				<height>517</height>
				<texture border="4">panels/panel-content-border2.png</texture>
				<include>ListInfoViewContentBackgroundFadeAnim</include>
			</control>
			
			<control type="group">
				<visible>!ListItem.IsParentFolder</visible>
				<include>BackgroundVisibleAnim</include>
				
				<control type="image">
					<description>Media Info Background</description>
					<left>6</left>
					<top>314</top>
					<width>542</width>
					<height>58</height>
					<texture border="4">panels/panel3.png</texture>
					<include>ListInfoViewMediaInfoBackgroundFadeAnim</include>
				</control>
				
				<control type="image">
					<description>Description Background</description>
					<left>6</left>
					<top>376</top>
					<width>542</width>
					<height>135</height>
					<texture border="4">panels/panel3.png</texture>
					<include>ListInfoViewMediaInfoBackgroundFadeAnim</include>
				</control>
			</control>
		</control>
	</include>
	
	<include name="ListInfo2PanelFanart">
		<control type="image">
			<left>40</left>
			<top>116</top>
			<width>542</width>
			<height>304</height>
			<texture background="true" diffuse="covers/list-info-2-fanart-diffuse.png" fallback="background-default.png">$INFO[ListItem.Art(fanart)]</texture>
			<aspectratio scalediffuse="false">scale</aspectratio>
			<fadetime>FanartCrossfadeTime</fadetime>
			<visible>!String.IsEmpty(ListItem.Art(fanart))</visible>
		</control>
		
		<control type="image">
			<left>40</left>
			<top>116</top>
			<width>542</width>
			<height>304</height>
			<texture background="true" diffuse="covers/list-info-2-fanart-diffuse.png" fallback="background-default.png">$INFO[Container.Art(fanart)]</texture>
			<aspectratio scalediffuse="false">scale</aspectratio>
			<fadetime>FanartCrossfadeTime</fadetime>
			<visible>String.IsEmpty(ListItem.Art(fanart)) + Container.Content(Seasons)</visible>
		</control>
		
		<control type="multiimage">
			<left>40</left>
			<top>116</top>
			<width>542</width>
			<height>304</height>
			<imagepath background="true" diffuse="covers/list-info-2-fanart-diffuse.png">$INFO[ListItem.Path,,extrafanart/]</imagepath>
			<aspectratio scalediffuse="false">scale</aspectratio>
			<timeperimage>10000</timeperimage>
			<fadetime>FanartCrossfadeTime</fadetime>
			<randomize>true</randomize>
			<visible>[[Container.Content(Movies) | Container.Content(Sets)] + Skin.HasSetting(EnableMoviesSmallExtraFanart)] | [[Container.Content(TVShows) | Container.Content(Seasons)] + Skin.HasSetting(EnableTVShowsSmallExtraFanart)] | [Container.Content(Episodes) + Skin.HasSetting(EnableEpisodesSmallExtraFanart)]</visible>
		</control>
		
		<control type="multiimage">
			<left>40</left>
			<top>116</top>
			<width>542</width>
			<height>304</height>
			<imagepath background="true" diffuse="covers/list-info-2-fanart-diffuse.png">$INFO[ListItem.Path,,../extrafanart/]</imagepath>
			<aspectratio scalediffuse="false">scale</aspectratio>
			<timeperimage>10000</timeperimage>
			<fadetime>FanartCrossfadeTime</fadetime>
			<randomize>true</randomize>
			<visible>Container.Content(Episodes) + Skin.HasSetting(EnableEpisodesSmallExtraFanart)</visible>
		</control>
		
		<control type="image">
			<left>40</left>
			<top>102</top>
			<width>542</width>
			<height>304</height>
			<texture background="true">home-movies-icon.png</texture>
			<aspectratio align="center" aligny="center">keep</aspectratio>
			<include>BackgroundVisibleAnim</include>
			<visible>String.IsEmpty(ListItem.Art(fanart)) + [Container.Content(Movies) | Container.Content(Sets)]</visible>
		</control>
		
		<control type="image">
			<left>40</left>
			<top>108</top>
			<width>542</width>
			<height>301</height>
			<texture background="true">home-music-icon.png</texture>
			<aspectratio align="center" aligny="center">keep</aspectratio>
			<include>BackgroundVisibleAnim</include>
			<visible>String.IsEmpty(ListItem.Art(fanart)) + Window.IsActive(Music)</visible>
		</control>
		
		<control type="image">
			<left>40</left>
			<top>95</top>
			<width>542</width>
			<height>301</height>
			<texture background="true">home-programs-icon.png</texture>
			<aspectratio align="center" aligny="center">keep</aspectratio>
			<include>BackgroundVisibleAnim</include>
			<visible>String.IsEmpty(ListItem.Art(fanart)) + Window.IsActive(Programs)</visible>
		</control>
		
		<control type="image">
			<left>40</left>
			<top>70</top>
			<width>542</width>
			<height>331</height>
			<texture background="true">home-tvshows-icon.png</texture>
			<aspectratio align="center" aligny="center">keep</aspectratio>
			<include>BackgroundVisibleAnim</include>
			<visible>[String.IsEmpty(ListItem.Art(fanart)) + [Container.Content(TVShows) | Container.Content(Episodes)]] | [String.IsEmpty(Container.Art(fanart)) + Container.Content(Seasons)]</visible>
		</control>
	
		<control type="image">
			<description>Genre Background</description>
			<left>43</left>
			<top>119</top>
			<width>250</width>
			<height>27</height>
			<texture border="8">views/genre-background.png</texture>
			<visible>![String.IsEmpty(ListItem.Genre) + [Container.Content(Seasons) + String.IsEmpty(ListItem(1).Genre) + String.IsEmpty(ListItem(2).Genre)] + String.IsEmpty(Window(Home).Property(NextAired.Genre)) + String.IsEmpty(Window(Home).Property(SkinHelper.ListItem.Genre))]</visible>
			<visible>[Container.Content(Episodes) + !Skin.HasSetting(HideEpisodesGenres)] | [[Container.Content(TVShows) | Container.Content(Seasons)] + !Skin.HasSetting(HideTVShowsGenres)] | [[Container.Content(Movies) | Container.Content(Sets)] + !Skin.HasSetting(HideMoviesGenres)]</visible>
		</control>
		
		<control type="image">
			<description>Genre Background</description>
			<left>43</left>
			<top>119</top>
			<width>250</width>
			<height>27</height>
			<texture border="8">views/genre-background.png</texture>
			<visible>Container.Content(Videos) + !Skin.HasSetting(HideVideosGenres) + !String.IsEmpty(ListItem.Genre)</visible>
		</control>
					
		<control type="label">
			<description>Genre</description>
			<left>51</left>
			<top>121</top>
			<width>234</width>
			<font>MediaInfoFont3</font>
			<textcolor>WhiteColor</textcolor>
			<shadowcolor>ShadowColor</shadowcolor>
			<label>[UPPERCASE]$VAR[MovieGenre][/UPPERCASE]</label>
			<scroll>false</scroll>
			<animation effect="fade" end="90" condition="true">Conditional</animation>
			<visible>!String.IsEmpty(ListItem.Genre) | ListItem.IsCollection</visible>
			<visible>[Container.Content(Movies) | Container.Content(Sets)] + !Skin.HasSetting(HideMoviesGenres)</visible>
		</control>
		
		<control type="label">
			<description>Next Aired Genre</description>
			<left>51</left>
			<top>121</top>
			<width>234</width>
			<font>MediaInfoFont3</font>
			<textcolor>WhiteColor</textcolor>
			<shadowcolor>ShadowColor</shadowcolor>
			<label>[UPPERCASE]$VAR[ListInfo3Genre][/UPPERCASE]</label>
			<scroll>false</scroll>
			<animation effect="fade" end="90" condition="true">Conditional</animation>
			<visible>[Container.Content(Episodes) + !Skin.HasSetting(HideEpisodesGenres)] | [[Container.Content(TVShows) | Container.Content(Seasons)] + !Skin.HasSetting(HideTVShowsGenres)] | [Container.Content(Videos) + !Skin.HasSetting(HideVideosGenres)]</visible>
		</control>
	</include>
	
	<include name="ListInfo2PanelLandscape">
		<control type="image">
			<left>40</left>
			<top>116</top>
			<width>542</width>
			<height>304</height>
			<texture border="4">panels/panel3.png</texture>
			<include>ListInfoViewMediaInfoBackgroundFadeAnim</include>
		</control>
		
		<control type="image">
			<left>40</left>
			<top>116</top>
			<width>542</width>
			<height>304</height>
			<texture background="true" diffuse="covers/list-info-2-fanart-diffuse.png">$VAR[LandscapeThumb]</texture>
			<aspectratio scalediffuse="false">scale</aspectratio>
			<fadetime>FanartCrossfadeTime</fadetime>
			<visible>!Container.Content(Videos)</visible>
		</control>
		
		<control type="image">
			<left>40</left>
			<top>116</top>
			<width>542</width>
			<height>304</height>
			<texture background="true" diffuse="covers/list-info-2-fanart-diffuse.png" fallback="background-default.png">$INFO[ListItem.Thumb]</texture>
			<aspectratio scalediffuse="false">scale</aspectratio>
			<fadetime>FanartCrossfadeTime</fadetime>
			<visible>[Container.Content(Episodes) + Skin.HasSetting(ShowDefaultThumb)] | Container.Content(Videos)</visible>
		</control>
		
		<control type="image">
			<left>40</left>
			<top>70</top>
			<width>542</width>
			<height>331</height>
			<texture background="true">home-tvshows-icon.png</texture>
			<aspectratio align="center" aligny="center">keep</aspectratio>
			<include>BackgroundVisibleAnim</include>
			<visible>[Container.Content(Episodes) + Skin.HasSetting(ShowDefaultThumb) + String.IsEmpty(ListItem.Thumb)] | [[[Container.Content(TVShows) | Container.Content(Seasons)] | [Container.Content(Episodes) + Skin.HasSetting(ShowLandscape)]] + String.IsEmpty(ListItem.Art(fanart)) + String.IsEmpty(Container.Art(tvshow.fanart)) + String.IsEmpty(ListItem.Art(tvshow.landscape)) + String.IsEmpty(Container.Art(tvshow.landscape))]</visible>
		</control>
		
		<control type="image">
			<left>40</left>
			<top>70</top>
			<width>542</width>
			<height>331</height>
			<texture background="true">home-videos-icon.png</texture>
			<aspectratio align="center" aligny="center">keep</aspectratio>
			<include>BackgroundVisibleAnim</include>
			<visible>Container.Content(Videos) + String.IsEmpty(ListItem.Thumb)</visible>
		</control>
	
		<control type="image">
			<description>Genre Background</description>
			<left>43</left>
			<top>119</top>
			<width>250</width>
			<height>27</height>
			<texture border="8">views/genre-background.png</texture>
			<visible>![String.IsEmpty(ListItem.Genre) + [Container.Content(Seasons) + String.IsEmpty(ListItem(1).Genre) + String.IsEmpty(ListItem(2).Genre)] + String.IsEmpty(Window(Home).Property(NextAired.Genre))]</visible>
			<visible>[Container.Content(Episodes) + !Skin.HasSetting(HideEpisodesGenres)] | [[Container.Content(TVShows) | Container.Content(Seasons)] + !Skin.HasSetting(HideTVShowsGenres)]</visible>
		</control>
		
		<control type="image">
			<description>Genre Background</description>
			<left>43</left>
			<top>119</top>
			<width>250</width>
			<height>27</height>
			<texture border="8">views/genre-background.png</texture>
			<visible>Container.Content(Videos) + !Skin.HasSetting(HideVideosGenres) + !String.IsEmpty(ListItem.Genre)</visible>
		</control>
					
		<control type="label">
			<description>Genre</description>
			<left>51</left>
			<top>121</top>
			<width>234</width>
			<font>MediaInfoFont3</font>
			<textcolor>WhiteColor</textcolor>
			<shadowcolor>ShadowColor</shadowcolor>
			<label>[UPPERCASE]$VAR[ListInfo3Genre][/UPPERCASE]</label>
			<scroll>false</scroll>
			<animation effect="fade" end="90" condition="true">Conditional</animation>
			<visible>[Container.Content(Episodes) + !Skin.HasSetting(HideEpisodesGenres)] | [[Container.Content(TVShows) | Container.Content(Seasons)] + !Skin.HasSetting(HideTVShowsGenres)] | [Container.Content(Videos) + !Skin.HasSetting(HideVideosGenres)]</visible>
		</control>
	</include>
	
	<include name="ListInfo2Plot">
		<control type="textbox">
			<left>48</left>
			<top>494</top>
			<width>526</width>
			<height>120</height>
			<font>MediaInfoDescFont</font>
			<textcolor>MediaInfoColor</textcolor>
			<shadowcolor>ShadowColor</shadowcolor>
			<align>justify</align>
			<label fallback="$PARAM[fallback]">$PARAM[label]</label>
			<wrapmultiline>true</wrapmultiline>
			<autoscroll time="2000" delay="6000" repeat="10000">!Skin.HasSetting(DoNotAutoScrollPlot)</autoscroll>
			<visible>$PARAM[visible]</visible>
			<include>ControlsOpenCloseAnim</include>
		</control>
	</include>
	
	<include name="ListInfo3MediaInfoPanelCommon">
		<control type="group">
			<left>34</left>
			<top>110</top>
			
			<control type="image">
				<description>Content Background</description>
				<width>416</width>
				<height>517</height>
				<texture border="4">panels/panel-content-border2.png</texture>
				<include>ListInfoViewContentBackgroundFadeAnim</include>
			</control>
			
			<control type="group">
				<visible>!ListItem.IsParentFolder</visible>
				<include>BackgroundVisibleAnim</include>
			
				<control type="image">
					<description>Media Info Background</description>
					<left>6</left>
					<top>238</top>
					<width>404</width>
					<height>58</height>
					<texture border="4">panels/panel3.png</texture>
					<include>ListInfoViewMediaInfoBackgroundFadeAnim</include>
				</control>
				
				<control type="image">
					<description>Media Info Background</description>
					<left>6</left>
					<top>300</top>
					<width>404</width>
					<height>58</height>
					<texture border="4">panels/panel3.png</texture>
					<include>ListInfoViewMediaInfoBackgroundFadeAnim</include>
					<visible>System.AddonIsEnabled(script.tv.show.next.aired) + !Skin.HasSetting(EnableNextAiredInfo) + $EXP[TVShowsSeasonsEpisodes]</visible>
				</control>
				
				<control type="image">
					<description>Description Background</description>
					<left>6</left>
					<top>362</top>
					<width>404</width>
					<height>149</height>
					<texture border="4">panels/panel3.png</texture>
					<include>ListInfoViewMediaInfoBackgroundFadeAnim</include>
					<visible>System.AddonIsEnabled(script.tv.show.next.aired) + !Skin.HasSetting(EnableNextAiredInfo) + $EXP[TVShowsSeasonsEpisodes]</visible>
				</control>
				
				<control type="image">
					<description>Description Background</description>
					<left>6</left>
					<top>300</top>
					<width>404</width>
					<height>211</height>
					<texture border="4">panels/panel3.png</texture>
					<include>ListInfoViewMediaInfoBackgroundFadeAnim</include>
					<visible>$EXP[TVShowsSeasonsEpisodes] + [!System.HasAddon(script.tv.show.next.aired) | [System.AddonIsEnabled(script.tv.show.next.aired) + Skin.HasSetting(EnableNextAiredInfo)]]</visible>
				</control>
				
				<control type="image">
					<description>Description Background</description>
					<left>6</left>
					<top>300</top>
					<width>404</width>
					<height>211</height>
					<texture border="4">panels/panel3.png</texture>
					<include>ListInfoViewMediaInfoBackgroundFadeAnim</include>
					<visible>!$EXP[TVShowsSeasonsEpisodes]</visible>
				</control>
			</control>
		</control>
	</include>
	
	<include name="ListInfo3PanelFanart">
		<control type="image">
			<left>40</left>
			<top>116</top>
			<width>404</width>
			<height>228</height>
			<texture background="true" diffuse="covers/list-info-3-fanart-diffuse.png" fallback="background-default.png">$INFO[ListItem.Art(fanart)]</texture>
			<aspectratio scalediffuse="false" align="center">scale</aspectratio>
			<fadetime>FanartCrossfadeTime</fadetime>
			<visible>!String.IsEmpty(ListItem.Art(fanart))</visible>
		</control>
		
		<control type="image">
			<left>40</left>
			<top>116</top>
			<width>404</width>
			<height>228</height>
			<texture background="true" diffuse="covers/list-info-3-fanart-diffuse.png" fallback="background-default.png">$INFO[Container.Art(fanart)]</texture>
			<aspectratio scalediffuse="false" align="center">scale</aspectratio>
			<fadetime>FanartCrossfadeTime</fadetime>
			<visible>String.IsEmpty(ListItem.Art(fanart)) + Container.Content(Seasons)</visible>
		</control>
		
		<control type="multiimage">
			<left>40</left>
			<top>116</top>
			<width>404</width>
			<height>228</height>
			<imagepath background="true" diffuse="covers/list-info-2-fanart-diffuse.png">$INFO[ListItem.Path,,extrafanart/]</imagepath>
			<aspectratio scalediffuse="false">scale</aspectratio>
			<timeperimage>10000</timeperimage>
			<fadetime>FanartCrossfadeTime</fadetime>
			<randomize>true</randomize>
			<visible>[[Container.Content(Movies) | Container.Content(Sets)] + Skin.HasSetting(EnableMoviesSmallExtraFanart)] | [[Container.Content(TVShows) | Container.Content(Seasons)] + Skin.HasSetting(EnableTVShowsSmallExtraFanart)] | [Container.Content(Episodes) + Skin.HasSetting(EnableEpisodesSmallExtraFanart)]</visible>
		</control>
		
		<control type="multiimage">
			<left>40</left>
			<top>116</top>
			<width>404</width>
			<height>228</height>
			<imagepath background="true" diffuse="covers/list-info-2-fanart-diffuse.png">$INFO[ListItem.Path,,../extrafanart/]</imagepath>
			<aspectratio scalediffuse="false">scale</aspectratio>
			<timeperimage>10000</timeperimage>
			<fadetime>FanartCrossfadeTime</fadetime>
			<randomize>true</randomize>
			<visible>Container.Content(Episodes) + Skin.HasSetting(EnableEpisodesSmallExtraFanart)</visible>
		</control>
		
		<control type="image">
			<left>40</left>
			<top>106</top>
			<width>404</width>
			<height>228</height>
			<texture background="true">home-movies-icon.png</texture>
			<aspectratio align="center" aligny="center">keep</aspectratio>
			<include>BackgroundVisibleAnim</include>
			<visible>String.IsEmpty(ListItem.Art(fanart)) + [Container.Content(Movies) | Container.Content(Sets)]</visible>
		</control>
		
		<control type="image">
			<left>40</left>
			<top>75</top>
			<width>404</width>
			<height>255</height>
			<texture background="true">home-tvshows-icon.png</texture>
			<aspectratio align="center" aligny="center">keep</aspectratio>
			<include>BackgroundVisibleAnim</include>
			<visible>[String.IsEmpty(ListItem.Art(fanart)) + [Container.Content(TVShows) | Container.Content(Episodes)]] | [String.IsEmpty(Container.Art(fanart)) + Container.Content(Seasons)]</visible>
		</control>
		
		<control type="image">
			<left>40</left>
			<top>75</top>
			<width>404</width>
			<height>255</height>
			<texture background="true">home-videos-icon.png</texture>
			<aspectratio align="center" aligny="center">keep</aspectratio>
			<include>BackgroundVisibleAnim</include>
			<visible>Container.Content(Videos) + String.IsEmpty(ListItem.Thumb)</visible>
		</control>
		
		<control type="image">
			<left>40</left>
			<top>110</top>
			<width>404</width>
			<height>225</height>
			<texture background="true">home-music-icon.png</texture>
			<aspectratio align="center" aligny="center">keep</aspectratio>
			<include>BackgroundVisibleAnim</include>
			<visible>String.IsEmpty(ListItem.Art(fanart)) + Window.IsActive(Music)</visible>
		</control>
		
		<control type="image">
			<left>40</left>
			<top>100</top>
			<width>404</width>
			<height>225</height>
			<texture background="true">home-programs-icon.png</texture>
			<aspectratio align="center" aligny="center">keep</aspectratio>
			<include>BackgroundVisibleAnim</include>
			<visible>String.IsEmpty(ListItem.Art(fanart)) + Window.IsActive(Programs)</visible>
		</control>
		
		<control type="image">
			<description>Genre Background</description>
			<left>43</left>
			<top>119</top>
			<width>250</width>
			<height>27</height>
			<texture border="8">views/genre-background.png</texture>
			<visible>![String.IsEmpty(ListItem.Genre) + [Container.Content(Seasons) + String.IsEmpty(ListItem(1).Genre) + String.IsEmpty(ListItem(2).Genre)] + String.IsEmpty(Window(Home).Property(NextAired.Genre))] | ListItem.IsCollection</visible>
			<visible>[Container.Content(Episodes) + !Skin.HasSetting(HideEpisodesGenres)] | [[Container.Content(TVShows) | Container.Content(Seasons)] + !Skin.HasSetting(HideTVShowsGenres)] | [[Container.Content(Movies) | Container.Content(Sets)] + !Skin.HasSetting(HideMoviesGenres)]</visible>
		</control>
		
		<control type="image">
			<description>Genre Background</description>
			<left>43</left>
			<top>119</top>
			<width>250</width>
			<height>27</height>
			<texture border="8">views/genre-background.png</texture>
			<visible>Container.Content(Videos) + !Skin.HasSetting(HideVideosGenres) + !String.IsEmpty(ListItem.Genre)</visible>
		</control>
					
		<control type="label">
			<description>Genre</description>
			<left>51</left>
			<top>121</top>
			<width>234</width>
			<font>MediaInfoFont3</font>
			<textcolor>WhiteColor</textcolor>
			<shadowcolor>ShadowColor</shadowcolor>
			<label>[UPPERCASE]$VAR[MovieGenre][/UPPERCASE]</label>
			<scroll>false</scroll>
			<animation effect="fade" end="90" condition="true">Conditional</animation>
			<visible>!String.IsEmpty(ListItem.Genre) | ListItem.IsCollection</visible>
			<visible>[Container.Content(Movies) | Container.Content(Sets)] + !Skin.HasSetting(HideMoviesGenres)</visible>
		</control>
		
		<control type="label">
			<description>Genre</description>
			<left>51</left>
			<top>121</top>
			<width>234</width>
			<font>MediaInfoFont3</font>
			<textcolor>WhiteColor</textcolor>
			<shadowcolor>ShadowColor</shadowcolor>
			<label>[UPPERCASE]$VAR[ListInfo3Genre][/UPPERCASE]</label>
			<scroll>false</scroll>
			<animation effect="fade" end="90" condition="true">Conditional</animation>
			<visible>[Container.Content(Episodes) + !Skin.HasSetting(HideEpisodesGenres)] | [[Container.Content(TVShows) | Container.Content(Seasons)] + !Skin.HasSetting(HideTVShowsGenres)] | [Container.Content(Videos) + !Skin.HasSetting(HideVideosGenres)]</visible>
		</control>
	</include>
	
	<include name="ListInfo3PanelLandscape">
		<control type="image">
			<left>40</left>
			<top>116</top>
			<width>404</width>
			<height>228</height>
			<texture border="4">panels/panel3.png</texture>
			<include>ListInfoViewMediaInfoBackgroundFadeAnim</include>
		</control>
		
		<control type="image">
			<left>40</left>
			<top>116</top>
			<width>404</width>
			<height>228</height>
			<texture background="true" diffuse="covers/list-info-3-fanart-diffuse.png">$VAR[LandscapeThumb]</texture>
			<aspectratio scalediffuse="false" align="center">scale</aspectratio>
			<fadetime>FanartCrossfadeTime</fadetime>
			<visible>!Container.Content(Videos)</visible>
		</control>
		
		<control type="image">
			<left>40</left>
			<top>116</top>
			<width>404</width>
			<height>228</height>
			<texture background="true" diffuse="covers/list-info-3-fanart-diffuse.png" fallback="background-default.png">$INFO[ListItem.Thumb]</texture>
			<aspectratio scalediffuse="false" align="center">scale</aspectratio>
			<fadetime>FanartCrossfadeTime</fadetime>
			<visible>Container.Content(Videos)</visible>
		</control>
		
		<control type="image">
			<left>40</left>
			<top>75</top>
			<width>404</width>
			<height>255</height>
			<texture background="true">home-tvshows-icon.png</texture>
			<aspectratio align="center" aligny="center">keep</aspectratio>
			<include>BackgroundVisibleAnim</include>
			<visible>String.IsEmpty(ListItem.Art(fanart)) + String.IsEmpty(Container.Art(tvshow.fanart)) + String.IsEmpty(ListItem.Art(tvshow.landscape)) + String.IsEmpty(Container.Art(tvshow.landscape)) + !Container.Content(Videos)</visible>
		</control>
		
		<control type="image">
			<left>40</left>
			<top>75</top>
			<width>404</width>
			<height>255</height>
			<texture background="true">home-videos-icon.png</texture>
			<aspectratio align="center" aligny="center">keep</aspectratio>
			<include>BackgroundVisibleAnim</include>
			<visible>Container.Content(Videos) + String.IsEmpty(ListItem.Thumb)</visible>
		</control>
		
		<control type="image">
			<description>Genre Background</description>
			<left>43</left>
			<top>119</top>
			<width>250</width>
			<height>27</height>
			<texture border="8">views/genre-background.png</texture>
			<visible>![String.IsEmpty(ListItem.Genre) + [Container.Content(Seasons) + String.IsEmpty(ListItem(1).Genre) + String.IsEmpty(ListItem(2).Genre)] + String.IsEmpty(Window(Home).Property(NextAired.Genre))]</visible>
			<visible>[Container.Content(Episodes) + !Skin.HasSetting(HideEpisodesGenres)] | [[Container.Content(TVShows) | Container.Content(Seasons)] + !Skin.HasSetting(HideTVShowsGenres)]</visible>
		</control>
		
		<control type="image">
			<description>Genre Background</description>
			<left>43</left>
			<top>119</top>
			<width>250</width>
			<height>27</height>
			<texture border="8">views/genre-background.png</texture>
			<visible>Container.Content(Videos) + !Skin.HasSetting(HideVideosGenres) + !String.IsEmpty(ListItem.Genre)</visible>
		</control>
		
		<control type="label">
			<description>Genre</description>
			<left>51</left>
			<top>121</top>
			<width>234</width>
			<font>MediaInfoFont3</font>
			<textcolor>WhiteColor</textcolor>
			<shadowcolor>ShadowColor</shadowcolor>
			<label>[UPPERCASE]$VAR[ListInfo3Genre][/UPPERCASE]</label>
			<scroll>false</scroll>
			<animation effect="fade" end="90" condition="true">Conditional</animation>
			<visible>[Container.Content(Episodes) + !Skin.HasSetting(HideEpisodesGenres)] | [[Container.Content(TVShows) | Container.Content(Seasons)] + !Skin.HasSetting(HideTVShowsGenres)] | [Container.Content(Videos) + !Skin.HasSetting(HideVideosGenres)]</visible>
		</control>
	</include>

	<include name="ListInfo3RightPanelCover">
		<control type="group">
			<left>880</left>
			<top>121</top>
			<animation effect="slide" end="0,-50" condition="Container.Content(Albums)">Conditional</animation>

			<control type="image">
				<description>Default Cover</description>
				<width>320</width>
				<height>440</height>
				<texture background="true">$INFO[ListItem.ActualIcon]</texture>
				<bordersize>90</bordersize>
				<aspectratio>keep</aspectratio>
				<fadetime>IconCrossfadeTime</fadetime>
				<visible>String.IsEmpty(ListItem.Thumb)</visible>
			</control>

			<control type="image">
				<description>Cover</description>
				<width>320</width>
				<height>440</height>
				<texture background="true">$VAR[PosterThumb]</texture>
				<bordertexture border="4">covers/cover-case2.png</bordertexture>
				<bordersize>4</bordersize>
				<aspectratio aligny="bottom">keep</aspectratio>
				<fadetime>IconCrossfadeTime</fadetime>
				<visible>Container.Content(Movies) | Container.Content(TVShows) | Container.Content(Seasons)</visible>
			</control>
			
			<control type="image">
				<description>Cover</description>
				<width>320</width>
				<height>440</height>
				<texture background="true">$INFO[ListItem.Thumb]</texture>
				<bordertexture border="4">covers/cover-case2.png</bordertexture>
				<bordersize>4</bordersize>
				<aspectratio aligny="bottom">keep</aspectratio>
				<fadetime>IconCrossfadeTime</fadetime>
				<visible>![Container.Content(Movies) | Container.Content(TVShows) | Container.Content(Seasons)]</visible>
			</control>

			<control type="image">
				<description>Cover Reflection</description>
				<top>440</top>
				<width>320</width>
				<height>440</height>
				<texture background="true" flipy="true" diffuse="views/reflection.png">$VAR[PosterThumb]</texture>
				<bordertexture flipy="true" border="4" diffuse="views/reflection.png">covers/cover-case2.png</bordertexture>
				<bordersize>4</bordersize>
				<aspectratio aligny="top">keep</aspectratio>
				<fadetime>IconCrossfadeTime</fadetime>
				<visible>Container.Content(Movies) | Container.Content(TVShows) | Container.Content(Seasons)</visible>
			</control>
			
			<control type="image">
				<description>Cover Reflection</description>
				<top>440</top>
				<width>320</width>
				<height>440</height>
				<texture background="true" flipy="true" diffuse="views/reflection.png">$INFO[ListItem.Thumb]</texture>
				<bordertexture flipy="true" border="4" diffuse="views/reflection.png">covers/cover-case2.png</bordertexture>
				<bordersize>4</bordersize>
				<aspectratio aligny="top">keep</aspectratio>
				<fadetime>IconCrossfadeTime</fadetime>
				<visible>![Container.Content(Movies) | Container.Content(TVShows) | Container.Content(Seasons)]</visible>
			</control>
		</control>
	</include>

	<include name="ListInfo3RightPanelEpisodeThumb">
		<control type="image">
			<left>40</left>
			<top>116</top>
			<width>404</width>
			<height>228</height>
			<texture background="true" diffuse="covers/list-info-3-fanart-diffuse.png">$INFO[ListItem.Thumb]</texture>
			<aspectratio scalediffuse="false">scale</aspectratio>
			<fadetime>FanartCrossfadeTime</fadetime>
		</control>
	</include>

	<include name="ListInfo3RightPanelEpisodeExtraThumbs">
		<control type="multiimage">
			<left>40</left>
			<top>116</top>
			<width>404</width>
			<height>228</height>
			<imagepath background="true" diffuse="covers/list-info-3-fanart-diffuse.png">$INFO[ListItem.Path]extrathumbs</imagepath>
			<aspectratio scalediffuse="false">scale</aspectratio>
			<timeperimage>3000</timeperimage>
			<fadetime>FanartCrossfadeTime</fadetime>
			<randomize>true</randomize>
		</control>
	</include>
	
	<include name="ListInfo3RightPanelMovieExtraThumbs">
		<control type="grouplist">
			<left>880</left>
			<top>116</top>
			<width>320</width>
			<height>505</height>
			<align>center</align>
			<itemgap>17</itemgap>
			<visible>$PARAM[visible]</visible>
			<control type="image">
				<width>320</width>
				<height>158</height>
				<texture background="true">$INFO[ListItem.Path]extrathumbs/thumb1.jpg</texture>
				<bordertexture border="$PARAM[border]">$PARAM[bordertexture]</bordertexture>
				<bordersize>$PARAM[bordersize]</bordersize>
				<aspectratio>keep</aspectratio>
			</control>
			<control type="image">
				<width>320</width>
				<height>158</height>
				<texture background="true">$INFO[ListItem.Path]extrathumbs/thumb2.jpg</texture>
				<bordertexture border="$PARAM[border]">$PARAM[bordertexture]</bordertexture>
				<bordersize>$PARAM[bordersize]</bordersize>
				<aspectratio>keep</aspectratio>
			</control>
			<control type="image">
				<width>320</width>
				<height>158</height>
				<texture background="true">$INFO[ListItem.Path]extrathumbs/thumb3.jpg</texture>
				<bordertexture border="$PARAM[border]">$PARAM[bordertexture]</bordertexture>
				<bordersize>$PARAM[bordersize]</bordersize>
				<aspectratio>keep</aspectratio>
			</control>
		</control>
	</include>

	<include name="ListInfoViewCatLabel">
		<height>45</height>
		<font>MediaInfoFont</font>
		<textcolor>MediaInfoItemColor</textcolor>
		<shadowcolor>ShadowColor</shadowcolor>
		<aligny>center</aligny>
	</include>

	<include name="ListInfoViewCatValueLabel">
		<height>45</height>
		<font>MediaInfoFont</font>
		<textcolor>MediaInfoItemColor2</textcolor>
		<shadowcolor>ShadowColor</shadowcolor>
		<aligny>center</aligny>
	</include>

	<include name="ListInfoViewDot">
		<control type="label">
			<height>45</height>
			<width>26</width>
			<align>center</align>
			<aligny>center</aligny>
			<font>MediaInfoFont</font>
			<textcolor>GreyColor3</textcolor>
			<label>&#x2022;</label>
		</control>
	</include>

	<include name="WrapInfoViewCatLabel">
		<height>33</height>
		<font>MediaInfoFont</font>
		<textcolor>MediaInfoItemColor</textcolor>
		<shadowcolor>ShadowColor</shadowcolor>
		<aligny>center</aligny>
	</include>

	<include name="WrapInfoViewCatValueLabel">
		<height>33</height>
		<font>MediaInfoFont</font>
		<textcolor>MediaInfoItemColor2</textcolor>
		<shadowcolor>ShadowColor</shadowcolor>
		<aligny>center</aligny>
	</include>

	<include name="WrapInfoViewDot">
		<control type="label">
			<height>33</height>
			<width>26</width>
			<align>center</align>
			<aligny>center</aligny>
			<font>PanelTitleFont</font>
			<textcolor>GreyColor3</textcolor>
			<label>&#x2022;</label>
		</control>
	</include>
	
	<include name="PicsInfoLine">
		<control type="grouplist">
			<visible>!String.IsEmpty($PARAM[value])</visible>
			<height>23</height>
			<orientation>horizontal</orientation>
			<width>388</width>
			<itemgap>10</itemgap>
			<control type="label">
				<width>auto</width>
				<font>MediaInfoFont</font>
				<textcolor>MediaInfoItemColor</textcolor>
				<shadowcolor>ShadowColor</shadowcolor>
				<label>$PARAM[label]:</label>
			</control>
			<control type="label">
				<width max="300">auto</width>
				<font>MediaInfoFont</font>
				<textcolor>MediaInfoItemColor2</textcolor>
				<shadowcolor>ShadowColor</shadowcolor>
				<label>$INFO[$PARAM[value]]</label>
				<scroll>true</scroll>
			</control>
		</control>
	</include>
	
	<include name="PicsInfo">
		<control type="grouplist">
			<description>Media Info Area</description>
			<left>48</left>
			<top>120</top>
			<width>388</width>
			<height>494</height>
			<orientation>vertical</orientation>
			<include content="PicsInfoLine">
				<param name="label" value="$LOCALIZE[21820]"/>
				<param name="value" value="ListItem.PictureDatetime" />
			</include>
			<include content="PicsInfoLine">
				<param name="label" value="$LOCALIZE[21802]"/>
				<param name="value" value="ListItem.Size" />
			</include>
			<include content="PicsInfoLine">
				<param name="label" value="$LOCALIZE[21805]"/>
				<param name="value" value="ListItem.PictureResolution" />
			</include>
			<include content="PicsInfoLine">
				<param name="label" value="$LOCALIZE[21826]"/>
				<param name="value" value="ListItem.PictureAperture" />
			</include>
			<include content="PicsInfoLine">
				<param name="label" value="$LOCALIZE[21863]"/>
				<param name="value" value="ListItem.PictureAuthor" />
			</include>
			<include content="PicsInfoLine">
				<param name="label" value="$LOCALIZE[21867]"/>
				<param name="value" value="ListItem.PictureByline" />
			</include>
			<include content="PicsInfoLine">
				<param name="label" value="$LOCALIZE[21868]"/>
				<param name="value" value="ListItem.PictureBylineTitle" />
			</include>
			<include content="PicsInfoLine">
				<param name="label" value="$LOCALIZE[21822]"/>
				<param name="value" value="ListItem.PictureCamMake" />
			</include>
			<include content="PicsInfoLine">
				<param name="label" value="$LOCALIZE[21823]"/>
				<param name="value" value="ListItem.PictureCamModel" />
			</include>
			<include content="PicsInfoLine">
				<param name="label" value="$LOCALIZE[21862]"/>
				<param name="value" value="ListItem.PictureCaption" />
			</include>
			<include content="PicsInfoLine">
				<param name="label" value="$LOCALIZE[21866]"/>
				<param name="value" value="ListItem.PictureCategory" />
			</include>
			<include content="PicsInfoLine">
				<param name="label" value="$LOCALIZE[21839]"/>
				<param name="value" value="ListItem.PictureCCDWidth" />
			</include>
			<include content="PicsInfoLine">
				<param name="label" value="$LOCALIZE[21873]"/>
				<param name="value" value="ListItem.PictureCity" />
			</include>
			<include content="PicsInfoLine">
				<param name="label" value="$LOCALIZE[21807]"/>
				<param name="value" value="ListItem.PictureColour" />
			</include>
			<include content="PicsInfoLine">
				<param name="label" value="$LOCALIZE[21839]"/>
				<param name="value" value="ListItem.PictureComment" />
			</include>
			<include content="PicsInfoLine">
				<param name="label" value="$LOCALIZE[21871]"/>
				<param name="value" value="ListItem.PictureCopyrightNotice" />
			</include>
			<include content="PicsInfoLine">
				<param name="label" value="$LOCALIZE[21875]"/>
				<param name="value" value="ListItem.PictureCountry" />
			</include>
			<include content="PicsInfoLine">
				<param name="label" value="$LOCALIZE[21879]"/>
				<param name="value" value="ListItem.PictureCountryCode" />
			</include>
			<include content="PicsInfoLine">
				<param name="label" value="$LOCALIZE[21869]"/>
				<param name="value" value="ListItem.PictureCredit" />
			</include>
			<include content="PicsInfoLine">
				<param name="label" value="$LOCALIZE[21821]"/>
				<param name="value" value="ListItem.PictureDesc" />
			</include>
			<include content="PicsInfoLine">
				<param name="label" value="$LOCALIZE[21838]"/>
				<param name="value" value="ListItem.PictureDigitalZoom" />
			</include>
			<include content="PicsInfoLine">
				<param name="label" value="$LOCALIZE[21832]"/>
				<param name="value" value="ListItem.PictureExpMode" />
			</include>
			<include content="PicsInfoLine">
				<param name="label" value="$LOCALIZE[21829]"/>
				<param name="value" value="ListItem.PictureExposure" />
			</include>
			<include content="PicsInfoLine">
				<param name="label" value="$LOCALIZE[21831]"/>
				<param name="value" value="ListItem.PictureExposureBias" />
			</include>
			<include content="PicsInfoLine">
				<param name="label" value="$LOCALIZE[21830]"/>
				<param name="value" value="ListItem.PictureExpTime" />
			</include>
			<include content="PicsInfoLine">
				<param name="label" value="$LOCALIZE[21833]"/>
				<param name="value" value="ListItem.PictureFlashUsed" />
			</include>
			<include content="PicsInfoLine">
				<param name="label" value="$LOCALIZE[21827]"/>
				<param name="value" value="ListItem.PictureFocalLen" />
			</include>
			<include content="PicsInfoLine">
				<param name="label" value="$LOCALIZE[21828]"/>
				<param name="value" value="ListItem.PictureFocusDist" />
			</include>
			<include content="PicsInfoLine">
				<param name="label" value="$LOCALIZE[21834]"/>
				<param name="value" value="ListItem.PictureWhiteBalance" />
			</include>
			<include content="PicsInfoLine">
				<param name="label" value="$LOCALIZE[21840]"/>
				<param name="value" value="ListItem.PictureGPSLat" />
			</include>
			<include content="PicsInfoLine">
				<param name="label" value="$LOCALIZE[21841]"/>
				<param name="value" value="ListItem.PictureGPSLon" />
			</include>
			<include content="PicsInfoLine">
				<param name="label" value="$LOCALIZE[21842]"/>
				<param name="value" value="ListItem.PictureGPSAlt" />
			</include>
			<include content="PicsInfoLine">
				<param name="label" value="$LOCALIZE[21864]"/>
				<param name="value" value="ListItem.PictureHeadline" />
			</include>
			<include content="PicsInfoLine">
				<param name="label" value="$LOCALIZE[21858]"/>
				<param name="value" value="ListItem.PictureImageType" />
			</include>
			<include content="PicsInfoLine">
				<param name="label" value="$LOCALIZE[21837]"/>
				<param name="value" value="ListItem.PictureISO" />
			</include>
			<include content="PicsInfoLine">
				<param name="label" value="$LOCALIZE[21861]"/>
				<param name="value" value="ListItem.PictureKeywords" />
			</include>
			<include content="PicsInfoLine">
				<param name="label" value="$LOCALIZE[21843]"/>
				<param name="value" value="$INFO[ListItem.PictureOrientation]" />
			</include>
			<include content="PicsInfoLine">
				<param name="label" value="$LOCALIZE[21808]"/>
				<param name="value" value="$INFO[ListItem.PictureProcess]" />
			</include>
		</control>
	</include>
</includes>