<?xml version="1.0" encoding="UTF-8"?>
<includes>
	<variable name="DialogSelectImage">
		<value condition="!String.IsEmpty(ListItem.Art(poster))">$INFO[ListItem.Art(poster)]</value>
		<value>$INFO[ListItem.Icon]</value>
	</variable>
	
	<variable name="DialogSelectLargeImage">
		<value condition="!String.IsEmpty(Container(6).ListItem.Art(poster))">$INFO[Container(6).ListItem.Art(poster)]</value>
		<value>$INFO[Container(6).ListItem.Icon]</value>
	</variable>
	
	<include name="DefaultDialogSelectLayout">
		<control type="group">
			<left>325</left>
			<top>81</top>
			
			<control type="group">
				<animation effect="slide" end="-138,19" condition="Control.IsVisible(6)">Conditional</animation>
			
				<control type="group">
					<visible>Control.IsVisible(3)</visible>
					<include content="DialogWithCloseBtn">
						<param name="width" value="630"/>
						<param name="height" value="557" />
						<param name="left" value="570" />
					</include>
				</control>
				
				<control type="group">
					<visible>Control.IsVisible(6)</visible>
					<include content="DialogWithCloseBtn">
						<param name="width" value="906"/>
						<param name="height" value="519" />
						<param name="left" value="846" />
					</include>
				</control>

				<control type="label" id="1">
					<animation effect="slide" end="138,0" condition="Control.IsVisible(6)">Conditional</animation>
					<width>550</width>
					<include>DialogTitle</include>
				</control>
				
				<control type="panel" id="3">
					<left>DialogMarginOffsetX</left>
					<top>DialogMarginOffsetY</top>
					<width>560</width>
					<height>444</height>
					<pagecontrol>61</pagecontrol>
					<scrolltime>200</scrolltime>
					<onup>3</onup>
					<ondown>3</ondown>
					<onleft condition="Control.IsVisible(5)">5</onleft>
					<onleft condition="!Control.IsVisible(5)">7</onleft>
					<onright>61</onright>
					<itemlayout height="37">
						<control type="image">
							<width>560</width>
							<height>35</height>
							<texture border="5">controls/button-nofocus.png</texture>
						</control>
						<control type="label">
							<left>8</left>
							<width>544</width>
							<height>35</height>
							<font>ButtonFont2</font>
							<textcolor>ButtonColor</textcolor>
							<aligny>center</aligny>
							<info>ListItem.Label</info>
						</control>
					</itemlayout>
					<focusedlayout height="37">
						<control type="image">
							<width>560</width>
							<height>35</height>
							<texture border="5">controls/button-nofocus.png</texture>
						</control>
						<control type="image">
							<width>560</width>
							<height>35</height>
							<texture border="5">controls/button-focus.png</texture>
							<animation type="Focus" condition="Container(3).OnNext + ![Skin.String(LowCPUPowerMode,Animations) | Skin.String(LowCPUPowerMode,Full)]" reversible="false">
								<effect type="Fade" start="40" end="100" time="500" tween="back" easing="in"/>
								<effect type="slide" start="0,-35" time="200" tween="sine" easing="out"/>
							</animation>
							<animation type="Focus" condition="Container(3).OnPrevious + ![Skin.String(LowCPUPowerMode,Animations) | Skin.String(LowCPUPowerMode,Full)]" reversible="false">
								<effect type="Fade" start="40" end="100" time="500" tween="back" easing="in"/>
								<effect type="slide" start="0,35" time="200" tween="sine" easing="out"/>
							</animation>
						</control>
						<control type="label">
							<left>8</left>
							<width>544</width>
							<height>35</height>
							<font>ButtonFont2</font>
							<textcolor>ButtonFocusColor</textcolor>
							<aligny>center</aligny>
							<info>ListItem.Label</info>
						</control>
					</focusedlayout>
				</control>
				
				<control type="panel" id="6">
					<left>DialogMarginOffsetX</left>
					<top>DialogMarginOffsetY</top>
					<width>410</width>
					<height>408</height>
					<pagecontrol>61</pagecontrol>
					<scrolltime>200</scrolltime>
					<onup>6</onup>
					<ondown>6</ondown>
					<onleft condition="Control.IsVisible(5)">5</onleft>
					<onleft condition="!Control.IsVisible(5)">7</onleft>
					<onright>61</onright>
					<itemlayout height="68">
						<control type="image">
							<width>410</width>
							<height>64</height>
							<texture border="5">controls/button-nofocus.png</texture>
						</control>
						<control type="image">
							<width>120</width>
							<height>64</height>
							<texture>$VAR[DialogSelectImage]</texture>
							<bordersize>8</bordersize>
							<aspectratio>keep</aspectratio>
						</control>
						<control type="label">
							<left>128</left>
							<width>274</width>
							<height>35</height>
							<font>ButtonFont2</font>
							<textcolor>ButtonColor</textcolor>
							<aligny>center</aligny>
							<info>ListItem.Label</info>
							<visible>!String.IsEmpty(ListItem.Label2)</visible>
						</control>
						<control type="label">
							<left>128</left>
							<width>274</width>
							<height>62</height>
							<font>ButtonFont2</font>
							<textcolor>ButtonColor</textcolor>
							<aligny>center</aligny>
							<label>[UPPERCASE]$INFO[ListItem.Label][/UPPERCASE]</label>
							<visible>String.IsEmpty(ListItem.Label2)</visible>
						</control>
						<control type="label">
							<left>128</left>
							<top>26</top>
							<width>274</width>
							<height>35</height>
							<font>ListFont2</font>
							<textcolor>MediaInfoTitleColor2</textcolor>
							<aligny>center</aligny>
							<label>$VAR[DialogSelectLabel2]</label>
							<visible>!String.IsEmpty(ListItem.Label2)</visible>
						</control>
					</itemlayout>
					<focusedlayout height="68">
						<control type="image">
							<width>410</width>
							<height>64</height>
							<texture border="5">controls/button-nofocus.png</texture>
						</control>
						<control type="image">
							<width>410</width>
							<height>64</height>
							<texture border="5">controls/button-focus.png</texture>
							<animation type="Focus" condition="Container(6).OnNext + ![Skin.String(LowCPUPowerMode,Animations) | Skin.String(LowCPUPowerMode,Full)]" reversible="false">
								<effect type="Fade" start="40" end="100" time="500" tween="back" easing="in"/>
								<effect type="slide" start="0,-35" time="200" tween="sine" easing="out"/>
							</animation>
							<animation type="Focus" condition="Container(6).OnPrevious + ![Skin.String(LowCPUPowerMode,Animations) | Skin.String(LowCPUPowerMode,Full)]" reversible="false">
								<effect type="Fade" start="40" end="100" time="500" tween="back" easing="in"/>
								<effect type="slide" start="0,35" time="200" tween="sine" easing="out"/>
							</animation>
						</control>
						<control type="image">
							<width>120</width>
							<height>64</height>
							<texture>$VAR[DialogSelectImage]</texture>
							<bordersize>8</bordersize>
							<aspectratio>keep</aspectratio>
						</control>
						<control type="label">
							<left>128</left>
							<width>274</width>
							<height>35</height>
							<font>ButtonFont2</font>
							<textcolor>ButtonFocusColor</textcolor>
							<aligny>center</aligny>
							<info>ListItem.Label</info>
							<visible>!String.IsEmpty(ListItem.Label2)</visible>
						</control>
						<control type="label">
							<left>128</left>
							<width>274</width>
							<height>62</height>
							<font>ButtonFont2</font>
							<textcolor>ButtonFocusColor</textcolor>
							<aligny>center</aligny>
							<label>[UPPERCASE]$INFO[ListItem.Label][/UPPERCASE]</label>
							<visible>String.IsEmpty(ListItem.Label2)</visible>
						</control>
						<control type="label">
							<left>128</left>
							<top>26</top>
							<width>274</width>
							<height>35</height>
							<font>ListFont2</font>
							<textcolor>MediaInfoTitleColor2</textcolor>
							<aligny>center</aligny>
							<label>$VAR[DialogSelectLabel2]</label>
							<visible>!String.IsEmpty(ListItem.Label2)</visible>
						</control>
					</focusedlayout>
				</control>
				
				<control type="spincontrol" id="61">
					<description>Next Page</description>
					<visible>!Control.IsVisible(6)</visible>
					<left>550</left>
					<top>512</top>
					<font />
					<align>right</align>
					<onup>3</onup>
					<onleft>7</onleft>
					<onright condition="Control.IsVisible(5)">5</onright>
					<onright condition="!Control.IsVisible(5)">7</onright>
				</control>
				
				<control type="group">
					<visible>Control.IsVisible(6)</visible>
					<left>449</left>
					<top>DialogMarginOffsetY</top>
					<control type="image">
						<width>14</width>
						<height>404</height>
						<texture border="4">controls/scrollbar-background.png</texture>
					</control>
					
					<control type="scrollbar" id="61">
						<height>404</height>
						<texturesliderbackground />
						<onright condition="Control.IsVisible(7)">7</onright>
						<onright condition="!Control.IsVisible(7)">5</onright>
						<onleft>6</onleft>
						<ondown>9001</ondown>
					</control>
					
					<control type="image">
						<left>18</left>
						<width>404</width>
						<height>404</height>
						<texture border="5">controls/button-nofocus.png</texture>
					</control>
					
					<control type="image">
						<description>Icon</description>
						<left>23</left>
						<top>5</top>
						<width>394</width>
						<height>394</height>
						<texture>$VAR[DialogSelectLargeImage]</texture>
						<aspectratio align="center" aligny="center">keep</aspectratio>
						<visible>!String.IsEmpty(Container(6).ListItem.Icon)</visible>
						<fadetime>IconCrossfadeTime</fadetime>
						<include>ControlsOpenCloseAnim</include>
					</control>
				</control>
			</control>
		
			<control type="grouplist" id="9001">
				<top>504</top>
				<width>630</width>
				<align>center</align>
				<orientation>horizontal</orientation>
				<itemgap>0</itemgap>
				<onup condition="Control.IsVisible(3)">3</onup>
				<onup condition="Control.IsVisible(6)">6</onup>
				<onleft condition="!Control.IsVisible(6)">61</onleft>
				<animation effect="slide" end="0,-19" condition="Control.IsVisible(6)">Conditional</animation>
				<onright>61</onright>
				<control type="button" id="5">
					<description>Manual</description>
					<include>DialogMenuBarBtn</include>
					<label />
				</control>
				<control type="button" id="8">
					<description>Optional</description>
					<include>DialogMenuBarBtn</include>
					<label />
				</control>
				<control type="button" id="7">
					<description>Cancel</description>
					<include>DialogMenuBarBtn</include>
					<label />
				</control>
			</control>
		</control>
	</include>
	
	<include name="GameDialogSelectListLayout">
		<control type="panel" id="11">
			<left>DialogMarginOffsetX</left>
			<top>DialogMarginOffsetY</top>
			<width>837</width>
			<height>364</height>
			<pagecontrol>913</pagecontrol>
			<onup>11</onup>
			<ondown>9001</ondown>
			<onleft>9001</onleft>
			<onright condition="Control.IsVisible(913)">150</onright>
			<onright condition="!Control.IsVisible(913)">11</onright>
			<itemlayout width="279" height="182">
				<control type="image">
					<width>275</width>
					<height>178</height>
					<texture border="5">controls/button-nofocus.png</texture>
				</control>
				<control type="gamewindow">
					<left>4</left>
					<top>4</top>
					<width>267</width>
					<height>150</height>
					<videofilter>$INFO[ListItem.Property(game.videofilter)]</videofilter>
					<stretchmode>$INFO[ListItem.Property(game.stretchmode)]</stretchmode>
					<rotation>$INFO[ListItem.Property(game.videorotation)]</rotation>
					<animation effect="fade" end="50" condition="true">Conditional</animation>
				</control>
				<control type="label">
					<left>3</left>
					<top>153</top>
					<width>269</width>
					<align>center</align>
					<font>ButtonFont2</font>
					<textcolor>ButtonColor</textcolor>
					<label>$INFO[ListItem.Label]$INFO[ListItem.Label2, (,)]</label>
				</control>
			</itemlayout>
			<focusedlayout width="279" height="182">
				<control type="image">
					<width>275</width>
					<height>178</height>
					<texture border="5">controls/button-focus.png</texture>
				</control>
				<control type="gamewindow">
					<left>4</left>
					<top>4</top>
					<width>267</width>
					<height>150</height>
					<videofilter>$INFO[ListItem.Property(game.videofilter)]</videofilter>
					<stretchmode>$INFO[ListItem.Property(game.stretchmode)]</stretchmode>
					<rotation>$INFO[ListItem.Property(game.videorotation)]</rotation>
				</control>
				<control type="label">
					<left>3</left>
					<top>153</top>
					<width>269</width>
					<align>center</align>
					<font>ButtonFont2</font>
					<textcolor>ButtonFocusColor</textcolor>
					<label>$INFO[ListItem.Label]$INFO[ListItem.Label2, (,)]</label>
				</control>
			</focusedlayout>
		</control>
	</include>
	
	<include name="GameDialogSelectViewLayout">
		<control type="group">
			<top>122.5</top>
			<left>183.5</left>
			
			<include content="DialogWithCloseBtnLabelID">
				<param name="width" value="919"/>
				<param name="height" value="475" />
				<param name="left" value="859" />
				<param name="labelwidth" value="839" />
				<param name="label" value="" />
				<param name="id" value="1" />
			</include>
			
			<include>GameDialogSelectListLayout</include>
			
			<control type="group" id="150">
				<animation effect="fade" end="100" time="200" delay="500">Visible</animation>
				<left>875</left>
				<top>48</top>
				
				<control type="image">
					<width>14</width>
					<height>370</height>
					<texture border="4">controls/scrollbar-background.png</texture>
				</control>
				
				<control type="scrollbar" id="913">
					<height>370</height>
					<texturesliderbackground />
					<onleft>11</onleft>
					<onright>9001</onright>
				</control>
			</control>
			
			<control type="button" id="9001">
				<description>Cancel</description>
				<left>374.5</left>
				<top>422</top>
				<include>DialogMenuBarBtn</include>
				<label>$LOCALIZE[222]</label>
				<onclick>Action(close)</onclick>
				<onup>11</onup>
				<onleft>11</onleft>
				<onright condition="Control.IsVisible(913)">913</onright>
				<onright condition="!Control.IsVisible(913)">11</onright>
			</control>
		</control>
	</include>
	
	<include name="GameDialogSelectFilterLayout">
		<control type="group">
			<top>105.5</top>
			<left>183.5</left>
			
			<include content="DialogWithCloseBtnLabelID">
				<param name="width" value="919"/>
				<param name="height" value="509" />
				<param name="left" value="859" />
				<param name="labelwidth" value="839" />
				<param name="label" value="" />
				<param name="id" value="1" />
			</include>
			
			<include>GameDialogSelectListLayout</include>
			
			<control type="group" id="150">
				<animation effect="fade" end="100" time="200" delay="500">Visible</animation>
				<left>875</left>
				<top>48</top>
				
				<control type="image">
					<width>14</width>
					<height>404</height>
					<texture border="4">controls/scrollbar-background.png</texture>
				</control>
				
				<control type="scrollbar" id="913">
					<height>404</height>
					<texturesliderbackground />
					<onleft>11</onleft>
					<onright>9001</onright>
				</control>
			</control>
			
			<control type="group">
				<top>417</top>
				<left>DialogMarginOffsetX</left>
				
				<control type="image">
					<width>834</width>
					<height>30</height>
					<texture border="5">controls/button-nofocus.png</texture>
				</control>
				
				<control type="textbox" id="12">
					<left>10</left>
					<width>814</width>
					<height>30</height>
					<aligny>center</aligny>
					<align>center</align>
					<font>ButtonFont2</font>
					<textcolor>ButtonColor</textcolor>
					<autoscroll time="2000" delay="6000" repeat="10000">true</autoscroll>
				</control>
			</control>
			
			<control type="button" id="9001">
				<description>Cancel</description>
				<left>374.5</left>
				<top>456</top>
				<include>DialogMenuBarBtn</include>
				<label>$LOCALIZE[222]</label>
				<onclick>Action(close)</onclick>
				<onup>11</onup>
				<onleft>11</onleft>
				<onright condition="Control.IsVisible(913)">913</onright>
				<onright condition="!Control.IsVisible(913)">11</onright>
			</control>
		</control>
	</include>
	
	<include name="DialogOSDSkinSettingsVideo">
		<control type="group">
			<left>325</left>
			<top>210</top>
			
			<include content="DialogWithCloseBtn">
				<param name="width" value="630"/>
				<param name="height" value="300" />
				<param name="left" value="570" />
			</include>

			<control type="label">
				<width>550</width>
				<include>DialogTitle</include>
				<label>$LOCALIZE[10035]</label>
			</control>
			
			<control type="grouplist" id="9000">
				<left>DialogMarginOffsetX</left>
				<top>DialogMarginOffsetY</top>
				<height>444</height>
				<onup>9001</onup>
				<ondown>9001</ondown>
				<onleft>9001</onleft>
				<onright>9001</onright>
				<orientation>vertical</orientation>
				<itemgap>2</itemgap>
				<control type="radiobutton" id="9010">
					<description>Hide Seek Bar</description>
					<width>560</width>
					<textwidth>544</textwidth>
					<include>DialogContentLabel</include>
					<label>$LOCALIZE[31027]</label>
					<selected>Skin.HasSetting(HideSeekBarOSD)</selected>
					<onclick>Skin.ToggleSetting(HideSeekBarOSD)</onclick>
				</control>
				<control type="radiobutton" id="9011">
					<description>Show Information When Paused</description>
					<width>560</width>
					<textwidth>485</textwidth>
					<include>DialogContentLabel</include>
					<label>$LOCALIZE[31494]</label>
					<selected>Skin.HasSetting(ShowInfoOnPause)</selected>
					<onclick>Skin.ToggleSetting(ShowInfoOnPause)</onclick>
				</control>
				<control type="radiobutton" id="9012">
					<description>Show Clear Art On OSD</description>
					<width>560</width>
					<textwidth>485</textwidth>
					<include>DialogContentLabel</include>
					<label>$LOCALIZE[31432]</label>
					<selected>Skin.HasSetting(ShowClearArtOSD)</selected>
					<onclick>Skin.ToggleSetting(ShowClearArtOSD)</onclick>
					<onclick>Skin.Reset(ShowClearLogoOSD)</onclick>
				</control>
				<control type="radiobutton" id="9013">
					<description>Show Clear Logo On OSD</description>
					<width>560</width>
					<textwidth>485</textwidth>
					<include>DialogContentLabel</include>
					<label>$LOCALIZE[31435]</label>
					<selected>Skin.HasSetting(ShowClearLogoOSD)</selected>
					<onclick>Skin.ToggleSetting(ShowClearLogoOSD)</onclick>
					<onclick>Skin.Reset(ShowClearArtOSD)</onclick>
				</control>
				<control type="radiobutton" id="9014">
					<description>Show "Paused" in Fullscreen Video</description>
					<width>560</width>
					<textwidth>485</textwidth>
					<include>DialogContentLabel</include>
					<label>$LOCALIZE[31915]</label>
					<selected>Skin.HasSetting(ShowFullscreenVideoPaused)</selected>
					<onclick>Skin.ToggleSetting(ShowFullscreenVideoPaused)</onclick>
				</control>
			</control>
			
			<control type="button" id="9001">
				<description>Cancel</description>
				<top>247</top>
				<left>230</left>
				<include>DialogMenuBarBtn</include>
				<label>$LOCALIZE[222]</label>
				<onup>9000</onup>
				<onleft>9000</onleft>
				<onright>9000</onright>
				<onclick>Dialog.Close(1121)</onclick>
			</control>
		</control>
	</include>
	
	<include name="DialogOSDSkinSettingsMusic">
		<control type="group">
			<visible>!Window.IsActive(SelectDialog)</visible>
			<left>325</left>
			<top>154</top>
			
			<include content="DialogWithCloseBtn">
				<param name="width" value="630"/>
				<param name="height" value="411" />
				<param name="left" value="570" />
			</include>

			<control type="label">
				<width>550</width>
				<include>DialogTitle</include>
				<label>$LOCALIZE[10035]</label>
			</control>
			
			<control type="grouplist" id="9000">
				<left>DialogMarginOffsetX</left>
				<top>DialogMarginOffsetY</top>
				<height>444</height>
				<onup>9001</onup>
				<ondown>9001</ondown>
				<onleft>9001</onleft>
				<onright>9001</onright>
				<orientation>vertical</orientation>
				<itemgap>2</itemgap>
				<control type="label" id="9010">
					<description>Music Playing Label</description>
					<width>560</width>
					<height>35</height>
					<align>center</align>
					<textcolor>DefaultColor2</textcolor>
					<include>DialogContentLabel</include>
					<label>$LOCALIZE[31086]</label>
				</control>
				<control type="button" id="9011">
					<description>Choose Background</description>
					<width>560</width>
					<textwidth>544</textwidth>
					<include>DialogContentLabel</include>
					<label>$LOCALIZE[31172]$VAR[MusicBackgroundLabel,: [COLOR=DefaultColor2],[/COLOR]]</label>
					<onclick>Skin.SelectBool(31172, 31407|!UseFanartForMusicPlayingBG, 31408|UseFanartForMusicPlayingBG, 31411|UseVisualizationAndFanartForMusicPlayingBG)</onclick>
					<onclick>ReloadSkin()</onclick>
					<include>ReloadSkinNotification</include>
					<enable>!Skin.String(LowCPUPowerMode,Full)</enable>
				</control>
				<control type="radiobutton" id="9012">
					<description>Artist Fanart Slideshow</description>
					<width>560</width>
					<textwidth>485</textwidth>
					<include>DialogContentLabel</include>
					<label>$LOCALIZE[20425]</label>
					<selected>Skin.HasSetting(EnableArtistFanartSlideshow)</selected>
					<onclick condition="System.AddonIsEnabled(script.artistslideshow)">Skin.ToggleSetting(EnableArtistFanartSlideshow)</onclick>
					<onclick condition="System.AddonIsEnabled(script.artistslideshow)">ReloadSkin()</onclick>
					<onclick condition="System.AddonIsEnabled(script.artistslideshow)">ReloadSkin()</onclick>
					<include>ReloadSkinNotification</include>
					<onclick condition="!System.HasAddon(script.artistslideshow)">InstallAddon(script.artistslideshow)</onclick>
					<onclick condition="System.HasAddon(script.artistslideshow) + !System.AddonIsEnabled(script.artistslideshow)">EnableAddon(script.artistslideshow)</onclick>
					<enable>!Skin.String(LowCPUPowerMode,Full) + [Skin.HasSetting(UseFanartForMusicPlayingBG) | Skin.HasSetting(UseVisualizationAndFanartForMusicPlayingBG)]</enable>
				</control>
				<control type="radiobutton" id="9013">
					<description>Animate Fanart</description>
					<width>560</width>
					<textwidth>485</textwidth>
					<include>DialogContentLabel</include>
					<label>$LOCALIZE[31063]</label>
					<selected>Skin.HasSetting(AnimateFanartMusicPlayingBG)</selected>
					<onclick>Skin.ToggleSetting(AnimateFanartMusicPlayingBG)</onclick>
					<onclick>ReloadSkin()</onclick>
					<include>ReloadSkinNotification</include>
					<enable>!Skin.String(LowCPUPowerMode,Full) + [Skin.HasSetting(UseFanartForMusicPlayingBG) | Skin.HasSetting(UseVisualizationAndFanartForMusicPlayingBG)]</enable>
				</control>
				<control type="label" id="9014">
					<description>Fullscreen Music Label</description>
					<width>560</width>
					<height>35</height>
					<align>center</align>
					<textcolor>DefaultColor2</textcolor>
					<include>DialogContentLabel</include>
					<label>$LOCALIZE[31997]</label>
				</control>
				<control type="radiobutton" id="9015">
					<description>Show CDArt In Fullscreen Music Playback</description>
					<width>560</width>
					<textwidth>485</textwidth>
					<include>DialogContentLabel</include>
					<label>$LOCALIZE[31434]</label>
					<selected>!Skin.HasSetting(HideCdArtInMusicPlayingBG)</selected>
					<onclick>Skin.ToggleSetting(HideCdArtInMusicPlayingBG)</onclick>
				</control>
				<control type="radiobutton" id="9016">
					<description>Show "Paused" in Fullscreen Music</description>
					<width>560</width>
					<textwidth>485</textwidth>
					<include>DialogContentLabel</include>
					<label>$LOCALIZE[31188]</label>
					<selected>Skin.HasSetting(ShowFullscreenMusicPaused)</selected>
					<onclick>Skin.ToggleSetting(ShowFullscreenMusicPaused)</onclick>
				</control>
				<control type="radiobutton" id="9017">
					<description>Enable Video Lyrics</description>
					<width>560</width>
					<textwidth>485</textwidth>
					<include>DialogContentLabel</include>
					<label>$LOCALIZE[31049]</label>
					<selected>Skin.HasSetting(EnableVideoLyrics)</selected>
					<onclick condition="System.AddonIsEnabled(script.cu.lrclyrics)">Skin.ToggleSetting(EnableVideoLyrics)</onclick>
					<onclick condition="!System.HasAddon(script.cu.lrclyrics)">InstallAddon(script.cu.lrclyrics)</onclick>
					<onclick condition="System.HasAddon(script.cu.lrclyrics) + !System.AddonIsEnabled(script.cu.lrclyrics)">EnableAddon(script.cu.lrclyrics)</onclick>
				</control>
			</control>
			
			<control type="button" id="9001">
				<description>Cancel</description>
				<top>358</top>
				<left>230</left>
				<include>DialogMenuBarBtn</include>
				<label>$LOCALIZE[222]</label>
				<onup>9000</onup>
				<onleft>9000</onleft>
				<onright>9000</onright>
				<onclick>Dialog.Close(1121)</onclick>
			</control>
		</control>
	</include>
	
	<include name="SortMethodsDialogSelectLayout">
		<control type="button">
			<onclick>Dialog.Close(SelectDialog)</onclick>
			<include>DropDownMenuCloseHitRect</include>
		</control>
		
		<control type="grouplist" id="900"> <!-- 5004 -->
			<description>Sort Methods Menu</description>
			<depth>DepthMenuBar</depth>
			<left>502</left>
			<top>80</top>
			<width>215</width>
			<itemgap>0</itemgap>
			<orientation>vertical</orientation>
			<onleft>Dialog.Close(SelectDialog)</onleft>
			<onright>Dialog.Close(SelectDialog)</onright>
			<include>MenuOpenCloseAnim</include>
			<animation effect="slide" end="-203,0" condition="Skin.String(SortMethods,2)">Conditional</animation>
			<control type="image">
				<include>DropDownMenuTopBorder</include>
			</control>
			<control type="list" id="3">
				<width>215</width>
				<height>500</height>
				<onleft>Dialog.Close(SelectDialog)</onleft>
				<onleft>SetFocus(439)</onleft>
				<onright>Dialog.Close(SelectDialog)</onright>
				<onright>SetFocus(439)</onright>
				<itemlayout height="MenuBarHeight">
					<control type="image">
						<width>212</width>
						<height>MenuBarHeight</height>
						<texture border="9,0,9,3">gui/menu-bar-item-nofocus.png</texture>
					</control>
					<control type="label">
						<left>18</left>
						<width>176</width>
						<height>MenuBarHeight</height>
						<font>MenuItemFont</font>
						<textcolor>MenuItemColor</textcolor>
						<aligny>center</aligny>
						<info>ListItem.Label</info>
					</control>
				</itemlayout>
				<focusedlayout height="MenuBarHeight">
					<control type="image">
						<width>212</width>
						<height>MenuBarHeight</height>
						<texture border="12,4,12,5">gui/menu-bar-item-focus.png</texture>
					</control>
					<control type="label">
						<left>18</left>
						<width>176</width>
						<height>MenuBarHeight</height>
						<font>MenuItemFont</font>
						<textcolor>MenuItemFocusColor</textcolor>
						<aligny>center</aligny>
						<info>ListItem.Label</info>
					</control>
				</focusedlayout>
			</control>
			<control type="image">
				<include>DropDownMenuBottomBorder</include>
			</control>
		</control>
	</include>
</includes>