<?xml version="1.0" encoding="UTF-8"?>
<includes> 
	<include name="GeneralSkinSettings">
		<control type="group">
			<visible>Skin.String(SkinSettingsCategory,1)</visible>
			
			<control type="grouplist" id="900">		
				<description>General Content Area</description>
				<width>755</width>
				<height>500</height>
				<pagecontrol>911</pagecontrol>
				<itemgap>0</itemgap>
				<onup>900</onup>
				<ondown>900</ondown>
				<onleft>1</onleft>
				<onright>150</onright>
				<visible>!Skin.HasSetting(ExpandedSettings)</visible>
				<include>ContentSettingsOpenCloseAnim</include>
				<control type="button" id="1000">
					<description>General Label</description>
					<include>SettingsHeaderBtn</include>
					<label>$LOCALIZE[128]</label>
				</control>
				<control type="radiobutton" id="1005">
					<description>Enable Kiosk Mode</description>
					<include>SettingsContentRadioBtn</include>
					<label>$LOCALIZE[31028]</label>
					<selected>Skin.HasSetting(EnableKioskMode)</selected>
					<onclick>Skin.ToggleSetting(EnableKioskMode)</onclick>
				</control>
				<control type="radiobutton" id="1020">
					<description>Enable Low CPU Power Mode</description>
					<include>SettingsContentRadioBtn</include>
					<label>$LOCALIZE[31131]</label>
					<selected>Skin.String(LowCPUPowerMode,Animations) | Skin.String(LowCPUPowerMode,Full)</selected>
					<onclick condition="String.IsEmpty(Skin.String(LowCPUPowerMode))">Skin.SetString(DialogVideoInfoButtonMenu,LowCPUPowerMode)</onclick>
					<onclick condition="String.IsEmpty(Skin.String(LowCPUPowerMode))">ActivateWindow(980)</onclick>
					<onclick condition="Skin.String(LowCPUPowerMode,Animations) | Skin.String(LowCPUPowerMode,Full)">Skin.Reset(LowCPUPowerMode)</onclick>
				</control>
				<control type="radiobutton" id="1006">
					<description>Hide Dialog Close Buttons</description>
					<include>SettingsContentRadioBtn</include>
					<label>$LOCALIZE[31029]</label>
					<selected>Skin.HasSetting(HideDialogCloseBtns)</selected>
					<onclick>Skin.ToggleSetting(HideDialogCloseBtns)</onclick>
					<enable>System.GetBool(input.enablemouse)</enable>
				</control>
				<control type="radiobutton" id="1010">
					<description>Hide Date</description>
					<include>SettingsContentRadioBtn</include>
					<label>$LOCALIZE[31033]</label>
					<selected>Skin.HasSetting(HideTopBarDate)</selected>
					<onclick>Skin.ToggleSetting(HideTopBarDate)</onclick>
					<onclick>ReloadSkin()</onclick>
					<include>ReloadSkinNotification</include>
				</control>				
				<control type="togglebutton" id="1011">
					<description>Date Format</description>
					<include>SettingsContentToggleBtn</include>
					<label>$LOCALIZE[31939]</label>
					<altlabel>$LOCALIZE[31940]</altlabel>
					<usealttexture>Skin.HasSetting(SkinDateFormat)</usealttexture>
					<onclick>Skin.ToggleSetting(SkinDateFormat)</onclick>
					<visible>!Skin.HasSetting(HideTopBarDate)</visible>
				</control>
				<control type="radiobutton" id="1012">
					<description>Hide Top Media Menu Bar</description>
					<include>SettingsContentRadioBtn</include>
					<label>$LOCALIZE[31916]</label>
					<selected>Skin.HasSetting(HideMenuBar)</selected>
					<onclick>Skin.ToggleSetting(HideMenuBar)</onclick>
					<onclick condition="Skin.HasSetting(HideTopBar)">Skin.Reset(HideTopBar)</onclick>
				</control>
				<control type="radiobutton" id="1013">
					<description>Hide Top Media Menu Bar</description>
					<include>SettingsContentRadioBtn</include>
					<label>$LOCALIZE[31994]</label>
					<selected>Skin.HasSetting(HideTopBar)</selected>
					<enable>Skin.HasSetting(HideMenuBar)</enable>
					<onclick>Skin.ToggleSetting(HideTopBar)</onclick>
				</control>
				<control type="togglebutton" id="1002">
					<description>Scrollbar / Quick Jump</description>
					<include>SettingsContentToggleBtn</include>
					<label>$LOCALIZE[31133]</label>
					<altlabel>$LOCALIZE[31134]</altlabel>
					<usealttexture>Skin.HasSetting(EnableQuickJump) + System.HasAddon(script.skin.helper.service)</usealttexture>
					<onclick condition="System.HasAddon(script.skin.helper.service)">Skin.ToggleSetting(EnableQuickJump)</onclick>
					<onclick condition="!System.HasAddon(script.skin.helper.service)">InstallAddon(script.skin.helper.service)</onclick>
				</control>
				<control type="radiobutton" id="1014">
					<description>Enable Battery Notification</description>
					<include>SettingsContentRadioBtn</include>
					<label>$LOCALIZE[31919]</label>
					<selected>Skin.HasSetting(EnableBatteryNotification)</selected>
					<onclick>Skin.ToggleSetting(EnableBatteryNotification)</onclick>
					<onclick>ReloadSkin()</onclick>
					<include>ReloadSkinNotification</include>
					<visible>Integer.IsGreater(System.BatteryLevel,0)</visible>
				</control>
				<control type="radiobutton" id="1015">
					<description>Enable Autocompletions for Keyboard Dialog</description>
					<include>SettingsContentRadioBtn</include>
					<label>$LOCALIZE[31024]</label>
					<selected>!Skin.HasSetting(EnableKeyboardAutocompletions)</selected>
					<onclick condition="System.HasAddon(plugin.program.autocompletion)">Skin.ToggleSetting(EnableKeyboardAutocompletions)</onclick>
					<onclick condition="!System.HasAddon(plugin.program.autocompletion)">InstallAddon(plugin.program.autocompletion)</onclick>
				</control>
				<control type="button" id="1016">
					<description>Startup Label</description>
					<include>SettingsHeaderBtn</include>
					<label>$LOCALIZE[31102]</label>
				</control>
				<control type="radiobutton" id="1017">
					<description>Enable splash screen (photo, video or music)</description>
					<include>SettingsContentRadioBtn</include>
					<label>$LOCALIZE[31100]$INFO[Skin.String(SplashScreen),: [COLOR=DefaultColor2],[/COLOR]]</label>
					<onclick condition="System.HasAddon(script.skin.helper.service) + !Skin.String(SplashScreen)">Skin.SetFile(SplashScreen)</onclick>
					<onclick condition="System.HasAddon(script.skin.helper.service) + Skin.String(SplashScreen)">Skin.Reset(SplashScreen)</onclick>
					<onclick condition="!System.HasAddon(script.skin.helper.service)">InstallAddon(script.skin.helper.service)</onclick>
					<selected>Skin.String(SplashScreen)</selected>
				</control>
				<control type="button" id="1018">
					<description>Splash screen image duration</description>
					<include>SettingsContentBtn</include>
					<label>$LOCALIZE[31101]: [COLOR=DefaultColor2]$VAR[SplashScreenImageDuration] $LOCALIZE[31992][/COLOR]</label>
					<onclick condition="System.HasAddon(script.skin.helper.service)">Skin.SetNumeric(SplashScreenImageDuration)</onclick>
					<onclick condition="!System.HasAddon(script.skin.helper.service)">InstallAddon(script.skin.helper.service)</onclick>
					<visible>String.EndsWith(Skin.String(SplashScreen),.jpg) | String.EndsWith(Skin.String(SplashScreen),.jpeg) | String.Contains(Skin.EndsWith(SplashScreen),.png) | String.EndsWith(Skin.String(SplashScreen),.tiff) | String.EndsWith(Skin.String(SplashScreen),.tif) | String.EndsWith(Skin.String(SplashScreen),.bmp) | String.EndsWith(Skin.String(SplashScreen),.gif)</visible>
				</control>
				<control type="button" id="1019">
					<description>Preview</description>
					<textoffsetx>20</textoffsetx>
					<include>SettingsContentBtn</include>
					<label>$LOCALIZE[1000]</label>
					<onclick condition="System.HasAddon(script.skin.helper.service) + ![String.EndsWith(Skin.String(SplashScreen),.jpg) | String.EndsWith(Skin.String(SplashScreen),.jpeg) | String.EndsWith(Skin.String(SplashScreen),.png) | String.EndsWith(Skin.String(SplashScreen),.tiff) | String.EndsWith(Skin.String(SplashScreen),.tif) | String.EndsWith(Skin.String(SplashScreen),.bmp) | String.EndsWith(Skin.String(SplashScreen),.gif)]">PlayMedia($INFO[Skin.String(SplashScreen)])</onclick>
					<onclick condition="System.HasAddon(script.skin.helper.service) + [String.EndsWith(Skin.String(SplashScreen),.jpg) | String.EndsWith(Skin.String(SplashScreen),.jpeg) | String.EndsWith(Skin.String(SplashScreen),.png) | String.EndsWith(Skin.String(SplashScreen),.tiff) | String.EndsWith(Skin.String(SplashScreen),.tif) | String.EndsWith(Skin.String(SplashScreen),.bmp) | String.EndsWith(Skin.String(SplashScreen),.gif)]">ShowPicture($INFO[Skin.String(SplashScreen)])</onclick>
					<onclick condition="!System.HasAddon(script.skin.helper.service)">InstallAddon(script.skin.helper.service)</onclick>
					<visible>!String.IsEmpty(Skin.String(SplashScreen))</visible>
				</control>
			</control>
		</control>
	</include>
</includes>