<?xml version="1.0" encoding="UTF-8"?>
<includes>
	<include file="Defaults.xml"/>
	<include file="includes_Addons.xml"/>
	<include file="includes_Animations.xml"/>
	<include file="includes_Backgrounds.xml"/>
	<include file="includes_BreadCrumbs.xml"/>
	<include file="includes_Dialogs.xml"/>
	<include file="includes_Home.xml"/>
	<include file="includes_HomeCustomWidgets.xml"/>
	<include file="includes_InfoPane.xml"/>
	<include file="includes_MediaFlags.xml"/>
	<include file="includes_MenuBar.xml"/>
	<include file="includes_PVR.xml"/>
	<include file="includes_Scrollbars.xml"/>
	<include file="includes_SkinSettingsGeneral.xml"/>
	<include file="includes_SkinSettingsWeather.xml"/>
	<include file="includes_SkinSettingsHome.xml"/>
	<include file="includes_SkinSettingsMedia.xml"/>
	<include file="includes_SkinSettingsMenus.xml"/>
	<include file="includes_SkinSettingsBackgrounds.xml"/>
	<include file="includes_SkinSettingsAddons.xml"/>
	<include file="includes_StatusBar.xml"/>
	<include file="includes_Weather.xml"/>
	<include file="Views.xml"/>
	<include file="ViewsAddons.xml"/>
	<include file="ViewsCommon.xml"/>
	<include file="ViewsEpisodes.xml"/>
	<include file="ViewsMusic.xml"/>
	<include file="ViewsMovies.xml"/>
	<include file="ViewsMusicVideos.xml"/>
	<include file="ViewsPictures.xml"/>
	<include file="ViewsPrograms.xml"/>
	<include file="ViewsTVShows.xml"/>
	
	<constant name="ScreenWidth">1280</constant>
	<constant name="ScreenHeight">720</constant>
	<constant name="DialogHeadingOffsetX">40</constant>
	<constant name="DialogHeadingOffsetY">14</constant>
	<constant name="DialogMarginOffsetX">35</constant>
	<constant name="DialogMarginOffsetY">53</constant>
	<constant name="Dialog4MarginOffsetY">35</constant>
	<constant name="MenuBarHeight">37</constant>
	<constant name="MenuBarOffsetY">45</constant>
	<constant name="StatusBartop">0</constant>
	<constant name="BottomPaneOffsetY">655</constant>
	<constant name="BackgroundCrossfadeTime">600</constant>
	<constant name="IconCrossfadeTime">400</constant>
	<constant name="FanartCrossfadeTime">600</constant>
	<constant name="MediaFlagsCrossfadeTime">400</constant>
	<constant name="DepthDialog">0.50</constant>
	<constant name="DepthDialog+">0.54</constant>
	<constant name="DepthDialog-">0.46</constant>
	<constant name="DepthMax">0.54</constant>
	<constant name="DepthOSD">0.40</constant>
	<constant name="DepthOSD+">0.44</constant>
	<constant name="DepthOSD-">0.20</constant>
	<constant name="DepthContent">0</constant>
	<constant name="Depth3DWrapPosters">0.03</constant>
	<constant name="DepthContent+">0.06</constant>
	<constant name="DepthTopBar">0.11</constant>
	<constant name="DepthMenuBar">0.08</constant>
	<constant name="DepthHomeMenu">0.11</constant>
	<constant name="DepthHomeMenuCategoryFocus">0.15</constant>
	<constant name="DepthBackground">-0.80</constant>
	
	<variable name="DurationMinutes">
		<value condition="String.EndsWith(ListItem.Duration,1) | String.EndsWith(Window.Property(duration),1)">$NUMBER[1]</value>
		<value condition="String.EndsWith(ListItem.Duration,2) | String.EndsWith(Window.Property(duration),2)">$NUMBER[2]</value>
		<value condition="String.EndsWith(ListItem.Duration,3) | String.EndsWith(Window.Property(duration),3)">$NUMBER[3]</value>
		<value condition="String.EndsWith(ListItem.Duration,4) | String.EndsWith(Window.Property(duration),4)">$NUMBER[4]</value>
		<value condition="String.EndsWith(ListItem.Duration,5) | String.EndsWith(Window.Property(duration),5)">$NUMBER[5]</value>
		<value condition="String.EndsWith(ListItem.Duration,6) | String.EndsWith(Window.Property(duration),6)">$NUMBER[6]</value>
		<value condition="String.EndsWith(ListItem.Duration,7) | String.EndsWith(Window.Property(duration),7)">$NUMBER[7]</value>
		<value condition="String.EndsWith(ListItem.Duration,8) | String.EndsWith(Window.Property(duration),8)">$NUMBER[8]</value>
		<value condition="String.EndsWith(ListItem.Duration,9) | String.EndsWith(Window.Property(duration),9)">$NUMBER[9]</value>
		<value condition="String.EndsWith(ListItem.Duration,0) | String.EndsWith(Window.Property(duration),0)">$NUMBER[0]</value>
	</variable>
	 
	<variable name="MovieDuration">
		<value condition="Skin.HasSetting(UseAlternativeDuration) + Integer.IsLessOrEqual(ListItem.Duration,59) + !String.IsEmpty(ListItem.Duration)">$INFO[ListItem.Duration]</value>
		<value condition="Skin.HasSetting(UseAlternativeDuration) + Integer.IsLessOrEqual(Window(home).Property(SkinHelper.MovieSet.Runtime),59) + !String.IsEmpty(Window(Home).Property(SkinHelper.MovieSet.Runtime))">$INFO[Window(Home).Property(SkinHelper.MovieSet.Runtime)]</value>
		<value condition="Skin.HasSetting(UseAlternativeDuration) + Integer.IsGreater(Window(home).Property(SkinHelper.MovieSet.Runtime),59) + !String.IsEmpty(Window(Home).Property(SkinHelper.MovieSet.Runtime))">$INFO[Window(Home).Property(SkinHelper.MovieSet.Duration.Hours)]$LOCALIZE[31403]$INFO[Window(Home).Property(SkinHelper.MovieSet.Duration.Minutes)]</value>
		<value condition="Skin.HasSetting(UseAlternativeDuration) + Integer.IsLessOrEqual(Window.Property(duration),59) + !String.IsEmpty(Window.Property(duration))">$INFO[Window.Property(duration)]</value>
		<value condition="Skin.HasSetting(UseAlternativeDuration) + [[Integer.IsLessOrEqual(ListItem.Duration,99) + String.StartsWith(ListItem.Duration,6)] | [Integer.IsLessOrEqual(Window.Property(duration),99) + String.StartsWith(Window.Property(duration),6)]]">$NUMBER[1]$LOCALIZE[31403]$NUMBER[0]$VAR[DurationMinutes]</value>
		<value condition="Skin.HasSetting(UseAlternativeDuration) + [[Integer.IsLessOrEqual(ListItem.Duration,99) + String.StartsWith(ListItem.Duration,7)] | [Integer.IsLessOrEqual(Window.Property(duration),99) + String.StartsWith(Window.Property(duration),7)]]">$NUMBER[1]$LOCALIZE[31403]$NUMBER[1]$VAR[DurationMinutes]</value>
		<value condition="Skin.HasSetting(UseAlternativeDuration) + [[Integer.IsLessOrEqual(ListItem.Duration,99) + String.StartsWith(ListItem.Duration,8)] | [Integer.IsLessOrEqual(Window.Property(duration),99) + String.StartsWith(Window.Property(duration),8)]]">$NUMBER[1]$LOCALIZE[31403]$NUMBER[2]$VAR[DurationMinutes]</value>
		<value condition="Skin.HasSetting(UseAlternativeDuration) + [[Integer.IsLessOrEqual(ListItem.Duration,99) + String.StartsWith(ListItem.Duration,9)] | [Integer.IsLessOrEqual(Window.Property(duration),99) + String.StartsWith(Window.Property(duration),9)]]">$NUMBER[1]$LOCALIZE[31403]$NUMBER[3]$VAR[DurationMinutes]</value>
		<value condition="Skin.HasSetting(UseAlternativeDuration) + [String.StartsWith(ListItem.Duration,10) | String.StartsWith(Window.Property(duration),10)]">$NUMBER[1]$LOCALIZE[31403]$NUMBER[4]$VAR[DurationMinutes]</value>
		<value condition="Skin.HasSetting(UseAlternativeDuration) + [String.StartsWith(ListItem.Duration,11) | String.StartsWith(Window.Property(duration),11)]">$NUMBER[1]$LOCALIZE[31403]$NUMBER[5]$VAR[DurationMinutes]</value>
		<value condition="Skin.HasSetting(UseAlternativeDuration) + [String.StartsWith(ListItem.Duration,12) | String.StartsWith(Window.Property(duration),12)]">$NUMBER[2]$LOCALIZE[31403]$NUMBER[0]$VAR[DurationMinutes]</value>
		<value condition="Skin.HasSetting(UseAlternativeDuration) + [String.StartsWith(ListItem.Duration,13) | String.StartsWith(Window.Property(duration),13)]">$NUMBER[2]$LOCALIZE[31403]$NUMBER[1]$VAR[DurationMinutes]</value>
		<value condition="Skin.HasSetting(UseAlternativeDuration) + [String.StartsWith(ListItem.Duration,14) | String.StartsWith(Window.Property(duration),14)]">$NUMBER[2]$LOCALIZE[31403]$NUMBER[2]$VAR[DurationMinutes]</value>
		<value condition="Skin.HasSetting(UseAlternativeDuration) + [String.StartsWith(ListItem.Duration,15) | String.StartsWith(Window.Property(duration),15)]">$NUMBER[2]$LOCALIZE[31403]$NUMBER[3]$VAR[DurationMinutes]</value>
		<value condition="Skin.HasSetting(UseAlternativeDuration) + [String.StartsWith(ListItem.Duration,16) | String.StartsWith(Window.Property(duration),16)]">$NUMBER[2]$LOCALIZE[31403]$NUMBER[4]$VAR[DurationMinutes]</value>
		<value condition="Skin.HasSetting(UseAlternativeDuration) + [String.StartsWith(ListItem.Duration,17) | String.StartsWith(Window.Property(duration),17)]">$NUMBER[2]$LOCALIZE[31403]$NUMBER[5]$VAR[DurationMinutes]</value>
		<value condition="Skin.HasSetting(UseAlternativeDuration) + [String.StartsWith(ListItem.Duration,18) | String.StartsWith(Window.Property(duration),18)]">$NUMBER[3]$LOCALIZE[31403]$NUMBER[0]$VAR[DurationMinutes]</value>
		<value condition="Skin.HasSetting(UseAlternativeDuration) + [String.StartsWith(ListItem.Duration,19) | String.StartsWith(Window.Property(duration),19)]">$NUMBER[3]$LOCALIZE[31403]$NUMBER[1]$VAR[DurationMinutes]</value>
		<value condition="Skin.HasSetting(UseAlternativeDuration) + [String.StartsWith(ListItem.Duration,20) | String.StartsWith(Window.Property(duration),20)]">$NUMBER[3]$LOCALIZE[31403]$NUMBER[2]$VAR[DurationMinutes]</value>
		<value condition="Skin.HasSetting(UseAlternativeDuration) + [String.StartsWith(ListItem.Duration,21) | String.StartsWith(Window.Property(duration),21)]">$NUMBER[3]$LOCALIZE[31403]$NUMBER[3]$VAR[DurationMinutes]</value>
		<value condition="Skin.HasSetting(UseAlternativeDuration) + [String.StartsWith(ListItem.Duration,22) | String.StartsWith(Window.Property(duration),22)]">$NUMBER[3]$LOCALIZE[31403]$NUMBER[4]$VAR[DurationMinutes]</value>
		<value condition="Skin.HasSetting(UseAlternativeDuration) + [String.StartsWith(ListItem.Duration,23) | String.StartsWith(Window.Property(duration),23)]">$NUMBER[3]$LOCALIZE[31403]$NUMBER[5]$VAR[DurationMinutes]</value>
		<value condition="Skin.HasSetting(UseAlternativeDuration) + [String.StartsWith(ListItem.Duration,24) | String.StartsWith(Window.Property(duration),24)]">$NUMBER[4]$LOCALIZE[31403]$NUMBER[0]$VAR[DurationMinutes]</value>
		<value condition="Skin.HasSetting(UseAlternativeDuration) + [String.StartsWith(ListItem.Duration,25) | String.StartsWith(Window.Property(duration),25)]">$NUMBER[4]$LOCALIZE[31403]$NUMBER[1]$VAR[DurationMinutes]</value>
		<value condition="Skin.HasSetting(UseAlternativeDuration) + [String.StartsWith(ListItem.Duration,26) | String.StartsWith(Window.Property(duration),26)]">$NUMBER[4]$LOCALIZE[31403]$NUMBER[2]$VAR[DurationMinutes]</value>
		<value condition="Skin.HasSetting(UseAlternativeDuration) + [String.StartsWith(ListItem.Duration,27) | String.StartsWith(Window.Property(duration),27)]">$NUMBER[4]$LOCALIZE[31403]$NUMBER[3]$VAR[DurationMinutes]</value>
		<value condition="Skin.HasSetting(UseAlternativeDuration) + [String.StartsWith(ListItem.Duration,28) | String.StartsWith(Window.Property(duration),28)]">$NUMBER[4]$LOCALIZE[31403]$NUMBER[4]$VAR[DurationMinutes]</value>
		<value condition="Skin.HasSetting(UseAlternativeDuration) + [String.StartsWith(ListItem.Duration,29) | String.StartsWith(Window.Property(duration),29)]">$NUMBER[4]$LOCALIZE[31403]$NUMBER[5]$VAR[DurationMinutes]</value>
		<value condition="Skin.HasSetting(UseAlternativeDuration) + [String.StartsWith(ListItem.Duration,30) | String.StartsWith(Window.Property(duration),30)]">$NUMBER[5]$LOCALIZE[31403]$NUMBER[0]$VAR[DurationMinutes]</value>
		<value condition="Skin.HasSetting(UseAlternativeDuration) + [String.StartsWith(ListItem.Duration,31) | String.StartsWith(Window.Property(duration),31)]">$NUMBER[5]$LOCALIZE[31403]$NUMBER[1]$VAR[DurationMinutes]</value>
		<value condition="Skin.HasSetting(UseAlternativeDuration) + [String.StartsWith(ListItem.Duration,32) | String.StartsWith(Window.Property(duration),32)]">$NUMBER[5]$LOCALIZE[31403]$NUMBER[2]$VAR[DurationMinutes]</value>
		<value condition="Skin.HasSetting(UseAlternativeDuration) + [String.StartsWith(ListItem.Duration,33) | String.StartsWith(Window.Property(duration),33)]">$NUMBER[5]$LOCALIZE[31403]$NUMBER[3]$VAR[DurationMinutes]</value>
		<value condition="Skin.HasSetting(UseAlternativeDuration) + [String.StartsWith(ListItem.Duration,34) | String.StartsWith(Window.Property(duration),34)]">$NUMBER[5]$LOCALIZE[31403]$NUMBER[4]$VAR[DurationMinutes]</value>
		<value condition="Skin.HasSetting(UseAlternativeDuration) + [String.StartsWith(ListItem.Duration,35) | String.StartsWith(Window.Property(duration),35)]">$NUMBER[5]$LOCALIZE[31403]$NUMBER[5]$VAR[DurationMinutes]</value>
		<value condition="Skin.HasSetting(UseAlternativeDuration) + [String.StartsWith(ListItem.Duration,36) | String.StartsWith(Window.Property(duration),36)]">$NUMBER[6]$LOCALIZE[31403]$NUMBER[0]$VAR[DurationMinutes]</value>
		<value condition="Skin.HasSetting(UseAlternativeDuration) + [String.StartsWith(ListItem.Duration,37) | String.StartsWith(Window.Property(duration),37)]">$NUMBER[6]$LOCALIZE[31403]$NUMBER[1]$VAR[DurationMinutes]</value>
		<value condition="Skin.HasSetting(UseAlternativeDuration) + [String.StartsWith(ListItem.Duration,38) | String.StartsWith(Window.Property(duration),38)]">$NUMBER[6]$LOCALIZE[31403]$NUMBER[2]$VAR[DurationMinutes]</value>
		<value condition="Skin.HasSetting(UseAlternativeDuration) + [String.StartsWith(ListItem.Duration,39) | String.StartsWith(Window.Property(duration),39)]">$NUMBER[6]$LOCALIZE[31403]$NUMBER[3]$VAR[DurationMinutes]</value>
		<value condition="Skin.HasSetting(UseAlternativeDuration) + [String.StartsWith(ListItem.Duration,40) | String.StartsWith(Window.Property(duration),40)]">$NUMBER[6]$LOCALIZE[31403]$NUMBER[4]$VAR[DurationMinutes]</value>
		<value condition="Skin.HasSetting(UseAlternativeDuration) + [String.StartsWith(ListItem.Duration,41) | String.StartsWith(Window.Property(duration),41)]">$NUMBER[6]$LOCALIZE[31403]$NUMBER[5]$VAR[DurationMinutes]</value>
		<value condition="Skin.HasSetting(UseAlternativeDuration) + [String.StartsWith(ListItem.Duration,42) | String.StartsWith(Window.Property(duration),42)]">$NUMBER[7]$LOCALIZE[31403]$NUMBER[0]$VAR[DurationMinutes]</value>
		<value condition="Skin.HasSetting(UseAlternativeDuration) + [String.StartsWith(ListItem.Duration,43) | String.StartsWith(Window.Property(duration),43)]">$NUMBER[7]$LOCALIZE[31403]$NUMBER[1]$VAR[DurationMinutes]</value>
		<value condition="Skin.HasSetting(UseAlternativeDuration) + [String.StartsWith(ListItem.Duration,44) | String.StartsWith(Window.Property(duration),44)]">$NUMBER[7]$LOCALIZE[31403]$NUMBER[2]$VAR[DurationMinutes]</value>
		<value condition="Skin.HasSetting(UseAlternativeDuration) + [String.StartsWith(ListItem.Duration,45) | String.StartsWith(Window.Property(duration),45)]">$NUMBER[7]$LOCALIZE[31403]$NUMBER[3]$VAR[DurationMinutes]</value>
		<value condition="Skin.HasSetting(UseAlternativeDuration) + [String.StartsWith(ListItem.Duration,46) | String.StartsWith(Window.Property(duration),46)]">$NUMBER[7]$LOCALIZE[31403]$NUMBER[4]$VAR[DurationMinutes]</value>
		<value condition="Skin.HasSetting(UseAlternativeDuration) + [String.StartsWith(ListItem.Duration,47) | String.StartsWith(Window.Property(duration),47)]">$NUMBER[7]$LOCALIZE[31403]$NUMBER[5]$VAR[DurationMinutes]</value>
		<value condition="Skin.HasSetting(UseAlternativeDuration) + [String.StartsWith(ListItem.Duration,48) | String.StartsWith(Window.Property(duration),48)]">$NUMBER[8]$LOCALIZE[31403]$NUMBER[0]$VAR[DurationMinutes]</value>
		<value condition="Skin.HasSetting(UseAlternativeDuration) + [String.StartsWith(ListItem.Duration,49) | String.StartsWith(Window.Property(duration),49)]">$NUMBER[8]$LOCALIZE[31403]$NUMBER[1]$VAR[DurationMinutes]</value>
		<value condition="Skin.HasSetting(UseAlternativeDuration) + [String.StartsWith(ListItem.Duration,50) | String.StartsWith(Window.Property(duration),50)]">$NUMBER[8]$LOCALIZE[31403]$NUMBER[2]$VAR[DurationMinutes]</value>
		<value condition="Skin.HasSetting(UseAlternativeDuration) + [String.StartsWith(ListItem.Duration,51) | String.StartsWith(Window.Property(duration),51)]">$NUMBER[8]$LOCALIZE[31403]$NUMBER[3]$VAR[DurationMinutes]</value>
		<value condition="Skin.HasSetting(UseAlternativeDuration) + [String.StartsWith(ListItem.Duration,52) | String.StartsWith(Window.Property(duration),52)]">$NUMBER[8]$LOCALIZE[31403]$NUMBER[4]$VAR[DurationMinutes]</value>
		<value condition="Skin.HasSetting(UseAlternativeDuration) + [String.StartsWith(ListItem.Duration,53) | String.StartsWith(Window.Property(duration),53)]">$NUMBER[8]$LOCALIZE[31403]$NUMBER[5]$VAR[DurationMinutes]</value>
		<value condition="Skin.HasSetting(UseAlternativeDuration) + [String.StartsWith(ListItem.Duration,54) | String.StartsWith(Window.Property(duration),54)]">$NUMBER[9]$LOCALIZE[31403]$NUMBER[0]$VAR[DurationMinutes]</value>
		<value condition="Skin.HasSetting(UseAlternativeDuration) + [String.StartsWith(ListItem.Duration,55) | String.StartsWith(Window.Property(duration),55)]">$NUMBER[9]$LOCALIZE[31403]$NUMBER[1]$VAR[DurationMinutes]</value>
		<value condition="Skin.HasSetting(UseAlternativeDuration) + [String.StartsWith(ListItem.Duration,56) | String.StartsWith(Window.Property(duration),56)]">$NUMBER[9]$LOCALIZE[31403]$NUMBER[2]$VAR[DurationMinutes]</value>
		<value condition="Skin.HasSetting(UseAlternativeDuration) + [String.StartsWith(ListItem.Duration,57) | String.StartsWith(Window.Property(duration),57)]">$NUMBER[9]$LOCALIZE[31403]$NUMBER[3]$VAR[DurationMinutes]</value>
		<value condition="Skin.HasSetting(UseAlternativeDuration) + [String.StartsWith(ListItem.Duration,58) | String.StartsWith(Window.Property(duration),58)]">$NUMBER[9]$LOCALIZE[31403]$NUMBER[4]$VAR[DurationMinutes]</value>
		<value condition="Skin.HasSetting(UseAlternativeDuration) + [String.StartsWith(ListItem.Duration,59) | String.StartsWith(Window.Property(duration),59)]">$NUMBER[9]$LOCALIZE[31403]$NUMBER[5]$VAR[DurationMinutes]</value>
		<value condition="Skin.HasSetting(UseAlternativeDuration) + [String.StartsWith(ListItem.Duration,60) | String.StartsWith(Window.Property(duration),60)]">$NUMBER[10]$LOCALIZE[31403]$NUMBER[0]$VAR[DurationMinutes]</value>
		<value condition="Skin.HasSetting(UseAlternativeDuration) + [String.StartsWith(ListItem.Duration,61) | String.StartsWith(Window.Property(duration),61)]">$NUMBER[10]$LOCALIZE[31403]$NUMBER[1]$VAR[DurationMinutes]</value>
		<value condition="Skin.HasSetting(UseAlternativeDuration) + [String.StartsWith(ListItem.Duration,62) | String.StartsWith(Window.Property(duration),62)]">$NUMBER[10]$LOCALIZE[31403]$NUMBER[2]$VAR[DurationMinutes]</value>
		<value condition="Skin.HasSetting(UseAlternativeDuration) + [String.StartsWith(ListItem.Duration,63) | String.StartsWith(Window.Property(duration),63)]">$NUMBER[10]$LOCALIZE[31403]$NUMBER[3]$VAR[DurationMinutes]</value>
		<value condition="Skin.HasSetting(UseAlternativeDuration) + [String.StartsWith(ListItem.Duration,64) | String.StartsWith(Window.Property(duration),64)]">$NUMBER[10]$LOCALIZE[31403]$NUMBER[4]$VAR[DurationMinutes]</value>
		<value condition="Skin.HasSetting(UseAlternativeDuration) + [String.StartsWith(ListItem.Duration,65) | String.StartsWith(Window.Property(duration),65)]">$NUMBER[10]$LOCALIZE[31403]$NUMBER[5]$VAR[DurationMinutes]</value>
		<value condition="Skin.HasSetting(UseAlternativeDuration) + [String.StartsWith(ListItem.Duration,66) | String.StartsWith(Window.Property(duration),66)]">$NUMBER[11]$LOCALIZE[31403]$NUMBER[0]$VAR[DurationMinutes]</value>
		<value condition="Skin.HasSetting(UseAlternativeDuration) + [String.StartsWith(ListItem.Duration,67) | String.StartsWith(Window.Property(duration),67)]">$NUMBER[11]$LOCALIZE[31403]$NUMBER[1]$VAR[DurationMinutes]</value>
		<value condition="Skin.HasSetting(UseAlternativeDuration) + [String.StartsWith(ListItem.Duration,68) | String.StartsWith(Window.Property(duration),68)]">$NUMBER[11]$LOCALIZE[31403]$NUMBER[2]$VAR[DurationMinutes]</value>
		<value condition="Skin.HasSetting(UseAlternativeDuration) + [String.StartsWith(ListItem.Duration,69) | String.StartsWith(Window.Property(duration),69)]">$NUMBER[11]$LOCALIZE[31403]$NUMBER[3]$VAR[DurationMinutes]</value>
		<value condition="Skin.HasSetting(UseAlternativeDuration) + [String.StartsWith(ListItem.Duration,70) | String.StartsWith(Window.Property(duration),70)]">$NUMBER[11]$LOCALIZE[31403]$NUMBER[4]$VAR[DurationMinutes]</value>
		<value condition="Skin.HasSetting(UseAlternativeDuration) + [String.StartsWith(ListItem.Duration,71) | String.StartsWith(Window.Property(duration),71)]">$NUMBER[11]$LOCALIZE[31403]$NUMBER[5]$VAR[DurationMinutes]</value>
		<value condition="Skin.HasSetting(UseAlternativeDuration) + [String.StartsWith(ListItem.Duration,72) | String.StartsWith(Window.Property(duration),72)]">$NUMBER[12]$LOCALIZE[31403]$NUMBER[0]$VAR[DurationMinutes]</value>
		<value condition="Skin.HasSetting(UseAlternativeDuration) + [String.StartsWith(ListItem.Duration,73) | String.StartsWith(Window.Property(duration),73)]">$NUMBER[12]$LOCALIZE[31403]$NUMBER[1]$VAR[DurationMinutes]</value>
		<value condition="Skin.HasSetting(UseAlternativeDuration) + [String.StartsWith(ListItem.Duration,74) | String.StartsWith(Window.Property(duration),74)]">$NUMBER[12]$LOCALIZE[31403]$NUMBER[2]$VAR[DurationMinutes]</value>
		<value condition="Skin.HasSetting(UseAlternativeDuration) + [String.StartsWith(ListItem.Duration,75) | String.StartsWith(Window.Property(duration),75)]">$NUMBER[12]$LOCALIZE[31403]$NUMBER[3]$VAR[DurationMinutes]</value>
		<value condition="Skin.HasSetting(UseAlternativeDuration) + [String.StartsWith(ListItem.Duration,76) | String.StartsWith(Window.Property(duration),76)]">$NUMBER[12]$LOCALIZE[31403]$NUMBER[4]$VAR[DurationMinutes]</value>
		<value condition="Skin.HasSetting(UseAlternativeDuration) + [String.StartsWith(ListItem.Duration,77) | String.StartsWith(Window.Property(duration),77)]">$NUMBER[12]$LOCALIZE[31403]$NUMBER[5]$VAR[DurationMinutes]</value>
		<value condition="Skin.HasSetting(UseAlternativeDuration) + [String.StartsWith(ListItem.Duration,78) | String.StartsWith(Window.Property(duration),78)]">$NUMBER[13]$LOCALIZE[31403]$NUMBER[0]$VAR[DurationMinutes]</value>
		<value condition="Skin.HasSetting(UseAlternativeDuration) + [String.StartsWith(ListItem.Duration,79) | String.StartsWith(Window.Property(duration),79)]">$NUMBER[13]$LOCALIZE[31403]$NUMBER[1]$VAR[DurationMinutes]</value>
		<value condition="Skin.HasSetting(UseAlternativeDuration) + [String.StartsWith(ListItem.Duration,80) | String.StartsWith(Window.Property(duration),80)]">$NUMBER[13]$LOCALIZE[31403]$NUMBER[2]$VAR[DurationMinutes]</value>
		<value condition="Skin.HasSetting(UseAlternativeDuration) + [String.StartsWith(ListItem.Duration,81) | String.StartsWith(Window.Property(duration),81)]">$NUMBER[13]$LOCALIZE[31403]$NUMBER[3]$VAR[DurationMinutes]</value>
		<value condition="Skin.HasSetting(UseAlternativeDuration) + [String.StartsWith(ListItem.Duration,82) | String.StartsWith(Window.Property(duration),82)]">$NUMBER[13]$LOCALIZE[31403]$NUMBER[4]$VAR[DurationMinutes]</value>
		<value condition="Skin.HasSetting(UseAlternativeDuration) + [String.StartsWith(ListItem.Duration,83) | String.StartsWith(Window.Property(duration),83)]">$NUMBER[13]$LOCALIZE[31403]$NUMBER[5]$VAR[DurationMinutes]</value>
		<value condition="Skin.HasSetting(UseAlternativeDuration) + [String.StartsWith(ListItem.Duration,84) | String.StartsWith(Window.Property(duration),84)]">$NUMBER[14]$LOCALIZE[31403]$NUMBER[0]$VAR[DurationMinutes]</value>
		<value condition="Skin.HasSetting(UseAlternativeDuration) + [String.StartsWith(ListItem.Duration,85) | String.StartsWith(Window.Property(duration),85)]">$NUMBER[14]$LOCALIZE[31403]$NUMBER[1]$VAR[DurationMinutes]</value>
		<value condition="Skin.HasSetting(UseAlternativeDuration) + [String.StartsWith(ListItem.Duration,86) | String.StartsWith(Window.Property(duration),86)]">$NUMBER[14]$LOCALIZE[31403]$NUMBER[2]$VAR[DurationMinutes]</value>
		<value condition="Skin.HasSetting(UseAlternativeDuration) + [String.StartsWith(ListItem.Duration,87) | String.StartsWith(Window.Property(duration),87)]">$NUMBER[14]$LOCALIZE[31403]$NUMBER[3]$VAR[DurationMinutes]</value>
		<value condition="Skin.HasSetting(UseAlternativeDuration) + [String.StartsWith(ListItem.Duration,88) | String.StartsWith(Window.Property(duration),88)]">$NUMBER[14]$LOCALIZE[31403]$NUMBER[4]$VAR[DurationMinutes]</value>
		<value condition="Skin.HasSetting(UseAlternativeDuration) + [String.StartsWith(ListItem.Duration,89) | String.StartsWith(Window.Property(duration),89)]">$NUMBER[14]$LOCALIZE[31403]$NUMBER[5]$VAR[DurationMinutes]</value>
		<value condition="Skin.HasSetting(UseAlternativeDuration) + [String.StartsWith(ListItem.Duration,90) | String.StartsWith(Window.Property(duration),90)]">$NUMBER[15]$LOCALIZE[31403]$NUMBER[0]$VAR[DurationMinutes]</value>
		<value condition="Skin.HasSetting(UseAlternativeDuration) + [String.StartsWith(ListItem.Duration,91) | String.StartsWith(Window.Property(duration),91)]">$NUMBER[15]$LOCALIZE[31403]$NUMBER[1]$VAR[DurationMinutes]</value>
		<value condition="Skin.HasSetting(UseAlternativeDuration) + [String.StartsWith(ListItem.Duration,92) | String.StartsWith(Window.Property(duration),92)]">$NUMBER[15]$LOCALIZE[31403]$NUMBER[2]$VAR[DurationMinutes]</value>
		<value condition="Skin.HasSetting(UseAlternativeDuration) + [String.StartsWith(ListItem.Duration,93) | String.StartsWith(Window.Property(duration),93)]">$NUMBER[15]$LOCALIZE[31403]$NUMBER[3]$VAR[DurationMinutes]</value>
		<value condition="Skin.HasSetting(UseAlternativeDuration) + [String.StartsWith(ListItem.Duration,94) | String.StartsWith(Window.Property(duration),94)]">$NUMBER[15]$LOCALIZE[31403]$NUMBER[4]$VAR[DurationMinutes]</value>
		<value condition="Skin.HasSetting(UseAlternativeDuration) + [String.StartsWith(ListItem.Duration,95) | String.StartsWith(Window.Property(duration),95)]">$NUMBER[15]$LOCALIZE[31403]$NUMBER[5]$VAR[DurationMinutes]</value>
		<value condition="Skin.HasSetting(UseAlternativeDuration) + [String.StartsWith(ListItem.Duration,96) | String.StartsWith(Window.Property(duration),96)]">$NUMBER[16]$LOCALIZE[31403]$NUMBER[0]$VAR[DurationMinutes]</value>
		<value condition="Skin.HasSetting(UseAlternativeDuration) + [String.StartsWith(ListItem.Duration,97) | String.StartsWith(Window.Property(duration),97)]">$NUMBER[16]$LOCALIZE[31403]$NUMBER[1]$VAR[DurationMinutes]</value>
		<value condition="Skin.HasSetting(UseAlternativeDuration) + [String.StartsWith(ListItem.Duration,98) | String.StartsWith(Window.Property(duration),98)]">$NUMBER[16]$LOCALIZE[31403]$NUMBER[2]$VAR[DurationMinutes]</value>
		<value condition="Skin.HasSetting(UseAlternativeDuration) + [String.StartsWith(ListItem.Duration,99) | String.StartsWith(Window.Property(duration),99)]">$NUMBER[16]$LOCALIZE[31403]$NUMBER[3]$VAR[DurationMinutes]</value>
		<value condition="!String.IsEmpty(Window(home).Property(SkinHelper.MovieSet.Runtime))">$INFO[Window(home).Property(SkinHelper.MovieSet.Runtime)]</value>
		<value condition="!String.IsEmpty(Window.Property(duration))">$INFO[Window.Property(duration)]</value>
		<value>$INFO[ListItem.Duration]</value>
	</variable>
	 
	<variable name="SeasonEpisodesNumberVar">
		<value condition="Integer.IsLessOrEqual(ListItem.Season,9) + Integer.IsLessOrEqual(ListItem.Episode,9)">$INFO[ListItem.Season,S0,]$INFO[ListItem.Episode,E0,]</value> 
		<value condition="Integer.IsLessOrEqual(ListItem.Season,9)">$INFO[ListItem.Season,S0,]$INFO[ListItem.Episode,E,]</value> 
		<value condition="Integer.IsLessOrEqual(ListItem.Episode,9)">$INFO[ListItem.Season,S,]$INFO[ListItem.Episode,E0,]</value> 
		<value>$INFO[ListItem.Season,S,]$INFO[ListItem.Episode,E,]</value>
	</variable>
	
	<variable name="ShutDownButton">
		<value condition="System.HasAlarm(ShutdownTimer)">$LOCALIZE[20151]</value>
		<value condition="!System.HasAlarm(ShutdownTimer)">$LOCALIZE[20150]</value>
	</variable>
	
	<variable name="ContextMenuLabel2001">
        <value condition="Container.Content(Artists) + Window.IsVisible(MusicLibrary)">$ADDON[script.extendedinfo 32010]</value>
        <value condition="Container.Content(Actors)">$LOCALIZE[31035]</value>
        <value condition="Container.Content(Directors)">$LOCALIZE[31036]</value>
        <value condition="Container.Content(Movies) | Container.Content(TVShows)">$LOCALIZE[31087]</value>
        <value condition="Container.Content(Seasons) + !String.IsEmpty(ListItem.Season)">$LOCALIZE[31045]</value>
        <value condition="[Container.Content(Seasons) + String.IsEmpty(ListItem.Season)] | Container.Content(Episodes)">$LOCALIZE[31299]</value>
        <value>$LOCALIZE[21891]</value>
    </variable>
	
	<variable name="SettingsMenubarDescription">
		<value condition="Control.HasFocus(101)">$LOCALIZE[31136]</value>
		<value condition="Control.HasFocus(104)">$LOCALIZE[31959]</value>
		<value condition="Control.HasFocus(105)">$LOCALIZE[31140]</value>
		<value condition="Control.HasFocus(110)">$LOCALIZE[31141]</value>
		<value condition="Control.HasFocus(103)">$LOCALIZE[31954]</value>
		<value condition="Control.HasFocus(106)">$LOCALIZE[31139]</value>
		<value condition="Control.HasFocus(107)">$LOCALIZE[31137]</value>
		<value condition="Control.HasFocus(108)">$LOCALIZE[31138]</value>
		<value condition="Control.HasFocus(109)">$LOCALIZE[31142]</value>
		
	</variable>
	
	<variable name="SkinSettingsAddonsDescription">
		<value condition="Control.HasFocus(7002)">&#x5b;$LOCALIZE[31462]&#x5d; $LOCALIZE[31439]</value>
		<value condition="Control.HasFocus(7003)">&#x5b;$LOCALIZE[31462]&#x5d; $LOCALIZE[31440]</value>
		<value condition="Control.HasFocus(7004)">&#x5b;$LOCALIZE[31462]&#x5d;</value>
		<value condition="Control.HasFocus(7005)">&#x5b;$LOCALIZE[31462]&#x5d; $LOCALIZE[31441]</value>
		<value condition="Control.HasFocus(7006)">&#x5b;$LOCALIZE[31462]&#x5d; $LOCALIZE[31442]</value>
		<value condition="Control.HasFocus(7007)">$LOCALIZE[31443]</value>
		<value condition="Control.HasFocus(7009)">&#x5b;$LOCALIZE[31462]&#x5d; $LOCALIZE[31444]</value>
		<value condition="Control.HasFocus(7010)">&#x5b;$LOCALIZE[31462]&#x5d; $LOCALIZE[31445]</value>
		<value condition="Control.HasFocus(7011)">&#x5b;$LOCALIZE[31462]&#x5d; $LOCALIZE[31446]</value>
		<value condition="Control.HasFocus(7012)">&#x5b;$LOCALIZE[31462]&#x5d; $LOCALIZE[31447]</value>
		<value condition="Control.HasFocus(7013)">$LOCALIZE[31448]</value>
		<value condition="Control.HasFocus(7022)">$LOCALIZE[31449]</value>
		<value condition="Control.HasFocus(7024)">$LOCALIZE[31450]</value>
		<value condition="Control.HasFocus(7014)">$LOCALIZE[31451]</value>
		<value condition="Control.HasFocus(7015)">$LOCALIZE[31452]</value>
		<value condition="Control.HasFocus(7016)">$LOCALIZE[31453]</value>
		<value condition="Control.HasFocus(7023)">$LOCALIZE[31454]</value>
		<value condition="Control.HasFocus(7025)">$LOCALIZE[31455]</value>
		<value condition="Control.HasFocus(7017)">$LOCALIZE[31456]</value>
		<value condition="Control.HasFocus(7018)">$LOCALIZE[31457]</value>
		<value condition="Control.HasFocus(7019)">$LOCALIZE[31458]</value>
		<value condition="Control.HasFocus(7020)">$LOCALIZE[31459]</value>
		<value condition="Control.HasFocus(7021)">$LOCALIZE[31460]</value>
	</variable>
	
	<variable name="DialogSelectLabel2">
		<value condition="!String.IsEmpty(ListItem.AddonVersion)">$INFO[ListItem.AddonVersion]</value>
		<value condition="!String.IsEmpty(ListItem.AddonSummary)">$INFO[ListItem.AddonSummary]</value>
		<value>$INFO[ListItem.Label2]</value>
	</variable>
	
	<variable name="ViewOptionsScrollbarLabel">
		<value condition="Skin.HasSetting(EnableQuickJump)">$LOCALIZE[31135]</value>
		<value>$LOCALIZE[31025]</value>
	</variable>
	
	<include name="ScreenSize">
		<width>ScreenWidth</width>
		<height>ScreenHeight</height>
	</include>
	
	<include name="BackgroundSize">
		<width>ScreenWidth</width>
		<height>ScreenHeight</height>
	</include>
	
	<include name="ViewsDialogPopUpScreenDim">
		<control type="image">
			<include>ScreenSize</include>
			<texture>dim.png</texture>
			<animation effect="fade" start="0" end="50" time="450">VisibleChange</animation>
			<visible>Window.IsActive(3002) | Window.IsActive(3003) | Window.IsActive(3004) | Window.IsActive(3006) | Window.IsActive(3010) | Window.IsActive(3017) | Window.IsActive(3018)</visible>
		</control>
	</include>
	
	<include name="DialogPopUpScreenDim">
		<control type="image">
			<include>ScreenSize</include>
			<texture>dim.png</texture>
			<animation effect="fade" start="0" end="50" time="450">VisibleChange</animation>
			<visible>Window.IsActive(ShutdownMenu) | Window.IsActive(NumericInput) | Window.IsActive(LockSettings) | Window.IsActive(PlayerControls) | Window.IsActive(Favourites) | Window.IsActive(VirtualKeyboard)</visible>
		</control>
	</include>
	
	<include name="TopBarImage">	
		<control type="image">
			<width>ScreenWidth</width>
			<height>47</height>
			<texture border="0,0,0,6">gui/top-bar-background.png</texture>
			<aspectratio>stretch</aspectratio>
			<animation effect="fade" end="83" condition="true">Conditional</animation>
		</control>	
		
		<control type="image">
			<width>ScreenWidth</width>
			<height>43</height>
			<texture>gui/bottom-bar-overlay.png</texture>
			<animation effect="fade" end="68" condition="true">Conditional</animation>
		</control>
	</include>
	
	<include name="HomeTopBarImage">	
		<control type="image">
			<width>ScreenWidth</width>
			<height>47</height>
			<texture border="0,0,0,6">gui/top-bar-background.png</texture>
			<aspectratio>stretch</aspectratio>
			<animation effect="fade" end="83" condition="true">Conditional</animation>
		</control>	
	</include>
	
	<include name="HomeTopBarOverlay">
		<control type="image">
			<width>ScreenWidth</width>
			<height>43</height>
			<texture>gui/bottom-bar-overlay.png</texture>
			<animation effect="fade" end="68" condition="true">Conditional</animation>
		</control>
	</include>
	
	<include name="NotifyPanel">
		<control type="image">
			<top>-5</top>
			<width>360</width>
			<height>50</height>
			<texture border="20,0,20,8">panels/notify-panel.png</texture>
			<aspectratio>stretch</aspectratio>
		</control>	
	</include>
	
	<include name="NotifyPanelIcon">
		<left>20</left>
		<top>6</top>
		<width>30</width>
		<height>30</height>
		<aspectratio>stretch</aspectratio>
		<animation effect="fade" end="60" condition="true">Conditional</animation>
	</include>
	
	<include name="NotifyPanelLabel">
		<left>60</left>
		<top>2</top>
		<width>275</width>
		<height>16</height>
		<font>NowPlayingFont</font>	
		<textcolor>WhiteColor</textcolor>
		<scrollout>false</scrollout>
		<pauseatend>1500</pauseatend>
		<scroll>no</scroll>
	</include>
	
	<include name="NotifyPanelLabel2">
		<left>60</left>
		<top>20</top>
		<width>275</width>
		<height>16</height>
		<font>NowPlayingFont2</font>	
		<textcolor>GreyColor2</textcolor>
		<scrollout>false</scrollout>
		<pauseatend>1500</pauseatend>
		<scroll>true</scroll>
	</include>
	
	<include name="PlayerControlsPanel">
		<control type="image">
			<left>28</left>
			<width>1224</width>
			<height>75</height>
			<texture border="8">panels/panel.png</texture>
			<aspectratio>stretch</aspectratio>
		</control>	
	</include>
	
	<include name="LoginScreenPaneImage">	
		<control type="image">
			<left>28</left>
			<width>1224</width>
			<height>75</height>
			<texture border="8">panels/panel.png</texture>
		</control>	
	</include>

	<include name="LoginScreenPaneDetails">
		<control type="label">
			<left>47</left>
			<top>25</top>
			<font>DefaultHeadFont</font>
			<textcolor>GreyColor2</textcolor>
			<aligny>center</aligny>
			<label>$INFO[System.Date] [COLOR=GreyColor]|[/COLOR] $INFO[System.Time] [COLOR=GreyColor]|[/COLOR] [COLOR=DefaultColor]$INFO[ListItem.Label2][/COLOR]</label>
		</control>
		
		<control type="grouplist" id="213">
			<left>1121</left>
			<top>10</top>
			<orientation>horizontal</orientation>
			<onup>52</onup>
			<onleft>213</onleft>
			<onright>213</onright>
			<control type="button" id="101">
				<description>Quit</description>
				<width>35</width>
				<height>35</height>
				<texturefocus>osd/osd-exit-focus.png</texturefocus>
				<texturenofocus>osd/osd-exit-nofocus.png</texturenofocus>
				<pulseonselect>false</pulseonselect>
				<onclick>Quit()</onclick>
			</control>
			<control type="button" id="102">
				<description>Reboot</description>
				<width>35</width>
				<height>35</height>
				<texturefocus>osd/osd-reboot-focus.png</texturefocus>
				<texturenofocus>osd/osd-reboot-nofocus.png</texturenofocus>
				<pulseonselect>false</pulseonselect>
				<onclick>Reset()</onclick>
			</control>	
			<control type="button" id="103">
				<description>Shutdown</description>
				<width>35</width>
				<height>35</height>
				<texturefocus>osd/osd-shutdown-focus.png</texturefocus>
				<texturenofocus>osd/osd-shutdown-nofocus.png</texturenofocus>
				<pulseonselect>false</pulseonselect>
				<onclick>Shutdown()</onclick>
			</control>	
		</control>
	</include>
	
	<include name="ContextMenuBtn">
		<width>280</width>
		<textwidth>270</textwidth>
		<scroll>true</scroll>
	</include>
	
	<include name="ShutdownContextMenuBtn">
		<width>280</width>
		<textwidth>230</textwidth>
		<scroll>true</scroll>
	</include>
	
	<!-- Settings -->
	<include name="SettingsCatBtn">
		<width>215</width>
		<height>50</height>
		<font>SettingsCatFont</font>
		<textcolor>SettingsCatColor</textcolor>
		<shadowcolor>ShadowColor</shadowcolor>
		<textwidth>195</textwidth>
		<textoffsetx>10</textoffsetx>
		<align>left</align>
		<texturefocus border="5">controls/button-focus.png</texturefocus>
		<texturenofocus border="5">-</texturenofocus>
		<pulseonselect>false</pulseonselect>
	</include>
	
	<include name="SettingsInactiveCatBtn">
		<width>215</width>
		<height>50</height>
		<font>SettingsCatFont</font>
		<textcolor>SelectedColor</textcolor>
		<shadowcolor>ShadowColor</shadowcolor>
		<textwidth>195</textwidth>
		<textoffsetx>10</textoffsetx>
		<align>left</align>
		<texturefocus border="5">-</texturefocus>
		<texturenofocus border="5">settings/settings-cat-button-alt-focus.png</texturenofocus>
		<pulseonselect>false</pulseonselect>
	</include>
	
	<include name="SettingsHeaderBtn">
		<width>755</width>
		<height>50</height>
		<font>SettingsHeadFont</font>
		<textcolor>SettingsContentColor</textcolor>
		<shadowcolor>ShadowColor</shadowcolor>
		<disabledcolor>ContentTitleColor</disabledcolor>
		<align>left</align>
		<textoffsetx>0</textoffsetx>
		<textwidth>755</textwidth>
		<texturefocus border="5">controls/settings-button-nofocus.png</texturefocus>
		<texturenofocus border="5">controls/settings-button-nofocus.png</texturenofocus>
		<pulseonselect>false</pulseonselect>
		<enable>false</enable>
	</include>
	
	<include name="SettingsBackBtn">
		<left>-50</left>
		<top>250</top>
		<width>28</width>
		<height>41</height>
		<texturefocus flipx="true">controls/nav-arrow-right-focus.png</texturefocus>
		<texturenofocus flipx="true">controls/nav-arrow-right-nofocus.png</texturenofocus>
	</include>
	
	<include name="SettingsInfoLabel">
		<left>755</left>
		<top>548</top>
		<width>560</width>
		<font>SettingsContentFont2</font>
		<textcolor>MediaInfoTitleColor2</textcolor>
		<shadowcolor>ShadowColor</shadowcolor>
		<align>right</align>
	</include>

	<include name="SettingsContentBtn">
		<width>755</width>
		<height>50</height>
		<font>SettingsContentFont</font>
		<textcolor>SettingsContentColor</textcolor>
		<shadowcolor>ShadowColor</shadowcolor>
		<align>left</align>
		<textoffsetx>10</textoffsetx>
		<textwidth>735</textwidth>
		<texturefocus border="5">controls/settings-button-focus.png</texturefocus>
		<texturenofocus border="5">controls/settings-button-nofocus.png</texturenofocus>
		<pulseonselect>false</pulseonselect>
	</include>
	
	<include name="SettingsSystemInfoContentBtn">
		<width>755</width>
		<height>40</height>
		<font>SettingsContentFont</font>
		<textcolor>SettingsContentColor</textcolor>
		<disabledcolor>SettingsContentColor</disabledcolor>
		<shadowcolor>ShadowColor</shadowcolor>
		<align>left</align>
		<textoffsetx>10</textoffsetx>
		<textwidth>735</textwidth>
		<texturefocus border="5">-</texturefocus>
		<texturenofocus border="5">-</texturenofocus>
		<pulseonselect>false</pulseonselect>
		<enable>false</enable>
	</include>
	
	<include name="SettingsContentRadioBtn">
		<width>755</width>
		<height>50</height>
		<font>SettingsContentFont</font>
		<textcolor>SettingsContentColor</textcolor>
		<shadowcolor>ShadowColor</shadowcolor>
		<align>left</align>
		<textoffsetx>10</textoffsetx>
		<textwidth>675</textwidth>
		<texturefocus border="5">controls/settings-button-focus.png</texturefocus>
		<texturenofocus border="5">controls/settings-button-nofocus.png</texturenofocus>
		<pulseonselect>false</pulseonselect>
	</include>
	
	<include name="SettingsContentToggleBtn">
		<width>755</width>
		<height>50</height>
		<font>SettingsContentFont</font>
		<textcolor>SettingsContentColor</textcolor>
		<shadowcolor>ShadowColor</shadowcolor>
		<align>left</align>
		<textoffsetx>10</textoffsetx>
		<textwidth>675</textwidth>
		<texturefocus border="5">controls/settings-toggle-button-focus.png</texturefocus>
		<texturenofocus border="5">controls/settings-toggle-button-nofocus.png</texturenofocus>
		<alttexturefocus border="5">controls/settings-toggle-button-focus2.png</alttexturefocus>
		<alttexturenofocus border="5">controls/settings-toggle-button-nofocus2.png</alttexturenofocus>
		<pulseonselect>false</pulseonselect>
	</include>
	
	<include name="SettingsContentExpandBtn">
		<width>755</width>
		<height>50</height>
		<font>SettingsContentFont</font>
		<textcolor>SettingsContentColor</textcolor>
		<shadowcolor>ShadowColor</shadowcolor>
		<align>left</align>
		<textoffsetx>10</textoffsetx>
		<textwidth>675</textwidth>
		<radiowidth>50</radiowidth>
		<radioheight>25</radioheight>
		<textureradiofocus>settings/settings-expand-arrow.png</textureradiofocus>
		<textureradionofocus>settings/settings-expand-arrow.png</textureradionofocus>
		<texturefocus border="5">controls/settings-button-focus.png</texturefocus>
		<texturenofocus border="5">controls/settings-button-nofocus.png</texturenofocus>
		<pulseonselect>false</pulseonselect>
	</include>
	
	<include name="ExpandedSettingsListBtn">
		<width>540</width>
		<height>50</height>
		<font>SettingsContentFont</font>
		<textcolor>SettingsContentColor</textcolor>
		<shadowcolor>ShadowColor</shadowcolor>
		<align>left</align>
		<textoffsetx>10</textoffsetx>
		<textwidth>520</textwidth>
		<texturefocus border="5">controls/settings-button-focus.png</texturefocus>
		<texturenofocus border="5">controls/settings-button-nofocus.png</texturenofocus>
		<pulseonselect>false</pulseonselect>
	</include>
	
	<include name="ExpandedSettingsHeaderBtn">
		<width>540</width>
		<height>50</height>
		<font>SettingsHeadFont</font>
		<textcolor>SettingsContentColor</textcolor>
		<shadowcolor>ShadowColor</shadowcolor>
		<disabledcolor>ContentTitleColor</disabledcolor>
		<align>left</align>
		<textoffsetx>0</textoffsetx>
		<textwidth>540</textwidth>
		<texturefocus border="5">controls/settings-button-nofocus.png</texturefocus>
		<texturenofocus border="5">controls/settings-button-nofocus.png</texturenofocus>
		<enable>false</enable>
	</include>
	
	<include name="ExpandedSettingsGroupRadioBtn">
		<width>174</width>
		<height>50</height>
		<font>SettingsContentFont</font>
		<textcolor>SettingsContentColor</textcolor>
		<shadowcolor>ShadowColor</shadowcolor>
		<align>left</align>
		<textoffsetx>10</textoffsetx>
		<textwidth>114</textwidth>
		<radioposx>126</radioposx>
		<textureradiofocus>controls/radio-button-focus3.png</textureradiofocus>
		<textureradionofocus>controls/radio-button-nofocus3.png</textureradionofocus>
		<texturefocus border="5">controls/button-focus.png</texturefocus>
		<texturenofocus border="5">controls/button-nofocus.png</texturenofocus>
		<alttexturefocus border="5">controls/button-focus.png</alttexturefocus>
		<alttexturenofocus border="5">controls/button-nofocus.png</alttexturenofocus>
		<pulseonselect>false</pulseonselect>
	</include>

	<include name="ExpandedSettingsToggleBtn">
		<width>540</width>
		<height>50</height>
		<font>SettingsContentFont</font>
		<textcolor>SettingsContentColor</textcolor>
		<shadowcolor>ShadowColor</shadowcolor>
		<align>left</align>
		<textoffsetx>10</textoffsetx>
		<textwidth>460</textwidth>
		<texturefocus border="5">controls/settings-toggle-button2-focus.png</texturefocus>
		<texturenofocus border="5">controls/settings-toggle-button2-nofocus.png</texturenofocus>
		<alttexturefocus border="5">controls/settings-toggle-button2-focus2.png</alttexturefocus>
		<alttexturenofocus border="5">controls/settings-toggle-button2-nofocus2.png</alttexturenofocus>
		<pulseonselect>false</pulseonselect>
	</include>

	<include name="ExpandedSettingsRadioBtn">
		<width>205</width>
		<height>50</height>
		<font>SettingsContentFont</font>
		<textcolor>SettingsContentColor</textcolor>
		<shadowcolor>ShadowColor</shadowcolor>
		<align>left</align>
		<textoffsetx>10</textoffsetx>
		<textwidth>125</textwidth>
		<radioposx>144</radioposx>
		<textureradiofocus>controls/radio-button-focus.png</textureradiofocus>
		<textureradionofocus>controls/radio-button-nofocus.png</textureradionofocus>
		<texturefocus border="5">controls/button-focus.png</texturefocus>
		<texturenofocus border="5">controls/button-nofocus.png</texturenofocus>
		<alttexturefocus border="5">controls/button-focus.png</alttexturefocus>
		<alttexturenofocus border="5">controls/button-nofocus.png</alttexturenofocus>
		<pulseonselect>false</pulseonselect>
	</include>
	
	<include name="ExpandedSettingsImagePreview">
		<width>205</width>
		<height>195</height>
		<bordersize>10</bordersize>
		<aspectratio>keep</aspectratio>
		<include>ControlsOpenCloseAnim</include>
	</include>
	<!-- END Settings -->
	
	<include name="KeyboardSmallBtn">	
		<width>48</width>
	    <height>48</height>
	    <font>DefaultFontB</font>		
	</include>
	
	<include name="KeyboardBigBtn">	
		<width>98</width>
	    <height>48</height>			
	</include>

	<include name="FileManagerInfoLabel">
		<width>180</width>
		<height>10</height>
		<font>FileManagerInfoFont</font>
		<textcolor>MediaInfoItemColor</textcolor>
		<shadowcolor>ShadowColor</shadowcolor>
		<align>center</align>
	</include>
	
	<include name="FileManagerInfoLabel2">
		<width>180</width>
		<height>32</height>
		<font>FileManagerInfoFont</font>
		<textcolor>MediaInfoItemColor2</textcolor>
		<shadowcolor>ShadowColor</shadowcolor>
		<align>center</align>
	</include>

	<include name="FSMediaInfoBackgroundDim">
		<control type="image">
			<depth>DepthBackground</depth>
			<include>BackgroundSize</include>
			<texture>views/fanart-dim.png</texture>
			<include>MediaViewOpenCloseAnim</include>
			<animation effect="fade" end="60" condition="true">Conditional</animation>
		</control>
	</include>
	
	<include name="FSMediaInfoBackgroundDim2">
		<control type="image">
			<depth>DepthBackground</depth>
			<include>BackgroundSize</include>
			<texture>views/fanart-dim.png</texture>
			<include>MediaViewOpenCloseAnim</include>
			<animation effect="fade" end="80" condition="true">Conditional</animation>
		</control>
	</include>
	
	<include name="FSMediaInfoBackgroundDim3">
		<control type="image">
			 <include>BackgroundSize</include>
			 <texture>views/fanart-dim.png</texture>
			 <include>MediaViewOpenCloseAnim</include>
			 <animation effect="fade" end="70" condition="true">Conditional</animation>
		</control>
	</include>
	
	<!-- Sort Letter Notification -->
	<variable name="SortLetterNotificationVar">
		<value condition="Control.HasFocus(584)">$INFO[Container(584).ListItem.SortLetter]</value>
		<value condition="Control.HasFocus(120)">$INFO[Container(120).ListItem.SortLetter]</value>
		<value condition="Control.HasFocus(221)">$INFO[Container(221).ListItem.SortLetter]</value>
		<value condition="Control.HasFocus(211)">$INFO[Container(211).ListItem.SortLetter]</value>
		<value condition="Control.HasFocus(111)">$INFO[Container(111).ListItem.SortLetter]</value>
		<value condition="Control.HasFocus(121)">$INFO[Container(121).ListItem.SortLetter]</value>
		<value condition="Control.HasFocus(131)">$INFO[Container(131).ListItem.SortLetter]</value>
		<value condition="Control.HasFocus(141)">$INFO[Container(141).ListItem.SortLetter]</value>
		<value condition="Control.HasFocus(151)">$INFO[Container(151).ListItem.SortLetter]</value>
		<value condition="Control.HasFocus(161)">$INFO[Container(161).ListItem.SortLetter]</value>
		<value condition="Control.HasFocus(171)">$INFO[Container(171).ListItem.SortLetter]</value>
		<value condition="Control.HasFocus(181)">$INFO[Container(181).ListItem.SortLetter]</value>
		<value condition="Control.HasFocus(145)">$INFO[Container(145).ListItem.SortLetter]</value>
		<value>$INFO[ListItem.SortLetter]</value>
	</variable>

	<include name="SortLetterNotification">
		<control type="group">
			<visible>Container.Scrolling | Container(584).Scrolling | [Window.IsActive(script-globalsearch-main.xml) + [Container(221).Scrolling | Container(111).Scrolling | Container(211).Scrolling | Container(121).Scrolling | Container(131).Scrolling | Container(141).Scrolling | Container(151).Scrolling | Container(161).Scrolling | Container(171).Scrolling | Container(181).Scrolling]]</visible>
		
			<animation type="Visible">
				<effect type="fade" start="0" end="100" time="300" delay="100"/>
				<effect type="slide" start="-60,0" time="400" tween="cubic" easing="out" delay="100"/>	
			</animation>
			
			<animation type="Hidden">
				<effect type="fade" start="100" end="0" time="300" delay="1000"/>
				<effect type="slide" end="-60,0" time="400" delay="1000" tween="cubic" easing="out"/>	
			</animation>
			
			<control type="label">
				<height>43</height>
				<width>42</width>
				<align>center</align>
				<aligny>center</aligny>
				<font>BreadCrumbFont</font>
				<textcolor>BreadCrumbColor</textcolor>
				<label>[B]$VAR[SortLetterNotificationVar][/B]</label>
			</control>
		</control>
	</include>
	<!-- END Sort Letter Notification -->
	
	<include name="RedirectBtn">
		<left>-1</left>
		<top>-1</top>
		<width>1</width>
		<height>1</height>
		<texturefocus>-</texturefocus>
		<texturenofocus>-</texturenofocus>
	</include>
	
	<include name="DropDownMenuCloseHitRect">
		<include>ScreenSize</include>
		<texturenofocus>-</texturenofocus>
		<texturefocus>-</texturefocus>
		<onclick>Control.SetFocus(500)</onclick>
	</include>
	
	<include name="ReloadSkinNotification">
		<onclick>Notification($LOCALIZE[32024],$LOCALIZE[31219],3000,)</onclick>
	</include>
	
	<!-- DialogVideoInfo.xml -->
	<variable name="DialogVideoInfoButton8">
		<value condition="String.IsEqual(ListItem.DBTYPE,movie) | String.IsEqual(ListItem.DBTYPE,episode) | String.IsEqual(ListItem.DBTYPE,musicvideo)">$LOCALIZE[208]</value>
		<value>$LOCALIZE[21385]</value>
	</variable>
	
	<variable name="DialogVideoInfoLabel">
        <value condition="Skin.String(DialogVideoInfoButtonMenu,director)">$LOCALIZE[31036]</value>
        <value condition="Skin.String(DialogVideoInfoButtonMenu,writer)">$LOCALIZE[31037]</value>
        <value condition="Skin.String(DialogVideoInfoButtonMenu,artist)">$LOCALIZE[21891]</value>
    </variable>
	
	<include name="DialogVideoInfoActors1">
		<left>470</left>
		<top>460</top>
		<width>710</width>
		<height>175</height>
		<onup>901</onup>
		<itemlayout height="35" width="355">		
			<control type="image">
				<left>5</left>
				<top>5</top>
				<width>24</width>
				<height>24</height>
				<texture background="true">$INFO[ListItem.ActualIcon].png</texture>
			</control>
			<control type="label">
				<top>6</top>
				<left>35</left>
				<width>318</width>
				<height>23</height>
				<font>FullMediaInfoDescFont</font>
				<textcolor>GreyColor2</textcolor>
				<selectedcolor>SelectedColor</selectedcolor>
				<shadowcolor>ShadowColor</shadowcolor>
				<align>left</align>
				<aligny>center</aligny>
				<label>$INFO[ListItem.Label]$INFO[ListItem.Label2, $LOCALIZE[20347] ,]</label>
			</control>				
		</itemlayout>				
		<focusedlayout height="35" width="355">				
			<control type="image">
				<width>355</width>
				<height>33</height>
				<texture border="4">views/list-focus.png</texture>
				<include>ListViewSelectFadeAnim</include>
			</control>	
			<control type="image">
				<left>5</left>
				<top>5</top>
				<width>24</width>
				<height>24</height>
				<texture background="true">$INFO[ListItem.ActualIcon].png</texture>
			</control>
			<control type="label">
				<top>6</top>
				<left>35</left>
				<width>318</width>
				<height>23</height>
				<font>FullMediaInfoDescFont</font>
				<textcolor>GreyColor2</textcolor>
				<selectedcolor>SelectedColor</selectedcolor>
				<shadowcolor>ShadowColor</shadowcolor>
				<align>left</align>
				<aligny>center</aligny>
				<label>$INFO[ListItem.Label]$INFO[ListItem.Label2, $LOCALIZE[20347] ,]</label>
			</control>
		</focusedlayout>
	</include>
	
	<include name="DialogVideoInfoActors2">
		<left>61</left>
		<top>470</top>
		<width>1160</width>
		<height>140</height>
		<onup>901</onup>
		<itemlayout height="35" width="386">		
			<control type="image">
				<left>5</left>
				<top>5</top>
				<width>24</width>
				<height>24</height>
				<texture background="true">$INFO[ListItem.ActualIcon].png</texture>
			</control>
			<control type="label">
				<top>6</top>
				<left>35</left>
				<width>346</width>
				<height>23</height>
				<font>FullMediaInfoDescFont</font>
				<textcolor>GreyColor2</textcolor>
				<selectedcolor>SelectedColor</selectedcolor>
				<shadowcolor>ShadowColor</shadowcolor>
				<align>left</align>
				<aligny>center</aligny>
				<label>$INFO[ListItem.Label]$INFO[ListItem.Label2, $LOCALIZE[20347] ,]</label>
			</control>				
		</itemlayout>				
		<focusedlayout height="35" width="386">				
			<control type="image">
				<width>386</width>
				<height>33</height>
				<texture border="4">views/list-focus.png</texture>
				<include>ListViewSelectFadeAnim</include>
			</control>	
			<control type="image">
				<left>5</left>
				<top>5</top>
				<width>24</width>
				<height>24</height>
				<texture background="true">$INFO[ListItem.ActualIcon].png</texture>
			</control>
			<control type="label">
				<top>6</top>
				<left>35</left>
				<width>346</width>
				<height>23</height>
				<font>FullMediaInfoDescFont</font>
				<textcolor>GreyColor2</textcolor>
				<selectedcolor>SelectedColor</selectedcolor>
				<shadowcolor>ShadowColor</shadowcolor>
				<align>left</align>
				<aligny>center</aligny>
				<label>$INFO[ListItem.Label]$INFO[ListItem.Label2, $LOCALIZE[20347] ,]</label>
			</control>
		</focusedlayout>
	</include>
	
	<include name="DialogVideoInfoActors3">
		<left>652</left>
		<top>409</top>
		<width>360</width>
		<height>232</height>
		<onup>505</onup>
		<itemlayout height="29" width="360">		
			<control type="image">
				<left>5</left>
				<top>3</top>
				<width>24</width>
				<height>24</height>
				<texture background="true">$INFO[ListItem.ActualIcon].png</texture>
			</control>
			<control type="label">
				<top>3</top>
				<left>35</left>
				<width>320</width>
				<height>23</height>
				<font>FullMediaInfoDescFont</font>
				<textcolor>GreyColor2</textcolor>
				<selectedcolor>SelectedColor</selectedcolor>
				<shadowcolor>ShadowColor</shadowcolor>
				<align>left</align>
				<aligny>center</aligny>
				<label>$INFO[ListItem.Label]$INFO[ListItem.Label2, $LOCALIZE[20347] ,]</label>
			</control>				
		</itemlayout>				
		<focusedlayout height="29" width="360">				
			<control type="image">
				<width>360</width>
				<height>29</height>
				<texture border="4">views/list-focus.png</texture>
				<include>ListViewSelectFadeAnim</include>
				<animation effect="slide" start="0,-29" time="200" tween="quadratic" easing="out" reversible="false" condition="Container(50).OnNext">Focus</animation>
				<animation effect="slide" start="0,29" time="200" tween="quadratic" easing="out" reversible="false" condition="Container(50).OnPrevious">Focus</animation>
			</control>	
			<control type="image">
				<left>5</left>
				<top>3</top>
				<width>24</width>
				<height>24</height>
				<texture background="true">$INFO[ListItem.ActualIcon].png</texture>
			</control>
			<control type="label">
				<top>3</top>
				<left>35</left>
				<width>320</width>
				<height>23</height>
				<font>FullMediaInfoDescFont</font>
				<textcolor>GreyColor2</textcolor>
				<selectedcolor>SelectedColor</selectedcolor>
				<shadowcolor>ShadowColor</shadowcolor>
				<align>left</align>
				<aligny>center</aligny>
				<label>$INFO[ListItem.Label]$INFO[ListItem.Label2, $LOCALIZE[20347] ,]</label>
			</control>
		</focusedlayout>
	</include>
	
	<include name="DialogVideoInfoActors4">
		<left>469</left>
		<top>459</top>
		<width>715</width>
		<height>175</height>
		<onup>901</onup>
		<orientation>horizontal</orientation>
		<itemlayout height="175" width="143">		
			<control type="image">
				<width>140</width>
				<height>175</height>
				<bordertexture border="4">covers/cover-case2.png</bordertexture>
				<bordersize>4</bordersize>
				<aspectratio align="center" aligny="center">scale</aspectratio>
				<texture background="true">$INFO[ListItem.Thumb]</texture>
			</control>
			<control type="image">
				<width>140</width>
				<height>175</height>
				<texture border="4">covers/cover-case2.png</texture>
				<visible>String.IsEmpty(ListItem.Thumb)</visible>
			</control>
			<control type="image">
				<top>7</top>
				<width>140</width>
				<height>140</height>
				<texture background="true">DefaultActor.png</texture>
				<aspectratio align="center" aligny="top">keep</aspectratio>
				<visible>String.IsEmpty(ListItem.Thumb)</visible>
			</control>
			<control type="image">
				<left>10</left>
				<top>140</top>
				<width>120</width>
				<height>27</height>
				<texture border="8">views/genre-background.png</texture>
				<visible>!String.IsEmpty(ListItem.Label)</visible>
			</control>
			<control type="label">
				<left>15</left>
				<top>144</top>
				<width>110</width>
				<align>center</align>
				<font>SubMenuArrowFont</font>
				<textcolor>WhiteColor</textcolor>
				<shadowcolor>ShadowColor</shadowcolor>
				<label>$INFO[ListItem.Label]</label>
				<visible>!String.IsEmpty(ListItem.Label)</visible>
			</control>
		</itemlayout>				
		<focusedlayout height="175" width="143">
			<control type="group">
				<include>ListViewCoverFocusAnim</include>
				<control type="image">
					<width>140</width>
					<height>175</height>
					<texture border="4">covers/cover-case-noshadow-focus.png</texture>
					<include>ListViewOverlayFadeAnim</include>
				</control>
				<control type="image">
					<width>140</width>
					<height>175</height>
					<texture border="4">black.png</texture>
					<bordersize>3</bordersize>
					<visible>String.IsEmpty(ListItem.Thumb)</visible>
				</control>
				<control type="image">
					<top>7</top>
					<width>140</width>
					<height>140</height>
					<texture background="true">DefaultActor.png</texture>
					<aspectratio align="center" aligny="top">keep</aspectratio>
					<visible>String.IsEmpty(ListItem.Thumb)</visible>
				</control>
				<control type="image">
					<top>2</top>
					<left>2</left>
					<width>136</width>
					<height>171</height>
					<bordertexture border="4">black.png</bordertexture>
					<bordersize>2</bordersize>
					<aspectratio align="center" aligny="center">scale</aspectratio>
					<texture background="true">$INFO[ListItem.Thumb]</texture>
				</control>
				<control type="image">
					<left>10</left>
					<top>140</top>
					<width>120</width>
					<height>27</height>
					<texture border="8">views/genre-background.png</texture>
					<visible>!String.IsEmpty(ListItem.Label)</visible>
				</control>
				<control type="label">
					<left>15</left>
					<top>144</top>
					<width>110</width>
					<align>center</align>
					<font>SubMenuArrowFont</font>
					<textcolor>SelectedColor2</textcolor>
					<shadowcolor>ShadowColor</shadowcolor>
					<label>$INFO[ListItem.Label]</label>
					<visible>!String.IsEmpty(ListItem.Label)</visible>
				</control>
			</control>
		</focusedlayout>
	</include>
	
	<include name="DialogVideoInfoActors5">
		<left>61</left>
		<top>460</top>
		<width>1160</width>
		<height>173</height>
		<onup>901</onup>
		<orientation>horizontal</orientation>
		<itemlayout height="173" width="145">		
			<control type="image">
				<width>142</width>
				<height>173</height>
				<bordertexture border="4">covers/cover-case2.png</bordertexture>
				<bordersize>4</bordersize>
				<aspectratio align="center" aligny="center">scale</aspectratio>
				<texture background="true">$INFO[ListItem.Thumb]</texture>
			</control>
			<control type="image">
				<width>142</width>
				<height>173</height>
				<texture border="4">covers/cover-case2.png</texture>
				<visible>String.IsEmpty(ListItem.Thumb)</visible>
			</control>
			<control type="image">
				<top>2</top>
				<width>142</width>
				<height>142</height>
				<texture background="true">DefaultActor.png</texture>
				<aspectratio align="center" aligny="top">keep</aspectratio>
				<visible>String.IsEmpty(ListItem.Thumb)</visible>
			</control>
			<control type="image">
				<left>10</left>
				<top>137</top>
				<width>122</width>
				<height>27</height>
				<texture border="8">views/genre-background.png</texture>
				<visible>!String.IsEmpty(ListItem.Label)</visible>
			</control>
			<control type="label">
				<left>15</left>
				<top>141</top>
				<width>112</width>
				<align>center</align>
				<font>SubMenuArrowFont</font>
				<textcolor>WhiteColor</textcolor>
				<shadowcolor>ShadowColor</shadowcolor>
				<label>$INFO[ListItem.Label]</label>
				<visible>!String.IsEmpty(ListItem.Label)</visible>
			</control>
		</itemlayout>				
		<focusedlayout height="173" width="145">
			<control type="group">
				<include>ListViewCoverFocusAnim</include>
				<control type="image">
					<width>142</width>
					<height>173</height>
					<texture border="4">covers/cover-case-noshadow-focus.png</texture>
					<include>ListViewOverlayFadeAnim</include>
				</control>
				<control type="image">
					<width>142</width>
					<height>173</height>
					<texture border="4">black.png</texture>
					<bordersize>3</bordersize>
					<visible>String.IsEmpty(ListItem.Thumb)</visible>
				</control>
				<control type="image">
					<top>2</top>
					<width>142</width>
					<height>142</height>
					<texture background="true">DefaultActor.png</texture>
					<aspectratio align="center" aligny="top">keep</aspectratio>
					<visible>String.IsEmpty(ListItem.Thumb)</visible>
				</control>
				<control type="image">
					<top>2</top>
					<left>2</left>
					<width>138</width>
					<height>169</height>
					<bordertexture border="4">black.png</bordertexture>
					<bordersize>2</bordersize>
					<aspectratio align="center" aligny="center">scale</aspectratio>
					<texture background="true">$INFO[ListItem.Thumb]</texture>
				</control>
				<control type="image">
					<left>10</left>
					<top>137</top>
					<width>122</width>
					<height>27</height>
					<texture border="8">views/genre-background.png</texture>
					<visible>!String.IsEmpty(ListItem.Label)</visible>
				</control>
				<control type="label">
					<left>15</left>
					<top>141</top>
					<width>112</width>
					<align>center</align>
					<font>SubMenuArrowFont</font>
					<textcolor>SelectedColor2</textcolor>
					<shadowcolor>ShadowColor</shadowcolor>
					<label>$INFO[ListItem.Label]</label>
					<visible>!String.IsEmpty(ListItem.Label)</visible>
				</control>
			</control>
		</focusedlayout>
	</include>
	
	<include name="DialogVideoInfoActors6">
		<left>651</left>
		<top>418</top>
		<width>532</width>
		<height>214</height>
		<onup>505</onup>
		<orientation>horizontal</orientation>
		<itemlayout height="214" width="133">		
			<control type="image">
				<width>130</width>
				<height>214</height>
				<bordertexture border="4">covers/cover-case2.png</bordertexture>
				<bordersize>4</bordersize>
				<aspectratio align="center" aligny="center">scale</aspectratio>
				<texture background="true">$INFO[ListItem.Thumb]</texture>
			</control>
			<control type="image">
				<width>130</width>
				<height>214</height>
				<texture border="4">covers/cover-case2.png</texture>
				<visible>String.IsEmpty(ListItem.Thumb)</visible>
			</control>
			<control type="image">
				<top>30</top>
				<width>130</width>
				<height>130</height>
				<texture background="true">DefaultActor.png</texture>
				<aspectratio align="center" aligny="top">keep</aspectratio>
				<visible>String.IsEmpty(ListItem.Thumb)</visible>
			</control>
			<control type="image">
				<left>8</left>
				<top>180</top>
				<width>114</width>
				<height>27</height>
				<texture border="8">views/genre-background.png</texture>
				<visible>!String.IsEmpty(ListItem.Label)</visible>
			</control>
			<control type="label">
				<left>13</left>
				<top>184</top>
				<width>104</width>
				<align>center</align>
				<font>SubMenuArrowFont</font>
				<textcolor>WhiteColor</textcolor>
				<shadowcolor>ShadowColor</shadowcolor>
				<label>$INFO[ListItem.Label]</label>
				<visible>!String.IsEmpty(ListItem.Label)</visible>
			</control>
		</itemlayout>				
		<focusedlayout height="214" width="133">
			<control type="group">
				<include>ListViewCoverFocusAnim</include>
				<control type="image">
					<width>130</width>
					<height>214</height>
					<texture border="4">covers/cover-case-noshadow-focus.png</texture>
					<include>ListViewOverlayFadeAnim</include>
				</control>
				<control type="image">
					<width>130</width>
					<height>214</height>
					<texture border="4">black.png</texture>
					<bordersize>3</bordersize>
					<visible>String.IsEmpty(ListItem.Thumb)</visible>
				</control>
				<control type="image">
					<top>30</top>
					<width>130</width>
					<height>130</height>
					<texture background="true">DefaultActor.png</texture>
					<aspectratio align="center" aligny="top">keep</aspectratio>
					<visible>String.IsEmpty(ListItem.Thumb)</visible>
				</control>
				<control type="image">
					<top>2</top>
					<left>2</left>
					<width>126</width>
					<height>210</height>
					<bordertexture border="4">black.png</bordertexture>
					<bordersize>2</bordersize>
					<aspectratio align="center" aligny="center">scale</aspectratio>
					<texture background="true">$INFO[ListItem.Thumb]</texture>
				</control>
					<control type="image">
					<left>8</left>
					<top>180</top>
					<width>114</width>
					<height>27</height>
					<texture border="8">views/genre-background.png</texture>
					<visible>!String.IsEmpty(ListItem.Label)</visible>
				</control>
				<control type="label">
					<left>13</left>
					<top>184</top>
					<width>104</width>
					<align>center</align>
					<font>SubMenuArrowFont</font>
					<textcolor>SelectedColor2</textcolor>
					<shadowcolor>ShadowColor</shadowcolor>
					<label>$INFO[ListItem.Label]</label>
					<visible>!String.IsEmpty(ListItem.Label)</visible>
				</control>
			</control>
		</focusedlayout>
	</include>
	
	<include name="DialogVideoInfoSimilar1">
		<left>469</left>
		<top>459</top>
		<width>715</width>
		<height>175</height>
		<onup>901</onup>
		<onleft>987</onleft>
		<itemlayout height="175" width="143">		
			<control type="image">
				<width>138</width>
				<height>175</height>
				<bordertexture border="4">covers/cover-case2.png</bordertexture>
				<bordersize>4</bordersize>
				<aspectratio align="center" aligny="center">scale</aspectratio>
				<texture background="true">$INFO[ListItem.Art(poster)]</texture>
			</control>
			<control type="image">
				<width>138</width>
				<height>175</height>
				<texture border="4">covers/cover-case2.png</texture>
				<visible>String.IsEmpty(ListItem.Art(poster))</visible>
			</control>
			<control type="image">
				<width>138</width>
				<height>175</height>
				<texture background="true">DefaultMovies.png</texture>
				<aspectratio align="center" aligny="center">keep</aspectratio>
				<visible>String.IsEmpty(ListItem.Art(poster))</visible>
			</control>
		</itemlayout>				
		<focusedlayout height="175" width="143">
			<control type="group">
				<include>ListViewCoverFocusAnim</include>
				<control type="image">
					<width>138</width>
					<height>175</height>
					<texture border="4">covers/cover-case-noshadow-focus.png</texture>
					<include>ListViewOverlayFadeAnim</include>
				</control>
				<control type="image">
					<width>138</width>
					<height>175</height>
					<texture border="4">black.png</texture>
					<bordersize>3</bordersize>
					<visible>String.IsEmpty(ListItem.Art(poster))</visible>
				</control>
				<control type="image">
					<width>138</width>
					<height>175</height>
					<texture background="true">DefaultMovies.png</texture>
					<aspectratio align="center" aligny="center">keep</aspectratio>
					<visible>String.IsEmpty(ListItem.Art(poster))</visible>
				</control>
				<control type="image">
					<top>2</top>
					<left>2</left>
					<width>134</width>
					<height>171</height>
					<bordertexture border="4">black.png</bordertexture>
					<bordersize>2</bordersize>
					<aspectratio align="center" aligny="center">scale</aspectratio>
					<texture background="true">$INFO[ListItem.Art(poster)]</texture>
				</control>
			</control>
		</focusedlayout>
	</include>
	
	<include name="DialogVideoInfoSimilar2">
		<left>651</left>
		<top>428</top>
		<width>532</width>
		<height>194</height>
		<onup>987</onup>
		<onleft>901</onleft>
		<orientation>horizontal</orientation>
		<itemlayout height="194" width="133">		
			<control type="image">
				<width>130</width>
				<height>194</height>
				<bordertexture border="4">covers/cover-case2.png</bordertexture>
				<bordersize>4</bordersize>
				<aspectratio align="center" aligny="center">scale</aspectratio>
				<texture background="true">$INFO[ListItem.Art(poster)]</texture>
			</control>
			<control type="image">
				<width>130</width>
				<height>194</height>
				<texture border="4">covers/cover-case2.png</texture>
				<visible>String.IsEmpty(ListItem.Art(poster))</visible>
			</control>
			<control type="image">
				<width>130</width>
				<height>194</height>
				<texture background="true">DefaultMovies.png</texture>
				<aspectratio align="center" aligny="center">keep</aspectratio>
				<visible>String.IsEmpty(ListItem.Art(poster))</visible>
			</control>
		</itemlayout>				
		<focusedlayout height="194" width="133">
			<control type="group">
				<include>ListViewCoverFocusAnim</include>
				<control type="image">
					<width>130</width>
					<height>194</height>
					<texture border="4">covers/cover-case-noshadow-focus.png</texture>
					<include>ListViewOverlayFadeAnim</include>
				</control>
				<control type="image">
					<width>130</width>
					<height>194</height>
					<texture border="4">black.png</texture>
					<bordersize>3</bordersize>
					<visible>String.IsEmpty(ListItem.Art(poster))</visible>
				</control>
				<control type="image">
					<width>130</width>
					<height>194</height>
					<texture background="true">DefaultMovies.png</texture>
					<aspectratio align="center" aligny="center">keep</aspectratio>
					<visible>String.IsEmpty(ListItem.Art(poster))</visible>
				</control>
				<control type="image">
					<top>2</top>
					<left>2</left>
					<width>126</width>
					<height>190</height>
					<bordertexture border="4">black.png</bordertexture>
					<bordersize>2</bordersize>
					<aspectratio align="center" aligny="center">scale</aspectratio>
					<texture background="true">$INFO[ListItem.Art(poster)]</texture>
				</control>
			</control>
		</focusedlayout>
	</include>
	<!-- END DialogVideoInfo.xml -->
	
	<!-- DialogMusicInfo.xml -->
	<variable name="MusicInfoLabel1">
		<value condition="Container.Content(Artists)">$INFO[ListItem.Artist]</value>
		<value condition="Container.Content(Albums)">$INFO[ListItem.Album]</value>
		<value condition="Container.Content(Songs)">$INFO[ListItem.Title,","]</value>
	</variable>
	
	<variable name="MusicInfoLabel2">
		<value condition="Container.Content(Artists) | Container.Content(Albums)">$INFO[ListItem.Genre]</value>
		<value condition="Container.Content(Songs)">$INFO[ListItem.Artist]</value>
	</variable>
	
	<variable name="MusicInfoTextbox">
		<value condition="Container.Content(Artists)">$INFO[ListItem.Property(Artist_Description)]</value>
		<value condition="Container.Content(Albums)">$INFO[ListItem.Property(Album_Description)]</value>
		<value condition="Container.Content(Songs)">$INFO[ListItem.Comment]</value>
	</variable>
	
	<variable name="MusicInfoTextboxFallback">
		<value condition="Container.Content(Artists)">$LOCALIZE[547].</value>
		<value condition="Container.Content(Albums)">$LOCALIZE[414].</value>
		<value condition="Container.Content(Songs)">$LOCALIZE[31205]</value>
	</variable>
	
	<variable name="MusicInfoTextboxButtonLabel1">
		<value condition="String.IsEqual(ListItem.DBTYPE,artist)">$LOCALIZE[132]</value>
		<value condition="String.IsEqual(ListItem.DBTYPE,album)">$LOCALIZE[182]</value>
	</variable>
	
	<variable name="MusicInfoTextboxButtonLabel2">
		<value condition="String.IsEqual(ListItem.DBTYPE,artist)">$LOCALIZE[21887]</value>
		<value condition="String.IsEqual(ListItem.DBTYPE,album)">$LOCALIZE[183]</value>
	</variable>
	<!-- END DialogMusicInfo.xml -->
	
	<!-- Skin Settings -->
	<variable name="SkinSettingsLabel">
		<value condition="!System.HasAddon(script.skin.helper.service)">$LOCALIZE[32025]</value>
		<value condition="System.HasAddon(script.skin.helper.service)">$LOCALIZE[20077]</value>
	</variable>
	
	<variable name="StatusUISoundsVar">
		<value condition="System.HasAddon(resource.uisounds.rapier)">$INFO[System.AddonVersion(resource.uisounds.rapier)] $LOCALIZE[31437]</value>
		<value>$LOCALIZE[31438]</value>
	</variable>
	
	<variable name="StatusImageResourceSelectVar">
		<value condition="System.HasAddon(script.image.resource.select)">$INFO[System.AddonVersion(script.image.resource.select)] $LOCALIZE[31437]</value>
		<value>$LOCALIZE[31438]</value>
	</variable>
	
	<variable name="StatusStudioIconsVar">
		<value condition="System.HasAddon(resource.images.studios.white)">$INFO[System.AddonVersion(resource.images.studios.white)] $LOCALIZE[31437]</value>
		<value>$LOCALIZE[31438]</value>
	</variable>
	
	<variable name="StatusSkinHelperServiceVar">
		<value condition="System.HasAddon(script.skin.helper.service)">$INFO[System.AddonVersion(script.skin.helper.service)] $LOCALIZE[31437]</value>
		<value>$LOCALIZE[31438]</value>
	</variable>
	
	<variable name="StatusFavouritesScriptVar">
		<value condition="System.HasAddon(script.favourites)">$INFO[System.AddonVersion(script.favourites)] $LOCALIZE[31437]</value>
		<value>$LOCALIZE[31438]</value>
	</variable>
	
	<variable name="StatusArtistSlideshowVar">
		<value condition="System.HasAddon(script.artistslideshow)">$INFO[System.AddonVersion(script.artistslideshow)] $LOCALIZE[31437]</value>
		<value>$LOCALIZE[31438]</value>
	</variable>
	
	<variable name="StatusRandomAndLastItemsVar">
		<value condition="System.HasAddon(script.randomandlastitems)">$INFO[System.AddonVersion(script.randomandlastitems)] $LOCALIZE[31437]</value>
		<value>$LOCALIZE[31438]</value>
	</variable>
	
	<variable name="StatusArtworkDownloaderVar">
		<value condition="System.HasAddon(script.artwork.downloader)">$INFO[System.AddonVersion(script.artwork.downloader)] $LOCALIZE[31437]</value>
		<value>$LOCALIZE[31438]</value>
	</variable>
	
	<variable name="StatusTVShowNextAiredVar">
		<value condition="System.HasAddon(script.tv.show.next.aired)">$INFO[System.AddonVersion(script.tv.show.next.aired)] $LOCALIZE[31437]</value>
		<value>$LOCALIZE[31438]</value>
	</variable>
	
	<variable name="StatusGlobalSearchVar">
		<value condition="System.HasAddon(script.globalsearch)">$INFO[System.AddonVersion(script.globalsearch)] $LOCALIZE[31437]</value>
		<value>$LOCALIZE[31438]</value>
	</variable>
	
	<variable name="StatusCULRCLyricsVar">
		<value condition="System.HasAddon(script.cu.lrclyrics)">$INFO[System.AddonVersion(script.cu.lrclyrics)] $LOCALIZE[31437]</value>
		<value>$LOCALIZE[31438]</value>
	</variable>
	
	<variable name="StatusCDArtManagerVar">
		<value condition="System.HasAddon(script.cdartmanager)">$INFO[System.AddonVersion(script.cdartmanager)] $LOCALIZE[31437]</value>
		<value>$LOCALIZE[31438]</value>
	</variable>
	
	<variable name="StatusTVTunesVar">
		<value condition="System.HasAddon(script.tvtunes)">$INFO[System.AddonVersion(script.tvtunes)] $LOCALIZE[31437]</value>
		<value>$LOCALIZE[31438]</value>
	</variable>
	
	<variable name="StatusVideoExtrasVar">
		<value condition="System.HasAddon(script.videoextras)">$INFO[System.AddonVersion(script.videoextras)] $LOCALIZE[31437]</value>
		<value>$LOCALIZE[31438]</value>
	</variable>
	
	<variable name="StatusExtendedInfoVar">
		<value condition="System.HasAddon(script.extendedinfo)">$INFO[System.AddonVersion(script.extendedinfo)] $LOCALIZE[31437]</value>
		<value>$LOCALIZE[31438]</value>
	</variable>
	
	<variable name="StatusAutoCompletionVar">
		<value condition="System.HasAddon(plugin.program.autocompletion)">$INFO[System.AddonVersion(plugin.program.autocompletion)] $LOCALIZE[31437]</value>
		<value>$LOCALIZE[31438]</value>
	</variable>
	
	<variable name="StatusT9SearchDialogVar">
		<value condition="System.HasAddon(script.module.t9.search)">$INFO[System.AddonVersion(script.module.t9.search)] $LOCALIZE[31437]</value>
		<value>$LOCALIZE[31438]</value>
	</variable>
	
	<variable name="StatusOpenWeatherMapExtendedVar">
		<value condition="System.HasAddon(weather.openweathermap.extended)">$INFO[System.AddonVersion(weather.openweathermap.extended)] $LOCALIZE[31437]</value>
		<value>$LOCALIZE[31438]</value>
	</variable>
	
	<variable name="StatusNextupNotificationVar">
		<value condition="System.HasAddon(service.nextup.notification)">$INFO[System.AddonVersion(service.nextup.notification)] $LOCALIZE[31437]</value>
		<value>$LOCALIZE[31438]</value>
	</variable>
	
	<variable name="StatusLibraryNodeEditorVar">
		<value condition="System.HasAddon(plugin.library.node.editor)">$INFO[System.AddonVersion(plugin.library.node.editor)] $LOCALIZE[31437]</value>
		<value>$LOCALIZE[31438]</value>
	</variable>
	
	<variable name="StatusUserRatingVar">
		<value condition="System.HasAddon(script.user.rating)">$INFO[System.AddonVersion(script.user.rating)] $LOCALIZE[31437]</value>
		<value>$LOCALIZE[31438]</value>
	</variable>
	
	<variable name="StatusCinemaExperienceVar">
		<value condition="System.HasAddon(script.cinema.experience)">$INFO[System.AddonVersion(script.cinema.experience)] $LOCALIZE[31437]</value>
		<value>$LOCALIZE[31438]</value>
	</variable>
	
	<variable name="StatusCinemaVisionVar">
		<value condition="System.HasAddon(script.cinemavision)">$INFO[System.AddonVersion(script.cinemavision)] $LOCALIZE[31437]</value>
		<value>$LOCALIZE[31438]</value>
	</variable>
	<!-- END Skin Settings -->
	
	<!-- Fullscreen / OSD -->
	<variable name="VideoOSDCurrentControlLabel">
		<value condition="ControlGroup(400).HasFocus">$LOCALIZE[36501]</value>
		<value condition="ControlGroup(401).HasFocus">$LOCALIZE[24012]</value>
		<value>$INFO[System.CurrentControl]</value>
	</variable>
	
	<variable name="SeekbarLabels">
		<value condition="[Player.Paused + !Player.Caching] + !Player.Seeking + !Player.DisplayAfterSeek">[UPPERCASE]$LOCALIZE[112][/UPPERCASE]</value>
		<value condition="[Player.Paused + Player.Caching] + !Player.Seeking">$INFO[Player.CacheLevel,,%]</value>
		<value condition="!String.IsEmpty(Player.SeekStepSize) + ![player.forwarding | player.rewinding]">$INFO[Player.SeekStepSize]</value>
		<value condition="Player.Forwarding2x + !Player.Seeking">+2X</value>
		<value condition="Player.Forwarding4x + !Player.Seeking">+4X</value>
		<value condition="Player.Forwarding8x + !Player.Seeking">+8X</value>
		<value condition="Player.Forwarding16x + !Player.Seeking">+16X</value>
		<value condition="Player.Forwarding32x + !Player.Seeking">+32X</value>
		<value condition="Player.Rewinding2x + !Player.Seeking">-2X</value>
		<value condition="Player.Rewinding4x + !Player.Seeking">-4X</value>
		<value condition="Player.Rewinding8x + !Player.Seeking">-8X</value>
		<value condition="Player.Rewinding16 + !Player.Seeking">-16X</value>
		<value condition="Player.Rewinding32x + !Player.Seeking">-32X</value>
		<value condition="Player.DisplayAfterSeek + ![player.forwarding | player.rewinding] + !String.IsEmpty(Player.SeekOffset)">[UPPERCASE]$INFO[Player.SeekOffset][/UPPERCASE]</value>
	</variable>
	
	<variable name="FSInfoTitle">
		<value condition="VideoPlayer.Content(LiveTV) + Integer.IsLessOrEqual(VideoPlayer.Season,9) + Integer.IsLessOrEqual(VideoPlayer.Episode,9)">$INFO[VideoPlayer.Title]$INFO[VideoPlayer.Season, - S0,]$INFO[VideoPlayer.Episode,E0,]$INFO[VideoPlayer.Year, (,)]</value>
		<value condition="VideoPlayer.Content(LiveTV) + Integer.IsLessOrEqual(VideoPlayer.Season,9)">$INFO[VideoPlayer.Title]$INFO[VideoPlayer.Season, - S0,]$INFO[VideoPlayer.Episode,E,]$INFO[VideoPlayer.Year, (,)]</value>
		<value condition="VideoPlayer.Content(LiveTV) + Integer.IsLessOrEqual(VideoPlayer.Episode,9)">$INFO[VideoPlayer.Title]$INFO[VideoPlayer.Season, - S,]$INFO[VideoPlayer.Episode,E0,]$INFO[VideoPlayer.Year, (,)]</value>
		<value condition="VideoPlayer.Content(LiveTV)">$INFO[VideoPlayer.Title]$INFO[VideoPlayer.Season, - S,]$INFO[VideoPlayer.Episode,E,]$INFO[VideoPlayer.Year, (,)]</value>
		<value>$INFO[VideoPlayer.Title]$INFO[VideoPlayer.Year, (,)]</value>
	</variable>
	
	<variable name="FSInfoLabel1">
		<value condition="VideoPlayer.Content(Movies) | VideoPlayer.Content(MusicVideos)">$INFO[VideoPlayer.Genre]</value>
		<value condition="VideoPlayer.Content(Episodes) + Integer.IsLessOrEqual(VideoPlayer.Season,9) + Integer.IsLessOrEqual(VideoPlayer.Episode,9)">$INFO[VideoPlayer.TVShowTitle]$INFO[VideoPlayer.Season, (S0,]$INFO[VideoPlayer.Episode,E0,)]</value> 
		<value condition="VideoPlayer.Content(Episodes) + Integer.IsLessOrEqual(VideoPlayer.Season,9)">$INFO[VideoPlayer.TVShowTitle]$INFO[VideoPlayer.Season, (S0,]$INFO[VideoPlayer.Episode,E,)]</value> 
		<value condition="VideoPlayer.Content(Episodes) + Integer.IsLessOrEqual(VideoPlayer.Episode,9)">$INFO[VideoPlayer.TVShowTitle]$INFO[VideoPlayer.Season, (S,]$INFO[VideoPlayer.Episode,E0,)]</value> 
		<value condition="VideoPlayer.Content(Episodes)">$INFO[VideoPlayer.TVShowTitle]$INFO[VideoPlayer.Season, (S,]$INFO[VideoPlayer.Episode,E,)]</value>
		<value condition="VideoPlayer.Content(LiveTV)">$INFO[VideoPlayer.ChannelNumber]$INFO[VideoPlayer.ChannelName,  -  ]</value>
	</variable>
	
	<variable name="FSInfoLabel2">
		<value condition="VideoPlayer.Content(LiveTV) + !String.IsEmpty(VideoPlayer.Director)">$LOCALIZE[20339]:</value>
		<value condition="VideoPlayer.Content(LiveTV) + String.IsEmpty(VideoPlayer.Director)">$LOCALIZE[19127]:</value>
		<value condition="VideoPlayer.Content(MusicVideos)">$LOCALIZE[557]:</value>
	</variable>
	
	<variable name="FSInfoLabel2Val">
		<value condition="VideoPlayer.Content(LiveTV) + !String.IsEmpty(VideoPlayer.Director)">$INFO[VideoPlayer.Director]</value>
		<value condition="VideoPlayer.Content(LiveTV) + String.IsEmpty(VideoPlayer.Director)">$INFO[VideoPlayer.EndTime]</value>
		<value condition="VideoPlayer.Content(MusicVideos)">$INFO[VideoPlayer.Artist]</value>
	</variable>
	
	<variable name="FSInfoLabel3">
		<value condition="VideoPlayer.Content(LiveTV) + !String.IsEmpty(VideoPlayer.Writer)">$LOCALIZE[20417]:</value>
		<value condition="VideoPlayer.Content(LiveTV) + String.IsEmpty(VideoPlayer.Writer)">$LOCALIZE[19141]:</value>
		<value condition="VideoPlayer.Content(MusicVideos)">$LOCALIZE[558]:</value>
	</variable>
	
	<variable name="FSInfoLabel3Val">
		<value condition="VideoPlayer.Content(LiveTV) + !String.IsEmpty(VideoPlayer.Writer)">$INFO[VideoPlayer.Writer]</value>
		<value condition="VideoPlayer.Content(LiveTV) + String.IsEmpty(VideoPlayer.Writer)">$INFO[VideoPlayer.ChannelGroup]</value>
		<value condition="VideoPlayer.Content(MusicVideos)">$INFO[VideoPlayer.Album]</value>
	</variable>
	
	<!--
	<variable name="FSInfoLabel4">		
		<value condition="VideoPlayer.Content(Episodes) + Integer.IsLessOrEqual(VideoPlayer.Season,9) + Integer.IsLessOrEqual(VideoPlayer.Episode,9)">$INFO[VideoPlayer.Season,S0,]$INFO[VideoPlayer.Episode,E0,]. $INFO[VideoPlayer.Title]</value> 
		<value condition="VideoPlayer.Content(Episodes) + Integer.IsLessOrEqual(VideoPlayer.Season,9)">$INFO[VideoPlayer.Season,S0,]$INFO[VideoPlayer.Episode,E,]. $INFO[VideoPlayer.Title]</value> 
		<value condition="VideoPlayer.Content(Episodes) + Integer.IsLessOrEqual(VideoPlayer.Episode,9)">$INFO[VideoPlayer.Season,S,]$INFO[VideoPlayer.Episode,E0,]. $INFO[VideoPlayer.Title]</value> 
		<value condition="VideoPlayer.Content(Episodes)">$INFO[VideoPlayer.Season,S,]$INFO[VideoPlayer.Episode,E,]. $INFO[VideoPlayer.Title]</value>		
		<value condition="VideoPlayer.Content(LiveTV)">$INFO[VideoPlayer.ChannelNumber]$INFO[VideoPlayer.ChannelName,  -  ]</value>
		<value condition="VideoPlayer.Content(MusicVideos)">$INFO[VideoPlayer.Artist]: $INFO[VideoPlayer.Title] $INFO[VideoPlayer.Year,(,)]</value>
		<value>$INFO[VideoPlayer.Title] $INFO[VideoPlayer.Year,(,)]</value>
	</variable>
	-->
	
	<variable name="PosterImageOSD">
		<value condition="VideoPlayer.Content(Movies) + !String.IsEmpty(Player.Art(poster))">$INFO[Player.Art(poster)]</value>
		<value condition="VideoPlayer.Content(Movies) + String.IsEmpty(Player.Art(poster))">$INFO[Player.Art(thumb)]</value>
		<value condition="VideoPlayer.Content(Episodes)">$INFO[Player.Art(tvshow.poster)]</value>
	</variable>
	
	<variable name="ClearImageOSD">
		<value condition="VideoPlayer.Content(Movies) + [Skin.HasSetting(ShowClearArtOSD) + !String.IsEmpty(Player.Art(clearart))]">$INFO[Player.Art(clearart)]</value>
		<value condition="VideoPlayer.Content(Movies) + [[Skin.HasSetting(ShowClearLogoOSD) + !String.IsEmpty(Player.Art(clearlogo))] | [Skin.HasSetting(ShowClearArtOSD) + String.IsEmpty(Player.Art(clearart)) + !String.IsEmpty(Player.Art(clearlogo))]]">$INFO[Player.Art(clearlogo)]</value>
		<value condition="VideoPlayer.Content(Episodes) + [Skin.HasSetting(ShowClearArtOSD) + !String.IsEmpty(Player.Art(tvshow.clearart))]">$INFO[Player.Art(tvshow.clearart)]</value>
		<value condition="VideoPlayer.Content(Episodes) + [[Skin.HasSetting(ShowClearLogoOSD) + !String.IsEmpty(Player.Art(tvshow.clearlogo))] | [Skin.HasSetting(ShowClearArtOSD) + String.IsEmpty(Player.Art(tvshow.clearart)) + !String.IsEmpty(Player.Art(tvshow.clearlogo))]]">$INFO[Player.Art(tvshow.clearlogo)]</value>
		<value condition="VideoPlayer.Content(Movies)">$INFO[Player.Art(fanart)]</value>
		<value>$INFO[VideoPlayer.Cover]</value>
	</variable>
	
	<variable name="ClearImageOSD1">
		<value condition="VideoPlayer.Content(Episodes) + [Skin.HasSetting(ShowClearArtOSD) + !String.IsEmpty(Player.Art(tvshow.clearart))]">$INFO[Player.Art(tvshow.clearart)]</value>
		<value condition="VideoPlayer.Content(Episodes) + [[Skin.HasSetting(ShowClearLogoOSD) + !String.IsEmpty(Player.Art(tvshow.clearlogo))] | [Skin.HasSetting(ShowClearArtOSD) + String.IsEmpty(Player.Art(tvshow.clearart)) + !String.IsEmpty(Player.Art(tvshow.clearlogo))]]">$INFO[Player.Art(tvshow.clearlogo)]</value>
		<value condition="Skin.HasSetting(ShowClearArtOSD) + !String.IsEmpty(Player.Art(clearart))">$INFO[Player.Art(clearart)]</value>
		<value condition="[Skin.HasSetting(ShowClearLogoOSD) + !String.IsEmpty(Player.Art(clearlogo))] | [Skin.HasSetting(ShowClearArtOSD) + String.IsEmpty(Player.Art(clearart)) + !String.IsEmpty(Player.Art(clearlogo))]">$INFO[Player.Art(clearlogo)]</value>
	</variable>
	
	<variable name="ClearImageOSD2">
		<value condition="VideoPlayer.Content(Episodes) + !Skin.HasSetting(ShowClearArtOSD) + !Skin.HasSetting(ShowClearLogoOSD) + !String.IsEmpty(Player.Art(tvshow.poster))">$INFO[Player.Art(tvshow.poster)]</value>
		<value condition="!Skin.HasSetting(ShowClearArtOSD) + !Skin.HasSetting(ShowClearLogoOSD) + !String.IsEmpty(Player.Art(poster))">$INFO[Player.Art(poster)]</value>
	</variable>
	
	<variable name="VideoPlayerSeasonVal">
		<value condition="Integer.IsLessOrEqual(VideoPlayer.Season,9)">$INFO[VideoPlayer.Season,S0]</value>
		<value>$INFO[VideoPlayer.Season,S]</value>
	</variable>
	
	<variable name="VideoPlayerEpisodeVal">
		<value condition="Integer.IsLessOrEqual(VideoPlayer.Episode,9)">$INFO[VideoPlayer.Episode,E0]</value>
		<value>$INFO[VideoPlayer.Episode,E]</value>
	</variable>
	
	<include name="FSTopPanel">
		<control type="image" id="1">
			<left>28</left>
			<top>-10</top>
			<width>1224</width>
			<height>120</height>
			<texture border="8">panels/panel.png</texture>
		</control>
	</include>
	
	<include name="FSMediaInfoPanel">
		<control type="image" id="1">
			<width>1224</width>
			<height>280</height>
			<texture border="8">panels/panel.png</texture>
		</control>
		
		<control type="image" id="1">
			<left>4</left>
			<top>4</top>
			<width>1216</width>
			<height>70</height>
			<texture border="5">panels/panel-content-border2.png</texture>
			<animation effect="fade" end="5" condition="true">Conditional</animation>
			<visible>![VideoPlayer.Content(Movies) | VideoPlayer.Content(Episodes)]</visible>
		</control>
		
		<control type="image" id="1">
			<left>193</left>
			<top>4</top>
			<width>1027</width>
			<height>70</height>
			<texture border="5">panels/panel-content-border2.png</texture>
			<animation effect="fade" end="5" condition="true">Conditional</animation>
			<visible>VideoPlayer.Content(Movies) | VideoPlayer.Content(Episodes)</visible>
		</control>
	</include>
	
	<include name="FSMediaInfoPanelLiveTV">
		<control type="image" id="1">
			<width>1224</width>
			<height>300</height>
			<texture border="8">panels/panel.png</texture>
		</control>
		
		<control type="image" id="1">
			<left>4</left>
			<top>4</top>
			<width>1216</width>
			<height>70</height>
			<texture border="5">panels/panel-content-border2.png</texture>
			<animation effect="fade" end="5" condition="true">Conditional</animation>
		</control>
		
		<control type="image" id="1">
			<left>4</left>
			<top>275</top>
			<width>1216</width>
			<height>21</height>
			<texture border="5">panels/panel-content-border2.png</texture>
			<animation effect="fade" end="5" condition="true">Conditional</animation>
		</control>
	</include>
	
	<include name="FullScreenInfoDot">
		<control type="label" id="1">
			<height>20</height>
			<width>15</width>
			<align>center</align>
			<aligny>center</aligny>
			<font>PanelStatsFont</font>
			<textcolor>MediaInfoItemColor2</textcolor>
			<shadowcolor>ShadowColor</shadowcolor>
			<label>&#x2022;</label>
		</control>
	</include>
	
	<include name="MusicOSDItemgap1">
		<itemgap>10</itemgap>
	</include>
	
	<include name="MusicOSDItemgap2">
		<itemgap>8</itemgap>
	</include>
	
	<include name="MusicOSDItemgap3">
		<itemgap>6</itemgap>
	</include>
	
	<include name="FSSeekBar">
		<control type="image">
			<left>6</left>
			<width>474</width>
			<height>75</height>
			<texture border="8">panels/panel.png</texture>
			<aspectratio>stretch</aspectratio>
		</control>	
	</include>
	
	<variable name="PlayerStarRating">
		<value condition="Player.HasVideo + Integer.IsLess(VideoPlayer.Rating,1)">flagging/imdbstarrating/0,0.png</value>
		<value condition="Player.HasVideo + Integer.IsLess(VideoPlayer.Rating,2)">flagging/imdbstarrating/1,0.png</value>
		<value condition="Player.HasVideo + Integer.IsLess(VideoPlayer.Rating,3)">flagging/imdbstarrating/2,0.png</value>
		<value condition="Player.HasVideo + Integer.IsLess(VideoPlayer.Rating,4)">flagging/imdbstarrating/3,0.png</value>
		<value condition="Player.HasVideo + Integer.IsLess(VideoPlayer.Rating,5)">flagging/imdbstarrating/4,0.png</value>
		<value condition="Player.HasVideo + Integer.IsLess(VideoPlayer.Rating,6)">flagging/imdbstarrating/5,0.png</value>
		<value condition="Player.HasVideo + Integer.IsLess(VideoPlayer.Rating,7)">flagging/imdbstarrating/6,0.png</value>
		<value condition="Player.HasVideo + Integer.IsLess(VideoPlayer.Rating,8)">flagging/imdbstarrating/7,0.png</value>
		<value condition="Player.HasVideo + Integer.IsLess(VideoPlayer.Rating,9)">flagging/imdbstarrating/8,0.png</value>
		<value condition="Player.HasVideo + Integer.IsLess(VideoPlayer.Rating,10)">flagging/imdbstarrating/9,0.png</value>
		<value condition="Player.HasVideo">flagging/imdbstarrating/10,0.png</value>
		<value condition="Player.HasAudio + Integer.IsLess(MusicPlayer.Rating,1)">flagging/imdbstarrating/0,0.png</value>
		<value condition="Player.HasAudio + Integer.IsLess(MusicPlayer.Rating,2)">flagging/imdbstarrating/1,0.png</value>
		<value condition="Player.HasAudio + Integer.IsLess(MusicPlayer.Rating,3)">flagging/imdbstarrating/2,0.png</value>
		<value condition="Player.HasAudio + Integer.IsLess(MusicPlayer.Rating,4)">flagging/imdbstarrating/3,0.png</value>
		<value condition="Player.HasAudio + Integer.IsLess(MusicPlayer.Rating,5)">flagging/imdbstarrating/4,0.png</value>
		<value condition="Player.HasAudio + Integer.IsLess(MusicPlayer.Rating,6)">flagging/imdbstarrating/5,0.png</value>
		<value condition="Player.HasAudio + Integer.IsLess(MusicPlayer.Rating,7)">flagging/imdbstarrating/6,0.png</value>
		<value condition="Player.HasAudio + Integer.IsLess(MusicPlayer.Rating,8)">flagging/imdbstarrating/7,0.png</value>
		<value condition="Player.HasAudio + Integer.IsLess(MusicPlayer.Rating,9)">flagging/imdbstarrating/8,0.png</value>
		<value condition="Player.HasAudio + Integer.IsLess(MusicPlayer.Rating,10)">flagging/imdbstarrating/9,0.png</value>
		<value condition="Player.HasAudio">flagging/imdbstarrating/10,0.png</value>
	</variable>
	<!-- END Fullscreen / OSD -->
	
	<!-- Music Visualization -->
	<variable name="MusicVizDescription">
		<value condition="System.HasAddon(script.artistslideshow) + [Skin.HasSetting(UseFanartForMusicPlayingBG) | Skin.HasSetting(UseVisualizationAndFanartForMusicPlayingBG)] + Skin.HasSetting(EnableArtistFanartSlideshow)">$INFO[Window(Visualisation).Property(ArtistSlideshow.ArtistBiography)]</value>
		<value>$INFO[MusicPlayer.Property(Album_Description)]</value>
	</variable>
	<!-- END Music Visualization -->
	
	<!-- PARAMS -->	
	<include name="MenubarTopbar">
		<control type="group" id="505">
			<description>Menu Bar Area</description>
			<depth>DepthMenuBar</depth>
			<top>MenuBarOffsetY</top>
			<include>MenuBarImage</include>
			<include>MenuBarOpenCloseAnim2</include>
			<include>$PARAM[Menubar]</include>
		</control>
		
		<control type="group">
			<description>Top Bar Area</description>
			<depth>DepthTopBar</depth>
			<include>TopBarImage</include>
			<include>$PARAM[Breadcrumbs]</include>
			<include>Notifications</include>
		</control>
	</include>
	
	<include name="DialogCustomBackgroundTypeButton">
		<control type="button" id="$PARAM[id]">
			<description>$PARAM[description]</description>
			<include>ContextMenuBtn</include>
			<label>$PARAM[label]</label>
			<onclick condition="Skin.HasSetting(ExpandAddMoreCategorySettings) + Skin.String(SelectedExpandedBtn,1)">Skin.SetString(AddMoreCategoryBtn1BackgroundImagePathLabel,$PARAM[label])</onclick>
			<onclick condition="Skin.HasSetting(ExpandAddMoreCategorySettings) + Skin.String(SelectedExpandedBtn,2)">Skin.SetString(AddMoreCategoryBtn2BackgroundImagePathLabel,$PARAM[label])</onclick>
			<onclick condition="Skin.HasSetting(ExpandAddMoreCategorySettings) + Skin.String(SelectedExpandedBtn,3)">Skin.SetString(AddMoreCategoryBtn3BackgroundImagePathLabel,$PARAM[label])</onclick>
			<onclick condition="Skin.HasSetting(ExpandAddMoreCategorySettings) + Skin.String(SelectedExpandedBtn,4)">Skin.SetString(AddMoreCategoryBtn4BackgroundImagePathLabel,$PARAM[label])</onclick>
			<onclick condition="Skin.HasSetting(ExpandAddMoreCategorySettings2) + Skin.String(SelectedExpandedBtn,1)">Skin.SetString(AddMoreCategoryBtn5BackgroundImagePathLabel,$PARAM[label])</onclick>
			<onclick condition="Skin.HasSetting(ExpandAddMoreCategorySettings2) + Skin.String(SelectedExpandedBtn,2)">Skin.SetString(AddMoreCategoryBtn6BackgroundImagePathLabel,$PARAM[label])</onclick>
			<onclick condition="Skin.HasSetting(ExpandAddMoreCategorySettings2) + Skin.String(SelectedExpandedBtn,3)">Skin.SetString(AddMoreCategoryBtn7BackgroundImagePathLabel,$PARAM[label])</onclick>
			<onclick condition="Skin.HasSetting(ExpandAddMoreCategorySettings2) + Skin.String(SelectedExpandedBtn,4)">Skin.SetString(AddMoreCategoryBtn8BackgroundImagePathLabel,$PARAM[label])</onclick>
			<onclick condition="Skin.HasSetting(ExpandAddMoreCategorySettings3) + Skin.String(SelectedExpandedBtn,1)">Skin.SetString(AddMoreCategoryBtn9BackgroundImagePathLabel,$PARAM[label])</onclick>
			<onclick condition="Skin.HasSetting(ExpandAddMoreCategorySettings3) + Skin.String(SelectedExpandedBtn,2)">Skin.SetString(AddMoreCategoryBtn10BackgroundImagePathLabel,$PARAM[label])</onclick>
			<onclick condition="Skin.HasSetting(ExpandAddMoreCategorySettings3) + Skin.String(SelectedExpandedBtn,3)">Skin.SetString(AddMoreCategoryBtn11BackgroundImagePathLabel,$PARAM[label])</onclick>
			<onclick condition="Skin.HasSetting(ExpandAddMoreCategorySettings3) + Skin.String(SelectedExpandedBtn,4)">Skin.SetString(AddMoreCategoryBtn12BackgroundImagePathLabel,$PARAM[label])</onclick>
			<onclick condition="Skin.HasSetting(ExpandAddMoreCategorySettings4) + Skin.String(SelectedExpandedBtn,1)">Skin.SetString(AddMoreCategoryBtn13BackgroundImagePathLabel,$PARAM[label])</onclick>
			<onclick condition="Skin.HasSetting(ExpandAddMoreCategorySettings4) + Skin.String(SelectedExpandedBtn,2)">Skin.SetString(AddMoreCategoryBtn14BackgroundImagePathLabel,$PARAM[label])</onclick>
			<onclick condition="Skin.HasSetting(ExpandAddMoreCategorySettings4) + Skin.String(SelectedExpandedBtn,3)">Skin.SetString(AddMoreCategoryBtn15BackgroundImagePathLabel,$PARAM[label])</onclick>
			<onclick condition="Skin.HasSetting(ExpandAddMoreCategorySettings4) + Skin.String(SelectedExpandedBtn,4)">Skin.SetString(AddMoreCategoryBtn16BackgroundImagePathLabel,$PARAM[label])</onclick>
			<onclick>Dialog.Close(1132)</onclick>
		</control>
	</include>
	<!-- END PARAMS -->
</includes>