<?xml version="1.0" encoding="UTF-8"?>
<window id="2600">
	<defaultcontrol always="true">850</defaultcontrol>
	<allowoverlay>yes</allowoverlay>
	<onload condition="StringCompare(Weather.Plugin,weather.openweathermap.extended) + IsEmpty(Skin.String(OpenWeatherMap))">Skin.SetString(OpenWeatherMap,1)</onload>
	<onload condition="System.HasAddon(script.artistslideshow) + [Skin.HasSetting(UseFanartForMusicPlayingBG) | Skin.HasSetting(UseVisualizationAndFanartForMusicPlayingBG)] + Skin.HasSetting(EnableArtistFanartSlideshow)">RunScript(script.artistslideshow)</onload>
	
	<controls>
		<control type="group">
			<include>BackgroundDefault</include>
			<include condition="[!IsEmpty(Skin.String(CustomWeatherBGPath)) + [Skin.String(CustomWeatherBGType,2) | Skin.String(CustomWeatherBGType,3)
			| Skin.String(CustomWeatherBGType,4)]] + Skin.HasSetting(ApplyAllWeatherCustomBG)">BackgroundWeather</include>
			<include condition="!Skin.HasSetting(DisableVideoPlayingBG)">BackgroundVideoPlaying</include>
			<include condition="!Skin.HasSetting(DisableMusicPlayingBG)">BackgroundMusicPlaying</include>
			<include>BackgroundOpenCloseAnim</include>
		</control>
		
		<control type="image">
			<left>30</left>
			<top>106</top>
			<width>520</width>
			<height>565</height>
			<texture border="7">panels/content-panel.png</texture>
			<include>PanelFadeAnim</include>
			<include>ControlsOpenCloseAnim</include>
		</control>
		
		<control type="image">
			<right>30</right>
			<top>106</top>
			<width>670</width>
			<height>565</height>
			<texture border="7">panels/content-panel.png</texture>
			<include>PanelFadeAnim</include>
			<include>ControlsOpenCloseAnim</include>
		</control>
		
		<control type="label">
			<description>Download Weather Info 1</description>
			<left>30</left>
			<top>106</top>
			<width>520</width>
			<height>565</height>
			<font>DialogHeadFont</font>
			<textcolor>DefaultColor2</textcolor>
			<shadowcolor>ShadowColor</shadowcolor>
			<label>$LOCALIZE[13413]...</label>
			<align>center</align>
			<aligny>center</aligny>
			<include>ControlsOpenCloseAnim</include>
			<visible>!IsEmpty(Weather.Plugin) + !Weather.IsFetched</visible>
		</control>
		
		<control type="label">
			<description>Download Weather Info 2</description>
			<right>30</right>
			<top>106</top>
			<width>670</width>
			<height>565</height>
			<font>DialogHeadFont</font>
			<textcolor>DefaultColor2</textcolor>
			<shadowcolor>ShadowColor</shadowcolor>
			<label>$LOCALIZE[13413]...</label>
			<align>center</align>
			<aligny>center</aligny>
			<include>ControlsOpenCloseAnim</include>
			<visible>!IsEmpty(Weather.Plugin) + !Weather.IsFetched</visible>
		</control>

		<control type="textbox">
			<description>No Weather Plugin 1</description>
			<left>40</left>
			<centertop>389</centertop>
			<width>500</width>
			<height>42</height>
			<font>DialogHeadFont</font>
			<textcolor>DefaultColor2</textcolor>
			<shadowcolor>ShadowColor</shadowcolor>
			<label>$LOCALIZE[31310]</label>
			<align>center</align>
			<include>ControlsOpenCloseAnim</include>
			<visible>IsEmpty(Weather.Plugin)</visible>
		</control>
		
		<control type="textbox">
			<description>No Weather Plugin 2</description>
			<right>115</right>
			<centertop>389</centertop>
			<width>500</width>
			<height>42</height>
			<font>DialogHeadFont</font>
			<textcolor>DefaultColor2</textcolor>
			<shadowcolor>ShadowColor</shadowcolor>
			<label>$LOCALIZE[31310]</label>
			<align>center</align>
			<include>ControlsOpenCloseAnim</include>
			<visible>IsEmpty(Weather.Plugin)</visible>
		</control>

		<include>WeatherCurrentArea</include>
		<include condition="!StringCompare(Weather.Plugin,weather.openweathermap.extended)">WeatherStandard</include>
		<include condition="StringCompare(Weather.Plugin,weather.openweathermap.extended)">OpenWeatherMap</include>
		
		<control type="group" id="505">
			<top>MenuBarOffsetY</top>
			<include>MenuBarImage</include>
			<include>MenuBarOpenCloseAnim2</include>	
			<include condition="!StringCompare(Weather.Plugin,weather.openweathermap.extended)">MyWeatherMenuBar</include>
			<include condition="StringCompare(Weather.Plugin,weather.openweathermap.extended)">MyOpenWeatherMapMenuBar</include>
			<visible>!IsEmpty(Weather.Plugin)</visible>
		</control>
			
		<control type="group">
			<description>Top Bar Area</description>
			<include>TopBarImage</include>
			<include>TopBarOpenCloseAnim</include>
			<include>BreadCrumbWeather</include>
			<include>Notifications</include>	
		</control>
	</controls>	
</window>