<?xml version="1.0" encoding="UTF-8"?>
<window type="dialog" id="1112">
	<defaultcontrol always="true">200</defaultcontrol>

	<controls>
		<control type="button">
			<onclick>Dialog.Close(1112)</onclick>
			<include>DropDownMenuCloseHitRect</include>
		</control>

		<control type="grouplist" id="200">
			<description>View Mode Menu</description>
			<depth>DepthMenuBar</depth>
			<left>96</left>
			<top>80</top>
			<width>212</width>
			<itemgap>0</itemgap>
			<orientation>vertical</orientation>
			<onup>200</onup>
			<ondown>200</ondown>
			<onleft>Dialog.Close(1112)</onleft>
			<onright>Dialog.Close(1112)</onright>
			<include>MenuOpenCloseAnim</include>
			<control type="image" id="780">
				<include>DropDownMenuTopBorder</include>
			</control>

			<control type="button" id="1">
				<description>Icon</description>
				<include>DropDownMenuViewModeBtn</include>
				<label>$LOCALIZE[31103]</label>
				<onclick>Container.SetViewMode(50)</onclick>
				<onclick>Dialog.Close(1112)</onclick>
				<visible>![Container.Content(Movies) | Container.Content(Sets) | Container.Content(Seasons) | Container.Content(TVShows)
				| Container.Content(Albums) | Container.Content(Songs) | Window.IsActive(MusicPlaylist) | Container.Content(Addons)]</visible>
			</control>

			<control type="button" id="3">
				<description>Thumbnail</description>
				<include>DropDownMenuViewModeBtn</include>
				<label>$LOCALIZE[31103]</label>
				<onclick condition="Container.Content(Movies) | Container.Content(Sets) | Container.Content(Seasons) | Container.Content(TVShows)">Container.SetViewMode(54)</onclick>
				<onclick condition="Container.Content(Albums) | Container.Content(Songs) | Window.IsActive(MusicPlaylist) | Container.Content(Addons)">Container.SetViewMode(63)</onclick>
				<onclick>Dialog.Close(1112)</onclick>
				<visible>Container.Content(Movies) | Container.Content(Sets) | Container.Content(Seasons) | Container.Content(TVShows)
				| Container.Content(Albums) | Container.Content(Songs) | Window.IsActive(MusicPlaylist) | Container.Content(Addons)</visible>
			</control>

			<control type="button" id="4">
				<description>List</description>
				<include>DropDownMenuViewModeBtn</include>
				<label>$LOCALIZE[31105]</label>
				<onclick>Container.SetViewMode(52)</onclick>
				<onclick>Dialog.Close(1112)</onclick>
			</control>
			
			<control type="button" id="6">
				<description>List Media Info</description>
				<include>DropDownMenuViewModeBtn</include>
				<label>$LOCALIZE[31111]</label>
				<onclick condition="Container.Content(Movies) | Container.Content(Sets) | Container.Content(TVShows) | Container.Content(Episodes) | Container.Content(Seasons) | $EXP[AlbumsSongsArtists] | Container.Content(Addons) | Container.Content(Games)">Container.SetViewMode(58)</onclick>
				<onclick condition="Container.Content(Videos)">Container.SetViewMode(530)</onclick>
				<onclick>Dialog.Close(1112)</onclick>
				<visible>[[Container.Content(Movies) | Container.Content(Sets) | Container.Content(TVShows) | Container.Content(Seasons) | Container.Content(Episodes)] + !Skin.HasSetting(DisableMoviesTVShowsListInfoView)]
				| [Container.Content(Videos) + !Skin.HasSetting(DisableVideosListInfoView)]
				| [$EXP[AlbumsSongsArtists] + !Skin.HasSetting(DisableMusicListInfoView)] | [Container.Content(Addons) + !Skin.HasSetting(DisableAddonsListInfoView)]</visible>
			</control>

			<control type="button" id="7">
				<description>List Media Info 2</description>
				<include>DropDownMenuViewModeBtn</include>
				<label>$LOCALIZE[31112]</label>
				<onclick condition="Container.Content(Movies) | Container.Content(Sets) | Container.Content(TVShows) | Container.Content(Seasons) | Container.Content(Episodes) | Container.Content(musicvideos) | $EXP[AlbumsSongsArtists] | String.Contains(Container.FolderPath,plugin://plugin.program)">Container.SetViewMode(59)</onclick>
				<onclick condition="Container.Content(Videos)">Container.SetViewMode(531)</onclick>
				<onclick>Dialog.Close(1112)</onclick>
				<visible>[[Container.Content(Movies) | Container.Content(Sets) | Container.Content(TVShows) | Container.Content(Seasons) | Container.Content(Episodes)] + !Skin.HasSetting(DisableMoviesTVShowsListInfoView2)]
				| [Container.Content(musicvideos) + !Skin.HasSetting(DisableMusicVideosListInfoView2)] | [Container.Content(Videos) + !Skin.HasSetting(DisableVideosListInfoView2)]
				| [$EXP[AlbumsSongsArtists] + !Skin.HasSetting(DisableMusicListInfoView2)] | [String.Contains(Container.FolderPath,plugin://plugin.program) + !Skin.HasSetting(DisableProgramsListInfoView2)]</visible>
			</control>

			<control type="button" id="8">
				<description>List Media Info 3</description>
				<include>DropDownMenuViewModeBtn</include>
				<label>$LOCALIZE[31115]</label>
				<onclick condition="Container.Content(Movies) | Container.Content(Sets) | Container.Content(TVShows) | Container.Content(Seasons) | Container.Content(Episodes) | Container.Content(Albums) | Container.Content(images)">Container.SetViewMode(60)</onclick>
				<onclick>Dialog.Close(1112)</onclick>
				<visible>[[Container.Content(Movies) | Container.Content(Sets) | Container.Content(TVShows) | Container.Content(Seasons) | Container.Content(Episodes)] + !Skin.HasSetting(DisableMoviesTVShowsListInfoView3)]
				| [Container.Content(Albums) + !Skin.HasSetting(DisableMusicListInfoView3)] | [Window.IsActive(Pictures) + [Container(52).HasFiles | Container(50).HasFiles] + !Skin.HasSetting(DisablePicturesListInfoView3)]</visible>
			</control>
			
			<control type="button" id="17">
				<description>Extended List View</description>
				<include>DropDownMenuViewModeBtn</include>
				<label>$LOCALIZE[31122]</label>
				<onclick>Container.SetViewMode(585)</onclick>
				<onclick>Dialog.Close(1112)</onclick>
				<visible>!Skin.HasSetting(DisableExtendedListView)</visible>
				<visible>$EXP[SetsGenresYearsActorsDirectorsStudiosCountriesTagsSeasonsArtistsAlbums]</visible>
			</control>

			<control type="button" id="9">
				<description>Thumbs Media Info</description>
				<include>DropDownMenuViewModeBtn</include>
				<label>$LOCALIZE[31116]</label>
				<onclick condition="Container.Content(Movies) | Container.Content(Sets) | Container.Content(TVShows) | Container.Content(Albums) | String.Contains(Container.FolderPath,plugin://plugin.program) | Container.Content(images)">Container.SetViewMode(65)</onclick>
				<onclick condition="Container.Content(Videos)">Container.SetViewMode(532)</onclick>
				<onclick>Dialog.Close(1112)</onclick>
				<visible>[[Container.Content(Movies) | Container.Content(Sets) | Container.Content(TVShows)] + !Skin.HasSetting(DisableMoviesTVShowsThumbsInfoView)] | [Container.Content(Videos) + !Skin.HasSetting(DisableVideosThumbsInfoView)]
				| [Container.Content(Albums) + !Skin.HasSetting(DisableMusicThumbsInfoView)] | [String.Contains(Container.FolderPath,plugin://plugin.program) + !Skin.HasSetting(DisableProgramsThumbsInfoView)] | [Window.IsActive(Pictures) + [Container(52).HasFiles | Container(50).HasFiles] + !Skin.HasSetting(DisablePicturesThumbsInfoView)]</visible>
			</control>
			
			<control type="button" id="12">
				<description>Wrap List Media Info</description>
				<include>DropDownMenuViewModeBtn</include>
				<label>$LOCALIZE[31106]</label>
				<onclick condition="Container.Content(Movies) | Container.Content(Sets) | Container.Content(TVShows) | Container.Content(Albums) | String.Contains(Container.FolderPath,plugin://plugin.program)">Container.SetViewMode(53)</onclick>
				<onclick condition="Container.Content(Addons)">Container.SetViewMode(93)</onclick>
				<onclick>Dialog.Close(1112)</onclick>
				<visible>[[Container.Content(Movies) | Container.Content(Sets) | Container.Content(TVShows)] + !Skin.HasSetting(DisableMoviesTVShowsWrapListInfoView)]
				| [Container.Content(Albums) + !Skin.HasSetting(DisableMusicWrapListInfoView)] | [Container.Content(Addons) + !Skin.HasSetting(DisableAddonsWrapListInfoView)] | [String.Contains(Container.FolderPath,plugin://plugin.program) + !Skin.HasSetting(DisableProgramsWrapListInfoView)]</visible>
			</control>

			<control type="button" id="15">
				<description>Movies / TV Shows 3D Wrap</description>
				<include>DropDownMenuViewModeBtn</include>
				<label>$LOCALIZE[31121]</label>
				<onclick>Container.SetViewMode(588)</onclick>
				<onclick>Dialog.Close(1112)</onclick>
				<visible>[Container.Content(Movies) | Container.Content(Sets) | Container.Content(TVShows)] + !Skin.HasSetting(Disable3DWrapView)</visible>
			</control>
			
			<control type="button" id="16">
				<description>Wall</description>
				<include>DropDownMenuViewModeBtn</include>
				<label>$LOCALIZE[31113]</label>
				<onclick condition="Container.Content(Movies) | Container.Content(TVShows) | Container.Content(Albums)">Container.SetViewMode(69)</onclick>
				<onclick>Dialog.Close(1112)</onclick>
				<visible>[[Container.Content(Movies) | Container.Content(TVShows)] + !Skin.HasSetting(DisableMoviesTVShowsWallView)] | [Container.Content(Albums) + !Skin.HasSetting(DisableMusicWallView)]</visible>
			</control>
			
			<control type="button" id="20">
				<description>Playlist</description>
				<include>DropDownMenuViewModeBtn</include>
				<label>$LOCALIZE[559]</label>
				<onclick>Container.SetViewMode(580)</onclick>
				<onclick>Dialog.Close(1112)</onclick>
				<visible>[Window.IsActive(VideoPlaylist) | Window.IsActive(MusicPlaylist)] + !Skin.HasSetting(DisablePlaylistView)</visible>
			</control>

			<control type="image" id="781">
				<include>DropDownMenuBottomBorder</include>
			</control>
		</control>

		<control type="grouplist">
			<description>View Mode Icons</description>
			<hitrect x="0" y="0" w="0" h="0"/> 
			<depth>DepthMenuBar</depth>
			<left>111</left>
			<top>96</top>
			<width>212</width>
			<itemgap>12</itemgap>
			<orientation>vertical</orientation>
			<usecontrolcoords>true</usecontrolcoords>
			<include>MenuOpenCloseAnim</include>
			<control type="image">
				<width>38</width>
				<height>25</height>
				<texture>gui/view-icon.png</texture>
				<aspectratio align="left">stretch</aspectratio>
				<visible>![Container.Content(Movies) | Container.Content(Sets) | Container.Content(Seasons) | Container.Content(TVShows)
				| Container.Content(Albums) | Container.Content(Songs) | Window.IsActive(MusicPlaylist) | Container.Content(Addons)]</visible>
			</control>
			<control type="image">
				<width>38</width>
				<height>25</height>
				<texture>gui/view-wide-icon.png</texture>
				<aspectratio align="left">stretch</aspectratio>
				<visible>Container.Content(TVShows) + !Skin.HasSetting(UseTVShowsPosterCover)</visible>
			</control>
			<control type="image">
				<width>38</width>
				<height>25</height>
				<texture>gui/view-thumbnail.png</texture>
				<aspectratio align="left">stretch</aspectratio>
				<visible>Container.Content(Movies) | Container.Content(Sets) | Container.Content(Seasons) | [Container.Content(TVShows) + Skin.HasSetting(UseTVShowsPosterCover)]
				| Container.Content(Albums) | Container.Content(Songs) | Window.IsActive(MusicPlaylist) | Container.Content(Addons)</visible>
			</control>
			<control type="image">
				<width>38</width>
				<height>25</height>
				<texture>gui/view-list.png</texture>
				<aspectratio align="left">stretch</aspectratio>
			</control>
			<control type="image">
				<width>38</width>
				<height>25</height>
				<texture>gui/view-list-info.png</texture>
				<aspectratio align="left">stretch</aspectratio>
				<visible>[[Container.Content(Movies) | Container.Content(Sets) | Container.Content(TVShows) | Container.Content(Seasons) | Container.Content(Episodes)] + !Skin.HasSetting(DisableMoviesTVShowsListInfoView)]
				| [Container.Content(Videos) + !Skin.HasSetting(DisableVideosListInfoView)]
				| [$EXP[AlbumsSongsArtists] + !Skin.HasSetting(DisableMusicListInfoView)] | [Container.Content(Addons) + !Skin.HasSetting(DisableAddonsListInfoView)]</visible>
			</control>
			<control type="image">
				<width>38</width>
				<height>25</height>
				<texture>gui/view-list-info-2.png</texture>
				<aspectratio align="left">stretch</aspectratio>
				<visible>[[Container.Content(Movies) | Container.Content(Sets) | Container.Content(TVShows) | Container.Content(Seasons) | Container.Content(Episodes)] + !Skin.HasSetting(DisableMoviesTVShowsListInfoView2)]
				| [Container.Content(musicvideos) + !Skin.HasSetting(DisableMusicVideosListInfoView2)] | [Container.Content(Videos) + !Skin.HasSetting(DisableVideosListInfoView2)]
				| [$EXP[AlbumsSongsArtists] + !Skin.HasSetting(DisableMusicListInfoView2)] | [String.Contains(Container.FolderPath,plugin://plugin.program) + !Skin.HasSetting(DisableProgramsListInfoView2)]</visible>
			</control>
			<control type="image">
				<width>38</width>
				<height>25</height>
				<texture>gui/view-list-info-3.png</texture>
				<aspectratio align="left">stretch</aspectratio>
				<visible>[[Container.Content(Movies) | Container.Content(Sets) | Container.Content(TVShows) | Container.Content(Seasons) | Container.Content(Episodes)] + !Skin.HasSetting(DisableMoviesTVShowsListInfoView3)]
				| [Container.Content(Albums) + !Skin.HasSetting(DisableMusicListInfoView3)] | [Window.IsActive(Pictures) + [Container(52).HasFiles | Container(50).HasFiles] + !Skin.HasSetting(DisablePicturesListInfoView3)]</visible>
			</control>
			<control type="image">
				<width>38</width>
				<height>25</height>
				<texture>gui/view-extended-list.png</texture>
				<aspectratio align="left">stretch</aspectratio>
				<visible>!Skin.HasSetting(DisableExtendedListView)</visible>
				<visible>$EXP[SetsGenresYearsActorsDirectorsStudiosCountriesTagsSeasonsArtistsAlbums]</visible>
			</control>
			<control type="image">
				<width>38</width>
				<height>25</height>
				<texture>gui/view-thumbs-info.png</texture>
				<aspectratio align="left">stretch</aspectratio>
				<visible>[[Container.Content(Movies) | Container.Content(Sets) | Container.Content(TVShows)] + !Skin.HasSetting(DisableMoviesTVShowsThumbsInfoView)] | [Container.Content(Videos) + !Skin.HasSetting(DisableVideosThumbsInfoView)]
				| [Container.Content(Albums) + !Skin.HasSetting(DisableMusicThumbsInfoView)] | [String.Contains(Container.FolderPath,plugin://plugin.program) + !Skin.HasSetting(DisableProgramsThumbsInfoView)] | [Window.IsActive(Pictures) + [Container(52).HasFiles | Container(50).HasFiles] + !Skin.HasSetting(DisablePicturesThumbsInfoView)]</visible>
			</control>
			<control type="image">
				<width>38</width>
				<height>25</height>
				<texture>gui/view-wrap-info.png</texture>
				<aspectratio align="left">stretch</aspectratio>
				<visible>[[Container.Content(Movies) | Container.Content(Sets) | Container.Content(TVShows)] + !Skin.HasSetting(DisableMoviesTVShowsWrapListInfoView)]
				| [Container.Content(Albums) + !Skin.HasSetting(DisableMusicWrapListInfoView)] | [Container.Content(Addons) + !Skin.HasSetting(DisableAddonsWrapListInfoView)] | [String.Contains(Container.FolderPath,plugin://plugin.program) + !Skin.HasSetting(DisableProgramsWrapListInfoView)]</visible>
			</control>
			<control type="image">
				<width>38</width>
				<height>25</height>
				<texture>gui/view-3d-wrap.png</texture>
				<aspectratio align="left">stretch</aspectratio>
				<visible>[Container.Content(Movies) | Container.Content(Sets) | Container.Content(TVShows)] + !Skin.HasSetting(Disable3DWrapView)</visible>
			</control>
			<control type="image">
				<width>38</width>
				<height>25</height>
				<texture>gui/view-wall.png</texture>
				<aspectratio align="left">stretch</aspectratio>
				<visible>[[Container.Content(Movies) | Container.Content(TVShows)] + !Skin.HasSetting(DisableMoviesTVShowsWallView)] | [Container.Content(Albums) + !Skin.HasSetting(DisableMusicWallView)]</visible>
			</control>
			<control type="image">
				<width>38</width>
				<height>25</height>
				<texture>gui/view-playlist.png</texture>
				<aspectratio align="left">stretch</aspectratio>
				<visible>[Window.IsActive(VideoPlaylist) | Window.IsActive(MusicPlaylist)] + !Skin.HasSetting(DisablePlaylistView)</visible>
			</control>
		</control>
	</controls>
</window>