<?xml version="1.0" encoding="UTF-8"?>
<window id="1122" type="dialog">
	<defaultcontrol always="true">987</defaultcontrol>
	<onunload>SetFocus(500)</onunload>
	<allowoverlay>no</allowoverlay>
	<include>ControlsOpenCloseAnim</include>

	<controls>	
		<include>FSMediaInfoBackgroundDim</include>
		<include>BackgroundDefault</include>
		<include>BackgroundProgramsFanart</include>

		<control type="image">
			<description>Cover Image</description>
			<left>100</left>
			<top>121</top>
			<width>328</width>
			<height>328</height>
			<info>ListItem.Icon</info>
			<bordertexture border="4">covers/cover-case2.png</bordertexture>
			<bordersize>4</bordersize>
			<aspectratio align="center" aligny="bottom">keep</aspectratio>
		</control>	

		<control type="group">
			<control type="group">
				<left>470</left>
				<top>79</top>
				
				<control type="label">
					<description>Title</description>
					<top>32</top>
					<width>710</width>
					<align>center</align>
					<font>FullMediaInfoTitleFont3</font>
					<textcolor>MediaInfoTitleColor</textcolor>
					<shadowcolor>ShadowColor</shadowcolor>
					<label>[UPPERCASE]$INFO[ListItem.Title][/UPPERCASE]</label>
					<scroll>true</scroll>
				</control>
				
				<control type="image">
					<top>80</top>
					<width>710</width>
					<height>2</height>
					<animation effect="fade" end="30" condition="true">Conditional</animation>
					<texture>views/videoinfo-separator.png</texture>
				</control>
				
				<control type="label">
					<description>Genre</description>
					<top>87</top>
					<width>710</width>
					<align>center</align>
					<font>FullMediaInfoTitleFont2</font>
					<textcolor>MediaInfoTitleColor2</textcolor>
					<shadowcolor>ShadowColor</shadowcolor>
					<label fallback="31000">[UPPERCASE]$INFO[ListItem.Genre][/UPPERCASE]</label>
				</control>
				
				<control type="image">
					<top>118</top>
					<width>710</width>
					<height>2</height>
					<animation effect="fade" end="30" condition="true">Conditional</animation>
					<texture>views/videoinfo-separator.png</texture>
				</control>
			</control>

			<control type="list" id="901">
				<left>465</left>
				<top>199</top>
				<width>720</width>
				<height>249</height>
				<onup>505</onup>
				<ondown>962</ondown>
				<onleft>505</onleft>
				<onright>961</onright>
				<itemlayout width="720" height="31">
					<control type="image">
						<top>29</top>
						<left>5</left>
						<width>710</width>
						<height>2</height>
						<animation effect="fade" end="30" condition="true">Conditional</animation>
						<texture>views/videoinfo-separator.png</texture>
					</control>
					<control type="image">
						<left>170</left>
						<width>1</width>
						<height>34</height>
						<animation effect="fade" end="25" condition="true">Conditional</animation>
						<texture border="1,0,0,10" flipy="true">views/videoinfo-separator.png</texture>
					</control>
					<control type="label">
						<left>5</left>
						<width>165</width>
						<height>31</height>
						<font>FullMediaInfoFont</font>
						<aligny>center</aligny>
						<textcolor>MediaInfoItemColor</textcolor>
						<shadowcolor>ShadowColor</shadowcolor>
						<label>[UPPERCASE]$INFO[ListItem.Label][/UPPERCASE]</label>
					</control>
					<control type="label">
						<left>179</left>
						<width>533</width>
						<height>31</height>
						<font>FullMediaInfoFont2</font>
						<aligny>center</aligny>
						<textcolor>MediaInfoItemColor2</textcolor>
						<shadowcolor>ShadowColor</shadowcolor>
						<label fallback="31000">$INFO[ListItem.Label2]</label>
					</control>
				</itemlayout>	
				<focusedlayout width="720" height="31">
					<control type="image">
						<top>29</top>
						<left>5</left>
						<width>710</width>
						<height>2</height>
						<animation effect="fade" end="30" condition="true">Conditional</animation>
						<texture>views/videoinfo-separator.png</texture>
					</control>
					<control type="image">
						<left>170</left>
						<width>1</width>
						<height>34</height>
						<animation effect="fade" end="25" condition="true">Conditional</animation>
						<texture border="1,0,0,10" flipy="true">views/videoinfo-separator.png</texture>
						<animation effect="fade" start="100" end="0" condition="Control.HasFocus(901)">Conditional</animation>
					</control>
					<control type="image">
						<left>0</left>
						<width>720</width>
						<height>31</height>	
						<texture border="4">views/list-focus.png</texture>
						<aspectratio>stretch</aspectratio>
						<visible>Control.HasFocus(901)</visible>
						<include>ListViewSelectFadeAnim</include>
						<include>MediaInfoListScrollAnim2</include>
					</control>
					<control type="label">
						<left>5</left>
						<width>165</width>
						<height>31</height>
						<font>FullMediaInfoFont</font>
						<aligny>center</aligny>
						<textcolor>MediaInfoItemColor</textcolor>
						<shadowcolor>ShadowColor</shadowcolor>
						<label>[UPPERCASE]$INFO[ListItem.Label][/UPPERCASE]</label>
					</control>
					<control type="label">
						<left>179</left>
						<width>533</width>
						<height>31</height>
						<font>FullMediaInfoFont2</font>
						<aligny>center</aligny>
						<textcolor>MediaInfoItemColor2</textcolor>
						<shadowcolor>ShadowColor</shadowcolor>
						<label fallback="31000">$INFO[ListItem.Label2]</label>
					</control>
				</focusedlayout>
				<content>
					<item id="1">
						<description>Title</description>
						<label>$LOCALIZE[556]</label>
						<label2>$INFO[ListItem.Title]</label2>
						<onclick>noop</onclick>
					</item>
					<item id="2">
						<description>Genre</description>
						<label>$LOCALIZE[515]</label>
						<label2>$INFO[ListItem.Genre]</label2>
						<onclick>noop</onclick>
					</item>
					<item id="3">
						<description>Year</description>
						<label>$LOCALIZE[562]</label>
						<label2>$INFO[ListItem.Premiered]</label2>
						<onclick>noop</onclick>
					</item>
					<item id="4">
						<description>Platform</description>
						<label>$LOCALIZE[32027]</label>
						<label2>$INFO[ListItem.Writer]</label2>
						<onclick>noop</onclick>
					</item>
					<item id="5">
						<description>Publisher</description>
						<label>$LOCALIZE[32028]</label>
						<label2>$INFO[ListItem.Studio]</label2>
						<onclick>noop</onclick>
					</item>
					<item id="6">
						<description>Type</description>
						<label>$LOCALIZE[564]</label>
						<label2>$INFO[Container.FolderName]</label2>
						<onclick>noop</onclick>
					</item>
					<item id="7">
						<description>Runtime</description>
						<label>$LOCALIZE[2050]</label>
						<label2>$INFO[ListItem.Duration]</label2>
						<onclick>noop</onclick>
					</item>
					<item id="8">
						<description>Rating</description>
						<label>$LOCALIZE[563]</label>
						<label2>$INFO[ListItem.Rating]</label2>
						<onclick>noop</onclick>
					</item>
				</content>
			</control>
			
			<control type="image">
				<left>100</left>
				<top>640</top>
				<width>1080</width>
				<height>2</height>
				<animation effect="fade" end="30" condition="true">Conditional</animation>
				<texture>views/videoinfo-separator.png</texture>
			</control>

			<control type="grouplist">
				<description>Media Flags Area</description>
				<left>510</left>
				<top>650</top>
				<width>580</width>
				<height>60</height>
				<itemgap>5</itemgap>
				<align>left</align>
				<orientation>horizontal</orientation>
				<usecontrolcoords>true</usecontrolcoords>
				<include>MediaFlagFadeAnim</include>
				<include>VideoCodecMediaFlags</include>
				<include>AudioMediaFlags</include>
				<include>AspectMediaFlags</include>
				<include>SubtitleMediaFlags</include>
				<include>StudioMediaFlag2</include>
			</control>
		</control>

		<control type="textbox">
			<description>Plot</description>
			<left>100</left>
			<top>462</top>
			<width>1080</width>
			<height>163</height>
			<font>FullMediaInfoDescFont</font>
			<textcolor>MediaInfoColor</textcolor>
			<shadowcolor>ShadowColor</shadowcolor>
			<align>justify</align>
			<label>$INFO[ListItem.Plot]</label>
			<pagecontrol>62</pagecontrol>
			<autoscroll time="2000" delay="6000" repeat="10000">true</autoscroll>
			<include>ControlsOpenCloseAnim</include>
		</control>

		<control type="group" id="961">
			<control type="spincontrol" id="62">
				<description>Next Page</description>
				<left>1110</left>
				<top>655</top>
				<width>28</width>
				<height>28</height>
				<spinwidth>30</spinwidth>
				<spinheight>30</spinheight>
				<onup>963</onup>
			</control>
		</control>

		<control type="button" id="962">
			<include>RedirectBtn</include>
			<onfocus>Control.SetFocus(961)</onfocus>
		</control>	

		<control type="button" id="963">
			<include>RedirectBtn</include>
			<onfocus>Control.SetFocus(901)</onfocus>
		</control>	

		<control type="group" id="505">
			<description>Menu Bar Area</description>
			<top>MenuBarOffsetY</top>
			<include>MenuBarImage</include>
			<include>MenuBarOpenCloseAnim2</include>
			<include>ProgramsInfoMenuBar</include>
		</control>

		<control type="group">
			<description>Top Bar Area</description>
			<include>TopBarImage</include>
			<include>BreadCrumbMediaInfo</include>
			<include>Notifications</include>
		</control>
	</controls>	
</window>