<?xml version="1.0" encoding="UTF-8"?>
<window id="2006">
	<defaultcontrol>-</defaultcontrol>
	<allowoverlay>no</allowoverlay>
	<onload condition="System.HasAddon(script.artistslideshow) + [Skin.HasSetting(UseFanartForMusicPlayingBG) | Skin.HasSetting(UseVisualizationAndFanartForMusicPlayingBG)] + Skin.HasSetting(EnableArtistFanartSlideshow)">RunScript(script.artistslideshow)</onload>
	
	<controls>
		<control type="visualisation" id="9010">
			<description>Visualization</description>
			<include>ScreenSize</include>
			<visible>[!Skin.HasSetting(UseFanartForMusicPlayingBG) | Skin.HasSetting(UseVisualizationAndFanartForMusicPlayingBG)] + ![StringCompare(Visualisation.Name,spectrum) | StringCompare(Visualisation.Name,waveform)]</visible>
		</control>
		
		<include condition="[[Skin.HasSetting(UseFanartForMusicPlayingBG) | Skin.HasSetting(UseVisualizationAndFanartForMusicPlayingBG)] + !Skin.HasSetting(EnableArtistFanartSlideshow)]
		| [[Skin.HasSetting(UseFanartForMusicPlayingBG) | Skin.HasSetting(UseVisualizationAndFanartForMusicPlayingBG)] + !System.HasAddon(script.artistslideshow)]">MusicPlayingArtistFanart</include>
		<include condition="System.HasAddon(script.artistslideshow) + [Skin.HasSetting(UseFanartForMusicPlayingBG) | Skin.HasSetting(UseVisualizationAndFanartForMusicPlayingBG)] + Skin.HasSetting(EnableArtistFanartSlideshow)">MusicPlayingArtistFanartSlideshow</include>
		
		<control type="image">
			<include>BackgroundSize</include>
			<texture background="true">views/fanart-dim.png</texture>
			<animation effect="fade" end="35" condition="true">Conditional</animation>
			<visible>Skin.HasSetting(UseVisualizationAndFanartForMusicPlayingBG)</visible>
		</control>
		
		<control type="visualisation" id="2">
			<description>Visualization</description>
			<include>ScreenSize</include>
			<visible>[!Skin.HasSetting(UseFanartForMusicPlayingBG) | Skin.HasSetting(UseVisualizationAndFanartForMusicPlayingBG)] + [StringCompare(Visualisation.Name,spectrum) | StringCompare(Visualisation.Name,waveform)]</visible>
		</control>

		<control type="group">
			<description>cdart now Playing</description>
			<visible>!Skin.HasSetting(HideCdArtInMusicPlayingBG) + ![Player.ShowInfo | Window.IsActive(VisualisationPresetList) | Window.IsActive(AddonSettings) | Window.IsActive(SelectDialog)]</visible>
			<left>29</left>
			<top>503</top>

			<control type="image">
				<description>cdart</description>
				<top>3</top>
				<width>120</width>
				<height>120</height>
				<texture fallback="icons/cdart/cdart.png" diffuse="icons/cdart/cdart-mask.png">$INFO[Player.FolderPath,,cdart.png]</texture>
				<aspectratio>keep</aspectratio>
				<include>CdArtImageOpenCloseAnim2</include>
				<include>CdArtImageRotateAnim</include>
			</control>

			<control type="image">
				<description>Cover</description>
				<width>127</width>
				<height>127</height>
				<bordertexture border="8">panels/panel-content-border.png</bordertexture>
				<texture diffuse="covers/player-media-cover-diffuse.png">$INFO[MusicPlayer.Cover]</texture>
				<aspectratio>stretch</aspectratio>
			</control>

			<control type="group">
				<description>cdart Info Area</description>
				<top>-21</top>
				<left>170</left>
				
				<control type="label">
					<left>7</left>
					<width>600</width>
					<height>60</height>
					<font>FSInfoTitleFont</font>
					<textcolor>MediaInfoTitleColor</textcolor>
					<shadowcolor>ShadowColor</shadowcolor>
					<label>[UPPERCASE]$INFO[MusicPlayer.Title][/UPPERCASE]</label>
					<aligny>center</aligny>
					<include>CdArtLabelOpenCloseAnim</include>
				</control>

				<control type="grouplist">
					<left>24</left>
					<top>43</top>
					<width>600</width>
					<orientation>horizontal</orientation>
					<include>CdArtLabelOpenCloseAnim2</include>
					<control type="label">
						<width min="10" max="140">auto</width>
						<height>40</height>
						<font>MediaInfoFont</font>
						<textcolor>MediaInfoItemColor</textcolor>
						<shadowcolor>ShadowColor</shadowcolor>							
						<label>$LOCALIZE[557]:</label>
						<aligny>center</aligny>
					</control>
					<control type="label">
						<width min="10" max="460">auto</width>
						<height>40</height>
						<font>MediaInfoFont</font>
						<textcolor>MediaInfoItemColor2</textcolor>
						<shadowcolor>ShadowColor</shadowcolor>
						<label fallback="31001">$INFO[MusicPlayer.Artist]</label>
						<aligny>center</aligny>
					</control>
				</control>				

				<control type="grouplist">
					<left>26</left>
					<top>68</top>
					<width>600</width>
					<orientation>horizontal</orientation>
					<include>CdArtLabelOpenCloseAnim3</include>
					<control type="label">
						<width min="10" max="140">auto</width>
						<height>40</height>
						<font>MediaInfoFont</font>
						<textcolor>MediaInfoItemColor</textcolor>
						<shadowcolor>ShadowColor</shadowcolor>
						<label>$LOCALIZE[558]:</label>
						<aligny>center</aligny>
					</control>
					<control type="label">
						<width min="10" max="460">auto</width>
						<height>40</height>
						<font>MediaInfoFont</font>
						<textcolor>MediaInfoItemColor2</textcolor>
						<shadowcolor>ShadowColor</shadowcolor>
						<label fallback="31001">$INFO[MusicPlayer.Album]</label>
						<aligny>center</aligny>
					</control>
				</control>
				
				<control type="grouplist">
					<left>21</left>
					<top>93</top>
					<width>600</width>
					<orientation>horizontal</orientation>
					<include>CdArtLabelOpenCloseAnim4</include>
					<control type="label">
						<width min="10" max="140">auto</width>
						<height>40</height>
						<font>MediaInfoFont</font>
						<textcolor>MediaInfoItemColor</textcolor>
						<shadowcolor>ShadowColor</shadowcolor>
						<label>[UPPERCASE]$LOCALIZE[209]:[/UPPERCASE]</label>
						<aligny>center</aligny>
					</control>
					<control type="fadelabel">
						<width min="10" max="460">auto</width>
						<height>40</height>
						<font>MediaInfoFont</font>
						<textcolor>MediaInfoItemColor2</textcolor>
						<shadowcolor>ShadowColor</shadowcolor>
						<label fallback="31001">$INFO[MusicPlayer.offset(1).Title]</label>
						<label fallback="31001">$INFO[MusicPlayer.offset(1).Artist]</label>
						<aligny>center</aligny>
						<scroll>true</scroll>
						<scrollout>false</scrollout>
						<pauseatend>4000</pauseatend>
						<resetonlabelchange>false</resetonlabelchange>
					</control>
				</control>
				
				<control type="grouplist">
					<left>0</left>
					<top>119</top>
					<width>600</width>
					<orientation>horizontal</orientation>
					<itemgap>10</itemgap>
					<usecontrolcoords>true</usecontrolcoords>
					<include>CdArtLabelOpenCloseAnim5</include>
					<control type="label">
						<width min="10" max="460">auto</width>
						<height>40</height>
						<font>OSDFont</font>
						<textcolor>MediaInfoItemColor2</textcolor>
						<shadowcolor>ShadowColor</shadowcolor>
						<label>[COLOR=GreyColor]$INFO[MusicPlayer.Time][/COLOR] / $INFO[Player.Duration]</label>
						<aligny>center</aligny>
					</control>
					<control type="image">
						<description>Star Rating</description>
						<top>2</top>
						<width>100</width>
						<height>40</height>		
						<texture>$INFO[Player.StarRating]</texture>
						<aspectratio>keep</aspectratio>
						<include>StarRatingFadeAnim</include>
						<aligny>center</aligny>
						<visible>!IsEmpty(Player.StarRating)</visible>
					</control>
				</control>
			</control>				
		</control>

		<control type="group">
			<description>Song Info Panel</description>
			<left>28</left>
			<top>350</top>
			<visible>Player.ShowInfo</visible>
			<visible>![Window.IsActive(VisualisationPresetList) | Window.IsActive(AddonSettings) | Window.IsActive(SelectDialog)]</visible>
			<include>FSMediaInfoPanel</include>
			<include>FSMediaInfoOpenCloseAnim</include>
			
			<control type="group">			
				<left>18</left>
				<top>10</top>
				
				<control type="grouplist">
					<width>820</width>
					<height>60</height>
					<orientation>horizontal</orientation>
					<itemgap>10</itemgap>
					<usecontrolcoords>true</usecontrolcoords>
					<control type="label">
						<description>Title/Year</description>
						<width min="10" max="710">auto</width>
						<height>60</height>
						<font>FSInfoTitleFont</font>
						<textcolor>MediaInfoTitleColor</textcolor>
						<shadowcolor>ShadowColor</shadowcolor>
						<label>[UPPERCASE]$INFO[MusicPlayer.Title]$INFO[MusicPlayer.Year, (,)][/UPPERCASE]</label>
						<aligny>top</aligny>
						<scroll>true</scroll>
					</control>
					<control type="image">
						<description>Star Rating</description>
						<top>2</top>
						<width>100</width>
						<height>32</height>		
						<texture>$INFO[Player.StarRating]</texture>
						<aspectratio>keep</aspectratio>
						<include>StarRatingFadeAnim</include>
						<visible>!IsEmpty(Player.StarRating)</visible>
					</control>
				</control>
		
				<control type="label">
					<description>Genre</description>
					<top>30</top>
					<width>820</width>
					<height>26</height>
					<font>FSInfoFont</font>
					<textcolor>MediaInfoTitleColor2</textcolor>
					<shadowcolor>ShadowColor</shadowcolor>
					<label>[UPPERCASE]$INFO[MusicPlayer.Genre][/UPPERCASE]</label>
					<aligny>center</aligny>
				</control>
				
				<control type="grouplist">
					<description>Time</description>
					<left>868</left>
					<width>320</width>
					<align>right</align>
					<orientation>horizontal</orientation>
					<itemgap>10</itemgap>
					<usecontrolcoords>true</usecontrolcoords>
					<control type="image">
						<top>6</top>
						<width>24</width>
						<height>24</height>	
						<texture>pvr/status_timer_alt.png</texture>
						<aspectratio>keep</aspectratio>
					</control>
					<control type="label">
						<left>-6</left>
						<height>60</height>	
						<width min="25" max="250">auto</width>
						<font>FSInfoTitleFont</font>
						<textcolor>BreadCrumbColor</textcolor>
						<shadowcolor>ShadowColor</shadowcolor>
						<label>[UPPERCASE]$INFO[System.Time][/UPPERCASE]</label>
						<aligny>top</aligny>
					</control>
				</control>
		
				<control type="grouplist">
					<description>Next Track</description>
					<left>788</left>
					<top>30</top>
					<width>400</width>
					<align>right</align>
					<orientation>horizontal</orientation>
					<control type="label">
						<width min="10" max="110">auto</width>
						<height>26</height>
						<font>FSInfoFont2</font>
						<textcolor>MediaInfoItemColor</textcolor>
						<shadowcolor>ShadowColor</shadowcolor>
						<label>[UPPERCASE]$LOCALIZE[209]:[/UPPERCASE]</label>
						<aligny>center</aligny>
					</control>
					<control type="label">
						<width min="10" max="400">auto</width>
						<height>26</height>
						<font>FSInfoFont2</font>
						<textcolor>MediaInfoItemColor2</textcolor>
						<shadowcolor>ShadowColor</shadowcolor>
						<label>[UPPERCASE]$INFO[MusicPlayer.offset(1).Artist]$INFO[MusicPlayer.offset(1).Title, - ][/UPPERCASE]</label>
						<aligny>center</aligny>
						<scroll>true</scroll>
					</control>
				</control>
				
				<control type="grouplist">
					<description>Media Info Labels</description>
					<top>66</top>
					<width>820</width>
					<orientation>horizontal</orientation>
					<control type="label">
						<width min="10" max="110">auto</width>
						<height>40</height>
						<font>MediaInfoFont</font>
						<textcolor>MediaInfoItemColor</textcolor>
						<shadowcolor>ShadowColor</shadowcolor>							
						<label>$LOCALIZE[557]:</label>
						<aligny>center</aligny>
					</control>
					<control type="label">
						<width min="10" max="320">auto</width>
						<height>40</height>
						<font>MediaInfoFont</font>
						<textcolor>MediaInfoItemColor2</textcolor>
						<shadowcolor>ShadowColor</shadowcolor>
						<label fallback="31001">$INFO[MusicPlayer.Artist]</label>
						<aligny>center</aligny>
					</control>
					<control type="label">
						<width min="10" max="110">auto</width>
						<height>40</height>
						<font>MediaInfoFont</font>
						<textcolor>MediaInfoItemColor</textcolor>
						<shadowcolor>ShadowColor</shadowcolor>
						<label>     $LOCALIZE[558]:</label>
						<aligny>center</aligny>
					</control>
					<control type="label">
						<width min="10" max="320">auto</width>
						<height>40</height>
						<font>MediaInfoFont</font>
						<textcolor>MediaInfoItemColor2</textcolor>
						<shadowcolor>ShadowColor</shadowcolor>
						<label fallback="31001">$INFO[MusicPlayer.Album]</label>
						<aligny>center</aligny>
					</control>
				</control>

				<control type="textbox">
					<description>Description</description>
					<top>107</top>
					<width>820</width>
					<height>98</height>
					<font>MediaInfoDescFont</font>
					<textcolor>MediaInfoColor</textcolor>
					<shadowcolor>ShadowColor</shadowcolor>
					<align>justify</align>
					<label fallback="31204">$VAR[MusicVizDescription]</label>
					<wrapmultiline>true</wrapmultiline>
					<autoscroll time="2000" delay="6000" repeat="10000">true</autoscroll>
				</control>
				
				<control type="grouplist">
					<description>Media Flags Area</description>
					<top>214</top>
					<width>890</width>
					<height>35</height>
					<itemgap>5</itemgap>
					<align>left</align>
					<usecontrolcoords>true</usecontrolcoords>
					<orientation>horizontal</orientation>
					<include>MediaFlagFadeAnim</include>
					<include>PlayerAudioMediaFlags</include>
				</control>
				
				<control type="label">
					<description>Party Mode</description>
					<left>740</left>
					<top>281</top>
					<width>150</width>
					<height>41</height>
					<font>FSInfoFont2</font>
					<textcolor>DefaultColor3</textcolor>
					<align>right</align>
					<aligny>center</aligny>
					<label>$LOCALIZE[589]</label>
					<visible>MusicPartyMode.Enabled</visible>
				</control>
			</control>
	
			<control type="image">
				<description>Cover</description>
				<left>983</left>
				<top>92</top>
				<width>167</width>
				<height>167</height>
				<texture diffuse="covers/player-media-cover-diffuse.png">$INFO[MusicPlayer.Cover]</texture>
				<aspectratio>stretch</aspectratio>
				<visible>!Skin.HasSetting(EnableMusicCdArt)</visible>
			</control>

			<control type="group">
				<visible>Skin.HasSetting(EnableMusicCdArt)</visible>
				<left>930</left>
				<top>92</top>

				<control type="image">
					<description>cdart</description>
					<top>3</top>
					<width>160</width>
					<height>160</height>
					<texture fallback="icons/cdart/cdart.png" diffuse="icons/cdart/cdart-mask.png">$INFO[Player.FolderPath,,cdart.png]</texture>
					<aspectratio>keep</aspectratio>
					<include>CdArtImageOpenCloseAnim</include>
					<include>CdArtImageRotateAnim</include>
				</control>

				<control type="image">
					<description>Cover</description>
					<width>167</width>
					<height>167</height>
					<bordertexture border="8">panels/panel-content-border.png</bordertexture>
					<texture diffuse="covers/player-media-cover-diffuse.png">$INFO[MusicPlayer.Cover]</texture>
					<aspectratio>stretch</aspectratio>
				</control>
			</control>
		</control>
		
		<control type="group" id="0">
			<description>Codec Info</description>
			<visible>Player.ShowCodec + !Window.IsActive(script-cu-lrclyrics-main.xml)</visible>
			<include>FSTopPanel</include>
			<include>FSTopPanelOpenCloseAnim</include>
		
			<control type="grouplist">
				<left>46</left>
				<top>10</top>
				<width>1132</width>
				<itemgap>30</itemgap>
				<control type="label">
					<description>Row 1</description>
					<width>1132</width>
					<font>DialogHeadFont</font>
					<textcolor>GreyColor2</textcolor>
					<shadowcolor>ShadowColor</shadowcolor>
					<label>$LOCALIZE[445] | $INFO[musicplayer.Codec,Codec: ,]$INFO[musicplayer.Bitrate, - Bitrate: ,kbps]$INFO[musicplayer.bitspersample, - Bits:,bit]$INFO[musicplayer.Samplerate, - Freq.: ,kHz]$INFO[musicplayer.Channels, - Channels: ]</label>			
				</control>
				<control type="label">
					<description>Row 2</description>
					<width>1132</width>
					<font>DialogHeadFont</font>
					<textcolor>GreyColor2</textcolor>
					<shadowcolor>ShadowColor</shadowcolor>
					<label>Visual | fps: $INFO[System.FPS] - $LOCALIZE[250] - $INFO[Visualisation.Name] - $LOCALIZE[20166]</label>
					<visible>Visualisation.Locked</visible>
				</control>
				<control type="label">
					<description>Unlocked Row 2</description>
					<width>1132</width>
					<font>DialogHeadFont</font>
					<textcolor>GreyColor2</textcolor>
					<shadowcolor>ShadowColor</shadowcolor>
					<label>Visual | fps: $INFO[System.FPS] - $LOCALIZE[250] - $INFO[Visualisation.Name]</label>
					<visible>!Visualisation.Locked</visible>
				</control>
				<control type="label">
					<description>Row 3</description>
					<width>1132</width>
					<font>DialogHeadFont</font>
					<textcolor>GreyColor2</textcolor>
					<shadowcolor>ShadowColor</shadowcolor>
					<label>$LOCALIZE[13388] | $INFO[Visualisation.Preset]</label>
				</control>
			</control>
			
			<control type="group">
				<visible>Player.ShowCodec + MusicPlayer.Content(LiveTV) + system.getbool(pvrplayback.signalquality)
				+ ![Window.IsVisible(VisualisationSettings) | Window.IsVisible(VisualisationPresetList) | Window.IsVisible(PVROSDChannels) | Window.IsVisible(PVROSDGuide)]</visible>
				<top>110</top>
				<left>28</left>
				<include>FSTopPanelOpenCloseAnim</include>
				
				<control type="image">
					<width>1224</width>
					<height>198</height>
					<texture border="8">panels/panel.png</texture>
				</control>
				
				<control type="group">
					<top>10</top>
					<left>18</left>
					<control type="label">
						<description>Header</description>
						<width>1188</width>
						<font>MediaInfoFont</font>
						<textcolor>MediaInfoTitleColor</textcolor>
						<shadowcolor>ShadowColor</shadowcolor>							
						<label>$LOCALIZE[19005]</label>
					</control>				
					<control type="label">
						<description>Backend</description>
						<top>35</top>
						<width>165</width>
						<font>FullMediaInfoTaglineFont</font>
						<textcolor>MediaInfoItemColor</textcolor>
						<shadowcolor>ShadowColor</shadowcolor>
						<label>$LOCALIZE[19012]:</label>
					</control>
					<control type="label">
						<description>Backend value</description>
						<top>35</top>
						<left>170</left>
						<width>1018</width>
						<font>FullMediaInfoTaglineFont</font>
						<textcolor>MediaInfoItemColor2</textcolor>
						<shadowcolor>ShadowColor</shadowcolor>
						<label>$INFO[PVR.ActStreamClient]</label>
					</control>
					<control type="label">
						<description>Device</description>
						<top>55</top>
						<width>165</width>
						<font>FullMediaInfoTaglineFont</font>
						<textcolor>MediaInfoItemColor</textcolor>
						<shadowcolor>ShadowColor</shadowcolor>
						<label>$LOCALIZE[19006]:</label>
					</control>
					<control type="label">
						<description>Device value</description>
						<top>55</top>
						<left>170</left>
						<width>1018</width>
						<font>FullMediaInfoTaglineFont</font>
						<textcolor>MediaInfoItemColor2</textcolor>
						<shadowcolor>ShadowColor</shadowcolor>
						<label>$INFO[PVR.ActStreamDevice]</label>
					</control>
					<control type="label">
						<description>Status</description>
						<top>75</top>
						<width>165</width>
						<font>FullMediaInfoTaglineFont</font>
						<textcolor>MediaInfoItemColor</textcolor>
						<shadowcolor>ShadowColor</shadowcolor>
						<label>$LOCALIZE[19007]:</label>
					</control>
					<control type="label">
						<description>Status value</description>
						<top>75</top>
						<left>170</left>
						<width>1018</width>
						<font>FullMediaInfoTaglineFont</font>
						<textcolor>MediaInfoItemColor2</textcolor>
						<shadowcolor>ShadowColor</shadowcolor>
						<label>$INFO[PVR.ActStreamStatus]</label>
					</control>
					<control type="label">
						<description>Signal</description>
						<top>95</top>
						<width>165</width>
						<font>FullMediaInfoTaglineFont</font>
						<textcolor>MediaInfoItemColor</textcolor>
						<shadowcolor>ShadowColor</shadowcolor>
						<label>$LOCALIZE[19008]:</label>
					</control>
					<control type="progress">
						<description>Progressbar</description>
						<left>170</left>
						<top>98</top>
						<width>960</width>
						<height>14</height>
						<info>PVR.ActStreamProgrSignal</info>
					</control>
					<control type="label">
						<description>Signal value</description>
						<top>95</top>
						<left>1145</left>
						<width>40</width>
						<font>FullMediaInfoTaglineFont</font>
						<textcolor>MediaInfoItemColor2</textcolor>
						<shadowcolor>ShadowColor</shadowcolor>
						<label>$INFO[PVR.ActStreamSignal]</label>
					</control>
					<control type="label">
						<description>SNR</description>
						<top>115</top>
						<width>165</width>
						<font>FullMediaInfoTaglineFont</font>
						<textcolor>MediaInfoItemColor</textcolor>
						<shadowcolor>ShadowColor</shadowcolor>
						<label>$LOCALIZE[19009]:</label>
					</control>
					<control type="progress">
						<description>Progressbar</description>
						<left>170</left>
						<top>118</top>
						<width>960</width>
						<height>14</height>
						<info>PVR.ActStreamProgrSNR</info>
					</control>
					<control type="label">
						<description>SNR value</description>
						<top>115</top>
						<left>1145</left>
						<width>40</width>
						<font>FullMediaInfoTaglineFont</font>
						<textcolor>MediaInfoItemColor2</textcolor>
						<shadowcolor>ShadowColor</shadowcolor>
						<label>$INFO[PVR.ActStreamSNR]</label>
					</control>
					<control type="grouplist">
						<top>135</top>
						<orientation>horizontal</orientation>
						<itemgap>5</itemgap>
						<control type="label">
							<description>BER</description>
							<width>165</width>
							<font>FullMediaInfoTaglineFont</font>
							<textcolor>MediaInfoItemColor</textcolor>
							<shadowcolor>ShadowColor</shadowcolor>
							<label>$LOCALIZE[19010]:</label>
						</control>
						<control type="label">
							<description>BER value</description>
							<width>222</width>
							<font>FullMediaInfoTaglineFont</font>
							<textcolor>MediaInfoItemColor2</textcolor>
							<shadowcolor>ShadowColor</shadowcolor>
							<label>$INFO[PVR.ActStreamBER]</label>
						</control>
						<control type="label">
							<description>UNC</description>
							<width>165</width>
							<font>FullMediaInfoTaglineFont</font>
							<textcolor>MediaInfoItemColor</textcolor>
							<shadowcolor>ShadowColor</shadowcolor>
							<label>$LOCALIZE[19011]:</label>
						</control>
						<control type="label">
							<description>UNC value</description>
							<width>222</width>
							<font>FullMediaInfoTaglineFont</font>
							<textcolor>MediaInfoItemColor2</textcolor>
							<shadowcolor>ShadowColor</shadowcolor>
							<label>$INFO[PVR.ActStreamUNC]</label>
						</control>
						<control type="label">
							<description>Service</description>
							<width>165</width>
							<font>FullMediaInfoTaglineFont</font>
							<textcolor>MediaInfoItemColor</textcolor>
							<shadowcolor>ShadowColor</shadowcolor>
							<label>$LOCALIZE[19099]:</label>
						</control>
						<control type="label">
							<description>Service value</description>
							<width>222</width>
							<font>FullMediaInfoTaglineFont</font>
							<textcolor>MediaInfoItemColor2</textcolor>
							<shadowcolor>ShadowColor</shadowcolor>
							<label>$INFO[PVR.ActStreamServiceName]</label>
						</control>
					</control>
					<control type="grouplist">
						<top>155</top>
						<orientation>horizontal</orientation>
						<itemgap>5</itemgap>
						<control type="label">
							<description>Encryption</description>
							<width>165</width>
							<font>FullMediaInfoTaglineFont</font>
							<textcolor>MediaInfoItemColor</textcolor>
							<shadowcolor>ShadowColor</shadowcolor>
							<label>$LOCALIZE[19015]:</label>
						</control>
						<control type="label">
							<description>Encryption value</description>
							<width>222</width>
							<font>FullMediaInfoTaglineFont</font>
							<textcolor>MediaInfoItemColor2</textcolor>
							<shadowcolor>ShadowColor</shadowcolor>
							<label>$INFO[PVR.ActStreamEncryptionName]</label>
						</control>
						<control type="label">
							<description>Provider</description>
							<width>165</width>
							<font>FullMediaInfoTaglineFont</font>
							<textcolor>MediaInfoItemColor</textcolor>
							<shadowcolor>ShadowColor</shadowcolor>
							<label>$LOCALIZE[19101]:</label>
						</control>
						<control type="label">
							<description>Provider value</description>
							<width>222</width>
							<font>FullMediaInfoTaglineFont</font>
							<textcolor>MediaInfoItemColor2</textcolor>
							<shadowcolor>ShadowColor</shadowcolor>
							<label>$INFO[PVR.ActStreamProviderName]</label>
						</control>
						<control type="label">
							<description>Mux</description>
							<width>165</width>
							<font>FullMediaInfoTaglineFont</font>
							<textcolor>MediaInfoItemColor</textcolor>
							<shadowcolor>ShadowColor</shadowcolor>
							<label>$LOCALIZE[19100]:</label>
						</control>
						<control type="label">
							<description>Mux value</description>
							<width>222</width>
							<font>FullMediaInfoTaglineFont</font>
							<textcolor>MediaInfoItemColor2</textcolor>
							<shadowcolor>ShadowColor</shadowcolor>
							<label>$INFO[PVR.ActStreamMux]</label>
						</control>
					</control>
				</control>
			</control>
		</control>
	</controls>	
</window>