<?xml version="1.0" encoding="UTF-8"?>
<window type="dialog" id="3008">
	<defaultcontrol always="true">116</defaultcontrol>
	<menucontrol>987</menucontrol>
	<onload>SetProperty("TvTunesSupported", "Movies")</onload>
	<onunload condition="Skin.String(DialogMovieSetInfo,1)">Skin.Reset(DialogMovieSetInfo)</onunload>
	<include>ControlsOpenCloseAnim</include>
	
	<controls>
		<control type="group">
			<visible>!Window.IsActive(script-ExtendedInfo Script-DialogInfo.xml)</visible>
			<include>FSMediaInfoBackgroundDim2</include>
			
			<control type="group">
				<depth>DepthContent</depth>
				
				<control type="group">		
					<left>100</left>
					<top>143</top>
					
					<control type="image">
						<description>Poster Image Background</description>
						<width>336</width>
						<height>500</height>
						<texture border="4">covers/cover-case2.png</texture>
						<aspectratio>stretch</aspectratio>
						<visible>IsEmpty(ListItem.Thumb)</visible>
						<animation effect="fade" end="70" condition="true">Conditional</animation>
					</control>
					
					<control type="image">
						<description>Default Poster Image</description>
						<width>336</width>
						<height>500</height>
						<texture>DefaultVideo.png</texture>
						<bordersize>60</bordersize>
						<aspectratio>keep</aspectratio>
						<visible>IsEmpty(ListItem.Thumb)</visible>
						<animation effect="fade" end="85" condition="true">Conditional</animation>
					</control>
					
					<control type="image">
						<description>Movies / TV Show Poster Cover Image</description>
						<width>336</width>
						<height>500</height>
						<texture background="true">$VAR[PosterThumb]</texture>
						<bordertexture border="4">covers/cover-case2.png</bordertexture>
						<bordersize>4</bordersize>
						<aspectratio>stretch</aspectratio>
						<include>FSMediaInfoOpenCloseAnim</include>
						<visible>!IsEmpty(ListItem.Thumb)</visible>
					</control>
					
					<control type="image">
						<description>Watched Overlay</description>
						<top>452</top>
						<left>288</left>
						<width>32</width>
						<height>32</height>
						<texture>OverlayWatched.png</texture>
						<aspectratio>keep</aspectratio>
						<include>FSMediaInfoOpenCloseAnim</include>
						<visible>StringCompare(ListItem.Overlay,OverlayWatched.png)</visible>
					</control>			
				</control>	

				<control type="group">
					<left>470</left>
					<top>99</top>
					
					<control type="image">
						<top>-6</top>
						<width>710</width>
						<height>85</height>
						<align>center</align>
						<texture background="true">$INFO[ListItem.Art(clearlogo)]</texture>
						<aspectratio>keep</aspectratio>
						<visible>!IsEmpty(ListItem.Art(clearlogo))</visible>
					</control>
					
					<control type="label">
						<description>Title</description>
						<top>32</top>
						<width>710</width>
						<align>center</align>
						<font>FullMediaInfoTitleFont3</font>
						<textcolor>MediaInfoTitleColor</textcolor>
						<shadowcolor>ShadowColor</shadowcolor>
						<label>[UPPERCASE]$INFO[ListItem.Title][/UPPERCASE]</label>
						<scroll>true</scroll>
						<visible>IsEmpty(ListItem.Art(clearlogo))</visible>
					</control>
					
					<control type="image">
						<top>80</top>
						<width>710</width>
						<height>2</height>
						<animation effect="fade" end="30" condition="true">Conditional</animation>
						<texture>views/videoinfo-separator.png</texture>
					</control>
					
					<control type="image">
						<top>118</top>
						<width>710</width>
						<height>2</height>
						<animation effect="fade" end="30" condition="true">Conditional</animation>
						<texture>views/videoinfo-separator.png</texture>
					</control>
					
					<control type="image">
						<description>Studio Logo</description>
						<top>546</top>
						<width>710</width>
						<height>65</height>
						<aspectratio>keep</aspectratio>
						<align>center</align>
						<!--<fadetime>MediaFlagsCrossfadeTime</fadetime>-->
						<texture>$INFO[Window(home).Property(Set.Movies.Studio),resource://resource.images.studios.white/,.png]</texture>
						<include>MediaFlagFadeAnim</include>
						<visible>!IsEmpty(Window(home).Property(Set.Movies.Studio))</visible>
					</control>
					
					<!--
					<control type="grouplist">
						<top>546</top>
						<width>620</width>
						<orientation>horizontal</orientation>
						<itemgap>3</itemgap>
						<control type="image">
							<description>Disc Art 1</description>
							<width>74</width>
							<height>74</height>
							<aspectratio>keep</aspectratio>
							<texture>$INFO[Window(home).Property(Set.Movie.1.Art(discart))]</texture>
							<visible>!IsEmpty(Window(home).Property(Set.Movie.1.Art(discart)))</visible>
						</control>
						<control type="image">
							<description>Disc Art 2</description>
							<width>74</width>
							<height>74</height>
							<aspectratio>keep</aspectratio>
							<texture>$INFO[Window(home).Property(Set.Movie.2.Art(discart))]</texture>
							<animation type="WindowOpen">
								<effect type="slide" start="-77,0" tween="quadratic" easing="out" delay="100" time="300"/>
								<effect type="fade" end="100" delay="100" time="200"/>
							</animation>
							<visible>!IsEmpty(Window(home).Property(Set.Movie.2.Art(discart)))</visible>
						</control>
						<control type="image">
							<description>Disc Art 3</description>
							<width>74</width>
							<height>74</height>
							<aspectratio>keep</aspectratio>
							<texture>$INFO[Window(home).Property(Set.Movie.3.Art(discart))]</texture>
							<animation type="WindowOpen">
								<effect type="slide" start="-77,0" tween="quadratic" easing="out" delay="200" time="300"/>
								<effect type="fade" end="100" delay="200" time="200"/>
							</animation>
							<visible>!IsEmpty(Window(home).Property(Set.Movie.3.Art(discart)))</visible>
						</control>
						<control type="image">
							<description>Disc Art 4</description>
							<width>74</width>
							<height>74</height>
							<aspectratio>keep</aspectratio>
							<texture>$INFO[Window(home).Property(Set.Movie.4.Art(discart))]</texture>
							<animation type="WindowOpen">
								<effect type="slide" start="-77,0" tween="quadratic" easing="out" delay="300" time="300"/>
								<effect type="fade" end="100" delay="300" time="200"/>
							</animation>
							<visible>!IsEmpty(Window(home).Property(Set.Movie.4.Art(discart)))</visible>
						</control>
						<control type="image">
							<description>Disc Art 5</description>
							<width>74</width>
							<height>74</height>
							<aspectratio>keep</aspectratio>
							<texture>$INFO[Window(home).Property(Set.Movie.5.Art(discart))]</texture>
							<animation type="WindowOpen">
								<effect type="slide" start="-77,0" tween="quadratic" easing="out" delay="400" time="300"/>
								<effect type="fade" end="100" delay="400" time="200"/>
							</animation>
							<visible>!IsEmpty(Window(home).Property(Set.Movie.5.Art(discart)))</visible>
						</control>
						<control type="image">
							<description>Disc Art 6</description>
							<width>74</width>
							<height>74</height>
							<aspectratio>keep</aspectratio>
							<texture>$INFO[Window(home).Property(Set.Movie.6.Art(discart))]</texture>
							<animation type="WindowOpen">
								<effect type="slide" start="-77,0" tween="quadratic" easing="out" delay="400" time="300"/>
								<effect type="fade" end="100" delay="400" time="200"/>
							</animation>
							<visible>!IsEmpty(Window(home).Property(Set.Movie.6.Art(discart)))</visible>
						</control>
						<control type="image">
							<description>Disc Art 7</description>
							<width>74</width>
							<height>74</height>
							<aspectratio>keep</aspectratio>
							<texture>$INFO[Window(home).Property(Set.Movie.7.Art(discart))]</texture>
							<animation type="WindowOpen">
								<effect type="slide" start="-77,0" tween="quadratic" easing="out" delay="500" time="300"/>
								<effect type="fade" end="100" delay="500" time="200"/>
							</animation>
							<visible>!IsEmpty(Window(home).Property(Set.Movie.7.Art(discart)))</visible>
						</control>
						<control type="image">
							<description>Disc Art 8</description>
							<width>74</width>
							<height>74</height>
							<aspectratio>keep</aspectratio>
							<texture>$INFO[Window(home).Property(Set.Movie.8.Art(discart))]</texture>
							<animation type="WindowOpen">
								<effect type="slide" start="-77,0" tween="quadratic" easing="out" delay="600" time="300"/>
								<effect type="fade" end="100" delay="600" time="200"/>
							</animation>
							<visible>!IsEmpty(Window(home).Property(Set.Movie.8.Art(discart)))</visible>
						</control>
						<control type="image">
							<description>Disc Art 9</description>
							<width>74</width>
							<height>74</height>
							<aspectratio>keep</aspectratio>
							<texture>$INFO[Window(home).Property(Set.Movie.9.Art(discart))]</texture>
							<animation type="WindowOpen">
								<effect type="slide" start="-77,0" tween="quadratic" easing="out" delay="700" time="300"/>
								<effect type="fade" end="100" delay="700" time="200"/>
							</animation>
							<visible>!IsEmpty(Window(home).Property(Set.Movie.9.Art(discart)))</visible>
						</control>
						<control type="image">
							<description>Disc Art 10</description>
							<width>74</width>
							<height>74</height>
							<aspectratio>keep</aspectratio>
							<texture>$INFO[Window(home).Property(Set.Movie.10.Art(discart))]</texture>
							<animation type="WindowOpen">
								<effect type="slide" start="-77,0" tween="quadratic" easing="out" delay="800" time="300"/>
								<effect type="fade" end="100" delay="800" time="200"/>
							</animation>
							<visible>!IsEmpty(Window(home).Property(Set.Movie.10.Art(discart)))</visible>
						</control>
					</control>
					-->
				</control>
				
				<control type="group">
					<visible>IsEmpty(Skin.String(DialogMovieSetInfo))</visible>
					<include>FSMediaInfoOpenCloseAnim</include>
					
					<control type="label">
						<description>Genre</description>
						<left>470</left>
						<top>186</top>
						<width>710</width>
						<align>center</align>
						<font>FullMediaInfoTitleFont2</font>
						<textcolor>MediaInfoTitleColor2</textcolor>
						<shadowcolor>ShadowColor</shadowcolor>
						<label fallback="31000">[UPPERCASE]$INFO[Window(home).Property(Set.Movies.Genre)][/UPPERCASE]</label>
					</control>
				
					<control type="list" id="901">
						<left>465</left>
						<top>219</top>
						<width>720</width>
						<height>233</height>
						<onup>987</onup>
						<onleft>987</onleft>
						<onright condition="Control.IsVisible(61)">61</onright>
						<onright condition="!Control.IsVisible(61)">987</onright>
						<ondown condition="Control.IsVisible(61)">61</ondown>
						<oninfo>Dialog.Close(3008)</oninfo>
						<itemlayout width="720" height="29">
							<control type="image">
								<top>27</top>
								<left>5</left>
								<width>710</width>
								<height>2</height>
								<animation effect="fade" end="30" condition="true">Conditional</animation>
								<texture>views/videoinfo-separator.png</texture>
							</control>
							<control type="image">
								<left>170</left>
								<width>1</width>
								<height>32</height>
								<animation effect="fade" end="25" condition="true">Conditional</animation>
								<texture border="1,0,0,10" flipy="true">views/videoinfo-separator.png</texture>
							</control>
							<control type="label">
								<left>5</left>
								<width>165</width>
								<height>29</height>
								<font>FullMediaInfoFont</font>
								<aligny>center</aligny>
								<textcolor>MediaInfoItemColor</textcolor>
								<shadowcolor>ShadowColor</shadowcolor>
								<label>[UPPERCASE]$INFO[ListItem.Label][/UPPERCASE]</label>
							</control>
							<control type="label">
								<left>179</left>
								<width>533</width>
								<height>29</height>
								<font>FullMediaInfoFont2</font>
								<aligny>center</aligny>
								<textcolor>MediaInfoItemColor2</textcolor>
								<shadowcolor>ShadowColor</shadowcolor>
								<label fallback="31000">$INFO[ListItem.Label2]</label>
							</control>
						</itemlayout>	
						<focusedlayout width="720" height="29">
							<control type="image">
								<top>27</top>
								<left>5</left>
								<width>710</width>
								<height>2</height>
								<animation effect="fade" end="30" condition="true">Conditional</animation>
								<texture>views/videoinfo-separator.png</texture>
							</control>
							<control type="image">
								<left>170</left>
								<width>1</width>
								<height>32</height>
								<animation effect="fade" end="25" condition="true">Conditional</animation>
								<texture border="1,0,0,10" flipy="true">views/videoinfo-separator.png</texture>
							</control>
							<control type="image">
								<left>0</left>
								<width>720</width>
								<height>29</height>	
								<texture border="4">views/list-focus.png</texture>
								<aspectratio>stretch</aspectratio>
								<visible>Control.HasFocus(901)</visible>
								<include>ListViewSelectFadeAnim</include>
								<include>MediaInfoListScrollAnim</include>
							</control>
							<control type="label">
								<left>5</left>
								<width>165</width>
								<height>29</height>
								<font>FullMediaInfoFont</font>
								<aligny>center</aligny>
								<textcolor>MediaInfoItemColor</textcolor>
								<shadowcolor>ShadowColor</shadowcolor>
								<label>[UPPERCASE]$INFO[ListItem.Label][/UPPERCASE]</label>
							</control>
							<control type="label">
								<left>179</left>
								<width>533</width>
								<height>29</height>
								<font>FullMediaInfoFont2</font>
								<aligny>center</aligny>
								<textcolor>MediaInfoItemColor2</textcolor>
								<shadowcolor>ShadowColor</shadowcolor>
								<label fallback="31000">$INFO[ListItem.Label2]</label>
							</control>
						</focusedlayout>
						<content>
							<item id="1">
								<description>Movies</description>
								<label>$LOCALIZE[342]</label>
								<label2>$INFO[Window(home).Property(Set.Movies.Count)]</label2>
								<onclick>Skin.SetString(DialogMovieSetInfo,1)</onclick>
								<onclick>Control.SetFocus(902)</onclick>
							</item>
							<item id="2">
								<description>Director</description>
								<label>$LOCALIZE[20339]</label>
								<label2>$INFO[Window(home).Property(Set.Movies.Director)]</label2>
								<onclick condition="System.HasAddon(script.extendedinfo)">RunScript(script.extendedinfo,info=extendedactorinfo,name=$INFO[Window(home).Property(Set.Movies.Director)])</onclick>
								<onclick condition="!System.HasAddon(script.extendedinfo)">noop</onclick>
							</item>
							<item id="3">
								<description>Writer</description>
								<label>$LOCALIZE[20417]</label>
								<label2>$INFO[Window(home).Property(Set.Movies.Writer)]</label2>
								<onclick condition="System.HasAddon(script.extendedinfo)">RunScript(script.extendedinfo,info=extendedactorinfo,name=$INFO[Window(home).Property(Set.Movies.Writer)])</onclick>
								<onclick condition="!System.HasAddon(script.extendedinfo)">noop</onclick>
							</item>
							<item id="4">
								<description>Year</description>
								<label>$LOCALIZE[345]</label>
								<label2>$INFO[Window(home).Property(Set.Movies.Years)]</label2>
								<onclick>noop</onclick>
							</item>
							<item id="5">
								<description>Runtime</description>
								<label>$LOCALIZE[2050]</label>
								<label2>$VAR[MovieDuration]</label2>
								<onclick>noop</onclick>
							</item>
							<item id="6">
								<description>Rating</description>
								<label>$LOCALIZE[563]</label>
								<label2>$INFO[ListItem.Rating]</label2>
								<onclick>noop</onclick>
							</item>
							<item id="7">
								<description>Studio</description>
								<label>$LOCALIZE[572]</label>
								<label2>$INFO[Window(home).Property(Set.Movies.Studio)]</label2>
								<onclick>noop</onclick>
							</item>
							<item id="8">
								<description>Country</description>
								<label>$LOCALIZE[574]</label>
								<label2>$INFO[Window(home).Property(Set.Movies.Country)]</label2>
								<onclick>noop</onclick>
							</item>
						</content>
					</control>
					
					<control type="textbox" id="903">
						<description>Plot</description>
						<left>470</left>
						<top>462</top>
						<width>710</width>
						<height>168</height>
						<font>FullMediaInfoDescFont</font>
						<textcolor>MediaInfoColor</textcolor>
						<shadowcolor>ShadowColor</shadowcolor>
						<align>justify</align>
						<label>$INFO[Window(home).Property(Set.Movies.ExtendedPlot)]</label>
						<pagecontrol>61</pagecontrol>
						<autoscroll time="2000" delay="6000" repeat="10000">true</autoscroll>
					</control>
				</control>
				
				<control type="group">
					<visible>Skin.String(DialogMovieSetInfo,1)</visible>
					<include>FSMediaInfoOpenCloseAnim</include>
					
					<control type="label">
						<description>Movies in Set</description>
						<left>470</left>
						<top>186</top>
						<width>710</width>
						<align>center</align>
						<font>FullMediaInfoTitleFont2</font>
						<textcolor>MediaInfoTitleColor2</textcolor>
						<shadowcolor>ShadowColor</shadowcolor>
						<label fallback="31000">[UPPERCASE]$INFO[Window(home).Property(Set.Movies.Count),, $LOCALIZE[342]][/UPPERCASE]</label>
					</control>
					
					<control type="image">
						<left>470</left>
						<top>248</top>
						<width>472</width>
						<height>2</height>
						<animation effect="fade" end="30" condition="true">Conditional</animation>
						<texture>views/videoinfo-separator.png</texture>
					</control>
					
					<control type="list" id="902">
						<left>465</left>
						<top>250</top>
						<width>482</width>
						<height>300</height>
						<onup>987</onup>
						<ondown condition="Control.IsVisible(61)">61</ondown>
						<onleft>987</onleft>
						<onright condition="Control.IsVisible(61)">61</onright>
						<pagecontrol>61</pagecontrol>
						<oninfo>Dialog.Close(3008)</oninfo>
						<itemlayout width="482" height="30">
							<control type="image">
								<top>28</top>
								<left>5</left>
								<width>472</width>
								<height>2</height>
								<animation effect="fade" end="30" condition="true">Conditional</animation>
								<texture>views/videoinfo-separator.png</texture>
							</control>
							<control type="label">
								<left>5</left>
								<width>423</width>
								<height>30</height>
								<font>FullMediaInfoFont</font>
								<aligny>center</aligny>
								<textcolor>MediaInfoItemColor</textcolor>
								<shadowcolor>ShadowColor</shadowcolor>
								<label>[UPPERCASE]$INFO[ListItem.Property(Title)][/UPPERCASE]</label>
							</control>
							<control type="label">
								<left>433</left>
								<width>100</width>
								<height>30</height>
								<font>FullMediaInfoFont2</font>
								<aligny>center</aligny>
								<textcolor>MediaInfoItemColor2</textcolor>
								<shadowcolor>ShadowColor</shadowcolor>
								<label>$INFO[ListItem.Property(Year)]</label>
							</control>
						</itemlayout>	
						<focusedlayout width="482" height="30">
							<control type="image">
								<top>28</top>
								<left>5</left>
								<width>472</width>
								<height>2</height>
								<animation effect="fade" end="30" condition="true">Conditional</animation>
								<texture>views/videoinfo-separator.png</texture>
							</control>
							<control type="image">
								<left>0</left>
								<width>482</width>
								<height>30</height>	
								<texture border="4">views/list-focus.png</texture>
								<aspectratio>stretch</aspectratio>
								<visible>Control.HasFocus(902)</visible>
								<include>ListViewSelectFadeAnim</include>
								<animation effect="slide" start="0,-30" time="200" tween="quadratic" easing="out" reversible="false" condition="Container(902).OnNext">Focus</animation>
								<animation effect="slide" start="0,30" time="200" tween="quadratic" easing="out" reversible="false" condition="Container(902).OnPrevious">Focus</animation>
							</control>
							<control type="label">
								<left>5</left>
								<width>423</width>
								<height>30</height>
								<font>FullMediaInfoFont</font>
								<aligny>center</aligny>
								<textcolor>MediaInfoItemColor</textcolor>
								<shadowcolor>ShadowColor</shadowcolor>
								<label>[UPPERCASE]$INFO[ListItem.Property(Title)][/UPPERCASE]</label>
							</control>
							<control type="label">
								<left>433</left>
								<width>100</width>
								<height>30</height>
								<font>FullMediaInfoFont2</font>
								<aligny>center</aligny>
								<textcolor>MediaInfoItemColor2</textcolor>
								<shadowcolor>ShadowColor</shadowcolor>
								<label>$INFO[ListItem.Property(Year)]</label>
							</control>
						</focusedlayout>
						<content>
							<item id="1">
								<property name="Plot">$INFO[Window(home).Property(Set.Movie.1.Plot)]</property>
								<property name="PlotOutline">$INFO[Window(home).Property(Set.Movie.1.PlotOutline)]</property>
								<property name="Year">$INFO[Window(home).Property(Set.Movie.1.Year)]</property>
								<property name="Title">$INFO[Window(home).Property(Set.Movie.1.Title)]</property>
								<thumb>$INFO[Window(home).Property(Set.Movie.1.Art(poster))]</thumb>
								<onclick condition="System.HasAddon(script.extendedinfo)">RunScript(script.extendedinfo,info=extendedinfo,DBID=$INFO[Window(home).Property(Set.Movie.1.DBID)])</onclick>
								<onclick condition="!System.HasAddon(script.extendedinfo)">noop</onclick>
								<visible>!IsEmpty(Window(home).Property(Set.Movie.1.Art(poster)))</visible>
							</item>
							<item id="2">
								<property name="Plot">$INFO[Window(home).Property(Set.Movie.2.Plot)]</property>
								<property name="PlotOutline">$INFO[Window(home).Property(Set.Movie.2.PlotOutline)]</property>
								<property name="Year">$INFO[Window(home).Property(Set.Movie.2.Year)]</property>
								<property name="Title">$INFO[Window(home).Property(Set.Movie.2.Title)]</property>
								<thumb>$INFO[Window(home).Property(Set.Movie.2.Art(poster))]</thumb>
								<onclick condition="System.HasAddon(script.extendedinfo)">RunScript(script.extendedinfo,info=extendedinfo,DBID=$INFO[Window(home).Property(Set.Movie.2.DBID)])</onclick>
								<onclick condition="!System.HasAddon(script.extendedinfo)">noop</onclick>
								<visible>!IsEmpty(Window(home).Property(Set.Movie.2.Art(poster)))</visible>
							</item>
							<item id="3">
								<property name="Plot">$INFO[Window(home).Property(Set.Movie.3.Plot)]</property>
								<property name="PlotOutline">$INFO[Window(home).Property(Set.Movie.3.PlotOutline)]</property>
								<property name="Year">$INFO[Window(home).Property(Set.Movie.3.Year)]</property>
								<property name="Title">$INFO[Window(home).Property(Set.Movie.3.Title)]</property>
								<thumb>$INFO[Window(home).Property(Set.Movie.3.Art(poster))]</thumb>
								<onclick condition="System.HasAddon(script.extendedinfo)">RunScript(script.extendedinfo,info=extendedinfo,DBID=$INFO[Window(home).Property(Set.Movie.3.DBID)])</onclick>
								<onclick condition="!System.HasAddon(script.extendedinfo)">noop</onclick>
								<visible>!IsEmpty(Window(home).Property(Set.Movie.3.Art(poster)))</visible>
							</item>
							<item id="4">
								<property name="Plot">$INFO[Window(home).Property(Set.Movie.4.Plot)]</property>
								<property name="PlotOutline">$INFO[Window(home).Property(Set.Movie.4.PlotOutline)]</property>
								<property name="Year">$INFO[Window(home).Property(Set.Movie.4.Year)]</property>
								<property name="Title">$INFO[Window(home).Property(Set.Movie.4.Title)]</property>
								<thumb>$INFO[Window(home).Property(Set.Movie.4.Art(poster))]</thumb>
								<onclick condition="System.HasAddon(script.extendedinfo)">RunScript(script.extendedinfo,info=extendedinfo,DBID=$INFO[Window(home).Property(Set.Movie.4.DBID)])</onclick>
								<onclick condition="!System.HasAddon(script.extendedinfo)">noop</onclick>
								<visible>!IsEmpty(Window(home).Property(Set.Movie.4.Art(poster)))</visible>
							</item>
							<item id="5">
								<property name="Plot">$INFO[Window(home).Property(Set.Movie.5.Plot)]</property>
								<property name="PlotOutline">$INFO[Window(home).Property(Set.Movie.5.PlotOutline)]</property>
								<property name="Year">$INFO[Window(home).Property(Set.Movie.5.Year)]</property>
								<property name="Title">$INFO[Window(home).Property(Set.Movie.5.Title)]</property>
								<thumb>$INFO[Window(home).Property(Set.Movie.5.Art(poster))]</thumb>
								<onclick condition="System.HasAddon(script.extendedinfo)">RunScript(script.extendedinfo,info=extendedinfo,DBID=$INFO[Window(home).Property(Set.Movie.5.DBID)])</onclick>
								<onclick condition="!System.HasAddon(script.extendedinfo)">noop</onclick>
								<visible>!IsEmpty(Window(home).Property(Set.Movie.5.Art(poster)))</visible>
							</item>
							<item id="6">
								<property name="Plot">$INFO[Window(home).Property(Set.Movie.6.Plot)]</property>
								<property name="PlotOutline">$INFO[Window(home).Property(Set.Movie.6.PlotOutline)]</property>
								<property name="Year">$INFO[Window(home).Property(Set.Movie.6.Year)]</property>
								<property name="Title">$INFO[Window(home).Property(Set.Movie.6.Title)]</property>
								<thumb>$INFO[Window(home).Property(Set.Movie.6.Art(poster))]</thumb>
								<onclick condition="System.HasAddon(script.extendedinfo)">RunScript(script.extendedinfo,info=extendedinfo,DBID=$INFO[Window(home).Property(Set.Movie.6.DBID)])</onclick>
								<onclick condition="!System.HasAddon(script.extendedinfo)">noop</onclick>
								<visible>!IsEmpty(Window(home).Property(Set.Movie.6.Art(poster)))</visible>
							</item>
							<item id="7">
								<property name="Plot">$INFO[Window(home).Property(Set.Movie.7.Plot)]</property>
								<property name="PlotOutline">$INFO[Window(home).Property(Set.Movie.7.PlotOutline)]</property>
								<property name="Year">$INFO[Window(home).Property(Set.Movie.7.Year)]</property>
								<property name="Title">$INFO[Window(home).Property(Set.Movie.7.Title)]</property>
								<thumb>$INFO[Window(home).Property(Set.Movie.7.Art(poster))]</thumb>
								<onclick condition="System.HasAddon(script.extendedinfo)">RunScript(script.extendedinfo,info=extendedinfo,DBID=$INFO[Window(home).Property(Set.Movie.7.DBID)])</onclick>
								<onclick condition="!System.HasAddon(script.extendedinfo)">noop</onclick>
								<visible>!IsEmpty(Window(home).Property(Set.Movie.7.Art(poster)))</visible>
							</item>
							<item id="8">
								<property name="Plot">$INFO[Window(home).Property(Set.Movie.8.Plot)]</property>
								<property name="PlotOutline">$INFO[Window(home).Property(Set.Movie.8.PlotOutline)]</property>
								<property name="Year">$INFO[Window(home).Property(Set.Movie.8.Year)]</property>
								<property name="Title">$INFO[Window(home).Property(Set.Movie.8.Title)]</property>
								<thumb>$INFO[Window(home).Property(Set.Movie.8.Art(poster))]</thumb>
								<onclick condition="System.HasAddon(script.extendedinfo)">RunScript(script.extendedinfo,info=extendedinfo,DBID=$INFO[Window(home).Property(Set.Movie.8.DBID)])</onclick>
								<onclick condition="!System.HasAddon(script.extendedinfo)">noop</onclick>
								<visible>!IsEmpty(Window(home).Property(Set.Movie.8.Art(poster)))</visible>
							</item>
							<item id="9">
								<property name="Plot">$INFO[Window(home).Property(Set.Movie.9.Plot)]</property>
								<property name="PlotOutline">$INFO[Window(home).Property(Set.Movie.9.PlotOutline)]</property>
								<property name="Year">$INFO[Window(home).Property(Set.Movie.9.Year)]</property>
								<property name="Title">$INFO[Window(home).Property(Set.Movie.9.Title)]</property>
								<thumb>$INFO[Window(home).Property(Set.Movie.9.Art(poster))]</thumb>
								<onclick condition="System.HasAddon(script.extendedinfo)">RunScript(script.extendedinfo,info=extendedinfo,DBID=$INFO[Window(home).Property(Set.Movie.9.DBID)])</onclick>
								<onclick condition="!System.HasAddon(script.extendedinfo)">noop</onclick>
								<visible>!IsEmpty(Window(home).Property(Set.Movie.9.Art(poster)))</visible>
							</item>
							<item id="10">
								<property name="Plot">$INFO[Window(home).Property(Set.Movie.10.Plot)]</property>
								<property name="PlotOutline">$INFO[Window(home).Property(Set.Movie.10.PlotOutline)]</property>
								<property name="Year">$INFO[Window(home).Property(Set.Movie.10.Year)]</property>
								<property name="Title">$INFO[Window(home).Property(Set.Movie.10.Title)]</property>
								<thumb>$INFO[Window(home).Property(Set.Movie.10.Art(poster))]</thumb>
								<onclick condition="System.HasAddon(script.extendedinfo)">RunScript(script.extendedinfo,info=extendedinfo,DBID=$INFO[Window(home).Property(Set.Movie.10.DBID)])</onclick>
								<onclick condition="!System.HasAddon(script.extendedinfo)">noop</onclick>
								<visible>!IsEmpty(Window(home).Property(Set.Movie.10.Art(poster)))</visible>
							</item>
							<item id="11">
								<property name="Plot">$INFO[Window(home).Property(Set.Movie.11.Plot)]</property>
								<property name="PlotOutline">$INFO[Window(home).Property(Set.Movie.11.PlotOutline)]</property>
								<property name="Year">$INFO[Window(home).Property(Set.Movie.11.Year)]</property>
								<property name="Title">$INFO[Window(home).Property(Set.Movie.11.Title)]</property>
								<thumb>$INFO[Window(home).Property(Set.Movie.11.Art(poster))]</thumb>
								<onclick condition="System.HasAddon(script.extendedinfo)">RunScript(script.extendedinfo,info=extendedinfo,DBID=$INFO[Window(home).Property(Set.Movie.11.DBID)])</onclick>
								<onclick condition="!System.HasAddon(script.extendedinfo)">noop</onclick>
								<visible>!IsEmpty(Window(home).Property(Set.Movie.11.Art(poster)))</visible>
							</item>
							<item id="12">
								<property name="Plot">$INFO[Window(home).Property(Set.Movie.12.Plot)]</property>
								<property name="PlotOutline">$INFO[Window(home).Property(Set.Movie.12.PlotOutline)]</property>
								<property name="Year">$INFO[Window(home).Property(Set.Movie.12.Year)]</property>
								<property name="Title">$INFO[Window(home).Property(Set.Movie.12.Title)]</property>
								<thumb>$INFO[Window(home).Property(Set.Movie.12.Art(poster))]</thumb>
								<onclick condition="System.HasAddon(script.extendedinfo)">RunScript(script.extendedinfo,info=extendedinfo,DBID=$INFO[Window(home).Property(Set.Movie.12.DBID)])</onclick>
								<onclick condition="!System.HasAddon(script.extendedinfo)">noop</onclick>
								<visible>!IsEmpty(Window(home).Property(Set.Movie.12.Art(poster)))</visible>
							</item>
							<item id="13">
								<property name="Plot">$INFO[Window(home).Property(Set.Movie.13.Plot)]</property>
								<property name="PlotOutline">$INFO[Window(home).Property(Set.Movie.13.PlotOutline)]</property>
								<property name="Year">$INFO[Window(home).Property(Set.Movie.13.Year)]</property>
								<property name="Title">$INFO[Window(home).Property(Set.Movie.13.Title)]</property>
								<thumb>$INFO[Window(home).Property(Set.Movie.13.Art(poster))]</thumb>
								<onclick condition="System.HasAddon(script.extendedinfo)">RunScript(script.extendedinfo,info=extendedinfo,DBID=$INFO[Window(home).Property(Set.Movie.13.DBID)])</onclick>
								<onclick condition="!System.HasAddon(script.extendedinfo)">noop</onclick>
								<visible>!IsEmpty(Window(home).Property(Set.Movie.13.Art(poster)))</visible>
							</item>
							<item id="14">
								<property name="Plot">$INFO[Window(home).Property(Set.Movie.14.Plot)]</property>
								<property name="PlotOutline">$INFO[Window(home).Property(Set.Movie.14.PlotOutline)]</property>
								<property name="Year">$INFO[Window(home).Property(Set.Movie.14.Year)]</property>
								<property name="Title">$INFO[Window(home).Property(Set.Movie.14.Title)]</property>
								<thumb>$INFO[Window(home).Property(Set.Movie.14.Art(poster))]</thumb>
								<onclick condition="System.HasAddon(script.extendedinfo)">RunScript(script.extendedinfo,info=extendedinfo,DBID=$INFO[Window(home).Property(Set.Movie.14.DBID)])</onclick>
								<onclick condition="!System.HasAddon(script.extendedinfo)">noop</onclick>
								<visible>!IsEmpty(Window(home).Property(Set.Movie.14.Art(poster)))</visible>
							</item>
							<item id="15">
								<property name="Plot">$INFO[Window(home).Property(Set.Movie.15.Plot)]</property>
								<property name="PlotOutline">$INFO[Window(home).Property(Set.Movie.15.PlotOutline)]</property>
								<property name="Year">$INFO[Window(home).Property(Set.Movie.15.Year)]</property>
								<property name="Title">$INFO[Window(home).Property(Set.Movie.15.Title)]</property>
								<thumb>$INFO[Window(home).Property(Set.Movie.15.Art(poster))]</thumb>
								<onclick condition="System.HasAddon(script.extendedinfo)">RunScript(script.extendedinfo,info=extendedinfo,DBID=$INFO[Window(home).Property(Set.Movie.15.DBID)])</onclick>
								<onclick condition="!System.HasAddon(script.extendedinfo)">noop</onclick>
								<visible>!IsEmpty(Window(home).Property(Set.Movie.15.Art(poster)))</visible>
							</item>
							<item id="16">
								<property name="Plot">$INFO[Window(home).Property(Set.Movie.16.Plot)]</property>
								<property name="PlotOutline">$INFO[Window(home).Property(Set.Movie.16.PlotOutline)]</property>
								<property name="Year">$INFO[Window(home).Property(Set.Movie.16.Year)]</property>
								<property name="Title">$INFO[Window(home).Property(Set.Movie.16.Title)]</property>
								<thumb>$INFO[Window(home).Property(Set.Movie.16.Art(poster))]</thumb>
								<onclick condition="System.HasAddon(script.extendedinfo)">RunScript(script.extendedinfo,info=extendedinfo,DBID=$INFO[Window(home).Property(Set.Movie.16.DBID)])</onclick>
								<onclick condition="!System.HasAddon(script.extendedinfo)">noop</onclick>
								<visible>!IsEmpty(Window(home).Property(Set.Movie.16.Art(poster)))</visible>
							</item>
							<item id="17">
								<property name="Plot">$INFO[Window(home).Property(Set.Movie.17.Plot)]</property>
								<property name="PlotOutline">$INFO[Window(home).Property(Set.Movie.17.PlotOutline)]</property>
								<property name="Year">$INFO[Window(home).Property(Set.Movie.17.Year)]</property>
								<property name="Title">$INFO[Window(home).Property(Set.Movie.17.Title)]</property>
								<thumb>$INFO[Window(home).Property(Set.Movie.17.Art(poster))]</thumb>
								<onclick condition="System.HasAddon(script.extendedinfo)">RunScript(script.extendedinfo,info=extendedinfo,DBID=$INFO[Window(home).Property(Set.Movie.17.DBID)])</onclick>
								<onclick condition="!System.HasAddon(script.extendedinfo)">noop</onclick>
								<visible>!IsEmpty(Window(home).Property(Set.Movie.17.Art(poster)))</visible>
							</item>
							<item id="18">
								<property name="Plot">$INFO[Window(home).Property(Set.Movie.18.Plot)]</property>
								<property name="PlotOutline">$INFO[Window(home).Property(Set.Movie.18.PlotOutline)]</property>
								<property name="Year">$INFO[Window(home).Property(Set.Movie.18.Year)]</property>
								<property name="Title">$INFO[Window(home).Property(Set.Movie.18.Title)]</property>
								<thumb>$INFO[Window(home).Property(Set.Movie.18.Art(poster))]</thumb>
								<onclick condition="System.HasAddon(script.extendedinfo)">RunScript(script.extendedinfo,info=extendedinfo,DBID=$INFO[Window(home).Property(Set.Movie.18.DBID)])</onclick>
								<onclick condition="!System.HasAddon(script.extendedinfo)">noop</onclick>
								<visible>!IsEmpty(Window(home).Property(Set.Movie.18.Art(poster)))</visible>
							</item>
							<item id="19">
								<property name="Plot">$INFO[Window(home).Property(Set.Movie.19.Plot)]</property>
								<property name="PlotOutline">$INFO[Window(home).Property(Set.Movie.19.PlotOutline)]</property>
								<property name="Year">$INFO[Window(home).Property(Set.Movie.19.Year)]</property>
								<property name="Title">$INFO[Window(home).Property(Set.Movie.19.Title)]</property>
								<thumb>$INFO[Window(home).Property(Set.Movie.19.Art(poster))]</thumb>
								<onclick condition="System.HasAddon(script.extendedinfo)">RunScript(script.extendedinfo,info=extendedinfo,DBID=$INFO[Window(home).Property(Set.Movie.19.DBID)])</onclick>
								<onclick condition="!System.HasAddon(script.extendedinfo)">noop</onclick>
								<visible>!IsEmpty(Window(home).Property(Set.Movie.19.Art(poster)))</visible>
							</item>
							<item id="20">
								<property name="Plot">$INFO[Window(home).Property(Set.Movie.20.Plot)]</property>
								<property name="PlotOutline">$INFO[Window(home).Property(Set.Movie.20.PlotOutline)]</property>
								<property name="Year">$INFO[Window(home).Property(Set.Movie.20.Year)]</property>
								<property name="Title">$INFO[Window(home).Property(Set.Movie.20.Title)]</property>
								<thumb>$INFO[Window(home).Property(Set.Movie.20.Art(poster))]</thumb>
								<onclick condition="System.HasAddon(script.extendedinfo)">RunScript(script.extendedinfo,info=extendedinfo,DBID=$INFO[Window(home).Property(Set.Movie.20.DBID)])</onclick>
								<onclick condition="!System.HasAddon(script.extendedinfo)">noop</onclick>
								<visible>!IsEmpty(Window(home).Property(Set.Movie.20.Art(poster)))</visible>
							</item>
							<item id="21">
								<property name="Plot">$INFO[Window(home).Property(Set.Movie.21.Plot)]</property>
								<property name="PlotOutline">$INFO[Window(home).Property(Set.Movie.21.PlotOutline)]</property>
								<property name="Year">$INFO[Window(home).Property(Set.Movie.21.Year)]</property>
								<property name="Title">$INFO[Window(home).Property(Set.Movie.21.Title)]</property>
								<thumb>$INFO[Window(home).Property(Set.Movie.21.Art(poster))]</thumb>
								<onclick condition="System.HasAddon(script.extendedinfo)">RunScript(script.extendedinfo,info=extendedinfo,DBID=$INFO[Window(home).Property(Set.Movie.21.DBID)])</onclick>
								<onclick condition="!System.HasAddon(script.extendedinfo)">noop</onclick>
								<visible>!IsEmpty(Window(home).Property(Set.Movie.21.Art(poster)))</visible>
							</item>
							<item id="22">
								<property name="Plot">$INFO[Window(home).Property(Set.Movie.22.Plot)]</property>
								<property name="PlotOutline">$INFO[Window(home).Property(Set.Movie.22.PlotOutline)]</property>
								<property name="Year">$INFO[Window(home).Property(Set.Movie.22.Year)]</property>
								<property name="Title">$INFO[Window(home).Property(Set.Movie.22.Title)]</property>
								<thumb>$INFO[Window(home).Property(Set.Movie.22.Art(poster))]</thumb>
								<onclick condition="System.HasAddon(script.extendedinfo)">RunScript(script.extendedinfo,info=extendedinfo,DBID=$INFO[Window(home).Property(Set.Movie.22.DBID)])</onclick>
								<onclick condition="!System.HasAddon(script.extendedinfo)">noop</onclick>
								<visible>!IsEmpty(Window(home).Property(Set.Movie.22.Art(poster)))</visible>
							</item>
							<item id="23">
								<property name="Plot">$INFO[Window(home).Property(Set.Movie.23.Plot)]</property>
								<property name="PlotOutline">$INFO[Window(home).Property(Set.Movie.23.PlotOutline)]</property>
								<property name="Year">$INFO[Window(home).Property(Set.Movie.23.Year)]</property>
								<property name="Title">$INFO[Window(home).Property(Set.Movie.23.Title)]</property>
								<thumb>$INFO[Window(home).Property(Set.Movie.23.Art(poster))]</thumb>
								<onclick condition="System.HasAddon(script.extendedinfo)">RunScript(script.extendedinfo,info=extendedinfo,DBID=$INFO[Window(home).Property(Set.Movie.23.DBID)])</onclick>
								<onclick condition="!System.HasAddon(script.extendedinfo)">noop</onclick>
								<visible>!IsEmpty(Window(home).Property(Set.Movie.23.Art(poster)))</visible>
							</item>
							<item id="24">
								<property name="Plot">$INFO[Window(home).Property(Set.Movie.24.Plot)]</property>
								<property name="PlotOutline">$INFO[Window(home).Property(Set.Movie.24.PlotOutline)]</property>
								<property name="Year">$INFO[Window(home).Property(Set.Movie.24.Year)]</property>
								<property name="Title">$INFO[Window(home).Property(Set.Movie.24.Title)]</property>
								<thumb>$INFO[Window(home).Property(Set.Movie.24.Art(poster))]</thumb>
								<onclick condition="System.HasAddon(script.extendedinfo)">RunScript(script.extendedinfo,info=extendedinfo,DBID=$INFO[Window(home).Property(Set.Movie.24.DBID)])</onclick>
								<onclick condition="!System.HasAddon(script.extendedinfo)">noop</onclick>
								<visible>!IsEmpty(Window(home).Property(Set.Movie.24.Art(poster)))</visible>
							</item>
							<item id="25">
								<property name="Plot">$INFO[Window(home).Property(Set.Movie.25.Plot)]</property>
								<property name="PlotOutline">$INFO[Window(home).Property(Set.Movie.25.PlotOutline)]</property>
								<property name="Year">$INFO[Window(home).Property(Set.Movie.25.Year)]</property>
								<property name="Title">$INFO[Window(home).Property(Set.Movie.25.Title)]</property>
								<thumb>$INFO[Window(home).Property(Set.Movie.25.Art(poster))]</thumb>
								<onclick condition="System.HasAddon(script.extendedinfo)">RunScript(script.extendedinfo,info=extendedinfo,DBID=$INFO[Window(home).Property(Set.Movie.25.DBID)])</onclick>
								<onclick condition="!System.HasAddon(script.extendedinfo)">noop</onclick>
								<visible>!IsEmpty(Window(home).Property(Set.Movie.25.Art(poster)))</visible>
							</item>
						</content>
					</control>
					
					<control type="textbox">
						<description>Description</description>
						<left>470</left>
						<top>563</top>
						<width>710</width>
						<height>66</height>
						<font>SettingsContentFont2</font>
						<textcolor>MediaInfoColor</textcolor>
						<shadowcolor>ShadowColor</shadowcolor>
						<align>justify</align>
						<label>$INFO[Container(902).ListItem.Property(PlotOutline)]</label>
						<autoscroll time="2000" delay="6000" repeat="10000">true</autoscroll>
						<visible>!IsEmpty(Container(902).ListItem.Property(PlotOutline))</visible>
					</control>
					
					<control type="textbox">
						<description>Description</description>
						<left>470</left>
						<top>563</top>
						<width>710</width>
						<height>66</height>
						<font>SettingsContentFont2</font>
						<textcolor>MediaInfoColor</textcolor>
						<shadowcolor>ShadowColor</shadowcolor>
						<align>justify</align>
						<label>$INFO[Container(902).ListItem.Property(Plot)]</label>
						<autoscroll time="2000" delay="6000" repeat="10000">true</autoscroll>
						<visible>IsEmpty(Container(902).ListItem.Property(PlotOutline))</visible>
					</control>
					
					<control type="group">
						<left>975</left>
						<top>248</top>
						<control type="image">
							<description>Default Cover Image Background</description>
							<width>206</width>
							<height>303</height>
							<texture border="4">covers/cover-case2.png</texture>
							<aspectratio>stretch</aspectratio>
							<animation effect="fade" end="70" condition="true">Conditional</animation>
							<include>FSMediaInfoOpenCloseAnim</include>
							<visible>IsEmpty(Container(902).ListItem.Thumb)</visible>
						</control>
						
						<control type="image">
							<description>Default Cover Image</description>
							<width>206</width>
							<height>303</height>
							<texture>DefaultVideo.png</texture>
							<bordersize>20</bordersize>
							<aspectratio>keep</aspectratio>
							<animation effect="fade" end="85" condition="true">Conditional</animation>
							<include>FSMediaInfoOpenCloseAnim</include>
							<visible>IsEmpty(Container(902).ListItem.Thumb)</visible>
						</control>
						
						<control type="image">
							<description>Thumb</description>
							<width>206</width>
							<height>303</height>
							<texture>$INFO[Container(902).ListItem.Thumb]</texture>
							<bordertexture border="4">covers/cover-case2.png</bordertexture>
							<bordersize>4</bordersize>
							<aspectratio>scale</aspectratio>
							<include>FSMediaInfoOpenCloseAnim</include>
							<fadetime>400</fadetime>
							<visible>!IsEmpty(Container(902).ListItem.Thumb)</visible>
						</control>
					</control>
				</control>
				
				<control type="image">
					<left>470</left>
					<top>640</top>
					<width>710</width>
					<height>2</height>
					<animation effect="fade" end="30" condition="true">Conditional</animation>
					<texture>views/videoinfo-separator.png</texture>
				</control>
				
				<control type="spincontrol" id="61">
					<description>Next Page</description>
					<left>1125</left>
					<top>655</top>
					<width>28</width>
					<height>28</height>
					<spinwidth>30</spinwidth>
					<spinheight>30</spinheight>
					<onup condition="IsEmpty(Skin.String(DialogMovieSetInfo))">901</onup>
					<onup condition="Skin.String(DialogMovieSetInfo,1)">902</onup>
					<onleft condition="IsEmpty(Skin.String(DialogMovieSetInfo))">901</onleft>
					<onleft condition="Skin.String(DialogMovieSetInfo,1)">902</onleft>
					<oninfo>Dialog.Close(3008)</oninfo>
					<include>NotificationsOpenCloseAnim</include>
					<visible>[!StringCompare(Container(903).NumPages,1) + !IsEmpty(Window(home).Property(Set.Movies.ExtendedPlot)) + IsEmpty(Skin.String(DialogMovieSetInfo))] | [!StringCompare(Container(902).NumPages,1) + !IsEmpty(Container(902).ListItem.Label) + Skin.String(DialogMovieSetInfo,1)]</visible>
				</control>
			</control>
		
			<control type="group" id="505">
				<description>Menu Bar Area</description>
				<depth>DepthMenuBar</depth>
				<top>MenuBarOffsetY</top>
				<include>MenuBarImage</include>
				<include>MenuBarOpenCloseAnim2</include>
				<include>MovieSetInfoMenuBar</include>
			</control>
			
			<control type="group">
				<description>Top Bar Area</description>
				<depth>DepthTopBar</depth>
				<include>TopBarImage</include>
				<include>BreadCrumbMovieSetInfo</include>
				<include>Notifications</include>
			</control>
		</control>
	</controls>	
</window>