<?xml version="1.0" encoding="UTF-8"?>
<window id="138">
	<defaultcontrol>-</defaultcontrol>
	
	<coordinates>
		<system>1</system>
		<origin x="395" y="180">true</origin>
	</coordinates>
	
	<controls>
		<control type="group">
			<visible>![System.HasAddon(script.cinemavision) + !IsEmpty(Window(Home).Property(script.cinemavision.running))]</visible>
			<depth>DepthDialog+</depth>
			<include>KaiToastDialogBox</include>
			<include>DialogOpenCloseAnim</include>
						
			<control type="image">
				<left>25</left>
				<top>35</top>
				<width>128</width>
				<height>98</height>
				<texture>notification.png</texture>
				<aspectratio>keep</aspectratio>
			</control>
			
			<control type="label">
				<description>Line 1</description>
				<left>125</left>
				<top>44</top>
				<width>312</width>
				<font>DefaultFontB</font>
				<textcolor>ButtonColor</textcolor>
				<align>center</align>
				<label>$LOCALIZE[503]...</label>
				<scroll>true</scroll>
			</control>
			
			<control type="label">
				<description>Line 2</description>
				<left>125</left>
				<top>80</top>
				<width>312</width>
				<font>DefaultFontB</font>
				<textcolor>ButtonColor</textcolor>
				<align>center</align>
				<label>$LOCALIZE[20186]</label>
				<scroll>true</scroll>
			</control>
			
			<control type="progress" id="10">
				<description>Progressbar</description>
				<left>146</left>
				<top>120</top>
				<width>302</width>
				<height>10</height>
			</control>
		</control>
	</controls>
</window>