<?xml version="1.0" encoding="UTF-8"?>
<window id="10140">
	<defaultcontrol always="true">2</defaultcontrol>
	
	<coordinates>
		<system>1</system>
		<origin x="219" y="120">true</origin>
	</coordinates>

	<controls>	
		<control type="group">
			<depth>DepthDialog</depth>
			<include>AddonSettingsDialogBox</include>
			<include>DialogOpenCloseAnim</include>
			<animation effect="slide" end="-205,-4" condition="Window.IsActive(FullScreenVideo) | Window.IsActive(Visualisation)">Conditional</animation>
			
			<control type="label" id="20">
				<include>DialogTitle3</include>
			</control>
			
			<control type="image">
				<left>798</left>
				<top>47</top>
				<width>14</width>
				<height>379</height>
				<texture border="4">controls/scrollbar-background.png</texture>
			</control>
			
			<control type="scrollbar" id="919">
				<left>798</left>
				<top>47</top>
				<height>379</height>
				<texturesliderbackground>-</texturesliderbackground>
				<onleft>2</onleft>
				<onright>9</onright>
				<ondown>9001</ondown>
			</control>
			
			<control type="group">
				<left>DialogMarginOffsetX</left>
				<top>DialogMarginOffsetY</top>
				
				<control type="image">
					<description>Menu Background</description>
					<width>150</width>
					<height>368</height>
					<texture border="5">controls/button-nofocus.png</texture>
				</control>
				
				<control type="grouplist" id="9">
					<description>Category Area</description>
					<width>150</width>
					<height>368</height>
					<itemgap>2</itemgap>
					<pagecontrol>-</pagecontrol>
					<align>left</align>
					<orientation>vertical</orientation>
					<ondown>9001</ondown>
					<onleft>919</onleft>
					<onright>2</onright>
				</control>

				<control type="grouplist" id="2">
					<description>Content Area</description>
					<left>156</left>
					<width>600</width>
					<height>368</height>
					<itemgap>2</itemgap>
					<pagecontrol>919</pagecontrol>
					<ondown>9001</ondown>
					<onleft>9</onleft>
					<onright>919</onright>
				</control>				
			</control>
			
			<control type="button" id="13">
				<description>Default Category Button</description>
				<left>156</left>
				<width>150</width>
				<align>center</align>
				<texturenofocus>-</texturenofocus>
				<enable>true</enable>
				<include>DialogHeadLabel</include>
			</control>
			
			<control type="button" id="3">
				<description>Default Button</description>
				<left>156</left>
				<width>600</width>
				<include>DialogContentLabel</include>
			</control>
		
			<control type="radiobutton" id="4">
				<description>Default RadioButton</description>
				<left>156</left>
				<width>600</width>
				<include>DialogContentLabel</include>
			</control>			
			
			<control type="spincontrolex" id="5">
				<description>Default SpinControlex</description>
				<left>156</left>
				<width>600</width>
				<include>DialogContentLabel</include>
			</control>
			
			<control type="sliderex" id="8">
				<description>Default Slider</description>
				<left>156</left>
				<width>600</width>
				<include>DialogContentLabel</include>
			</control>
			
			<control type="image" id="6">
				<description>Separator</description>
				<left>156</left>
				<width>600</width>
				<height>4</height>
				<texture>-</texture>
			</control>
			
			<control type="label" id="7">
				<description>Separator</description>
				<left>156</left>
				<height>35</height>
				<align>center</align>
				<include>DialogContentLabel</include>
			</control>

			<control type="grouplist" id="9001">		
				<description>Dialog Button Area</description>
				<width>842</width>
				<align>center</align>
				<top>430</top>
				<itemgap>0</itemgap>
				<orientation>horizontal</orientation>
				<onup>2</onup>
				<onleft>9</onleft>
				<onright>919</onright>
				<control type="button" id="10">
					<description>OK</description>
					<include>DialogMenuBarBtn</include>
					<label>$LOCALIZE[186]</label>
				</control>			
				<control type="button" id="11">
					<description>Cancel</description>
					<include>DialogMenuBarBtn</include>
					<label>$LOCALIZE[222]</label>
				</control>		
				<control type="button" id="12">
					<description>Defaults</description>
					<include>DialogMenuBarBtn</include>
					<label>$LOCALIZE[409]</label>
				</control>			
			</control>
		</control>
	</controls>	
</window>