<?xml version="1.0" encoding="UTF-8"?>
<includes>
	<!--//// START LIST INFO VIEW /////////////////////////////////////////////////////////////////////-->
	<include name="AddonsListInfoView">
		<control type="group" id="500">
			<defaultcontrol always="true">91</defaultcontrol>
			<visible>Control.IsVisible(91)</visible>
			<include>MediaViewOpenCloseAnim</include>
			<include>ListInfoViewContentPanel</include>
			
			<control type="group">
				<visible>!String.IsEmpty(ListItem.AddonName)</visible>
				
				<control type="image">
					<description>Cover Background</description>
					<left>39</left>
					<top>337</top>
					<width>250</width>
					<height>250</height>
					<texture background="true" border="4">panels/panel3.png</texture>
					<aspectratio>stretch</aspectratio>
					<include>ListInfoViewMediaInfoBackgroundFadeAnim</include>
				</control>
				
				<control type="image">
					<description>Default Cover</description>
					<left>39</left>
					<top>337</top>
					<width>250</width>
					<height>250</height>
					<texture background="true">DefaultAddon.png</texture>
					<bordersize>40</bordersize>
					<aspectratio>keep</aspectratio>
					<fadetime>IconCrossfadeTime</fadetime>
					<visible>String.IsEmpty(ListItem.Thumb)</visible>
					<animation effect="fade" end="60" condition="true">Conditional</animation>
				</control>
				
				<control type="image">
					<description>Cover</description>
					<left>39</left>
					<top>337</top>
					<width>250</width>
					<height>250</height>
					<texture background="true" diffuse="covers/list-info-thumb-diffuse.png">$INFO[ListItem.Thumb]</texture>
					<bordersize>1</bordersize>
					<aspectratio>stretch</aspectratio>
					<fadetime>IconCrossfadeTime</fadetime>
				</control>
				
				<control type="label">
					<description>Type</description>
					<left>300</left>
					<top>341</top>
					<width>403</width>
					<align>center</align>
					<font>MediaInfoFont2</font>
					<textcolor>MediaInfoItemColor2</textcolor>
					<shadowcolor>ShadowColor</shadowcolor>
					<label>[UPPERCASE]$INFO[ListItem.AddonType][/UPPERCASE]</label>
					<scroll>true</scroll>
				</control>
				
				<control type="textbox">
					<description>Description</description>
					<left>300</left>
					<top>376</top>
					<width>403</width>
					<height>208</height>
					<font>MediaInfoDescFont</font>
					<textcolor>MediaInfoColor</textcolor>
					<shadowcolor>ShadowColor</shadowcolor>
					<align>justify</align>
					<label fallback="31204">$INFO[ListItem.AddonDescription]</label>
					<wrapmultiline>true</wrapmultiline>
					<autoscroll time="2000" delay="6000" repeat="10000">true</autoscroll>
					<visible>!Skin.HasSetting(HideAddonsListInfoDescription) + !Container.OnNext + !Container.OnPrevious</visible> 
					<include>ControlsOpenCloseAnim</include>
				</control>
				
				<control type="grouplist">
					<description>Addon Info</description>
					<left>44</left>
					<top>585</top>
					<width>661</width>
					<align>center</align>
					<orientation>horizontal</orientation>
					<usecontrolcoords>true</usecontrolcoords>
					<visible>!String.IsEmpty(ListItem.AddonName)</visible>
					<control type="label">
						<description>Author</description>
						<width min="0" max="110">auto</width>
						<include>ListInfoViewCatLabel</include>
						<label>$LOCALIZE[21863]:</label>
					</control>
					<control type="label">
						<description>Author Value</description>
						<width min="0" max="174">auto</width>
						<scroll>true</scroll>
						<include>ListInfoViewCatValueLabel</include>
						<label fallback="31001">$INFO[ListItem.AddonCreator]</label>
					</control>
					<include>ListInfoViewDot</include>
					<control type="label">
						<description>Version</description>
						<width min="0" max="110">auto</width>
						<include>ListInfoViewCatLabel</include>
						<label>$LOCALIZE[24051]</label>
					</control>
					<control type="label">
						<description>Version Value</description>
						<width min="0" max="110">auto</width>
						<include>ListInfoViewCatValueLabel</include>
						<label fallback="31001">$INFO[ListItem.AddonVersion]</label>
					</control>
					<include>ListInfoViewDot</include>
					<control type="label">
						<description>Status</description>
						<width min="0" max="110">auto</width>
						<include>ListInfoViewCatLabel</include>
						<label>$LOCALIZE[126]:</label>
					</control>
					<control type="label">
						<description>Status Value</description>
						<width min="0" max="150">auto</width>
						<include>ListInfoViewCatValueLabel</include>
						<label fallback="31001">$INFO[ListItem.Property(Addon.Status)]</label>
					</control>
				</control>
			</control>

			<control type="list" id="91">
				<viewtype label="31111">list</viewtype>
				<left>720</left>
				<top>332</top>
				<width>505</width>
				<height>296</height>
				<pagecontrol>90602</pagecontrol>
				<preloaditems>2</preloaditems>
				<scrolltime tween="sine" easing="inout">300</scrolltime>
				<onup>91</onup>
				<ondown>91</ondown>
				<onleft>850</onleft>
				<onright>150</onright>
				<visible>Container.Content(Addons) | Container.Content(Games)</visible>
				<itemlayout height="37">
					<control type="image">
						<width>505</width>
						<height>37</height>
						<texture border="0,0,10,2">views/list-separator.png</texture>
						<aspectratio>stretch</aspectratio>
					</control>
					<control type="image">
						<description>Icon</description>
						<left>5</left>
						<top>6</top>
						<width>24</width>
						<height>24</height>
						<texture background="true">$INFO[ListItem.ActualIcon].png</texture>
						<aspectratio>stretch</aspectratio>
						<include>ListViewOverlayFadeAnim</include>
					</control>
					<control type="label">
						<description>Label</description>
						<left>35</left>
						<width>365</width>
						<height>37</height>
						<font>ListFont</font>
						<textcolor>ListColor</textcolor>
						<shadowcolor>ShadowColor</shadowcolor>
						<aligny>center</aligny>
						<info>ListItem.Label</info>
					</control>
					<control type="label">
						<description>Label2</description>
						<left>295</left>
						<width>200</width>
						<height>37</height>
						<font>ListFont2</font>
						<textcolor>MediaInfoTitleColor2</textcolor>
						<shadowcolor>ShadowColor</shadowcolor>
						<align>right</align>
						<aligny>center</aligny>
						<info>ListItem.Label2</info>
					</control>
				</itemlayout>
				<focusedlayout height="37">
					<control type="image">
						<width>505</width>
						<height>37</height>
						<texture border="0,0,10,2">views/list-separator.png</texture>
						<aspectratio>stretch</aspectratio>
					</control>
					<control type="image">
						<width>505</width>
						<height>36</height>
						<texture border="4">views/list-focus.png</texture>
						<aspectratio>stretch</aspectratio>
						<visible>Control.HasFocus(91)</visible>
						<include>ListViewSelectFadeAnim</include>
						<include condition="![Skin.String(LowCPUPowerMode,Animations) | Skin.String(LowCPUPowerMode,Full)]">ListViewScrollAnim</include>
					</control>
					<control type="image">
						<width>505</width>
						<height>36</height>
						<texture border="4">views/list-alt-focus.png</texture>
						<aspectratio>stretch</aspectratio>
						<visible>!Control.HasFocus(91)</visible>
						<include>ListViewSelectFadeAnim2</include>
					</control>
					<control type="group">
						<include>ListViewFocusAnim</include>
						<control type="image">
							<description>Icon</description>
							<left>5</left>
							<top>6</top>
							<width>24</width>
							<height>24</height>
							<texture background="true">$INFO[ListItem.ActualIcon].png</texture>
							<aspectratio>stretch</aspectratio>
						</control>
						<control type="label">
							<description>Label</description>
							<left>35</left>
							<width>365</width>
							<height>37</height>
							<font>ListFont</font>
							<textcolor>SelectedColor</textcolor>
							<shadowcolor>ShadowColor</shadowcolor>
							<align>left</align>
							<aligny>center</aligny>
							<info>ListItem.Label</info>
							<scroll>true</scroll>
						</control>
						<control type="label">
							<description>Label2</description>
							<left>295</left>
							<width>200</width>
							<height>37</height>
							<font>ListFont2</font>
							<textcolor>MediaInfoTitleColor2</textcolor>
							<shadowcolor>ShadowColor</shadowcolor>
							<align>right</align>
							<aligny>center</aligny>
							<info>ListItem.Label2</info>
						</control>
					</control>
				</focusedlayout>
			</control>

			<include content="ListInfoViewScrollbar">
				<param name="id" value="90602" />
			</include>
			
			<control type="group">
				<description>Bottom Bar Area</description>
				<top>BottomPaneOffsetY</top>
				<!--<include>InfoPaneImage</include>-->
				<include>InfoPaneMediaDetails</include>
				<include>BottomPaneOpenCloseAnim</include>
			</control>
			
			<include>ViewsDialogPopUpScreenDim</include>
		</control>
	</include>
	<!--//// END LIST INFO VIEW ///////////////////////////////////////////////////////////////////////-->
	
	<!--//// START WRAP LIST INFO VIEW ////////////////////////////////////////////////////////////////-->
	<include name="AddonsWrapListInfoView">
		<control type="group" id="500">
		    <defaultcontrol always="true">93</defaultcontrol>
			<visible>Control.IsVisible(93)</visible>
			<include>MediaViewOpenCloseAnim</include>
			
			<control type="group" id="254">
				<animation effect="slide" end="0,120" time="500" condition="Skin.HasSetting(HideAddonsWrapListMediaInfo)">Conditional</animation>
				<include condition="Skin.String(AddonsWrapInfoStyle,1) | String.IsEmpty(Skin.String(AddonsWrapInfoStyle))">AddonsWrapInfoStyle1</include>
				<include condition="Skin.String(AddonsWrapInfoStyle,2)">AddonsWrapInfoStyle2</include>
			</control>
			
			<control type="group">
				<description>Bottom Bar Area</description>
				<top>BottomPaneOffsetY</top>
				<!--<include>InfoPaneImage</include>-->
				<include>InfoPaneMediaDetails</include>
				<include>BottomPaneOpenCloseAnim</include>
			</control>
			
			<include>ViewsDialogPopUpScreenDim</include>
		</control>
	</include>
	
	<include name="AddonsWrapInfoStyle1">
		<control type="image">
			<description>Bottom Pane Background</description>
			<top>397</top>
			<width>ScreenWidth</width>
			<height>347</height>
			<texture border="0,6,0,0">gui/bottom-info-background.png</texture>
		</control>
		
		<control type="image">
			<description>Background Glow</description>
			<left>492</left>
			<top>401</top>
			<width>755</width>
			<height>326</height>
			<texture flipy="true">gui/background-glow.png</texture>
			<animation effect="fade" end="20" condition="true">Conditional</animation>
		</control> 
		
		<control type="image">
			<description>Cover Glow</description>
			<left>41</left>
			<top>401</top>
			<width>600</width>
			<height>326</height>
			<texture>views/cover-glow.png</texture>
			<aspectratio aligny="bottom">center</aspectratio>
			<visible>!Container.OnNext + !Container.OnPrevious</visible>
			<include>WrapListInfoCoverGlowScrollAnim</include>
		</control>
					
		<control type="image">
			<top>270</top>
			<width>ScreenWidth</width>
			<height>131</height>
			<texture border="0,0,0,2">views/wrap-list-header.png</texture>
			<aspectratio>stretch</aspectratio>
		</control>
		
		<control type="label">
			<description>Title</description>
			<left>485</left>
			<top>270</top>
			<width>765</width>
			<height>33</height>
			<font>WrapListFont</font>
			<textcolor>DefaultColor</textcolor>
			<shadowcolor>ShadowColor</shadowcolor>
			<label>$INFO[ListItem.Label]</label>
			<aligny>center</aligny>
			<scroll>true</scroll>
			<visible>String.IsEmpty(ListItem.AddonName)</visible>
		</control>
		
		<control type="label">
			<description>Title</description>
			<left>485</left>
			<top>270</top>
			<width>765</width>
			<height>33</height>
			<font>WrapListFont</font>
			<textcolor>DefaultColor</textcolor>
			<shadowcolor>ShadowColor</shadowcolor>
			<label>$INFO[ListItem.AddonName]</label>
			<aligny>center</aligny>
			<scroll>true</scroll>
			<visible>!String.IsEmpty(ListItem.AddonName)</visible>
		</control>
		
		<control type="image">
			<top>303</top>
			<width>ScreenWidth</width>
			<height>2</height>
			<texture>panels/panel-separator.png</texture>
		</control>
		
		<control type="grouplist">
			<description>Addons Info</description>
			<depth>DepthContent+</depth>
			<left>485</left>
			<top>472</top>
			<width>765</width>
			<orientation>horizontal</orientation>
			<usecontrolcoords>true</usecontrolcoords>
			<visible>!String.IsEmpty(ListItem.AddonName)</visible>
			<control type="label">
				<description>Author</description>
				<width min="0" max="110">auto</width>
				<include>WrapInfoViewCatLabel</include>
				<label>$LOCALIZE[21863]:</label>
			</control>
			<control type="label">
				<description>Author Value</description>
				<width min="0" max="310">auto</width>
				<include>WrapInfoViewCatValueLabel</include>
				<label fallback="31001">$INFO[ListItem.AddonCreator]</label>
			</control>
			<include>WrapInfoViewDot</include>
			<control type="label">
				<description>Version</description>
				<width min="0" max="110">auto</width>
				<include>WrapInfoViewCatLabel</include>
				<label>$LOCALIZE[24051]</label>
			</control>
			<control type="label">
				<description>Version Value</description>
				<width min="0" max="110">auto</width>
				<include>WrapInfoViewCatValueLabel</include>
				<label fallback="31001">$INFO[ListItem.AddonVersion]</label>
			</control>
			<include>WrapInfoViewDot</include>
			<control type="label">
				<description>Status</description>
				<width min="0" max="110">auto</width>
				<include>WrapInfoViewCatLabel</include>
				<label>$LOCALIZE[126]:</label>
			</control>
			<control type="label">
				<description>Status Value</description>
				<width min="0" max="110">auto</width>
				<include>WrapInfoViewCatValueLabel</include>
				<label fallback="31001">$INFO[ListItem.Property(Addon.Status)]</label>
			</control>
		</control>
	
		<control type="group">
			<visible>!String.IsEmpty(ListItem.AddonName) + !Skin.HasSetting(HideAddonsWrapListMediaInfo)</visible>
			<depth>DepthContent+</depth>

			<control type="textbox">
				<description>Description</description>
				<depth>DepthContent+</depth>
				<left>485</left>
				<top>507</top>
				<width>765</width>
				<height>123</height>
				<font>MediaInfoDescFont</font>
				<textcolor>MediaInfoColor</textcolor>
				<shadowcolor>ShadowColor</shadowcolor>
				<align>justify</align>
				<label fallback="31204">$INFO[ListItem.AddonDescription]</label>
				<wrapmultiline>true</wrapmultiline>
				<autoscroll time="2000" delay="6000" repeat="10000">true</autoscroll>
				<visible>!Skin.HasSetting(HideAddonsWrapListInfoDescription) + !Container.OnNext + !Container.OnPrevious</visible>
				<include>ControlsOpenCloseAnim</include>
			</control>
			
			<control type="group">
				<left>239</left>
				<top>500</top>
				
				<control type="label">
					<description>Type</description>
					<top>10</top>
					<width>204</width>
					<font>MediaInfoFont2</font>
					<textcolor>WhiteColor</textcolor>
					<shadowcolor>ShadowColor</shadowcolor>
					<align>center</align>
					<label>[UPPERCASE]$INFO[ListItem.AddonType][/UPPERCASE]</label>
				</control>
			</control>
		</control>
		
		<control type="wraplist" id="93">
			<viewtype label="31106">bigwrap</viewtype>
			<left>-38</left>
			<top>303</top>
			<width>1350</width>
			<height>330</height>
			<focusposition>2</focusposition>
			<pagecontrol>91102</pagecontrol>
			<orientation>horizontal</orientation>
			<preloaditems>4</preloaditems>
			<scrolltime tween="sine" easing="inout">401</scrolltime>
			<onup>850</onup>
			<ondown>150</ondown>
			<visible>Container.Content(Addons) | Container.Content(Games)</visible>
			<itemlayout width="150">
				<control type="image">
					<description>Cover Case</description>
					<width>155</width>
					<height>155</height>
					<texture border="7">covers/cover-case-nofocus.png</texture>
					<aspectratio>stretch</aspectratio>
				</control>
				<control type="image">
					<description>Cover</description>
					<width>155</width>
					<height>155</height>
					<texture background="true">$INFO[ListItem.Thumb]</texture>
					<bordersize>9</bordersize>
					<aspectratio>stretch</aspectratio>
				</control>
				<control type="image">
					<description>Default Cover Background</description>
					<width>155</width>
					<height>155</height>
					<texture>dim.png</texture>
					<bordersize>9</bordersize>
					<aspectratio>stretch</aspectratio>
					<visible>String.IsEmpty(ListItem.Thumb)</visible>
				</control>
				<control type="image">
					<description>Default Cover</description>
					<width>155</width>
					<height>155</height>
					<texture background="true">$INFO[ListItem.ActualIcon]</texture>
					<bordersize>22</bordersize>
					<aspectratio>keep</aspectratio>
					<visible>String.IsEmpty(ListItem.Thumb)</visible>
					<animation effect="fade" end="30" condition="true">Conditional</animation>
				</control>
				<control type="image">
					<description>Reflection</description>
					<left>4</left>
					<top>152</top>
					<width>147</width>
					<height>155</height>
					<texture flipy="true" diffuse="views/reflection.png" background="true">$INFO[ListItem.Icon]</texture>
					<bordertexture flipy="true" diffuse="views/reflection.png" border="4">covers/cover-case2.png</bordertexture>
					<bordersize>5</bordersize>
					<aspectratio>stretch</aspectratio>
					<animation effect="fade" end="70" condition="true">Conditional</animation>
				</control>
			</itemlayout>
			<focusedlayout width="150">
				<control type="group">
					<depth>DepthContent+</depth>
					<animation effect="zoom" start="100" end="145" center="78,90" time="300" tween="back" easing="out" reversible="false" delay="150">Focus</animation>
					<animation effect="zoom" start="145" end="100" center="78,90" time="100" reversible="false">UnFocus</animation>
					<control type="image">
						<description>Cover Case</description>
						<width>155</width>
						<height>155</height>
						<texture border="7">covers/cover-case-focus.png</texture>
						<aspectratio>stretch</aspectratio>
					</control>
					<control type="image">
						<description>Cover</description>
						<width>155</width>
						<height>155</height>
						<texture background="true">$INFO[ListItem.Thumb]</texture>
						<bordersize>10</bordersize>
						<aspectratio>stretch</aspectratio>
					</control>
					<control type="image">
						<description>Default Cover Background</description>
						<width>155</width>
						<height>155</height>
						<texture>dim.png</texture>
						<bordersize>10</bordersize>
						<aspectratio>stretch</aspectratio>
						<visible>String.IsEmpty(ListItem.Thumb)</visible>
					</control>
					<control type="image">
						<description>Default Cover</description>
						<width>155</width>
						<height>155</height>
						<texture background="true">$INFO[ListItem.ActualIcon]</texture>
						<bordersize>22</bordersize>
						<aspectratio>keep</aspectratio>
						<visible>String.IsEmpty(ListItem.Thumb)</visible>
					</control>
					<control type="image">
						<description>Reflection</description>
						<left>4</left>
						<top>152</top>
						<width>147</width>
						<height>155</height>
						<texture flipy="true" diffuse="views/reflection.png" background="true">$INFO[ListItem.Icon]</texture>
						<bordertexture flipy="true" diffuse="views/reflection.png" border="4">covers/cover-case2.png</bordertexture>
						<bordersize>6</bordersize>
						<aspectratio>stretch</aspectratio>
						<animation effect="fade" end="70" condition="true">Conditional</animation>
					</control>
				</control>
			</focusedlayout>
		</control>
		
		<control type="group">
			<depth>DepthContent+</depth>
			<include content="WrapInfoViewScrollbar">
				<param name="id" value="91102" />
			</include>
		</control>
	</include>
	
	<include name="AddonsWrapInfoStyle2">
		<control type="image">
			<description>Bottom Pane Background</description>
			<top>372</top>
			<width>ScreenWidth</width>
			<height>353</height>
			<texture border="0,6,0,0">gui/bottom-info-background.png</texture>
		</control>

		<control type="image">
			<description>Background Glow</description>
			<left>492</left>
			<top>376</top>
			<width>755</width>
			<height>388</height>
			<texture flipy="true">gui/background-glow.png</texture>
			<animation effect="fade" end="20" condition="true">Conditional</animation>
		</control> 
		
		<control type="image">
			<description>Cover Glow</description>
			<left>-52</left>
			<top>360</top>
			<width>744</width>
			<height>388</height>
			<texture>views/cover-glow.png</texture>
			<aspectratio aligny="bottom">center</aspectratio>
			<visible>!Container.OnNext + !Container.OnPrevious</visible>
			<include>WrapListInfoCoverGlowScrollAnim2</include>
		</control>
		
		<control type="image">
			<top>209</top>
			<width>ScreenWidth</width>
			<height>167</height>
			<texture border="0,0,0,2">views/wrap-list-header.png</texture>
			<aspectratio>stretch</aspectratio>
		</control>
		
		<control type="label">
			<description>Title</description>
			<left>485</left>
			<top>209</top>
			<width>765</width>
			<height>33</height>
			<font>WrapListFont</font>
			<textcolor>DefaultColor</textcolor>
			<shadowcolor>ShadowColor</shadowcolor>
			<label>$INFO[ListItem.AddonName]</label>
			<aligny>center</aligny>
			<scroll>true</scroll>
		</control>
		
		<control type="image">
			<top>242</top>
			<width>ScreenWidth</width>
			<height>2</height>
			<texture>panels/panel-separator.png</texture>
		</control>
		
		<control type="grouplist">
			<description>Addon Info</description>
			<depth>DepthContent+</depth>
			<left>485</left>
			<top>472</top>
			<width>765</width>
			<orientation>horizontal</orientation>
			<usecontrolcoords>true</usecontrolcoords>
			<visible>!String.IsEmpty(ListItem.AddonName)</visible>
			<control type="label">
				<description>Author</description>
				<width min="0" max="110">auto</width>
				<include>WrapInfoViewCatLabel</include>
				<label>$LOCALIZE[21863]:</label>
			</control>
			<control type="label">
				<description>Author Value</description>
				<width min="0" max="310">auto</width>
				<include>WrapInfoViewCatValueLabel</include>
				<label fallback="31001">$INFO[ListItem.AddonCreator]</label>
			</control>
			<include>WrapInfoViewDot</include>
			<control type="label">
				<description>Version</description>
				<width min="0" max="110">auto</width>
				<include>WrapInfoViewCatLabel</include>
				<label>$LOCALIZE[24051]</label>
			</control>
			<control type="label">
				<description>Version Value</description>
				<width min="0" max="110">auto</width>
				<include>WrapInfoViewCatValueLabel</include>
				<label fallback="31001">$INFO[ListItem.AddonVersion]</label>
			</control>
			<include>WrapInfoViewDot</include>
			<control type="label">
				<description>Status</description>
				<width min="0" max="110">auto</width>
				<include>WrapInfoViewCatLabel</include>
				<label>$LOCALIZE[126]:</label>
			</control>
			<control type="label">
				<description>Status Value</description>
				<width min="0" max="110">auto</width>
				<include>WrapInfoViewCatValueLabel</include>
				<label fallback="31001">$INFO[ListItem.Property(Addon.Status)]</label>
			</control>
		</control>
		
		<control type="group">
			<visible>!String.IsEmpty(ListItem.AddonName) + !Skin.HasSetting(HideAddonsWrapListMediaInfo)</visible>
			<depth>DepthContent+</depth>

			<control type="textbox">
				<description>Description</description>
				<left>485</left>
				<top>507</top>
				<width>765</width>
				<height>123</height>
				<font>MediaInfoDescFont</font>
				<textcolor>MediaInfoColor</textcolor>
				<shadowcolor>ShadowColor</shadowcolor>
				<align>justify</align>
				<label fallback="31204">$INFO[ListItem.AddonDescription]</label>
				<wrapmultiline>true</wrapmultiline>
				<autoscroll time="2000" delay="6000" repeat="10000">true</autoscroll>
				<visible>!Skin.HasSetting(HideAddonsWrapListInfoDescription) + !Container.OnNext + !Container.OnPrevious</visible>
				<include>ControlsOpenCloseAnim</include>
			</control>
			
			<control type="group">
				<left>188</left>
				<top>500</top>
				
				<control type="label">
					<description>Type</description>
					<top>10</top>
					<width>268</width>
					<font>MediaInfoFont2</font>
					<textcolor>WhiteColor</textcolor>
					<shadowcolor>ShadowColor</shadowcolor>
					<align>center</align>
					<label>[UPPERCASE]$INFO[ListItem.AddonType][/UPPERCASE]</label>
				</control>
			</control>
		</control>
		
		<control type="wraplist" id="93">
			<viewtype label="31106">bigwrap</viewtype>
			<left>-3</left>
			<top>242</top>
			<width>ScreenWidth</width>
			<height>470</height>
			<focusposition>1</focusposition>
			<pagecontrol>91102</pagecontrol>
			<orientation>horizontal</orientation>
			<preloaditems>4</preloaditems>
			<scrolltime tween="sine" easing="inout">500</scrolltime>
			<onup>850</onup>
			<ondown>150</ondown>
			<visible>Container.Content(Addons) | Container.Content(Games)</visible>
			<itemlayout width="214">
				<control type="image">
					<description>Cover Case</description>
					<width>214</width>
					<height>214</height>
					<texture border="7">covers/cover-case-nofocus.png</texture>
					<aspectratio>stretch</aspectratio>
				</control>
				<control type="image">
					<description>Cover</description>
					<width>214</width>
					<height>214</height>
					<texture background="true">$INFO[ListItem.Thumb]</texture>
					<bordersize>12</bordersize>
					<aspectratio>stretch</aspectratio>
				</control>
				<control type="image">
					<description>Default Cover Background</description>
					<width>214</width>
					<height>214</height>
					<texture>dim.png</texture>
					<bordersize>12</bordersize>
					<aspectratio>stretch</aspectratio>
					<visible>String.IsEmpty(ListItem.Thumb)</visible>
				</control>
				<control type="image">
					<description>Default Cover</description>
					<width>214</width>
					<height>214</height>
					<texture background="true">$INFO[ListItem.ActualIcon]</texture>
					<bordersize>30</bordersize>
					<aspectratio>keep</aspectratio>
					<animation effect="fade" end="30" condition="true">Conditional</animation>
					<visible>String.IsEmpty(ListItem.Thumb)</visible>
				</control>
				<control type="image">
					<description>Reflection</description>
					<left>4</left>
					<top>211</top>
					<width>206</width>
					<height>214</height>
					<texture flipy="true" diffuse="views/reflection.png" background="true">$INFO[ListItem.Icon]</texture>
					<bordertexture flipy="true" diffuse="views/reflection.png" border="4">covers/cover-case2.png</bordertexture>
					<bordersize>8</bordersize>
					<aspectratio>stretch</aspectratio>
					<animation effect="fade" end="70" condition="true">Conditional</animation>
				</control>
			</itemlayout>
			<focusedlayout width="214">
				<control type="group">
					<depth>DepthContent+</depth>
					<animation effect="zoom" start="100" end="130" center="107,132" time="360" tween="back" easing="out" reversible="false" delay="200">Focus</animation>
					<animation effect="zoom" start="130" end="100" center="107,132" time="200" reversible="false">UnFocus</animation>
					<control type="image">
						<description>Cover Case</description>
						<width>214</width>
						<height>214</height>
						<texture border="7">covers/cover-case-focus.png</texture>
						<aspectratio>stretch</aspectratio>
					</control>
					<control type="image">
						<description>Cover</description>
						<width>214</width>
						<height>214</height>
						<texture background="true">$INFO[ListItem.Thumb]</texture>
						<bordersize>12</bordersize>
						<aspectratio>stretch</aspectratio>
					</control>
					<control type="image">
						<description>Default Cover Background</description>
						<width>214</width>
						<height>214</height>
						<texture>dim.png</texture>
						<bordersize>12</bordersize>
						<aspectratio>stretch</aspectratio>
						<visible>String.IsEmpty(ListItem.Thumb)</visible>
					</control>
					<control type="image">
						<description>Default Cover</description>
						<width>214</width>
						<height>214</height>
						<texture background="true">$INFO[ListItem.ActualIcon]</texture>
						<bordersize>30</bordersize>
						<aspectratio>keep</aspectratio>
						<visible>String.IsEmpty(ListItem.Thumb)</visible>
					</control>
					<control type="image">
						<description>Reflection</description>
						<left>4</left>
						<top>211</top>
						<width>206</width>
						<height>214</height>
						<texture flipy="true" diffuse="views/reflection.png" background="true">$INFO[ListItem.Icon]</texture>
						<bordertexture flipy="true" diffuse="views/reflection.png" border="4">covers/cover-case2.png</bordertexture>
						<bordersize>8</bordersize>
						<aspectratio>stretch</aspectratio>
						<animation effect="fade" end="70" condition="true">Conditional</animation>
					</control>
				</control>
			</focusedlayout>
		</control>
		
		<control type="group">
			<depth>DepthContent+</depth>
			<include content="WrapInfoViewScrollbar">
				<param name="id" value="91102" />
			</include>
		</control>
	</include>
	<!--//// END WRAP LIST INFO VIEW //////////////////////////////////////////////////////////////////-->
</includes>