<?xml version="1.0" encoding="UTF-8"?>
<window>
	<defaultcontrol always="true">50</defaultcontrol>
	<menucontrol>9000</menucontrol>
	<views>50</views>
	<controls>
		<include>CommonMediaBackgrounds</include>
		<control type="label" id="30">
			<visible>false</visible>
		</control>
		<control type="group">
			<left>130</left>
			<animation effect="fade" delay="500" time="HomeVisibleFadeAnimationSpeed">WindowOpen</animation>
			<animation effect="fade" start="0" end="0" time="0">WindowClose</animation>
			<control type="label">
				<description>Header label</description>
				<label>$VAR[BreadcrumbsPVRGuideVar][COLOR=grey2]$VAR[SortLetterNotificationVar][/COLOR]</label>
				<include>HeaderTextCommons</include>
			</control>
			<control type="group">
				<top>100</top>
				<left>-2</left>
				<control type="epggrid" id="50">
					<description>EPG Grid</description>
					<width>1120</width>
					<height>505</height>
					<pagecontrol>50</pagecontrol>
					<scrolltime>350</scrolltime>
					<timeblocks>30</timeblocks>
					<rulerunit>6</rulerunit>
					<onup>9000</onup>
					<ondown>9000</ondown>
					<progresstexture border="0,45,20,3">pvr/EpgProgressIndicator.png</progresstexture>
					<rulerlayout height="37" width="40">
						<control type="image" id="1">
							<width>40</width>
							<height>37</height>
							<texture border="5">buttons/button-nofocus.png</texture>
						</control>
						<control type="label" id="2">
							<left>10</left>
							<width>34</width>
							<height>37</height>
							<font>font12</font>
							<aligny>center</aligny>
							<selectedcolor>orange</selectedcolor>
							<label>$INFO[ListItem.Label]</label>
						</control>
					</rulerlayout>
					<channellayout height="52" width="280">
						<animation effect="fade" start="110" time="200">UnFocus</animation>
						<control type="image" id="1">
							<top>-3</top>
							<width>279</width>
							<height>58</height>
							<texture border="5">buttons/button-nofocus.png</texture>
						</control>
						<control type="label">
							<left>7</left>
							<width>40</width>
							<height>50</height>
							<font>font12</font>
							<aligny>center</aligny>
							<textcolor>grey</textcolor>
							<selectedcolor>grey</selectedcolor>
							<info>ListItem.ChannelNumberLabel</info>
						</control>
						<control type="image">
							<left>45</left>
							<top>5</top>
							<width>42</width>
							<height>42</height>
							<aspectratio>keep</aspectratio>
							<texture>$INFO[ListItem.Icon]</texture>
						</control>
						<control type="label" id="1">
							<left>94</left>
							<width>178</width>
							<height>50</height>
							<font>font12</font>
							<aligny>center</aligny>
							<selectedcolor>orange</selectedcolor>
							<label>$INFO[ListItem.ChannelName]</label>
						</control>
					</channellayout>
					<focusedchannellayout height="52" width="280">
						<animation effect="fade" start="110" time="200">Focus</animation>
						<control type="image" id="1">
							<top>-3</top>
							<width>279</width>
							<height>58</height>
							<texture border="5">buttons/button-focus.png</texture>
						</control>
						<control type="label">
							<left>7</left>
							<width>40</width>
							<height>50</height>
							<font>font12</font>
							<aligny>center</aligny>
							<selectedcolor>grey</selectedcolor>
							<info>ListItem.ChannelNumberLabel</info>
						</control>
						<control type="image">
							<left>45</left>
							<top>5</top>
							<width>42</width>
							<height>42</height>
							<texture>$INFO[ListItem.Icon]</texture>
						</control>
						<control type="label" id="1">
							<left>94</left>
							<width>178</width>
							<height>50</height>
							<font>font12</font>
							<aligny>center</aligny>
							<selectedcolor>orange</selectedcolor>
							<label>$INFO[ListItem.ChannelName]</label>
						</control>
					</focusedchannellayout>
					<itemlayout height="52" width="40">
						<control type="image" id="2">
							<width>40</width>
							<height>52</height>
							<aspectratio>stretch</aspectratio>
							<texture border="3">pvr/epg-genres/$INFO[ListItem.Property(GenreType)].png</texture>
						</control>
						<control type="label" id="1">
							<left>6</left>
							<top>2</top>
							<width>30</width>
							<height>25</height>
							<font>font12</font>
							<aligny>center</aligny>
							<selectedcolor>orange</selectedcolor>
							<info>ListItem.Label</info>
						</control>
						<control type="label" id="1">
							<left>6</left>
							<top>25</top>
							<width>30</width>
							<height>25</height>
							<font>font10</font>
							<textcolor>grey2</textcolor>
							<aligny>center</aligny>
							<selectedcolor>grey2</selectedcolor>
							<label>$INFO[ListItem.StartTime]$INFO[ListItem.EndTime, - ,]</label>
						</control>
						<control type="image" id="1">
							<left>6</left>
							<top>28</top>
							<width>20</width>
							<height>20</height>
							<aspectratio align="right">keep</aspectratio>
							<texture colordiffuse="FF12A0C7">pvr/premiere.png</texture>
							<visible>ListItem.IsNew | ListItem.IsPremiere | ListItem.IsFinale | ListItem.IsLive</visible>
						</control>
						<control type="image" id="1">
							<left>6</left>
							<top>28</top>
							<width>28</width>
							<height>20</height>
							<aspectratio align="right">keep</aspectratio>
							<texture>$VAR[PVRTimerIcon]</texture>
							<animation effect="slide" end="-53,0" condition="ListItem.IsNew | ListItem.IsPremiere | ListItem.IsFinale | ListItem.IsLive">Conditional</animation>
						</control>
					</itemlayout>
					<focusedlayout height="52" width="40">
						<control type="image" id="2">
							<top>-3</top>
							<width>40</width>
							<height>58</height>
							<texture border="5">buttons/button-focus.png</texture>
						</control>
						<control type="image" id="2">
							<width>40</width>
							<height>52</height>
							<texture border="3">pvr/epg-genres/$INFO[ListItem.Property(GenreType)].png</texture>
						</control>
						<control type="label" id="1">
							<left>6</left>
							<top>2</top>
							<width>30</width>
							<height>25</height>
							<font>font12</font>
							<aligny>center</aligny>
							<selectedcolor>orange</selectedcolor>
							<info>ListItem.Label</info>
						</control>
						<control type="label" id="1">
							<left>6</left>
							<top>25</top>
							<width>30</width>
							<height>25</height>
							<font>font10</font>
							<aligny>center</aligny>
							<selectedcolor>white</selectedcolor>
							<label>$INFO[ListItem.StartTime]$INFO[ListItem.EndTime, - ,]</label>
						</control>
						<control type="image" id="1">
							<left>6</left>
							<top>28</top>
							<width>20</width>
							<height>20</height>
							<aspectratio align="right">keep</aspectratio>
							<texture colordiffuse="FF12A0C7">pvr/premiere.png</texture>
							<visible>ListItem.IsNew | ListItem.IsPremiere | ListItem.IsFinale | ListItem.IsLive</visible>
						</control>
						<control type="image" id="1">
							<left>6</left>
							<top>28</top>
							<width>28</width>
							<height>20</height>
							<aspectratio align="right">keep</aspectratio>
							<texture>$VAR[PVRTimerIcon]</texture>
							<animation effect="slide" end="-53,0" condition="ListItem.IsNew | ListItem.IsPremiere | ListItem.IsFinale | ListItem.IsLive">Conditional</animation>
						</control>
					</focusedlayout>
				</control>
			</control>
		</control>
		<include>BackgroundDim</include>
		<control type="group" id="9000">
			<include>Container9000BladesRunner</include>
			<control type="grouplist" id="610">
				<itemgap>-8</itemgap>
				<include content="Container9000Header">
					<param name="left" value="95" />
					<param name="top" value="60" />
				</include>
				<control type="button" id="3">
					<description>Sort by button</description>
					<left>-1</left>
					<label>103</label>
					<include>ButtonCommonValues</include>
				</control>
				<control type="togglebutton" id="4">
					<description>Sort asc</description>
					<left>3</left>
					<include>SortAscendingButton</include>
				</control>
				<control type="button" id="28">
					<description>Channel groups button</description>
					<left>6</left>
					<label />
					<include>ButtonCommonValues</include>
				</control>
				<control type="button" id="9002">
					<description>Settings button</description>
					<left>8</left>
					<include>ButtonCommonValues</include>
					<onclick>ActivateWindow(PVRSettings,epg)</onclick>
					<label>10004</label>
				</control>
			</control>
			<include content="NavigationGrouplist">
				<param name="left" value="94" />
				<param name="top" value="295" />
			</include>
			<include content="CommonPlayerControls">
				<param name="left" value="96" />
				<param name="top" value="200" />
			</include>
		</control>
		<control type="group">
			<include>MediaToSubBlades</include>
		</control>
		<include>Common_Now_Playing</include>
	</controls>
</window>