<?xml version="1.0" encoding="UTF-8"?>
<window>
	<defaultcontrol>3</defaultcontrol>
	<controls>
		<include condition="!Skin.HasSetting(DontBlendBackground)">CommonVideoVizBackground</include>
		<include condition="!Window.Previous(Weather)">CommonSystemBackground</include>
		<include condition="Window.Previous(Weather)">CommonWeatherBackground</include>
		<include condition="Skin.HasSetting(DontBlendBackground)">CommonVideoVizBackground</include>

		<control type="group">
			<visible>!Window.Previous(Weather) + !Window.Previous(Videos) + !Window.Previous(Music) + !Window.Previous(Pictures) + !Window.Previous(Programs)</visible>
			<include>CommonSystemBlackwash</include>
		</control>
		<control type="group">
			<visible>Window.Previous(Weather)</visible>
			<include>CommonWeatherBlackwash</include>
		</control>
		<control type="group">
			<visible>Window.Previous(Programs)</visible>
			<include>CommonAppsBlackwash</include>
		</control>
		<control type="group">
			<visible>Window.Previous(Videos) | Window.Previous(Music) | Window.Previous(Pictures)</visible>
			<include>CommonMediaBlackwash</include>
		</control>

		<control type="group">
			<left>130</left>
			<animation effect="fade" delay="500" time="HomeVisibleFadeAnimationSpeed">WindowOpen</animation>
			<animation effect="fade" start="0" end="0" time="0">WindowClose</animation>
			<control type="label">
				<description>Header label</description>
				<label>$LOCALIZE[5] - $INFO[Control.GetLabel(2)]</label>
				<include>HeaderTextCommons</include>
			</control>
			<control type="grouplist" id="3">
				<description>button area</description>
				<left>0</left>
				<top>115</top>
				<width>250</width>
				<height>400</height>
				<itemgap>-2</itemgap>
				<onleft>5</onleft>
				<onright>5</onright>
				<onup>20</onup>
				<ondown>20</ondown>
			</control>
			<control type="grouplist" id="5">
				<description>control area</description>
				<left>270</left>
				<top>115</top>
				<width>790</width>
				<height>480</height>
				<itemgap>-2</itemgap>
				<pagecontrol>90</pagecontrol>
				<onleft>3</onleft>
				<onright>90</onright>
				<onup>5</onup>
				<ondown>5</ondown>
			</control>
			<control type="label">
				<top>515</top>
				<left>15</left>
				<width>250</width>
				<height>50</height>
				<aligny>center</aligny>
				<label>31553</label>
			</control>
			<control type="button" id="20">
				<description>Settings Level Button</description>
				<top>565</top>
				<height>50</height>
				<width>250</width>
				<textcolor>white</textcolor>
				<texturefocus border="10">buttons/button-focus.png</texturefocus>
				<texturenofocus border="10">buttons/button-nofocus.png</texturenofocus>
				<label>10037</label>
				<onclick>SettingsLevelChange</onclick>
				<align>left</align>
				<onup>3</onup>
				<onleft>5</onleft>
				<onright>5</onright>
			</control>
			<control type="spincontrol" id="90">
				<description>Next page button</description>
				<left>1000</left>
				<top>120r</top>
				<subtype>page</subtype>
				<font>font13</font>
				<onleft>5</onleft>
				<onright>3</onright>
				<ondown>5</ondown>
				<onup>5</onup>
				<textcolor>grey2</textcolor>
				<focusedcolor>orange</focusedcolor>
				<showonepage>false</showonepage>
				<animation effect="slide" start="0,0" end="-100,0" time="200" condition="Player.HasAudio">Conditional</animation>
				<animation effect="slide" start="0,0" end="-100,0" time="200" condition="Player.HasVideo + VideoPlayer.Content(Movies)">Conditional</animation>
				<animation effect="slide" start="0,0" end="-160,0" time="200" condition="Player.HasVideo + !VideoPlayer.Content(Movies)">Conditional</animation>
			</control>
			<control type="textbox" id="6">
				<left>5</left>
				<top>659</top>
				<height>55</height>
				<width>500</width>
				<font>font10</font>
				<textcolor>grey2</textcolor>
				<autoscroll time="3000" delay="4000" repeat="5000">true</autoscroll>
			</control>
		</control>

		<control type="label" id="2">
			<description>Title label2</description>
			<textcolor />
			<font />
		</control>


		<control type="group">
			<visible>!Window.Previous(Weather) + !Window.Previous(Videos) + !Window.Previous(Music) + !Window.Previous(Pictures) + !Window.Previous(Programs)</visible>
			<include>SettingsToSubBlades</include>
		</control>
		<control type="group">
			<visible>Window.Previous(Weather)</visible>
			<include>WeatherToSubBlades</include>
		</control>
		<control type="group">
			<visible>Window.Previous(Programs)</visible>
			<include>AppsToSubBlades</include>
		</control>
		<control type="group">
			<visible>Window.Previous(Videos) | Window.Previous(Music) | Window.Previous(Pictures)</visible>
			<include>MediaToSubBlades</include>
		</control>
		
		<control type="button" id="10">
			<description>Default Category Button</description>
			<height>50</height>
			<width>250</width>
			<textcolor>white</textcolor>
			<texturefocus border="10">buttons/button-focus.png</texturefocus>
			<texturenofocus border="10">buttons/button-nofocus.png</texturenofocus>
			<label />
			<align>left</align>
		</control>
		<control type="button" id="7">
			<description>Default Button</description>
			<include>SettingsButtonCommonValues</include>
		</control>
		<control type="radiobutton" id="8">
			<description>Default RadioButton</description>
			<include>SettingsButtonCommonValues</include>
			<radioposx>750</radioposx>
		</control>
		<control type="spincontrolex" id="9">
			<description>Default SpinControlex</description>
			<include>SettingsButtonCommonValues</include>
			<focusedcolor2>black</focusedcolor2>
			<spinposx>10</spinposx>
		</control>
		<control type="edit" id="12">
			<description>Default Edit</description>
			<include>SettingsButtonCommonValues</include>
			<aligny>center</aligny>
		</control>
		<control type="sliderex" id="13">
			<description>Default SpinControlex</description>
			<include>SettingsButtonCommonValues</include>
			<aligny>center</aligny>
		</control>
		<control type="label" id="14">
			<description>Separator label</description>
			<label />
			<height>45</height>
			<font>font13</font>
			<align>center</align>
			<aligny>center</aligny>
			<textcolor>orange</textcolor>
		</control>
		<include>Common_Now_Playing</include>
		<include>BackgroundDim</include>
	</controls>
</window>