<?xml version="1.0" encoding="UTF-8"?>
<includes>
<!-- Backgrounds -->
	<include name="CommonVideoVizBackground">
		<control type="videowindow">
			<left>0</left>
			<top>0</top>
			<width>1280</width>
			<height>720</height>
			<visible>Player.HasVideo + !Skin.HasSetting(Back_Video)</visible>
		</control>
		<control type="visualisation">
			<left>0</left>
			<top>0</top>
			<width>1280</width>
			<height>720</height>
			<visible>Player.HasAudio + !Skin.HasSetting(Back_Vis)</visible>
		</control>
		<control type="image">
			<description>Background Fanart</description>
			<width>1280</width>
			<height>720</height>
			<texture background="true">$INFO[ListItem.Art(fanart)]</texture>
			<visible>!Skin.HasSetting(Back_Fanart) + ![Player.HasVideo + !Skin.HasSetting(Back_Video)] + ![Player.HasAudio + !Skin.HasSetting(Back_Vis)]</visible>
			<fadetime>FanartCrossfadeTime</fadetime>
			<animation effect="fade" start="0" end="100" time="300" delay="400">WindowOpen</animation>
			<animation effect="fade" start="100" end="0" time="HomeBladeAnimationSpeed">WindowClose</animation>
		</control>
	</include>
	<include name="RainDropAnimationBackground">
		<control type="group">
			<visible>!Skin.HasSetting(HideRainDrops)</visible>
			<visible>[!Skin.HasSetting(Back_Fanart) + String.IsEmpty(ListItem.Art(fanart))] + ![Player.HasVideo + !Skin.HasSetting(Back_Video)] + ![Player.HasAudio + !Skin.HasSetting(Back_Vis)]</visible>
			<include>VisibleFadeEffect</include>
			<control type="image">
				<description>Raindrop 5 animation</description>
				<left>200</left>
				<top>150</top>
				<width>128</width>
				<height>128</height>
				<texture background="true">rain-drop.png</texture>
				<visible>true</visible>
				<colordiffuse>BBFFFFFF</colordiffuse>
				<animation type="conditional" reversible="false" loop="true" condition="true">
					<effect type="fade" delay="2000" start="0" end="100" time="200"/>
					<effect type="fade" delay="2500" start="100" end="0" time="500"/>
					<effect type="zoom" delay="2000" start="30" end="500" time="1000" center="auto" tween="quadratic"/>
				</animation>
			</control>
			<control type="image">
				<description>Raindrop 1 animation</description>
				<left>550</left>
				<top>200</top>
				<width>128</width>
				<height>128</height>
				<texture background="true">rain-drop.png</texture>
				<visible>true</visible>
				<colordiffuse>55FFFFFF</colordiffuse>
				<animation type="conditional" reversible="false" loop="true" condition="true">
					<effect type="fade" start="0" end="100" time="200"/>
					<effect type="fade" start="100" end="0" delay="2500" time="1000"/>
					<effect type="zoom" center="auto" start="30" end="1500" delay="0" time="3500" tween="quadratic"/>
				</animation>
			</control>
			<control type="image">
				<description>Raindrop 2 animation</description>
				<left>900</left>
				<top>130</top>
				<width>128</width>
				<height>128</height>
				<texture background="true">rain-drop.png</texture>
				<visible>true</visible>
				<animation type="conditional" reversible="false" loop="true" condition="true">
					<effect type="fade" delay="400" start="0" end="100" time="200"/>
					<effect type="fade" delay="1000" start="100" end="0" time="1600"/>
					<effect type="zoom" delay="400" start="30" end="700" time="3000" center="auto" tween="quadratic"/>
				</animation>
			</control>
			<control type="image">
				<description>Raindrop 3 animation</description>
				<left>800</left>
				<top>500</top>
				<width>128</width>
				<height>128</height>
				<texture background="true">rain-drop.png</texture>
				<visible>true</visible>
				<colordiffuse>88FFFFFF</colordiffuse>
				<animation type="conditional" reversible="false" loop="true" condition="true">
					<effect type="fade" delay="800" start="0" end="100" time="200"/>
					<effect type="fade" delay="2400" start="100" end="0" time="2000"/>
					<effect type="zoom" delay="800" start="30" end="1000" time="2500" center="auto" tween="quadratic"/>
				</animation>
			</control>
			<control type="image">
				<description>Raindrop 4 animation</description>
				<left>200</left>
				<top>450</top>
				<width>128</width>
				<height>128</height>
				<texture background="true">rain-drop.png</texture>
				<visible>true</visible>
				<colordiffuse>66FFFFFF</colordiffuse>
				<animation type="conditional" reversible="false" loop="true" condition="true">
					<effect type="fade" delay="1500" start="0" end="100" time="200"/>
					<effect type="fade" delay="2100" start="100" end="0" time="400"/>
					<effect type="zoom" delay="1500" start="30" end="1200" time="2000" center="auto" tween="quadratic"/>
				</animation>
			</control>
		</control>
	</include>
	<variable name="WeatherFanartAddonVar">
		<value condition="Skin.HasSetting(WeatherFanartAddon.multi)">$INFO[Skin.String(WeatherFanartAddon.path)]$INFO[Window(Weather).Property(Current.FanartCode)]</value>
		<value condition="!Skin.HasSetting(WeatherFanartAddon.multi)">$INFO[Skin.String(WeatherFanartAddon.path)]$INFO[Window(Weather).Property(Current.FanartCode),,.jpg]</value>
	</variable>
	<include name="CommonWeatherBackground">
		<control type="multiimage">
			<description>Background Weather</description>
			<width>1280</width>
			<height>720</height>
			<imagepath>$VAR[WeatherFanartAddonVar]</imagepath>
			<timeperimage>10000</timeperimage>
			<randomize>true</randomize>
			<fadetime>200</fadetime>
			<visible>!String.IsEmpty(Skin.String(WeatherFanartAddon.path)) + !String.IsEmpty(Window(Weather).Property(Current.FanartCode))</visible>
		</control>
		<control type="image">
			<description>Background Weather</description>
			<width>1280</width>
			<height>720</height>
			<texture background="true" fallback="backgrounds/weather.png">$INFO[Skin.String(Background_Weather)]</texture>
			<animation effect="fade" start="100" end="60" time="200" condition="[!String.IsEmpty(ListItem.Art(fanart)) + !Skin.HasSetting(Back_Fanart)] | [Player.HasVideo + !Skin.HasSetting(Back_Video)] | [Player.HasAudio + !Skin.HasSetting(Back_Vis)]">Conditional</animation>
			<animation effect="fade" start="100" end="40" time="200" condition="!String.IsEmpty(Skin.String(WeatherFanartAddon.path)) + !String.IsEmpty(Window(Weather).Property(Current.FanartCode)) + !Skin.HasSetting(Back_Fanart)">Conditional</animation>
		</control>
		<include>RainDropAnimationBackground</include>
	</include>
	<include name="CommonAppsBackground">
		<control type="image">
			<description>Background Apps</description>
			<width>1280</width>
			<height>720</height>
			<texture background="true" fallback="backgrounds/apps.png">$INFO[Skin.String(Background_Apps)]</texture>
			<animation effect="fade" start="100" end="60" time="200" condition="[!String.IsEmpty(ListItem.Art(fanart)) + !Skin.HasSetting(Back_Fanart)] | [Player.HasVideo + !Skin.HasSetting(Back_Video)] | [Player.HasAudio + !Skin.HasSetting(Back_Vis)]">Conditional</animation>
		</control>
		<include>RainDropAnimationBackground</include>
	</include>
	<include name="CommonMediaBackground">
		<control type="image">
			<description>Background Media</description>
			<width>1280</width>
			<height>720</height>
			<texture background="true" fallback="backgrounds/media.png">$INFO[Skin.String(Background_Media)]</texture>
			<animation effect="fade" start="100" end="60" time="200" condition="[!String.IsEmpty(ListItem.Art(fanart)) + !Skin.HasSetting(Back_Fanart)] | [Player.HasVideo + !Skin.HasSetting(Back_Video)] | [Player.HasAudio + !Skin.HasSetting(Back_Vis)]">Conditional</animation>
		</control>
		<include>RainDropAnimationBackground</include>
	</include>
	<include name="CommonSystemBackground">
		<control type="image">
			<description>Background System</description>
			<width>1280</width>
			<height>720</height>
			<texture background="true" fallback="backgrounds/system.png">$INFO[Skin.String(Background_System)]</texture>
			<animation effect="fade" start="100" end="60" time="200" condition="[!String.IsEmpty(ListItem.Art(fanart)) + !Skin.HasSetting(Back_Fanart)] | [Player.HasVideo + !Skin.HasSetting(Back_Video)] | [Player.HasAudio + !Skin.HasSetting(Back_Vis)]">Conditional</animation>
		</control>
		<include>RainDropAnimationBackground</include>
	</include>
	<include name="CommonMediaBackgrounds">
		<include condition="!Skin.HasSetting(DontBlendBackground)">CommonVideoVizBackground</include>
		<control type="group">
			<include>CommonMediaBackground</include>
		</control>
		<include condition="Skin.HasSetting(DontBlendBackground)">CommonVideoVizBackground</include>
		<control type="group">
			<include>CommonMediaBlackwash</include>
		</control>
	</include>

<!-- Blackwash Backgrounds -->
	<include name="CommonWeatherBlackwash">
		<top>-95</top>
		<control type="image">
			<description>Background</description>
			<left>41</left>
			<width>68</width>
			<height>910</height>
			<texture>background-overlay-blackwash-left-ws.png</texture>
		</control>
		<control type="image">
			<description>Background</description>
			<left>55r</left>
			<width>68</width>
			<height>910</height>
			<texture>background-overlay-blackwash-right-ws.png</texture>
			<animation effect="slide" start="-150,0" end="0,0" time="HomeBladeAnimationSpeed" condition="Window.Previous(Weather)">WindowOpen</animation>
			<animation effect="slide" start="0,0" end="-150,0" time="HomeBladeAnimationSpeed" condition="Window.Next(Weather)">WindowClose</animation>
		</control>
		<control type="image">
			<description>Background</description>
			<left>109</left>
			<width>1116</width>
			<height>910</height>
			<texture>background-overlay-blackwash-centertile-ws.png</texture>
			<animation effect="zoom" start="109,0,966,910" end="109,0,1116,910" time="HomeBladeAnimationSpeed" condition="Window.Previous(Weather)">WindowOpen</animation>
			<animation effect="zoom" start="109,0,1116,910" end="109,0,966,910" time="HomeBladeAnimationSpeed" condition="Window.Next(Weather)">WindowClose</animation>
		</control>
	</include>
	<include name="CommonAppsBlackwash">
		<top>-95</top>
		<control type="image">
			<description>Background</description>
			<left>41</left>
			<width>68</width>
			<height>910</height>
			<texture>background-overlay-blackwash-left-ws.png</texture>
			<animation effect="slide" start="50,0" end="0,0" time="HomeBladeAnimationSpeed" condition="Window.Previous(1111)">WindowOpen</animation>
			<animation effect="slide" start="0,0" end="50,0" time="HomeBladeAnimationSpeed" condition="Window.Next(1111)">WindowClose</animation>
		</control>
		<control type="image">
			<description>Background</description>
			<left>55r</left>
			<width>68</width>
			<height>910</height>
			<texture>background-overlay-blackwash-right-ws.png</texture>
			<animation effect="slide" start="-100,0" end="0,0" time="HomeBladeAnimationSpeed" condition="Window.Previous(1111)">WindowOpen</animation>
			<animation effect="slide" start="0,0" end="-100,0" time="HomeBladeAnimationSpeed" condition="Window.Next(1111)">WindowClose</animation>
		</control>
		<control type="image">
			<description>Background</description>
			<left>109</left>
			<width>1116</width>
			<height>910</height>
			<texture>background-overlay-blackwash-centertile-ws.png</texture>
			<animation effect="zoom" start="159,0,966,910" end="109,0,1116,910" time="HomeBladeAnimationSpeed" condition="Window.Previous(1111)">WindowOpen</animation>
			<animation effect="zoom" start="109,0,1116,910" end="159,0,966,910" time="HomeBladeAnimationSpeed" condition="Window.Next(1111)">WindowClose</animation>
		</control>
	</include>
	<include name="CommonMediaBlackwash">
		<top>-95</top>
		<control type="image">
			<description>Background</description>
			<left>41</left>
			<width>68</width>
			<height>910</height>
			<texture>background-overlay-blackwash-left-ws.png</texture>
			<animation effect="slide" start="100,0" end="0,0" time="HomeBladeAnimationSpeed" condition="Window.Previous(Home)">WindowOpen</animation>
			<animation effect="slide" start="0,0" end="100,0" time="HomeBladeAnimationSpeed" condition="Window.Next(Home)">WindowClose</animation>
		</control>
		<control type="image">
			<description>Background</description>
			<left>55r</left>
			<width>68</width>
			<height>910</height>
			<texture>background-overlay-blackwash-right-ws.png</texture>
			<animation effect="slide" start="-50,0" end="0,0" time="HomeBladeAnimationSpeed" condition="Window.Previous(Home)">WindowOpen</animation>
			<animation effect="slide" start="0,0" end="-50,0" time="HomeBladeAnimationSpeed" condition="Window.Next(Home)">WindowClose</animation>
		</control>
		<control type="image">
			<description>Background</description>
			<left>109</left>
			<width>1116</width>
			<height>910</height>
			<texture>background-overlay-blackwash-centertile-ws.png</texture>
			<animation effect="zoom" start="209,0,966,910" end="109,0,1116,910" time="HomeBladeAnimationSpeed" condition="Window.Previous(Home)">WindowOpen</animation>
			<animation effect="zoom" start="109,0,1116,910" end="209,0,966,910" time="HomeBladeAnimationSpeed" condition="Window.Next(Home)">WindowClose</animation>
		</control>
	</include>
	<include name="CommonSystemBlackwash">
		<top>-95</top>
		<control type="image">
			<description>Background</description>
			<left>41</left>
			<width>68</width>
			<height>910</height>
			<texture>background-overlay-blackwash-left-ws.png</texture>
			<animation effect="slide" start="150,0" end="0,0" time="HomeBladeAnimationSpeed" condition="Window.Previous(Settings)">WindowOpen</animation>
			<animation effect="slide" start="0,0" end="150,0" time="HomeBladeAnimationSpeed" condition="Window.Next(Settings)">WindowClose</animation>
		</control>
		<control type="image">
			<description>Background</description>
			<left>55r</left>
			<width>68</width>
			<height>910</height>
			<texture>background-overlay-blackwash-right-ws.png</texture>
		</control>
		<control type="image">
			<description>Background</description>
			<left>109</left>
			<width>1116</width>
			<height>910</height>
			<texture>background-overlay-blackwash-centertile-ws.png</texture>
			<animation effect="zoom" start="259,0,966,910" end="109,0,1116,910" time="HomeBladeAnimationSpeed" condition="Window.Previous(Settings)">WindowOpen</animation>
			<animation effect="zoom" start="109,0,1116,910" end="259,0,966,910" time="HomeBladeAnimationSpeed" condition="Window.Next(Settings)">WindowClose</animation>
		</control>
	</include>

<!-- Sub Blade Animations -->
	<include name="WeatherToSubBlades">
		<!-- Left side -->
		<control type="image">
			<left>-120</left>
			<top>-40</top>
			<width>180</width>
			<height>800</height>
			<aspectratio>stretch</aspectratio>
			<texture>blades-runner-left1.png</texture>
		</control>
		<control type="image">
			<top>-40</top>
			<width>115</width>
			<height>800</height>
			<aspectratio>stretch</aspectratio>
			<texture>blades-size4-header.png</texture>
		</control>
		<control type="label">
			<description>Weather Label</description>
			<label>31004</label>
			<left>88</left>
			<top>170</top>
			<include>BladesLabelLeft</include>
		</control>
		<!-- Right side -->
		<control type="image">
			<left>55r</left>
			<top>-40</top>
			<width>180</width>
			<height>800</height>
			<aspectratio>stretch</aspectratio>
			<texture>blades-runner-right.png</texture>
		</control>
		<control type="image">
			<left>-35r</left>
			<top>-40</top>
			<width>115</width>
			<height>800</height>
			<aspectratio>stretch</aspectratio>
			<texture>blades-size1-right-NF.png</texture>
			<animation type="WindowOpen" condition="Window.Previous(Weather)">
				<effect type="slide" start="-150,0" end="-160,0" time="100" />
				<effect type="slide" start="0,0" end="160,0" delay="100" time="HomeBladeAnimationSpeed" />
			</animation>
			<animation type="WindowClose" condition="Window.Next(Weather)">
				<effect type="slide" start="0,0" end="-160,0" time="100" />
				<effect type="slide" start="0,0" end="10,0" delay="100" time="HomeBladeAnimationSpeed" />
			</animation>
		</control>
		<control type="label">
			<description>System Label</description>
			<label>31003</label>
			<left>-100r</left>
			<top>210</top>
			<include>BladesLabelRight</include>
			<animation type="WindowOpen" condition="Window.Previous(Weather)">
				<effect type="slide" start="-150,0" end="-160,0" time="100" />
				<effect type="slide" start="0,0" end="160,0" delay="100" time="HomeBladeAnimationSpeed" />
			</animation>
			<animation type="WindowClose" condition="Window.Next(Weather)">
				<effect type="slide" start="0,0" end="-160,0" time="100" />
				<effect type="slide" start="0,0" end="10,0" delay="100" time="HomeBladeAnimationSpeed" />
			</animation>
		</control>
		<control type="image">
			<left>15r</left>
			<top>-40</top>
			<width>115</width>
			<height>800</height>
			<aspectratio>stretch</aspectratio>
			<texture>blades-size2-right-NF.png</texture>
			<animation type="WindowOpen" condition="Window.Previous(Weather)">
				<effect type="slide" start="-150,0" end="-160,0" time="100" />
				<effect type="slide" start="0,0" end="160,0" delay="100" time="HomeBladeAnimationSpeed" />
			</animation>
			<animation type="WindowClose" condition="Window.Next(Weather)">
				<effect type="slide" start="0,0" end="-160,0" time="100" />
				<effect type="slide" start="0,0" end="10,0" delay="100" time="HomeBladeAnimationSpeed" />
			</animation>
		</control>
		<control type="label">
			<description>Media Label</description>
			<label>31001</label>
			<left>-50r</left>
			<top>200</top>
			<include>BladesLabelRight</include>
			<animation type="WindowOpen" condition="Window.Previous(Weather)">
				<effect type="slide" start="-150,0" end="-160,0" time="100" />
				<effect type="slide" start="0,0" end="160,0" delay="100" time="HomeBladeAnimationSpeed" />
			</animation>
			<animation type="WindowClose" condition="Window.Next(Weather)">
				<effect type="slide" start="0,0" end="-160,0" time="100" />
				<effect type="slide" start="0,0" end="10,0" delay="100" time="HomeBladeAnimationSpeed" />
			</animation>
		</control>
		<control type="image">
			<left>65r</left>
			<top>-40</top>
			<width>115</width>
			<height>800</height>
			<aspectratio>stretch</aspectratio>
			<texture>blades-size3-right-NF.png</texture>
			<animation type="WindowOpen" condition="Window.Previous(Weather)">
				<effect type="slide" start="-150,0" end="-160,0" time="100" />
				<effect type="slide" start="0,0" end="160,0" delay="100" time="HomeBladeAnimationSpeed" />
			</animation>
			<animation type="WindowClose" condition="Window.Next(Weather)">
				<effect type="slide" start="0,0" end="-160,0" time="100" />
				<effect type="slide" start="0,0" end="10,0" delay="100" time="HomeBladeAnimationSpeed" />
			</animation>
		</control>
		<control type="label">
			<description>Apps Label</description>
			<label>31002</label>
			<left>0r</left>
			<top>190</top>
			<include>BladesLabelRight</include>
			<animation type="WindowOpen" condition="Window.Previous(Weather)">
				<effect type="slide" start="-150,0" end="-160,0" time="100" />
				<effect type="slide" start="0,0" end="160,0" delay="100" time="HomeBladeAnimationSpeed" />
			</animation>
			<animation type="WindowClose" condition="Window.Next(Weather)">
				<effect type="slide" start="0,0" end="-160,0" time="100" />
				<effect type="slide" start="0,0" end="10,0" delay="100" time="HomeBladeAnimationSpeed" />
			</animation>
		</control>
		<control type="image">
			<left>55r</left>
			<top>-40</top>
			<width>180</width>
			<height>800</height>
			<aspectratio>stretch</aspectratio>
			<texture>blades-runner-right.png</texture>
			<animation effect="fade" start="100" end="0" time="100" delay="HomeBladeAnimationSpeed" condition="Window.Next(Weather)">WindowClose</animation>
		</control>
	</include>

	<include name="AppsToSubBlades">
		<!-- Left side -->
		<control type="image">
			<left>-110</left>
			<top>-40</top>
			<width>180</width>
			<height>800</height>
			<aspectratio>stretch</aspectratio>
			<texture>blades-runner-left.png</texture>
		</control>
		<control type="image">
			<left>-50</left>
			<top>-40</top>
			<width>115</width>
			<height>800</height>
			<aspectratio>stretch</aspectratio>
			<texture>blades-size3-left-NF.png</texture>
			<animation type="WindowOpen" condition="Window.Previous(1111)">
				<effect type="slide" start="50,0" end="60,0" time="100" />
				<effect type="slide" start="0,0" end="-60,0" delay="100" time="HomeBladeAnimationSpeed" />
			</animation>
			<animation type="WindowClose" condition="Window.Next(1111)">
				<effect type="slide" start="0,0" end="60,0" time="100" />
				<effect type="slide" start="0,0" end="-10,0" delay="100" time="HomeBladeAnimationSpeed" />
			</animation>
		</control>
		<control type="label">
			<description>weather Label</description>
			<label>31004</label>
			<left>40</left>
			<top>190</top>
			<include>BladesLabelLeft</include>
			<animation type="WindowOpen" condition="Window.Previous(1111)">
				<effect type="slide" start="50,0" end="60,0" time="100" />
				<effect type="slide" start="0,0" end="-60,0" delay="100" time="HomeBladeAnimationSpeed" />
			</animation>
			<animation type="WindowClose" condition="Window.Next(1111)">
				<effect type="slide" start="0,0" end="60,0" time="100" />
				<effect type="slide" start="0,0" end="-10,0" delay="100" time="HomeBladeAnimationSpeed" />
			</animation>
		</control>
		<control type="image">
			<left>-120</left>
			<top>-40</top>
			<width>180</width>
			<height>800</height>
			<aspectratio>stretch</aspectratio>
			<texture>blades-runner-left1.png</texture>
			<animation effect="fade" start="100" end="0" time="100" delay="HomeBladeAnimationSpeed" condition="Window.Next(1111)">WindowClose</animation>
		</control>
		<control type="image">
			<top>-40</top>
			<width>115</width>
			<height>800</height>
			<aspectratio>stretch</aspectratio>
			<texture>blades-size4-header.png</texture>
			<animation type="WindowOpen" condition="Window.Previous(1111)">
				<effect type="slide" start="50,0" end="60,0" time="100" />
				<effect type="slide" start="0,0" end="-60,0" delay="100" time="HomeBladeAnimationSpeed" />
			</animation>
			<animation type="WindowClose" condition="Window.Next(1111)">
				<effect type="slide" start="0,0" end="60,0" time="100" />
				<effect type="slide" start="0,0" end="-10,0" delay="100" time="HomeBladeAnimationSpeed" />
			</animation>
		</control>
		<control type="label">
			<description>Applications Label</description>
			<label>31002</label>
			<left>90</left>
			<top>170</top>
			<include>BladesLabelLeft</include>
			<animation type="WindowOpen" condition="Window.Previous(1111)">
				<effect type="slide" start="50,0" end="60,0" time="100" />
				<effect type="slide" start="0,0" end="-60,0" delay="100" time="HomeBladeAnimationSpeed" />
			</animation>
			<animation type="WindowClose" condition="Window.Next(1111)">
				<effect type="slide" start="0,0" end="60,0" time="100" />
				<effect type="slide" start="0,0" end="-10,0" delay="100" time="HomeBladeAnimationSpeed" />
			</animation>
		</control>
		<!-- Right side -->
		<control type="image">
			<left>55r</left>
			<top>-40</top>
			<width>180</width>
			<height>800</height>
			<aspectratio>stretch</aspectratio>
			<texture>blades-runner-right.png</texture>
		</control>
		<control type="image">
			<left>15r</left>
			<top>-40</top>
			<width>115</width>
			<height>800</height>
			<aspectratio>stretch</aspectratio>
			<texture>blades-size2-right-NF.png</texture>
			<animation type="WindowOpen" condition="Window.Previous(1111)">
				<effect type="slide" start="-100,0" end="-110,0" time="100" />
				<effect type="slide" start="0,0" end="100,0" delay="100" time="HomeBladeAnimationSpeed" />
			</animation>
			<animation type="WindowClose" condition="Window.Next(1111)">
				<effect type="slide" start="0,0" end="-110,0" time="100" />
				<effect type="slide" start="0,0" end="10,0" delay="100" time="HomeBladeAnimationSpeed" />
			</animation>
		</control>
		<control type="label">
			<description>System Label</description>
			<label>31003</label>
			<left>-50r</left>
			<top>200</top>
			<include>BladesLabelRight</include>
			<animation type="WindowOpen" condition="Window.Previous(1111)">
				<effect type="slide" start="-100,0" end="-110,0" time="100" />
				<effect type="slide" start="0,0" end="100,0" delay="100" time="HomeBladeAnimationSpeed" />
			</animation>
			<animation type="WindowClose" condition="Window.Next(1111)">
				<effect type="slide" start="0,0" end="-110,0" time="100" />
				<effect type="slide" start="0,0" end="10,0" delay="100" time="HomeBladeAnimationSpeed" />
			</animation>
		</control>
		<control type="image">
			<left>65r</left>
			<top>-40</top>
			<width>115</width>
			<height>800</height>
			<aspectratio>stretch</aspectratio>
			<texture>blades-size3-right-NF.png</texture>
			<animation type="WindowOpen" condition="Window.Previous(1111)">
				<effect type="slide" start="-100,0" end="-110,0" time="100" />
				<effect type="slide" start="0,0" end="110,0" delay="100" time="HomeBladeAnimationSpeed" />
			</animation>
			<animation type="WindowClose" condition="Window.Next(1111)">
				<effect type="slide" start="0,0" end="-110,0" time="100" />
				<effect type="slide" start="0,0" end="10,0" delay="100" time="HomeBladeAnimationSpeed" />
			</animation>
		</control>
		<control type="label">
			<description>Media Label</description>
			<label>31001</label>
			<left>0r</left>
			<top>190</top>
			<include>BladesLabelRight</include>
			<animation type="WindowOpen" condition="Window.Previous(1111)">
				<effect type="slide" start="-100,0" end="-110,0" time="100" />
				<effect type="slide" start="0,0" end="110,0" delay="100" time="HomeBladeAnimationSpeed" />
			</animation>
			<animation type="WindowClose" condition="Window.Next(1111)">
				<effect type="slide" start="0,0" end="-110,0" time="100" />
				<effect type="slide" start="0,0" end="10,0" delay="100" time="HomeBladeAnimationSpeed" />
			</animation>
		</control>
		<control type="image">
			<left>55r</left>
			<top>-40</top>
			<width>180</width>
			<height>800</height>
			<aspectratio>stretch</aspectratio>
			<texture>blades-runner-right.png</texture>
			<animation effect="fade" start="100" end="0" time="100" delay="HomeBladeAnimationSpeed" condition="Window.Next(1111)">WindowClose</animation>
		</control>
	</include>

	<include name="MediaToSubBlades">
		<!-- Left side -->
		<control type="image">
			<left>-110</left>
			<top>-40</top>
			<width>180</width>
			<height>800</height>
			<aspectratio>stretch</aspectratio>
			<texture>blades-runner-left.png</texture>
		</control>
		<control type="image">
			<left>-100</left>
			<top>-40</top>
			<width>115</width>
			<height>800</height>
			<aspectratio>stretch</aspectratio>
			<texture>blades-size2-left-NF.png</texture>
			<animation type="WindowOpen" condition="Window.Previous(Home)">
				<effect type="slide" start="100,0" end="110,0" time="100" />
				<effect type="slide" start="0,0" end="-110,0" delay="100" time="HomeBladeAnimationSpeed" />
			</animation>
			<animation type="WindowClose" condition="Window.Next(Home)">
				<effect type="slide" start="0,0" end="110,0" time="100" />
				<effect type="slide" start="0,0" end="-10,0" delay="100" time="HomeBladeAnimationSpeed" />
			</animation>
		</control>
		<control type="label">
			<description>weather Label</description>
			<label>31004</label>
			<left>-10</left>
			<top>200</top>
			<include>BladesLabelLeft</include>
			<animation type="WindowOpen" condition="Window.Previous(Home)">
				<effect type="slide" start="100,0" end="110,0" time="100" />
				<effect type="slide" start="0,0" end="-110,0" delay="100" time="HomeBladeAnimationSpeed" />
			</animation>
			<animation type="WindowClose" condition="Window.Next(Home)">
				<effect type="slide" start="0,0" end="110,0" time="100" />
				<effect type="slide" start="0,0" end="-10,0" delay="100" time="HomeBladeAnimationSpeed" />
			</animation>
		</control>
		<control type="image">
			<left>-50</left>
			<top>-40</top>
			<width>115</width>
			<height>800</height>
			<aspectratio>stretch</aspectratio>
			<texture>blades-size3-left-NF.png</texture>
			<animation type="WindowOpen" condition="Window.Previous(Home)">
				<effect type="slide" start="100,0" end="110,0" time="100" />
				<effect type="slide" start="0,0" end="-110,0" delay="100" time="HomeBladeAnimationSpeed" />
			</animation>
			<animation type="WindowClose" condition="Window.Next(Home)">
				<effect type="slide" start="0,0" end="110,0" time="100" />
				<effect type="slide" start="0,0" end="-10,0" delay="100" time="HomeBladeAnimationSpeed" />
			</animation>
		</control>
		<control type="label">
			<description>Applications Label</description>
			<label>31002</label>
			<left>40</left>
			<top>190</top>
			<include>BladesLabelLeft</include>
			<animation type="WindowOpen" condition="Window.Previous(Home)">
				<effect type="slide" start="100,0" end="110,0" time="100" />
				<effect type="slide" start="0,0" end="-110,0" delay="100" time="HomeBladeAnimationSpeed" />
			</animation>
			<animation type="WindowClose" condition="Window.Next(Home)">
				<effect type="slide" start="0,0" end="110,0" time="100" />
				<effect type="slide" start="0,0" end="-10,0" delay="100" time="HomeBladeAnimationSpeed" />
			</animation>
		</control>
		<control type="image">
			<left>-120</left>
			<top>-40</top>
			<width>180</width>
			<height>800</height>
			<aspectratio>stretch</aspectratio>
			<texture>blades-runner-left1.png</texture>
			<animation effect="fade" start="100" end="0" time="100" delay="HomeBladeAnimationSpeed" condition="Window.Next(Home)">WindowClose</animation>
		</control>
		<control type="image">
			<top>-40</top>
			<width>115</width>
			<height>800</height>
			<aspectratio>stretch</aspectratio>
			<texture>blades-size4-header.png</texture>
			<animation type="WindowOpen" condition="Window.Previous(Home)">
				<effect type="slide" start="100,0" end="110,0" time="100" />
				<effect type="slide" start="0,0" end="-110,0" delay="100" time="HomeBladeAnimationSpeed" />
			</animation>
			<animation type="WindowClose" condition="Window.Next(Home)">
				<effect type="slide" start="0,0" end="110,0" time="100" />
				<effect type="slide" start="0,0" end="-10,0" delay="100" time="HomeBladeAnimationSpeed" />
			</animation>
		</control>
		<control type="label">
			<description>Media Label</description>
			<label>31001</label>
			<left>88</left>
			<top>170</top>
			<include>BladesLabelLeft</include>
			<animation type="WindowOpen" condition="Window.Previous(Home)">
				<effect type="slide" start="100,0" end="110,0" time="100" />
				<effect type="slide" start="0,0" end="-110,0" delay="100" time="HomeBladeAnimationSpeed" />
			</animation>
			<animation type="WindowClose" condition="Window.Next(Home)">
				<effect type="slide" start="0,0" end="110,0" time="100" />
				<effect type="slide" start="0,0" end="-10,0" delay="100" time="HomeBladeAnimationSpeed" />
			</animation>
		</control>
		<!-- Right side -->
		<control type="image">
			<left>55r</left>
			<top>-40</top>
			<width>180</width>
			<height>800</height>
			<aspectratio>stretch</aspectratio>
			<texture>blades-runner-right.png</texture>
		</control>
		<control type="image">
			<left>65r</left>
			<top>-40</top>
			<width>115</width>
			<height>800</height>
			<aspectratio>stretch</aspectratio>
			<texture>blades-size3-right-NF.png</texture>
			<animation type="WindowOpen" condition="Window.Previous(Home)">
				<effect type="slide" start="-50,0" end="-60,0" time="100" />
				<effect type="slide" start="0,0" end="60,0" delay="100" time="HomeBladeAnimationSpeed" />
			</animation>
			<animation type="WindowClose" condition="Window.Next(Home)">
				<effect type="slide" start="0,0" end="-60,0" time="100" />
				<effect type="slide" start="0,0" end="10,0" delay="100" time="HomeBladeAnimationSpeed" />
			</animation>
		</control>
		<control type="label">
			<description>System Label</description>
			<label>31003</label>
			<left>0r</left>
			<top>190</top>
			<include>BladesLabelRight</include>
			<animation type="WindowOpen" condition="Window.Previous(Home)">
				<effect type="slide" start="-50,0" end="-60,0" time="100" />
				<effect type="slide" start="0,0" end="60,0" delay="100" time="HomeBladeAnimationSpeed" />
			</animation>
			<animation type="WindowClose" condition="Window.Next(Home)">
				<effect type="slide" start="0,0" end="-60,0" time="100" />
				<effect type="slide" start="0,0" end="10,0" delay="100" time="HomeBladeAnimationSpeed" />
			</animation>
		</control>
		<control type="image">
			<left>55r</left>
			<top>-40</top>
			<width>180</width>
			<height>800</height>
			<aspectratio>stretch</aspectratio>
			<texture>blades-runner-right.png</texture>
			<animation effect="fade" start="100" end="0" time="100" delay="HomeBladeAnimationSpeed" condition="Window.Next(Home)">WindowClose</animation>
		</control>
	</include>

	<include name="SettingsToSubBlades">
		<!-- Left side -->
		<control type="image">
			<left>-120</left>
			<top>-40</top>
			<width>180</width>
			<height>800</height>
			<aspectratio>stretch</aspectratio>
			<texture>blades-runner-left1.png</texture>
			<animation effect="fade" start="0" end="100" time="0" delay="HomeBladeAnimationSpeed" condition="Window.Next(Settings)">WindowClose</animation>
		</control>
		<control type="image">
			<left>-150</left>
			<top>-40</top>
			<width>115</width>
			<height>800</height>
			<aspectratio>stretch</aspectratio>
			<texture>blades-size1-left-NF.png</texture>
			<animation type="WindowOpen" condition="Window.Previous(Settings)">
				<effect type="slide" start="150,0" end="160,0" time="100" />
				<effect type="slide" start="0,0" end="-160,0" delay="100" time="HomeBladeAnimationSpeed" />
			</animation>
			<animation type="WindowClose" condition="Window.Next(Settings)">
				<effect type="slide" start="0,0" end="160,0" time="100" />
				<effect type="slide" start="0,0" end="-10,0" delay="100" time="HomeBladeAnimationSpeed" />
			</animation>
		</control>
		<control type="label">
			<description>weather Label</description>
			<label>31004</label>
			<left>-60</left>
			<top>210</top>
			<include>BladesLabelLeft</include>
			<animation type="WindowOpen" condition="Window.Previous(Settings)">
				<effect type="slide" start="150,0" end="160,0" time="100" />
				<effect type="slide" start="0,0" end="-160,0" delay="100" time="HomeBladeAnimationSpeed" />
			</animation>
			<animation type="WindowClose" condition="Window.Next(Settings)">
				<effect type="slide" start="0,0" end="160,0" time="100" />
				<effect type="slide" start="0,0" end="-10,0" delay="100" time="HomeBladeAnimationSpeed" />
			</animation>
		</control>
		<control type="image">
			<left>-100</left>
			<top>-40</top>
			<width>115</width>
			<height>800</height>
			<aspectratio>stretch</aspectratio>
			<texture>blades-size2-left-NF.png</texture>
			<animation type="WindowOpen" condition="Window.Previous(Settings)">
				<effect type="slide" start="150,0" end="160,0" time="100" />
				<effect type="slide" start="0,0" end="-160,0" delay="100" time="HomeBladeAnimationSpeed" />
			</animation>
			<animation type="WindowClose" condition="Window.Next(Settings)">
				<effect type="slide" start="0,0" end="160,0" time="100" />
				<effect type="slide" start="0,0" end="-10,0" delay="100" time="HomeBladeAnimationSpeed" />
			</animation>
		</control>
		<control type="label">
			<description>Apps Label</description>
			<label>31002</label>
			<left>-10</left>
			<top>200</top>
			<include>BladesLabelLeft</include>
			<animation type="WindowOpen" condition="Window.Previous(Settings)">
				<effect type="slide" start="150,0" end="160,0" time="100" />
				<effect type="slide" start="0,0" end="-160,0" delay="100" time="HomeBladeAnimationSpeed" />
			</animation>
			<animation type="WindowClose" condition="Window.Next(Settings)">
				<effect type="slide" start="0,0" end="160,0" time="100" />
				<effect type="slide" start="0,0" end="-10,0" delay="100" time="HomeBladeAnimationSpeed" />
			</animation>
		</control>
		<control type="image">
			<left>-50</left>
			<top>-40</top>
			<width>115</width>
			<height>800</height>
			<aspectratio>stretch</aspectratio>
			<texture>blades-size3-left-NF.png</texture>
			<animation type="WindowOpen" condition="Window.Previous(Settings)">
				<effect type="slide" start="150,0" end="160,0" time="100" />
				<effect type="slide" start="0,0" end="-160,0" delay="100" time="HomeBladeAnimationSpeed" />
			</animation>
			<animation type="WindowClose" condition="Window.Next(Settings)">
				<effect type="slide" start="0,0" end="160,0" time="100" />
				<effect type="slide" start="0,0" end="-10,0" delay="100" time="HomeBladeAnimationSpeed" />
			</animation>
		</control>
		<control type="label">
			<description>Media Label</description>
			<label>31001</label>
			<left>40</left>
			<top>190</top>
			<include>BladesLabelLeft</include>
			<animation type="WindowOpen" condition="Window.Previous(Settings)">
				<effect type="slide" start="150,0" end="160,0" time="100" />
				<effect type="slide" start="0,0" end="-160,0" delay="100" time="HomeBladeAnimationSpeed" />
			</animation>
			<animation type="WindowClose" condition="Window.Next(Settings)">
				<effect type="slide" start="0,0" end="160,0" time="100" />
				<effect type="slide" start="0,0" end="-10,0" delay="100" time="HomeBladeAnimationSpeed" />
			</animation>
		</control>
		<control type="image">
			<left>-120</left>
			<top>-40</top>
			<width>180</width>
			<height>800</height>
			<aspectratio>stretch</aspectratio>
			<texture>blades-runner-left1.png</texture>
			<animation effect="fade" start="100" end="0" time="100" delay="HomeBladeAnimationSpeed" condition="Window.Next(Settings)">WindowClose</animation>
		</control>
		<control type="image">
			<top>-40</top>
			<width>115</width>
			<height>800</height>
			<aspectratio>stretch</aspectratio>
			<texture>blades-size4-header.png</texture>
			<animation type="WindowOpen" condition="Window.Previous(Settings)">
				<effect type="slide" start="150,0" end="160,0" time="100" />
				<effect type="slide" start="0,0" end="-160,0" delay="100" time="HomeBladeAnimationSpeed" />
			</animation>
			<animation type="WindowClose" condition="Window.Next(Settings)">
				<effect type="slide" start="0,0" end="160,0" time="100" />
				<effect type="slide" start="0,0" end="-10,0" delay="100" time="HomeBladeAnimationSpeed" />
			</animation>
		</control>
		<control type="label">
			<description>System Label</description>
			<label>31003</label>
			<left>88</left>
			<top>170</top>
			<include>BladesLabelLeft</include>
			<animation type="WindowOpen" condition="Window.Previous(Settings)">
				<effect type="slide" start="150,0" end="160,0" time="100" />
				<effect type="slide" start="0,0" end="-160,0" delay="100" time="HomeBladeAnimationSpeed" />
			</animation>
			<animation type="WindowClose" condition="Window.Next(Settings)">
				<effect type="slide" start="0,0" end="160,0" time="100" />
				<effect type="slide" start="0,0" end="-10,0" delay="100" time="HomeBladeAnimationSpeed" />
			</animation>
		</control>
		<!-- Right side -->
		<control type="group">
			<left>15r</left>
			<top>232</top>
			<animation effect="slide" start="-100,0" end="0,0" time="HomeBladeAnimationSpeed" condition="!Window.Previous(AppearanceSettings)">WindowOpen</animation>
			<control type="image">
				<width>74</width>
				<height>256</height>
				<aspectratio>stretch</aspectratio>
				<texture border="25,5,5,5">power-panel.png</texture>
			</control>
			<control type="image">
				<description>Icon</description>
				<left>18</left>
				<top>50</top>
				<width>40</width>
				<height>40</height>
				<aspectratio>keep</aspectratio>
				<texture>button_icons/icon-power.png</texture>
			</control>
			<control type="image">
				<description>Icon</description>
				<left>18</left>
				<top>165</top>
				<width>40</width>
				<height>40</height>
				<aspectratio>keep</aspectratio>
				<texture>button_icons/icon-favourites.png</texture>
			</control>
		</control>
		<control type="image">
			<left>55r</left>
			<top>-40</top>
			<width>180</width>
			<height>800</height>
			<aspectratio>stretch</aspectratio>
			<texture>blades-runner-right.png</texture>
		</control>
	</include>
</includes>
