<?xml version="1.0" encoding="UTF-8"?>
<includes>
	<include file="defaults.xml" />
	<include file="IncludesCodecFlagging.xml" />
	<include file="IncludesCommonWindowBuilding.xml" />
	<include file="IncludesVariables.xml" />
	<include file="Views_Common.xml" />

	<constant name="HomeBladeAnimationSpeed">150</constant>
	<constant name="HomeVisibleFadeAnimationSpeed">100</constant>
	<constant name="DialogVisibleFadeAnimationSpeed">300</constant>
	<constant name="SubBladeFadeInDelay">250</constant> <!-- HomeBladeAnimationSpeed + 100 -->
	<constant name="ButtonSlideBackDistance">-5</constant>
	<constant name="ButtonSlideBackTime">275</constant>
	<constant name="FanartCrossfadeTime">600</constant>
	<constant name="IconCrossfadeTime">400</constant>
	<constant name="SideMenuSlideOutTime">200</constant>

	<include name="HomeLogoButton">
		<control type="group">
			<animation effect="slide" end="445.5,0" condition="Skin.HasSetting(Blades_CenterLogoButton)">Conditional</animation>
			<control type="button" id="9050">
				<left>-8</left>
				<top>13</top>
				<width>45</width>
				<height>45</height>
				<texturefocus>tetradui_logo_clean.png</texturefocus>
				<texturenofocus>tetradui_logo_clean.png</texturenofocus>
				<onleft condition="!Window.IsVisible(Weather)">1</onleft>
				<onright condition="Window.IsVisible(Weather)">1</onright>
				<onright condition="!Window.IsVisible(Settings.xml)">2</onright>
				<ondown condition="!Window.IsVisible(Weather) + !Window.IsVisible(loginscreen)">9000</ondown>
				<ondown condition="Window.IsVisible(Weather)">3</ondown>
				<ondown condition="Window.IsVisible(loginscreen)">52</ondown>
				<onclick>ActivateWindow(1103)</onclick>
				<animation effect="zoom" start="100" end="115" time="100" center="auto">Focus</animation>
				<animation effect="zoom" start="115" end="100" time="100" center="auto">UnFocus</animation>
			</control>
		</control>
	</include>
	<include name="HomeButtonCommonValues">
		<left>50</left>
		<width>43</width>
		<height>43</height>
		<aligny>center</aligny>
		<textoffsetx>70</textoffsetx>
		<textwidth>330</textwidth>
		<textcolor>white2</textcolor>
		<focusedcolor>black</focusedcolor>
		<shadowcolor />
		<font>font30</font>
		<pulseonselect>no</pulseonselect>
		<onleft>1</onleft>
		<onright>2</onright>
		<animation effect="slide" end="ButtonSlideBackDistance,0" time="ButtonSlideBackTime" reversible="false">focus</animation>
	</include>
	<include name="HomeButtonHighlightCommonValues">
		<left>0</left>
		<top>-17</top>
		<width>450</width>
		<height>350</height>
		<aspectratio>stretch</aspectratio>
	</include>
	<include name="BlankBladeSlideLeft">
		<control type="button" id="$PARAM[id]">
			<left>80r</left>
			<width>160</width>
			<height>720</height>
			<texturefocus>blades-blank-right.png</texturefocus>
			<onfocus>$PARAM[action]</onfocus>
			<animation effect="slide" end="-1280,0" time="HomeBladeAnimationSpeed">focus</animation>
			<hitrect x="-10" y="-10" w="1" h="1" />
		</control>
	</include>
	<include name="BlankBladeSlideRight">
		<control type="button" id="$PARAM[id]">
			<left>-80</left>
			<width>160</width>
			<height>720</height>
			<texturefocus>blades-blank-left.png</texturefocus>
			<onfocus>$PARAM[action]</onfocus>
			<animation effect="slide" end="1280,0" time="HomeBladeAnimationSpeed">focus</animation>
			<hitrect x="-10" y="-10" w="1" h="1" />
		</control>
	</include>
	<include name="BladesImagesLeft">
		<control type="image">
			<left>-110</left>
			<top>-40</top>
			<width>180</width>
			<height>800</height>
			<texture>blades-runner-left.png</texture>
		</control>
		<control type="image">
			<top>-40</top>
			<width>115</width>
			<height>800</height>
			<texture>$PARAM[texture]</texture>
		</control>
	</include>
	<include name="BladesImagesRight">
		<control type="image">
			<left>65r</left>
			<top>-40</top>
			<width>180</width>
			<height>800</height>
			<texture>blades-runner-right.png</texture>
		</control>
		<control type="image">
			<left>115r</left>
			<top>-40</top>
			<width>115</width>
			<height>800</height>
			<texture>$PARAM[texture]</texture>
		</control>
	</include>
	<include name="BladesLabelLeft">
		<font>font16</font>
		<textcolor>black</textcolor>
		<aligny>top</aligny>
		<angle>273</angle>
	</include>
	<include name="BladesLabelRight">
		<font>font16</font>
		<textcolor>black</textcolor>
		<aligny>top</aligny>
		<angle>267</angle>
	</include>
	<include name="BladesRunnerRightAnimation1">
		<animation type="WindowOpen">
			<effect type="fade" start="0" end="100" time="100" />
			<effect type="slide" start="550,0" end="0,0" delay="100" time="400" tween="quadratic" easing="out" />
		</animation>
		<animation type="WindowClose">
			<effect type="slide" start="0,0" end="550,0" delay="DialogVisibleFadeAnimationSpeed" time="400" tween="quadratic" easing="in"/>
			<effect type="fade" start="100" end="0" delay="800" time="100" />
		</animation>
	</include>
	<include name="BladesRunnerRightAnimation2">
		<animation type="WindowOpen">
			<effect type="fade" start="0" end="100" time="100" />
			<effect type="slide" start="1095,0" end="0,0" delay="100" time="500" tween="quadratic" easing="out" />
		</animation>
		<animation type="WindowClose">
			<effect type="slide" start="0,0" end="1095,0" delay="DialogVisibleFadeAnimationSpeed" time="500" tween="quadratic" easing="in"/>
			<effect type="fade" start="100" end="0" delay="800" time="100" />
		</animation>
	</include>
	<include name="BladesRunnerRight">
		<control type="image">
			<left>130</left>
			<top>-40</top>
			<width>180</width>
			<height>800</height>
			<texture>blades-runner-right.png</texture>
		</control>
		<control type="image">
			<left>310</left>
			<top>-40</top>
			<width>970</width>
			<height>800</height>
			<texture>blades-runner-right-edge.png</texture>
		</control>
		<control type="image">
			<left>80</left>
			<top>-40</top>
			<width>115</width>
			<height>800</height>
			<texture>blades-size3-right-noshadow.png</texture>
		</control>
		<control type="image">
			<left>104</left>
			<top>316</top>
			<width>30</width>
			<height>30</height>
			<texture>tetradui_logo_clean.png</texture>
		</control>
	</include>
	<include name="Container9000BladesRunner">
		<animation effect="fade" start="0" end="0" time="0">WindowClose</animation>
		<animation effect="slide" time="SideMenuSlideOutTime" start="0,0" end="300,0" condition="ControlGroup(9000).HasFocus" reversible="false">Conditional</animation>
		<animation effect="slide" time="SideMenuSlideOutTime" start="300,0" end="0,0" delay="SideMenuSlideOutTime" condition="!ControlGroup(9000).HasFocus" reversible="false">Conditional</animation>
		<left>-300</left>
		<top>0</top>
		<control type="image">
			<top>-40</top>
			<width>160</width>
			<height>800</height>
			<aspectratio>stretch</aspectratio>
			<colordiffuse>EFFFFFFF</colordiffuse>
			<texture>blades-runner-right-edge.png</texture>
		</control>
		<control type="image">
			<left>160</left>
			<top>-40</top>
			<width>180</width>
			<height>800</height>
			<aspectratio>stretch</aspectratio>
			<colordiffuse>EFFFFFFF</colordiffuse>
			<texture>blades-runner-left1.png</texture>
		</control>
	</include>
	<include name="Container9000Header">
		<left>100</left>
		<top>100</top>
		<orientation>vertical</orientation>
		<itemgap>-5</itemgap>
		<onleft>50</onleft>
		<onright>50</onright>
		<onup>611</onup>
		<ondown>610</ondown>
		<usecontrolcoords>true</usecontrolcoords>
		<visible allowhiddenfocus="true">ControlGroup(9000).HasFocus</visible>
		<animation effect="fade" start="0" end="100" delay="SideMenuSlideOutTime" time="200">Visible</animation>
		<animation effect="fade" start="100" end="0" delay="0" time="SideMenuSlideOutTime">Hidden</animation>
		<control type="label">
			<description>Header Label</description>
			<width>220</width>
			<height>20</height>
			<font>font12</font>
			<label>31202</label>
			<textcolor>orange</textcolor>
			<shadowcolor>black</shadowcolor>
			<align>left</align>
			<aligny>center</aligny>
		</control>
		<control type="image">
			<height>30</height>
			<texture />
		</control>
	</include>
	<include name="BackgroundDim">
		<control type="image">
			<width>1280</width>
			<height>720</height>
			<texture colordiffuse="77ffffff">black-back.png</texture>
			<include>VisibleFadeEffect</include>
			<visible>Window.IsActive(1103) | Window.IsActive(ShutdownMenu) | [!Window.IsVisible(Weather) + ControlGroup(9000).HasFocus] | Window.IsActive(DialogSelect.xml) | Window.IsActive(DialogAddonInfo.xml) | Window.IsActive(DialogAddonSettings.xml) | Window.IsActive(DialogConfirm.xml) | Window.IsActive(DialogContextMenu.xml) | Window.IsActive(DialogFavourites.xml) | Window.IsActive(DialogKeyboard.xml) | Window.IsActive(DialogMediaSource.xml) | Window.IsActive(DialogMusicInfo.xml) | Window.IsActive(DialogNumeric.xml) | Window.IsActive(DialogPictureInfo.xml) | Window.IsActive(DialogSettings.xml) | Window.IsActive(DialogTextViewer.xml) | Window.IsActive(DialogVideoInfo.xml) | Window.IsActive(FileBrowser.xml) | Window.IsActive(SmartPlaylistEditor.xml) | Window.IsActive(SmartPlaylistRule.xml) | Window.IsActive(script-RSS_Editor.xml)</visible>
		</control>
	</include>
	<include name="SortAscendingButton">
		<left>5</left>
		<label>$LOCALIZE[21429]: $LOCALIZE[21430]</label>
		<altlabel>$LOCALIZE[21429]: $LOCALIZE[21431]</altlabel>
		<alttexturefocus border="4,6,4,8">button-focus.png</alttexturefocus>
		<alttexturenofocus border="4,6,4,8">button-nofocus.png</alttexturenofocus>
		<include>ButtonCommonValues</include>
	</include>
	<include name="WeatherLabelCommonValues">
		<width>140</width>
		<height>30</height>
		<font>font13</font>
		<align>right</align>
		<aligny>center</aligny>
		<textcolor>grey2</textcolor>
		<shadowcolor>black</shadowcolor>
	</include>
	<include name="WeatherLabelValueCommonValues">
		<width>420</width>
		<height>30</height>
		<font>font13</font>
		<aligny>center</aligny>
		<textcolor>white</textcolor>
		<shadowcolor>black</shadowcolor>
	</include>
	<include name="WeatherButtonCommonValues">
		<width>43</width>
		<height>43</height>
		<aligny>center</aligny>
		<textoffsetx>70</textoffsetx>
		<textwidth>300</textwidth>
		<textcolor>white2</textcolor>
		<shadowcolor />
		<font>font30</font>
		<pulseonselect>no</pulseonselect>
		<onright>1</onright>
		<animation effect="slide" end="ButtonSlideBackDistance,0" time="ButtonSlideBackTime" reversible="false">focus</animation>
	</include>
	<include name="WeatherButtonHighlightCommonValues">
		<left>0</left>
		<top>0</top>
		<width>350</width>
		<height>505</height>
		<aspectratio>stretch</aspectratio>
	</include>
	<include name="WeatherCurrentIcon">
		<control type="image">
			<left>20</left>
			<top>40</top>
			<height>230</height>
			<width>230</width>
			<texture>$VAR[WeatherIconsAddonPathVar]$INFO[Window(Weather).Property(Current.FanartCode),,.png]</texture>
			<aspectratio>keep</aspectratio>
		</control>
	</include>
	<include name="WeatherAnimIcon">
		<aspectratio>keep</aspectratio>
		<timeperimage>100</timeperimage>
		<randomize>false</randomize>
		<fadetime>1</fadetime>
	</include>
	<include name="WeatherAnimCurrentIcon">
		<control type="multiimage">
			<left>20</left>
			<top>40</top>
			<height>230</height>
			<width>230</width>
			<imagepath>$VAR[WeatherIconsAddonPathVar]$INFO[Window(Weather).Property(Current.FanartCode)]</imagepath>
			<include>WeatherAnimIcon</include>
		</control>
	</include>
	<include name="WeatherForecastContent">
		<control type="label">
			<description>Day label</description>
			<width>420</width>
			<height>35</height>
			<font>font16</font>
			<info>Window(Weather).Property($PARAM[day].Title)</info>
			<aligny>center</aligny>
			<textcolor>white</textcolor>
			<shadowcolor>black</shadowcolor>
		</control>
		<control type="image">
			<left>440</left>
			<height>110</height>
			<width>110</width>
			<texture>$VAR[WeatherIconsAddonPathVar]$INFO[Window(Weather).Property($PARAM[day].FanartCode),,.png]</texture>
			<aspectratio align="right">keep</aspectratio>
			<visible>!Skin.HasSetting(WeatherIconsAddon.multi)</visible>
		</control>
		<control type="multiimage">
			<left>440</left>
			<height>110</height>
			<width>110</width>
			<aspectratio align="right">keep</aspectratio>
			<imagepath>$VAR[WeatherIconsAddonPathVar]$INFO[Window(Weather).Property($PARAM[day].FanartCode)]</imagepath>
			<include>WeatherAnimIcon</include>
			<visible>Skin.HasSetting(WeatherIconsAddon.multi)</visible>
		</control>
		<control type="label">
			<description>high label</description>
			<left>40</left>
			<top>40</top>
			<height>20</height>
			<font>font16</font>
			<aligny>center</aligny>
			<label>$LOCALIZE[393]:</label>
			<textcolor>grey2</textcolor>
			<visible>Weather.IsFetched</visible>
			<shadowcolor>black</shadowcolor>
		</control>
		<control type="label">
			<description>high value</description>
			<left>110</left>
			<top>40</top>
			<height>20</height>
			<label>$INFO[Window(Weather).Property($PARAM[day].HighTemp)]$INFO[System.TemperatureUnits]</label>
			<font>font16</font>
			<aligny>center</aligny>
			<textcolor>white</textcolor>
			<shadowcolor>black</shadowcolor>
		</control>
		<control type="label">
			<description>low label</description>
			<left>220</left>
			<top>40</top>
			<height>20</height>
			<font>font16</font>
			<aligny>center</aligny>
			<label>$LOCALIZE[391]:</label>
			<textcolor>grey2</textcolor>
			<visible>Weather.IsFetched</visible>
			<shadowcolor>black</shadowcolor>
		</control>
		<control type="label">
			<description>low value</description>
			<left>290</left>
			<top>40</top>
			<height>20</height>
			<label>$INFO[Window(Weather).Property($PARAM[day].LowTemp)]$INFO[System.TemperatureUnits]</label>
			<font>font16</font>
			<aligny>center</aligny>
			<textcolor>white</textcolor>
			<shadowcolor>black</shadowcolor>
		</control>
		<control type="label">
			<description>conditions label</description>
			<left>40</left>
			<top>75</top>
			<width>320</width>
			<height>20</height>
			<info>Window(Weather).Property($PARAM[day].Outlook)</info>
			<font>font13</font>
			<aligny>center</aligny>
			<textcolor>grey2</textcolor>
			<shadowcolor>black</shadowcolor>
		</control>
	</include>
	<include name="WeatherHourlyContent">
		<control type="label">
			<description>Hour label</description>
			<width>420</width>
			<height>35</height>
			<font>font16</font>
			<info>Window(Weather).Property(Hourly.$PARAM[value].Time)</info>
			<aligny>center</aligny>
			<textcolor>white</textcolor>
			<shadowcolor>black</shadowcolor>
		</control>
		<control type="image">
			<top>20</top>
			<left>205</left>
			<height>90</height>
			<width>90</width>
			<texture>$VAR[WeatherIconsAddonPathVar]$INFO[Window(Weather).Property(Hourly.$PARAM[value].FanartCode),,.png]</texture>
			<aspectratio align="right">keep</aspectratio>
			<visible>!Skin.HasSetting(WeatherIconsAddon.multi)</visible>
		</control>
		<control type="multiimage">
			<top>20</top>
			<left>205</left>
			<height>90</height>
			<width>90</width>
			<aspectratio align="right">keep</aspectratio>
			<imagepath>$VAR[WeatherIconsAddonPathVar]$INFO[Window(Weather).Property(Hourly.$PARAM[value].FanartCode)]</imagepath>
			<include>WeatherAnimIcon</include>
			<visible>Skin.HasSetting(WeatherIconsAddon.multi)</visible>
		</control>
		<control type="label">
			<description>temperature value</description>
			<left>40</left>
			<top>40</top>
			<height>20</height>
			<label>$INFO[Window(Weather).Property(Hourly.$PARAM[value].Temperature)]</label>
			<font>font16</font>
			<aligny>center</aligny>
			<textcolor>white</textcolor>
			<shadowcolor>black</shadowcolor>
		</control>
		<control type="label">
			<description>conditions label</description>
			<left>40</left>
			<top>75</top>
			<width>320</width>
			<height>20</height>
			<info>Window(Weather).Property(Hourly.$PARAM[value].Outlook)</info>
			<font>font13</font>
			<aligny>center</aligny>
			<textcolor>grey2</textcolor>
			<shadowcolor>black</shadowcolor>
		</control>
		<control type="label">
			<description>Precipitation label</description>
			<left>280</left>
			<top>40</top>
			<height>20</height>
			<width>150</width>
			<font>font12</font>
			<align>right</align>
			<aligny>center</aligny>
			<label>$LOCALIZE[33021]:</label>
			<textcolor>grey2</textcolor>
			<visible>Weather.IsFetched</visible>
			<shadowcolor>black</shadowcolor>
			<visible>!String.IsEmpty(Window(Weather).Property(Hourly.$PARAM[value].Precipitation))</visible>
		</control>
		<control type="label">
			<description>Precipitation value</description>
			<left>450</left>
			<top>40</top>
			<height>20</height>
			<label>$INFO[Window(Weather).Property(Hourly.$PARAM[value].Precipitation)]</label>
			<font>font12</font>
			<aligny>center</aligny>
			<textcolor>white</textcolor>
			<shadowcolor>black</shadowcolor>
			<visible>!String.IsEmpty(Window(Weather).Property(Hourly.$PARAM[value].Precipitation))</visible>
		</control>
		<control type="label">
			<description>Wind label</description>
			<left>280</left>
			<top>75</top>
			<height>20</height>
			<width>150</width>
			<font>font12</font>
			<align>right</align>
			<aligny>center</aligny>
			<label>$LOCALIZE[404]:</label>
			<textcolor>grey2</textcolor>
			<visible>Weather.IsFetched</visible>
			<shadowcolor>black</shadowcolor>
			<visible>![String.IsEmpty(Window(Weather).Property(Hourly.$PARAM[value].WindSpeed)) + String.IsEmpty(Window(Weather).Property(Hourly.$PARAM[value].WindDirection))]</visible>
		</control>
		<control type="label">
			<description>Wind value</description>
			<left>450</left>
			<top>75</top>
			<height>20</height>
			<label>$INFO[Window.Property(Hourly.$PARAM[value].WindSpeed)]$INFO[Window.Property(Hourly.$PARAM[value].WindDirection), ,]</label>
			<font>font12</font>
			<aligny>center</aligny>
			<textcolor>white</textcolor>
			<shadowcolor>black</shadowcolor>
			<visible>![String.IsEmpty(Window(Weather).Property(Hourly.$PARAM[value].WindSpeed)) + String.IsEmpty(Window(Weather).Property(Hourly.$PARAM[value].WindDirection))]</visible>
		</control>
	</include>
	<include name="SystemButtonCommonValues">
		<left>50</left>
		<width>40</width>
		<height>40</height>
		<aligny>center</aligny>
		<textoffsetx>70</textoffsetx>
		<textwidth>330</textwidth>
		<textcolor>white2</textcolor>
		<focusedcolor>black</focusedcolor>
		<shadowcolor />
		<font>font30</font>
		<pulseonselect>no</pulseonselect>
		<onleft>1</onleft>
		<onright>2</onright>
		<animation effect="slide" end="ButtonSlideBackDistance,0" time="ButtonSlideBackTime" reversible="false">focus</animation>
	</include>
	<include name="SystemButtonHighlightCommonValues">
		<left>0</left>
		<top>-1</top>
		<width>440</width>
		<height>472</height>
		<aspectratio>stretch</aspectratio>
	</include>
	<include name="HeaderTextCommons">
		<top>25</top>
		<width>800</width>
		<height>20</height>
		<align>left</align>
		<aligny>center</aligny>
		<font>font35</font>
		<textcolor>white</textcolor>
		<shadowcolor>black</shadowcolor>
		<include>VisibleFadeEffect</include>
		<animation effect="slide" end="70,0" condition="Control.IsVisible(9050) + !Skin.HasSetting(Blades_CenterLogoButton)">Conditional</animation>
		<visible>!Window.IsVisible(extendedprogressdialog)</visible>
	</include>
	<include name="DialogHeaderTextCommons">
		<top>20</top>
		<width>370</width>
		<height>30</height>
		<align>left</align>
		<aligny>center</aligny>
		<font>font35</font>
		<textcolor>white</textcolor>
		<shadowcolor>black</shadowcolor>
	</include>
	<include name="ClockTextCommons">
		<control type="label">
			<top>11</top>
			<left>$PARAM[left]</left>
			<width>380</width>
			<height>20</height>
			<align>right</align>
			<aligny>center</aligny>
			<font>font16</font>
			<textcolor>white</textcolor>
			<shadowcolor>black</shadowcolor>
			<label>$INFO[System.Time]</label>
			<visible>!Window.IsVisible(Seekbar)</visible>
			<include>VisibleFadeEffect</include>
		</control>
		<control type="label">
			<description>date label</description>
			<left>$PARAM[left]</left>
			<top>39</top>
			<width>380</width>
			<height>30</height>
			<align>right</align>
			<aligny>top</aligny>
			<font>font10</font>
			<textcolor>white2</textcolor>
			<shadowcolor>black</shadowcolor>
			<label>$INFO[System.Date]</label>
		</control>
	</include>
	<include name="ButtonCommonValues">
		<height>45</height>
		<width>210</width>
		<aligny>center</aligny>
		<font>font12</font>
		<textoffsetx>10</textoffsetx>
		<textcolor>white</textcolor>
		<shadowcolor>black</shadowcolor>
		<texturefocus border="4,6,4,8">button-focus.png</texturefocus>
		<texturenofocus />
	</include>
	<include name="InfoDialogButtonCommonValues">
		<height>50</height>
		<width>175</width>
		<align>center</align>
		<aligny>center</aligny>
		<font>font12</font>
		<textwidth>145</textwidth>
		<shadowcolor>black</shadowcolor>
		<texturefocus border="4,6,4,8">button-dialog-focus.png</texturefocus>
		<texturenofocus border="4,6,4,8">button-dialog-nofocus.png</texturenofocus>
	</include>
	<include name="DialogButtonCommonValues">
		<height>45</height>
		<font>font12</font>
		<texturefocus border="10">list-focus.png</texturefocus>
		<texturenofocus border="10">list-nofocus.png</texturenofocus>
	</include>
	<include name="DialogButton2CommonValues">
		<width>200</width>
		<height>45</height>
		<font>font12</font>
		<align>center</align>
		<aligny>center</aligny>
		<texturefocus border="10">button-dialog-focus.png</texturefocus>
		<texturenofocus border="10">button-dialog-nofocus.png</texturenofocus>
		<label />
	</include>
	<include name="SettingsButtonCommonValues">
		<height>45</height>
		<font>font13</font>
		<textoffsetx>10</textoffsetx>
		<texturefocus border="10">list-focus.png</texturefocus>
		<texturenofocus />
	</include>
	<include name="SkinSettingsButtonCommonValues">
		<height>45</height>
		<width>790</width>
		<font>font13</font>
		<texturefocus border="10">list-focus.png</texturefocus>
		<texturenofocus />
		<textoffsetx>10</textoffsetx>
		<pulseonselect>no</pulseonselect>
	</include>
	<include name="SkinSettingsRadioButtonCommonValues">
		<radioposx>750</radioposx>
		<include>SkinSettingsButtonCommonValues</include>
	</include>
	<include name="InfoDialogLabelTextCommons">
		<left>0</left>
		<width>140</width>
		<height>25</height>
		<align>right</align>
		<aligny>center</aligny>
		<font>font12</font>
		<textcolor>grey2</textcolor>
	</include>
	<include name="InfoDialogLabelValueCommons">
		<left>160</left>
		<width>540</width>
		<height>25</height>
		<align>left</align>
		<aligny>center</aligny>
		<font>font12</font>
		<scroll>true</scroll>
	</include>
	<include name="CommonPlayerControls">
		<control type="label">
			<description>Player Controls Label</description>
			<left>6</left>
			<top>365</top>
			<width>220</width>
			<height>20</height>
			<font>font12</font>
			<label>31203</label>
			<textcolor>orange</textcolor>
			<shadowcolor>black</shadowcolor>
			<align>left</align>
			<aligny>center</aligny>
			<visible>Player.HasMedia</visible>
			<include>VisibleFadeEffect</include>
		</control>
		<control type="group" id="">
			<left>-4</left>
			<top>395</top>
			<visible>Player.HasMedia</visible>
			<include>VisibleFadeEffect</include>
			<control type="button" id="600">
				<width>40</width>
				<height>40</height>
				<texturefocus>mediacontrol-skipback-focus.png</texturefocus>
				<texturenofocus>mediacontrol-skipback.png</texturenofocus>
				<onclick>PlayerControl(Previous)</onclick>
				<label />
				<onleft>50</onleft>
				<onright>601</onright>
				<onup>610</onup>
				<ondown>606</ondown>
			</control>
			<control type="button" id="601">
				<left>34</left>
				<width>40</width>
				<height>40</height>
				<texturefocus>mediacontrol-rewind-focus.png</texturefocus>
				<texturenofocus>mediacontrol-rewind.png</texturenofocus>
				<onclick>PlayerControl(Rewind)</onclick>
				<label />
				<onleft>600</onleft>
				<onright>602</onright>
				<onup>610</onup>
				<ondown>606</ondown>
			</control>
			<control type="button" id="602">
				<left>68</left>
				<width>40</width>
				<height>40</height>
				<texturefocus>mediacontrol-stop-focus.png</texturefocus>
				<texturenofocus>mediacontrol-stop.png</texturenofocus>
				<onclick>PlayerControl(Stop)</onclick>
				<label />
				<onleft>601</onleft>
				<onright>603</onright>
				<onup>610</onup>
				<ondown>606</ondown>
			</control>
			<control type="togglebutton" id="603">
				<left>102</left>
				<width>40</width>
				<height>40</height>
				<texturefocus>mediacontrol-pause-focus.png</texturefocus>
				<texturenofocus>mediacontrol-pause.png</texturenofocus>
				<alttexturefocus>mediacontrol-play-focus.png</alttexturefocus>
				<alttexturenofocus>mediacontrol-play.png</alttexturenofocus>
				<usealttexture>Player.Paused | Player.Forwarding | Player.Rewinding</usealttexture>
				<onclick>PlayerControl(Play)</onclick>
				<label />
				<onleft>602</onleft>
				<onright>604</onright>
				<onup>610</onup>
				<ondown>606</ondown>
			</control>
			<control type="button" id="604">
				<left>136</left>
				<width>40</width>
				<height>40</height>
				<texturefocus>mediacontrol-fastforward-focus.png</texturefocus>
				<texturenofocus>mediacontrol-fastforward.png</texturenofocus>
				<onclick>PlayerControl(Forward)</onclick>
				<label />
				<onleft>603</onleft>
				<onright>605</onright>
				<onup>610</onup>
				<ondown>606</ondown>
			</control>
			<control type="button" id="605">
				<left>170</left>
				<width>40</width>
				<height>40</height>
				<texturefocus>mediacontrol-skipforward-focus.png</texturefocus>
				<texturenofocus>mediacontrol-skipforward.png</texturenofocus>
				<onclick>PlayerControl(Next)</onclick>
				<label />
				<onleft>604</onleft>
				<onright>50</onright>
				<onup>610</onup>
				<ondown>606</ondown>
			</control>
			<control type="radiobutton" id="606">
				<description>Random</description>
				<left>-3</left>
				<top>36</top>
				<include>ButtonCommonValues</include>
				<label>590</label>
				<onclick>PlayerControl(Random)</onclick>
				<selected>Playlist.IsRandom</selected>
				<onleft>50</onleft>
				<onright>50</onright>
				<onup>603</onup>
				<ondown>611</ondown>
			</control>
		</control>
	</include>

	<include name="MediaInfoCard">
		<control type="group">
			<top>221</top>
			<left>515</left>
			<animation effect="slide" end="0,-30" condition="Integer.IsGreater(Container(9000).NumItems,5)">Conditional</animation>
			<include>VisibleFadeEffect</include>
			<visible>![Container(9000).HasFocus(4) | Container(9000).HasFocus(5) | Container(9000).HasFocus(7)]</visible>
			<control type="image">
				<width>34</width>
				<height>34</height>
				<texture>DefaultAddonInfoProvider.png</texture>
			</control>
			<control type="label">
				<top>4</top>
				<left>58</left>
				<width>342</width>
				<label>$VAR[MediaInfoLabel]</label>
				<font>font12</font>
				<textcolor>white2</textcolor>
				<shadowcolor>black</shadowcolor>
			</control>
		</control>
	</include>
	<include name="SystemCard">
		<control type="group">
			<top>300</top>
			<left>38</left>
			<control type="image">
				<description>Icon</description>
				<top>50</top>
				<width>80</width>
				<height>80</height>
				<aspectratio>keep</aspectratio>
				<texture>DefaultAddonInfoProvider.png</texture>
			</control>
			<control type="label">
				<description>IP Address Label</description>
				<left>90</left>
				<top>45</top>
				<height>30</height>
				<width>400</width>
				<label>$LOCALIZE[31308] $INFO[Network.IPAddress]</label>
				<align>left</align>
				<aligny>center</aligny>
				<font>font12</font>
				<textcolor>white2</textcolor>
				<shadowcolor>black</shadowcolor>
			</control>
			<control type="label">
				<description>CPU Label</description>
				<left>90</left>
				<top>75</top>
				<height>30</height>
				<width>400</width>
				<label>$LOCALIZE[158]: $INFO[System.FreeMemory]</label>
				<align>left</align>
				<aligny>center</aligny>
				<font>font12</font>
				<textcolor>white2</textcolor>
				<shadowcolor>black</shadowcolor>
			</control>
			<control type="label">
				<description>CPU Label</description>
				<left>90</left>
				<top>105</top>
				<height>30</height>
				<width>450</width>
				<label>Kodi: $INFO[System.BuildVersion]</label>
				<align>left</align>
				<aligny>center</aligny>
				<font>font10</font>
				<textcolor>grey2</textcolor>
				<shadowcolor>black</shadowcolor>
			</control>
		</control>
	</include>

	<include name="CommonRSSFeed">
		<control type="rss">
			<description>rss feed</description>
			<left>-50</left>
			<top>690</top>
			<width>1020</width>
			<font>font12</font>
			<urlset>1</urlset>
			<textcolor>grey</textcolor>
			<titlecolor>orange</titlecolor>
			<headlinecolor>grey2</headlinecolor>
		</control>
	</include>
	
	<include name="HomeWidget">
		<control type="group">
			<visible>$PARAM[visible]</visible>
			<animation effect="fade" time="HomeVisibleFadeAnimationSpeed">VisibleChange</animation>
			<top>285</top>
			<left>$PARAM[left]</left>
			<control type="label">
				<description>Header</description>
				<width>212</width>
				<height>30</height>
				<align>center</align>
				<aligny>center</aligny>
				<font>font12</font>
				<textcolor>grey</textcolor>
				<label>$PARAM[label]</label>
				<visible>!Control.HasFocus($PARAM[id])</visible>
			</control>
			<control type="label">
				<description>Header</description>
				<width>212</width>
				<height>30</height>
				<align>center</align>
				<aligny>center</aligny>
				<font>font12</font>
				<textcolor>white</textcolor>
				<label>$PARAM[label]</label>
				<visible>Control.HasFocus($PARAM[id])</visible>
			</control>
			<control type="image">
				<left>5</left>
				<top>33</top>
				<width>202</width>
				<height>164</height>
				<aspectratio>keep</aspectratio>
				<texture background="true">$PARAM[thumb]</texture>
				<bordertexture border="19,3,19,3">thumb-border.png</bordertexture>
				<bordersize>18,2,18,2</bordersize>
				<fadetime>200</fadetime>
				<visible>!Control.HasFocus($PARAM[id])</visible>
			</control>
			<control type="image">
				<left>5</left>
				<top>33</top>
				<width>202</width>
				<height>164</height>
				<aspectratio>keep</aspectratio>
				<texture background="true">$PARAM[thumb]</texture>
				<bordertexture border="19,3,19,3">thumb-border-focus.png</bordertexture>
				<bordersize>18,2,18,2</bordersize>
				<fadetime>200</fadetime>
				<visible>Control.HasFocus($PARAM[id])</visible>
			</control>
			<control type="label">
				<left>15</left>
				<top>198</top>
				<width>182</width>
				<font>font10</font>
				<textcolor>white</textcolor>
				<align>center</align>
				<label>$INFO[Container($PARAM[id]).ListItem.Label]</label>
				<visible>!Control.HasFocus($PARAM[id])</visible>
			</control>
			<control type="label">
				<left>15</left>
				<top>198</top>
				<width>182</width>
				<font>font10</font>
				<textcolor>orange</textcolor>
				<align>center</align>
				<scroll>true</scroll>
				<label>$INFO[Container($PARAM[id]).ListItem.Label]</label>
				<visible>Control.HasFocus($PARAM[id])</visible>
			</control>
			<control type="list" id="$PARAM[id]">
				<left>2000</left>
				<onleft>$PARAM[onleft]</onleft>
				<onright>$PARAM[onright]</onright>
				<onup>9000</onup>
				<scrolltime>300</scrolltime>
				<autoscroll time="5000" delay="5000" repeat="10000">true</autoscroll>
				<onclick condition="Container(9000).HasFocus(6)">PlayMedia($INFO[ListItem.FolderPath],isdir)</onclick>
				<visible>Integer.IsGreater(Container($PARAM[id]).NumItems,0) | Container($PARAM[id]).IsUpdating</visible>
				<itemlayout />
				<focusedlayout />
				<content target="$PARAM[target]" sortby="$PARAM[sortby]" limit="20" sortorder="descending">$PARAM[content]</content>
			</control>
		</control>
	</include>

	<include name="AllViewCommonPageControls">
		<control type="grouplist">
			<right>66</right>
			<bottom>83</bottom>
			<align>right</align>
			<width>575</width>
			<height>32</height>
			<orientation>horizontal</orientation>
			<itemgap>10</itemgap>
			<animation effect="fade" delay="500" time="HomeVisibleFadeAnimationSpeed">WindowOpen</animation>
			<animation effect="fade" start="0" end="0" time="0">WindowClose</animation>
			<animation effect="slide" start="0,0" end="-100,0" time="200" condition="Player.HasAudio">Conditional</animation>
			<animation effect="slide" start="0,0" end="-100,0" time="200" condition="Player.HasVideo + VideoPlayer.Content(Movies)">Conditional</animation>
			<animation effect="slide" start="0,0" end="-160,0" time="200" condition="Player.HasVideo + !VideoPlayer.Content(Movies)">Conditional</animation>
			<control type="label">
				<description>Page Count Label NoFocus</description>
				<width>500</width>
				<height>32</height>
				<font>font12</font>
				<textcolor>grey2</textcolor>
				<scroll>false</scroll>
				<align>right</align>
				<aligny>center</aligny>
				<label>$INFO[Container.NumItems] $LOCALIZE[31200] - $LOCALIZE[31201] $INFO[Container.CurrentPage]/$INFO[Container.NumPages]</label>
				<visible>!Control.HasFocus(60)</visible>
			</control>
			<control type="label">
				<description>Page Count Label Focus</description>
				<width>500</width>
				<height>32</height>
				<font>font12</font>
				<textcolor>orange</textcolor>
				<scroll>false</scroll>
				<align>right</align>
				<aligny>center</aligny>
				<label>$INFO[Container.NumItems] $LOCALIZE[31200] - $LOCALIZE[31201] $INFO[Container.CurrentPage]/$INFO[Container.NumPages]</label>
				<visible>Control.HasFocus(60)</visible>
			</control>
			<control type="spincontrol" id="60">
				<description>Next page button</description>
				<subtype>page</subtype>
				<font />
				<onleft>50</onleft>
				<onright>9000</onright>
				<ondown>60</ondown>
				<onup>50</onup>
				<textcolor>red</textcolor>
				<showonepage>true</showonepage>
			</control>
		</control>
	</include>
	<include name="Window_OpenClose_Animation">
		<animation effect="fade" time="200">WindowOpen</animation>
		<animation effect="fade" time="200">WindowClose</animation>
	</include>
	<include name="dialogeffect">
		<animation effect="fade" time="200">WindowOpen</animation>
		<animation effect="fade" time="200">WindowClose</animation>
	</include>
	<include name="VisibleFadeEffect">
		<animation effect="fade" time="200">VisibleChange</animation>
	</include>
	<include name="Common_Now_Playing">
		<control type="group">
			<animation effect="fade" delay="500" time="HomeVisibleFadeAnimationSpeed" condition="Window.Previous(FullscreenVideo) | Window.Previous(Visualisation)">WindowOpen</animation>
			<control type="group">
				<visible>Player.HasVideo + VideoPlayer.Content(Movies)</visible>
				<include>VisibleFadeEffect</include>
				<control type="image">
					<description>Background for Cover</description>
					<left>300r</left>
					<top>300r</top>
					<width>300</width>
					<height>300</height>
					<texture flipy="true">shadowtopcorner.png</texture>
				</control>
				<control type="image">
					<description>Poster Cover</description>
					<left>160r</left>
					<top>190r</top>
					<width>157</width>
					<height>175</height>
					<texture>$VAR[PlayerPosterVar]</texture>
					<bordertexture border="19,3,19,3">thumb-border.png</bordertexture>
					<bordersize>17,1,17,1</bordersize>
				</control>
				<control type="group">
					<left>680</left>
					<top>76r</top>
					<control type="image">
						<description>Background Image for Menu</description>
						<top>-13</top>
						<width>440</width>
						<height>79</height>
						<texture border="20,20,20,30">Dialog2.png</texture>
					</control>
					<control type="image">
						<description>Background Image for Menu</description>
						<left>20</left>
						<top>5</top>
						<width>35</width>
						<height>35</height>
						<aspectratio>keep</aspectratio>
						<texture>button_icons/icon-videos.png</texture>
					</control>
					<control type="fadelabel">
						<description>Now Playing title</description>
						<left>60</left>
						<width>355</width>
						<height>20</height>
						<align>right</align>
						<aligny>center</aligny>
						<textcolor>orange</textcolor>
						<shadowcolor>black</shadowcolor>
						<label>$INFO[VideoPlayer.Title]</label>
						<font>font10</font> 
						<scrollout>false</scrollout> 
						<pauseatend>1000</pauseatend> 
					</control>
					<control type="fadelabel">
						<description>Now Playing Studio</description>
						<left>60</left>
						<top>20</top>
						<width>345</width>
						<height>20</height>
						<align>right</align>
						<aligny>center</aligny>
						<textcolor>orange</textcolor>
						<shadowcolor>black</shadowcolor>
						<label>$INFO[VideoPlayer.Studio]</label>
						<font>font10</font> 
						<scrollout>false</scrollout> 
						<pauseatend>1000</pauseatend> 
					</control>
				</control>
			</control>
			<control type="group">
				<visible>Player.HasVideo + !VideoPlayer.Content(Movies)</visible>
				<include>VisibleFadeEffect</include>
				<control type="image">
					<description>Background for Cover</description>
					<left>300r</left>
					<top>300r</top>
					<width>300</width>
					<height>300</height>
					<texture flipy="true">shadowtopcorner.png</texture>
				</control>
				<control type="image">
					<description>Video Cover</description>
					<left>230r</left>
					<top>145r</top>
					<width>230</width>
					<height>135</height>
					<aspectratio>keep</aspectratio>
					<texture>$VAR[PlayerPosterVar]</texture>
					<bordertexture border="19,3,19,3">thumb-border.png</bordertexture>
					<bordersize>17,1,17,1</bordersize>
				</control>
				<control type="group">
					<left>620</left>
					<top>76r</top>
					<control type="image">
						<description>Background Image for Menu</description>
						<top>-13</top>
						<width>440</width>
						<height>79</height>
						<texture border="20,20,20,30">Dialog2.png</texture>
					</control>
					<control type="image">
						<description>Background Image for Menu</description>
						<left>20</left>
						<top>2</top>
						<width>35</width>
						<height>35</height>
						<texture>button_icons/icon-videos.png</texture>
					</control>
					<control type="fadelabel">
						<description>Now Playing title</description>
						<left>60</left>
						<width>355</width>
						<height>20</height>
						<align>right</align>
						<aligny>center</aligny>
						<textcolor>orange</textcolor>
						<shadowcolor>black</shadowcolor>
						<label>$INFO[VideoPlayer.Season,,x]$INFO[VideoPlayer.Episode,, - ]$INFO[VideoPlayer.Title]</label>
						<font>font10</font> 
						<scrollout>false</scrollout> 
						<pauseatend>1000</pauseatend> 
					</control>
					<control type="fadelabel">
						<description>Now Playing TVShow</description>
						<left>60</left>
						<top>20</top>
						<width>345</width>
						<height>20</height>
						<align>right</align>
						<aligny>center</aligny>
						<textcolor>orange</textcolor>
						<shadowcolor>black</shadowcolor>
						<label>$INFO[VideoPlayer.TVShowTitle]</label>
						<font>font10</font> 
						<scrollout>false</scrollout> 
						<pauseatend>1000</pauseatend> 
					</control>
				</control>
			</control>
			<control type="group">
				<visible>Player.HasAudio</visible>
				<include>VisibleFadeEffect</include>
				<control type="image">
					<description>Background for Cover</description>
					<left>300r</left>
					<top>300r</top>
					<width>300</width>
					<height>300</height>
					<texture flipy="true">shadowtopcorner.png</texture>
				</control>
				<control type="image">
					<description>Music Cover</description>
					<left>137r</left>
					<top>135r</top>
					<width>112</width>
					<height>120</height>
					<texture>$INFO[MusicPlayer.Cover]</texture>
				</control>
				<control type="image">
					<description>Music Cover Case Overlay</description>
					<left>160r</left>
					<top>143r</top>
					<width>145</width>
					<height>140</height>
					<texture>music-overlay-cdcase.png</texture>
				</control>
				<control type="group">
					<left>680</left>
					<top>76r</top>
					<control type="image">
						<description>Background Image for Menu</description>
						<top>-13</top>
						<width>440</width>
						<height>79</height>
						<texture border="20,20,20,30">Dialog2.png</texture>
					</control>
					<control type="image">
						<description>Background Image for Menu</description>
						<left>20</left>
						<top>5</top>
						<width>35</width>
						<height>35</height>
						<aspectratio>keep</aspectratio>
						<texture>button_icons/icon-music.png</texture>
					</control>
					<control type="fadelabel">
						<description>Now Playing Artist Album</description>
						<left>60</left>
						<width>355</width>
						<height>20</height>
						<align>right</align>
						<aligny>center</aligny>
						<textcolor>orange</textcolor>
						<shadowcolor>black</shadowcolor>
						<label>$INFO[MusicPlayer.Artist]$INFO[MusicPlayer.Album, - ]</label>
						<font>font10</font> 
						<scrollout>false</scrollout> 
						<pauseatend>1000</pauseatend> 
					</control>
					<control type="fadelabel">
						<description>Now Playing title</description>
						<left>60</left>
						<top>20</top>
						<width>345</width>
						<height>20</height>
						<align>right</align>
						<aligny>center</aligny>
						<textcolor>orange</textcolor>
						<shadowcolor>black</shadowcolor>
						<label>$INFO[MusicPlayer.Title]</label>
						<font>font10</font> 
						<scrollout>false</scrollout> 
						<pauseatend>1000</pauseatend> 
					</control>
				</control>
			</control>
		</control>
	</include>
	
	<include name="KeyboardButton">
		<width>50</width>
		<height>50</height>
		<texturenofocus border="12">keyboard-nofocus.png</texturenofocus>
		<texturefocus border="12">keyboard-focus.png</texturefocus>
		<align>center</align>
		<aligny>center</aligny>
		<font>font12</font>
	</include>
	<include name="KeyboardButtonBig">
		<width>60</width>
		<height>60</height>
		<texturenofocus border="12">keyboard-nofocus.png</texturenofocus>
		<texturefocus border="12">keyboard-focus.png</texturefocus>
		<align>center</align>
		<aligny>center</aligny>
		<font>font12</font>
	</include>
	
	<include name="DialogPlayerProcessInfoLabel">
		<font>font8</font>
		<width>140</width>
		<textcolor>grey2</textcolor>
	</include>
	<include name="DialogPlayerProcessInfoLabelValue">
		<left>150</left>
		<font>font8</font>
		<width>210</width>
		<textcolor>white</textcolor>
	</include>
	
	<include name="CodecFlaggingImage">
		<control type="group">
			<visible>$PARAM[visible]</visible>
			<animation effect="fade" end="80" condition="true">Conditional</animation>
			<width>80</width>
			<control type="image">
				<width>80</width>
				<height>35</height>
				<texture>flagging/blank.png</texture>
			</control>
			<control type="label">
				<left>10</left>
				<width>60</width>
				<height>35</height>
				<align>center</align>
				<aligny>center</aligny>
				<font>codecflagging</font>
				<textcolor>white</textcolor>
				<label>$PARAM[info]</label>
			</control>
		</control>
	</include>
	<include name="CodecFlaggingSmallImage">
		<control type="group">
			<visible>$PARAM[visible]</visible>
			<animation effect="fade" end="80" condition="true">Conditional</animation>
			<width>80</width>
			<control type="image">
				<width>80</width>
				<height>35</height>
				<texture>flagging/blank.png</texture>
			</control>
			<control type="label">
				<left>10</left>
				<width>60</width>
				<height>35</height>
				<align>center</align>
				<aligny>center</aligny>
				<font>codecflagging_small</font>
				<textcolor>white</textcolor>
				<label>$PARAM[info]</label>
			</control>
		</control>
	</include>
	
	<include name="CodecFlaggingRating">
		<control type="group">
			<visible>$PARAM[visible]</visible>
			<width>100</width>
			<control type="image">
				<description>Rating back</description>
				<width>100</width>
				<height>35</height>
				<texture>flagging/blank.png</texture>
				<animation effect="fade" end="80" condition="true">Conditional</animation>
			</control>
			<control type="image">
				<description>Rating</description>
				<left>7</left>
				<top>5</top>
				<width>86</width>
				<height>25</height>
				<aspectratio>keep</aspectratio>
				<texture>$PARAM[info]</texture>
			</control>
		</control>
	</include>
	
	<include name="FullscreenMusicInfo">
		<control type="image">
			<top>-150</top>
			<left>-2</left>
			<width>1284</width>
			<height>256</height>
			<texture flipy="true" border="5">FullscreenNowPlayingBack.png</texture>
		</control>
		<control type="label">
			<description>Partymode Header label</description>
			<left>30</left>
			<top>5</top>
			<width>800</width>
			<height>25</height>
			<align>left</align>
			<aligny>center</aligny>
			<font>font13</font>
			<textcolor>white</textcolor>
			<shadowcolor>black</shadowcolor>
			<label>$LOCALIZE[589]</label>
			<visible>MusicPartyMode.Enabled</visible>
		</control>
		<control type="label">
			<description>Normal Header label</description>
			<left>30</left>
			<top>5</top>
			<width>800</width>
			<height>25</height>
			<align>left</align>
			<aligny>center</aligny>
			<font>font13</font>
			<textcolor>white</textcolor>
			<shadowcolor>black</shadowcolor>
			<label>$INFO[musicplayer.Playlistposition,$LOCALIZE[554]: ]$INFO[musicplayer.Playlistlength, / ]</label>
			<visible>!MusicPartyMode.Enabled</visible>
		</control>
		<control type="label">
			<description>Clock label</description>
			<left>30</left>
			<top>35</top>
			<width>600</width>
			<height>25</height>
			<aligny>center</aligny>
			<font>font13</font>
			<textcolor>white</textcolor>
			<shadowcolor>black</shadowcolor>
			<label>$INFO[System.Time]</label>
		</control>
		<control type="image">
			<top>230r</top>
			<left>-2</left>
			<width>1284</width>
			<height>230</height>
			<texture border="5">FullscreenNowPlayingBack.png</texture>
		</control>
		<control type="image">
			<description>cover image</description>
			<left>20</left>
			<top>250r</top>
			<width>300</width>
			<height>230</height>
			<texture>$VAR[MusicVisualisationCover]</texture>
			<aspectratio aligny="bottom">keep</aspectratio>
			<bordertexture border="19,3,19,3">thumb-border.png</bordertexture>
			<bordersize>17,1,17,1</bordersize>
		</control>
		<control type="group">
			<left>330</left>
			<top>175r</top>
			<control type="label" id="1">
				<description>Heading label</description>
				<width>910</width>
				<height>25</height>
				<align>left</align>
				<font>font13</font>
				<label>$LOCALIZE[31235]</label>
				<textcolor>white</textcolor>
				<shadowcolor>black</shadowcolor>
			</control>
			<control type="label" id="1">
				<description>Artist label</description>
				<left>20</left>
				<top>30</top>
				<width>910</width>
				<height>25</height>
				<align>left</align>
				<font>font12</font>
				<label>$INFO[MusicPlayer.Artist]$INFO[MusicPlayer.Album, - ]</label>
				<textcolor>grey2</textcolor>
				<shadowcolor>black</shadowcolor>
			</control>
			<control type="grouplist">
				<left>20</left>
				<top>60</top>
				<width>910</width>
				<height>35</height>
				<itemgap>5</itemgap>
				<orientation>horizontal</orientation>
				<control type="label">
					<width min="10" max="710">auto</width>
					<height>30</height>
					<font>font30</font>
					<align>left</align>
					<aligny>center</aligny>
					<label>$INFO[MusicPlayer.Title]</label>
					<textcolor>orange</textcolor>
					<scroll>true</scroll>
				</control>
				<control type="image">
					<description>Audio Codec Image</description>
					<width>80</width>
					<height>35</height>
					<aspectratio align="right">keep</aspectratio>
					<texture>$INFO[MusicPlayer.Codec,flagging/audiocodec/,.png]</texture>
				</control>
				<control type="image">
					<description>Audio Channels Image</description>
					<width>80</width>
					<height>35</height>
					<aspectratio align="right">keep</aspectratio>
					<texture>$INFO[MusicPlayer.Channels,flagging/audiochannel/,.png]</texture>
				</control>
				<include content="CodecFlaggingImage">
					<param name="visible" value="!String.IsEmpty(MusicPlayer.Bitrate)" />
					<param name="info" value="$INFO[MusicPlayer.Bitrate,, kbps]" />
				</include>
				<include content="CodecFlaggingImage">
					<param name="visible" value="!String.IsEmpty(MusicPlayer.BitsPerSample)" />
					<param name="info" value="$INFO[MusicPlayer.BitsPerSample,, bit]" />
				</include>
				<include content="CodecFlaggingSmallImage">
					<param name="visible" value="!String.IsEmpty(MusicPlayer.SampleRate)" />
					<param name="info" value="$INFO[MusicPlayer.SampleRate,, kHz]" />
				</include>
				<include content="CodecFlaggingRating">
					<param name="visible" value="!String.IsEmpty(MusicPlayer.Rating)" />
					<param name="info" value="$VAR[PlayerStarRating]" />
				</include>
			</control>
			<control type="label">
				<top>120</top>
				<width>910</width>
				<height>25</height>
				<label>$LOCALIZE[209]: $INFO[MusicPlayer.offset(1).Artist,, - ]$INFO[MusicPlayer.offset(1).Title]</label>
				<align>center</align>
				<aligny>center</aligny>
				<font>font10</font>
				<textcolor>grey</textcolor>
				<scroll>true</scroll>
				<visible>MusicPlayer.HasNext + !Window.IsVisible(MusicOSD)</visible>
				<animation effect="fade" time="200">VisibleChange</animation>
			</control>
		</control>
		<control type="group">
			<left>330</left>
			<top>85r</top>
			<control type="label">
				<width>100</width>
				<height>40</height>
				<font>font13</font>
				<align>left</align>
				<aligny>center</aligny>
				<label>$INFO[Player.Time(hh:mm:ss)]</label>
			</control>
			<control type="progress">
				<description>Progressbar</description>
				<left>100</left>
				<top>17</top>
				<width>720</width>
				<height>12</height>
				<info>Player.Progress</info>
				<texturebg border="6,0,6,0">progress_back_2.png</texturebg>
			</control>
			<control type="label">
				<left>820</left>
				<width>100</width>
				<height>40</height>
				<font>font13</font>
				<align>right</align>
				<aligny>center</aligny>
				<label>$INFO[Player.Duration(hh:mm:ss)]</label>
			</control>
			<control type="label">
				<left>100</left>
				<top>50</top>
				<width>720</width>
				<height>40</height>
				<font>font13</font>
				<align>center</align>
				<aligny>center</aligny>
				<label>$INFO[Player.SeekNumeric(hh:mm:ss)]</label>
				<visible>!String.IsEmpty(Player.SeekNumeric)</visible>
			</control>
		</control>
	</include>
	
	<include name="MovieSetContainer">
		<control type="list" id="3650">
			<left>2000</left>
			<visible>String.Contains(Container.FolderPath,://movies/)</visible>
			<itemlayout />
			<focusedlayout />
			<content sortby="year" sortorder="ascending">$INFO[ListItem.Folderpath]</content>
		</control>
	</include>
</includes>
