<?xml version="1.0" encoding="UTF-8"?>
<window>
	<controls>
		<control type="visualisation">
			<description>visualisation</description>
			<left>0</left>
			<top>0</top>
			<width>1280</width>
			<height>720</height>
		</control>
		<control type="image">
			<description>Background Fanart</description>
			<width>1280</width>
			<height>720</height>
			<texture background="true">$INFO[Player.Art(fanart)]</texture>
			<visible>!Skin.HasSetting(Back_Fanart) + !Skin.HasSetting(DontBlendBackground)</visible>
			<animation effect="fade" end="50" condition="true">Conditional</animation>
		</control>
		<!-- media infos -->
		<control type="group">
			<animation effect="fade" time="200">VisibleChange</animation>
			<visible>[Player.ShowInfo | Window.IsActive(MusicOSD) | !String.IsEmpty(Player.SeekNumeric)] + ![Window.IsVisible(AddonSettings) | Window.IsVisible(SelectDialog) | Window.IsVisible(VisualisationPresetList)]</visible>
			<include>FullscreenMusicInfo</include>
		</control>
	</controls>
</window>