<?xml version="1.0" encoding="UTF-8"?>
<window>
	<defaultcontrol always="true">50</defaultcontrol>
	<menucontrol>9000</menucontrol>
	<views>50,52,55</views>
	<controls>
		<include>CommonMediaBackgrounds</include>
		<control type="group">
			<left>130</left>
			<animation effect="fade" delay="500" time="HomeVisibleFadeAnimationSpeed">WindowOpen</animation>
			<animation effect="fade" start="0" end="0" time="0">WindowClose</animation>
			<control type="label">
				<description>Header label</description>
				<label>$LOCALIZE[2][COLOR=grey2]$VAR[SortLetterNotificationVar][/COLOR]</label>
				<include>HeaderTextCommons</include>
			</control>
			<control type="group">
				<top>110</top>
				<include>ListViewCommons</include> <!-- View ID 50 -->
				<include>ThumbnailView</include> <!-- View ID 52 -->
				<include>ThumbnailInfoView</include> <!-- View ID 55 -->
			</control>
			<control type="grouplist">
				<description>Media Codec Flagging Images</description>
				<left>-20</left>
				<top>120r</top>
				<width>620</width>
				<itemgap>5</itemgap>
				<orientation>horizontal</orientation>
				<include>AudioTypeHackFlaggingConditions</include>
			</control>
		</control>
		<include>BackgroundDim</include>
		<control type="group" id="9000">
			<include>Container9000BladesRunner</include>
			<control type="grouplist">
				<include>Container9000Header</include>
				<control type="button" id="2">
					<description>View As button</description>
					<include>ButtonCommonValues</include>
				</control>
				<control type="button" id="3">
					<description>Sort by button</description>
					<left>2</left>
					<include>ButtonCommonValues</include>
				</control>
				<control type="togglebutton" id="4">
					<description>Sort asc</description>
					<include>SortAscendingButton</include>
				</control>
				<control type="edit" id="8">
					<description>Search</description>
					<left>7</left>
					<label>137</label>
					<include>ButtonCommonValues</include>
				</control>
				<control type="radiobutton" id="19">
					<description>Filter</description>
					<left>9</left>
					<label>587</label>
					<include>ButtonCommonValues</include>
					<selected>Container.Filtered</selected>
					<visible>Container.CanFilter + !Container.CanFilterAdvanced</visible>
				</control>
				<control type="radiobutton" id="9001">
					<description>Filter Advanced</description>
					<left>9</left>
					<label>587</label>
					<include>ButtonCommonValues</include>
					<onclick>Filter</onclick>
					<selected>Container.Filtered</selected>
					<visible>Container.CanFilterAdvanced</visible>
				</control>
				<control type="togglebutton" id="20">
					<description>Update library</description>
					<left>8</left>
					<include>ButtonCommonValues</include>
					<label>$LOCALIZE[653]</label>
					<altlabel>$LOCALIZE[13353]</altlabel>
					<alttexturefocus border="4,6,4,8">button-focus.png</alttexturefocus>
					<alttexturenofocus border="4,6,4,8">button-nofocus.png</alttexturenofocus>
					<usealttexture>library.isscanningmmusic</usealttexture>
					<ondown>16</ondown>
				</control>
				<control type="radiobutton" id="16">
					<description>Partymode</description>
					<left>7</left>
					<label>589</label>
					<include>ButtonCommonValues</include>
				</control>
				<control type="button" id="610">
					<description>Fake Button to fix Player Controls Navigation</description>
					<onup>16</onup>
					<ondown>603</ondown>
					<visible>false</visible>
				</control>
				<control type="button" id="611">
					<description>Fake Button to fix Player Controls Navigation</description>
					<onup>606</onup>
					<ondown>2</ondown>
					<visible>false</visible>
				</control>
				<include>CommonPlayerControls</include>
			</control>
		</control>
		<include>AllViewCommonPageControls</include>
		<control type="group">
			<include>MediaToSubBlades</include>
		</control>
		<include>Common_Now_Playing</include>
	</controls>
</window>