<?xml version="1.0" encoding="UTF-8"?>
<window id="2003">
	<defaultcontrol always="true">987</defaultcontrol>
	<allowoverlay>no</allowoverlay>
	<onload condition="System.HasAddon(script.videoextras)">RunScript(script.videoextras,check,"$INFO[ListItem.FilenameAndPath]")</onload>
	<onunload condition="!IsEmpty(Skin.String(VideoInfoMenubar))">Skin.Reset(VideoInfoMenubar)</onunload>
	<include>ControlsOpenCloseAnim</include>
	
	<controls>
		<control type="group">
			<include>BackgroundVideoFanart</include>
			<include condition="!Skin.HasSetting(DisableVideoPlayingBG) + !Skin.HasSetting(PlayTrailerWindowed)">BackgroundVideoPlaying</include>
			<include>FSMediaInfoBackgroundDim2</include>
		</control>
		
		<control type="group">
			<visible>![Window.IsActive(script-ExtendedInfo Script-DialogInfo.xml) | Window.IsActive(script-ExtendedInfo Script-DialogVideoInfo.xml)]</visible>
			<control type="group">		
				<left>100</left>
				<top>143</top>
				
				<control type="image">
					<description>TV Shows Poster / Movies / Music Videos / Episodes Default Cover Image Background</description>
					<width>336</width>
					<height>500</height>
					<texture border="4">covers/cover-case2.png</texture>
					<aspectratio>stretch</aspectratio>
					<visible>[IsEmpty(ListItem.Thumb) + Container.Content(Movies)] | [Container.Content(TVShows) + Skin.HasSetting(UseTVShowsPosterCover) + IsEmpty(ListItem.Art(poster))]</visible>
					<animation effect="fade" end="70" condition="true">Conditional</animation>
				</control>
				
				<control type="image">
					<description>TV Shows Poster / Movies / Music Videos / Episodes Default Cover Image</description>
					<width>336</width>
					<height>500</height>
					<texture>DefaultVideo.png</texture>
					<bordersize>60</bordersize>
					<aspectratio>keep</aspectratio>
					<visible>[IsEmpty(ListItem.Thumb) + Container.Content(Movies)] | [Container.Content(TVShows) + Skin.HasSetting(UseTVShowsPosterCover) + IsEmpty(ListItem.Art(poster))]</visible>
					<animation effect="fade" end="85" condition="true">Conditional</animation>
				</control>
				
				<control type="image">
					<description>Movies / TV Show Poster Cover Image</description>
					<width>336</width>
					<height>500</height>
					<texture>$VAR[PosterThumb]</texture>
					<bordertexture border="4">covers/cover-case2.png</bordertexture>
					<bordersize>4</bordersize>
					<aspectratio>stretch</aspectratio>
					<include>FSMediaInfoOpenCloseAnim</include>
					<visible>![Control.HasFocus(50) + !IsEmpty(Container(50).ListItem.Thumb) + !System.HasAddon(script.extendedinfo)] + [Container.Content(Movies) | [Container.Content(TVShows) + Skin.HasSetting(UseTVShowsPosterCover)]]</visible>
				</control>
				
				<control type="image">
					<description>Movies / TV Show Poster Actor Image</description>
					<width>336</width>
					<height>500</height>
					<texture>$INFO[Container(50).ListItem.Thumb]</texture>
					<bordertexture border="4">covers/cover-case2.png</bordertexture>
					<bordersize>4</bordersize>
					<aspectratio align="center" aligny="center">scale</aspectratio>
					<fadetime>IconCrossfadeTime</fadetime>
					<include>FSMediaInfoOpenCloseAnim</include>
					<visible>Control.HasFocus(50) + !IsEmpty(Container(50).ListItem.Thumb) + [Container.Content(Movies) | [Container.Content(TVShows) + Skin.HasSetting(UseTVShowsPosterCover)]] + !System.HasAddon(script.extendedinfo)</visible>
				</control>
				
				<control type="image">
					<description>Music Videos / Episodes Cover Image</description>
					<top>-5</top>
					<left>-40</left>
					<width>416</width>
					<height>314</height>
					<info>ListItem.Icon</info>
					<bordertexture border="4">covers/cover-case2.png</bordertexture>
					<bordersize>4</bordersize>
					<include>FSMediaInfoOpenCloseAnim</include>
					<aspectratio align="center" aligny="bottom">keep</aspectratio>
					<animation effect="fade" end="80" condition="IsEmpty(ListItem.Thumb)">Conditional</animation>
					<visible>![Control.HasFocus(50) + !IsEmpty(Container(50).ListItem.Thumb) + !System.HasAddon(script.extendedinfo)] + [Container.Content(MusicVideos) | Container.Content(Episodes)]</visible>
				</control>
				
				<control type="image">
					<description>Music Videos / Episodes Actor Image</description>
					<top>-5</top>
					<left>-40</left>
					<width>416</width>
					<height>314</height>
					<info>Container(50).ListItem.Thumb</info>
					<bordertexture border="4">covers/cover-case2.png</bordertexture>
					<bordersize>4</bordersize>
					<aspectratio align="center" aligny="bottom">keep</aspectratio>
					<fadetime>IconCrossfadeTime</fadetime>
					<include>FSMediaInfoOpenCloseAnim</include>
					<visible>Control.HasFocus(50) + !IsEmpty(Container(50).ListItem.Thumb) + [Container.Content(MusicVideos) | Container.Content(Episodes)] + !System.HasAddon(script.extendedinfo)</visible>
				</control>
				
				<control type="image">
					<description>TV Shows Banner Cover Image</description>
					<top>-35</top>
					<left>97</left>
					<width>886</width>
					<height>170</height>
					<texture>$INFO[ListItem.Art(banner)]</texture>
					<bordertexture border="4">covers/cover-case2.png</bordertexture>
					<bordersize>4</bordersize>
					<aspectratio align="left" aligny="top">stretch</aspectratio>
					<visible>Container.Content(TVShows) + !Skin.HasSetting(UseTVShowsPosterCover) + !IsEmpty(ListItem.Art(banner))</visible>
				</control>
				
				<control type="image">
					<description>TV Shows Banner Default Cover Image Background</description>
					<top>-35</top>
					<left>97</left>
					<width>886</width>
					<height>170</height>
					<texture border="4">covers/cover-case2.png</texture>
					<aspectratio align="left" aligny="top">stretch</aspectratio>
					<animation effect="fade" end="70" condition="true">Conditional</animation>
					<visible>Container.Content(TVShows) + !Skin.HasSetting(UseTVShowsPosterCover) + IsEmpty(ListItem.Art(banner))</visible>
				</control>
				
				<control type="image">
					<description>TV Shows Banner Default Cover Image</description>
					<top>-35</top>
					<left>97</left>
					<width>886</width>
					<height>170</height>
					<texture>DefaultVideo.png</texture>
					<bordersize>10</bordersize>
					<aspectratio>keep</aspectratio>
					<visible>Container.Content(TVShows) + !Skin.HasSetting(UseTVShowsPosterCover) + IsEmpty(ListItem.Art(banner))</visible>
					<animation effect="fade" end="85" condition="true">Conditional</animation>
				</control>
				
				<control type="image">
					<description>TV Show Banner Actor Image</description>
					<top>267</top>
					<right>100</right>
					<width>158</width>
					<height>230</height>
					<texture>$INFO[Container(50).ListItem.Icon]</texture>
					<bordertexture border="4">covers/cover-case2.png</bordertexture>
					<bordersize>4</bordersize>
					<aspectratio align="center" aligny="center">scale</aspectratio>
					<fadetime>IconCrossfadeTime</fadetime>
					<include>FSMediaInfoOpenCloseAnim</include>
					<visible>Control.IsVisible(50) + [Container.Content(TVShows) + !Skin.HasSetting(UseTVShowsPosterCover)] + !System.HasAddon(script.extendedinfo)</visible>
				</control>
				
				<control type="image">
					<description>Watched Overlay</description>
					<top>452</top>
					<left>288</left>
					<width>32</width>
					<height>32</height>
					<texture>$INFO[ListItem.Overlay]</texture>
					<aspectratio>keep</aspectratio>
					<include>FSMediaInfoOpenCloseAnim</include>
					<animation effect="slide" end="40,-191" condition="Container.Content(Episodes) | Container.Content(musicvideos)">Conditional</animation>
					<animation effect="slide" end="647,-365" condition="Container.Content(TVShows) + !Skin.HasSetting(UseTVShowsPosterCover)">Conditional</animation>
					<visible>StringCompare(ListItem.Overlay,OverlayWatched.png) + ![Control.HasFocus(50) + !IsEmpty(Container(50).ListItem.Thumb) + !System.HasAddon(script.extendedinfo)]</visible>
				</control>			
				<control type="label">
					<description>Unwatched Episodes Label</description>
					<top>452</top>
					<left>288</left>
					<width>32</width>
					<height>32</height>
					<font>ListFont5</font>
					<textcolor>ffebebeb</textcolor>
					<align>center</align>
					<aligny>center</aligny>
					<label>$INFO[ListItem.Property(UnWatchedEpisodes)]</label>
					<include>FSMediaInfoOpenCloseAnim</include>
					<animation effect="slide" end="647,-365" condition="Container.Content(TVShows) + !Skin.HasSetting(UseTVShowsPosterCover)">Conditional</animation>
					<visible>![Control.HasFocus(50) + !IsEmpty(Container(50).ListItem.Thumb) + !System.HasAddon(script.extendedinfo)] + !StringCompare(ListItem.Property(UnWatchedEpisodes),0) + !IntegerGreaterThan(ListItem.Property(UnWatchedEpisodes),99) + Container.Content(TVShows)</visible>
				</control>
				<control type="label">
					<description>Unwatched Episodes Label</description>
					<top>452</top>
					<left>288</left>
					<width>32</width>
					<height>32</height>
					<font>ListFont4</font>
					<textcolor>ffebebeb</textcolor>
					<align>center</align>
					<aligny>center</aligny>
					<label>$INFO[ListItem.Property(UnWatchedEpisodes)]</label>
					<include>FSMediaInfoOpenCloseAnim</include>
					<animation effect="slide" end="647,-365" condition="Container.Content(TVShows) + !Skin.HasSetting(UseTVShowsPosterCover)">Conditional</animation>
					<visible>![Control.HasFocus(50) + !IsEmpty(Container(50).ListItem.Thumb) + !System.HasAddon(script.extendedinfo)] + !StringCompare(ListItem.Property(UnWatchedEpisodes),0) + IntegerGreaterThan(ListItem.Property(UnWatchedEpisodes),99) + Container.Content(TVShows)</visible>
				</control>
				<control type="image">
					<description>Unwatched Overlay</description>
					<top>452</top>
					<left>288</left>
					<width>32</width>
					<height>32</height>
					<aligny>center</aligny>
					<texture background="true">OverlayClean.png</texture>
					<aspectratio>keep</aspectratio>
					<include>FSMediaInfoOpenCloseAnim</include>
					<animation effect="slide" end="647,-365" condition="Container.Content(TVShows) + !Skin.HasSetting(UseTVShowsPosterCover)">Conditional</animation>
					<visible>![Control.HasFocus(50) + !IsEmpty(Container(50).ListItem.Thumb) + !System.HasAddon(script.extendedinfo)] + !StringCompare(ListItem.Property(UnWatchedEpisodes),0) + !IsEmpty(ListItem.Property(UnWatchedEpisodes)) + Container.Content(TVShows)</visible>
				</control>			
				<control type="image">
					<description>Watched Partial</description>
					<top>452</top>
					<left>288</left>
					<width>32</width>
					<height>32</height>
					<texture background="true">$VAR[WatchedPartial]</texture>
					<aspectratio>keep</aspectratio>
					<include>FSMediaInfoOpenCloseAnim</include>
					<animation effect="slide" end="40,-191" condition="Container.Content(Episodes) | Container.Content(musicvideos)">Conditional</animation>
					<visible>![Control.HasFocus(50) + !IsEmpty(Container(50).ListItem.Thumb) + !System.HasAddon(script.extendedinfo)] + ListItem.IsResumable + !StringCompare(ListItem.Overlay,OverlayWatched.png) + [Container.Content(Movies) | Container.Content(Episodes) | Container.Content(musicvideos)]</visible>
				</control>
			</control>	

			<control type="group">
				<visible>Container.Content(Movies)</visible>

				<control type="group">
					<left>470</left>
					<top>99</top>
					
					<control type="image">
						<top>-6</top>
						<width>710</width>
						<height>85</height>
						<align>center</align>
						<texture background="true">$INFO[ListItem.Art(clearlogo)]</texture>
						<aspectratio>keep</aspectratio>
						<visible>!IsEmpty(ListItem.Art(clearlogo)) + IsEmpty(ListItem.Tagline)</visible>
					</control>
					
					<control type="image">
						<top>-6</top>
						<width>710</width>
						<height>63</height>
						<align>center</align>
						<texture background="true">$INFO[ListItem.Art(clearlogo)]</texture>
						<aspectratio>keep</aspectratio>
						<visible>!IsEmpty(ListItem.Art(clearlogo)) + !IsEmpty(ListItem.Tagline)</visible>
					</control>

					<control type="label">
						<description>Title</description>
						<top>10</top>
						<width>710</width>
						<align>center</align>
						<font>FullMediaInfoTitleFont3</font>
						<textcolor>MediaInfoTitleColor</textcolor>
						<shadowcolor>ShadowColor</shadowcolor>
						<label>[UPPERCASE]$INFO[ListItem.Title][/UPPERCASE]</label>
						<scroll>true</scroll>
						<animation effect="slide" end="0,22" condition="IsEmpty(ListItem.Tagline)">Conditional</animation>
						<visible>IsEmpty(ListItem.Art(clearlogo))</visible>
					</control>
					
					<control type="label">
						<description>Tagline</description>
						<top>56</top>
						<width>710</width>
						<font>ListFont5</font>
						<textcolor>MediaInfoTitleColor2</textcolor>
						<shadowcolor>ShadowColor</shadowcolor>
						<align>center</align>
						<label>$INFO[ListItem.Tagline]</label>
						<include>FSMediaInfoOpenCloseAnim</include>
						<scroll>true</scroll>
						<visible>!IsEmpty(ListItem.Tagline)</visible>
					</control>
					
					<control type="image">
						<top>80</top>
						<width>710</width>
						<height>2</height>
						<animation effect="fade" end="30" condition="true">Conditional</animation>
						<texture>views/videoinfo-separator.png</texture>
					</control>
					
					<control type="label">
						<description>Genre</description>
						<top>87</top>
						<width>710</width>
						<align>center</align>
						<font>FullMediaInfoTitleFont2</font>
						<textcolor>MediaInfoTitleColor2</textcolor>
						<shadowcolor>ShadowColor</shadowcolor>
						<label fallback="31000">[UPPERCASE]$INFO[ListItem.Genre][/UPPERCASE]</label>
					</control>
					
					<control type="image">
						<top>118</top>
						<width>710</width>
						<height>2</height>
						<animation effect="fade" end="30" condition="true">Conditional</animation>
						<texture>views/videoinfo-separator.png</texture>
					</control>
				</control>
				
				<control type="group">
					<top>225</top>
					<left>469</left>
					<visible>Control.HasFocus(15)</visible>
					<include>FSMediaInfoOpenCloseAnim</include>
					<control type="image">
						<description>Border</description>
						<width>712</width>
						<height>410</height>
						<texture border="4">covers/cover-case2.png</texture>
					</control>
					<control type="label">
						<width>712</width>
						<height>410</height>
						<font>FullMediaInfoTitleFont2</font>
						<textcolor>MediaInfoTitleColor2</textcolor>
						<shadowcolor>ShadowColor</shadowcolor>
						<align>center</align>
						<aligny>center</aligny>
						<label>31982</label>
						<visible>!Player.HasVideo</visible>
					</control>
					<control type="videowindow">
						<description>Trailer Window</description>
						<left>4</left>
						<top>4</top>
						<width>704</width>
						<height>402</height>
						<visible>Player.HasVideo</visible>
					</control>
				</control>
				
				<control type="list" id="901">
					<left>465</left>
					<top>219</top>
					<width>720</width>
					<height>233</height>
					<onup>505</onup>
					<ondown condition="!Control.IsVisible(50) + !Control.IsVisible(966) + Control.IsVisible(61)">61</ondown>
					<ondown condition="Control.IsVisible(50) | Control.IsVisible(966)">965</ondown>
					<onleft>505</onleft>
					<onright condition="Control.IsVisible(61)">61</onright>
					<include>FSMediaInfoOpenCloseAnim</include>
					<visible>!Control.HasFocus(15)</visible>
					<itemlayout width="720" height="29">
						<control type="image">
							<top>27</top>
							<left>5</left>
							<width>710</width>
							<height>2</height>
							<animation effect="fade" end="30" condition="true">Conditional</animation>
							<texture>views/videoinfo-separator.png</texture>
						</control>
						<control type="image">
							<left>170</left>
							<width>1</width>
							<height>32</height>
							<animation effect="fade" end="25" condition="true">Conditional</animation>
							<texture border="1,0,0,10" flipy="true">views/videoinfo-separator.png</texture>
						</control>
						<control type="label">
							<left>5</left>
							<width>165</width>
							<height>29</height>
							<font>FullMediaInfoFont</font>
							<aligny>center</aligny>
							<textcolor>MediaInfoItemColor</textcolor>
							<shadowcolor>ShadowColor</shadowcolor>
							<label>[UPPERCASE]$INFO[ListItem.Label][/UPPERCASE]</label>
						</control>
						<control type="label">
							<left>179</left>
							<width>533</width>
							<height>29</height>
							<font>FullMediaInfoFont2</font>
							<aligny>center</aligny>
							<textcolor>MediaInfoItemColor2</textcolor>
							<shadowcolor>ShadowColor</shadowcolor>
							<label fallback="31000">$INFO[ListItem.Label2]</label>
						</control>
					</itemlayout>	
					<focusedlayout width="720" height="29">
						<control type="image">
							<top>27</top>
							<left>5</left>
							<width>710</width>
							<height>2</height>
							<animation effect="fade" end="30" condition="true">Conditional</animation>
							<texture>views/videoinfo-separator.png</texture>
						</control>
						<control type="image">
							<left>170</left>
							<width>1</width>
							<height>32</height>
							<animation effect="fade" end="25" condition="true">Conditional</animation>
							<texture border="1,0,0,10" flipy="true">views/videoinfo-separator.png</texture>
							<animation effect="fade" start="100" end="0" condition="Control.HasFocus(901)">Conditional</animation>
						</control>
						<control type="image">
							<left>0</left>
							<width>720</width>
							<height>29</height>	
							<texture border="4">views/list-focus.png</texture>
							<aspectratio>stretch</aspectratio>
							<visible>Control.HasFocus(901)</visible>
							<include>ListViewSelectFadeAnim</include>
							<include>MediaInfoListScrollAnim</include>
						</control>
						<control type="label">
							<left>5</left>
							<width>165</width>
							<height>29</height>
							<font>FullMediaInfoFont</font>
							<aligny>center</aligny>
							<textcolor>MediaInfoItemColor</textcolor>
							<shadowcolor>ShadowColor</shadowcolor>
							<label>[UPPERCASE]$INFO[ListItem.Label][/UPPERCASE]</label>
						</control>
						<control type="label">
							<left>179</left>
							<width>533</width>
							<height>29</height>
							<font>FullMediaInfoFont2</font>
							<aligny>center</aligny>
							<textcolor>MediaInfoItemColor2</textcolor>
							<shadowcolor>ShadowColor</shadowcolor>
							<label fallback="31000">$INFO[ListItem.Label2]</label>
						</control>
					</focusedlayout>
					<content>
						<item id="1">
							<description>Director</description>
							<label>$LOCALIZE[20339]</label>
							<label2>$INFO[ListItem.Director]</label2>
							<onclick condition="System.HasAddon(script.libraryeditor) | System.HasAddon(script.extendedinfo)">Skin.SetString(DialogVideoInfoButtonMenu,director)</onclick>
							<onclick condition="System.HasAddon(script.libraryeditor) | System.HasAddon(script.extendedinfo)">ActivateWindow(980)</onclick>
							<onclick condition="!System.HasAddon(script.libraryeditor) + !System.HasAddon(script.extendedinfo)">SendClick(2003,13)</onclick>
						</item>
						<item id="2">
							<description>Writer</description>
							<label>$LOCALIZE[20417]</label>
							<label2>$INFO[ListItem.Writer]</label2>
							<onclick condition="System.HasAddon(script.libraryeditor) + System.HasAddon(script.extendedinfo)">Skin.SetString(DialogVideoInfoButtonMenu,writer)</onclick>
							<onclick condition="System.HasAddon(script.libraryeditor) + System.HasAddon(script.extendedinfo)">ActivateWindow(980)</onclick>
							<onclick condition="!System.HasAddon(script.libraryeditor) + System.HasAddon(script.extendedinfo)">RunScript(script.extendedinfo,info=extendedactorinfo,name=$INFO[ListItem.Writer])</onclick>
							<onclick condition="System.HasAddon(script.libraryeditor) + !System.HasAddon(script.extendedinfo)">RunScript(script.libraryeditor,DBID=$INFO[ListItem.DBID]&amp;tag=writer&amp;type=Movie)</onclick>
							<onclick condition="!System.HasAddon(script.libraryeditor) + !System.HasAddon(script.extendedinfo)">noop</onclick>
						</item>
						<item id="3">
							<description>Studio</description>
							<label>$LOCALIZE[572]</label>
							<label2>$INFO[ListItem.Studio]</label2>
							<onclick condition="System.HasAddon(script.libraryeditor)">RunScript(script.libraryeditor,DBID=$INFO[ListItem.DBID]&amp;tag=studio&amp;type=Movie)</onclick>
							<onclick condition="!System.HasAddon(script.libraryeditor)">noop</onclick>
						</item>
						<item id="4">
							<description>Year</description>
							<label>$LOCALIZE[345]</label>
							<label2>$INFO[ListItem.Year]</label2>
							<onclick condition="System.HasAddon(script.libraryeditor)">RunScript(script.libraryeditor,DBID=$INFO[ListItem.DBID]&amp;tag=year&amp;type=Movie)</onclick>
							<onclick condition="!System.HasAddon(script.libraryeditor)">noop</onclick>
						</item>
						<item id="5">
							<description>Runtime</description>
							<label>$LOCALIZE[2050]</label>
							<label2>$VAR[MovieDuration]</label2>
							<onclick>noop</onclick>
						</item>
						<item id="6">
							<description>Rating</description>
							<label>$LOCALIZE[563]</label>
							<label2>$INFO[ListItem.RatingAndVotes]$INFO[ListItem.Top250,  &#x2022;  $LOCALIZE[31974] #,]</label2>
							<onclick condition="System.HasAddon(script.libraryeditor) + !IsEmpty(ListItem.Top250)">Skin.SetString(DialogVideoInfoButtonMenu,rating)</onclick>
							<onclick condition="System.HasAddon(script.libraryeditor) + !IsEmpty(ListItem.Top250)">ActivateWindow(980)</onclick>
							<onclick condition="System.HasAddon(script.libraryeditor) + IsEmpty(ListItem.Top250)">RunScript(script.libraryeditor,DBID=$INFO[ListItem.DBID]&amp;tag=rating&amp;type=Movie)</onclick>
							<onclick condition="!System.HasAddon(script.libraryeditor)">noop</onclick>
						</item>
						<item id="7">
							<description>MPAA Rating</description>
							<label>$LOCALIZE[20074]</label>
							<label2>$INFO[ListItem.Mpaa]</label2>
							<onclick condition="System.HasAddon(script.libraryeditor)">RunScript(script.libraryeditor,DBID=$INFO[ListItem.DBID]&amp;tag=mpaa&amp;type=Movie)</onclick>
							<onclick condition="!System.HasAddon(script.libraryeditor)">noop</onclick>
						</item>
						<item id="8">
							<description>File Path</description>
							<label>$LOCALIZE[21801]</label>
							<label2>$INFO[ListItem.FileNameAndPath]</label2>
							<onclick>noop</onclick>
						</item>
					</content>
				</control>
				
				<control type="image">
					<left>470</left>
					<top>640</top>
					<width>710</width>
					<height>2</height>
					<animation effect="fade" end="30" condition="true">Conditional</animation>
					<texture>views/videoinfo-separator.png</texture>
				</control>
				
				<include>VideoInfoStudioMediaFlag2</include>
			
				<control type="grouplist">
					<description>Media Flags Area</description>
					<left>470</left>
					<top>650</top>
					<width>608</width>
					<height>60</height>
					<itemgap>5</itemgap>
					<align>left</align>
					<orientation>horizontal</orientation>
					<usecontrolcoords>true</usecontrolcoords>
					<include>MediaFlagFadeAnim</include>
					<include>VideoSourceMediaFlags</include>
					<include>VideoCodecMediaFlags</include>
					<include>AudioMediaFlags</include>
					<include>AspectMediaFlags</include>
					<include>SubtitleMediaFlags</include>
					<include condition="!Skin.HasSetting(HideRatingMediaFlag)">RatingMediaFlags</include>
				</control>
			</control>
				
			<control type="group">
				<visible>Container.Content(MusicVideos)</visible>
				
				<control type="group">	
					<left>510</left>
					<top>99</top>

					<control type="label">
						<description>Title</description>
						<top>32</top>
						<width>710</width>
						<align>center</align>
						<font>FullMediaInfoTitleFont3</font>
						<textcolor>MediaInfoTitleColor</textcolor>
						<shadowcolor>ShadowColor</shadowcolor>
						<label>[UPPERCASE]$INFO[ListItem.Title][/UPPERCASE]</label>
						<scroll>true</scroll>
					</control>
					
					<control type="image">
						<top>80</top>
						<width>710</width>
						<height>2</height>
						<animation effect="fade" end="30" condition="true">Conditional</animation>
						<texture>views/videoinfo-separator.png</texture>
					</control>
					
					<control type="label">
						<description>Genre</description>
						<top>87</top>
						<width>710</width>
						<align>center</align>
						<font>FullMediaInfoTitleFont2</font>
						<textcolor>MediaInfoTitleColor2</textcolor>
						<shadowcolor>ShadowColor</shadowcolor>
						<label fallback="31000">[UPPERCASE]$INFO[ListItem.Genre][/UPPERCASE]</label>
					</control>
					
					<control type="image">
						<top>118</top>
						<width>710</width>
						<height>2</height>
						<animation effect="fade" end="30" condition="true">Conditional</animation>
						<texture>views/videoinfo-separator.png</texture>
					</control>
				</control>
				
				<control type="list" id="901">
					<left>505</left>
					<top>219</top>
					<width>720</width>
					<height>233</height>
					<onup>505</onup>
					<ondown condition="!Control.IsVisible(50) + Control.IsVisible(61)">61</ondown>
					<ondown condition="Control.IsVisible(50)">965</ondown>
					<onleft>505</onleft>
					<onright condition="Control.IsVisible(61)">61</onright>
					<itemlayout width="720" height="29">
						<control type="image">
							<top>27</top>
							<left>5</left>
							<width>710</width>
							<height>2</height>
							<animation effect="fade" end="30" condition="true">Conditional</animation>
							<texture>views/videoinfo-separator.png</texture>
						</control>
						<control type="image">
							<left>170</left>
							<width>1</width>
							<height>32</height>
							<animation effect="fade" end="25" condition="true">Conditional</animation>
							<texture border="1,0,0,10" flipy="true">views/videoinfo-separator.png</texture>
						</control>
						<control type="label">
							<left>5</left>
							<width>165</width>
							<height>29</height>
							<font>FullMediaInfoFont</font>
							<aligny>center</aligny>
							<textcolor>MediaInfoItemColor</textcolor>
							<shadowcolor>ShadowColor</shadowcolor>
							<label>[UPPERCASE]$INFO[ListItem.Label][/UPPERCASE]</label>
						</control>
						<control type="label">
							<left>179</left>
							<width>533</width>
							<height>29</height>
							<font>FullMediaInfoFont2</font>
							<aligny>center</aligny>
							<textcolor>MediaInfoItemColor2</textcolor>
							<shadowcolor>ShadowColor</shadowcolor>
							<label fallback="31000">$INFO[ListItem.Label2]</label>
						</control>
					</itemlayout>	
					<focusedlayout width="720" height="29">
						<control type="image">
							<top>27</top>
							<left>5</left>
							<width>710</width>
							<height>2</height>
							<animation effect="fade" end="30" condition="true">Conditional</animation>
							<texture>views/videoinfo-separator.png</texture>
						</control>
						<control type="image">
							<left>170</left>
							<width>1</width>
							<height>32</height>
							<animation effect="fade" end="25" condition="true">Conditional</animation>
							<texture border="1,0,0,10" flipy="true">views/videoinfo-separator.png</texture>
							<animation effect="fade" start="100" end="0" condition="Control.HasFocus(901)">Conditional</animation>
						</control>
						<control type="image">
							<left>0</left>
							<width>720</width>
							<height>29</height>	
							<texture border="4">views/list-focus.png</texture>
							<aspectratio>stretch</aspectratio>
							<visible>Control.HasFocus(901)</visible>
							<include>ListViewSelectFadeAnim</include>
							<include>MediaInfoListScrollAnim</include>
						</control>
						<control type="label">
							<left>5</left>
							<width>165</width>
							<height>29</height>
							<font>FullMediaInfoFont</font>
							<aligny>center</aligny>
							<textcolor>MediaInfoItemColor</textcolor>
							<shadowcolor>ShadowColor</shadowcolor>
							<label>[UPPERCASE]$INFO[ListItem.Label][/UPPERCASE]</label>
						</control>
						<control type="label">
							<left>179</left>
							<width>533</width>
							<height>29</height>
							<font>FullMediaInfoFont2</font>
							<aligny>center</aligny>
							<textcolor>MediaInfoItemColor2</textcolor>
							<shadowcolor>ShadowColor</shadowcolor>
							<label fallback="31000">$INFO[ListItem.Label2]</label>
						</control>
					</focusedlayout>
					<content>
						<item id="1">
							<description>Artist</description>
							<label>$LOCALIZE[557]</label>
							<label2>$INFO[ListItem.Artist]</label2>
							<onclick condition="System.HasAddon(script.libraryeditor) + System.HasAddon(script.extendedinfo)">Skin.SetString(DialogVideoInfoButtonMenu,artist)</onclick>
							<onclick condition="System.HasAddon(script.libraryeditor) + System.HasAddon(script.extendedinfo)">ActivateWindow(980)</onclick>
							<onclick condition="System.HasAddon(script.libraryeditor) + !System.HasAddon(script.extendedinfo)">RunScript(script.libraryeditor,DBID=$INFO[ListItem.DBID]&amp;tag=arr_artist&amp;type=MusicVideo)</onclick>
							<onclick condition="!System.HasAddon(script.libraryeditor) + System.HasAddon(script.extendedinfo)">RunScript(script.extendedinfo,info=extendedactorinfo,name=$INFO[ListItem.Artist])</onclick>
							<onclick condition="!System.HasAddon(script.libraryeditor) + !System.HasAddon(script.extendedinfo)">noop</onclick>
						</item>
						<item id="2">
							<description>Album</description>
							<label>$LOCALIZE[558]</label>
							<label2>$INFO[ListItem.Album]</label2>
							<onclick condition="System.HasAddon(script.libraryeditor)">RunScript(script.libraryeditor,DBID=$INFO[ListItem.DBID]&amp;tag=album&amp;type=MusicVideo)</onclick>
							<onclick condition="!System.HasAddon(script.libraryeditor)">noop</onclick>
						</item>
						<item id="3">
							<description>Director</description>
							<label>$LOCALIZE[20339]</label>
							<label2>$INFO[ListItem.Director]</label2>
							<onclick condition="System.HasAddon(script.libraryeditor) | System.HasAddon(script.extendedinfo)">Skin.SetString(DialogVideoInfoButtonMenu,director)</onclick>
							<onclick condition="System.HasAddon(script.libraryeditor) | System.HasAddon(script.extendedinfo)">ActivateWindow(980)</onclick>
							<onclick condition="!System.HasAddon(script.libraryeditor) + !System.HasAddon(script.extendedinfo)">SendClick(2003,13)</onclick>
						</item>
						<item id="4">
							<description>Year</description>
							<label>$LOCALIZE[345]</label>
							<label2>$INFO[ListItem.Year]</label2>
							<onclick condition="System.HasAddon(script.libraryeditor)">RunScript(script.libraryeditor,DBID=$INFO[ListItem.DBID]&amp;tag=year&amp;type=MusicVideo)</onclick>
							<onclick condition="!System.HasAddon(script.libraryeditor)">noop</onclick>
						</item>
						<item id="5">
							<description>Runtime</description>
							<label>$LOCALIZE[2050]</label>
							<label2>$VAR[MovieDuration]</label2>
							<onclick>noop</onclick>
						</item>
						<item id="6">
							<description>Studio</description>
							<label>$LOCALIZE[572]</label>
							<label2>$INFO[ListItem.Studio]</label2>
							<onclick condition="System.HasAddon(script.libraryeditor)">RunScript(script.libraryeditor,DBID=$INFO[ListItem.DBID]&amp;tag=studio&amp;type=MusicVideo)</onclick>
							<onclick condition="!System.HasAddon(script.libraryeditor)">noop</onclick>
						</item>
						<item id="7">
							<description>Playcount</description>
							<label>$LOCALIZE[31201]</label>
							<label2>$INFO[ListItem.PlayCount]</label2>
							<onclick condition="System.HasAddon(script.libraryeditor)">RunScript(script.libraryeditor,DBID=$INFO[ListItem.DBID]&amp;tag=playcount&amp;type=MusicVideo)</onclick>
							<onclick condition="!System.HasAddon(script.libraryeditor)">noop</onclick>
						</item>
						<item id="7">
							<description>File Path</description>
							<label>$LOCALIZE[21801]</label>
							<label2>$INFO[ListItem.FileNameAndPath]</label2>
							<onclick>noop</onclick>
						</item>
					</content>
				</control>
				
				<control type="image">
					<left>60</left>
					<top>640</top>
					<width>1160</width>
					<height>2</height>
					<animation effect="fade" end="30" condition="true">Conditional</animation>
					<texture>views/videoinfo-separator.png</texture>
				</control>
			
				<control type="grouplist">
					<description>Media Flags Area</description>
					<left>510</left>
					<top>650</top>
					<width>580</width>
					<height>60</height>
					<itemgap>5</itemgap>
					<align>left</align>
					<orientation>horizontal</orientation>
					<usecontrolcoords>true</usecontrolcoords>
					<include>MediaFlagFadeAnim</include>
					<include>VideoSourceMediaFlags</include>
					<include>VideoCodecMediaFlags</include>
					<include>AudioMediaFlags</include>
					<include>AspectMediaFlags</include>
					<include>SubtitleMediaFlags</include>
					<include>StudioMediaFlag2</include>
				</control>
			</control>
				
			<control type="group">
				<visible>Container.Content(Episodes)</visible>
				
				<control type="group">	
					<left>510</left>
					<top>99</top>
					
					<control type="image">
						<top>-6</top>
						<width>710</width>
						<height>85</height>
						<align>center</align>
						<texture background="true">$INFO[ListItem.Art(tvshow.clearlogo)]</texture>
						<aspectratio>keep</aspectratio>
						<visible>!IsEmpty(ListItem.Art(tvshow.clearlogo))</visible>
					</control>

					<control type="label">
						<description>TV Show</description>
						<top>32</top>
						<width>710</width>
						<align>center</align>
						<font>FullMediaInfoTitleFont3</font>
						<textcolor>MediaInfoTitleColor</textcolor>
						<shadowcolor>ShadowColor</shadowcolor>
						<label>[UPPERCASE]$INFO[ListItem.TVShowTitle][/UPPERCASE]</label>
						<scroll>true</scroll>
						<visible>IsEmpty(ListItem.Art(tvshow.clearlogo))</visible>
					</control>
					
					<control type="image">
						<top>80</top>
						<width>710</width>
						<height>2</height>
						<animation effect="fade" end="30" condition="true">Conditional</animation>
						<texture>views/videoinfo-separator.png</texture>
					</control>
					
					<control type="label">
						<description>Title</description>
						<top>87</top>
						<width>710</width>
						<align>center</align>
						<font>FullMediaInfoTitleFont2</font>
						<textcolor>MediaInfoTitleColor2</textcolor>
						<shadowcolor>ShadowColor</shadowcolor>
						<label fallback="31000">[UPPERCASE]$INFO[ListItem.Title,","][/UPPERCASE]</label>
					</control>
					
					<control type="image">
						<top>118</top>
						<width>710</width>
						<height>2</height>
						<animation effect="fade" end="30" condition="true">Conditional</animation>
						<texture>views/videoinfo-separator.png</texture>
					</control>
				</control>
				
				<control type="list" id="901">
					<left>505</left>
					<top>219</top>
					<width>720</width>
					<height>233</height>
					<onup>505</onup>
					<ondown condition="!Control.IsVisible(50) + !Control.IsVisible(966) + Control.IsVisible(61)">61</ondown>
					<ondown condition="Control.IsVisible(50) | Control.IsVisible(966)">965</ondown>
					<onleft>505</onleft>
					<onright condition="Control.IsVisible(61)">61</onright>
					<itemlayout width="720" height="29">
						<control type="image">
							<top>27</top>
							<left>5</left>
							<width>710</width>
							<height>2</height>
							<animation effect="fade" end="30" condition="true">Conditional</animation>
							<texture>views/videoinfo-separator.png</texture>
						</control>
						<control type="image">
							<left>170</left>
							<width>1</width>
							<height>32</height>
							<animation effect="fade" end="25" condition="true">Conditional</animation>
							<texture border="1,0,0,10" flipy="true">views/videoinfo-separator.png</texture>
						</control>
						<control type="label">
							<left>5</left>
							<width>165</width>
							<height>29</height>
							<font>FullMediaInfoFont</font>
							<aligny>center</aligny>
							<textcolor>MediaInfoItemColor</textcolor>
							<shadowcolor>ShadowColor</shadowcolor>
							<label>[UPPERCASE]$INFO[ListItem.Label][/UPPERCASE]</label>
						</control>
						<control type="label">
							<left>179</left>
							<width>533</width>
							<height>29</height>
							<font>FullMediaInfoFont2</font>
							<aligny>center</aligny>
							<textcolor>MediaInfoItemColor2</textcolor>
							<shadowcolor>ShadowColor</shadowcolor>
							<label fallback="31000">$INFO[ListItem.Label2]</label>
						</control>
					</itemlayout>	
					<focusedlayout width="720" height="29">
						<control type="image">
							<top>27</top>
							<left>5</left>
							<width>710</width>
							<height>2</height>
							<animation effect="fade" end="30" condition="true">Conditional</animation>
							<texture>views/videoinfo-separator.png</texture>
						</control>
						<control type="image">
							<left>170</left>
							<width>1</width>
							<height>32</height>
							<animation effect="fade" end="25" condition="true">Conditional</animation>
							<texture border="1,0,0,10" flipy="true">views/videoinfo-separator.png</texture>
							<animation effect="fade" start="100" end="0" condition="Control.HasFocus(901)">Conditional</animation>
						</control>
						<control type="image">
							<left>0</left>
							<width>720</width>
							<height>29</height>	
							<texture border="4">views/list-focus.png</texture>
							<aspectratio>stretch</aspectratio>
							<visible>Control.HasFocus(901)</visible>
							<include>ListViewSelectFadeAnim</include>
							<include>MediaInfoListScrollAnim</include>
						</control>
						<control type="label">
							<left>5</left>
							<width>165</width>
							<height>29</height>
							<font>FullMediaInfoFont</font>
							<aligny>center</aligny>
							<textcolor>MediaInfoItemColor</textcolor>
							<shadowcolor>ShadowColor</shadowcolor>
							<label>[UPPERCASE]$INFO[ListItem.Label][/UPPERCASE]</label>
						</control>
						<control type="label">
							<left>179</left>
							<width>533</width>
							<height>29</height>
							<font>FullMediaInfoFont2</font>
							<aligny>center</aligny>
							<textcolor>MediaInfoItemColor2</textcolor>
							<shadowcolor>ShadowColor</shadowcolor>
							<label fallback="31000">$INFO[ListItem.Label2]</label>
						</control>
					</focusedlayout>
					<content>
						<item id="1">
							<description>Season</description>
							<label>$LOCALIZE[20373]</label>
							<label2>$INFO[ListItem.Season]</label2>
							<onclick condition="System.HasAddon(script.libraryeditor)">RunScript(script.libraryeditor,DBID=$INFO[ListItem.DBID]&amp;tag=season&amp;type=Episode)</onclick>
							<onclick condition="!System.HasAddon(script.libraryeditor)">noop</onclick>
						</item>
						<item id="2">
							<description>Episode</description>
							<label>$LOCALIZE[20359]</label>
							<label2>$INFO[ListItem.Episode]</label2>
							<onclick condition="System.HasAddon(script.libraryeditor)">RunScript(script.libraryeditor,DBID=$INFO[ListItem.DBID]&amp;tag=episode&amp;type=Episode)</onclick>
							<onclick condition="!System.HasAddon(script.libraryeditor)">noop</onclick>
						</item>
						<item id="3">
							<description>Director</description>
							<label>$LOCALIZE[20339]</label>
							<label2>$INFO[ListItem.Director]</label2>
							<onclick condition="System.HasAddon(script.libraryeditor) | System.HasAddon(script.extendedinfo)">Skin.SetString(DialogVideoInfoButtonMenu,director)</onclick>
							<onclick condition="System.HasAddon(script.libraryeditor) | System.HasAddon(script.extendedinfo)">ActivateWindow(980)</onclick>
							<onclick condition="!System.HasAddon(script.libraryeditor) + !System.HasAddon(script.extendedinfo)">SendClick(2003,13)</onclick>
						</item>
						<item id="4">
							<description>Writer</description>
							<label>$LOCALIZE[20417]</label>
							<label2>$INFO[ListItem.Writer]</label2>
							<onclick condition="System.HasAddon(script.libraryeditor) + System.HasAddon(script.extendedinfo)">Skin.SetString(DialogVideoInfoButtonMenu,writer)</onclick>
							<onclick condition="System.HasAddon(script.libraryeditor) + System.HasAddon(script.extendedinfo)">ActivateWindow(980)</onclick>
							<onclick condition="!System.HasAddon(script.libraryeditor) + System.HasAddon(script.extendedinfo)">RunScript(script.extendedinfo,info=extendedactorinfo,name=$INFO[ListItem.Writer])</onclick>
							<onclick condition="System.HasAddon(script.libraryeditor) + !System.HasAddon(script.extendedinfo)">RunScript(script.libraryeditor,DBID=$INFO[ListItem.DBID]&amp;tag=writer&amp;type=Episode)</onclick>
							<onclick condition="!System.HasAddon(script.libraryeditor) + !System.HasAddon(script.extendedinfo)">noop</onclick>
						</item>
						<item id="5">
							<description>Runtime</description>
							<label>$LOCALIZE[2050]</label>
							<label2>$VAR[MovieDuration]</label2>
							<onclick>noop</onclick>
						</item>
						<item id="6">
							<description>Rating</description>
							<label>$LOCALIZE[563]</label>
							<label2>$INFO[ListItem.Rating]</label2>
							<onclick condition="System.HasAddon(script.libraryeditor)">RunScript(script.libraryeditor,DBID=$INFO[ListItem.DBID]&amp;tag=rating&amp;type=Episode)</onclick>
							<onclick condition="!System.HasAddon(script.libraryeditor)">noop</onclick>
						</item>
						<item id="7">
							<description>First Aired</description>
							<label>$LOCALIZE[20416]</label>
							<label2>$INFO[ListItem.Premiered]</label2>
							<onclick>noop</onclick>
							<!--<onclick condition="System.HasAddon(script.libraryeditor)">RunScript(script.libraryeditor,DBID=$INFO[ListItem.DBID]&amp;tag=firstaired&amp;type=Episode)</onclick>-->
						</item>
						<item id="8">
							<description>File Path</description>
							<label>$LOCALIZE[21801]</label>
							<label2>$INFO[ListItem.FileNameAndPath]</label2>
							<onclick>noop</onclick>
						</item>
					</content>
				</control>
				
				<control type="image">
					<left>60</left>
					<top>640</top>
					<width>1160</width>
					<height>2</height>
					<animation effect="fade" end="30" condition="true">Conditional</animation>
					<texture>views/videoinfo-separator.png</texture>
				</control>
			
				<control type="grouplist">
					<description>Media Flags Area</description>
					<left>510</left>
					<top>650</top>
					<width>580</width>
					<height>60</height>
					<itemgap>5</itemgap>
					<align>left</align>
					<orientation>horizontal</orientation>
					<usecontrolcoords>true</usecontrolcoords>
					<include>MediaFlagFadeAnim</include>
					<include>VideoSourceMediaFlags</include>
					<include>VideoCodecMediaFlags</include>
					<include>AudioMediaFlags</include>
					<include>AspectMediaFlags</include>
					<include>SubtitleMediaFlags</include>
					<include>StudioMediaFlag2</include>
				</control>
			</control>
			
			<control type="group">
				<visible>Container.Content(TVShows) + !Skin.HasSetting(UseTVShowsPosterCover)</visible>
				
				<control type="group">	
					<left>100</left>
					<top>283</top>
					
					<control type="image">
						<width>1080</width>
						<height>85</height>
						<align>center</align>
						<texture background="true">$INFO[ListItem.Art(clearlogo)]</texture>
						<aspectratio>keep</aspectratio>
						<visible>!IsEmpty(ListItem.Art(clearlogo))</visible>
					</control>

					<control type="label">
						<description>Title</description>
						<top>16</top>
						<width>1080</width>
						<align>center</align>
						<font>FullMediaInfoTitleFont3</font>
						<textcolor>MediaInfoTitleColor</textcolor>
						<shadowcolor>ShadowColor</shadowcolor>
						<label>[UPPERCASE]$INFO[ListItem.Title][/UPPERCASE]</label>
						<scroll>true</scroll>
						<animation effect="slide" end="0,22" condition="IsEmpty(ListItem.Tagline)">Conditional</animation>
						<visible>IsEmpty(ListItem.Art(clearlogo))</visible>
					</control>
					
					<control type="image">
						<top>86</top>
						<width>1080</width>
						<height>2</height>
						<animation effect="fade" end="30" condition="true">Conditional</animation>
						<texture>views/videoinfo-separator.png</texture>
					</control>
					
					<control type="label">
						<description>Genre</description>
						<top>93</top>
						<width>1080</width>
						<align>center</align>
						<font>FullMediaInfoTitleFont2</font>
						<textcolor>MediaInfoTitleColor2</textcolor>
						<shadowcolor>ShadowColor</shadowcolor>
						<label fallback="31000">[UPPERCASE]$INFO[ListItem.Genre][/UPPERCASE]</label>
					</control>
					
					<control type="image">
						<top>124</top>
						<width>1080</width>
						<height>2</height>
						<animation effect="fade" end="30" condition="true">Conditional</animation>
						<texture>views/videoinfo-separator.png</texture>
					</control>
				</control>
				
				<control type="panel" id="901">
					<left>95</left>
					<top>409</top>
					<width>533</width>
					<height>233</height>
					<onup>505</onup>
					<ondown>61</ondown>
					<onleft>505</onleft>
					<onright condition="Control.IsVisible(50) | Control.IsVisible(966)">965</onright>
					<onright condition="!Control.IsVisible(50) + !Control.IsVisible(966) + Control.IsVisible(61)">61</onright>
					<itemlayout width="533" height="29">
						<control type="image">
							<top>27</top>
							<left>5</left>
							<width>522</width>
							<height>2</height>
							<animation effect="fade" end="30" condition="true">Conditional</animation>
							<texture>views/videoinfo-separator.png</texture>
						</control>
						<control type="image">
							<left>170</left>
							<width>1</width>
							<height>32</height>
							<animation effect="fade" end="25" condition="true">Conditional</animation>
							<texture border="1,0,0,10" flipy="true">views/videoinfo-separator.png</texture>
						</control>
						<control type="label">
							<left>5</left>
							<width>165</width>
							<height>29</height>
							<font>FullMediaInfoFont</font>
							<aligny>center</aligny>
							<textcolor>MediaInfoItemColor</textcolor>
							<shadowcolor>ShadowColor</shadowcolor>
							<label>[UPPERCASE]$INFO[ListItem.Label][/UPPERCASE]</label>
						</control>
						<control type="label">
							<left>179</left>
							<width>348</width>
							<height>29</height>
							<font>FullMediaInfoFont2</font>
							<aligny>center</aligny>
							<textcolor>MediaInfoItemColor2</textcolor>
							<shadowcolor>ShadowColor</shadowcolor>
							<label fallback="31000">$INFO[ListItem.Label2]</label>
						</control>
					</itemlayout>	
					<focusedlayout width="533" height="29">
						<control type="image">
							<top>27</top>
							<left>5</left>
							<width>522</width>
							<height>2</height>
							<animation effect="fade" end="30" condition="true">Conditional</animation>
							<texture>views/videoinfo-separator.png</texture>
						</control>
						<control type="image">
							<left>170</left>
							<width>1</width>
							<height>32</height>
							<animation effect="fade" end="25" condition="true">Conditional</animation>
							<texture border="1,0,0,10" flipy="true">views/videoinfo-separator.png</texture>
							<animation effect="fade" start="100" end="0" condition="Control.HasFocus(901)">Conditional</animation>
						</control>
						<control type="image">
							<left>0</left>
							<width>532</width>
							<height>29</height>	
							<texture border="4">views/list-focus.png</texture>
							<aspectratio>stretch</aspectratio>
							<visible>Control.HasFocus(901)</visible>
							<include>ListViewSelectFadeAnim</include>
							<include>MediaInfoListScrollAnim</include>
						</control>
						<control type="label">
							<left>5</left>
							<width>165</width>
							<height>29</height>
							<font>FullMediaInfoFont</font>
							<aligny>center</aligny>
							<textcolor>MediaInfoItemColor</textcolor>
							<shadowcolor>ShadowColor</shadowcolor>
							<label>[UPPERCASE]$INFO[ListItem.Label][/UPPERCASE]</label>
						</control>
						<control type="label">
							<left>179</left>
							<width>348</width>
							<height>29</height>
							<font>FullMediaInfoFont2</font>
							<aligny>center</aligny>
							<textcolor>MediaInfoItemColor2</textcolor>
							<shadowcolor>ShadowColor</shadowcolor>
							<label fallback="31000">$INFO[ListItem.Label2]</label>
						</control>
					</focusedlayout>
					<content>
						<item id="1">
							<description>Episodes</description>
							<label>$LOCALIZE[20360]</label>
							<label2>$INFO[ListItem.Episode][COLOR=DisabledColor] ($INFO[ListItem.Property(WatchedEpisodes),, $LOCALIZE[16102]] - $INFO[ListItem.Property(UnWatchedEpisodes), , $LOCALIZE[16101]])[/COLOR]</label2>
							<onclick>noop</onclick>
						</item>
						<item id="2">
							<description>Studio</description>
							<label>$LOCALIZE[572]</label>
							<label2>$INFO[ListItem.Studio]</label2>
							<onclick condition="System.HasAddon(script.libraryeditor)">RunScript(script.libraryeditor,DBID=$INFO[ListItem.DBID]&amp;tag=studio&amp;type=TVShow)</onclick>
							<onclick condition="!System.HasAddon(script.libraryeditor)">noop</onclick>
							<visible>IsEmpty(Window(Home).Property(NextAired.Nextdate))</visible>
						</item>
						<item id="3">
							<description>Year</description>
							<label>$LOCALIZE[345]</label>
							<label2>$INFO[ListItem.Year]</label2>
							<onclick>noop</onclick>
						</item>
						<item id="4">
							<description>Next Aired Status</description>
							<label>$LOCALIZE[126]</label>
							<label2>$INFO[Window(Home).Property(NextAired.Status)]</label2>
							<onclick>noop</onclick>
						</item>
						<item id="5">
							<description>First Aired</description>
							<label>$LOCALIZE[20416]</label>
							<label2>$INFO[ListItem.Premiered]</label2>
							<onclick condition="System.HasAddon(script.libraryeditor)">RunScript(script.libraryeditor,DBID=$INFO[ListItem.DBID]&amp;tag=premiered&amp;type=TVShow)</onclick>
							<onclick condition="!System.HasAddon(script.libraryeditor)">noop</onclick>
						</item>
						<item id="6">
							<description>Next Aired Latest Episode</description>
							<label>$LOCALIZE[31966]</label>
							<label2>$INFO[Window(Home).Property(NextAired.LatestSeasonNumber),S,]$INFO[Window(Home).Property(NextAired.LatestEpisodeNumber),E,.] $INFO[Window(Home).Property(NextAired.LatestTitle)] $INFO[Window(Home).Property(NextAired.LatestDate),(,)]</label2>
							<onclick>noop</onclick>
							<visible>!IsEmpty(Window(Home).Property(NextAired.LatestTitle))</visible>
						</item>
						<item id="7">
							<description>Next Aired Next Episode</description>
							<label>$LOCALIZE[31967]</label>
							<label2>$INFO[Window(Home).Property(NextAired.NextSeasonNumber),S,]$INFO[Window(Home).Property(NextAired.NextEpisodeNumber),E,.] $INFO[Window(Home).Property(NextAired.NextTitle)] $INFO[Window(Home).Property(NextAired.NextDate),(,)]</label2>
							<onclick>noop</onclick>
							<visible>!IsEmpty(Window(Home).Property(NextAired.Nextdate))</visible>
						</item>
						<item id="8">
							<description>Rating</description>
							<label>$LOCALIZE[563]</label>
							<label2>$INFO[ListItem.Rating]</label2>
							<onclick condition="System.HasAddon(script.libraryeditor)">RunScript(script.libraryeditor,DBID=$INFO[ListItem.DBID]&amp;tag=rating&amp;type=TVShow)</onclick>
							<onclick condition="!System.HasAddon(script.libraryeditor)">noop</onclick>
						</item>
						<item id="9">
							<description>File Path</description>
							<label>$LOCALIZE[573]</label>
							<label2>$INFO[ListItem.FileNameAndPath]</label2>
							<onclick>noop</onclick>
						</item>
					</content>
				</control>
				
				<control type="image">
					<left>622</left>
					<top>639</top>
					<width>558</width>
					<height>2</height>
					<animation effect="fade" end="30" condition="true">Conditional</animation>
					<texture>views/videoinfo-separator.png</texture>
				</control>
				
				<control type="group">
					<animation effect="slide" end="-185,0" condition="true">Conditional</animation>
					<include>VideoInfoStudioMediaFlag</include>
				</control>
			</control>
				
			<control type="group">
				<visible>Container.Content(TVShows) + Skin.HasSetting(UseTVShowsPosterCover)</visible>
				
				<control type="group">	
					<left>470</left>
					<top>99</top>
					
					<control type="image">
						<top>-6</top>
						<width>710</width>
						<height>85</height>
						<align>center</align>
						<texture background="true">$INFO[ListItem.Art(clearlogo)]</texture>
						<aspectratio>keep</aspectratio>
						<visible>!IsEmpty(ListItem.Art(clearlogo))</visible>
					</control>

					<control type="label">
						<description>Title</description>
						<top>32</top>
						<width>710</width>
						<align>center</align>
						<font>FullMediaInfoTitleFont3</font>
						<textcolor>MediaInfoTitleColor</textcolor>
						<shadowcolor>ShadowColor</shadowcolor>
						<label>[UPPERCASE]$INFO[ListItem.Title][/UPPERCASE]</label>
						<scroll>true</scroll>
						<visible>IsEmpty(ListItem.Art(clearlogo))</visible>
					</control>
					
					<control type="image">
						<top>80</top>
						<width>710</width>
						<height>2</height>
						<animation effect="fade" end="30" condition="true">Conditional</animation>
						<texture>views/videoinfo-separator.png</texture>
					</control>
					
					<control type="label">
						<description>Genre</description>
						<top>87</top>
						<width>710</width>
						<align>center</align>
						<font>FullMediaInfoTitleFont2</font>
						<textcolor>MediaInfoTitleColor2</textcolor>
						<shadowcolor>ShadowColor</shadowcolor>
						<label fallback="31000">[UPPERCASE]$INFO[ListItem.Genre][/UPPERCASE]</label>
					</control>
					
					<control type="image">
						<top>118</top>
						<width>710</width>
						<height>2</height>
						<animation effect="fade" end="30" condition="true">Conditional</animation>
						<texture>views/videoinfo-separator.png</texture>
					</control>
				</control>
				
				<control type="list" id="901">
					<hitrect x="0" y="0" w="0" h="0"/> 
					<left>465</left>
					<top>219</top>
					<width>720</width>
					<height>233</height>
					<onup>505</onup>
					<ondown condition="!Control.IsVisible(50) + !Control.IsVisible(966) + Control.IsVisible(61)">61</ondown>
					<ondown condition="Control.IsVisible(50) | Control.IsVisible(966)">965</ondown>
					<onleft>505</onleft>
					<onright condition="Control.IsVisible(61)">61</onright>
					<itemlayout width="720" height="29">
						<control type="image">
							<top>27</top>
							<left>5</left>
							<width>710</width>
							<height>2</height>
							<animation effect="fade" end="30" condition="true">Conditional</animation>
							<texture>views/videoinfo-separator.png</texture>
						</control>
						<control type="image">
							<left>170</left>
							<width>1</width>
							<height>32</height>
							<animation effect="fade" end="25" condition="true">Conditional</animation>
							<texture border="1,0,0,10" flipy="true">views/videoinfo-separator.png</texture>
						</control>
						<control type="label">
							<left>5</left>
							<width>165</width>
							<height>29</height>
							<font>FullMediaInfoFont</font>
							<aligny>center</aligny>
							<textcolor>MediaInfoItemColor</textcolor>
							<shadowcolor>ShadowColor</shadowcolor>
							<label>[UPPERCASE]$INFO[ListItem.Label][/UPPERCASE]</label>
						</control>
						<control type="label">
							<left>179</left>
							<width>533</width>
							<height>29</height>
							<font>FullMediaInfoFont2</font>
							<aligny>center</aligny>
							<textcolor>MediaInfoItemColor2</textcolor>
							<shadowcolor>ShadowColor</shadowcolor>
							<label fallback="31000">$INFO[ListItem.Label2]</label>
						</control>
					</itemlayout>	
					<focusedlayout width="720" height="29">
						<control type="image">
							<top>27</top>
							<left>5</left>
							<width>710</width>
							<height>2</height>
							<animation effect="fade" end="30" condition="true">Conditional</animation>
							<texture>views/videoinfo-separator.png</texture>
						</control>
						<control type="image">
							<left>170</left>
							<width>1</width>
							<height>32</height>
							<animation effect="fade" end="25" condition="true">Conditional</animation>
							<texture border="1,0,0,10" flipy="true">views/videoinfo-separator.png</texture>
							<animation effect="fade" start="100" end="0" condition="Control.HasFocus(901)">Conditional</animation>
						</control>
						<control type="image">
							<left>0</left>
							<width>720</width>
							<height>29</height>	
							<texture border="4">views/list-focus.png</texture>
							<aspectratio>stretch</aspectratio>
							<visible>Control.HasFocus(901)</visible>
							<include>ListViewSelectFadeAnim</include>
							<include>MediaInfoListScrollAnim</include>
						</control>
						<control type="label">
							<left>5</left>
							<width>165</width>
							<height>29</height>
							<font>FullMediaInfoFont</font>
							<aligny>center</aligny>
							<textcolor>MediaInfoItemColor</textcolor>
							<shadowcolor>ShadowColor</shadowcolor>
							<label>[UPPERCASE]$INFO[ListItem.Label][/UPPERCASE]</label>
						</control>
						<control type="label">
							<left>179</left>
							<width>533</width>
							<height>29</height>
							<font>FullMediaInfoFont2</font>
							<aligny>center</aligny>
							<textcolor>MediaInfoItemColor2</textcolor>
							<shadowcolor>ShadowColor</shadowcolor>
							<label fallback="31000">$INFO[ListItem.Label2]</label>
						</control>
					</focusedlayout>
					<content>
						<item id="1">
							<description>Episodes</description>
							<label>$LOCALIZE[20360]</label>
							<label2>$INFO[ListItem.Episode][COLOR=DisabledColor] ($INFO[ListItem.Property(WatchedEpisodes),, $LOCALIZE[16102]] - $INFO[ListItem.Property(UnWatchedEpisodes), , $LOCALIZE[16101]])[/COLOR]</label2>
							<onclick>noop</onclick>
						</item>
						<item id="2">
							<description>Studio</description>
							<label>$LOCALIZE[572]</label>
							<label2>$INFO[ListItem.Studio]</label2>
							<onclick condition="System.HasAddon(script.libraryeditor)">RunScript(script.libraryeditor,DBID=$INFO[ListItem.DBID]&amp;tag=studio&amp;type=TVShow)</onclick>
							<onclick condition="!System.HasAddon(script.libraryeditor)">noop</onclick>
							<visible>IsEmpty(Window(Home).Property(NextAired.Nextdate))</visible>
						</item>
						<item id="3">
							<description>Year</description>
							<label>$LOCALIZE[345]</label>
							<label2>$INFO[ListItem.Year]</label2>
							<onclick>noop</onclick>
						</item>
						<item id="4">
							<description>Next Aired Status</description>
							<label>$LOCALIZE[126]</label>
							<label2>$INFO[Window(Home).Property(NextAired.Status)]</label2>
							<onclick>noop</onclick>
						</item>
						<item id="5">
							<description>First Aired</description>
							<label>$LOCALIZE[20416]</label>
							<label2>$INFO[ListItem.Premiered]</label2>
							<onclick condition="System.HasAddon(script.libraryeditor)">RunScript(script.libraryeditor,DBID=$INFO[ListItem.DBID]&amp;tag=premiered&amp;type=TVShow)</onclick>
							<onclick condition="!System.HasAddon(script.libraryeditor)">noop</onclick>
						</item>
						<item id="6">
							<description>Next Aired Latest Episode</description>
							<label>$LOCALIZE[31966]</label>
							<label2>$INFO[Window(Home).Property(NextAired.LatestSeasonNumber),S,]$INFO[Window(Home).Property(NextAired.LatestEpisodeNumber),E,.] $INFO[Window(Home).Property(NextAired.LatestTitle)] $INFO[Window(Home).Property(NextAired.LatestDate),(,)]</label2>
							<onclick>noop</onclick>
							<visible>!IsEmpty(Window(Home).Property(NextAired.LatestTitle))</visible>
						</item>
						<item id="7">
							<description>Next Aired Next Episode</description>
							<label>$LOCALIZE[31967]</label>
							<label2>$INFO[Window(Home).Property(NextAired.NextSeasonNumber),S,]$INFO[Window(Home).Property(NextAired.NextEpisodeNumber),E,.] $INFO[Window(Home).Property(NextAired.NextTitle)] $INFO[Window(Home).Property(NextAired.NextDate),(,)]</label2>
							<onclick>noop</onclick>
							<visible>!IsEmpty(Window(Home).Property(NextAired.Nextdate))</visible>
						</item>
						<item id="8">
							<description>Rating</description>
							<label>$LOCALIZE[563]</label>
							<label2>$INFO[ListItem.Rating]</label2>
							<onclick condition="System.HasAddon(script.libraryeditor)">RunScript(script.libraryeditor,DBID=$INFO[ListItem.DBID]&amp;tag=rating&amp;type=TVShow)</onclick>
							<onclick condition="!System.HasAddon(script.libraryeditor)">noop</onclick>
						</item>
						<item id="9">
							<description>File Path</description>
							<label>$LOCALIZE[573]</label>
							<label2>$INFO[ListItem.FileNameAndPath]</label2>
							<onclick>noop</onclick>
						</item>
					</content>
				</control>
				
				<control type="image">
					<left>470</left>
					<top>640</top>
					<width>710</width>
					<height>2</height>
					<animation effect="fade" end="30" condition="true">Conditional</animation>
					<texture>views/videoinfo-separator.png</texture>
				</control>
				
				<include>VideoInfoStudioMediaFlag</include>
			</control>

			<control type="textbox" id="902">
				<description>Plot</description>
				<left>470</left>
				<top>462</top>
				<width>710</width>
				<height>168</height>
				<font>FullMediaInfoDescFont</font>
				<textcolor>MediaInfoColor</textcolor>
				<shadowcolor>ShadowColor</shadowcolor>
				<align>justify</align>
				<label>$INFO[ListItem.Plot]</label>
				<pagecontrol>61</pagecontrol>
				<include>FSMediaInfoOpenCloseAnim</include>
				<autoscroll time="2000" delay="6000" repeat="10000">true</autoscroll>
				<visible>!Control.IsVisible(50) + [[Container.Content(Movies) + !Control.HasFocus(15)] | [Container.Content(TVShows) + Skin.HasSetting(UseTVShowsPosterCover)]] + IsEmpty(Skin.String(VideoInfoMenubar))</visible>
			</control>
			
			<control type="textbox" id="902">
				<description>Plot</description>
				<left>60</left>
				<top>462</top>
				<width>1160</width>
				<height>168</height>
				<font>FullMediaInfoDescFont</font>
				<textcolor>MediaInfoColor</textcolor>
				<shadowcolor>ShadowColor</shadowcolor>
				<align>justify</align>
				<label>$INFO[ListItem.Plot]</label>
				<pagecontrol>61</pagecontrol>
				<include>FSMediaInfoOpenCloseAnim</include>
				<autoscroll time="2000" delay="6000" repeat="10000">true</autoscroll>
				<visible>!Control.IsVisible(50) + [Container.Content(Episodes) | Container.Content(MusicVideos)]</visible>
			</control>
			
			<control type="textbox" id="902">
				<description>Plot</description>
				<left>653</left>
				<top>420</top>
				<width>527</width>
				<height>213</height>
				<font>FullMediaInfoDescFont</font>
				<textcolor>MediaInfoColor</textcolor>
				<shadowcolor>ShadowColor</shadowcolor>
				<align>justify</align>
				<label>$INFO[ListItem.Plot]</label>
				<pagecontrol>61</pagecontrol>
				<include>FSMediaInfoOpenCloseAnim</include>
				<autoscroll time="2000" delay="6000" repeat="10000">true</autoscroll>
				<visible>!Control.IsVisible(50) + [Container.Content(TVShows) + !Skin.HasSetting(UseTVShowsPosterCover)] + IsEmpty(Skin.String(VideoInfoMenubar))</visible>
			</control>
			
			<control type="group" id="965">
				<include>FSMediaInfoOpenCloseAnim</include>
				
				<control type="panel" id="50">
					<description>Cast</description>
					<viewtype label="">list</viewtype>
					<scrolltime>200</scrolltime>
					<pagecontrol>61</pagecontrol>
					<onleft>901</onleft>
					<ondown condition="System.HasAddon(script.extendedinfo)">RunScript(script.extendedinfo,info=extendedactorinfo,name=$INFO[Container(50).ListItem.Label])</ondown>	
					<ondown condition="System.HasAddon(script.extendedinfo)">Skin.SetString(DialogVideoInfoButtonMenu,actor)</ondown>	
					<ondown condition="!System.HasAddon(script.extendedinfo)">61</ondown>	
					<onright condition="Control.IsVisible(61)">61</onright>
					<include>FSMediaInfoOpenCloseAnim</include>
					<visible>!Control.HasFocus(15) + IsEmpty(Skin.String(VideoInfoMenubar))</visible>
					<include condition="[Container.Content(Movies) | [Container.Content(TVShows) + Skin.HasSetting(UseTVShowsPosterCover)]] + !System.HasAddon(script.extendedinfo)">DialogVideoInfoActors1</include>
					<include condition="[Container.Content(Episodes) | Container.Content(MusicVideos)] + !System.HasAddon(script.extendedinfo)">DialogVideoInfoActors2</include>
					<include condition="[Container.Content(TVShows) + !Skin.HasSetting(UseTVShowsPosterCover)] + !System.HasAddon(script.extendedinfo)">DialogVideoInfoActors3</include>
					<include condition="[Container.Content(Movies) | [Container.Content(TVShows) + Skin.HasSetting(UseTVShowsPosterCover)]] + System.HasAddon(script.extendedinfo)">DialogVideoInfoActors4</include>
					<include condition="[Container.Content(Episodes) | Container.Content(MusicVideos)] + System.HasAddon(script.extendedinfo)">DialogVideoInfoActors5</include>
					<include condition="[Container.Content(TVShows) + !Skin.HasSetting(UseTVShowsPosterCover)] + System.HasAddon(script.extendedinfo)">DialogVideoInfoActors6</include>
				</control>
				
				<control type="panel" id="966">
					<description>Similar Movies / TV Shows</description>
					<viewtype label="">list</viewtype>
					<scrolltime>200</scrolltime>
					<pagecontrol>61</pagecontrol>
					<orientation>horizontal</orientation>
					<ondown condition="Control.IsVisible(61)">61</ondown>
					<onright condition="Control.IsVisible(61)">61</onright>
					<include>FSMediaInfoOpenCloseAnim</include>
					<visible>!Control.HasFocus(15) + Skin.String(VideoInfoMenubar,SimilarVideos)</visible>
					<include condition="Container.Content(Movies) | [Container.Content(TVShows) + Skin.HasSetting(UseTVShowsPosterCover)]">DialogVideoInfoSimilar1</include>
					<include condition="Container.Content(TVShows) + !Skin.HasSetting(UseTVShowsPosterCover)">DialogVideoInfoSimilar2</include>
					<content>$VAR[SimilarVideos]</content>
				</control>
			</control>
			
			<control type="spincontrol" id="61">
				<description>Next Page</description>
				<left>1125</left>
				<top>655</top>
				<width>28</width>
				<height>28</height>
				<spinwidth>30</spinwidth>
				<spinheight>30</spinheight>
				<onup condition="!Control.IsVisible(50) + !Control.IsVisible(966)">901</onup>
				<onup condition="Control.IsVisible(50) | Control.IsVisible(966)">965</onup>
				<onleft condition="!Control.IsVisible(50) + !Control.IsVisible(966)">901</onleft>
				<onleft condition="Control.IsVisible(50) | Control.IsVisible(966)">965</onleft>
				<include>NotificationsOpenCloseAnim</include>
				<visible>[IntegerGreaterThan(Container(902).NumPages,1) + Control.IsVisible(902) + !IsEmpty(ListItem.Plot)] | [IntegerGreaterThan(Container(50).NumPages,1) + Control.IsVisible(50)] | [IntegerGreaterThan(Container(966).NumPages,1) + Skin.String(VideoInfoMenubar,SimilarVideos)]</visible>
			</control>
			
			<control type="image">
				<include>ScreenSize</include>
				<texture>dim.png</texture>
				<animation effect="fade" start="0" end="50" time="450">VisibleChange</animation>
				<visible>Window.IsActive(3009)</visible>
			</control>
		
			<control type="group" id="505">
				<description>Menu Bar Area</description>
				<top>MenuBarOffsetY</top>
				<include>MenuBarImage</include>
				<include>MenuBarOpenCloseAnim2</include>
				<include>VideoInfoMenuBar</include>
			</control>
			
			<control type="group">
				<description>Top Bar Area</description>
				<include>TopBarImage</include>
				<include>BreadCrumbMediaInfo</include>
				<include>Notifications</include>
			</control>
		</control>
	</controls>	
</window>