<?xml version="1.0" encoding="UTF-8"?>
<includes>
	<variable name="FanartImageVar">
		<value condition="!String.IsEmpty(Container(584).ListItem.Art(fanart)) + [[Container.Content(Sets) + [!System.HasAddon(script.skin.helper.service) | [System.HasAddon(script.skin.helper.service) + [Control.HasFocus(584) | Control.HasFocus(151)]]]] | Container.Content(Genres) | Container.Content(Years) | Container.Content(Actors) | Container.Content(Directors) | Container.Content(Studios) | Container.Content(Countries) | Container.Content(Tags)]">$INFO[Container(584).ListItem.Art(fanart)]</value>
		<value condition="!String.IsEmpty(Container(561).ListItem.Art(fanart)) + [Control.HasFocus(561) | Control.HasFocus(151)]">$INFO[Container(561).ListItem.Art(fanart)]</value>
		<value>$INFO[ListItem.Art(fanart)]</value>
	</variable>
	
	<variable name="ExtraFanartImageVar">
		<value condition="String.Contains(Container.FolderPath,videodb://movies/genres/) | String.Contains(Container.FolderPath,videodb://movies/years/) | String.Contains(Container.FolderPath,videodb://movies/actors/) | String.Contains(Container.FolderPath,videodb://movies/directors/) | String.Contains(Container.FolderPath,videodb://movies/studios/) | String.Contains(Container.FolderPath,videodb://movies/countries/) | String.Contains(Container.FolderPath,videodb://movies/sets/) | String.Contains(Container.FolderPath,videodb://tvshows/genres/) | String.Contains(Container.FolderPath,videodb://tvshows/years/) | String.Contains(Container.FolderPath,videodb://tvshows/actors/) | String.Contains(Container.FolderPath,videodb://tvshows/studios/) | String.Contains(Container.FolderPath,videodb://musicvideos/genres/) | String.Contains(Container.FolderPath,videodb://musicvideos/years/) | String.Contains(Container.FolderPath,videodb://musicvideos/directors/) | String.Contains(Container.FolderPath,videodb://musicvideos/studios/) | String.Contains(Container.FolderPath,/tags/)">$INFO[Container(584).ListItem.Path,,extrafanart/]</value>
		<value>$INFO[ListItem.Path,,extrafanart/]</value>
	</variable>
	
	<variable name="ExtraFanartImage2Var">
		<value condition="!String.IsEmpty(ListItem.Season)">$INFO[ListItem.Path,,extrafanart/]</value>
		<value condition="!String.IsEmpty(ListItem(1).Season)">$INFO[ListItem(1).Path,,extrafanart/]</value>
		<value>$INFO[ListItem(2).Path,,extrafanart/]</value>
	</variable>
	
	<variable name="ExtraFanartImage3Var">
		<value condition="!String.IsEmpty(ListItem.Season)">$INFO[ListItem.Path,,../extrafanart/]</value>
		<value condition="!String.IsEmpty(ListItem(1).Season)">$INFO[ListItem(1).Path,,../extrafanart/]</value>
		<value>$INFO[ListItem(2).Path,,../extrafanart/]</value>
	</variable>
	
	<variable name="GlobalBrightnessValueVar">
		<value condition="!String.IsEmpty(Skin.String(GlobalBrightnessValue))">$INFO[Skin.String(GlobalBrightnessValue)]</value>
		<value>50</value>
	</variable>
	
	<variable name="FanartBrightnessValueVar">
		<value condition="!String.IsEmpty(Skin.String(FanartBrightnessValue))">$INFO[Skin.String(FanartBrightnessValue)]</value>
		<value>30</value>
	</variable>
	
	<variable name="MusicBrightnessValueVar">
		<value condition="!String.IsEmpty(Skin.String(MusicBrightnessValue))">$INFO[Skin.String(MusicBrightnessValue)]</value>
		<value>30</value>
	</variable>
	
	<variable name="TVBrightnessValueVar">
		<value condition="!String.IsEmpty(Skin.String(TVBrightnessValue))">$INFO[Skin.String(TVBrightnessValue)]</value>
		<value>30</value>
	</variable>
	
	<variable name="RadioBrightnessValueVar">
		<value condition="!String.IsEmpty(Skin.String(RadioBrightnessValue))">$INFO[Skin.String(RadioBrightnessValue)]</value>
		<value>30</value>
	</variable>
	
	<variable name="VideosBrightnessValueVar">
		<value condition="!String.IsEmpty(Skin.String(VideosBrightnessValue))">$INFO[Skin.String(VideosBrightnessValue)]</value>
		<value>30</value>
	</variable>
	
	<variable name="MoviesBrightnessValueVar">
		<value condition="!String.IsEmpty(Skin.String(MoviesBrightnessValue))">$INFO[Skin.String(MoviesBrightnessValue)]</value>
		<value>30</value>
	</variable>
	
	<variable name="TVShowsBrightnessValueVar">
		<value condition="!String.IsEmpty(Skin.String(TVShowsBrightnessValue))">$INFO[Skin.String(TVShowsBrightnessValue)]</value>
		<value>30</value>
	</variable>
	
	<variable name="AddonsBrightnessValueVar">
		<value condition="!String.IsEmpty(Skin.String(AddonsBrightnessValue))">$INFO[Skin.String(AddonsBrightnessValue)]</value>
		<value>30</value>
	</variable>
	
	<variable name="GamesBrightnessValueVar">
		<value condition="!String.IsEmpty(Skin.String(GamesBrightnessValue))">$INFO[Skin.String(GamesBrightnessValue)]</value>
		<value>30</value>
	</variable>
	
	<variable name="PicturesBrightnessValueVar">
		<value condition="!String.IsEmpty(Skin.String(PicturesBrightnessValue))">$INFO[Skin.String(PicturesBrightnessValue)]</value>
		<value>30</value>
	</variable>
	
	<variable name="WeatherBrightnessValueVar">
		<value condition="!String.IsEmpty(Skin.String(WeatherBrightnessValue))">$INFO[Skin.String(WeatherBrightnessValue)]</value>
		<value>30</value>
	</variable>
	
	<variable name="SystemBrightnessValueVar">
		<value condition="!String.IsEmpty(Skin.String(SystemBrightnessValue))">$INFO[Skin.String(SystemBrightnessValue)]</value>
		<value>30</value>
	</variable>
	
	<include name="BrightnessAnimations">
		<animation effect="fade" end="100" reversible="false" condition="String.IsEqual(Skin.String($PARAM[type]),0)">Conditional</animation>
		<animation effect="fade" end="90" reversible="false" condition="String.IsEqual(Skin.String($PARAM[type]),10)">Conditional</animation>
		<animation effect="fade" end="80" reversible="false" condition="String.IsEqual(Skin.String($PARAM[type]),20)">Conditional</animation>
		<animation effect="fade" end="70" reversible="false" condition="String.IsEqual(Skin.String($PARAM[type]),30) | String.IsEmpty(Skin.String($PARAM[type]))">Conditional</animation>
		<animation effect="fade" end="60" reversible="false" condition="String.IsEqual(Skin.String($PARAM[type]),40)">Conditional</animation>
		<animation effect="fade" end="50" reversible="false" condition="String.IsEqual(Skin.String($PARAM[type]),50)">Conditional</animation>
		<animation effect="fade" end="40" reversible="false" condition="String.IsEqual(Skin.String($PARAM[type]),60)">Conditional</animation>
		<animation effect="fade" end="30" reversible="false" condition="String.IsEqual(Skin.String($PARAM[type]),70)">Conditional</animation>
		<animation effect="fade" end="20" reversible="false" condition="String.IsEqual(Skin.String($PARAM[type]),80)">Conditional</animation>
		<animation effect="fade" end="10" reversible="false" condition="String.IsEqual(Skin.String($PARAM[type]),90)">Conditional</animation>
		<animation effect="fade" end="0" reversible="false" condition="String.IsEqual(Skin.String($PARAM[type]),100)">Conditional</animation>
	</include>
	
	<include name="GlobalBrightnessAnimations">
		<animation effect="fade" end="100" reversible="false" condition="String.IsEqual(Skin.String(GlobalBrightnessValue),0)">Conditional</animation>
		<animation effect="fade" end="90" reversible="false" condition="String.IsEqual(Skin.String(GlobalBrightnessValue),10)">Conditional</animation>
		<animation effect="fade" end="80" reversible="false" condition="String.IsEqual(Skin.String(GlobalBrightnessValue),20)">Conditional</animation>
		<animation effect="fade" end="70" reversible="false" condition="String.IsEqual(Skin.String(GlobalBrightnessValue),30)">Conditional</animation>
		<animation effect="fade" end="60" reversible="false" condition="String.IsEqual(Skin.String(GlobalBrightnessValue),40)">Conditional</animation>
		<animation effect="fade" end="50" reversible="false" condition="String.IsEqual(Skin.String(GlobalBrightnessValue),50) | String.IsEmpty(Skin.String(GlobalBrightnessValue))">Conditional</animation>
		<animation effect="fade" end="40" reversible="false" condition="String.IsEqual(Skin.String(GlobalBrightnessValue),60)">Conditional</animation>
		<animation effect="fade" end="30" reversible="false" condition="String.IsEqual(Skin.String(GlobalBrightnessValue),70)">Conditional</animation>
		<animation effect="fade" end="20" reversible="false" condition="String.IsEqual(Skin.String(GlobalBrightnessValue),80)">Conditional</animation>
		<animation effect="fade" end="10" reversible="false" condition="String.IsEqual(Skin.String(GlobalBrightnessValue),90)">Conditional</animation>
		<animation effect="fade" end="0" reversible="false" condition="String.IsEqual(Skin.String(GlobalBrightnessValue),100)">Conditional</animation>
	</include>
	
	<include name="FanartBrightnessAnimations">
		<include content="BrightnessAnimations">
			<param name="type" value="FanartBrightnessValue" />
		</include>
	</include>
	
	<include name="MusicBrightnessAnimations">
		<include content="BrightnessAnimations">
			<param name="type" value="MusicBrightnessValue" />
		</include>
	</include>
	
	<include name="TVBrightnessAnimations">
		<include content="BrightnessAnimations">
			<param name="type" value="TVBrightnessValue" />
		</include>
	</include>
	
	<include name="RadioBrightnessAnimations">
		<include content="BrightnessAnimations">
			<param name="type" value="RadioBrightnessValue" />
		</include>
	</include>
	
	<include name="VideosBrightnessAnimations">
		<include content="BrightnessAnimations">
			<param name="type" value="VideosBrightnessValue" />
		</include>
	</include>
	
	<include name="MoviesBrightnessAnimations">
		<include content="BrightnessAnimations">
			<param name="type" value="MoviesBrightnessValue" />
		</include>
	</include>
	
	<include name="TVShowsBrightnessAnimations">
		<include content="BrightnessAnimations">
			<param name="type" value="TVShowsBrightnessValue" />
		</include>
	</include>
	
	<include name="AddonsBrightnessAnimations">
		<include content="BrightnessAnimations">
			<param name="type" value="AddonsBrightnessValue" />
		</include>
	</include>
	
	<include name="GamesBrightnessAnimations">
		<include content="BrightnessAnimations">
			<param name="type" value="GamesBrightnessValue" />
		</include>
	</include>
	
	<include name="PicturesBrightnessAnimations">
		<include content="BrightnessAnimations">
			<param name="type" value="PicturesBrightnessValue" />
		</include>
	</include>
	
	<include name="WeatherBrightnessAnimations">
		<include content="BrightnessAnimations">
			<param name="type" value="WeatherBrightnessValue" />
		</include>
	</include>
	
	<include name="SystemBrightnessAnimations">
		<include content="BrightnessAnimations">
			<param name="type" value="SystemBrightnessValue" />
		</include>
	</include>
	
	<variable name="CustomPlaylistBackgroundSortorder">
		<value condition="[Container(850).HasFocus(7) | [Skin.HasSetting(ExpandAddMoreCategorySettings) + String.IsEqual(AddMoreCategoryBtn1BackgroundImagePathLabel,$LOCALIZE[31030] ($LOCALIZE[590]))]] | [Container(850).HasFocus(8) | [Skin.HasSetting(ExpandAddMoreCategorySettings) + String.IsEqual(AddMoreCategoryBtn2BackgroundImagePathLabel,$LOCALIZE[31030] ($LOCALIZE[590]))]] | [Container(850).HasFocus(9) | [Skin.HasSetting(ExpandAddMoreCategorySettings) + String.IsEqual(AddMoreCategoryBtn3BackgroundImagePathLabel,$LOCALIZE[31030] ($LOCALIZE[590]))]] | [Container(850).HasFocus(10) | [Skin.HasSetting(ExpandAddMoreCategorySettings) + String.IsEqual(AddMoreCategoryBtn4BackgroundImagePathLabel,$LOCALIZE[31030] ($LOCALIZE[590]))]] | [Container(850).HasFocus(11) | [Skin.HasSetting(ExpandAddMoreCategorySettings2) + String.IsEqual(AddMoreCategoryBtn5BackgroundImagePathLabel,$LOCALIZE[31030] ($LOCALIZE[590]))]] | [Container(850).HasFocus(12) | [Skin.HasSetting(ExpandAddMoreCategorySettings2) + String.IsEqual(AddMoreCategoryBtn6BackgroundImagePathLabel,$LOCALIZE[31030] ($LOCALIZE[590]))]] | [Container(850).HasFocus(13) | [Skin.HasSetting(ExpandAddMoreCategorySettings2) + String.IsEqual(AddMoreCategoryBtn7BackgroundImagePathLabel,$LOCALIZE[31030] ($LOCALIZE[590]))]] | [Container(850).HasFocus(14) | [Skin.HasSetting(ExpandAddMoreCategorySettings2) + String.IsEqual(AddMoreCategoryBtn8BackgroundImagePathLabel,$LOCALIZE[31030] ($LOCALIZE[590]))]] | [Container(850).HasFocus(17) | [Skin.HasSetting(ExpandAddMoreCategorySettings3) + String.IsEqual(AddMoreCategoryBtn9BackgroundImagePathLabel,$LOCALIZE[31030] ($LOCALIZE[590]))]] | [Container(850).HasFocus(18) | [Skin.HasSetting(ExpandAddMoreCategorySettings3) + String.IsEqual(AddMoreCategoryBtn10BackgroundImagePathLabel,$LOCALIZE[31030] ($LOCALIZE[590]))]] | [Container(850).HasFocus(19) | [Skin.HasSetting(ExpandAddMoreCategorySettings3) + String.IsEqual(AddMoreCategoryBtn11BackgroundImagePathLabel,$LOCALIZE[31030] ($LOCALIZE[590]))]] | [Container(850).HasFocus(20) | [Skin.HasSetting(ExpandAddMoreCategorySettings3) + String.IsEqual(AddMoreCategoryBtn12BackgroundImagePathLabel,$LOCALIZE[31030] ($LOCALIZE[590]))]] | [Container(850).HasFocus(21) | [Skin.HasSetting(ExpandAddMoreCategorySettings4) + String.IsEqual(AddMoreCategoryBtn13BackgroundImagePathLabel,$LOCALIZE[31030] ($LOCALIZE[590]))]] | [Container(850).HasFocus(22) | [Skin.HasSetting(ExpandAddMoreCategorySettings4) + String.IsEqual(AddMoreCategoryBtn14BackgroundImagePathLabel,$LOCALIZE[31030] ($LOCALIZE[590]))]] | [Container(850).HasFocus(23) | [Skin.HasSetting(ExpandAddMoreCategorySettings4) + String.IsEqual(AddMoreCategoryBtn15BackgroundImagePathLabel,$LOCALIZE[31030] ($LOCALIZE[590]))]] | [Container(850).HasFocus(24) | [Skin.HasSetting(ExpandAddMoreCategorySettings4) + String.IsEqual(AddMoreCategoryBtn16BackgroundImagePathLabel,$LOCALIZE[31030] ($LOCALIZE[590]))]]">ascending</value>
		<value condition="[Container(850).HasFocus(7) | [Skin.HasSetting(ExpandAddMoreCategorySettings) + String.IsEqual(AddMoreCategoryBtn1BackgroundImagePathLabel,$LOCALIZE[31030] ($LOCALIZE[31924]))]] | [Container(850).HasFocus(8) | [Skin.HasSetting(ExpandAddMoreCategorySettings) + String.IsEqual(AddMoreCategoryBtn2BackgroundImagePathLabel,$LOCALIZE[31030] ($LOCALIZE[31924]))]] | [Container(850).HasFocus(9) | [Skin.HasSetting(ExpandAddMoreCategorySettings) + String.IsEqual(AddMoreCategoryBtn3BackgroundImagePathLabel,$LOCALIZE[31030] ($LOCALIZE[31924]))]] | [Container(850).HasFocus(10) | [Skin.HasSetting(ExpandAddMoreCategorySettings) + String.IsEqual(AddMoreCategoryBtn4BackgroundImagePathLabel,$LOCALIZE[31030] ($LOCALIZE[31924]))]] | [Container(850).HasFocus(11) | [Skin.HasSetting(ExpandAddMoreCategorySettings2) + String.IsEqual(AddMoreCategoryBtn5BackgroundImagePathLabel,$LOCALIZE[31030] ($LOCALIZE[31924]))]] | [Container(850).HasFocus(12) | [Skin.HasSetting(ExpandAddMoreCategorySettings2) + String.IsEqual(AddMoreCategoryBtn6BackgroundImagePathLabel,$LOCALIZE[31030] ($LOCALIZE[31924]))]] | [Container(850).HasFocus(13) | [Skin.HasSetting(ExpandAddMoreCategorySettings2) + String.IsEqual(AddMoreCategoryBtn7BackgroundImagePathLabel,$LOCALIZE[31030] ($LOCALIZE[31924]))]] | [Container(850).HasFocus(14) | [Skin.HasSetting(ExpandAddMoreCategorySettings2) + String.IsEqual(AddMoreCategoryBtn8BackgroundImagePathLabel,$LOCALIZE[31030] ($LOCALIZE[31924]))]] | [Container(850).HasFocus(17) | [Skin.HasSetting(ExpandAddMoreCategorySettings3) + String.IsEqual(AddMoreCategoryBtn9BackgroundImagePathLabel,$LOCALIZE[31030] ($LOCALIZE[31924]))]] | [Container(850).HasFocus(18) | [Skin.HasSetting(ExpandAddMoreCategorySettings3) + String.IsEqual(AddMoreCategoryBtn10BackgroundImagePathLabel,$LOCALIZE[31030] ($LOCALIZE[31924]))]] | [Container(850).HasFocus(19) | [Skin.HasSetting(ExpandAddMoreCategorySettings3) + String.IsEqual(AddMoreCategoryBtn11BackgroundImagePathLabel,$LOCALIZE[31030] ($LOCALIZE[31924]))]] | [Container(850).HasFocus(20) | [Skin.HasSetting(ExpandAddMoreCategorySettings3) + String.IsEqual(AddMoreCategoryBtn12BackgroundImagePathLabel,$LOCALIZE[31030] ($LOCALIZE[31924]))]] | [Container(850).HasFocus(21) | [Skin.HasSetting(ExpandAddMoreCategorySettings4) + String.IsEqual(AddMoreCategoryBtn13BackgroundImagePathLabel,$LOCALIZE[31030] ($LOCALIZE[31924]))]] | [Container(850).HasFocus(22) | [Skin.HasSetting(ExpandAddMoreCategorySettings4) + String.IsEqual(AddMoreCategoryBtn14BackgroundImagePathLabel,$LOCALIZE[31030] ($LOCALIZE[31924]))]] | [Container(850).HasFocus(23) | [Skin.HasSetting(ExpandAddMoreCategorySettings4) + String.IsEqual(AddMoreCategoryBtn15BackgroundImagePathLabel,$LOCALIZE[31030] ($LOCALIZE[31924]))]] | [Container(850).HasFocus(24) | [Skin.HasSetting(ExpandAddMoreCategorySettings4) + String.IsEqual(AddMoreCategoryBtn16BackgroundImagePathLabel,$LOCALIZE[31030] ($LOCALIZE[31924]))]]">descending</value>
	</variable>
	
	<variable name="CustomPlaylistBackgroundSortby">
		<value condition="[Container(850).HasFocus(7) | [Skin.HasSetting(ExpandAddMoreCategorySettings) + String.IsEqual(AddMoreCategoryBtn1BackgroundImagePathLabel,$LOCALIZE[31030] ($LOCALIZE[590]))]] | [Container(850).HasFocus(8) | [Skin.HasSetting(ExpandAddMoreCategorySettings) + String.IsEqual(AddMoreCategoryBtn2BackgroundImagePathLabel,$LOCALIZE[31030] ($LOCALIZE[590]))]] | [Container(850).HasFocus(9) | [Skin.HasSetting(ExpandAddMoreCategorySettings) + String.IsEqual(AddMoreCategoryBtn3BackgroundImagePathLabel,$LOCALIZE[31030] ($LOCALIZE[590]))]] | [Container(850).HasFocus(10) | [Skin.HasSetting(ExpandAddMoreCategorySettings) + String.IsEqual(AddMoreCategoryBtn4BackgroundImagePathLabel,$LOCALIZE[31030] ($LOCALIZE[590]))]] | [Container(850).HasFocus(11) | [Skin.HasSetting(ExpandAddMoreCategorySettings2) + String.IsEqual(AddMoreCategoryBtn5BackgroundImagePathLabel,$LOCALIZE[31030] ($LOCALIZE[590]))]] | [Container(850).HasFocus(12) | [Skin.HasSetting(ExpandAddMoreCategorySettings2) + String.IsEqual(AddMoreCategoryBtn6BackgroundImagePathLabel,$LOCALIZE[31030] ($LOCALIZE[590]))]] | [Container(850).HasFocus(13) | [Skin.HasSetting(ExpandAddMoreCategorySettings2) + String.IsEqual(AddMoreCategoryBtn7BackgroundImagePathLabel,$LOCALIZE[31030] ($LOCALIZE[590]))]] | [Container(850).HasFocus(14) | [Skin.HasSetting(ExpandAddMoreCategorySettings2) + String.IsEqual(AddMoreCategoryBtn8BackgroundImagePathLabel,$LOCALIZE[31030] ($LOCALIZE[590]))]] | [Container(850).HasFocus(17) | [Skin.HasSetting(ExpandAddMoreCategorySettings3) + String.IsEqual(AddMoreCategoryBtn9BackgroundImagePathLabel,$LOCALIZE[31030] ($LOCALIZE[590]))]] | [Container(850).HasFocus(18) | [Skin.HasSetting(ExpandAddMoreCategorySettings3) + String.IsEqual(AddMoreCategoryBtn10BackgroundImagePathLabel,$LOCALIZE[31030] ($LOCALIZE[590]))]] | [Container(850).HasFocus(19) | [Skin.HasSetting(ExpandAddMoreCategorySettings3) + String.IsEqual(AddMoreCategoryBtn11BackgroundImagePathLabel,$LOCALIZE[31030] ($LOCALIZE[590]))]] | [Container(850).HasFocus(20) | [Skin.HasSetting(ExpandAddMoreCategorySettings3) + String.IsEqual(AddMoreCategoryBtn12BackgroundImagePathLabel,$LOCALIZE[31030] ($LOCALIZE[590]))]] | [Container(850).HasFocus(21) | [Skin.HasSetting(ExpandAddMoreCategorySettings4) + String.IsEqual(AddMoreCategoryBtn13BackgroundImagePathLabel,$LOCALIZE[31030] ($LOCALIZE[590]))]] | [Container(850).HasFocus(22) | [Skin.HasSetting(ExpandAddMoreCategorySettings4) + String.IsEqual(AddMoreCategoryBtn14BackgroundImagePathLabel,$LOCALIZE[31030] ($LOCALIZE[590]))]] | [Container(850).HasFocus(23) | [Skin.HasSetting(ExpandAddMoreCategorySettings4) + String.IsEqual(AddMoreCategoryBtn15BackgroundImagePathLabel,$LOCALIZE[31030] ($LOCALIZE[590]))]] | [Container(850).HasFocus(24) | [Skin.HasSetting(ExpandAddMoreCategorySettings4) + String.IsEqual(AddMoreCategoryBtn16BackgroundImagePathLabel,$LOCALIZE[31030] ($LOCALIZE[590]))]]">random</value>
		<value condition="[Container(850).HasFocus(7) | [Skin.HasSetting(ExpandAddMoreCategorySettings) + String.IsEqual(AddMoreCategoryBtn1BackgroundImagePathLabel,$LOCALIZE[31030] ($LOCALIZE[31924]))]] | [Container(850).HasFocus(8) | [Skin.HasSetting(ExpandAddMoreCategorySettings) + String.IsEqual(AddMoreCategoryBtn2BackgroundImagePathLabel,$LOCALIZE[31030] ($LOCALIZE[31924]))]] | [Container(850).HasFocus(9) | [Skin.HasSetting(ExpandAddMoreCategorySettings) + String.IsEqual(AddMoreCategoryBtn3BackgroundImagePathLabel,$LOCALIZE[31030] ($LOCALIZE[31924]))]] | [Container(850).HasFocus(10) | [Skin.HasSetting(ExpandAddMoreCategorySettings) + String.IsEqual(AddMoreCategoryBtn4BackgroundImagePathLabel,$LOCALIZE[31030] ($LOCALIZE[31924]))]] | [Container(850).HasFocus(11) | [Skin.HasSetting(ExpandAddMoreCategorySettings2) + String.IsEqual(AddMoreCategoryBtn5BackgroundImagePathLabel,$LOCALIZE[31030] ($LOCALIZE[31924]))]] | [Container(850).HasFocus(12) | [Skin.HasSetting(ExpandAddMoreCategorySettings2) + String.IsEqual(AddMoreCategoryBtn6BackgroundImagePathLabel,$LOCALIZE[31030] ($LOCALIZE[31924]))]] | [Container(850).HasFocus(13) | [Skin.HasSetting(ExpandAddMoreCategorySettings2) + String.IsEqual(AddMoreCategoryBtn7BackgroundImagePathLabel,$LOCALIZE[31030] ($LOCALIZE[31924]))]] | [Container(850).HasFocus(14) | [Skin.HasSetting(ExpandAddMoreCategorySettings2) + String.IsEqual(AddMoreCategoryBtn8BackgroundImagePathLabel,$LOCALIZE[31030] ($LOCALIZE[31924]))]] | [Container(850).HasFocus(17) | [Skin.HasSetting(ExpandAddMoreCategorySettings3) + String.IsEqual(AddMoreCategoryBtn9BackgroundImagePathLabel,$LOCALIZE[31030] ($LOCALIZE[31924]))]] | [Container(850).HasFocus(18) | [Skin.HasSetting(ExpandAddMoreCategorySettings3) + String.IsEqual(AddMoreCategoryBtn10BackgroundImagePathLabel,$LOCALIZE[31030] ($LOCALIZE[31924]))]] | [Container(850).HasFocus(19) | [Skin.HasSetting(ExpandAddMoreCategorySettings3) + String.IsEqual(AddMoreCategoryBtn11BackgroundImagePathLabel,$LOCALIZE[31030] ($LOCALIZE[31924]))]] | [Container(850).HasFocus(20) | [Skin.HasSetting(ExpandAddMoreCategorySettings3) + String.IsEqual(AddMoreCategoryBtn12BackgroundImagePathLabel,$LOCALIZE[31030] ($LOCALIZE[31924]))]] | [Container(850).HasFocus(21) | [Skin.HasSetting(ExpandAddMoreCategorySettings4) + String.IsEqual(AddMoreCategoryBtn13BackgroundImagePathLabel,$LOCALIZE[31030] ($LOCALIZE[31924]))]] | [Container(850).HasFocus(22) | [Skin.HasSetting(ExpandAddMoreCategorySettings4) + String.IsEqual(AddMoreCategoryBtn14BackgroundImagePathLabel,$LOCALIZE[31030] ($LOCALIZE[31924]))]] | [Container(850).HasFocus(23) | [Skin.HasSetting(ExpandAddMoreCategorySettings4) + String.IsEqual(AddMoreCategoryBtn15BackgroundImagePathLabel,$LOCALIZE[31030] ($LOCALIZE[31924]))]] | [Container(850).HasFocus(24) | [Skin.HasSetting(ExpandAddMoreCategorySettings4) + String.IsEqual(AddMoreCategoryBtn16BackgroundImagePathLabel,$LOCALIZE[31030] ($LOCALIZE[31924]))]]">dateadded</value>
	</variable>
	
	<variable name="CustomPlaylistBackgroundContent">
		<value condition="Container(850).HasFocus(7) | [Skin.HasSetting(ExpandAddMoreCategorySettings) + Skin.String(AddMoreCategoryBtn1BackgroundImageType,fanart)]">$INFO[Skin.String(Custom1BackgroundImagePath)]</value>
		<value condition="Container(850).HasFocus(8) | [Skin.HasSetting(ExpandAddMoreCategorySettings) + Skin.String(AddMoreCategoryBtn2BackgroundImageType,fanart)]">$INFO[Skin.String(Custom2BackgroundImagePath)]</value>
		<value condition="Container(850).HasFocus(9) | [Skin.HasSetting(ExpandAddMoreCategorySettings) + Skin.String(AddMoreCategoryBtn3BackgroundImageType,fanart)]">$INFO[Skin.String(Custom3BackgroundImagePath)]</value>
		<value condition="Container(850).HasFocus(10) | [Skin.HasSetting(ExpandAddMoreCategorySettings) + Skin.String(AddMoreCategoryBtn4BackgroundImageType,fanart)]">$INFO[Skin.String(Custom4BackgroundImagePath)]</value>
		<value condition="Container(850).HasFocus(11) | [Skin.HasSetting(ExpandAddMoreCategorySettings2) + Skin.String(AddMoreCategoryBtn5BackgroundImageType,fanart)]">$INFO[Skin.String(Custom5BackgroundImagePath)]</value>
		<value condition="Container(850).HasFocus(12) | [Skin.HasSetting(ExpandAddMoreCategorySettings2) + Skin.String(AddMoreCategoryBtn6BackgroundImageType,fanart)]">$INFO[Skin.String(Custom6BackgroundImagePath)]</value>
		<value condition="Container(850).HasFocus(13) | [Skin.HasSetting(ExpandAddMoreCategorySettings2) + Skin.String(AddMoreCategoryBtn7BackgroundImageType,fanart)]">$INFO[Skin.String(Custom7BackgroundImagePath)]</value>
		<value condition="Container(850).HasFocus(14) | [Skin.HasSetting(ExpandAddMoreCategorySettings2) + Skin.String(AddMoreCategoryBtn8BackgroundImageType,fanart)]">$INFO[Skin.String(Custom8BackgroundImagePath)]</value>
		<value condition="Container(850).HasFocus(17) | [Skin.HasSetting(ExpandAddMoreCategorySettings3) + Skin.String(AddMoreCategoryBtn9BackgroundImageType,fanart)]">$INFO[Skin.String(Custom9BackgroundImagePath)]</value>
		<value condition="Container(850).HasFocus(18) | [Skin.HasSetting(ExpandAddMoreCategorySettings3) + Skin.String(AddMoreCategoryBtn10BackgroundImageType,fanart)]">$INFO[Skin.String(Custom10BackgroundImagePath)]</value>
		<value condition="Container(850).HasFocus(19) | [Skin.HasSetting(ExpandAddMoreCategorySettings3) + Skin.String(AddMoreCategoryBtn11BackgroundImageType,fanart)]">$INFO[Skin.String(Custom11BackgroundImagePath)]</value>
		<value condition="Container(850).HasFocus(20) | [Skin.HasSetting(ExpandAddMoreCategorySettings3) + Skin.String(AddMoreCategoryBtn12BackgroundImageType,fanart)]">$INFO[Skin.String(Custom12BackgroundImagePath)]</value>
		<value condition="Container(850).HasFocus(21) | [Skin.HasSetting(ExpandAddMoreCategorySettings4) + Skin.String(AddMoreCategoryBtn13BackgroundImageType,fanart)]">$INFO[Skin.String(Custom13BackgroundImagePath)]</value>
		<value condition="Container(850).HasFocus(22) | [Skin.HasSetting(ExpandAddMoreCategorySettings4) + Skin.String(AddMoreCategoryBtn14BackgroundImageType,fanart)]">$INFO[Skin.String(Custom14BackgroundImagePath)]</value>
		<value condition="Container(850).HasFocus(23) | [Skin.HasSetting(ExpandAddMoreCategorySettings4) + Skin.String(AddMoreCategoryBtn15BackgroundImageType,fanart)]">$INFO[Skin.String(Custom15BackgroundImagePath)]</value>
		<value condition="Container(850).HasFocus(24) | [Skin.HasSetting(ExpandAddMoreCategorySettings4) + Skin.String(AddMoreCategoryBtn16BackgroundImageType,fanart)]">$INFO[Skin.String(Custom16BackgroundImagePath)]</value>
	</variable>
	
	<include name="CustomPlaylistBackground">
		<control type="wraplist" id="9050">
			<left>2000</left>
			<autoscroll time="8000" delay="8000" repeat="10000">true</autoscroll>
			<visible>[Skin.String(AddMoreCategoryBtn1BackgroundImageType,fanart) + [String.IsEqual(Skin.String(AddMoreCategoryBtn1BackgroundImagePathLabel),$LOCALIZE[31030] ($LOCALIZE[590])) | String.IsEqual(Skin.String(AddMoreCategoryBtn1BackgroundImagePathLabel),$LOCALIZE[31030] ($LOCALIZE[31924]))]] | [Skin.String(AddMoreCategoryBtn2BackgroundImageType,fanart) + [String.IsEqual(Skin.String(AddMoreCategoryBtn2BackgroundImagePathLabel),$LOCALIZE[31030] ($LOCALIZE[590])) | String.IsEqual(Skin.String(AddMoreCategoryBtn2BackgroundImagePathLabel),$LOCALIZE[31030] ($LOCALIZE[31924]))]]
			| [Skin.String(AddMoreCategoryBtn3BackgroundImageType,fanart) + [String.IsEqual(Skin.String(AddMoreCategoryBtn3BackgroundImagePathLabel),$LOCALIZE[31030] ($LOCALIZE[590])) | String.IsEqual(Skin.String(AddMoreCategoryBtn3BackgroundImagePathLabel),$LOCALIZE[31030] ($LOCALIZE[31924]))]] | [Skin.String(AddMoreCategoryBtn4BackgroundImageType,fanart) + [String.IsEqual(Skin.String(AddMoreCategoryBtn4BackgroundImagePathLabel),$LOCALIZE[31030] ($LOCALIZE[590])) | String.IsEqual(Skin.String(AddMoreCategoryBtn4BackgroundImagePathLabel),$LOCALIZE[31030] ($LOCALIZE[31924]))]]
			| [Skin.String(AddMoreCategoryBtn5BackgroundImageType,fanart) + [String.IsEqual(Skin.String(AddMoreCategoryBtn5BackgroundImagePathLabel),$LOCALIZE[31030] ($LOCALIZE[590])) | String.IsEqual(Skin.String(AddMoreCategoryBtn5BackgroundImagePathLabel),$LOCALIZE[31030] ($LOCALIZE[31924]))]] | [Skin.String(AddMoreCategoryBtn6BackgroundImageType,fanart) + [String.IsEqual(Skin.String(AddMoreCategoryBtn6BackgroundImagePathLabel),$LOCALIZE[31030] ($LOCALIZE[590])) | String.IsEqual(Skin.String(AddMoreCategoryBtn6BackgroundImagePathLabel),$LOCALIZE[31030] ($LOCALIZE[31924]))]]
			| [Skin.String(AddMoreCategoryBtn7BackgroundImageType,fanart) + [String.IsEqual(Skin.String(AddMoreCategoryBtn7BackgroundImagePathLabel),$LOCALIZE[31030] ($LOCALIZE[590])) | String.IsEqual(Skin.String(AddMoreCategoryBtn7BackgroundImagePathLabel),$LOCALIZE[31030] ($LOCALIZE[31924]))]] | [Skin.String(AddMoreCategoryBtn8BackgroundImageType,fanart) + [String.IsEqual(Skin.String(AddMoreCategoryBtn8BackgroundImagePathLabel),$LOCALIZE[31030] ($LOCALIZE[590])) | String.IsEqual(Skin.String(AddMoreCategoryBtn8BackgroundImagePathLabel),$LOCALIZE[31030] ($LOCALIZE[31924]))]]
			| [Skin.String(AddMoreCategoryBtn9BackgroundImageType,fanart) + [String.IsEqual(Skin.String(AddMoreCategoryBtn9BackgroundImagePathLabel),$LOCALIZE[31030] ($LOCALIZE[590])) | String.IsEqual(Skin.String(AddMoreCategoryBtn9BackgroundImagePathLabel),$LOCALIZE[31030] ($LOCALIZE[31924]))]] | [Skin.String(AddMoreCategoryBtn10BackgroundImageType,fanart) + [String.IsEqual(Skin.String(AddMoreCategoryBtn10BackgroundImagePathLabel),$LOCALIZE[31030] ($LOCALIZE[590])) | String.IsEqual(Skin.String(AddMoreCategoryBtn10BackgroundImagePathLabel),$LOCALIZE[31030] ($LOCALIZE[31924]))]]
			| [Skin.String(AddMoreCategoryBtn11BackgroundImageType,fanart) + [String.IsEqual(Skin.String(AddMoreCategoryBtn11BackgroundImagePathLabel),$LOCALIZE[31030] ($LOCALIZE[590])) | String.IsEqual(Skin.String(AddMoreCategoryBtn11BackgroundImagePathLabel),$LOCALIZE[31030] ($LOCALIZE[31924]))]] | [Skin.String(AddMoreCategoryBtn12BackgroundImageType,fanart) + [String.IsEqual(Skin.String(AddMoreCategoryBtn12BackgroundImagePathLabel),$LOCALIZE[31030] ($LOCALIZE[590])) | String.IsEqual(Skin.String(AddMoreCategoryBtn12BackgroundImagePathLabel),$LOCALIZE[31030] ($LOCALIZE[31924]))]]
			| [Skin.String(AddMoreCategoryBtn13BackgroundImageType,fanart) + [String.IsEqual(Skin.String(AddMoreCategoryBtn13BackgroundImagePathLabel),$LOCALIZE[31030] ($LOCALIZE[590])) | String.IsEqual(Skin.String(AddMoreCategoryBtn13BackgroundImagePathLabel),$LOCALIZE[31030] ($LOCALIZE[31924]))]] | [Skin.String(AddMoreCategoryBtn14BackgroundImageType,fanart) + [String.IsEqual(Skin.String(AddMoreCategoryBtn14BackgroundImagePathLabel),$LOCALIZE[31030] ($LOCALIZE[590])) | String.IsEqual(Skin.String(AddMoreCategoryBtn14BackgroundImagePathLabel),$LOCALIZE[31030] ($LOCALIZE[31924]))]]
			| [Skin.String(AddMoreCategoryBtn15BackgroundImageType,fanart) + [String.IsEqual(Skin.String(AddMoreCategoryBtn15BackgroundImagePathLabel),$LOCALIZE[31030] ($LOCALIZE[590])) | String.IsEqual(Skin.String(AddMoreCategoryBtn15BackgroundImagePathLabel),$LOCALIZE[31030] ($LOCALIZE[31924]))]] | [Skin.String(AddMoreCategoryBtn16BackgroundImageType,fanart) + [String.IsEqual(Skin.String(AddMoreCategoryBtn16BackgroundImagePathLabel),$LOCALIZE[31030] ($LOCALIZE[590])) | String.IsEqual(Skin.String(AddMoreCategoryBtn16BackgroundImagePathLabel),$LOCALIZE[31030] ($LOCALIZE[31924]))]]</visible>
			<itemlayout />
			<focusedlayout />
			<content sortorder="$VAR[CustomPlaylistBackgroundSortorder]" sortby="$VAR[CustomPlaylistBackgroundSortby]">$VAR[CustomPlaylistBackgroundContent]</content>
		</control>
	</include>
	
	<include name="BackgroundLoginScreen">
		<control type="image">
			<depth>DepthBackground</depth>
			<include>BackgroundSize</include>
			<texture>background-default.png</texture>
			<aspectratio>scale</aspectratio>
			<fadetime>BackgroundCrossfadeTime</fadetime>
			<include>BackgroundVisibleAnim</include>
		</control>
	</include>
	
	<variable name="CustomWeatherBGVar">
		<value condition="Skin.String(CustomWeatherBGType,2) | Skin.String(CustomWeatherBGType,3)">$INFO[Skin.String(CustomWeatherBGPath)]</value>
		<value condition="Skin.String(CustomWeatherBGType,4)">$INFO[Skin.String(CustomWeatherBGPath)]$INFO[Window(Weather).Property(Current.FanartCode)]</value>
		<value condition="Skin.String(CustomWeatherBGType,5) + Skin.HasSetting(CustomWeatherBGPath.multi)">$INFO[Skin.String(CustomWeatherBGPath.path)]$INFO[Window(Weather).Property(Current.FanartCode)]</value>
		<value condition="Skin.String(CustomWeatherBGType,5) + !Skin.HasSetting(CustomWeatherBGPath.multi)">$INFO[Skin.String(CustomWeatherBGPath.path)]$INFO[Window(Weather).Property(Current.FanartCode),,.jpg]</value>
	</variable>
	
	<include name="BackgroundWeather">
		<control type="group">
			<include condition="![Skin.HasSetting(DisableMusicPlayingBG) | Skin.HasSetting(DisableVideoPlayingBG)]">IsMediaPlayingCondition</include>

			<control type="multiimage">
				<description>Custom Background</description>
				<include>BackgroundSize</include>
				<imagepath>$VAR[CustomWeatherBGVar]</imagepath>
				<aspectratio>scale</aspectratio>
				<timeperimage>10000</timeperimage>
				<fadetime>BackgroundCrossfadeTime</fadetime>
				<randomize>true</randomize>
				<include condition="Skin.HasSetting(AnimateBackground)">BackgroundAnim</include>
			</control>

			<control type="image">
				<include>BackgroundDim</include>
				<include>WeatherBrightnessAnimations</include>
			</control>
		</control>
	</include>
	
	<include name="BackgroundDefault">
		<control type="group">
			<control type="multiimage">
				<include>BackgroundSize</include>
				<imagepath fallback="background-default.png">$INFO[Skin.String(CustomDefaultBGPath)]</imagepath>
				<aspectratio>scale</aspectratio>
				<timeperimage>10000</timeperimage>
				<fadetime>BackgroundCrossfadeTime</fadetime>
				<randomize>true</randomize>
			</control>

			<control type="image">
				<include>BackgroundDim</include>
				<include>GlobalBrightnessAnimations</include>
			</control>
		</control>
	</include>
	
	<variable name="BackgroundHomeVar">
		<value condition="!String.IsEmpty(Container(9050).ListItem.Art(fanart))">$INFO[Container(9050).ListItem.Art(fanart)]</value>
		<value condition="!String.IsEmpty(Container(850).ListItem.Thumb)">$INFO[Container(850).ListItem.Thumb]</value>
		<value condition="!String.IsEmpty(Skin.String(CustomDefaultBGPath))">$INFO[Skin.String(CustomDefaultBGPath)]</value>
		<value>background-default.png</value>
	</variable>

	<include name="BackgroundHome">
		<control type="group">
			<include condition="![Skin.HasSetting(DisableMusicPlayingBG) | Skin.HasSetting(DisableVideoPlayingBG)]">IsMediaPlayingCondition</include>

			<control type="multiimage">
				<include>BackgroundSize</include>
				<imagepath>$VAR[BackgroundHomeVar]</imagepath>
				<aspectratio>scale</aspectratio>
				<timeperimage>10000</timeperimage>
				<fadetime>BackgroundCrossfadeTime</fadetime>
				<randomize>true</randomize>
				<animation effect="zoom" start="110" end="135" center="auto" time="15000" tween="cubic" easing="inout" pulse="true" condition="Skin.HasSetting(AnimateBackground) + !String.IsEmpty(Container(850).ListItem.Thumb)">Conditional</animation>
				<animation effect="slide" end="-20,-20" delay="4000" time="8000" tween="sine" easing="inout" pulse="true" condition="Skin.HasSetting(AnimateBackground) + !String.IsEmpty(Container(850).ListItem.Thumb)">Conditional</animation>
				<animation effect="slide" end="40,0" delay="10000" time="6000" tween="sine" easing="inout" pulse="true" condition="Skin.HasSetting(AnimateBackground) + !String.IsEmpty(Container(850).ListItem.Thumb)">Conditional</animation>
			</control>
		</control>
	</include>
	
	<variable name="CustomMusicBGVar">
		<value condition="Skin.String(CustomMusicBGType,2) | Skin.String(CustomMusicBGType,3)">$INFO[Skin.String(CustomMusicBGPath)]</value>
		<value condition="Skin.String(CustomMusicBGType,4) + [Skin.String(CustomMusicFanartBGType,random) | String.IsEmpty(Skin.String(CustomMusicFanartBGType))]">$INFO[Window(Home).Property(SkinHelper.AllMusicBackground)]</value>
		<value condition="Skin.String(CustomMusicBGType,4) + Skin.String(CustomMusicFanartBGType,recent)">$INFO[Window(Home).Property(SkinHelper.RecentMusicBackground)]</value>
	</variable>

	<include name="BackgroundMusic">
		<control type="group">
			<include condition="![Skin.HasSetting(DisableMusicPlayingBG) | Skin.HasSetting(DisableVideoPlayingBG)]">IsMediaPlayingCondition</include>

			<control type="multiimage">
				<description>Custom Background</description>
				<include>BackgroundSize</include>
				<imagepath>$VAR[CustomMusicBGVar]</imagepath>
				<aspectratio>scale</aspectratio>
				<timeperimage>10000</timeperimage>
				<fadetime>BackgroundCrossfadeTime</fadetime>
				<randomize>true</randomize>
				<include condition="Skin.HasSetting(AnimateBackground)">BackgroundAnim</include>
			</control>

			<include condition="Skin.String(CustomMusicBGType,2) | Skin.String(CustomMusicBGType,3) | Skin.String(CustomMusicBGType,4)">MusicBackgroundDim</include>
		</control>
	</include>
	
	<variable name="CustomVideosBGVar">
		<value condition="Skin.String(CustomVideosBGType,2) | Skin.String(CustomVideosBGType,3)">$INFO[Skin.String(CustomVideosBGPath)]</value>
		<value condition="Skin.String(CustomVideosBGType,4) + [Skin.String(CustomVideosFanartBGType,random) | String.IsEmpty(Skin.String(CustomVideosFanartBGType))]">$INFO[Window(Home).Property(SkinHelper.AllVideosBackground)]</value>
		<value condition="Skin.String(CustomVideosBGType,4) + Skin.String(CustomVideosFanartBGType,recent)">$INFO[Window(Home).Property(SkinHelper.RecentVideosBackground)]</value>
		<value condition="Skin.String(CustomVideosBGType,4) + Skin.String(CustomVideosFanartBGType,inprogress)">$INFO[Window(Home).Property(SkinHelper.InProgressVideosBackground)]</value>
	</variable>

	<include name="BackgroundVideos">
		<control type="group">
			<include condition="![Skin.HasSetting(DisableMusicPlayingBG) | Skin.HasSetting(DisableVideoPlayingBG)]">IsMediaPlayingCondition</include>

			<control type="multiimage">
				<description>Custom Background</description>
				<include>BackgroundSize</include>
				<imagepath>$VAR[CustomVideosBGVar]</imagepath>
				<aspectratio>scale</aspectratio>
				<timeperimage>10000</timeperimage>
				<fadetime>BackgroundCrossfadeTime</fadetime>
				<randomize>true</randomize>
				<include condition="Skin.HasSetting(AnimateBackground)">BackgroundAnim</include>
			</control>

			<include condition="Skin.String(CustomVideosBGType,2) | Skin.String(CustomVideosBGType,3) | Skin.String(CustomVideosBGType,4)">VideosBackgroundDim</include>
		</control>
	</include>
	
	<variable name="CustomMoviesBGVar">
		<value condition="Skin.String(CustomMoviesBGType,2) | Skin.String(CustomMoviesBGType,3)">$INFO[Skin.String(CustomMoviesBGPath)]</value>
		<value condition="Skin.String(CustomMoviesBGType,4) + [Skin.String(CustomMoviesFanartBGType,random) | String.IsEmpty(Skin.String(CustomMoviesFanartBGType))]">$INFO[Window(Home).Property(SkinHelper.AllMoviesBackground)]</value>
		<value condition="Skin.String(CustomMoviesBGType,4) + Skin.String(CustomMoviesFanartBGType,recent)">$INFO[Window(Home).Property(SkinHelper.RecentMoviesBackground)]</value>
		<value condition="Skin.String(CustomMoviesBGType,4) + Skin.String(CustomMoviesFanartBGType,inprogress)">$INFO[Window(Home).Property(SkinHelper.InProgressMoviesBackground)]</value>
		<value condition="Skin.String(CustomMoviesBGType,4) + Skin.String(CustomMoviesFanartBGType,unwatched)">$INFO[Window(Home).Property(SkinHelper.UnwatchedMoviesBackground)]</value>
	</variable>

	<include name="BackgroundMovies">
		<control type="group">
			<include condition="![Skin.HasSetting(DisableMusicPlayingBG) | Skin.HasSetting(DisableVideoPlayingBG)]">IsMediaPlayingCondition</include>
			<visible>Container.Content(Movies) | Container.Content(Sets)</visible>

			<control type="multiimage">
				<description>Custom Background</description>
				<include>BackgroundSize</include>
				<imagepath>$VAR[CustomMoviesBGVar]</imagepath>
				<aspectratio>scale</aspectratio>
				<timeperimage>10000</timeperimage>
				<fadetime>BackgroundCrossfadeTime</fadetime>
				<randomize>true</randomize>
				<include condition="Skin.HasSetting(AnimateBackground)">BackgroundAnim</include>
			</control>

			<include condition="Skin.String(CustomMoviesBGType,2) | Skin.String(CustomMoviesBGType,3) | Skin.String(CustomMoviesBGType,4)">MoviesBackgroundDim</include>
		</control>
	</include>
	
	<variable name="CustomTVShowsBGVar">
		<value condition="Skin.String(CustomTVShowsBGType,2) | Skin.String(CustomTVShowsBGType,3)">$INFO[Skin.String(CustomTVShowsBGPath)]</value>
		<value condition="Skin.String(CustomTVShowsBGType,4) + [Skin.String(CustomTVShowsFanartBGType,random) | String.IsEmpty(Skin.String(CustomTVShowsFanartBGType))]">$INFO[Window(Home).Property(SkinHelper.AllTvShowsBackground)]</value>
		<value condition="Skin.String(CustomTVShowsBGType,4) + Skin.String(CustomTVShowsFanartBGType,recent)">$INFO[Window(Home).Property(SkinHelper.RecentEpisodesBackground)]</value>
		<value condition="Skin.String(CustomTVShowsBGType,4) + Skin.String(CustomTVShowsFanartBGType,inprogress)">$INFO[Window(Home).Property(SkinHelper.InProgressShowsBackground)]</value>
	</variable>

	<include name="BackgroundTVShows">
		<control type="group">
			<include condition="![Skin.HasSetting(DisableMusicPlayingBG) | Skin.HasSetting(DisableVideoPlayingBG)]">IsMediaPlayingCondition</include>
			<visible>Container.Content(TVShows) | Container.Content(Episodes)</visible>

			<control type="multiimage">
				<description>Custom Background</description>
				<include>BackgroundSize</include>
				<imagepath>$VAR[CustomTVShowsBGVar]</imagepath>
				<aspectratio>scale</aspectratio>
				<timeperimage>10000</timeperimage>
				<fadetime>BackgroundCrossfadeTime</fadetime>
				<randomize>true</randomize>
				<include condition="Skin.HasSetting(AnimateBackground)">BackgroundAnim</include>
			</control>

			<include condition="Skin.String(CustomTVShowsBGType,2) | Skin.String(CustomTVShowsBGType,3) | Skin.String(CustomTVShowsBGType,4)">TVShowsBackgroundDim</include>
		</control>
	</include>

	<include name="BackgroundPrograms">
		<control type="group">
			<include condition="![Skin.HasSetting(DisableMusicPlayingBG) | Skin.HasSetting(DisableVideoPlayingBG)]">IsMediaPlayingCondition</include>

			<control type="multiimage">
				<description>Custom Background</description>
				<include>BackgroundSize</include>
				<imagepath>$INFO[Skin.String(CustomAddonsBGPath)]</imagepath>
				<aspectratio>scale</aspectratio>
				<timeperimage>10000</timeperimage>
				<fadetime>BackgroundCrossfadeTime</fadetime>
				<randomize>true</randomize>
				<include condition="Skin.HasSetting(AnimateBackground)">BackgroundAnim</include>
			</control>

			<control type="image">
				<include>BackgroundDim</include>
				<include>AddonsBrightnessAnimations</include>
			</control>
		</control>
	</include>

	<include name="BackgroundGames">
		<control type="group">
			<include condition="![Skin.HasSetting(DisableMusicPlayingBG) | Skin.HasSetting(DisableVideoPlayingBG)]">IsMediaPlayingCondition</include>

			<control type="multiimage">
				<description>Custom Background</description>
				<include>BackgroundSize</include>
				<imagepath>$INFO[Skin.String(CustomGamesBGPath)]</imagepath>
				<aspectratio>scale</aspectratio>
				<timeperimage>10000</timeperimage>
				<fadetime>BackgroundCrossfadeTime</fadetime>
				<randomize>true</randomize>
				<include condition="Skin.HasSetting(AnimateBackground)">BackgroundAnim</include>
			</control>

			<control type="image">
				<include>BackgroundDim</include>
				<include>GamesBrightnessAnimations</include>
			</control>
		</control>
	</include>
	
	<variable name="CustomPicturesBGPath">
		<value condition="Skin.String(CustomPicturesBGType,2) | Skin.String(CustomPicturesBGType,3)">$INFO[Skin.String(CustomPicturesBGPath)]</value>
		<value condition="System.HasAddon(plugin.image.mypicsdb) + [Skin.String(CustomPicturesBGType,4) | Skin.String(CustomPicturesBGType,5)]">$INFO[Control.GetLabel(4165)]</value>
	</variable>
	
	<include name="BackgroundPictures">
		<control type="group">
			<include condition="![Skin.HasSetting(DisableMusicPlayingBG) | Skin.HasSetting(DisableVideoPlayingBG)]">IsMediaPlayingCondition</include>

			<control type="multiimage">
				<description>Custom Background</description>
				<include>BackgroundSize</include>
				<imagepath>$VAR[CustomPicturesBGPath]</imagepath>
				<aspectratio>scale</aspectratio>
				<timeperimage>10000</timeperimage>
				<fadetime>BackgroundCrossfadeTime</fadetime>
				<randomize>true</randomize>
				<include condition="Skin.HasSetting(AnimateBackground)">BackgroundAnim</include>
			</control>

			<control type="image">
				<include>BackgroundDim</include>
				<include>PicturesBrightnessAnimations</include>
			</control>
		</control>
	</include>

	<include name="BackgroundSystem">
		<control type="group">
			<control type="multiimage">
				<description>Custom Background</description>
				<include>BackgroundSize</include>
				<imagepath>$INFO[Skin.String(CustomSystemBGPath)]</imagepath>
				<aspectratio>scale</aspectratio>
				<timeperimage>10000</timeperimage>
				<fadetime>BackgroundCrossfadeTime</fadetime>
				<randomize>true</randomize>
				<include condition="Skin.HasSetting(AnimateBackground)">BackgroundAnim</include>
			</control>

			<control type="image">
				<include>BackgroundDim</include>
				<include>SystemBrightnessAnimations</include>
			</control>
		</control>
	</include>
	
	<variable name="CustomPVRBGPath">
		<value condition="Skin.String(CustomPVRBGType,2) | Skin.String(CustomPVRBGType,3)">$INFO[Skin.String(CustomPVRBGPath)]</value>
		<value condition="Skin.String(CustomPVRBGType,4)">$INFO[Window(Home).Property(SkinHelper.PvrBackground)]</value>
	</variable>
	
	<include name="BackgroundPVR">
		<control type="group">
			<include condition="![Skin.HasSetting(DisableMusicPlayingBG) | Skin.HasSetting(DisableVideoPlayingBG)]">IsMediaPlayingCondition</include>

			<control type="multiimage">
				<description>Custom Background</description>
				<include>BackgroundSize</include>
				<imagepath>$VAR[CustomPVRBGPath]</imagepath>
				<aspectratio>scale</aspectratio>
				<timeperimage>10000</timeperimage>
				<fadetime>BackgroundCrossfadeTime</fadetime>
				<randomize>true</randomize>
				<include condition="Skin.HasSetting(AnimateBackground)">BackgroundAnim</include>
			</control>

			<control type="image">
				<include>BackgroundDim</include>
				<include>TVBrightnessAnimations</include>
			</control>
		</control>
	</include>
	
	<variable name="CustomPVRRadioBGPath">
		<value condition="Skin.String(CustomPVRRadioBGType,2) | Skin.String(CustomPVRRadioBGType,3)">$INFO[Skin.String(CustomPVRRadioBGPath)]</value>
		<value condition="Skin.String(CustomPVRRadioBGType,4)">$INFO[Window(Home).Property(SkinHelper.PvrBackground)]</value>
	</variable>
	
	<include name="BackgroundPVRRadio">
		<control type="group">
			<include condition="![Skin.HasSetting(DisableMusicPlayingBG) | Skin.HasSetting(DisableVideoPlayingBG)]">IsMediaPlayingCondition</include>

			<control type="multiimage">
				<description>Custom Background</description>
				<include>BackgroundSize</include>
				<imagepath>$VAR[CustomPVRRadioBGPath]</imagepath>
				<aspectratio>scale</aspectratio>
				<timeperimage>10000</timeperimage>
				<fadetime>BackgroundCrossfadeTime</fadetime>
				<randomize>true</randomize>
				<include condition="Skin.HasSetting(AnimateBackground)">BackgroundAnim</include>
			</control>

			<control type="image">
				<include>BackgroundDim</include>
				<include>RadioBrightnessAnimations</include>
			</control>
		</control>
	</include>

	<include name="BackgroundMusicPlaying">
		<control type="group">
			<visible>Player.HasAudio</visible>
			<include>BackgroundVisibleAnim</include>
			
			<control type="visualisation" id="9010">
				<description>Visualization</description>
				<include>BackgroundSize</include>
				<visible>!SlideShow.IsActive</visible>
				<visible>[!Skin.HasSetting(UseFanartForMusicPlayingBG) | Skin.HasSetting(UseVisualizationAndFanartForMusicPlayingBG)] + ![String.IsEqual(Visualisation.Name,spectrum) | String.IsEqual(Visualisation.Name,waveform)] + !String.IsEmpty(Visualisation.Name)</visible>
			</control>
			
			<include condition="[[Skin.HasSetting(UseFanartForMusicPlayingBG) | Skin.HasSetting(UseVisualizationAndFanartForMusicPlayingBG)] + !Skin.HasSetting(EnableArtistFanartSlideshow)]
			| [[Skin.HasSetting(UseFanartForMusicPlayingBG) | Skin.HasSetting(UseVisualizationAndFanartForMusicPlayingBG)] + !System.HasAddon(script.artistslideshow)]">MusicPlayingArtistFanart</include>
			<include condition="System.HasAddon(script.artistslideshow) + [Skin.HasSetting(UseFanartForMusicPlayingBG) | Skin.HasSetting(UseVisualizationAndFanartForMusicPlayingBG)] + Skin.HasSetting(EnableArtistFanartSlideshow)">MusicPlayingArtistFanartSlideshow</include>
			<include condition="![Skin.HasSetting(UseFanartForMusicPlayingBG) | Skin.HasSetting(UseVisualizationAndFanartForMusicPlayingBG)] + !Window.IsActive(Home)">MediaPlayingVizDim</include>
			<include condition="[Skin.HasSetting(UseFanartForMusicPlayingBG) | Skin.HasSetting(UseVisualizationAndFanartForMusicPlayingBG)] + !Window.IsActive(Home)">MediaPlayingFanartDim</include>
			
			<control type="visualisation">
				<description>Visualization</description>
				<include>BackgroundSize</include>
				<visible>!SlideShow.IsActive</visible>
				<visible>[!Skin.HasSetting(UseFanartForMusicPlayingBG) | Skin.HasSetting(UseVisualizationAndFanartForMusicPlayingBG)] + [String.IsEqual(Visualisation.Name,spectrum) | String.IsEqual(Visualisation.Name,waveform)]</visible>
			</control>
		</control>
	</include>

	<include name="BackgroundVideoPlaying">
		<control type="group">
			<visible>Player.HasVideo</visible>
			<include>BackgroundVisibleAnim</include>

			<control type="videowindow">
				<description>Video</description>
				<include>BackgroundSize</include>
				<visible>!SlideShow.IsActive</visible>
			</control>

			<include condition="![Window.IsActive(Home) | Window.IsActive(TVGuide)]">MediaPlayingVizDim</include>
		</control>
	</include>

	<include name="BackgroundVideoFanart">
		<control type="group">
			<include condition="![Skin.HasSetting(DisableMusicPlayingBG) | Skin.HasSetting(DisableVideoPlayingBG) | [[Player.HasAudio | [!Player.HasVideo + Skin.HasSetting(PlayTrailerWindowed)]] + Window.IsActive(MovieInformation)]]">IsMediaPlayingCondition</include>

			<control type="group">
				<visible>Container.Content(Movies) | Container.Content(Sets) | Window.IsActive(VideoPlaylist) | [Control.IsVisible(585) + [String.Contains(Container.FolderPath,videodb://movies/genres/) | String.Contains(Container.FolderPath,videodb://movies/years/) | String.Contains(Container.FolderPath,videodb://movies/actors/) | String.Contains(Container.FolderPath,videodb://movies/directors/) | String.Contains(Container.FolderPath,videodb://movies/studios/) | String.Contains(Container.FolderPath,videodb://movies/countries/) | String.Contains(Container.FolderPath,videodb://movies/tags/)]]</visible>
				<visible>[[Window.IsActive(MovieInformation) | Control.IsVisible(52) | Control.IsVisible(53) | Control.IsVisible(54)
				| Control.IsVisible(58) | Control.IsVisible(66) | Control.IsVisible(95) | Control.IsVisible(97) | Control.IsVisible(583) | Control.IsVisible(585) | Control.IsVisible(588)] + !Skin.HasSetting(EnableMoviesFanart)]
				| [Control.IsVisible(580) + !Skin.HasSetting(EnableVideoPlaylistFanart)]
				| Control.IsVisible(59)</visible>
				<include>BackgroundVisibleAnim</include>
				<include>FanartImage</include>
				<include condition="Skin.HasSetting(EnableMoviesExtraFanart)">ExtraFanartImage</include>
				<include>FanartDim</include>
			</control>
			
			<control type="group">
				<visible>Container.Content(MusicVideos) | Window.IsActive(VideoPlaylist) | [Control.IsVisible(585) + [String.Contains(Container.FolderPath,videodb://musicvideos/genres/) | String.Contains(Container.FolderPath,videodb://musicvideos/years/) | String.Contains(Container.FolderPath,videodb://musicvideos/directors/) | String.Contains(Container.FolderPath,videodb://musicvideos/studios/) | String.Contains(Container.FolderPath,videodb://musicvideos/tags/)]]</visible>
				<visible>[[Window.IsActive(MovieInformation) | Control.IsVisible(50) | Control.IsVisible(52) | Control.IsVisible(585)
				| Control.IsVisible(587)] + !Skin.HasSetting(EnableMusicVideosFanart)]
				| [Control.IsVisible(580) + !Skin.HasSetting(EnableVideoPlaylistFanart)]</visible>
				<include>BackgroundVisibleAnim</include>
				<include>FanartImage</include>
				<include condition="Skin.HasSetting(EnableMusicVideosExtraFanart)">ExtraFanartImage</include>
				<include>FanartDim</include>
			</control>

			<control type="group">
				<visible>[[Window.IsActive(MovieInformation) | Control.IsVisible(50) | Control.IsVisible(52) | Control.IsVisible(54)
				| Control.IsVisible(61) | Control.IsVisible(65) | Control.IsVisible(68) | Control.IsVisible(73) | Control.IsVisible(94) | Control.IsVisible(100) | Control.IsVisible(577) | Control.IsVisible(583) | Control.IsVisible(585) | Control.IsVisible(588) | Control.IsVisible(589)] + !Skin.HasSetting(EnableTVShowsFanart)]
				| [Control.IsVisible(580) + !Skin.HasSetting(EnableVideoPlaylistFanart)]</visible>
				<control type="group">
					<visible>Container.Content(TVShows) | [Control.IsVisible(585) + [String.Contains(Container.FolderPath,videodb://tvshows/genres/) | String.Contains(Container.FolderPath,videodb://tvshows/years/) | String.Contains(Container.FolderPath,videodb://tvshows/actors/) | String.Contains(Container.FolderPath,videodb://tvshows/studios/) | String.Contains(Container.FolderPath,videodb://tvshows/tags/)]]</visible>
					<include>BackgroundVisibleAnim</include>
					<include>FanartImage</include>
					<include condition="Skin.HasSetting(EnableTVShowsExtraFanart)">ExtraFanartImage</include>
					<include>FanartDim</include>
				</control>
				<control type="group">
					<visible>Container.Content(Episodes) | Container.Content(Seasons) | Window.IsActive(VideoPlaylist)</visible>
					<include>BackgroundVisibleAnim</include>
					<include>FanartImage</include>
					<include>ParentFanartImage</include>
					<include condition="Skin.HasSetting(EnableTVShowsExtraFanart)">ExtraFanartImage2</include>
					<include condition="Skin.HasSetting(EnableTVShowsExtraFanart)">ExtraFanartImage3</include>
					<include>FanartDim</include>
				</control>
			</control>
			
			<control type="group">
				<visible>Container.Content(Videos)</visible>
				<visible>[Window.IsActive(MovieInformation) | Control.IsVisible(50) | Control.IsVisible(52) | Control.IsVisible(530) | Control.IsVisible(531) | Control.IsVisible(532)] + !Skin.HasSetting(EnableVideosFanart)</visible>
				<include>BackgroundVisibleAnim</include>
				<include>FanartImage</include>
				<include>FanartDim</include>
			</control>
			
			<control type="group">
				<visible>Window.IsActive(MyPVRRecordings.xml)</visible>
				<visible>[Control.IsVisible(50) | Window.IsActive(DialogPVRInfo.xml)] + !Skin.HasSetting(EnablePVRFanart)</visible>
				<include>BackgroundVisibleAnim</include>
				<include>FanartImage</include>
				<include>FanartDim</include>
			</control>
		</control>
	</include>

	<include name="BackgroundMusicFanart">
		<control type="group">
			<include condition="![Skin.HasSetting(DisableMusicPlayingBG) | Skin.HasSetting(DisableVideoPlayingBG)]">IsMediaPlayingCondition</include>
			<visible>Container.Content(Albums) | Container.Content(Songs) | Container.Content(Artists) | Window.IsActive(MusicPlaylist) | [Control.IsVisible(585) + [String.Contains(Container.FolderPath,musicdb://genres/) | String.Contains(Container.FolderPath,musicdb://years/)]]</visible>
			<visible>[[Window.IsActive(DialogMusicInfo.xml) | Control.IsVisible(50) | Control.IsVisible(52) | Control.IsVisible(62) | Control.IsVisible(63) | Control.IsVisible(64)
			| Control.IsVisible(67) | Control.IsVisible(72) | Control.IsVisible(96) | Control.IsVisible(585) | Control.IsVisible(599)] + !Skin.HasSetting(EnableMusicFanart)]
			| [Control.IsVisible(580) + !Skin.HasSetting(EnableMusicPlaylistFanart)]</visible>
			<include>BackgroundVisibleAnim</include>
			<include>FanartImage</include>
			<include>FanartDim</include>
		</control>
	</include>

	<include name="BackgroundAddonsFanart">
		<control type="group">
			<include condition="![Skin.HasSetting(DisableMusicPlayingBG) | Skin.HasSetting(DisableVideoPlayingBG)]">IsMediaPlayingCondition</include>
			<visible>Container.Content(Addons) | Window.IsActive(1116)</visible>
			<visible>[Window.IsActive(AddonInformation) | Control.IsVisible(52) | Control.IsVisible(63) | Control.IsVisible(91) | Control.IsVisible(93) | Control.IsVisible(561)] + !Skin.HasSetting(EnableAddonsFanart)</visible> 
			<include>BackgroundVisibleAnim</include>
			<include>FanartImage</include>
			<include>FanartDim</include>
		</control>
	</include>

	<include name="BackgroundProgramsFanart">
		<control type="group">
			<include condition="![Skin.HasSetting(DisableMusicPlayingBG) | Skin.HasSetting(DisableVideoPlayingBG)]">IsMediaPlayingCondition</include>
			<visible>String.Contains(Container.FolderPath,plugin://plugin.program)</visible>
			<visible>[Window.IsActive(1122) | Control.IsVisible(590) | Control.IsVisible(591) | Control.IsVisible(592)] + !Skin.HasSetting(EnableProgramsFanart)</visible>
			<include>BackgroundVisibleAnim</include>
			<include>FanartImage</include>
			<include>FanartDim</include>
		</control>
	</include>
	
	<variable name="BackgroundGenreFanartVar">
		<value condition="String.Contains(Container.FolderPath,videodb://musicvideos/genres/) | Window.IsActive(Music)">$INFO[Skin.String(MusicGenreFanartAddon.path)]$INFO[ListItem.Label,,.jpg]</value>
		<value condition="Window.IsActive(Videos)">$INFO[Skin.String(MovieGenreFanartAddon.path)]$INFO[ListItem.Label,,.jpg]</value>
	</variable>
	
	<include name="BackgroundGenreFanart">
		<control type="group">
			<include condition="![Skin.HasSetting(DisableMusicPlayingBG) | Skin.HasSetting(DisableVideoPlayingBG)]">IsMediaPlayingCondition</include>
			<visible>![Control.HasFocus(151) | Control.HasFocus(584) | ListItem.IsParentFolder]</visible>
			<include>BackgroundVisibleAnim</include>
			<control type="image">
				<include>BackgroundSize</include>
				<texture background="true">$VAR[BackgroundGenreFanartVar]</texture>
				<aspectratio>scale</aspectratio>
				<fadetime>FanartCrossfadeTime</fadetime>
				<include condition="Skin.HasSetting(AnimateFanart)">BackgroundAnim</include>
			</control>
			<include>FanartDim</include>
		</control>
	</include>
	
	<variable name="BackgroundGlobalSearchVar">
		<value condition="!String.IsEmpty(Container.ListItem.Art(tvshow.fanart))">$INFO[Container.ListItem.Art(tvshow.fanart)]</value>
		<value>$INFO[Container.ListItem.Art(fanart)]</value>
	</variable>
	
	<include name="BackgroundGlobalSearch">
		<control type="group">
			<control type="image">
				<description>Fanart Background</description>
				<include>BackgroundSize</include>
				<texture background="true">$VAR[BackgroundGlobalSearchVar]</texture>
				<aspectratio>scale</aspectratio>
				<fadetime>BackgroundCrossfadeTime</fadetime>
				<visible>![String.IsEmpty(Container.ListItem.Art(fanart)) + String.IsEmpty(Container.ListItem.Art(tvshow.fanart))]</visible>
			</control>

			<control type="image">
				<include>BackgroundDim</include>
				<animation effect="fade" end="80" reversible="false" condition="true">Conditional</animation>
			</control>
		</control>
	</include>

	<include name="FanartImage">
		<control type="image">
			<include>BackgroundSize</include>
			<texture background="true">$VAR[FanartImageVar]</texture>
			<aspectratio>scale</aspectratio>
			<fadetime>FanartCrossfadeTime</fadetime>
			<include condition="Skin.HasSetting(AnimateFanart)">BackgroundAnim</include>
			<visible>!String.IsEmpty(ListItem.Art(fanart)) | !String.IsEmpty(Container(561).ListItem.Art(fanart)) | !String.IsEmpty(Container(584).ListItem.Art(fanart))</visible>
		</control>
	</include>

	<include name="ParentFanartImage">
		<control type="image">
			<include>BackgroundSize</include>
			<texture background="true">$INFO[Fanart.Image]</texture>
			<aspectratio>scale</aspectratio>
			<fadetime>FanartCrossfadeTime</fadetime>
			<include condition="Skin.HasSetting(AnimateFanart)">BackgroundAnim</include>
			<visible>!String.IsEmpty(Fanart.Image)</visible>
		</control>
	</include>

	<include name="ExtraFanartImage">
		<control type="multiimage">
			<include>BackgroundSize</include>
			<imagepath background="true">$VAR[ExtraFanartImageVar]</imagepath>
			<aspectratio>scale</aspectratio>
			<timeperimage>10000</timeperimage>
			<fadetime>FanartCrossfadeTime</fadetime>
			<randomize>true</randomize>
			<include condition="Skin.HasSetting(AnimateFanart)">BackgroundAnim</include>
		</control>
	</include>

	<include name="ExtraFanartImage2">
		<control type="multiimage">
			<include>BackgroundSize</include>
			<imagepath background="true">$VAR[ExtraFanartImage2Var]</imagepath>
			<aspectratio>scale</aspectratio>
			<timeperimage>10000</timeperimage>
			<fadetime>FanartCrossfadeTime</fadetime>
			<randomize>true</randomize>
			<include condition="Skin.HasSetting(AnimateFanart)">BackgroundAnim</include>
		</control>
	</include>
	
	<include name="ExtraFanartImage3">
		<control type="multiimage">
			<include>BackgroundSize</include>
			<imagepath background="true">$VAR[ExtraFanartImage3Var]</imagepath>
			<aspectratio>scale</aspectratio>
			<timeperimage>10000</timeperimage>
			<fadetime>FanartCrossfadeTime</fadetime>
			<randomize>true</randomize>
			<include condition="Skin.HasSetting(AnimateFanart)">BackgroundAnim</include>
		</control>
	</include>

	<include name="BackgroundDim">
		<include>BackgroundSize</include>
		<texture>views/fanart-dim.png</texture>
	</include>

	<include name="MediaPlayingVizDim">
		<control type="image">
			<include>BackgroundDim</include>
		</control>
	</include>

	<include name="MediaPlayingFanartDim">
		<control type="image">
			<include>BackgroundDim</include>
			<visible>!String.IsEmpty(Player.Art(fanart))</visible>
			<include>FanartBrightnessAnimations</include>
		</control>
	</include>

	<include name="FanartDim">
		<control type="image">
			<include>BackgroundDim</include>
			<visible>!String.IsEmpty(ListItem.Art(fanart)) | !String.IsEmpty(Container(561).ListItem.Art(fanart)) | !String.IsEmpty(Container(584).ListItem.Art(fanart))</visible>
			<include>FanartBrightnessAnimations</include>
		</control>
	</include>

	<include name="MusicBackgroundDim">
		<control type="image">
			<include>BackgroundDim</include>
			<include>MusicBrightnessAnimations</include>
		</control>
	</include>

	<include name="VideosBackgroundDim">
		<control type="image">
			<include>BackgroundDim</include>
			<include>VideosBrightnessAnimations</include>
		</control>
	</include>

	<include name="MoviesBackgroundDim">
		<control type="image">
			<include>BackgroundDim</include>
			<include>MoviesBrightnessAnimations</include>
		</control>
	</include>

	<include name="TVShowsBackgroundDim">
		<control type="image">
			<include>BackgroundDim</include>
			<include>TVShowsBrightnessAnimations</include>
		</control>
	</include>

	<include name="IsMediaPlayingCondition">
		<visible>!Player.HasMedia</visible>
	</include>
	
	<include name="MusicPlayingArtistFanart">
		<control type="image">
			<include>ScreenSize</include>
			<texture>$INFO[Player.Art(fanart)]</texture>
			<aspectratio>scale</aspectratio>
			<animation effect="fade" start="100" end="40" condition="Control.IsVisible(9010)">Conditional</animation>
			<include condition="Skin.HasSetting(AnimateFanartMusicPlayingBG)">BackgroundAnim</include>
		</control>
	</include>
	
	<variable name="MusicPlayingArtistFanartSlideshowVar">
		<value condition="!String.IsEmpty(Window(Visualisation).Property(ArtistSlideshow.ArtworkReady))">$INFO[Window(Visualisation).Property(ArtistSlideshow)]</value>
		<value>$INFO[Player.Art(artist.fanart)]</value>
	</variable>
	
	<include name="MusicPlayingArtistFanartSlideshow">
		<control type="multiimage">
			<include>BackgroundSize</include>
			<imagepath>$VAR[MusicPlayingArtistFanartSlideshowVar]</imagepath>
			<aspectratio>scale</aspectratio>
			<timeperimage>10000</timeperimage>
			<fadetime>BackgroundCrossfadeTime</fadetime>
			<randomize>true</randomize>
			<visible>!String.IsEmpty(Window(Visualisation).Property(ArtistSlideshow.ArtworkReady))</visible>
			<animation effect="fade" start="0" end="100" time="300">VisibleChange</animation>
			<animation effect="fade" start="100" end="40" condition="Control.IsVisible(9010)">Conditional</animation>
			<include condition="Skin.HasSetting(AnimateFanartMusicPlayingBG)">BackgroundAnim</include>
		</control>
	</include>
	
	<include name="MyPicsDBFadelabels">
		<control type="fadelabel" id="4165">
			<pauseatend>7000</pauseatend>
			<left>1500</left>
			<font>font13</font>
			<textcolor>00FFFFFF</textcolor>
			<label>$INFO[Window(Home).Property(MyPicsDBLatest.1.Path)]</label>
			<label>$INFO[Window(Home).Property(MyPicsDBLatest.2.Path)]</label>
			<label>$INFO[Window(Home).Property(MyPicsDBLatest.3.Path)]</label>
			<label>$INFO[Window(Home).Property(MyPicsDBLatest.4.Path)]</label>
			<label>$INFO[Window(Home).Property(MyPicsDBLatest.5.Path)]</label>
			<label>$INFO[Window(Home).Property(MyPicsDBLatest.6.Path)]</label>
			<label>$INFO[Window(Home).Property(MyPicsDBLatest.7.Path)]</label>
			<label>$INFO[Window(Home).Property(MyPicsDBLatest.8.Path)]</label>
			<label>$INFO[Window(Home).Property(MyPicsDBLatest.9.Path)]</label>
			<label>$INFO[Window(Home).Property(MyPicsDBLatest.10.Path)]</label>
			<label>$INFO[Window(Home).Property(MyPicsDBLatest.11.Path)]</label>
			<label>$INFO[Window(Home).Property(MyPicsDBLatest.12.Path)]</label>
			<label>$INFO[Window(Home).Property(MyPicsDBLatest.13.Path)]</label>
			<label>$INFO[Window(Home).Property(MyPicsDBLatest.14.Path)]</label>
			<label>$INFO[Window(Home).Property(MyPicsDBLatest.15.Path)]</label>
			<label>$INFO[Window(Home).Property(MyPicsDBLatest.16.Path)]</label>
			<label>$INFO[Window(Home).Property(MyPicsDBLatest.17.Path)]</label>
			<label>$INFO[Window(Home).Property(MyPicsDBLatest.18.Path)]</label>
			<label>$INFO[Window(Home).Property(MyPicsDBLatest.19.Path)]</label>
			<label>$INFO[Window(Home).Property(MyPicsDBLatest.20.Path)]</label>
			<visible>Skin.String(CustomPicturesBGType,4)</visible>
		</control>
		
		<control type="fadelabel" id="4165">
			<pauseatend>7000</pauseatend>
			<left>1500</left>
			<font>font13</font>
			<textcolor>00FFFFFF</textcolor>
			<label>$INFO[Window(Home).Property(MyPicsDBRandom.1.Path)]</label>
			<label>$INFO[Window(Home).Property(MyPicsDBRandom.2.Path)]</label>
			<label>$INFO[Window(Home).Property(MyPicsDBRandom.3.Path)]</label>
			<label>$INFO[Window(Home).Property(MyPicsDBRandom.4.Path)]</label>
			<label>$INFO[Window(Home).Property(MyPicsDBRandom.5.Path)]</label>
			<label>$INFO[Window(Home).Property(MyPicsDBRandom.6.Path)]</label>
			<label>$INFO[Window(Home).Property(MyPicsDBRandom.7.Path)]</label>
			<label>$INFO[Window(Home).Property(MyPicsDBRandom.8.Path)]</label>
			<label>$INFO[Window(Home).Property(MyPicsDBRandom.9.Path)]</label>
			<label>$INFO[Window(Home).Property(MyPicsDBRandom.10.Path)]</label>
			<label>$INFO[Window(Home).Property(MyPicsDBRandom.11.Path)]</label>
			<label>$INFO[Window(Home).Property(MyPicsDBRandom.12.Path)]</label>
			<label>$INFO[Window(Home).Property(MyPicsDBRandom.13.Path)]</label>
			<label>$INFO[Window(Home).Property(MyPicsDBRandom.14.Path)]</label>
			<label>$INFO[Window(Home).Property(MyPicsDBRandom.15.Path)]</label>
			<label>$INFO[Window(Home).Property(MyPicsDBRandom.16.Path)]</label>
			<label>$INFO[Window(Home).Property(MyPicsDBRandom.17.Path)]</label>
			<label>$INFO[Window(Home).Property(MyPicsDBRandom.18.Path)]</label>
			<label>$INFO[Window(Home).Property(MyPicsDBRandom.19.Path)]</label>
			<label>$INFO[Window(Home).Property(MyPicsDBRandom.20.Path)]</label>
			<visible>Skin.String(CustomPicturesBGType,5)</visible>
		</control>
	</include>
</includes>