<?xml version="1.0" encoding="UTF-8"?>
<window id="610">
	<defaultcontrol always="true">11</defaultcontrol>

	<coordinates>
		<system>1</system>
		<origin x="758" y="92">true</origin>
	</coordinates>

	<controls>
		<control type="group">
			<depth>DepthOSD</depth>
			<include>PVRGuideOSDDialogBox</include>
			<include>DialogOpenCloseAnim</include>	

			<control type="label">
				<description>Title</description>
				<width>420</width>
				<label>$LOCALIZE[19069] - $INFO[VideoPlayer.ChannelName]</label>
				<include>DialogTitle</include>
			</control>

			<control type="group">
				<left>DialogMarginOffsetX</left>
				<top>DialogMarginOffsetY</top>

				<control type="list" id="11">
					<width>430</width>
					<height>444</height>
					<onleft>noop</onleft>
					<onright>12</onright>
					<onup>11</onup>
					<ondown>11</ondown>
					<pagecontrol>12</pagecontrol>
					<preloaditems>2</preloaditems>
					<scrolltime tween="sine" easing="inout">300</scrolltime>
					<itemlayout height="74">
						<control type="image">
							<left>0</left>
							<width>430</width>
							<height>74</height>	
							<texture border="0,0,10,2">views/list-separator.png</texture>
							<aspectratio>stretch</aspectratio>
						</control>

						<control type="label">
							<description>Time</description>
							<left>10</left>
							<top>13</top>
							<width>74</width>
							<font>ListFont</font>
							<textcolor>MediaInfoItemColor</textcolor>
							<shadowcolor>ShadowColor</shadowcolor>
							<label>$INFO[ListItem.StartTime]</label>
						</control>

						<control type="label">
							<description>Label</description>
							<left>88</left>
							<top>13</top>
							<width>300</width>
							<font>ListFont</font>
							<textcolor>ListColor</textcolor>
							<shadowcolor>ShadowColor</shadowcolor>
							<label>$INFO[ListItem.Title]</label>
							<scroll>true</scroll>
						</control>

						<control type="label">
							<description>Label2</description>
							<left>88</left>
							<top>38</top>
							<width>300</width>
							<font>ListFont2</font>
							<textcolor>ListColor2</textcolor>
							<shadowcolor>ShadowColor</shadowcolor>
							<label>$INFO[ListItem.StartDate]</label>
						</control>
					</itemlayout>

					<focusedlayout height="74">	
						<control type="image">
							<left>0</left>
							<width>430</width>
							<height>74</height>	
							<texture border="0,0,10,2">views/list-separator.png</texture>
							<aspectratio>stretch</aspectratio>
						</control>

						<control type="image">
							<left>0</left>
							<width>430</width>
							<height>73</height>
							<texture border="4">views/list-focus.png</texture>
							<aspectratio>stretch</aspectratio>
							<visible>Control.HasFocus(11)</visible>
							<include>ListViewSelectFadeAnim</include>
							<include>ListViewScrollAnim</include>
						</control>

						<control type="image">
							<left>0</left>
							<width>430</width>
							<height>73</height>
							<texture border="4">views/list-alt-focus.png</texture>
							<aspectratio>stretch</aspectratio>
							<visible>!Control.HasFocus(11)</visible>
							<include>ListViewSelectFadeAnim2</include>
						</control>

						<control type="group">
							<include>ListViewFocusAnim</include>
							<control type="label">
								<description>Time</description>
								<left>10</left>
								<top>13</top>
								<width>74</width>
								<font>ListFont</font>
								<textcolor>MediaInfoItemColor</textcolor>
								<shadowcolor>ShadowColor</shadowcolor>
								<label>$INFO[ListItem.StartTime]</label>
							</control>

							<control type="label">
								<description>Label</description>
								<left>88</left>
								<top>13</top>
								<width>300</width>
								<font>ListFont</font>
								<textcolor>SelectedColor</textcolor>
								<shadowcolor>ShadowColor</shadowcolor>
								<label>$INFO[ListItem.Title]</label>
								<scroll>true</scroll>
							</control>

							<control type="label">
								<description>Label2</description>
								<left>88</left>
								<top>38</top>
								<width>300</width>
								<font>ListFont2</font>
								<textcolor>ListColor2</textcolor>
								<shadowcolor>ShadowColor</shadowcolor>	
								<label>$INFO[ListItem.StartDate]</label>
							</control>
						</control>
					</focusedlayout>
				</control>
			</control>

			<control type="spincontrol" id="12">
				<description>Next Page</description>
				<left>425</left>
				<top>513</top>
				<font>-</font>
				<onup>11</onup>
			</control>
		</control>
	</controls>
</window>