<?xml version="1.0" encoding="UTF-8"?>
<window id="139">
	<defaultcontrol always="true">5</defaultcontrol>
	<allowoverlay>no</allowoverlay>

	<coordinates>
		<system>1</system>
		<origin x="194" y="168">true</origin>
	</coordinates>
	
	<controls>
		<control type="group">
			<include>PictureInfoDialogBox</include>
			<include>DialogOpenCloseAnim</include>
			
			<control type="label">
				<description>Title</description>
				<left>328</left>
				<top>39</top>
				<width>408</width>
				<height>16</height>
				<font>DialogTitleFont</font>
				<textcolor>DialogTitleColor</textcolor>
				<aligny>center</aligny>
				<scroll>true</scroll>
				<label>$LOCALIZE[13406]</label>
			</control>
				
			<control type="image">
				<description>Default Cover Background</description>
				<left>DialogMarginOffsetX</left>
				<top>Dialog4MarginOffsetY</top>
				<width>286</width>
				<height>286</height>
				<texture border="5">panels/panel-content-border.png</texture>
				<aspectratio>stretch</aspectratio>
				<visible>IsEmpty(ListItem.Thumb)</visible>
				<animation effect="fade" end="75" condition="true">Conditional</animation>
			</control>
			
			<control type="image">
				<description>Default Cover</description>
				<left>DialogMarginOffsetX</left>
				<top>Dialog4MarginOffsetY</top>
				<width>286</width>
				<height>286</height>
				<texture>DefaultPicture.png</texture>
				<bordersize>35</bordersize>
				<aspectratio>keep</aspectratio>
				<visible>IsEmpty(ListItem.Thumb)</visible>
			</control>

			<control type="image">
				<description>Cover</description>
				<left>DialogMarginOffsetX</left>
				<top>Dialog4MarginOffsetY</top>
				<width>286</width>
				<height>286</height>
				<texture diffuse="covers/player-control-media-cover-diffuse.png">$INFO[ListItem.Thumb]</texture>
				<aspectratio>keep</aspectratio>
			</control>
			
			<control type="grouplist">
				<description>Media Info Background</description>
				<left>328</left>
				<top>65</top>
				<width>528</width>
				<itemgap>0</itemgap>
				<usecontrolcoords>true</usecontrolcoords>
				<orientation>vertical</orientation>
				<animation effect="fade" end="5" condition="true">Conditional</animation>
				<control type="image">
					<width>528</width>
					<height>32</height>
					<texture border="5">panels/panel-content-border2.png</texture>
				</control>
				<control type="image">
					<height>32</height>
				</control>
				<control type="image">
					<width>528</width>
					<height>32</height>
					<texture border="5">panels/panel-content-border2.png</texture>
				</control>
				<control type="image">
					<height>32</height>
				</control>
				<control type="image">
					<width>528</width>
					<height>32</height>
					<texture border="5">panels/panel-content-border2.png</texture>
				</control>
				<control type="image">
					<height>32</height>
				</control>
				<control type="image">
					<width>528</width>
					<height>32</height>
					<texture border="5">panels/panel-content-border2.png</texture>
				</control>
			</control>
			
			<control type="panel" id="5">
				<left>328</left>
				<top>65</top>
				<width>528</width>
				<height>256</height>
				<viewtype label="">list</viewtype>
				<scrolltime>200</scrolltime>
				<itemgap>0</itemgap>
				<pagecontrol>101</pagecontrol>
				<onup>5</onup>
				<ondown>5</ondown>
				<onleft>9001</onleft>
				<onright>101</onright>
				<itemlayout height="32" width="528">	
					<control type="label">
						<left>5</left>
						<top>-1</top>
						<width>150</width>
						<height>32</height>
						<font>DialogMediaInfoFont</font>
						<textcolor>MediaInfoItemColor</textcolor>
						<align>right</align>
						<aligny>center</aligny>
						<info>ListItem.Label</info>
					</control>
					<control type="label">
						<left>165</left>
						<top>-1</top>
						<width>353</width>
						<height>32</height>
						<font>DialogMediaInfoFont</font>
						<textcolor>MediaInfoItemColor2</textcolor>
						<aligny>center</aligny>
						<label fallback="31000">$INFO[ListItem.Label2]</label>
					</control>		
				</itemlayout>				
				<focusedlayout height="32" width="528">
					<control type="image">
						<width>528</width>
						<height>32</height>
						<texture border="4">views/list-focus.png</texture>
						<include>ListViewSelectFadeAnim</include>
					</control>									
					<control type="label">
						<left>5</left>
						<top>-1</top>
						<width>150</width>
						<height>32</height>
						<font>DialogMediaInfoFont</font>
						<textcolor>MediaInfoItemColor</textcolor>
						<align>right</align>
						<aligny>center</aligny>
						<info>ListItem.Label</info>
					</control>
					<control type="label">
						<left>165</left>
						<top>-1</top>
						<width>353</width>
						<height>32</height>
						<font>DialogMediaInfoFont</font>
						<textcolor>SelectedColor</textcolor>
						<aligny>center</aligny>
						<scroll>true</scroll>
						<label fallback="31000">$INFO[ListItem.Label2]</label>
					</control>		
				</focusedlayout>
			</control>
			
			<control type="spincontrol" id="101">
				<description>Next Page</description>
				<left>810</left>
				<top>338</top>
				<align>right</align>
				<onup>5</onup>
				<ondown>5</ondown>
				<onleft>9001</onleft>
				<onright>9001</onright>
			</control>
			
			<control type="group">			
				<description>Dialog Button Area</description>			
				<centerleft>446</centerleft>
				<top>330</top>
				<width>170</width>
				<itemgap>0</itemgap>
				<orientation>horizontal</orientation>
				<control type="button" id="9001">
					<description>OK</description>
					<include>DialogMenuBarBtn</include>
					<onup>5</onup>
					<ondown>5</ondown>
					<onright>101</onright>
					<onleft>101</onleft>
					<onclick>PreviousMenu</onclick>
					<label>$LOCALIZE[186]</label>
				</control>			
			</control>
		</control>
	</controls>
</window>