<?xml version="1.0" encoding="UTF-8"?>
<window>
	<defaultcontrol>1000</defaultcontrol>
	<allowoverlay>no</allowoverlay>

	<coordinates>
		<system>1</system>
		<origin x="468" y="148">true</origin>
	</coordinates>	

	<controls>
		<control type="group">
			<include>DialogOpenCloseAnim</include>
			
			<control type="grouplist">
				<width>344</width>
				<itemgap>0</itemgap>
				<control type="image">
					<description>Context Menu Top</description>
					<width>344</width>
					<height>32</height>
					<texture border="40,30,40,0">gui/context-menu-top.png</texture>
				</control>
				
				<control type="image" id="999">
					<description>Context Menu Middle</description>
					<width>344</width>
					<height>720</height>
					<texture border="40,2,40,2">gui/context-menu-middle.png</texture>
				</control>
				
				<control type="image">
					<description>Context Menu Bottom</description>
					<width>344</width>
					<height>32</height>
					<texture border="40,0,40,30">gui/context-menu-bottom.png</texture>
				</control>
			</control>
			
			<control type="grouplist" id="996">
				<top>32</top>
				<left>32</left>
				<width>280</width>
				<height max="720">auto</height>
				<itemgap>2</itemgap>
				<control type="button" id="995">
					<description>Button Trailer</description>
					<label>$LOCALIZE[20410]</label>
					<onclick condition="!IsEmpty(ListItem.Trailer)">PlayMedia($ESCINFO[ListItem.Trailer],noresume)</onclick>
					<onclick condition="IsEmpty(ListItem.Trailer) + !Container.Content(Episodes)">ActivateWindow(videos,$INFO[ListItem.Label,plugin://plugin.video.youtube/kodion/search/query/?q=, trailer],return)</onclick>
					<onclick condition="IsEmpty(ListItem.Trailer) + Container.Content(Episodes)">ActivateWindow(videos,plugin://plugin.video.youtube/kodion/search/query/?q=$INFO[ListItem.TVShowTitle] $INFO[ListItem.Label] trailer],return)</onclick>
					<include>ContextMenuBtn</include>
					<visible>Container.Content(Movies) | Container.Content(TVShows)</visible>
				</control>
				<control type="button" id="1000">
					<description>Button Template</description>
					<left>32</left>
					<include>ContextMenuBtn</include>
				</control>
				<control type="button" id="2001">
					<description>ExtendedInfo</description>
					<label>$VAR[ContextMenuLabel2001]</label>
					<onclick condition="Container.Content(Actors) | Container.Content(Directors) | Container.Content(Artists)">RunScript(script.extendedinfo,info=extendedactorinfo,name=$INFO[ListItem.Label])</onclick>
					<onclick condition="Container.Content(Movies)">RunScript(script.extendedinfo,info=extendedinfo,dbid=$INFO[ListItem.DBID],id=$INFO[ListItem.Property(id)])</onclick>
					<onclick condition="Container.Content(TVShows)">RunScript(script.extendedinfo,info=extendedtvinfo,dbid=$INFO[ListItem.DBID],id=$INFO[ListItem.Property(id)])</onclick>
					<onclick condition="Container.Content(Seasons) + !IsEmpty(ListItem.Season)">RunScript(script.extendedinfo,info=seasoninfo,tvshow=$INFO[ListItem.TVShowTitle],season=$INFO[ListItem.Season])</onclick>
					<onclick condition="[Container.Content(Seasons) + IsEmpty(ListItem.Season)] | Container.Content(Episodes)">RunScript(script.extendedinfo,info=extendedtvinfo,name=$INFO[ListItem(2).TVShowTitle])</onclick>
					<include>ContextMenuBtn</include>
					<visible>[Container.Content(Artists) | [[Container.Content(Actors) | Container.Content(Directors) | [Container.Content(Movies) + !ListItem.IsCollection] | Container.Content(TVShows) | Container.Content(Seasons) | Container.Content(Episodes)] + !System.HasAddon(context.extendedinfo.dialog)]] + System.HasAddon(script.extendedinfo)</visible>
				</control>
				<control type="button" id="2064">
					<description>Movie Set Information</description>
					<label>$LOCALIZE[31040]</label>
					<onclick>ActivateWindow(3008)</onclick>
					<include>ContextMenuBtn</include>
					<visible>System.HasAddon(script.skin.helper.service) + !IsEmpty(ListItem.DBID) + ListItem.IsCollection</visible>
				</control>
				<control type="button" id="2065">
					<description>Cinema Experience / CinemaVision</description>
					<label>$VAR[CinemaLabelVar]</label>
					<onclick condition="!System.HasAddon(script.cinemavision)">RunScript(script.cinema.experience,movieid=$INFO[ListItem.DBID])</onclick>
					<onclick condition="System.HasAddon(script.cinemavision)">RunScript(script.cinemavision,experience)</onclick>
					<include>ContextMenuBtn</include>
					<visible>[[System.HasAddon(script.cinema.experience) + Container.Content(Movies)] | [System.HasAddon(script.cinemavision) + [Container.Content(Movies) | Container.Content(TVShows) | Container.Content(Seasons) | Container.Content(Episodes)]]] + !IsEmpty(ListItem.DBID)</visible>
				</control>
				<control type="button" id="2066">
					<description>Change Info Labels</description>
					<label>$LOCALIZE[31034]</label>
					<onclick>RunScript(script.libraryeditor,DBID=$INFO[ListItem.DBID])</onclick>
					<include>ContextMenuBtn</include>
					<visible>System.HasAddon(script.libraryeditor) + !IsEmpty(ListItem.DBID) + !ListItem.IsCollection + !Skin.HasSetting(EnableKioskMode)</visible>
					<visible>Container.Content(movies) | Container.Content(tvshows) | Container.Content(episodes) | Container.Content(musicvideos) | Container.Content(artists) | Container.Content(albums) | Container.Content(songs)</visible>
				</control>
			</control>
			
			<control type="button">
				<left>284</left>
				<top>8</top>
				<include>DialogCloseBtn</include>
			</control>
		</control>		
	</controls>	
</window>