<?xml version="1.0" encoding="UTF-8"?>
<window>
	<defaultcontrol always="true">50</defaultcontrol>
	<allowoverlay>no</allowoverlay>
	<views>50</views>
	<controls>
		<control type="group">	
			<include>BackgroundDefault</include>
			<include condition="[!IsEmpty(Skin.String(CustomPVRBGPath)) + [Skin.String(CustomPVRBGType,2) | Skin.String(CustomPVRBGType,3) | Skin.String(CustomPVRBGType,4)]]
			+ Skin.HasSetting(ApplyAllPVRCustomBG)">BackgroundPVR</include>
			<include>BackgroundOpenCloseAnim</include>	
		</control>
	
		<include>LiveTVColumnInfoArea</include>
	
		<control type="group" id="500">
			<defaultcontrol always="true">50</defaultcontrol>
			<left>40</left>
			<top>110</top>
			<include>ControlsOpenCloseAnim</include>

			<include>LiveTVColumnHeaderArea</include>

			<control type="group">
				<top>76</top>
				<include>LiveTVColumnItemLayout</include>
				<visible>StringCompare(Container(50).ListItemPosition(1).ChannelName,)</visible>
			</control>
			<control type="group">
				<top>118</top>
				<include>LiveTVColumnItemLayout</include>
				<visible>StringCompare(Container(50).ListItemPosition(2).ChannelName,)</visible>
			</control>
			<control type="group">
				<top>160</top>
				<include>LiveTVColumnItemLayout</include>
				<visible>StringCompare(Container(50).ListItemPosition(3).ChannelName,)</visible>
			</control>
			<control type="group">
				<top>202</top>
				<include>LiveTVColumnItemLayout</include>
				<visible>StringCompare(Container(50).ListItemPosition(4).ChannelName,)</visible>
			</control>
			<control type="group">
				<top>244</top>
				<include>LiveTVColumnItemLayout</include>
				<visible>StringCompare(Container(50).ListItemPosition(5).ChannelName,)</visible>
			</control>
			<control type="group">
				<top>286</top>
				<include>LiveTVColumnItemLayout</include>
				<visible>StringCompare(Container(50).ListItemPosition(6).ChannelName,)</visible>
			</control>
			<control type="group">
				<top>328</top>
				<include>LiveTVColumnItemLayout</include>
				<visible>StringCompare(Container(50).ListItemPosition(7).ChannelName,)</visible>
			</control>

			<control type="list" id="50">
				<top>34</top>
				<width>1220</width>
				<height>336</height>
				<onup>50</onup>
				<ondown>50</ondown>
				<onleft>850</onleft>
				<onright condition="Control.IsVisible(904)">904</onright>
				<onright condition="!Control.IsVisible(904)">850</onright>
				<pagecontrol>904</pagecontrol>
				<preloaditems>2</preloaditems>
				<itemlayout height="42">
					<include>LiveTVColumnItemLayout</include>
					<include>LiveTVColumnLayoutArea3</include>
				</itemlayout>
				<focusedlayout height="42">
					<include>LiveTVColumnFocusedLayout</include>
					<include>LiveTVColumnLayoutArea3</include>
				</focusedlayout>
			</control>

			<include>ColumnsViewScrollbar</include>
			<include>ViewsDialogPopUpScreenDim</include>
		</control>
		
		<include>PVRMenuBar</include>

		<control type="group">
			<description>Top Bar Area</description>
			<visible>![System.IdleTime(3) + !Control.IsVisible(505) + Skin.HasSetting(HideTopBar) + !Control.HasFocus(555)]</visible>
			<include>TopBarImage</include>
			<include>TopBarOpenCloseAnim</include>
			<include>BreadCrumbPVR</include>
			<include>Notifications</include>
		</control>
	</controls>
</window>