<?xml version="1.0" encoding="UTF-8"?>
<window type="dialog" id="1115">
	<defaultcontrol always="true">9003</defaultcontrol>
	
	<coordinates>
		<system>1</system>
		<top>88</top>
		<left>425</left>
	</coordinates>
	
	<controls>
		<control type="group">
			<depth>DepthDialog+</depth>
			<include>DialogOpenCloseAnim</include>
			
			<control type="button" id="9003">
				<left>1500</left>
				<onfocus condition="!Integer.IsEqual(Container(9000).NumItems,0)">SetFocus(9000)</onfocus>
				<onfocus condition="Integer.IsEqual(Container(9000).NumItems,0)">SetFocus(9002)</onfocus>
			</control>
			
			<include content="DialogWithCloseBtn">
				<param name="width" value="430"/>
				<param name="height" value="594" />
				<param name="left" value="370" />
			</include>

			<control type="label">
				<width>350</width>
				<label>$LOCALIZE[31178]</label>
				<include>DialogTitle</include>
			</control>
			
			<control type="panel" id="9000">
				<left>DialogMarginOffsetX</left>
				<top>DialogMarginOffsetY</top>
				<width>360</width>
				<height>481</height>
				<pagecontrol>9001</pagecontrol>
				<scrolltime>200</scrolltime>
				<onup>9000</onup>
				<ondown>9000</ondown>
				<onleft>9002</onleft>
				<onright condition="Control.IsVisible(9001)">9001</onright>
				<onright condition="!Control.IsVisible(9001)">9002</onright>
				<itemlayout height="37" width="360">		
					<control type="image">
						<width>360</width>
						<height>35</height>
						<texture border="5">controls/button-nofocus.png</texture>
					</control>					
					<control type="label">
						<left>8</left>
						<width>344</width>
						<height>35</height>
						<font>ButtonFont2</font>
						<textcolor>ButtonColor</textcolor>
						<aligny>center</aligny>
						<info>ListItem.Label</info>
					</control>				
				</itemlayout>				
				<focusedlayout height="37" width="360">
					<control type="image">
						<width>360</width>
						<height>35</height>
						<texture border="5">controls/button-nofocus.png</texture>
					</control>
					<control type="image">
						<width>360</width>
						<height>35</height>
						<texture border="5">controls/button-focus.png</texture>
						<animation type="Focus" condition="Container(9000).OnNext + ![Skin.String(LowCPUPowerMode,Animations) | Skin.String(LowCPUPowerMode,Full)]" reversible="false">
							<effect type="Fade" start="40" end="100" time="500" tween="back" easing="in"/>
							<effect type="slide" start="0,-35" time="200" tween="sine" easing="out"/>
						</animation>						
						<animation type="Focus" condition="Container(9000).OnPrevious + ![Skin.String(LowCPUPowerMode,Animations) | Skin.String(LowCPUPowerMode,Full)]" reversible="false">
							<effect type="Fade" start="40" end="100" time="500" tween="back" easing="in"/>
							<effect type="slide" start="0,35" time="200" tween="sine" easing="out"/>
						</animation>
					</control>					
					<control type="label">
						<left>8</left>
						<width>344</width>
						<height>35</height>
						<font>ButtonFont2</font>
						<textcolor>ButtonFocusColor</textcolor>
						<aligny>center</aligny>
						<info>ListItem.Label</info>
						<visible>String.IsEmpty(ListItem.Icon)</visible>
					</control>
					<control type="label">
						<left>8</left>
						<width>232</width>
						<height>35</height>
						<font>ButtonFont2</font>
						<textcolor>ButtonFocusColor</textcolor>
						<aligny>center</aligny>
						<info>ListItem.Label</info>
						<visible>!String.IsEmpty(ListItem.Icon)</visible>
					</control>
					<control type="image">
						<top>-4</top>
						<left>250</left>
						<width>100</width>
						<height>35</height>
						<texture>$INFO[ListItem.Icon]</texture>
						<colordiffuse>ButtonFocusColor</colordiffuse>
						<aspectratio>keep</aspectratio>
						<animation type="Focus" condition="Container(9000).OnNext + ![Skin.String(LowCPUPowerMode,Animations) | Skin.String(LowCPUPowerMode,Full)]" reversible="false">
							<effect type="Fade" start="40" end="100" time="500" tween="back" easing="in"/>
							<effect type="slide" start="0,-35" time="200" tween="sine" easing="out"/>
						</animation>						
						<animation type="Focus" condition="Container(9000).OnPrevious + ![Skin.String(LowCPUPowerMode,Animations) | Skin.String(LowCPUPowerMode,Full)]" reversible="false">
							<effect type="Fade" start="40" end="100" time="500" tween="back" easing="in"/>
							<effect type="slide" start="0,35" time="200" tween="sine" easing="out"/>
						</animation>
						<visible>!String.IsEmpty(ListItem.Icon)</visible>
					</control>
				</focusedlayout>
				<content>
					<item>
						<label>$LOCALIZE[2]</label>
						<onclick>Dialog.Close(1115)</onclick>
						<onclick>Skin.SetString($INFO[Skin.String(ReorderCategoriesParam)],$LOCALIZE[2])</onclick>
						<visible>!Skin.HasSetting(HideMusicCategory) + ![String.IsEqual(Skin.String(ReorderCategories1),$LOCALIZE[2]) | String.IsEqual(Skin.String(ReorderCategories2),$LOCALIZE[2]) | String.IsEqual(Skin.String(ReorderCategories3),$LOCALIZE[2]) | String.IsEqual(Skin.String(ReorderCategories4),$LOCALIZE[2]) | String.IsEqual(Skin.String(ReorderCategories5),$LOCALIZE[2]) | String.IsEqual(Skin.String(ReorderCategories6),$LOCALIZE[2]) | String.IsEqual(Skin.String(ReorderCategories7),$LOCALIZE[2]) | String.IsEqual(Skin.String(ReorderCategories8),$LOCALIZE[2]) | String.IsEqual(Skin.String(ReorderCategories9),$LOCALIZE[2]) | String.IsEqual(Skin.String(ReorderCategories10),$LOCALIZE[2]) | String.IsEqual(Skin.String(ReorderCategories11),$LOCALIZE[2]) | String.IsEqual(Skin.String(ReorderCategories12),$LOCALIZE[2]) | String.IsEqual(Skin.String(ReorderCategories12),$LOCALIZE[2]) | String.IsEqual(Skin.String(ReorderCategories13),$LOCALIZE[2]) | String.IsEqual(Skin.String(ReorderCategories14),$LOCALIZE[2]) | String.IsEqual(Skin.String(ReorderCategories15),$LOCALIZE[2]) | String.IsEqual(Skin.String(ReorderCategories16),$LOCALIZE[2]) | String.IsEqual(Skin.String(ReorderCategories17),$LOCALIZE[2]) | String.IsEqual(Skin.String(ReorderCategories18),$LOCALIZE[2]) | String.IsEqual(Skin.String(ReorderCategories19),$LOCALIZE[2]) | String.IsEqual(Skin.String(ReorderCategories20),$LOCALIZE[2]) | String.IsEqual(Skin.String(ReorderCategories21),$LOCALIZE[2]) | String.IsEqual(Skin.String(ReorderCategories22),$LOCALIZE[2]) | String.IsEqual(Skin.String(ReorderCategories23),$LOCALIZE[2]) | String.IsEqual(Skin.String(ReorderCategories24),$LOCALIZE[2]) | String.IsEqual(Skin.String(ReorderCategories25),$LOCALIZE[2]) | String.IsEqual(Skin.String(ReorderCategories26),$LOCALIZE[2]) | String.IsEqual(Skin.String(ReorderCategories27),$LOCALIZE[2]) | String.IsEqual(Skin.String(ReorderCategories28),$LOCALIZE[2])]</visible>
					</item>
					<item>
						<label>$LOCALIZE[3]</label>
						<onclick>Dialog.Close(1115)</onclick>
						<onclick>Skin.SetString($INFO[Skin.String(ReorderCategoriesParam)],$LOCALIZE[3])</onclick>
						<visible>!Skin.HasSetting(HideVideosCategory) + ![String.IsEqual(Skin.String(ReorderCategories1),$LOCALIZE[3]) | String.IsEqual(Skin.String(ReorderCategories2),$LOCALIZE[3]) | String.IsEqual(Skin.String(ReorderCategories3),$LOCALIZE[3]) | String.IsEqual(Skin.String(ReorderCategories4),$LOCALIZE[3]) | String.IsEqual(Skin.String(ReorderCategories5),$LOCALIZE[3]) | String.IsEqual(Skin.String(ReorderCategories6),$LOCALIZE[3]) | String.IsEqual(Skin.String(ReorderCategories7),$LOCALIZE[3]) | String.IsEqual(Skin.String(ReorderCategories8),$LOCALIZE[3]) | String.IsEqual(Skin.String(ReorderCategories9),$LOCALIZE[3]) | String.IsEqual(Skin.String(ReorderCategories10),$LOCALIZE[3]) | String.IsEqual(Skin.String(ReorderCategories11),$LOCALIZE[3]) | String.IsEqual(Skin.String(ReorderCategories12),$LOCALIZE[3]) | String.IsEqual(Skin.String(ReorderCategories12),$LOCALIZE[3]) | String.IsEqual(Skin.String(ReorderCategories13),$LOCALIZE[3]) | String.IsEqual(Skin.String(ReorderCategories14),$LOCALIZE[3]) | String.IsEqual(Skin.String(ReorderCategories15),$LOCALIZE[3]) | String.IsEqual(Skin.String(ReorderCategories16),$LOCALIZE[3]) | String.IsEqual(Skin.String(ReorderCategories17),$LOCALIZE[3]) | String.IsEqual(Skin.String(ReorderCategories18),$LOCALIZE[3]) | String.IsEqual(Skin.String(ReorderCategories19),$LOCALIZE[3]) | String.IsEqual(Skin.String(ReorderCategories20),$LOCALIZE[3]) | String.IsEqual(Skin.String(ReorderCategories21),$LOCALIZE[3]) | String.IsEqual(Skin.String(ReorderCategories22),$LOCALIZE[3]) | String.IsEqual(Skin.String(ReorderCategories23),$LOCALIZE[3]) | String.IsEqual(Skin.String(ReorderCategories24),$LOCALIZE[3]) | String.IsEqual(Skin.String(ReorderCategories25),$LOCALIZE[3]) | String.IsEqual(Skin.String(ReorderCategories26),$LOCALIZE[3]) | String.IsEqual(Skin.String(ReorderCategories27),$LOCALIZE[3]) | String.IsEqual(Skin.String(ReorderCategories28),$LOCALIZE[3])]</visible>
					</item>
					<item>
						<label>$LOCALIZE[342]</label>
						<onclick>Dialog.Close(1115)</onclick>
						<onclick>Skin.SetString($INFO[Skin.String(ReorderCategoriesParam)],$LOCALIZE[342])</onclick>
						<visible>!Skin.HasSetting(HideMoviesCategory) + ![String.IsEqual(Skin.String(ReorderCategories1),$LOCALIZE[342]) | String.IsEqual(Skin.String(ReorderCategories2),$LOCALIZE[342]) | String.IsEqual(Skin.String(ReorderCategories3),$LOCALIZE[342]) | String.IsEqual(Skin.String(ReorderCategories4),$LOCALIZE[342]) | String.IsEqual(Skin.String(ReorderCategories5),$LOCALIZE[342]) | String.IsEqual(Skin.String(ReorderCategories6),$LOCALIZE[342]) | String.IsEqual(Skin.String(ReorderCategories7),$LOCALIZE[342]) | String.IsEqual(Skin.String(ReorderCategories8),$LOCALIZE[342]) | String.IsEqual(Skin.String(ReorderCategories9),$LOCALIZE[342]) | String.IsEqual(Skin.String(ReorderCategories10),$LOCALIZE[342]) | String.IsEqual(Skin.String(ReorderCategories11),$LOCALIZE[342]) | String.IsEqual(Skin.String(ReorderCategories12),$LOCALIZE[342]) | String.IsEqual(Skin.String(ReorderCategories12),$LOCALIZE[342]) | String.IsEqual(Skin.String(ReorderCategories13),$LOCALIZE[342]) | String.IsEqual(Skin.String(ReorderCategories14),$LOCALIZE[342]) | String.IsEqual(Skin.String(ReorderCategories15),$LOCALIZE[342]) | String.IsEqual(Skin.String(ReorderCategories16),$LOCALIZE[342]) | String.IsEqual(Skin.String(ReorderCategories17),$LOCALIZE[342]) | String.IsEqual(Skin.String(ReorderCategories18),$LOCALIZE[342]) | String.IsEqual(Skin.String(ReorderCategories19),$LOCALIZE[342]) | String.IsEqual(Skin.String(ReorderCategories20),$LOCALIZE[342]) | String.IsEqual(Skin.String(ReorderCategories21),$LOCALIZE[342]) | String.IsEqual(Skin.String(ReorderCategories22),$LOCALIZE[342]) | String.IsEqual(Skin.String(ReorderCategories23),$LOCALIZE[342]) | String.IsEqual(Skin.String(ReorderCategories24),$LOCALIZE[342]) | String.IsEqual(Skin.String(ReorderCategories25),$LOCALIZE[342]) | String.IsEqual(Skin.String(ReorderCategories26),$LOCALIZE[342]) | String.IsEqual(Skin.String(ReorderCategories27),$LOCALIZE[342]) | String.IsEqual(Skin.String(ReorderCategories28),$LOCALIZE[342])]</visible>
					</item>
					<item>
						<label>$LOCALIZE[20343]</label>
						<onclick>Dialog.Close(1115)</onclick>
						<onclick>Skin.SetString($INFO[Skin.String(ReorderCategoriesParam)],$LOCALIZE[20343])</onclick>
						<visible>!Skin.HasSetting(HideTVShowsCategory) + ![String.IsEqual(Skin.String(ReorderCategories1),$LOCALIZE[20343]) | String.IsEqual(Skin.String(ReorderCategories2),$LOCALIZE[20343]) | String.IsEqual(Skin.String(ReorderCategories3),$LOCALIZE[20343]) | String.IsEqual(Skin.String(ReorderCategories4),$LOCALIZE[20343]) | String.IsEqual(Skin.String(ReorderCategories5),$LOCALIZE[20343]) | String.IsEqual(Skin.String(ReorderCategories6),$LOCALIZE[20343]) | String.IsEqual(Skin.String(ReorderCategories7),$LOCALIZE[20343]) | String.IsEqual(Skin.String(ReorderCategories8),$LOCALIZE[20343]) | String.IsEqual(Skin.String(ReorderCategories9),$LOCALIZE[20343]) | String.IsEqual(Skin.String(ReorderCategories10),$LOCALIZE[20343]) | String.IsEqual(Skin.String(ReorderCategories11),$LOCALIZE[20343]) | String.IsEqual(Skin.String(ReorderCategories12),$LOCALIZE[20343]) | String.IsEqual(Skin.String(ReorderCategories12),$LOCALIZE[20343]) | String.IsEqual(Skin.String(ReorderCategories13),$LOCALIZE[20343]) | String.IsEqual(Skin.String(ReorderCategories14),$LOCALIZE[20343]) | String.IsEqual(Skin.String(ReorderCategories15),$LOCALIZE[20343]) | String.IsEqual(Skin.String(ReorderCategories16),$LOCALIZE[20343]) | String.IsEqual(Skin.String(ReorderCategories17),$LOCALIZE[20343]) | String.IsEqual(Skin.String(ReorderCategories18),$LOCALIZE[20343]) | String.IsEqual(Skin.String(ReorderCategories19),$LOCALIZE[20343]) | String.IsEqual(Skin.String(ReorderCategories20),$LOCALIZE[20343]) | String.IsEqual(Skin.String(ReorderCategories21),$LOCALIZE[20343]) | String.IsEqual(Skin.String(ReorderCategories22),$LOCALIZE[20343]) | String.IsEqual(Skin.String(ReorderCategories23),$LOCALIZE[20343]) | String.IsEqual(Skin.String(ReorderCategories24),$LOCALIZE[20343]) | String.IsEqual(Skin.String(ReorderCategories25),$LOCALIZE[20343]) | String.IsEqual(Skin.String(ReorderCategories26),$LOCALIZE[20343]) | String.IsEqual(Skin.String(ReorderCategories27),$LOCALIZE[20343]) | String.IsEqual(Skin.String(ReorderCategories28),$LOCALIZE[20343])]</visible>
					</item>
					<item>
						<label>$LOCALIZE[24001]</label>
						<onclick>Dialog.Close(1115)</onclick>
						<onclick>Skin.SetString($INFO[Skin.String(ReorderCategoriesParam)],$LOCALIZE[24001])</onclick>
						<visible>!Skin.HasSetting(HideAddonsCategory) + ![String.IsEqual(Skin.String(ReorderCategories1),$LOCALIZE[24001]) | String.IsEqual(Skin.String(ReorderCategories2),$LOCALIZE[24001]) | String.IsEqual(Skin.String(ReorderCategories3),$LOCALIZE[24001]) | String.IsEqual(Skin.String(ReorderCategories4),$LOCALIZE[24001]) | String.IsEqual(Skin.String(ReorderCategories5),$LOCALIZE[24001]) | String.IsEqual(Skin.String(ReorderCategories6),$LOCALIZE[24001]) | String.IsEqual(Skin.String(ReorderCategories7),$LOCALIZE[24001]) | String.IsEqual(Skin.String(ReorderCategories8),$LOCALIZE[24001]) | String.IsEqual(Skin.String(ReorderCategories9),$LOCALIZE[24001]) | String.IsEqual(Skin.String(ReorderCategories10),$LOCALIZE[24001]) | String.IsEqual(Skin.String(ReorderCategories11),$LOCALIZE[24001]) | String.IsEqual(Skin.String(ReorderCategories12),$LOCALIZE[24001]) | String.IsEqual(Skin.String(ReorderCategories12),$LOCALIZE[24001]) | String.IsEqual(Skin.String(ReorderCategories13),$LOCALIZE[24001]) | String.IsEqual(Skin.String(ReorderCategories14),$LOCALIZE[24001]) | String.IsEqual(Skin.String(ReorderCategories15),$LOCALIZE[24001]) | String.IsEqual(Skin.String(ReorderCategories16),$LOCALIZE[24001]) | String.IsEqual(Skin.String(ReorderCategories17),$LOCALIZE[24001]) | String.IsEqual(Skin.String(ReorderCategories18),$LOCALIZE[24001]) | String.IsEqual(Skin.String(ReorderCategories19),$LOCALIZE[24001]) | String.IsEqual(Skin.String(ReorderCategories20),$LOCALIZE[24001]) | String.IsEqual(Skin.String(ReorderCategories21),$LOCALIZE[24001]) | String.IsEqual(Skin.String(ReorderCategories22),$LOCALIZE[24001]) | String.IsEqual(Skin.String(ReorderCategories23),$LOCALIZE[24001]) | String.IsEqual(Skin.String(ReorderCategories24),$LOCALIZE[24001]) | String.IsEqual(Skin.String(ReorderCategories25),$LOCALIZE[24001]) | String.IsEqual(Skin.String(ReorderCategories26),$LOCALIZE[24001]) | String.IsEqual(Skin.String(ReorderCategories27),$LOCALIZE[24001]) | String.IsEqual(Skin.String(ReorderCategories28),$LOCALIZE[24001])]</visible>
					</item>
					<item>
						<label>$LOCALIZE[1]</label>
						<onclick>Dialog.Close(1115)</onclick>
						<onclick>Skin.SetString($INFO[Skin.String(ReorderCategoriesParam)],$LOCALIZE[1])</onclick>
						<visible>!Skin.HasSetting(HidePicturesCategory) + ![String.IsEqual(Skin.String(ReorderCategories1),$LOCALIZE[1]) | String.IsEqual(Skin.String(ReorderCategories2),$LOCALIZE[1]) | String.IsEqual(Skin.String(ReorderCategories3),$LOCALIZE[1]) | String.IsEqual(Skin.String(ReorderCategories4),$LOCALIZE[1]) | String.IsEqual(Skin.String(ReorderCategories5),$LOCALIZE[1]) | String.IsEqual(Skin.String(ReorderCategories6),$LOCALIZE[1]) | String.IsEqual(Skin.String(ReorderCategories7),$LOCALIZE[1]) | String.IsEqual(Skin.String(ReorderCategories8),$LOCALIZE[1]) | String.IsEqual(Skin.String(ReorderCategories9),$LOCALIZE[1]) | String.IsEqual(Skin.String(ReorderCategories10),$LOCALIZE[1]) | String.IsEqual(Skin.String(ReorderCategories11),$LOCALIZE[1]) | String.IsEqual(Skin.String(ReorderCategories12),$LOCALIZE[1]) | String.IsEqual(Skin.String(ReorderCategories12),$LOCALIZE[1]) | String.IsEqual(Skin.String(ReorderCategories13),$LOCALIZE[1]) | String.IsEqual(Skin.String(ReorderCategories14),$LOCALIZE[1]) | String.IsEqual(Skin.String(ReorderCategories15),$LOCALIZE[1]) | String.IsEqual(Skin.String(ReorderCategories16),$LOCALIZE[1]) | String.IsEqual(Skin.String(ReorderCategories17),$LOCALIZE[1]) | String.IsEqual(Skin.String(ReorderCategories18),$LOCALIZE[1]) | String.IsEqual(Skin.String(ReorderCategories19),$LOCALIZE[1]) | String.IsEqual(Skin.String(ReorderCategories20),$LOCALIZE[1]) | String.IsEqual(Skin.String(ReorderCategories21),$LOCALIZE[1]) | String.IsEqual(Skin.String(ReorderCategories22),$LOCALIZE[1]) | String.IsEqual(Skin.String(ReorderCategories23),$LOCALIZE[1]) | String.IsEqual(Skin.String(ReorderCategories24),$LOCALIZE[1]) | String.IsEqual(Skin.String(ReorderCategories25),$LOCALIZE[1]) | String.IsEqual(Skin.String(ReorderCategories26),$LOCALIZE[1]) | String.IsEqual(Skin.String(ReorderCategories27),$LOCALIZE[1]) | String.IsEqual(Skin.String(ReorderCategories28),$LOCALIZE[1])]</visible>
					</item>
					<item>
						<label>$LOCALIZE[13000]</label>
						<onclick>Dialog.Close(1115)</onclick>
						<onclick>Skin.SetString($INFO[Skin.String(ReorderCategoriesParam)],$LOCALIZE[13000])</onclick>
						<visible>!Skin.HasSetting(HideSystemCategory) + ![String.IsEqual(Skin.String(ReorderCategories1),$LOCALIZE[13000]) | String.IsEqual(Skin.String(ReorderCategories2),$LOCALIZE[13000]) | String.IsEqual(Skin.String(ReorderCategories3),$LOCALIZE[13000]) | String.IsEqual(Skin.String(ReorderCategories4),$LOCALIZE[13000]) | String.IsEqual(Skin.String(ReorderCategories5),$LOCALIZE[13000]) | String.IsEqual(Skin.String(ReorderCategories6),$LOCALIZE[13000]) | String.IsEqual(Skin.String(ReorderCategories7),$LOCALIZE[13000]) | String.IsEqual(Skin.String(ReorderCategories8),$LOCALIZE[13000]) | String.IsEqual(Skin.String(ReorderCategories9),$LOCALIZE[13000]) | String.IsEqual(Skin.String(ReorderCategories10),$LOCALIZE[13000]) | String.IsEqual(Skin.String(ReorderCategories11),$LOCALIZE[13000]) | String.IsEqual(Skin.String(ReorderCategories12),$LOCALIZE[13000]) | String.IsEqual(Skin.String(ReorderCategories12),$LOCALIZE[13000]) | String.IsEqual(Skin.String(ReorderCategories13),$LOCALIZE[13000]) | String.IsEqual(Skin.String(ReorderCategories14),$LOCALIZE[13000]) | String.IsEqual(Skin.String(ReorderCategories15),$LOCALIZE[13000]) | String.IsEqual(Skin.String(ReorderCategories16),$LOCALIZE[13000]) | String.IsEqual(Skin.String(ReorderCategories17),$LOCALIZE[13000]) | String.IsEqual(Skin.String(ReorderCategories18),$LOCALIZE[13000]) | String.IsEqual(Skin.String(ReorderCategories19),$LOCALIZE[13000]) | String.IsEqual(Skin.String(ReorderCategories20),$LOCALIZE[13000]) | String.IsEqual(Skin.String(ReorderCategories21),$LOCALIZE[13000]) | String.IsEqual(Skin.String(ReorderCategories22),$LOCALIZE[13000]) | String.IsEqual(Skin.String(ReorderCategories23),$LOCALIZE[13000]) | String.IsEqual(Skin.String(ReorderCategories24),$LOCALIZE[13000]) | String.IsEqual(Skin.String(ReorderCategories25),$LOCALIZE[13000]) | String.IsEqual(Skin.String(ReorderCategories26),$LOCALIZE[13000]) | String.IsEqual(Skin.String(ReorderCategories27),$LOCALIZE[13000]) | String.IsEqual(Skin.String(ReorderCategories28),$LOCALIZE[13000])]</visible>
					</item>
					<item>
						<label>$LOCALIZE[19020]</label>
						<onclick>Dialog.Close(1115)</onclick>
						<onclick>Skin.SetString($INFO[Skin.String(ReorderCategoriesParam)],$LOCALIZE[19020])</onclick>
						<visible>!Skin.HasSetting(HidePVRCategory) + Pvr.HasTVChannels + ![String.IsEqual(Skin.String(ReorderCategories1),$LOCALIZE[19020]) | String.IsEqual(Skin.String(ReorderCategories2),$LOCALIZE[19020]) | String.IsEqual(Skin.String(ReorderCategories3),$LOCALIZE[19020]) | String.IsEqual(Skin.String(ReorderCategories4),$LOCALIZE[19020]) | String.IsEqual(Skin.String(ReorderCategories5),$LOCALIZE[19020]) | String.IsEqual(Skin.String(ReorderCategories6),$LOCALIZE[19020]) | String.IsEqual(Skin.String(ReorderCategories7),$LOCALIZE[19020]) | String.IsEqual(Skin.String(ReorderCategories8),$LOCALIZE[19020]) | String.IsEqual(Skin.String(ReorderCategories9),$LOCALIZE[19020]) | String.IsEqual(Skin.String(ReorderCategories10),$LOCALIZE[19020]) | String.IsEqual(Skin.String(ReorderCategories11),$LOCALIZE[19020]) | String.IsEqual(Skin.String(ReorderCategories12),$LOCALIZE[19020]) | String.IsEqual(Skin.String(ReorderCategories12),$LOCALIZE[19020]) | String.IsEqual(Skin.String(ReorderCategories13),$LOCALIZE[19020]) | String.IsEqual(Skin.String(ReorderCategories14),$LOCALIZE[19020]) | String.IsEqual(Skin.String(ReorderCategories15),$LOCALIZE[19020]) | String.IsEqual(Skin.String(ReorderCategories16),$LOCALIZE[19020]) | String.IsEqual(Skin.String(ReorderCategories17),$LOCALIZE[19020]) | String.IsEqual(Skin.String(ReorderCategories18),$LOCALIZE[19020]) | String.IsEqual(Skin.String(ReorderCategories19),$LOCALIZE[19020]) | String.IsEqual(Skin.String(ReorderCategories20),$LOCALIZE[19020]) | String.IsEqual(Skin.String(ReorderCategories21),$LOCALIZE[19020]) | String.IsEqual(Skin.String(ReorderCategories22),$LOCALIZE[19020]) | String.IsEqual(Skin.String(ReorderCategories23),$LOCALIZE[19020]) | String.IsEqual(Skin.String(ReorderCategories24),$LOCALIZE[19020]) | String.IsEqual(Skin.String(ReorderCategories25),$LOCALIZE[19020]) | String.IsEqual(Skin.String(ReorderCategories26),$LOCALIZE[19020]) | String.IsEqual(Skin.String(ReorderCategories27),$LOCALIZE[19020]) | String.IsEqual(Skin.String(ReorderCategories28),$LOCALIZE[19020])]</visible>
					</item>
					<item>
						<label>$LOCALIZE[19021]</label>
						<onclick>Dialog.Close(1115)</onclick>
						<onclick>Skin.SetString($INFO[Skin.String(ReorderCategoriesParam)],$LOCALIZE[19021])</onclick>
						<visible>!Skin.HasSetting(HidePVRRadioCategory) + Pvr.HasRadioChannels + ![String.IsEqual(Skin.String(ReorderCategories1),$LOCALIZE[19021]) | String.IsEqual(Skin.String(ReorderCategories2),$LOCALIZE[19021]) | String.IsEqual(Skin.String(ReorderCategories3),$LOCALIZE[19021]) | String.IsEqual(Skin.String(ReorderCategories4),$LOCALIZE[19021]) | String.IsEqual(Skin.String(ReorderCategories5),$LOCALIZE[19021]) | String.IsEqual(Skin.String(ReorderCategories6),$LOCALIZE[19021]) | String.IsEqual(Skin.String(ReorderCategories7),$LOCALIZE[19021]) | String.IsEqual(Skin.String(ReorderCategories8),$LOCALIZE[19021]) | String.IsEqual(Skin.String(ReorderCategories9),$LOCALIZE[19021]) | String.IsEqual(Skin.String(ReorderCategories10),$LOCALIZE[19021]) | String.IsEqual(Skin.String(ReorderCategories11),$LOCALIZE[19021]) | String.IsEqual(Skin.String(ReorderCategories12),$LOCALIZE[19021]) | String.IsEqual(Skin.String(ReorderCategories12),$LOCALIZE[19021]) | String.IsEqual(Skin.String(ReorderCategories13),$LOCALIZE[19021]) | String.IsEqual(Skin.String(ReorderCategories14),$LOCALIZE[19021]) | String.IsEqual(Skin.String(ReorderCategories15),$LOCALIZE[19021]) | String.IsEqual(Skin.String(ReorderCategories16),$LOCALIZE[19021]) | String.IsEqual(Skin.String(ReorderCategories17),$LOCALIZE[19021]) | String.IsEqual(Skin.String(ReorderCategories18),$LOCALIZE[19021]) | String.IsEqual(Skin.String(ReorderCategories19),$LOCALIZE[19021]) | String.IsEqual(Skin.String(ReorderCategories20),$LOCALIZE[19021]) | String.IsEqual(Skin.String(ReorderCategories21),$LOCALIZE[19021]) | String.IsEqual(Skin.String(ReorderCategories22),$LOCALIZE[19021]) | String.IsEqual(Skin.String(ReorderCategories23),$LOCALIZE[19021]) | String.IsEqual(Skin.String(ReorderCategories24),$LOCALIZE[19021]) | String.IsEqual(Skin.String(ReorderCategories25),$LOCALIZE[19021]) | String.IsEqual(Skin.String(ReorderCategories26),$LOCALIZE[19021]) | String.IsEqual(Skin.String(ReorderCategories27),$LOCALIZE[19021]) | String.IsEqual(Skin.String(ReorderCategories28),$LOCALIZE[19021])]</visible>
					</item>
					<item>
						<label>$LOCALIZE[128]</label>
						<onclick>Dialog.Close(1115)</onclick>
						<onclick>Skin.SetString($INFO[Skin.String(ReorderCategoriesParam)],$LOCALIZE[128])</onclick>
						<visible>!Skin.HasSetting(HideGeneralCategory) + ![String.IsEqual(Skin.String(ReorderCategories1),$LOCALIZE[128]) | String.IsEqual(Skin.String(ReorderCategories2),$LOCALIZE[128]) | String.IsEqual(Skin.String(ReorderCategories3),$LOCALIZE[128]) | String.IsEqual(Skin.String(ReorderCategories4),$LOCALIZE[128]) | String.IsEqual(Skin.String(ReorderCategories5),$LOCALIZE[128]) | String.IsEqual(Skin.String(ReorderCategories6),$LOCALIZE[128]) | String.IsEqual(Skin.String(ReorderCategories7),$LOCALIZE[128]) | String.IsEqual(Skin.String(ReorderCategories8),$LOCALIZE[128]) | String.IsEqual(Skin.String(ReorderCategories9),$LOCALIZE[128]) | String.IsEqual(Skin.String(ReorderCategories10),$LOCALIZE[128]) | String.IsEqual(Skin.String(ReorderCategories11),$LOCALIZE[128]) | String.IsEqual(Skin.String(ReorderCategories12),$LOCALIZE[128]) | String.IsEqual(Skin.String(ReorderCategories12),$LOCALIZE[128]) | String.IsEqual(Skin.String(ReorderCategories13),$LOCALIZE[128]) | String.IsEqual(Skin.String(ReorderCategories14),$LOCALIZE[128]) | String.IsEqual(Skin.String(ReorderCategories15),$LOCALIZE[128]) | String.IsEqual(Skin.String(ReorderCategories16),$LOCALIZE[128]) | String.IsEqual(Skin.String(ReorderCategories17),$LOCALIZE[128]) | String.IsEqual(Skin.String(ReorderCategories18),$LOCALIZE[128]) | String.IsEqual(Skin.String(ReorderCategories19),$LOCALIZE[128]) | String.IsEqual(Skin.String(ReorderCategories20),$LOCALIZE[128]) | String.IsEqual(Skin.String(ReorderCategories21),$LOCALIZE[128]) | String.IsEqual(Skin.String(ReorderCategories22),$LOCALIZE[128]) | String.IsEqual(Skin.String(ReorderCategories23),$LOCALIZE[128]) | String.IsEqual(Skin.String(ReorderCategories24),$LOCALIZE[128]) | String.IsEqual(Skin.String(ReorderCategories25),$LOCALIZE[128]) | String.IsEqual(Skin.String(ReorderCategories26),$LOCALIZE[128]) | String.IsEqual(Skin.String(ReorderCategories27),$LOCALIZE[128]) | String.IsEqual(Skin.String(ReorderCategories28),$LOCALIZE[128])]</visible>
					</item>
					<item>
						<label>$LOCALIZE[8]</label>
						<onclick>Dialog.Close(1115)</onclick>
						<onclick>Skin.SetString($INFO[Skin.String(ReorderCategoriesParam)],$LOCALIZE[8])</onclick>
						<visible>Skin.HasSetting(EnableWeatherCategory) + ![String.IsEqual(Skin.String(ReorderCategories1),$LOCALIZE[8]) | String.IsEqual(Skin.String(ReorderCategories2),$LOCALIZE[8]) | String.IsEqual(Skin.String(ReorderCategories3),$LOCALIZE[8]) | String.IsEqual(Skin.String(ReorderCategories4),$LOCALIZE[8]) | String.IsEqual(Skin.String(ReorderCategories5),$LOCALIZE[8]) | String.IsEqual(Skin.String(ReorderCategories6),$LOCALIZE[8]) | String.IsEqual(Skin.String(ReorderCategories7),$LOCALIZE[8]) | String.IsEqual(Skin.String(ReorderCategories8),$LOCALIZE[8]) | String.IsEqual(Skin.String(ReorderCategories9),$LOCALIZE[8]) | String.IsEqual(Skin.String(ReorderCategories10),$LOCALIZE[8]) | String.IsEqual(Skin.String(ReorderCategories11),$LOCALIZE[8]) | String.IsEqual(Skin.String(ReorderCategories12),$LOCALIZE[8]) | String.IsEqual(Skin.String(ReorderCategories12),$LOCALIZE[8]) | String.IsEqual(Skin.String(ReorderCategories13),$LOCALIZE[8]) | String.IsEqual(Skin.String(ReorderCategories14),$LOCALIZE[8]) | String.IsEqual(Skin.String(ReorderCategories15),$LOCALIZE[8]) | String.IsEqual(Skin.String(ReorderCategories16),$LOCALIZE[8]) | String.IsEqual(Skin.String(ReorderCategories17),$LOCALIZE[8]) | String.IsEqual(Skin.String(ReorderCategories18),$LOCALIZE[8]) | String.IsEqual(Skin.String(ReorderCategories19),$LOCALIZE[8]) | String.IsEqual(Skin.String(ReorderCategories20),$LOCALIZE[8]) | String.IsEqual(Skin.String(ReorderCategories21),$LOCALIZE[8]) | String.IsEqual(Skin.String(ReorderCategories22),$LOCALIZE[8]) | String.IsEqual(Skin.String(ReorderCategories23),$LOCALIZE[8]) | String.IsEqual(Skin.String(ReorderCategories24),$LOCALIZE[8]) | String.IsEqual(Skin.String(ReorderCategories25),$LOCALIZE[8]) | String.IsEqual(Skin.String(ReorderCategories26),$LOCALIZE[8]) | String.IsEqual(Skin.String(ReorderCategories27),$LOCALIZE[8]) | String.IsEqual(Skin.String(ReorderCategories28),$LOCALIZE[8])]</visible>
					</item>
					<item>
						<label>$LOCALIZE[33060]</label>
						<onclick>Dialog.Close(1115)</onclick>
						<onclick>Skin.SetString($INFO[Skin.String(ReorderCategoriesParam)],$LOCALIZE[33060])</onclick>
						<visible>!Skin.HasSetting(HidePowerCategory) + ![String.IsEqual(Skin.String(ReorderCategories1),$LOCALIZE[33060]) | String.IsEqual(Skin.String(ReorderCategories2),$LOCALIZE[33060]) | String.IsEqual(Skin.String(ReorderCategories3),$LOCALIZE[33060]) | String.IsEqual(Skin.String(ReorderCategories4),$LOCALIZE[33060]) | String.IsEqual(Skin.String(ReorderCategories5),$LOCALIZE[33060]) | String.IsEqual(Skin.String(ReorderCategories6),$LOCALIZE[33060]) | String.IsEqual(Skin.String(ReorderCategories7),$LOCALIZE[33060]) | String.IsEqual(Skin.String(ReorderCategories8),$LOCALIZE[33060]) | String.IsEqual(Skin.String(ReorderCategories9),$LOCALIZE[33060]) | String.IsEqual(Skin.String(ReorderCategories10),$LOCALIZE[33060]) | String.IsEqual(Skin.String(ReorderCategories11),$LOCALIZE[33060]) | String.IsEqual(Skin.String(ReorderCategories12),$LOCALIZE[33060]) | String.IsEqual(Skin.String(ReorderCategories12),$LOCALIZE[33060]) | String.IsEqual(Skin.String(ReorderCategories13),$LOCALIZE[33060]) | String.IsEqual(Skin.String(ReorderCategories14),$LOCALIZE[33060]) | String.IsEqual(Skin.String(ReorderCategories15),$LOCALIZE[33060]) | String.IsEqual(Skin.String(ReorderCategories16),$LOCALIZE[33060]) | String.IsEqual(Skin.String(ReorderCategories17),$LOCALIZE[33060]) | String.IsEqual(Skin.String(ReorderCategories18),$LOCALIZE[33060]) | String.IsEqual(Skin.String(ReorderCategories19),$LOCALIZE[33060]) | String.IsEqual(Skin.String(ReorderCategories20),$LOCALIZE[33060]) | String.IsEqual(Skin.String(ReorderCategories21),$LOCALIZE[33060]) | String.IsEqual(Skin.String(ReorderCategories22),$LOCALIZE[33060]) | String.IsEqual(Skin.String(ReorderCategories23),$LOCALIZE[33060]) | String.IsEqual(Skin.String(ReorderCategories24),$LOCALIZE[33060]) | String.IsEqual(Skin.String(ReorderCategories25),$LOCALIZE[33060]) | String.IsEqual(Skin.String(ReorderCategories26),$LOCALIZE[33060]) | String.IsEqual(Skin.String(ReorderCategories27),$LOCALIZE[33060]) | String.IsEqual(Skin.String(ReorderCategories28),$LOCALIZE[33060])]</visible>
					</item>
					<item>
						<label>$LOCALIZE[636] $NUMBER[1]</label>
						<icon>$INFO[Skin.String(Custom1NoFocusImagePath)]</icon>
						<onclick>Dialog.Close(1115)</onclick>
						<onclick>Skin.SetString($INFO[Skin.String(ReorderCategoriesParam)],$LOCALIZE[636] $NUMBER[1])</onclick>
						<visible>Skin.HasSetting(EnableCustomCategory1) + ![String.IsEqual(Skin.String(ReorderCategories1),$LOCALIZE[636] $NUMBER[1]) | String.IsEqual(Skin.String(ReorderCategories2),$LOCALIZE[636] $NUMBER[1]) | String.IsEqual(Skin.String(ReorderCategories3),$LOCALIZE[636] $NUMBER[1]) | String.IsEqual(Skin.String(ReorderCategories4),$LOCALIZE[636] $NUMBER[1]) | String.IsEqual(Skin.String(ReorderCategories5),$LOCALIZE[636] $NUMBER[1]) | String.IsEqual(Skin.String(ReorderCategories6),$LOCALIZE[636] $NUMBER[1]) | String.IsEqual(Skin.String(ReorderCategories7),$LOCALIZE[636] $NUMBER[1]) | String.IsEqual(Skin.String(ReorderCategories8),$LOCALIZE[636] $NUMBER[1]) | String.IsEqual(Skin.String(ReorderCategories9),$LOCALIZE[636] $NUMBER[1]) | String.IsEqual(Skin.String(ReorderCategories10),$LOCALIZE[636] $NUMBER[1]) | String.IsEqual(Skin.String(ReorderCategories11),$LOCALIZE[636] $NUMBER[1]) | String.IsEqual(Skin.String(ReorderCategories12),$LOCALIZE[636] $NUMBER[1]) | String.IsEqual(Skin.String(ReorderCategories12),$LOCALIZE[636] $NUMBER[1]) | String.IsEqual(Skin.String(ReorderCategories13),$LOCALIZE[636] $NUMBER[1]) | String.IsEqual(Skin.String(ReorderCategories14),$LOCALIZE[636] $NUMBER[1]) | String.IsEqual(Skin.String(ReorderCategories15),$LOCALIZE[636] $NUMBER[1]) | String.IsEqual(Skin.String(ReorderCategories16),$LOCALIZE[636] $NUMBER[1]) | String.IsEqual(Skin.String(ReorderCategories17),$LOCALIZE[636] $NUMBER[1]) | String.IsEqual(Skin.String(ReorderCategories18),$LOCALIZE[636] $NUMBER[1]) | String.IsEqual(Skin.String(ReorderCategories19),$LOCALIZE[636] $NUMBER[1]) | String.IsEqual(Skin.String(ReorderCategories20),$LOCALIZE[636] $NUMBER[1]) | String.IsEqual(Skin.String(ReorderCategories21),$LOCALIZE[636] $NUMBER[1]) | String.IsEqual(Skin.String(ReorderCategories22),$LOCALIZE[636] $NUMBER[1]) | String.IsEqual(Skin.String(ReorderCategories23),$LOCALIZE[636] $NUMBER[1]) | String.IsEqual(Skin.String(ReorderCategories24),$LOCALIZE[636] $NUMBER[1]) | String.IsEqual(Skin.String(ReorderCategories25),$LOCALIZE[636] $NUMBER[1]) | String.IsEqual(Skin.String(ReorderCategories26),$LOCALIZE[636] $NUMBER[1]) | String.IsEqual(Skin.String(ReorderCategories27),$LOCALIZE[636] $NUMBER[1]) | String.IsEqual(Skin.String(ReorderCategories28),$LOCALIZE[636] $NUMBER[1])]</visible>
					</item>
					<item>
						<label>$LOCALIZE[636] $NUMBER[2]</label>
						<icon>$INFO[Skin.String(Custom2NoFocusImagePath)]</icon>
						<onclick>Dialog.Close(1115)</onclick>
						<onclick>Skin.SetString($INFO[Skin.String(ReorderCategoriesParam)],$LOCALIZE[636] $NUMBER[2])</onclick>
						<visible>Skin.HasSetting(EnableCustomCategory2) + ![String.IsEqual(Skin.String(ReorderCategories1),$LOCALIZE[636] $NUMBER[2]) | String.IsEqual(Skin.String(ReorderCategories2),$LOCALIZE[636] $NUMBER[2]) | String.IsEqual(Skin.String(ReorderCategories3),$LOCALIZE[636] $NUMBER[2]) | String.IsEqual(Skin.String(ReorderCategories4),$LOCALIZE[636] $NUMBER[2]) | String.IsEqual(Skin.String(ReorderCategories5),$LOCALIZE[636] $NUMBER[2]) | String.IsEqual(Skin.String(ReorderCategories6),$LOCALIZE[636] $NUMBER[2]) | String.IsEqual(Skin.String(ReorderCategories7),$LOCALIZE[636] $NUMBER[2]) | String.IsEqual(Skin.String(ReorderCategories8),$LOCALIZE[636] $NUMBER[2]) | String.IsEqual(Skin.String(ReorderCategories9),$LOCALIZE[636] $NUMBER[2]) | String.IsEqual(Skin.String(ReorderCategories10),$LOCALIZE[636] $NUMBER[2]) | String.IsEqual(Skin.String(ReorderCategories11),$LOCALIZE[636] $NUMBER[2]) | String.IsEqual(Skin.String(ReorderCategories12),$LOCALIZE[636] $NUMBER[2]) | String.IsEqual(Skin.String(ReorderCategories12),$LOCALIZE[636] $NUMBER[2]) | String.IsEqual(Skin.String(ReorderCategories13),$LOCALIZE[636] $NUMBER[2]) | String.IsEqual(Skin.String(ReorderCategories14),$LOCALIZE[636] $NUMBER[2]) | String.IsEqual(Skin.String(ReorderCategories15),$LOCALIZE[636] $NUMBER[2]) | String.IsEqual(Skin.String(ReorderCategories16),$LOCALIZE[636] $NUMBER[2]) | String.IsEqual(Skin.String(ReorderCategories17),$LOCALIZE[636] $NUMBER[2]) | String.IsEqual(Skin.String(ReorderCategories18),$LOCALIZE[636] $NUMBER[2]) | String.IsEqual(Skin.String(ReorderCategories19),$LOCALIZE[636] $NUMBER[2]) | String.IsEqual(Skin.String(ReorderCategories20),$LOCALIZE[636] $NUMBER[2]) | String.IsEqual(Skin.String(ReorderCategories21),$LOCALIZE[636] $NUMBER[2]) | String.IsEqual(Skin.String(ReorderCategories22),$LOCALIZE[636] $NUMBER[2]) | String.IsEqual(Skin.String(ReorderCategories23),$LOCALIZE[636] $NUMBER[2]) | String.IsEqual(Skin.String(ReorderCategories24),$LOCALIZE[636] $NUMBER[2]) | String.IsEqual(Skin.String(ReorderCategories25),$LOCALIZE[636] $NUMBER[2]) | String.IsEqual(Skin.String(ReorderCategories26),$LOCALIZE[636] $NUMBER[2]) | String.IsEqual(Skin.String(ReorderCategories27),$LOCALIZE[636] $NUMBER[2]) | String.IsEqual(Skin.String(ReorderCategories28),$LOCALIZE[636] $NUMBER[2])]</visible>
					</item>
					<item>
						<label>$LOCALIZE[636] $NUMBER[3]</label>
						<icon>$INFO[Skin.String(Custom3NoFocusImagePath)]</icon>
						<onclick>Dialog.Close(1115)</onclick>
						<onclick>Skin.SetString($INFO[Skin.String(ReorderCategoriesParam)],$LOCALIZE[636] $NUMBER[3])</onclick>
						<visible>Skin.HasSetting(EnableCustomCategory3) + ![String.IsEqual(Skin.String(ReorderCategories1),$LOCALIZE[636] $NUMBER[3]) | String.IsEqual(Skin.String(ReorderCategories2),$LOCALIZE[636] $NUMBER[3]) | String.IsEqual(Skin.String(ReorderCategories3),$LOCALIZE[636] $NUMBER[3]) | String.IsEqual(Skin.String(ReorderCategories4),$LOCALIZE[636] $NUMBER[3]) | String.IsEqual(Skin.String(ReorderCategories5),$LOCALIZE[636] $NUMBER[3]) | String.IsEqual(Skin.String(ReorderCategories6),$LOCALIZE[636] $NUMBER[3]) | String.IsEqual(Skin.String(ReorderCategories7),$LOCALIZE[636] $NUMBER[3]) | String.IsEqual(Skin.String(ReorderCategories8),$LOCALIZE[636] $NUMBER[3]) | String.IsEqual(Skin.String(ReorderCategories9),$LOCALIZE[636] $NUMBER[3]) | String.IsEqual(Skin.String(ReorderCategories10),$LOCALIZE[636] $NUMBER[3]) | String.IsEqual(Skin.String(ReorderCategories11),$LOCALIZE[636] $NUMBER[3]) | String.IsEqual(Skin.String(ReorderCategories12),$LOCALIZE[636] $NUMBER[3]) | String.IsEqual(Skin.String(ReorderCategories12),$LOCALIZE[636] $NUMBER[3]) | String.IsEqual(Skin.String(ReorderCategories13),$LOCALIZE[636] $NUMBER[3]) | String.IsEqual(Skin.String(ReorderCategories14),$LOCALIZE[636] $NUMBER[3]) | String.IsEqual(Skin.String(ReorderCategories15),$LOCALIZE[636] $NUMBER[3]) | String.IsEqual(Skin.String(ReorderCategories16),$LOCALIZE[636] $NUMBER[3]) | String.IsEqual(Skin.String(ReorderCategories17),$LOCALIZE[636] $NUMBER[3]) | String.IsEqual(Skin.String(ReorderCategories18),$LOCALIZE[636] $NUMBER[3]) | String.IsEqual(Skin.String(ReorderCategories19),$LOCALIZE[636] $NUMBER[3]) | String.IsEqual(Skin.String(ReorderCategories20),$LOCALIZE[636] $NUMBER[3]) | String.IsEqual(Skin.String(ReorderCategories21),$LOCALIZE[636] $NUMBER[3]) | String.IsEqual(Skin.String(ReorderCategories22),$LOCALIZE[636] $NUMBER[3]) | String.IsEqual(Skin.String(ReorderCategories23),$LOCALIZE[636] $NUMBER[3]) | String.IsEqual(Skin.String(ReorderCategories24),$LOCALIZE[636] $NUMBER[3]) | String.IsEqual(Skin.String(ReorderCategories25),$LOCALIZE[636] $NUMBER[3]) | String.IsEqual(Skin.String(ReorderCategories26),$LOCALIZE[636] $NUMBER[3]) | String.IsEqual(Skin.String(ReorderCategories27),$LOCALIZE[636] $NUMBER[3]) | String.IsEqual(Skin.String(ReorderCategories28),$LOCALIZE[636] $NUMBER[3])]</visible>
					</item>
					<item>
						<label>$LOCALIZE[636] $NUMBER[4]</label>
						<icon>$INFO[Skin.String(Custom4NoFocusImagePath)]</icon>
						<onclick>Dialog.Close(1115)</onclick>
						<onclick>Skin.SetString($INFO[Skin.String(ReorderCategoriesParam)],$LOCALIZE[636] $NUMBER[4])</onclick>
						<visible>Skin.HasSetting(EnableCustomCategory4) + ![String.IsEqual(Skin.String(ReorderCategories1),$LOCALIZE[636] $NUMBER[4]) | String.IsEqual(Skin.String(ReorderCategories2),$LOCALIZE[636] $NUMBER[4]) | String.IsEqual(Skin.String(ReorderCategories3),$LOCALIZE[636] $NUMBER[4]) | String.IsEqual(Skin.String(ReorderCategories4),$LOCALIZE[636] $NUMBER[4]) | String.IsEqual(Skin.String(ReorderCategories5),$LOCALIZE[636] $NUMBER[4]) | String.IsEqual(Skin.String(ReorderCategories6),$LOCALIZE[636] $NUMBER[4]) | String.IsEqual(Skin.String(ReorderCategories7),$LOCALIZE[636] $NUMBER[4]) | String.IsEqual(Skin.String(ReorderCategories8),$LOCALIZE[636] $NUMBER[4]) | String.IsEqual(Skin.String(ReorderCategories9),$LOCALIZE[636] $NUMBER[4]) | String.IsEqual(Skin.String(ReorderCategories10),$LOCALIZE[636] $NUMBER[4]) | String.IsEqual(Skin.String(ReorderCategories11),$LOCALIZE[636] $NUMBER[4]) | String.IsEqual(Skin.String(ReorderCategories12),$LOCALIZE[636] $NUMBER[4]) | String.IsEqual(Skin.String(ReorderCategories12),$LOCALIZE[636] $NUMBER[4]) | String.IsEqual(Skin.String(ReorderCategories13),$LOCALIZE[636] $NUMBER[4]) | String.IsEqual(Skin.String(ReorderCategories14),$LOCALIZE[636] $NUMBER[4]) | String.IsEqual(Skin.String(ReorderCategories15),$LOCALIZE[636] $NUMBER[4]) | String.IsEqual(Skin.String(ReorderCategories16),$LOCALIZE[636] $NUMBER[4]) | String.IsEqual(Skin.String(ReorderCategories17),$LOCALIZE[636] $NUMBER[4]) | String.IsEqual(Skin.String(ReorderCategories18),$LOCALIZE[636] $NUMBER[4]) | String.IsEqual(Skin.String(ReorderCategories19),$LOCALIZE[636] $NUMBER[4]) | String.IsEqual(Skin.String(ReorderCategories20),$LOCALIZE[636] $NUMBER[4]) | String.IsEqual(Skin.String(ReorderCategories21),$LOCALIZE[636] $NUMBER[4]) | String.IsEqual(Skin.String(ReorderCategories22),$LOCALIZE[636] $NUMBER[4]) | String.IsEqual(Skin.String(ReorderCategories23),$LOCALIZE[636] $NUMBER[4]) | String.IsEqual(Skin.String(ReorderCategories24),$LOCALIZE[636] $NUMBER[4]) | String.IsEqual(Skin.String(ReorderCategories25),$LOCALIZE[636] $NUMBER[4]) | String.IsEqual(Skin.String(ReorderCategories26),$LOCALIZE[636] $NUMBER[4]) | String.IsEqual(Skin.String(ReorderCategories27),$LOCALIZE[636] $NUMBER[4]) | String.IsEqual(Skin.String(ReorderCategories28),$LOCALIZE[636] $NUMBER[4])]</visible>
					</item>
					<item>
						<label>$LOCALIZE[636] $NUMBER[5]</label>
						<icon>$INFO[Skin.String(Custom5NoFocusImagePath)]</icon>
						<onclick>Dialog.Close(1115)</onclick>
						<onclick>Skin.SetString($INFO[Skin.String(ReorderCategoriesParam)],$LOCALIZE[636] $NUMBER[5])</onclick>
						<visible>Skin.HasSetting(EnableCustomCategory5) + ![String.IsEqual(Skin.String(ReorderCategories1),$LOCALIZE[636] $NUMBER[5]) | String.IsEqual(Skin.String(ReorderCategories2),$LOCALIZE[636] $NUMBER[5]) | String.IsEqual(Skin.String(ReorderCategories3),$LOCALIZE[636] $NUMBER[5]) | String.IsEqual(Skin.String(ReorderCategories4),$LOCALIZE[636] $NUMBER[5]) | String.IsEqual(Skin.String(ReorderCategories5),$LOCALIZE[636] $NUMBER[5]) | String.IsEqual(Skin.String(ReorderCategories6),$LOCALIZE[636] $NUMBER[5]) | String.IsEqual(Skin.String(ReorderCategories7),$LOCALIZE[636] $NUMBER[5]) | String.IsEqual(Skin.String(ReorderCategories8),$LOCALIZE[636] $NUMBER[5]) | String.IsEqual(Skin.String(ReorderCategories9),$LOCALIZE[636] $NUMBER[5]) | String.IsEqual(Skin.String(ReorderCategories10),$LOCALIZE[636] $NUMBER[5]) | String.IsEqual(Skin.String(ReorderCategories11),$LOCALIZE[636] $NUMBER[5]) | String.IsEqual(Skin.String(ReorderCategories12),$LOCALIZE[636] $NUMBER[5]) | String.IsEqual(Skin.String(ReorderCategories12),$LOCALIZE[636] $NUMBER[5]) | String.IsEqual(Skin.String(ReorderCategories13),$LOCALIZE[636] $NUMBER[5]) | String.IsEqual(Skin.String(ReorderCategories14),$LOCALIZE[636] $NUMBER[5]) | String.IsEqual(Skin.String(ReorderCategories15),$LOCALIZE[636] $NUMBER[5]) | String.IsEqual(Skin.String(ReorderCategories16),$LOCALIZE[636] $NUMBER[5]) | String.IsEqual(Skin.String(ReorderCategories17),$LOCALIZE[636] $NUMBER[5]) | String.IsEqual(Skin.String(ReorderCategories18),$LOCALIZE[636] $NUMBER[5]) | String.IsEqual(Skin.String(ReorderCategories19),$LOCALIZE[636] $NUMBER[5]) | String.IsEqual(Skin.String(ReorderCategories20),$LOCALIZE[636] $NUMBER[5]) | String.IsEqual(Skin.String(ReorderCategories21),$LOCALIZE[636] $NUMBER[5]) | String.IsEqual(Skin.String(ReorderCategories22),$LOCALIZE[636] $NUMBER[5]) | String.IsEqual(Skin.String(ReorderCategories23),$LOCALIZE[636] $NUMBER[5]) | String.IsEqual(Skin.String(ReorderCategories24),$LOCALIZE[636] $NUMBER[5]) | String.IsEqual(Skin.String(ReorderCategories25),$LOCALIZE[636] $NUMBER[5]) | String.IsEqual(Skin.String(ReorderCategories26),$LOCALIZE[636] $NUMBER[5]) | String.IsEqual(Skin.String(ReorderCategories27),$LOCALIZE[636] $NUMBER[5]) | String.IsEqual(Skin.String(ReorderCategories28),$LOCALIZE[636] $NUMBER[5])]</visible>
					</item>
					<item>
						<label>$LOCALIZE[636] $NUMBER[6]</label>
						<icon>$INFO[Skin.String(Custom6NoFocusImagePath)]</icon>
						<onclick>Dialog.Close(1115)</onclick>
						<onclick>Skin.SetString($INFO[Skin.String(ReorderCategoriesParam)],$LOCALIZE[636] $NUMBER[6])</onclick>
						<visible>Skin.HasSetting(EnableCustomCategory6) + ![String.IsEqual(Skin.String(ReorderCategories1),$LOCALIZE[636] $NUMBER[6]) | String.IsEqual(Skin.String(ReorderCategories2),$LOCALIZE[636] $NUMBER[6]) | String.IsEqual(Skin.String(ReorderCategories3),$LOCALIZE[636] $NUMBER[6]) | String.IsEqual(Skin.String(ReorderCategories4),$LOCALIZE[636] $NUMBER[6]) | String.IsEqual(Skin.String(ReorderCategories5),$LOCALIZE[636] $NUMBER[6]) | String.IsEqual(Skin.String(ReorderCategories6),$LOCALIZE[636] $NUMBER[6]) | String.IsEqual(Skin.String(ReorderCategories7),$LOCALIZE[636] $NUMBER[6]) | String.IsEqual(Skin.String(ReorderCategories8),$LOCALIZE[636] $NUMBER[6]) | String.IsEqual(Skin.String(ReorderCategories9),$LOCALIZE[636] $NUMBER[6]) | String.IsEqual(Skin.String(ReorderCategories10),$LOCALIZE[636] $NUMBER[6]) | String.IsEqual(Skin.String(ReorderCategories11),$LOCALIZE[636] $NUMBER[6]) | String.IsEqual(Skin.String(ReorderCategories12),$LOCALIZE[636] $NUMBER[6]) | String.IsEqual(Skin.String(ReorderCategories12),$LOCALIZE[636] $NUMBER[6]) | String.IsEqual(Skin.String(ReorderCategories13),$LOCALIZE[636] $NUMBER[6]) | String.IsEqual(Skin.String(ReorderCategories14),$LOCALIZE[636] $NUMBER[6]) | String.IsEqual(Skin.String(ReorderCategories15),$LOCALIZE[636] $NUMBER[6]) | String.IsEqual(Skin.String(ReorderCategories16),$LOCALIZE[636] $NUMBER[6]) | String.IsEqual(Skin.String(ReorderCategories17),$LOCALIZE[636] $NUMBER[6]) | String.IsEqual(Skin.String(ReorderCategories18),$LOCALIZE[636] $NUMBER[6]) | String.IsEqual(Skin.String(ReorderCategories19),$LOCALIZE[636] $NUMBER[6]) | String.IsEqual(Skin.String(ReorderCategories20),$LOCALIZE[636] $NUMBER[6]) | String.IsEqual(Skin.String(ReorderCategories21),$LOCALIZE[636] $NUMBER[6]) | String.IsEqual(Skin.String(ReorderCategories22),$LOCALIZE[636] $NUMBER[6]) | String.IsEqual(Skin.String(ReorderCategories23),$LOCALIZE[636] $NUMBER[6]) | String.IsEqual(Skin.String(ReorderCategories24),$LOCALIZE[636] $NUMBER[6]) | String.IsEqual(Skin.String(ReorderCategories25),$LOCALIZE[636] $NUMBER[6]) | String.IsEqual(Skin.String(ReorderCategories26),$LOCALIZE[636] $NUMBER[6]) | String.IsEqual(Skin.String(ReorderCategories27),$LOCALIZE[636] $NUMBER[6]) | String.IsEqual(Skin.String(ReorderCategories28),$LOCALIZE[636] $NUMBER[6])]</visible>
					</item>
					<item>
						<label>$LOCALIZE[636] $NUMBER[7]</label>
						<icon>$INFO[Skin.String(Custom7NoFocusImagePath)]</icon>
						<onclick>Dialog.Close(1115)</onclick>
						<onclick>Skin.SetString($INFO[Skin.String(ReorderCategoriesParam)],$LOCALIZE[636] $NUMBER[7])</onclick>
						<visible>Skin.HasSetting(EnableCustomCategory7) + ![String.IsEqual(Skin.String(ReorderCategories1),$LOCALIZE[636] $NUMBER[7]) | String.IsEqual(Skin.String(ReorderCategories2),$LOCALIZE[636] $NUMBER[7]) | String.IsEqual(Skin.String(ReorderCategories3),$LOCALIZE[636] $NUMBER[7]) | String.IsEqual(Skin.String(ReorderCategories4),$LOCALIZE[636] $NUMBER[7]) | String.IsEqual(Skin.String(ReorderCategories5),$LOCALIZE[636] $NUMBER[7]) | String.IsEqual(Skin.String(ReorderCategories6),$LOCALIZE[636] $NUMBER[7]) | String.IsEqual(Skin.String(ReorderCategories7),$LOCALIZE[636] $NUMBER[7]) | String.IsEqual(Skin.String(ReorderCategories8),$LOCALIZE[636] $NUMBER[7]) | String.IsEqual(Skin.String(ReorderCategories9),$LOCALIZE[636] $NUMBER[7]) | String.IsEqual(Skin.String(ReorderCategories10),$LOCALIZE[636] $NUMBER[7]) | String.IsEqual(Skin.String(ReorderCategories11),$LOCALIZE[636] $NUMBER[7]) | String.IsEqual(Skin.String(ReorderCategories12),$LOCALIZE[636] $NUMBER[7]) | String.IsEqual(Skin.String(ReorderCategories12),$LOCALIZE[636] $NUMBER[7]) | String.IsEqual(Skin.String(ReorderCategories13),$LOCALIZE[636] $NUMBER[7]) | String.IsEqual(Skin.String(ReorderCategories14),$LOCALIZE[636] $NUMBER[7]) | String.IsEqual(Skin.String(ReorderCategories15),$LOCALIZE[636] $NUMBER[7]) | String.IsEqual(Skin.String(ReorderCategories16),$LOCALIZE[636] $NUMBER[7]) | String.IsEqual(Skin.String(ReorderCategories17),$LOCALIZE[636] $NUMBER[7]) | String.IsEqual(Skin.String(ReorderCategories18),$LOCALIZE[636] $NUMBER[7]) | String.IsEqual(Skin.String(ReorderCategories19),$LOCALIZE[636] $NUMBER[7]) | String.IsEqual(Skin.String(ReorderCategories20),$LOCALIZE[636] $NUMBER[7]) | String.IsEqual(Skin.String(ReorderCategories21),$LOCALIZE[636] $NUMBER[7]) | String.IsEqual(Skin.String(ReorderCategories22),$LOCALIZE[636] $NUMBER[7]) | String.IsEqual(Skin.String(ReorderCategories23),$LOCALIZE[636] $NUMBER[7]) | String.IsEqual(Skin.String(ReorderCategories24),$LOCALIZE[636] $NUMBER[7]) | String.IsEqual(Skin.String(ReorderCategories25),$LOCALIZE[636] $NUMBER[7]) | String.IsEqual(Skin.String(ReorderCategories26),$LOCALIZE[636] $NUMBER[7]) | String.IsEqual(Skin.String(ReorderCategories27),$LOCALIZE[636] $NUMBER[7]) | String.IsEqual(Skin.String(ReorderCategories28),$LOCALIZE[636] $NUMBER[7])]</visible>
					</item>
					<item>
						<label>$LOCALIZE[636] $NUMBER[8]</label>
						<icon>$INFO[Skin.String(Custom8NoFocusImagePath)]</icon>
						<onclick>Dialog.Close(1115)</onclick>
						<onclick>Skin.SetString($INFO[Skin.String(ReorderCategoriesParam)],$LOCALIZE[636] $NUMBER[8])</onclick>
						<visible>Skin.HasSetting(EnableCustomCategory8) + ![String.IsEqual(Skin.String(ReorderCategories1),$LOCALIZE[636] $NUMBER[8]) | String.IsEqual(Skin.String(ReorderCategories2),$LOCALIZE[636] $NUMBER[8]) | String.IsEqual(Skin.String(ReorderCategories3),$LOCALIZE[636] $NUMBER[8]) | String.IsEqual(Skin.String(ReorderCategories4),$LOCALIZE[636] $NUMBER[8]) | String.IsEqual(Skin.String(ReorderCategories5),$LOCALIZE[636] $NUMBER[8]) | String.IsEqual(Skin.String(ReorderCategories6),$LOCALIZE[636] $NUMBER[8]) | String.IsEqual(Skin.String(ReorderCategories7),$LOCALIZE[636] $NUMBER[8]) | String.IsEqual(Skin.String(ReorderCategories8),$LOCALIZE[636] $NUMBER[8]) | String.IsEqual(Skin.String(ReorderCategories9),$LOCALIZE[636] $NUMBER[8]) | String.IsEqual(Skin.String(ReorderCategories10),$LOCALIZE[636] $NUMBER[8]) | String.IsEqual(Skin.String(ReorderCategories11),$LOCALIZE[636] $NUMBER[8]) | String.IsEqual(Skin.String(ReorderCategories12),$LOCALIZE[636] $NUMBER[8]) | String.IsEqual(Skin.String(ReorderCategories12),$LOCALIZE[636] $NUMBER[8]) | String.IsEqual(Skin.String(ReorderCategories13),$LOCALIZE[636] $NUMBER[8]) | String.IsEqual(Skin.String(ReorderCategories14),$LOCALIZE[636] $NUMBER[8]) | String.IsEqual(Skin.String(ReorderCategories15),$LOCALIZE[636] $NUMBER[8]) | String.IsEqual(Skin.String(ReorderCategories16),$LOCALIZE[636] $NUMBER[8]) | String.IsEqual(Skin.String(ReorderCategories17),$LOCALIZE[636] $NUMBER[8]) | String.IsEqual(Skin.String(ReorderCategories18),$LOCALIZE[636] $NUMBER[8]) | String.IsEqual(Skin.String(ReorderCategories19),$LOCALIZE[636] $NUMBER[8]) | String.IsEqual(Skin.String(ReorderCategories20),$LOCALIZE[636] $NUMBER[8]) | String.IsEqual(Skin.String(ReorderCategories21),$LOCALIZE[636] $NUMBER[8]) | String.IsEqual(Skin.String(ReorderCategories22),$LOCALIZE[636] $NUMBER[8]) | String.IsEqual(Skin.String(ReorderCategories23),$LOCALIZE[636] $NUMBER[8]) | String.IsEqual(Skin.String(ReorderCategories24),$LOCALIZE[636] $NUMBER[8]) | String.IsEqual(Skin.String(ReorderCategories25),$LOCALIZE[636] $NUMBER[8]) | String.IsEqual(Skin.String(ReorderCategories26),$LOCALIZE[636] $NUMBER[8]) | String.IsEqual(Skin.String(ReorderCategories27),$LOCALIZE[636] $NUMBER[8]) | String.IsEqual(Skin.String(ReorderCategories28),$LOCALIZE[636] $NUMBER[8])]</visible>
					</item>
					<item>
						<label>$LOCALIZE[636] $NUMBER[9]</label>
						<icon>$INFO[Skin.String(Custom9NoFocusImagePath)]</icon>
						<onclick>Dialog.Close(1115)</onclick>
						<onclick>Skin.SetString($INFO[Skin.String(ReorderCategoriesParam)],$LOCALIZE[636] $NUMBER[9])</onclick>
						<visible>Skin.HasSetting(EnableCustomCategory9) + ![String.IsEqual(Skin.String(ReorderCategories1),$LOCALIZE[636] $NUMBER[9]) | String.IsEqual(Skin.String(ReorderCategories2),$LOCALIZE[636] $NUMBER[9]) | String.IsEqual(Skin.String(ReorderCategories3),$LOCALIZE[636] $NUMBER[9]) | String.IsEqual(Skin.String(ReorderCategories4),$LOCALIZE[636] $NUMBER[9]) | String.IsEqual(Skin.String(ReorderCategories5),$LOCALIZE[636] $NUMBER[9]) | String.IsEqual(Skin.String(ReorderCategories6),$LOCALIZE[636] $NUMBER[9]) | String.IsEqual(Skin.String(ReorderCategories7),$LOCALIZE[636] $NUMBER[9]) | String.IsEqual(Skin.String(ReorderCategories8),$LOCALIZE[636] $NUMBER[9]) | String.IsEqual(Skin.String(ReorderCategories9),$LOCALIZE[636] $NUMBER[9]) | String.IsEqual(Skin.String(ReorderCategories10),$LOCALIZE[636] $NUMBER[9]) | String.IsEqual(Skin.String(ReorderCategories11),$LOCALIZE[636] $NUMBER[9]) | String.IsEqual(Skin.String(ReorderCategories12),$LOCALIZE[636] $NUMBER[9]) | String.IsEqual(Skin.String(ReorderCategories12),$LOCALIZE[636] $NUMBER[9]) | String.IsEqual(Skin.String(ReorderCategories13),$LOCALIZE[636] $NUMBER[9]) | String.IsEqual(Skin.String(ReorderCategories14),$LOCALIZE[636] $NUMBER[9]) | String.IsEqual(Skin.String(ReorderCategories15),$LOCALIZE[636] $NUMBER[9]) | String.IsEqual(Skin.String(ReorderCategories16),$LOCALIZE[636] $NUMBER[9]) | String.IsEqual(Skin.String(ReorderCategories17),$LOCALIZE[636] $NUMBER[9]) | String.IsEqual(Skin.String(ReorderCategories18),$LOCALIZE[636] $NUMBER[9]) | String.IsEqual(Skin.String(ReorderCategories19),$LOCALIZE[636] $NUMBER[9]) | String.IsEqual(Skin.String(ReorderCategories20),$LOCALIZE[636] $NUMBER[9]) | String.IsEqual(Skin.String(ReorderCategories21),$LOCALIZE[636] $NUMBER[9]) | String.IsEqual(Skin.String(ReorderCategories22),$LOCALIZE[636] $NUMBER[9]) | String.IsEqual(Skin.String(ReorderCategories23),$LOCALIZE[636] $NUMBER[9]) | String.IsEqual(Skin.String(ReorderCategories24),$LOCALIZE[636] $NUMBER[9]) | String.IsEqual(Skin.String(ReorderCategories25),$LOCALIZE[636] $NUMBER[9]) | String.IsEqual(Skin.String(ReorderCategories26),$LOCALIZE[636] $NUMBER[9]) | String.IsEqual(Skin.String(ReorderCategories27),$LOCALIZE[636] $NUMBER[9]) | String.IsEqual(Skin.String(ReorderCategories28),$LOCALIZE[636] $NUMBER[9])]</visible>
					</item>
					<item>
						<label>$LOCALIZE[636] $NUMBER[10]</label>
						<icon>$INFO[Skin.String(Custom10NoFocusImagePath)]</icon>
						<onclick>Dialog.Close(1115)</onclick>
						<onclick>Skin.SetString($INFO[Skin.String(ReorderCategoriesParam)],$LOCALIZE[636] $NUMBER[10])</onclick>
						<visible>Skin.HasSetting(EnableCustomCategory10) + ![String.IsEqual(Skin.String(ReorderCategories1),$LOCALIZE[636] $NUMBER[10]) | String.IsEqual(Skin.String(ReorderCategories2),$LOCALIZE[636] $NUMBER[10]) | String.IsEqual(Skin.String(ReorderCategories3),$LOCALIZE[636] $NUMBER[10]) | String.IsEqual(Skin.String(ReorderCategories4),$LOCALIZE[636] $NUMBER[10]) | String.IsEqual(Skin.String(ReorderCategories5),$LOCALIZE[636] $NUMBER[10]) | String.IsEqual(Skin.String(ReorderCategories6),$LOCALIZE[636] $NUMBER[10]) | String.IsEqual(Skin.String(ReorderCategories7),$LOCALIZE[636] $NUMBER[10]) | String.IsEqual(Skin.String(ReorderCategories8),$LOCALIZE[636] $NUMBER[10]) | String.IsEqual(Skin.String(ReorderCategories9),$LOCALIZE[636] $NUMBER[10]) | String.IsEqual(Skin.String(ReorderCategories10),$LOCALIZE[636] $NUMBER[10]) | String.IsEqual(Skin.String(ReorderCategories11),$LOCALIZE[636] $NUMBER[10]) | String.IsEqual(Skin.String(ReorderCategories12),$LOCALIZE[636] $NUMBER[10]) | String.IsEqual(Skin.String(ReorderCategories12),$LOCALIZE[636] $NUMBER[10]) | String.IsEqual(Skin.String(ReorderCategories13),$LOCALIZE[636] $NUMBER[10]) | String.IsEqual(Skin.String(ReorderCategories14),$LOCALIZE[636] $NUMBER[10]) | String.IsEqual(Skin.String(ReorderCategories15),$LOCALIZE[636] $NUMBER[10]) | String.IsEqual(Skin.String(ReorderCategories16),$LOCALIZE[636] $NUMBER[10]) | String.IsEqual(Skin.String(ReorderCategories17),$LOCALIZE[636] $NUMBER[10]) | String.IsEqual(Skin.String(ReorderCategories18),$LOCALIZE[636] $NUMBER[10]) | String.IsEqual(Skin.String(ReorderCategories19),$LOCALIZE[636] $NUMBER[10]) | String.IsEqual(Skin.String(ReorderCategories20),$LOCALIZE[636] $NUMBER[10]) | String.IsEqual(Skin.String(ReorderCategories21),$LOCALIZE[636] $NUMBER[10]) | String.IsEqual(Skin.String(ReorderCategories22),$LOCALIZE[636] $NUMBER[10]) | String.IsEqual(Skin.String(ReorderCategories23),$LOCALIZE[636] $NUMBER[10]) | String.IsEqual(Skin.String(ReorderCategories24),$LOCALIZE[636] $NUMBER[10]) | String.IsEqual(Skin.String(ReorderCategories25),$LOCALIZE[636] $NUMBER[10]) | String.IsEqual(Skin.String(ReorderCategories26),$LOCALIZE[636] $NUMBER[10]) | String.IsEqual(Skin.String(ReorderCategories27),$LOCALIZE[636] $NUMBER[10]) | String.IsEqual(Skin.String(ReorderCategories28),$LOCALIZE[636] $NUMBER[10])]</visible>
					</item>
					<item>
						<label>$LOCALIZE[636] $NUMBER[11]</label>
						<icon>$INFO[Skin.String(Custom11NoFocusImagePath)]</icon>
						<onclick>Dialog.Close(1115)</onclick>
						<onclick>Skin.SetString($INFO[Skin.String(ReorderCategoriesParam)],$LOCALIZE[636] $NUMBER[11])</onclick>
						<visible>Skin.HasSetting(EnableCustomCategory11) + ![String.IsEqual(Skin.String(ReorderCategories1),$LOCALIZE[636] $NUMBER[11]) | String.IsEqual(Skin.String(ReorderCategories2),$LOCALIZE[636] $NUMBER[11]) | String.IsEqual(Skin.String(ReorderCategories3),$LOCALIZE[636] $NUMBER[11]) | String.IsEqual(Skin.String(ReorderCategories4),$LOCALIZE[636] $NUMBER[11]) | String.IsEqual(Skin.String(ReorderCategories5),$LOCALIZE[636] $NUMBER[11]) | String.IsEqual(Skin.String(ReorderCategories6),$LOCALIZE[636] $NUMBER[11]) | String.IsEqual(Skin.String(ReorderCategories7),$LOCALIZE[636] $NUMBER[11]) | String.IsEqual(Skin.String(ReorderCategories8),$LOCALIZE[636] $NUMBER[11]) | String.IsEqual(Skin.String(ReorderCategories9),$LOCALIZE[636] $NUMBER[11]) | String.IsEqual(Skin.String(ReorderCategories10),$LOCALIZE[636] $NUMBER[11]) | String.IsEqual(Skin.String(ReorderCategories11),$LOCALIZE[636] $NUMBER[11]) | String.IsEqual(Skin.String(ReorderCategories12),$LOCALIZE[636] $NUMBER[11]) | String.IsEqual(Skin.String(ReorderCategories12),$LOCALIZE[636] $NUMBER[11]) | String.IsEqual(Skin.String(ReorderCategories13),$LOCALIZE[636] $NUMBER[11]) | String.IsEqual(Skin.String(ReorderCategories14),$LOCALIZE[636] $NUMBER[11]) | String.IsEqual(Skin.String(ReorderCategories15),$LOCALIZE[636] $NUMBER[11]) | String.IsEqual(Skin.String(ReorderCategories16),$LOCALIZE[636] $NUMBER[11]) | String.IsEqual(Skin.String(ReorderCategories17),$LOCALIZE[636] $NUMBER[11]) | String.IsEqual(Skin.String(ReorderCategories18),$LOCALIZE[636] $NUMBER[11]) | String.IsEqual(Skin.String(ReorderCategories19),$LOCALIZE[636] $NUMBER[11]) | String.IsEqual(Skin.String(ReorderCategories20),$LOCALIZE[636] $NUMBER[11]) | String.IsEqual(Skin.String(ReorderCategories21),$LOCALIZE[636] $NUMBER[11]) | String.IsEqual(Skin.String(ReorderCategories22),$LOCALIZE[636] $NUMBER[11]) | String.IsEqual(Skin.String(ReorderCategories23),$LOCALIZE[636] $NUMBER[11]) | String.IsEqual(Skin.String(ReorderCategories24),$LOCALIZE[636] $NUMBER[11]) | String.IsEqual(Skin.String(ReorderCategories25),$LOCALIZE[636] $NUMBER[11]) | String.IsEqual(Skin.String(ReorderCategories26),$LOCALIZE[636] $NUMBER[11]) | String.IsEqual(Skin.String(ReorderCategories27),$LOCALIZE[636] $NUMBER[11]) | String.IsEqual(Skin.String(ReorderCategories28),$LOCALIZE[636] $NUMBER[11])]</visible>
					</item>
					<item>
						<label>$LOCALIZE[636] $NUMBER[12]</label>
						<icon>$INFO[Skin.String(Custom12NoFocusImagePath)]</icon>
						<onclick>Dialog.Close(1115)</onclick>
						<onclick>Skin.SetString($INFO[Skin.String(ReorderCategoriesParam)],$LOCALIZE[636] $NUMBER[12])</onclick>
						<visible>Skin.HasSetting(EnableCustomCategory12) + ![String.IsEqual(Skin.String(ReorderCategories1),$LOCALIZE[636] $NUMBER[12]) | String.IsEqual(Skin.String(ReorderCategories2),$LOCALIZE[636] $NUMBER[12]) | String.IsEqual(Skin.String(ReorderCategories3),$LOCALIZE[636] $NUMBER[12]) | String.IsEqual(Skin.String(ReorderCategories4),$LOCALIZE[636] $NUMBER[12]) | String.IsEqual(Skin.String(ReorderCategories5),$LOCALIZE[636] $NUMBER[12]) | String.IsEqual(Skin.String(ReorderCategories6),$LOCALIZE[636] $NUMBER[12]) | String.IsEqual(Skin.String(ReorderCategories7),$LOCALIZE[636] $NUMBER[12]) | String.IsEqual(Skin.String(ReorderCategories8),$LOCALIZE[636] $NUMBER[12]) | String.IsEqual(Skin.String(ReorderCategories9),$LOCALIZE[636] $NUMBER[12]) | String.IsEqual(Skin.String(ReorderCategories10),$LOCALIZE[636] $NUMBER[12]) | String.IsEqual(Skin.String(ReorderCategories11),$LOCALIZE[636] $NUMBER[12]) | String.IsEqual(Skin.String(ReorderCategories12),$LOCALIZE[636] $NUMBER[12]) | String.IsEqual(Skin.String(ReorderCategories12),$LOCALIZE[636] $NUMBER[12]) | String.IsEqual(Skin.String(ReorderCategories13),$LOCALIZE[636] $NUMBER[12]) | String.IsEqual(Skin.String(ReorderCategories14),$LOCALIZE[636] $NUMBER[12]) | String.IsEqual(Skin.String(ReorderCategories15),$LOCALIZE[636] $NUMBER[12]) | String.IsEqual(Skin.String(ReorderCategories16),$LOCALIZE[636] $NUMBER[12]) | String.IsEqual(Skin.String(ReorderCategories17),$LOCALIZE[636] $NUMBER[12]) | String.IsEqual(Skin.String(ReorderCategories18),$LOCALIZE[636] $NUMBER[12]) | String.IsEqual(Skin.String(ReorderCategories19),$LOCALIZE[636] $NUMBER[12]) | String.IsEqual(Skin.String(ReorderCategories20),$LOCALIZE[636] $NUMBER[12]) | String.IsEqual(Skin.String(ReorderCategories21),$LOCALIZE[636] $NUMBER[12]) | String.IsEqual(Skin.String(ReorderCategories22),$LOCALIZE[636] $NUMBER[12]) | String.IsEqual(Skin.String(ReorderCategories23),$LOCALIZE[636] $NUMBER[12]) | String.IsEqual(Skin.String(ReorderCategories24),$LOCALIZE[636] $NUMBER[12]) | String.IsEqual(Skin.String(ReorderCategories25),$LOCALIZE[636] $NUMBER[12]) | String.IsEqual(Skin.String(ReorderCategories26),$LOCALIZE[636] $NUMBER[12]) | String.IsEqual(Skin.String(ReorderCategories27),$LOCALIZE[636] $NUMBER[12]) | String.IsEqual(Skin.String(ReorderCategories28),$LOCALIZE[636] $NUMBER[12])]</visible>
					</item>
					<item>
						<label>$LOCALIZE[636] $NUMBER[13]</label>
						<icon>$INFO[Skin.String(Custom13NoFocusImagePath)]</icon>
						<onclick>Dialog.Close(1115)</onclick>
						<onclick>Skin.SetString($INFO[Skin.String(ReorderCategoriesParam)],$LOCALIZE[636] $NUMBER[13])</onclick>
						<visible>Skin.HasSetting(EnableCustomCategory13) + ![String.IsEqual(Skin.String(ReorderCategories1),$LOCALIZE[636] $NUMBER[13]) | String.IsEqual(Skin.String(ReorderCategories2),$LOCALIZE[636] $NUMBER[13]) | String.IsEqual(Skin.String(ReorderCategories3),$LOCALIZE[636] $NUMBER[13]) | String.IsEqual(Skin.String(ReorderCategories4),$LOCALIZE[636] $NUMBER[13]) | String.IsEqual(Skin.String(ReorderCategories5),$LOCALIZE[636] $NUMBER[13]) | String.IsEqual(Skin.String(ReorderCategories6),$LOCALIZE[636] $NUMBER[13]) | String.IsEqual(Skin.String(ReorderCategories7),$LOCALIZE[636] $NUMBER[13]) | String.IsEqual(Skin.String(ReorderCategories8),$LOCALIZE[636] $NUMBER[13]) | String.IsEqual(Skin.String(ReorderCategories9),$LOCALIZE[636] $NUMBER[13]) | String.IsEqual(Skin.String(ReorderCategories10),$LOCALIZE[636] $NUMBER[13]) | String.IsEqual(Skin.String(ReorderCategories11),$LOCALIZE[636] $NUMBER[13]) | String.IsEqual(Skin.String(ReorderCategories12),$LOCALIZE[636] $NUMBER[13]) | String.IsEqual(Skin.String(ReorderCategories12),$LOCALIZE[636] $NUMBER[13]) | String.IsEqual(Skin.String(ReorderCategories13),$LOCALIZE[636] $NUMBER[13]) | String.IsEqual(Skin.String(ReorderCategories14),$LOCALIZE[636] $NUMBER[13]) | String.IsEqual(Skin.String(ReorderCategories15),$LOCALIZE[636] $NUMBER[13]) | String.IsEqual(Skin.String(ReorderCategories16),$LOCALIZE[636] $NUMBER[13]) | String.IsEqual(Skin.String(ReorderCategories17),$LOCALIZE[636] $NUMBER[13]) | String.IsEqual(Skin.String(ReorderCategories18),$LOCALIZE[636] $NUMBER[13]) | String.IsEqual(Skin.String(ReorderCategories19),$LOCALIZE[636] $NUMBER[13]) | String.IsEqual(Skin.String(ReorderCategories20),$LOCALIZE[636] $NUMBER[13]) | String.IsEqual(Skin.String(ReorderCategories21),$LOCALIZE[636] $NUMBER[13]) | String.IsEqual(Skin.String(ReorderCategories22),$LOCALIZE[636] $NUMBER[13]) | String.IsEqual(Skin.String(ReorderCategories23),$LOCALIZE[636] $NUMBER[13]) | String.IsEqual(Skin.String(ReorderCategories24),$LOCALIZE[636] $NUMBER[13]) | String.IsEqual(Skin.String(ReorderCategories25),$LOCALIZE[636] $NUMBER[13]) | String.IsEqual(Skin.String(ReorderCategories26),$LOCALIZE[636] $NUMBER[13]) | String.IsEqual(Skin.String(ReorderCategories27),$LOCALIZE[636] $NUMBER[13]) | String.IsEqual(Skin.String(ReorderCategories28),$LOCALIZE[636] $NUMBER[13])]</visible>
					</item>
					<item>
						<label>$LOCALIZE[636] $NUMBER[14]</label>
						<icon>$INFO[Skin.String(Custom14NoFocusImagePath)]</icon>
						<onclick>Dialog.Close(1115)</onclick>
						<onclick>Skin.SetString($INFO[Skin.String(ReorderCategoriesParam)],$LOCALIZE[636] $NUMBER[14])</onclick>
						<visible>Skin.HasSetting(EnableCustomCategory14) + ![String.IsEqual(Skin.String(ReorderCategories1),$LOCALIZE[636] $NUMBER[14]) | String.IsEqual(Skin.String(ReorderCategories2),$LOCALIZE[636] $NUMBER[14]) | String.IsEqual(Skin.String(ReorderCategories3),$LOCALIZE[636] $NUMBER[14]) | String.IsEqual(Skin.String(ReorderCategories4),$LOCALIZE[636] $NUMBER[14]) | String.IsEqual(Skin.String(ReorderCategories5),$LOCALIZE[636] $NUMBER[14]) | String.IsEqual(Skin.String(ReorderCategories6),$LOCALIZE[636] $NUMBER[14]) | String.IsEqual(Skin.String(ReorderCategories7),$LOCALIZE[636] $NUMBER[14]) | String.IsEqual(Skin.String(ReorderCategories8),$LOCALIZE[636] $NUMBER[14]) | String.IsEqual(Skin.String(ReorderCategories9),$LOCALIZE[636] $NUMBER[14]) | String.IsEqual(Skin.String(ReorderCategories10),$LOCALIZE[636] $NUMBER[14]) | String.IsEqual(Skin.String(ReorderCategories11),$LOCALIZE[636] $NUMBER[14]) | String.IsEqual(Skin.String(ReorderCategories12),$LOCALIZE[636] $NUMBER[14]) | String.IsEqual(Skin.String(ReorderCategories12),$LOCALIZE[636] $NUMBER[14]) | String.IsEqual(Skin.String(ReorderCategories13),$LOCALIZE[636] $NUMBER[14]) | String.IsEqual(Skin.String(ReorderCategories14),$LOCALIZE[636] $NUMBER[14]) | String.IsEqual(Skin.String(ReorderCategories15),$LOCALIZE[636] $NUMBER[14]) | String.IsEqual(Skin.String(ReorderCategories16),$LOCALIZE[636] $NUMBER[14]) | String.IsEqual(Skin.String(ReorderCategories17),$LOCALIZE[636] $NUMBER[14]) | String.IsEqual(Skin.String(ReorderCategories18),$LOCALIZE[636] $NUMBER[14]) | String.IsEqual(Skin.String(ReorderCategories19),$LOCALIZE[636] $NUMBER[14]) | String.IsEqual(Skin.String(ReorderCategories20),$LOCALIZE[636] $NUMBER[14]) | String.IsEqual(Skin.String(ReorderCategories21),$LOCALIZE[636] $NUMBER[14]) | String.IsEqual(Skin.String(ReorderCategories22),$LOCALIZE[636] $NUMBER[14]) | String.IsEqual(Skin.String(ReorderCategories23),$LOCALIZE[636] $NUMBER[14]) | String.IsEqual(Skin.String(ReorderCategories24),$LOCALIZE[636] $NUMBER[14]) | String.IsEqual(Skin.String(ReorderCategories25),$LOCALIZE[636] $NUMBER[14]) | String.IsEqual(Skin.String(ReorderCategories26),$LOCALIZE[636] $NUMBER[14]) | String.IsEqual(Skin.String(ReorderCategories27),$LOCALIZE[636] $NUMBER[14]) | String.IsEqual(Skin.String(ReorderCategories28),$LOCALIZE[636] $NUMBER[14])]</visible>
					</item>
					<item>
						<label>$LOCALIZE[636] $NUMBER[15]</label>
						<icon>$INFO[Skin.String(Custom15NoFocusImagePath)]</icon>
						<onclick>Dialog.Close(1115)</onclick>
						<onclick>Skin.SetString($INFO[Skin.String(ReorderCategoriesParam)],$LOCALIZE[636] $NUMBER[15])</onclick>
						<visible>Skin.HasSetting(EnableCustomCategory15) + ![String.IsEqual(Skin.String(ReorderCategories1),$LOCALIZE[636] $NUMBER[15]) | String.IsEqual(Skin.String(ReorderCategories2),$LOCALIZE[636] $NUMBER[15]) | String.IsEqual(Skin.String(ReorderCategories3),$LOCALIZE[636] $NUMBER[15]) | String.IsEqual(Skin.String(ReorderCategories4),$LOCALIZE[636] $NUMBER[15]) | String.IsEqual(Skin.String(ReorderCategories5),$LOCALIZE[636] $NUMBER[15]) | String.IsEqual(Skin.String(ReorderCategories6),$LOCALIZE[636] $NUMBER[15]) | String.IsEqual(Skin.String(ReorderCategories7),$LOCALIZE[636] $NUMBER[15]) | String.IsEqual(Skin.String(ReorderCategories8),$LOCALIZE[636] $NUMBER[15]) | String.IsEqual(Skin.String(ReorderCategories9),$LOCALIZE[636] $NUMBER[15]) | String.IsEqual(Skin.String(ReorderCategories10),$LOCALIZE[636] $NUMBER[15]) | String.IsEqual(Skin.String(ReorderCategories11),$LOCALIZE[636] $NUMBER[15]) | String.IsEqual(Skin.String(ReorderCategories12),$LOCALIZE[636] $NUMBER[15]) | String.IsEqual(Skin.String(ReorderCategories12),$LOCALIZE[636] $NUMBER[15]) | String.IsEqual(Skin.String(ReorderCategories13),$LOCALIZE[636] $NUMBER[15]) | String.IsEqual(Skin.String(ReorderCategories14),$LOCALIZE[636] $NUMBER[15]) | String.IsEqual(Skin.String(ReorderCategories15),$LOCALIZE[636] $NUMBER[15]) | String.IsEqual(Skin.String(ReorderCategories16),$LOCALIZE[636] $NUMBER[15]) | String.IsEqual(Skin.String(ReorderCategories17),$LOCALIZE[636] $NUMBER[15]) | String.IsEqual(Skin.String(ReorderCategories18),$LOCALIZE[636] $NUMBER[15]) | String.IsEqual(Skin.String(ReorderCategories19),$LOCALIZE[636] $NUMBER[15]) | String.IsEqual(Skin.String(ReorderCategories20),$LOCALIZE[636] $NUMBER[15]) | String.IsEqual(Skin.String(ReorderCategories21),$LOCALIZE[636] $NUMBER[15]) | String.IsEqual(Skin.String(ReorderCategories22),$LOCALIZE[636] $NUMBER[15]) | String.IsEqual(Skin.String(ReorderCategories23),$LOCALIZE[636] $NUMBER[15]) | String.IsEqual(Skin.String(ReorderCategories24),$LOCALIZE[636] $NUMBER[15]) | String.IsEqual(Skin.String(ReorderCategories25),$LOCALIZE[636] $NUMBER[15]) | String.IsEqual(Skin.String(ReorderCategories26),$LOCALIZE[636] $NUMBER[15]) | String.IsEqual(Skin.String(ReorderCategories27),$LOCALIZE[636] $NUMBER[15]) | String.IsEqual(Skin.String(ReorderCategories28),$LOCALIZE[636] $NUMBER[15])]</visible>
					</item>
					<item>
						<label>$LOCALIZE[636] $NUMBER[16]</label>
						<icon>$INFO[Skin.String(Custom16NoFocusImagePath)]</icon>
						<onclick>Dialog.Close(1115)</onclick>
						<onclick>Skin.SetString($INFO[Skin.String(ReorderCategoriesParam)],$LOCALIZE[636] $NUMBER[16])</onclick>
						<visible>Skin.HasSetting(EnableCustomCategory16) + ![String.IsEqual(Skin.String(ReorderCategories1),$LOCALIZE[636] $NUMBER[16]) | String.IsEqual(Skin.String(ReorderCategories2),$LOCALIZE[636] $NUMBER[16]) | String.IsEqual(Skin.String(ReorderCategories3),$LOCALIZE[636] $NUMBER[16]) | String.IsEqual(Skin.String(ReorderCategories4),$LOCALIZE[636] $NUMBER[16]) | String.IsEqual(Skin.String(ReorderCategories5),$LOCALIZE[636] $NUMBER[16]) | String.IsEqual(Skin.String(ReorderCategories6),$LOCALIZE[636] $NUMBER[16]) | String.IsEqual(Skin.String(ReorderCategories7),$LOCALIZE[636] $NUMBER[16]) | String.IsEqual(Skin.String(ReorderCategories8),$LOCALIZE[636] $NUMBER[16]) | String.IsEqual(Skin.String(ReorderCategories9),$LOCALIZE[636] $NUMBER[16]) | String.IsEqual(Skin.String(ReorderCategories10),$LOCALIZE[636] $NUMBER[16]) | String.IsEqual(Skin.String(ReorderCategories11),$LOCALIZE[636] $NUMBER[16]) | String.IsEqual(Skin.String(ReorderCategories12),$LOCALIZE[636] $NUMBER[16]) | String.IsEqual(Skin.String(ReorderCategories12),$LOCALIZE[636] $NUMBER[16]) | String.IsEqual(Skin.String(ReorderCategories13),$LOCALIZE[636] $NUMBER[16]) | String.IsEqual(Skin.String(ReorderCategories14),$LOCALIZE[636] $NUMBER[16]) | String.IsEqual(Skin.String(ReorderCategories15),$LOCALIZE[636] $NUMBER[16]) | String.IsEqual(Skin.String(ReorderCategories16),$LOCALIZE[636] $NUMBER[16]) | String.IsEqual(Skin.String(ReorderCategories17),$LOCALIZE[636] $NUMBER[16]) | String.IsEqual(Skin.String(ReorderCategories18),$LOCALIZE[636] $NUMBER[16]) | String.IsEqual(Skin.String(ReorderCategories19),$LOCALIZE[636] $NUMBER[16]) | String.IsEqual(Skin.String(ReorderCategories20),$LOCALIZE[636] $NUMBER[16]) | String.IsEqual(Skin.String(ReorderCategories21),$LOCALIZE[636] $NUMBER[16]) | String.IsEqual(Skin.String(ReorderCategories22),$LOCALIZE[636] $NUMBER[16]) | String.IsEqual(Skin.String(ReorderCategories23),$LOCALIZE[636] $NUMBER[16]) | String.IsEqual(Skin.String(ReorderCategories24),$LOCALIZE[636] $NUMBER[16]) | String.IsEqual(Skin.String(ReorderCategories25),$LOCALIZE[636] $NUMBER[16]) | String.IsEqual(Skin.String(ReorderCategories26),$LOCALIZE[636] $NUMBER[16]) | String.IsEqual(Skin.String(ReorderCategories27),$LOCALIZE[636] $NUMBER[16]) | String.IsEqual(Skin.String(ReorderCategories28),$LOCALIZE[636] $NUMBER[16])]</visible>
					</item>
				</content>
			</control>
			
			<control type="textbox">
				<left>DialogMarginOffsetX</left>
				<top>DialogMarginOffsetY</top>
				<width>360</width>
				<height>481</height>
				<align>center</align>
				<aligny>center</aligny>
				<label>$LOCALIZE[31175]</label>
				<font>DefaultFontB</font>
				<textcolor>ButtonColor</textcolor>
				<autoscroll time="3000" delay="4000" repeat="10000">true</autoscroll>
				<visible>Integer.IsEqual(Container(9000).NumItems,0)</visible>
			</control>
			
			<control type="spincontrol" id="9001">
				<left>350</left>
				<top>549</top>
				<font />
				<onup>9000</onup>
				<onleft>9002</onleft>
				<onright>9000</onright>
				<visible>Integer.IsGreater(Container(9000).NumPages,1)</visible>
			</control>
			
			<control type="button" id="9002">
				<description>Cancel</description>
				<top>541</top>
				<left>130</left>
				<include>DialogMenuBarBtn</include>
				<label>$LOCALIZE[222]</label>
				<onup>9000</onup>
				<onleft>9000</onleft>
				<onright condition="Control.IsVisible(9001)">9001</onright>
				<onright condition="!Control.IsVisible(9001)">9000</onright>
				<onclick>Dialog.Close(1115)</onclick>
			</control>
		</control>
	</controls>
</window>