<?xml version="1.0" encoding="UTF-8"?>
<window>
	<defaultcontrol>9000</defaultcontrol>

	<coordinates>
		<system>1</system>
		<origin x="468" y="181">true</origin>
	</coordinates>
	
	<controls>
		<control type="group">
			<depth>DepthDialog+</depth>
			<include>DialogOpenCloseAnim</include>
			<animation effect="slide" end="0,-167" condition="String.IsEqual(Container(9000).NumItems,17)">Conditional</animation>
			<animation effect="slide" end="0,-148" condition="String.IsEqual(Container(9000).NumItems,16)">Conditional</animation>
			<animation effect="slide" end="0,-130" condition="String.IsEqual(Container(9000).NumItems,15)">Conditional</animation>
			<animation effect="slide" end="0,-111" condition="String.IsEqual(Container(9000).NumItems,14)">Conditional</animation>
			<animation effect="slide" end="0,-93" condition="String.IsEqual(Container(9000).NumItems,13)">Conditional</animation>
			<animation effect="slide" end="0,-74" condition="String.IsEqual(Container(9000).NumItems,12)">Conditional</animation>
			<animation effect="slide" end="0,-56" condition="String.IsEqual(Container(9000).NumItems,11)">Conditional</animation>
			<animation effect="slide" end="0,-37" condition="String.IsEqual(Container(9000).NumItems,10)">Conditional</animation>
			<animation effect="slide" end="0,-19" condition="String.IsEqual(Container(9000).NumItems,9)">Conditional</animation>
			<animation effect="slide" end="0,18" condition="String.IsEqual(Container(9000).NumItems,7)">Conditional</animation>
			<animation effect="slide" end="0,37" condition="String.IsEqual(Container(9000).NumItems,6)">Conditional</animation>
			<animation effect="slide" end="0,55" condition="String.IsEqual(Container(9000).NumItems,5)">Conditional</animation>
			<animation effect="slide" end="0,74" condition="String.IsEqual(Container(9000).NumItems,4)">Conditional</animation>
			<animation effect="slide" end="0,92" condition="String.IsEqual(Container(9000).NumItems,3)">Conditional</animation>
			<animation effect="slide" end="0,110" condition="String.IsEqual(Container(9000).NumItems,2)">Conditional</animation>
			<animation effect="slide" end="0,128" condition="String.IsEqual(Container(9000).NumItems,1)">Conditional</animation>
			
			<control type="grouplist">
				<itemgap>0</itemgap>
				<control type="image">
					<width>344</width>
					<height>32</height>
					<texture border="40,30,40,0">gui/context-menu-top.png</texture>	
				</control>
				<control type="image">
					<width>344</width>
					<height>37</height>
					<texture border="40,2,40,2">gui/context-menu-middle.png</texture>
					<visible>System.ShowExitButton</visible>					
				</control>
				<control type="image">
					<width>344</width>
					<height>37</height>
					<texture border="40,2,40,2">gui/context-menu-middle.png</texture>	
					<visible>System.CanPowerDown + !Skin.HasSetting(ShutdownMenuPowerDown)</visible>
				</control>
				<control type="image">
					<width>344</width>
					<height>37</height>
					<texture border="40,2,40,2">gui/context-menu-middle.png</texture>	
					<visible>System.CanSuspend + !Skin.HasSetting(ShutdownMenuSuspend)</visible>
				</control>
				<control type="image">
					<width>344</width>
					<height>37</height>
					<texture border="40,2,40,2">gui/context-menu-middle.png</texture>
					<visible>System.CanHibernate + !Skin.HasSetting(ShutdownMenuHibernate)</visible>	
				</control>
				<control type="image">
					<width>344</width>
					<height>37</height>
					<texture border="40,2,40,2">gui/context-menu-middle.png</texture>
					<visible>System.CanReboot + !Skin.HasSetting(ShutdownMenuReboot)</visible>
				</control>
				<control type="image">
					<width>344</width>
					<height>37</height>
					<texture border="40,2,40,2">gui/context-menu-middle.png</texture>	
					<visible>!Skin.HasSetting(ShutdownMenuRestart)</visible>
				</control>
				<control type="image">
					<width>344</width>
					<height>37</height>
					<texture border="40,2,40,2">gui/context-menu-middle.png</texture>	
					<visible>System.HasLoginScreen + System.Loggedon</visible>
				</control>
				<control type="image">
					<width>344</width>
					<height>37</height>
					<texture border="40,2,40,2">gui/context-menu-middle.png</texture>
					<visible>System.HasLocks</visible>
				</control>
				<control type="image">
					<width>344</width>
					<height>37</height>
					<texture border="40,2,40,2">gui/context-menu-middle.png</texture>
					<visible>System.HasShutdown</visible>
				</control>
				<control type="image">
					<width>344</width>
					<height>37</height>
					<texture border="40,2,40,2">gui/context-menu-middle.png</texture>
					<visible>[System.CanPowerDown | System.CanSuspend | System.CanHibernate] + !Skin.HasSetting(ShutdownMenuCustomShutdownTimer)</visible>
				</control>
				<control type="image">
					<width>344</width>
					<height>37</height>
					<texture border="40,2,40,2">gui/context-menu-middle.png</texture>
					<visible>!Skin.HasSetting(ShutdownMenuReloadSkin)</visible>
				</control>
				<control type="image">
					<width>344</width>
					<height>37</height>
					<texture border="40,2,40,2">gui/context-menu-middle.png</texture>
					<visible>System.HasMediaDVD</visible>	
				</control>
				<control type="image">
					<width>344</width>
					<height>37</height>
					<texture border="40,2,40,2">gui/context-menu-middle.png</texture>
					<visible>System.HasMediaDVD</visible>
				</control>
				<control type="image">
					<width>344</width>
					<height>37</height>
					<texture border="40,2,40,2">gui/context-menu-middle.png</texture>
					<visible>Skin.HasSetting(HideSystemCategory)</visible>
				</control>
				<control type="image">
					<width>344</width>
					<height>37</height>
					<texture border="40,2,40,2">gui/context-menu-middle.png</texture>
					<visible>Skin.HasSetting(HideSystemCategory)</visible>
				</control>
				<control type="image">
					<width>344</width>
					<height>37</height>
					<texture border="40,2,40,2">gui/context-menu-middle.png</texture>
					<visible>Skin.HasSetting(HideSystemCategory)</visible>
				</control>
				<control type="image">
					<width>344</width>
					<height>30</height>
					<texture flipy="true" border="40,0,40,30">gui/context-menu-top.png</texture>	
				</control>
			</control>
			
			<control type="grouplist" id="9000">
				<left>32</left>
				<top>32</top>
				<itemgap>2</itemgap>
				<onup>9000</onup>
				<ondown>9000</ondown>			
				<control type="button" id="1">
					<description>Quit Kodi</description>
					<include>ContextMenuBtn</include>
					<label>$LOCALIZE[31705]</label>
					<onclick>Dialog.Close(all,true)</onclick>
					<onclick>Quit()</onclick>
					<visible>System.ShowExitButton</visible>
				</control>				
				<control type="button" id="2">
					<description>Power Off System</description>
					<include>ContextMenuBtn</include>
					<label>$LOCALIZE[13016]</label>
					<onclick>Dialog.Close(all,true)</onclick>
					<onclick>Powerdown()</onclick>
					<visible>System.CanPowerDown + !Skin.HasSetting(ShutdownMenuPowerDown)</visible>
				</control>
				<control type="button" id="3">
					<description>Suspend</description>
					<include>ContextMenuBtn</include>
					<label>$LOCALIZE[13011]</label>
					<onclick>Dialog.Close(all,true)</onclick>
					<onclick>Suspend()</onclick>
					<visible>System.CanSuspend + !Skin.HasSetting(ShutdownMenuSuspend)</visible>
				</control>	
				<control type="button" id="4">
					<description>Hibernate</description>
					<include>ContextMenuBtn</include>
					<label>$LOCALIZE[13010]</label>
					<onclick>Dialog.Close(all,true)</onclick>
					<onclick>Hibernate()</onclick>
					<visible>System.CanHibernate + !Skin.HasSetting(ShutdownMenuHibernate)</visible>
				</control>
				<control type="button" id="5">
					<description>Reboot</description>
					<include>ContextMenuBtn</include>
					<label>$LOCALIZE[13013]</label>
					<onclick>Dialog.Close(all,true)</onclick>
					<onclick>Reset()</onclick>
					<visible>System.CanReboot + !Skin.HasSetting(ShutdownMenuReboot)</visible>
				</control>				
				<control type="button" id="6">
					<description>Restart Kodi</description>
					<include>ContextMenuBtn</include>
					<label>$LOCALIZE[31706]</label>
					<onclick>Dialog.Close(all,true)</onclick>
					<onclick>RestartApp()</onclick>
					<visible>!Skin.HasSetting(ShutdownMenuRestart)</visible>
				</control>		
				<control type="button" id="7">
					<description>Log Off</description>
					<include>ContextMenuBtn</include>
					<label>$LOCALIZE[20126]</label>
					<onclick>Dialog.Close(all,true)</onclick>
					<onclick>System.LogOff</onclick>
					<visible>System.HasLoginScreen + System.Loggedon</visible>
				</control>
				<control type="togglebutton" id="8">
					<description>Master Mode</description>
					<include>ContextMenuBtn</include>
					<usealttexture>System.IsMaster</usealttexture>
					<label>$LOCALIZE[20045]</label>
					<altlabel>$LOCALIZE[20046]</altlabel>
					<onclick>MasterMode</onclick>
					<visible>System.HasLocks</visible>
				</control>				
				<control type="button" id="9">
					<description>Inhibit idle shutdown</description>
					<include>ContextMenuBtn</include>
					<onclick>Dialog.Close(all,true)</onclick>
					<onclick>InhibitIdleShutdown(true)</onclick>
					<label>13017</label>
					<visible>System.HasShutdown +!System.IsInhibit</visible>
				</control>
				<control type="button" id="10">
					<description>Allow idle shutdown</description>
					<include>ContextMenuBtn</include>
					<onclick>Dialog.Close(all,true)</onclick>
					<onclick>InhibitIdleShutdown(false)</onclick>
					<label>13018</label>
					<visible>System.HasShutdown + System.IsInhibit</visible>
				</control>		
				<control type="group" id="11">
					<defaultcontrol always="true">13</defaultcontrol>
					<width>280</width>
					<height>35</height>
					<visible>[System.CanPowerDown | System.CanSuspend | System.CanHibernate] + !Skin.HasSetting(ShutdownMenuCustomShutdownTimer)</visible>
					<control type="group" id="12">
						<visible>!System.HasAlarm(ShutdownTimer)</visible>
						<control type="button" id="14">
							<description>30min Shutdown Timer</description>
							<include>ShutdownContextMenuBtn</include>
							<label>$LOCALIZE[20147]</label>
							<onclick>AlarmClock(ShutdownTimer,Shutdown(),30)</onclick>	
							<visible allowhiddenfocus="true">Control.HasFocus(14)</visible>
							<onup condition="System.HasShutdown">10</onup>
							<onup condition="!System.HasShutdown + System.HasLocks">8</onup>
							<onup condition="!System.HasShutdown + !System.HasLocks + [System.HasLoginScreen + System.Loggedon]">7</onup>
							<onup condition="!System.HasShutdown + !System.HasLocks + !System.HasLoginScreen">6</onup>
							<ondown>17</ondown>
							<onleft>13</onleft>
							<onright>15</onright>
						</control>
						<control type="button" id="15">
							<description>60min Shutdown Timer</description>
							<include>ShutdownContextMenuBtn</include>
							<label>$LOCALIZE[20148]</label>
							<onclick>AlarmClock(ShutdownTimer,Shutdown(),60)</onclick>
							<visible allowhiddenfocus="true">Control.HasFocus(15)</visible>
							<onup condition="System.HasShutdown">10</onup>
							<onup condition="!System.HasShutdown + System.HasLocks">8</onup>
							<onup condition="!System.HasShutdown + !System.HasLocks + [System.HasLoginScreen + System.Loggedon]">7</onup>
							<onup condition="!System.HasShutdown + !System.HasLocks + !System.HasLoginScreen">6</onup>
							<ondown>17</ondown>
							<onleft>14</onleft>
							<onright>16</onright>
						</control>
						<control type="button" id="16">
							<description>120min Shutdown Timer</description>
							<include>ShutdownContextMenuBtn</include>
							<label>$LOCALIZE[20149]</label>
							<onclick>AlarmClock(ShutdownTimer,Shutdown(),120)</onclick>
							<visible allowhiddenfocus="true">Control.HasFocus(16)</visible>
							<onup condition="System.HasShutdown">10</onup>
							<onup condition="!System.HasShutdown + System.HasLocks">8</onup>
							<onup condition="!System.HasShutdown + !System.HasLocks + [System.HasLoginScreen + System.Loggedon]">7</onup>
							<onup condition="!System.HasShutdown + !System.HasLocks + !System.HasLoginScreen">6</onup>
							<ondown>17</ondown>
							<onleft>15</onleft>
							<onright>13</onright>
						</control>
						<control type="button" id="13">
							<description>Custom Shutdown Timer</description>
							<include>ShutdownContextMenuBtn</include>
							<label>$LOCALIZE[20150]</label>
							<onclick>AlarmClock(ShutdownTimer,Shutdown())</onclick>
							<visible allowhiddenfocus="true">![Control.HasFocus(14) | Control.HasFocus(15) | Control.HasFocus(16)]</visible>
							<onup condition="System.HasShutdown">10</onup>
							<onup condition="!System.HasShutdown + System.HasLocks">8</onup>
							<onup condition="!System.HasShutdown + !System.HasLocks + [System.HasLoginScreen + System.Loggedon]">7</onup>
							<onup condition="!System.HasShutdown + !System.HasLocks + !System.HasLoginScreen">6</onup>
							<ondown>17</ondown>
							<onleft>16</onleft>
							<onright>14</onright>
						</control>					
						<control type="image">
							<left>5</left>
							<top>5</top>
							<width>16</width>
							<height>23</height>
							<texture>controls/arrow-scroll-left-focus.png</texture>
							<visible>Control.HasFocus(13) | Control.HasFocus(14) | Control.HasFocus(15) | Control.HasFocus(16)</visible>
						</control>					
						<control type="image">
							<left>259</left>
							<top>5</top>
							<width>16</width>
							<height>23</height>
							<texture flipx="true">controls/arrow-scroll-left-focus.png</texture>
							<visible>Control.HasFocus(13) | Control.HasFocus(14) | Control.HasFocus(15) | Control.HasFocus(16)</visible>
						</control>
					</control>
					<control type="button" id="13">
						<description>Cancel Shutdown Timer</description>
						<include>ShutdownContextMenuBtn</include>
						<label>$LOCALIZE[20151]</label>
						<onclick>CancelAlarm(ShutdownTimer)</onclick>
						<onup condition="System.HasShutdown">10</onup>
						<onup condition="!System.HasShutdown + System.HasLocks">8</onup>
						<onup condition="!System.HasShutdown + !System.HasLocks + [System.HasLoginScreen + System.Loggedon]">7</onup>
						<onup condition="!System.HasShutdown + !System.HasLocks + !System.HasLoginScreen">6</onup>
						<ondown>17</ondown>
						<visible>System.HasAlarm(ShutdownTimer)</visible>
					</control>
				</control>	
				<control type="button" id="17">
					<description>Reload Skin</description>
					<include>ContextMenuBtn</include>
					<label>$LOCALIZE[20183]</label>
					<onclick>Dialog.Close(all,true)</onclick>
					<onclick>ReloadSkin()</onclick>
					<include>ReloadSkinNotification</include>
					<visible>!Skin.HasSetting(ShutdownMenuReloadSkin)</visible>
				</control>				
				<control type="button" id="18">
					<description>Play Disc</description>
					<include>ContextMenuBtn</include>
					<label>$LOCALIZE[341]</label>
					<onclick>PlayDVD()</onclick>
					<visible>System.HasMediaDVD</visible>
				</control>
				<control type="button" id="19">
					<description>Eject/Load Disc</description>
					<include>ContextMenuBtn</include>
					<label>$LOCALIZE[13391]</label>
					<onclick>EjectTray()</onclick>
					<visible>System.HasMediaDVD</visible>
				</control>
				<control type="button" id="20">
					<description>Settings</description>
					<include>ContextMenuBtn</include>
					<label>$LOCALIZE[5]</label>
					<onclick>ActivateWindow(InterfaceSettings)</onclick>
					<visible>Skin.HasSetting(HideSystemCategory)</visible>
				</control>
				<control type="button" id="21">
					<description>Settings</description>
					<include>ContextMenuBtn</include>
					<label>$LOCALIZE[20077]</label>
					<onclick>ActivateWindow(SkinSettings)</onclick>
					<visible>Skin.HasSetting(HideSystemCategory)</visible>
				</control>
				<control type="button" id="22">
					<description>Add-ons</description>
					<include>ContextMenuBtn</include>
					<label>$LOCALIZE[24001]</label>
					<onclick>ActivateWindow(AddonBrowser)</onclick>
					<visible>Skin.HasSetting(HideSystemCategory)</visible>
				</control>
			</control>
				
			<control type="button">
				<left>284</left>
				<include>DialogCloseBtn</include>
			</control>
		</control>
	</controls>
</window>