<?xml version="1.0" encoding="UTF-8"?>
<window>
	<defaultcontrol always="true">4012</defaultcontrol>
	<include>FSMediaInfoOpenCloseAnim</include>
	
	<controls>
		<control type="group">
			<depth>DepthOSD</depth>
			
			<control type="group">
				<left>778</left>
				<top>230</top>
				
				<control type="image">
					<width>474</width>
					<height>415</height>
					<texture border="8">panels/panel.png</texture>
				</control>
				
				<control type="image">
					<top>4</top>
					<left>4</left>
					<width>466</width>
					<height>30</height>
					<texture border="5">panels/panel-content-border2.png</texture>
					<animation effect="fade" end="5" condition="true">Conditional</animation>
				</control>
				
				<control type="image" id="4002">
					<description>Cover</description>
					<left>4</left>
					<top>37</top>
					<width>466</width>
					<height>262</height>
					<texture diffuse="covers/list-info-2-extrathumbs-diffuse.png"></texture>
					<aspectratio aligny="center" align="center" scalediffuse="false">scale</aspectratio>
				</control>
				
				<control type="image">
					<description>Clear Logo</description>
					<top>239</top>
					<left>335</left>
					<width>129</width>
					<height>50</height>
					<texture background="true">$INFO[Player.Art(tvshow.clearlogo)]</texture>
					<aspectratio aligny="center" align="center">keep</aspectratio>
					<visible>!String.IsEmpty(Player.Art(tvshow.clearlogo))</visible>
				</control>
				
				<control type="image">
					<left>4</left>
					<top>302</top>
					<width>466</width>
					<height>30</height>
					<texture border="5">panels/panel-content-border2.png</texture>
					<animation effect="fade" end="5" condition="true">Conditional</animation>
				</control>
				
				<control type="image">
					<left>4</left>
					<top>381</top>
					<width>466</width>
					<height>30</height>
					<texture border="5">panels/panel-content-border2.png</texture>
					<animation effect="fade" end="5" condition="true">Conditional</animation>
				</control>

				<control type="group">			
					<left>14</left>
					<top>4</top>
					
					<control type="group">
						<left>1400</left>
						<control type="label" description="Title" id="4000">
						</control>
						<control type="image" id="4005">
							<description>Landscape</description>
						</control>
						<control type="textbox" id="4006">
							<description>Plot</description>
							<font>MediaInfoDescFont</font>
							<textcolor>MediaInfoColor</textcolor>
							<shadowcolor>ShadowColor</shadowcolor>
							<align>justify</align>
							<wrapmultiline>true</wrapmultiline>
							<autoscroll time="2000" delay="6000" repeat="10000">true</autoscroll>
						</control>
						<control type="label" description="Rating" id="4003">
						</control>
						<control type="label" description="Airdate" id="4004">
						</control>
						<control type="label" description="Season Number" id="4008">
						</control>
						<control type="label" description="Episode Number" id="4009">
						</control>
						<control type="label" description="Title" id="4010">
						</control>
						<control type="image" id="4001">
							<description>Poster</description>
							<height>292</height>
							<width>199</width>
							<texture diffuse="covers/list-info-poster-diffuse.png"></texture>
							<aspectratio scalediffuse="false">scale</aspectratio>
						</control>
						<control type="progress" id="23">
							<description>Progressbar</description>
							<width>412</width>
							<info>Player.Progress</info>
						</control>
					</control>
					
					<control type="label">
						<description>Still There?</description>
						<width>174</width>
						<height>30</height>
						<aligny>center</aligny>
						<font>PanelTitleFont</font>
						<textcolor>MediaInfoItemColor</textcolor>
						<shadowcolor>ShadowColor</shadowcolor>
						<label>[UPPERCASE]$LOCALIZE[31016][/UPPERCASE]</label>
					</control>
					
					<control type="grouplist">
						<description>Time</description>
						<left>174</left>
						<width>272</width>
						<align>right</align>
						<orientation>horizontal</orientation>
						<itemgap>10</itemgap>
						<usecontrolcoords>true</usecontrolcoords>
						<control type="image">
							<width>22</width>
							<height>30</height>	
							<texture>pvr/status_timer_alt.png</texture>
							<aspectratio>keep</aspectratio>
							<aligny>center</aligny>
						</control>
						<control type="label">
							<left>-2</left>
							<height>30</height>	
							<width min="25" max="250">auto</width>
							<font>PanelTitleFont</font>
							<textcolor>BreadCrumbColor</textcolor>
							<shadowcolor>ShadowColor</shadowcolor>
							<label>[UPPERCASE]$INFO[System.Time][/UPPERCASE]</label>
							<aligny>center</aligny>
						</control>
					</control>

					<control type="label">
						<description>Title</description>
						<top>298</top>
						<width>446</width>
						<height>30</height>
						<font>WeatherCurrentConditionFont</font>
						<textcolor>MediaInfoTitleColor</textcolor>
						<shadowcolor>ShadowColor</shadowcolor>
						<label>[UPPERCASE]$VAR[NextUpEpisodeNumber2]. $INFO[Control.GetLabel(4010)][/UPPERCASE]</label>
						<aligny>center</aligny>
						<scroll>true</scroll>
					</control>
					
					<control type="grouplist">
						<description>Controls</description>
						<top>335</top>
						<width>446</width>
						<height>35</height>
						<itemgap>10</itemgap>
						<align>center</align>
						<onup condition="Control.IsVisible(9000)">9000</onup>
						<orientation>horizontal</orientation>					
						<control type="button" id="4012">
							<description>Still watching</description>
							<width>180</width>
							<label>$ADDON[service.nextup.notification 30010]</label>
							<pulseonselect>false</pulseonselect>
						</control>
						<control type="label" id="9001">
							<width>66</width>
							<font>FSInfoTitleFont</font>
							<textcolor>BreadCrumbColor</textcolor>
							<align>center</align>
							<aligny>center</aligny>
							<label>$INFO[Player.TimeRemaining(ss)]</label>
						</control>
						<control type="button" id="4013">
							<description>Cancel</description>
							<width>180</width>
							<label>222</label>
							<pulseonselect>false</pulseonselect>
						</control>
					</control>
					
					<control type="label">
						<top>377</top>
						<width>438</width>
						<height>30</height>
						<font>FullMediaInfoTaglineFont</font>
						<textcolor>MediaInfoItemColor</textcolor>
						<shadowcolor>ShadowColor</shadowcolor>							
						<label>$LOCALIZE[31017]</label>
						<align>center</align>
						<aligny>center</aligny>
					</control>
				</control>
			</control>
			
			<control type="group">
				<visible>System.HasAddon(script.skin.helper.service)</visible>
				<animation effect="fade" start="0" end="100" time="300" reversible="false" condition="Integer.IsGreater(Container(9000).NumItems,0)">Conditional</animation>
				<animation effect="fade" start="100" end="0" time="300" reversible="false" condition="String.IsEqual(Container(9000).NumItems,0)">Conditional</animation>
				<left>778</left>
				<top>56</top>

				<control type="image">
					<width>474</width>
					<height>164</height>
					<texture border="8">panels/panel.png</texture>
				</control>

				<control type="multiimage">
					<description>Cover</description>
					<left>360</left>
					<top>15</top>
					<width>98</width>
					<height>134</height>
					<imagepath diffuse="covers/home-panel-movie-cover-diffuse.png" background="true">$INFO[Container(9000).ListItem.Art(tvshow.poster)]</imagepath>
					<aspectratio>stretch</aspectratio>
					<fadetime>IconCrossfadeTime</fadetime>
				</control>

				<control type="label">
					<description>Title</description>
					<left>15</left>
					<top>7</top>
					<width>352</width>
					<font>PanelTitleFont</font>
					<textcolor>MediaInfoItemColor</textcolor>
					<shadowcolor>ShadowColor</shadowcolor>
					<label>[UPPERCASE]$LOCALIZE[31311][/UPPERCASE]</label>
				</control>

				<control type="list" id="9000">
					<top>33</top>
					<width>367</width>
					<height>120</height>
					<scrolltime>200</scrolltime>
					<onup>9000</onup>
					<ondown>4012</ondown>
					<onleft>4012</onleft>
					<onright>4013</onright>
					<include>ContainerPosition1</include>
					<onclick>SendClick(4013)</onclick>
					<onclick>PlayMedia($INFO[ListItem.FileNameAndPath])</onclick>
					<itemlayout height="24">
						<control type="label">
							<width>329</width>
							<include>CustomPanelItemlayoutLabel</include>
							<label>$VAR[SeasonEpisodesNumberVar]: $INFO[ListItem.TVShowTitle]</label>
						</control>
					</itemlayout>
					<focusedlayout height="24">
						<control type="image">
							<left>10</left>
							<width>339</width>
							<height>24</height>
							<texture border="4">views/list-focus.png</texture>
							<aspectratio>stretch</aspectratio>
							<visible>Control.HasFocus(9000)</visible>
							<animation type="Focus" condition="Container(9000).OnNext + ![Skin.String(LowCPUPowerMode,Animations) | Skin.String(LowCPUPowerMode,Full)]" reversible="false">
								<effect type="Fade" start="40" end="100" time="400" tween="back" easing="in"/>
								<effect type="slide" start="0,-24" time="150" tween="quadratic" easing="out"/>
							</animation>
							<animation type="Focus" condition="Container(9000).OnPrevious + ![Skin.String(LowCPUPowerMode,Animations) | Skin.String(LowCPUPowerMode,Full)]" reversible="false">
								<effect type="Fade" start="40" end="100" time="400" tween="back" easing="in"/>
								<effect type="slide" start="0,24" time="150" tween="quadratic" easing="out"/>
							</animation>
							<include>ListViewSelectFadeAnim</include>
						</control>
						<control type="label">
							<width>329</width>
							<include>CustomPanelFocusedlayoutLabel</include>
							<label>$VAR[SeasonEpisodesNumberVar]: $INFO[ListItem.TVShowTitle]</label>
						</control>
					</focusedlayout>
					<content target="video">plugin://script.skin.helper.service/?action=nextepisodes&amp;limit=20&amp;reload=$INFO[Window(Home).Property(widgetreload)]</content>
				</control>
			</control>
		</control>
	</controls>
</window>