<?xml version="1.0" encoding="UTF-8"?>
<window>
	<defaultcontrol always="true">10</defaultcontrol>
	<depth>DepthDialog</depth>
	<include>DialogOpenCloseAnim</include>
	
	<coordinates>
		<left>120</left>
		<top>60</top>
	</coordinates>
	
	<controls>
		<include content="DialogWithCloseBtnLabel">
			<param name="width" value="1040"/>
			<param name="height" value="599" />
			<param name="left" value="980" />
			<param name="labelwidth" value="960" />
			<param name="label" value="$LOCALIZE[29900]" />
		</include>
		
		<control type="grouplist">
			<description>Media Info Background</description>
			<left>DialogMarginOffsetX</left>
			<top>DialogMarginOffsetY</top>
			<width>969</width>
			<itemgap>0</itemgap>
			<orientation>vertical</orientation>
			<animation effect="fade" end="5" condition="true">Conditional</animation>
			<control type="group">
				<height>32</height>
				<control type="image">
					<width>481</width>
					<height>32</height>
					<texture border="5">panels/panel-content-border2.png</texture>
				</control>
				<control type="image">
					<left>488</left>
					<width>481</width>
					<height>32</height>
					<texture border="5">panels/panel-content-border2.png</texture>
				</control>
			</control>
			<control type="image">
				<height>32</height>
			</control>
			<control type="group">
				<height>32</height>
				<control type="image">
					<width>481</width>
					<height>32</height>
					<texture border="5">panels/panel-content-border2.png</texture>
				</control>
				<control type="image">
					<left>488</left>
					<width>481</width>
					<height>32</height>
					<texture border="5">panels/panel-content-border2.png</texture>
				</control>
			</control>
			<control type="image">
				<height>32</height>
			</control>
			<control type="group">
				<height>32</height>
				<control type="image">
					<width>481</width>
					<height>32</height>
					<texture border="5">panels/panel-content-border2.png</texture>
				</control>
				<control type="image">
					<left>488</left>
					<width>481</width>
					<height>32</height>
					<texture border="5">panels/panel-content-border2.png</texture>
				</control>
			</control>
			<control type="image">
				<height>32</height>
			</control>
			<control type="group">
				<height>32</height>
				<control type="image">
					<width>481</width>
					<height>32</height>
					<texture border="5">panels/panel-content-border2.png</texture>
				</control>
				<control type="image">
					<left>488</left>
					<width>481</width>
					<height>32</height>
					<texture border="5">panels/panel-content-border2.png</texture>
				</control>
			</control>
			<control type="image">
				<height>32</height>
			</control>
			<control type="group">
				<height>32</height>
				<control type="image">
					<width>481</width>
					<height>32</height>
					<texture border="5">panels/panel-content-border2.png</texture>
				</control>
				<control type="image">
					<left>488</left>
					<width>481</width>
					<height>32</height>
					<texture border="5">panels/panel-content-border2.png</texture>
				</control>
			</control>
		</control>
		
		<control type="image">
			<top>348</top>
			<left>DialogMarginOffsetX</left>
			<width>969</width>
			<height>90</height>
			<texture border="5">controls/button-nofocus.png</texture>
		</control>
		
		<control type="image">
			<top>446</top>
			<left>DialogMarginOffsetX</left>
			<width>969</width>
			<height>90</height>
			<texture border="5">controls/button-nofocus.png</texture>
		</control>
		
		<control type="list" id="901">
			<description>Info Left</description>
			<left>50</left>
			<top>DialogMarginOffsetY</top>
			<width>461</width>
			<height>500</height>
			<viewtype label="">list</viewtype>
			<orientation>vertical</orientation>
			<itemlayout height="32" width="462">	
				<control type="label">
					<width>149</width>
					<height>32</height>
					<font>DialogMediaInfoFont</font>
					<textcolor>MediaInfoItemColor</textcolor>
					<align>right</align>
					<aligny>center</aligny>
					<info>ListItem.Label</info>
				</control>
				<control type="label">
					<left>159</left>
					<width>302</width>
					<height>32</height>
					<font>DialogMediaInfoFont</font>
					<textcolor>MediaInfoItemColor2</textcolor>
					<aligny>center</aligny>
					<label fallback="31000">$INFO[ListItem.Label2]</label>
				</control>		
			</itemlayout>				
			<focusedlayout height="32" width="461">
				<control type="label">
					<width>149</width>
					<height>32</height>
					<font>DialogMediaInfoFont</font>
					<textcolor>MediaInfoItemColor</textcolor>
					<align>right</align>
					<aligny>center</aligny>
					<info>ListItem.Label</info>
				</control>
				<control type="label">
					<left>159</left>
					<width>302</width>
					<height>32</height>
					<font>DialogMediaInfoFont</font>
					<textcolor>MediaInfoItemColor2</textcolor>
					<aligny>center</aligny>
					<label fallback="31000">$INFO[ListItem.Label2]</label>
				</control>		
			</focusedlayout>
			<content>
				<item id="1">
					<description>Composer</description>
					<label>$LOCALIZE[29903]</label>
					<label2>$INFO[RDS.Composer]</label2>
					<onclick>noop</onclick>
					<visible>!String.IsEmpty(RDS.Composer)</visible>
				</item>
				<item id="2">
					<description>Artist</description>
					<label>$LOCALIZE[557]</label>
					<label2>$INFO[RDS.Artist]</label2>
					<onclick>noop</onclick>
					<visible>String.IsEmpty(RDS.Band) + !String.IsEmpty(RDS.Artist)</visible>
				</item>
				<item id="3">
					<description>Band</description>
					<label>$LOCALIZE[29901]</label>
					<label2>$INFO[RDS.Band]</label2>
					<onclick>noop</onclick>
					<visible>!String.IsEmpty(RDS.Band)</visible>
				</item>
				<item id="4">
					<description>Title</description>
					<label>$LOCALIZE[556]</label>
					<label2>$INFO[RDS.Title]</label2>
					<onclick>noop</onclick>
				</item>
				<item id="5">
					<description>Album</description>
					<label>$LOCALIZE[558]</label>
					<label2>$INFO[RDS.Album]</label2>
					<onclick>noop</onclick>
					<visible>!String.IsEmpty(RDS.Album)</visible>
				</item>
				<item id="5">
					<description>Conductor</description>
					<label>$LOCALIZE[29905]</label>
					<label2>$INFO[RDS.Conductor]</label2>
					<onclick>noop</onclick>
					<visible>!String.IsEmpty(RDS.Conductor)</visible>
				</item>
				<item id="6">
					<description>Programme Style</description>
					<label>$LOCALIZE[29902]</label>
					<label2>$INFO[RDS.ProgStyle]</label2>
					<onclick>noop</onclick>
					<visible>!String.IsEmpty(RDS.ProgStyle)</visible>
				</item>
			</content>
		</control>
		
		<control type="list" id="902">
			<description>Info Right</description>
			<left>528</left>
			<top>DialogMarginOffsetY</top>
			<width>461</width>
			<height>500</height>
			<viewtype label="">list</viewtype>
			<orientation>vertical</orientation>
			<itemlayout height="32" width="461">	
				<control type="label">
					<width>149</width>
					<height>32</height>
					<font>DialogMediaInfoFont</font>
					<textcolor>MediaInfoItemColor</textcolor>
					<align>right</align>
					<aligny>center</aligny>
					<info>ListItem.Label</info>
				</control>
				<control type="label">
					<left>159</left>
					<width>302</width>
					<height>32</height>
					<font>DialogMediaInfoFont</font>
					<textcolor>MediaInfoItemColor2</textcolor>
					<aligny>center</aligny>
					<label fallback="31000">$INFO[ListItem.Label2]</label>
				</control>		
			</itemlayout>				
			<focusedlayout height="32" width="461">
				<control type="label">
					<width>149</width>
					<height>32</height>
					<font>DialogMediaInfoFont</font>
					<textcolor>MediaInfoItemColor</textcolor>
					<align>right</align>
					<aligny>center</aligny>
					<info>ListItem.Label</info>
				</control>
				<control type="label">
					<left>159</left>
					<width>302</width>
					<height>32</height>
					<font>DialogMediaInfoFont</font>
					<textcolor>MediaInfoItemColor2</textcolor>
					<aligny>center</aligny>
					<label fallback="31000">$INFO[ListItem.Label2]</label>
				</control>		
			</focusedlayout>
			<content>
				<item id="1">
					<description>Programme Host</description>
					<label>$LOCALIZE[29906]</label>
					<label2>$INFO[RDS.ProgHost]</label2>
					<onclick>noop</onclick>
					<visible>!String.IsEmpty(RDS.ProgHost)</visible>
				</item>
				<item id="2">
					<description>Comment</description>
					<label>$LOCALIZE[569]</label>
					<label2>$INFO[RDS.Comment]</label2>
					<onclick>noop</onclick>
					<visible>!String.IsEmpty(RDS.Comment)</visible>
				</item>
				<item id="3">
					<description>Editorial Staff</description>
					<label>$LOCALIZE[29907]</label>
					<label2>$INFO[RDS.ProgEditStaff]</label2>
					<onclick>noop</onclick>
					<visible>!String.IsEmpty(RDS.ProgEditStaff)</visible>
				</item>
				<item id="4">
					<description>Phone (Studio)</description>
					<label>$LOCALIZE[29910] ($LOCALIZE[29909])</label>
					<label2>$INFO[RDS.PhoneStudio]</label2>
					<onclick>noop</onclick>
					<visible>!String.IsEmpty(RDS.PhoneStudio)</visible>
				</item>
				<item id="5">
					<description>Email (Studio)</description>
					<label>$LOCALIZE[29911] ($LOCALIZE[29909])</label>
					<label2>$INFO[RDS.EmailStudio]</label2>
					<onclick>noop</onclick>
					<visible>!String.IsEmpty(RDS.EmailStudio)</visible>
				</item>
				<item id="6">
					<description>SMS (Studio)</description>
					<label>$LOCALIZE[29912] ($LOCALIZE[29909])</label>
					<label2>$INFO[RDS.SMSStudio]</label2>
					<onclick>noop</onclick>
					<visible>!String.IsEmpty(RDS.SMSStudio)</visible>
				</item>
				<item id="7">
					<description>Phone (Hotline)</description>
					<label>$LOCALIZE[29910] ($LOCALIZE[29913])</label>
					<label2>$INFO[RDS.PhoneHotline]</label2>
					<onclick>noop</onclick>
					<visible>!String.IsEmpty(RDS.PhoneHotline)</visible>
				</item>
				<item id="8">
					<description>Email (Hotline)</description>
					<label>$LOCALIZE[29911] ($LOCALIZE[29913])</label>
					<label2>$INFO[RDS.EmailHotline]</label2>
					<onclick>noop</onclick>
					<visible>!String.IsEmpty(RDS.EmailHotline)</visible>
				</item>
				<item id="9">
					<description>Website</description>
					<label>$LOCALIZE[29914]</label>
					<label2>$INFO[RDS.ProgHomepage]</label2>
					<onclick>noop</onclick>
					<visible>!String.IsEmpty(RDS.ProgHomepage)</visible>
				</item>
			</content>
		</control>
		
		<control type="grouplist">
			<top>356</top>
			<left>45</left>
			<itemgap>0</itemgap>
			<orientation>vertical</orientation>
			<width>950</width>
			<control type="label">
				<width>950</width>
				<height>26</height>
				<font>DialogMediaInfoFont</font>
				<textcolor>MediaInfoItemColor</textcolor>
				<align>center</align>
				<label>$INFO[RDS.ProgStation]</label>
			</control>
			<control type="group">
				<height>26</height>
				<control type="label">
					<width>80</width>
					<font>DialogMediaInfoFont</font>
					<textcolor>MediaInfoItemColor</textcolor>
					<label>$LOCALIZE[19030]</label>
				</control>
				<control type="label">
					<left>90</left>
					<width>860</width>
					<font>DialogMediaInfoFont</font>
					<textcolor>MediaInfoItemColor2</textcolor>
					<label fallback="31000">$INFO[RDS.ProgNow]</label>
				</control>
			</control>
			<control type="group">
				<height>44</height>
				<control type="label">
					<width>80</width>
					<font>DialogMediaInfoFont</font>
					<textcolor>MediaInfoItemColor</textcolor>
					<label>$LOCALIZE[19031]</label>
				</control>
				<control type="label">
					<left>90</left>
					<width>860</width>
					<font>DialogMediaInfoFont</font>
					<textcolor>MediaInfoItemColor2</textcolor>
					<label fallback="31000">$INFO[RDS.ProgNext]</label>
				</control>
			</control>
			<control type="label">
				<width>950</width>
				<height>25</height>
				<font>DialogMediaInfoFont</font>
				<textcolor>MediaInfoItemColor</textcolor>
				<align>center</align>
				<label>$LOCALIZE[29915]</label>
			</control>
			<control type="textbox" id="22">
				<description>PLOT</description>
				<width>950</width>
				<height>51</height>
				<font>SubMenuArrowFont</font>
				<textcolor>MediaInfoItemColor2</textcolor>
				<align>justify</align>
				<pagecontrol>60</pagecontrol>
				<label fallback="31204">-</label>
				<autoscroll time="2000" delay="7000" repeat="10000">true</autoscroll>
			</control>
		</control>
		
		<control type="grouplist" id="9000">
			<top>546</top>
			<width>1040</width>
			<align>center</align>
			<itemgap>0</itemgap>
			<orientation>horizontal</orientation>
			<onleft>60</onleft>
			<onright>60</onright>
			<control type="button" id="10">
				<description>OK Button</description>
				<include>DialogMenuBarBtn</include>
				<label>$LOCALIZE[186]</label>
			</control>
		</control>
		
		<control type="spincontrol" id="60">
			<description>Next Page</description>
			<left>959</left>
			<top>554</top>
			<font>-</font>
			<onleft>10</onleft>
			<onright>10</onright>
			<visible>Integer.IsGreater(Container(22).NumPages,1)</visible>
		</control>
	</controls>
</window>
