<?xml version="1.0" encoding="UTF-8"?>
<window>
	<defaultcontrol always="true">11</defaultcontrol>
	<coordinates>
		<system>1</system>
		<left>210</left>
		<top>90</top>
	</coordinates>
	<include>dialogeffect</include>
	<controls>
		<control type="group">
			<visible>!Window.IsVisible(FileBrowser)</visible>
			<include>VisibleFadeEffect</include>
			<control type="image">
				<description>background image</description>
				<width>860</width>
				<height>540</height>
				<texture border="50,100,50,50">Dialog.png</texture>
			</control>
			<control type="label" id="2">
				<description>heading label</description>
				<left>50</left>
				<top>50</top>
				<width>760</width>
				<height>30</height>
				<align>center</align>
				<aligny>center</aligny>
				<font>font16</font>
				<label>13406</label>
				<textcolor>orange</textcolor>
			</control>
			<control type="label">
				<description>path label</description>
				<left>50</left>
				<top>100</top>
				<width>760</width>
				<height>30</height>
				<align>center</align>
				<aligny>center</aligny>
				<font>font12</font>
				<label>1021</label>
				<textcolor>grey2</textcolor>
			</control>
			<control type="list" id="10">
				<left>50</left>
				<top>140</top>
				<width>550</width>
				<height>180</height>
				<onup>9001</onup>
				<onleft>9000</onleft>
				<onright>9000</onright>
				<ondown>12</ondown>
				<scrolltime>200</scrolltime>
				<itemlayout height="45">
					<control type="image">
						<width>550</width>
						<height>45</height>
						<texture border="10">list-nofocus.png</texture>
					</control>
					<control type="label">
						<left>10</left>
						<width>530</width>
						<height>45</height>
						<font>font12</font>
						<align>left</align>
						<aligny>center</aligny>
						<info>ListItem.Label</info>
					</control>
				</itemlayout>
				<focusedlayout height="45">
					<control type="image">
						<width>550</width>
						<height>45</height>
						<texture border="10">list-nofocus.png</texture>
						<visible>!Control.HasFocus(10)</visible>
					</control>
					<control type="image">
						<width>550</width>
						<height>45</height>
						<texture border="10">list-focus.png</texture>
						<visible>Control.HasFocus(10)</visible>
					</control>
					<control type="label">
						<left>10</left>
						<width>530</width>
						<height>45</height>
						<font>font12</font>
						<align>left</align>
						<aligny>center</aligny>
						<textcolor>black</textcolor>
						<info>ListItem.Label</info>
						<visible>Control.HasFocus(10)</visible>
					</control>
					<control type="label">
						<left>10</left>
						<width>530</width>
						<height>45</height>
						<font>font12</font>
						<align>left</align>
						<aligny>center</aligny>
						<textcolor>white</textcolor>
						<info>ListItem.Label</info>
						<visible>!Control.HasFocus(10)</visible>
					</control>
				</focusedlayout>
			</control>
			<control type="group" id="9000">
				<left>620</left>
				<top>140</top>
				<control type="button" id="11">
					<description>Browse Button</description>
					<width>190</width>
					<height>45</height>
					<label>1024</label>
					<font>font12</font>
					<align>center</align>
					<aligny>center</aligny>
					<texturenofocus border="10">button-nofocus.png</texturenofocus>
					<texturefocus border="10">button-focus.png</texturefocus>
					<onup>18</onup>
					<onleft>10</onleft>
					<onright>10</onright>
					<ondown>13</ondown>
				</control>
				<control type="button" id="13">
					<description>Add Path Button</description>
					<top>45</top>
					<width>190</width>
					<height>45</height>
					<label>15019</label>
					<font>font12</font>
					<align>center</align>
					<aligny>center</aligny>
					<texturenofocus border="10">button-nofocus.png</texturenofocus>
					<texturefocus border="10">button-focus.png</texturefocus>
					<onup>11</onup>
					<onleft>10</onleft>
					<onright>10</onright>
					<ondown>14</ondown>
				</control>
				<control type="button" id="14">
					<description>Remove Path Button</description>
					<top>90</top>
					<width>190</width>
					<height>45</height>
					<label>1210</label>
					<font>font12</font>
					<align>center</align>
					<aligny>center</aligny>
					<texturenofocus border="10">button-nofocus.png</texturenofocus>
					<texturefocus border="10">button-focus.png</texturefocus>
					<onup>13</onup>
					<onleft>10</onleft>
					<onright>10</onright>
					<ondown>12</ondown>
				</control>
			</control>
			<control type="image">
				<left>50</left>
				<top>328</top>
				<width>760</width>
				<height>5</height>
				<texture>separator.png</texture>
			</control>
			<control type="label">
				<description>Name label</description>
				<left>50</left>
				<top>335</top>
				<width>760</width>
				<height>30</height>
				<align>center</align>
				<aligny>center</aligny>
				<font>font12</font>
				<label>1022</label>
				<textcolor>grey2</textcolor>
			</control>
			<control type="edit" id="12">
				<description>Name Button</description>
				<left>50</left>
				<top>370</top>
				<width>760</width>
				<height>45</height>
				<align>center</align>
				<aligny>center</aligny>
				<label />
				<focusedcolor>black</focusedcolor>
				<font>font12</font>
				<texturefocus border="10">list-focus.png</texturefocus>
				<texturenofocus border="10">list-nofocus.png</texturenofocus>
				<onup>10</onup>
				<onleft>12</onleft>
				<onright>19</onright>
				<ondown>9001</ondown>
			</control>
			<control type="group" id="9001">
				<left>120</left>
				<top>440</top>
				<control type="button" id="18">
					<description>Ok Button</description>
					<left>210</left>
					<width>200</width>
					<height>45</height>
					<align>center</align>
					<aligny>center</aligny>
					<texturenofocus border="10">button-nofocus.png</texturenofocus>
					<texturefocus border="10">button-focus.png</texturefocus>
					<label>186</label>
					<onup>12</onup>
					<onleft>20</onleft>
					<onright>19</onright>
					<ondown>10</ondown>
					<animation effect="slide" start="0,0" end="-102,0" time="0" condition="!Control.IsVisible(20)">Conditional</animation>
				</control>
				<control type="button" id="19">
					<description>Cancel Button</description>
					<left>420</left>
					<width>200</width>
					<height>45</height>
					<align>center</align>
					<aligny>center</aligny>
					<texturenofocus border="10">button-nofocus.png</texturenofocus>
					<texturefocus border="10">button-focus.png</texturefocus>
					<label>222</label>
					<onup>12</onup>
					<onleft>18</onleft>
					<onright>20</onright>
					<ondown>10</ondown>
					<animation effect="slide" start="0,0" end="-102,0" time="0" condition="!Control.IsVisible(20)">Conditional</animation>
				</control>
				<control type="button" id="20">
					<description>Set Content Button</description>
					<top>135</top>
					<width>200</width>
					<height>45</height>
					<align>center</align>
					<aligny>center</aligny>
					<texturenofocus border="10">button-nofocus.png</texturenofocus>
					<texturefocus border="10">button-focus.png</texturefocus>
					<label>20333</label>
					<onup>12</onup>
					<onleft>19</onleft>
					<onright>18</onright>
					<ondown>10</ondown>
				</control>
			</control>
		</control>
	</controls>
</window>
