<?xml version="1.0" encoding="UTF-8"?>
<includes>
	<!--//// START LIST INFO 2 VIEW ///////////////////////////////////////////////////////////////////-->
	<include name="MusicVideosListInfoView2">	
		<control type="group" id="500">	
	        <defaultcontrol always="true">587</defaultcontrol>
			<visible>Control.IsVisible(587)</visible>
			<include>MediaViewOpenCloseAnim</include>
			<include>ViewContentPanel</include>
			<include>ListInfo2MediaInfoPanelCommon</include>
			
			<control type="group">
				<visible>!IsEmpty(ListItem.Title)</visible>
				<control type="image">
					<left>40</left>
					<top>116</top>
					<width>542</width>
					<height>304</height>
					<texture border="4">panels/panel3.png</texture>
					<include>ListInfoViewMediaInfoBackgroundFadeAnim</include>
				</control>
				
				<control type="image">
					<left>40</left>
					<top>116</top>
					<width>542</width>
					<height>304</height>
					<texture background="true" diffuse="covers/list-info-2-fanart-diffuse.png">$INFO[ListItem.Thumb]</texture>
					<aspectratio scalediffuse="false">scale</aspectratio>
					<fadetime>FanartCrossfadeTime</fadetime>
				</control>
			
				<control type="image">
					<description>Genre Background</description>
					<left>43</left>
					<top>119</top>
					<width>250</width>
					<height>27</height>
					<texture border="8">views/genre-background.png</texture>
					<visible>!IsEmpty(ListItem.Genre) + !Skin.HasSetting(HideMusicVideosGenres)</visible>
				</control>
							
				<control type="label">
					<description>Genre</description>
					<left>51</left>
					<top>121</top>
					<width>234</width>
					<font>MediaInfoFont3</font>
					<textcolor>WhiteColor</textcolor>
					<shadowcolor>ShadowColor</shadowcolor>
					<label>[UPPERCASE]$INFO[ListItem.Genre][/UPPERCASE]</label>
					<scroll>false</scroll>
					<animation effect="fade" end="90" condition="true">Conditional</animation>
					<visible>!IsEmpty(ListItem.Genre) + !Skin.HasSetting(HideMusicVideosGenres)</visible>
				</control>
				
				<control type="group">
					<description>Media Info Area</description>
					<left>38</left>
					<top>430</top>
		
					<control type="grouplist">
						<description>Year</description>
						<left>10</left>
						<top>0</top>
						<orientation>horizontal</orientation>
						<control type="label">
							<width min="0" max="150">auto</width>
							<font>MediaInfoFont</font>
							<textcolor>MediaInfoItemColor</textcolor>
							<shadowcolor>ShadowColor</shadowcolor>
							<label>$LOCALIZE[345]:</label>
						</control>
						<control type="label">
							<width min="0" max="150">auto</width>
							<font>MediaInfoFont</font>
							<textcolor>MediaInfoItemColor2</textcolor>
							<shadowcolor>ShadowColor</shadowcolor>
							<label fallback="31001">$INFO[ListItem.Year]</label>
						</control>
					</control>
					
					<control type="grouplist">
						<description>Runtime</description>
						<left>10</left>
						<top>22</top>
						<orientation>horizontal</orientation>
						<control type="label">
							<width min="0" max="150">auto</width>
							<font>MediaInfoFont</font>
							<textcolor>MediaInfoItemColor</textcolor>
							<shadowcolor>ShadowColor</shadowcolor>
							<label>$LOCALIZE[2050]:</label>
						</control>
						<control type="label">
							<width min="0" max="150">auto</width>
							<font>MediaInfoFont</font>
							<textcolor>MediaInfoItemColor2</textcolor>
							<shadowcolor>ShadowColor</shadowcolor>
							<label fallback="31001">$INFO[ListItem.Duration]</label>
						</control>
					</control>
					
					<control type="grouplist">
						<description>Studio</description>
						<left>256</left>
						<top>0</top>
						<width>280</width>
						<orientation>horizontal</orientation>
						<align>right</align>
						<control type="label">
							<width min="0" max="150">auto</width>
							<font>MediaInfoFont</font>
							<textcolor>MediaInfoItemColor</textcolor>
							<shadowcolor>ShadowColor</shadowcolor>
							<label>$LOCALIZE[572]:</label>
						</control>
						<control type="label">
							<width min="0" max="300">auto</width>
							<font>MediaInfoFont</font>
							<textcolor>MediaInfoItemColor2</textcolor>
							<shadowcolor>ShadowColor</shadowcolor>
							<label fallback="31001">$INFO[ListItem.Studio]</label>
						</control>
					</control>
					
					<control type="grouplist">
						<description>Director</description>
						<left>256</left>
						<top>22</top>
						<width>280</width>
						<orientation>horizontal</orientation>
						<align>right</align>
						<control type="label">
							<width min="0" max="150">auto</width>
							<font>MediaInfoFont</font>
							<textcolor>MediaInfoItemColor</textcolor>
							<shadowcolor>ShadowColor</shadowcolor>
							<label>$LOCALIZE[20339]:</label>
						</control>
						<control type="label">
							<width min="0" max="300">auto</width>
							<font>MediaInfoFont</font>
							<textcolor>MediaInfoItemColor2</textcolor>
							<shadowcolor>ShadowColor</shadowcolor>
							<label fallback="31001">$INFO[ListItem.Director]</label>
						</control>
					</control>
				</control>
				
				<control type="textbox">
					<description>Plot</description>
					<left>48</left>
					<top>492</top>
					<width>526</width>
					<height>122</height>
					<font>MediaInfoDescFont</font>
					<textcolor>MediaInfoColor</textcolor>
					<shadowcolor>ShadowColor</shadowcolor>
					<align>justify</align>
					<label fallback="31203">$INFO[ListItem.Plot]</label>
					<wrapmultiline>true</wrapmultiline>
					<autoscroll time="2000" delay="6000" repeat="10000">!Skin.HasSetting(DoNotAutoScrollMusicVideosListInfo2Plot)</autoscroll>
					<visible>!Container.OnNext + !Container.OnPrevious</visible>
					<include>ControlsOpenCloseAnim</include>
				</control>
			</control>
			
			<control type="list" id="587">	
				<viewtype label="31112">List Info 2</viewtype>
				<left>595</left>
				<top>110</top>
				<width>630</width>
				<height>518</height>
				<pagecontrol>906</pagecontrol>
				<preloaditems>2</preloaditems>
				<scrolltime tween="sine" easing="inout">300</scrolltime>
				<onup>587</onup>
				<ondown>587</ondown>
				<onleft>850</onleft>
				<onright>150</onright>
				<visible>Container.Content(MusicVideos)</visible>
				<include condition="Skin.String(MusicVideosListInfo2Style,1) | Skin.String(MusicVideosListInfo2Style,3)">MusicVideosListInfo2ItemLayout</include>
				<include condition="Skin.String(MusicVideosListInfo2Style,) | Skin.String(MusicVideosListInfo2Style,2)">MusicVideosListInfo2TallStyleItemLayout</include>
				<include condition="Skin.String(MusicVideosListInfo2Style,1)">MusicVideosListInfo2FocusedLayout</include>
				<include condition="Skin.String(MusicVideosListInfo2Style,) | Skin.String(MusicVideosListInfo2Style,2) | Skin.String(MusicVideosListInfo2Style,3)">MusicVideosListInfo2TallStyleFocusedLayout</include>
			</control>
			
			<include>ListInfo2ViewScrollbar</include>
			
			<control type="group">
				<top>SortLetterOffsetY</top>
				<include>SortLetterNotification</include>
			</control>
			
			<control type="group">
				<description>Bottom Bar Area</description>
				<top>BottomPaneOffsetY</top>	
				<!--<include>InfoPaneImage</include>-->
				<include>InfoPaneMediaDetails</include>
				<include condition="!Skin.HasSetting(DisableMusicVideosClearLogo)">InfoPaneClearLogoMovies</include>
				<include>BottomPaneOpenCloseAnim</include>
			</control>	

			<include>ViewsDialogPopUpScreenDim</include>
		</control>		
	</include>
	
	<include name="MusicVideosListInfo2ItemLayout">
		<itemlayout height="37">
			<control type="image">
				<left>0</left>
				<width>630</width>
				<height>37</height>	
				<texture border="0,0,10,2">views/list-separator.png</texture>
				<aspectratio>stretch</aspectratio>
			</control>
			<control type="image">
				<description>Icon</description>
				<left>5</left>
				<top>6</top>
				<width>24</width>
				<height>24</height>
				<texture background="true">$INFO[ListItem.ActualIcon].png</texture>
				<aspectratio>keep</aspectratio>
				<visible>IsEmpty(ListItem.Title)</visible>
				<include>ListViewOverlayFadeAnim</include>
			</control>					
			<control type="label">
				<description>Label</description>
				<left>35</left>
				<width>490</width>
				<height>37</height>
				<font>ListFont</font>
				<textcolor>ListColor</textcolor>
				<shadowcolor>ShadowColor</shadowcolor>
				<aligny>center</aligny>				
				<info>ListItem.Label</info>
			</control>
			<control type="label">
				<description>Label2</description>
				<left>420</left>
				<width>200</width>
				<height>37</height>
				<font>ListFont2</font>
				<textcolor>ListColor3</textcolor>
				<shadowcolor>ShadowColor</shadowcolor>
				<align>right</align>
				<aligny>center</aligny>				
				<info>ListItem.Label2</info>
				<visible>Skin.HasSetting(DoNotUseStarRatingMusicVideos)</visible>
			</control>
			<control type="group">
				<visible>!IsEmpty(ListItem.Title)</visible>
				<control type="image">
					<description>Star Rating</description>
					<left>520</left>
					<top>10</top>
					<width>100</width>
					<height>16</height>		
					<texture background="true">$INFO[ListItem.StarRating]</texture>
					<aspectratio align="right">keep</aspectratio>
					<visible>!Skin.HasSetting(DoNotUseStarRatingMusicVideos) + Skin.HasSetting(UseHalfStarsMusicVideos)</visible>
					<include>StarRatingFadeAnim</include>
				</control>
				<control type="image">
					<description>Half Star Rating</description>
					<left>520</left>
					<top>10</top>
					<width>100</width>
					<height>16</height>		
					<texture background="true">$VAR[HalfStarRating]</texture>
					<aspectratio align="right">keep</aspectratio>
					<visible>!Skin.HasSetting(DoNotUseStarRatingMusicVideos) + !Skin.HasSetting(UseHalfStarsMusicVideos)</visible>
					<include>StarRatingFadeAnim</include>
				</control>
				<control type="image">
					<description>Quality</description>
					<left>5</left>
					<top>6</top>
					<width>24</width>
					<height>24</height>
					<texture background="true">$VAR[VideoQualityOverlayUnwatched]</texture>
					<aspectratio>stretch</aspectratio>
					<visible>!StringCompare(ListItem.Overlay,OverlayWatched.png)</visible>
					<include>ListViewOverlayFadeAnim</include>
				</control>		
				<control type="image">
					<description>Quality</description>
					<left>5</left>
					<top>6</top>
					<width>24</width>
					<height>24</height>
					<texture background="true">$VAR[VideoQualityOverlayWatched]</texture>
					<aspectratio>stretch</aspectratio>
					<visible>StringCompare(ListItem.Overlay,OverlayWatched.png)</visible>
					<include>ListViewOverlayFadeAnim</include>
				</control>
				<control type="image">
					<description>Watched Partial</description>
					<left>5</left>
					<top>6</top>
					<width>24</width>
					<height>24</height>
					<texture background="true">$VAR[WatchedPartial]</texture>
					<aspectratio>stretch</aspectratio>
					<visible>ListItem.IsResumable</visible>
					<include>ListViewPartialWatchedOverlayFadeAnim</include>
					<include>ListViewWatchedOverlayFadeAnim</include>
				</control>
			</control>
		</itemlayout>	
	</include>
	
	<include name="MusicVideosListInfo2FocusedLayout">
		<focusedlayout height="37">	
			<control type="image">
				<left>0</left>
				<width>630</width>
				<height>37</height>	
				<texture border="0,0,10,2">views/list-separator.png</texture>
				<aspectratio>stretch</aspectratio>
			</control>
			<control type="image">
				<left>0</left>
				<width>630</width>
				<height>36</height>	
				<texture border="4">views/list-focus.png</texture>
				<aspectratio>stretch</aspectratio>
				<visible>Control.HasFocus(587)</visible>
				<include>ListViewSelectFadeAnim</include>
				<include condition="!Skin.HasSetting(DisableListViewScrollAnim)">ListViewScrollAnim</include>
			</control>
			<control type="image">
				<left>0</left>
				<width>630</width>
				<height>36</height>	
				<texture border="4">views/list-alt-focus.png</texture>
				<aspectratio>stretch</aspectratio>
				<visible>!Control.HasFocus(587)</visible>
				<include>ListViewSelectFadeAnim2</include>
			</control>
			<control type="group">
				<include>ListViewFocusAnim</include>
				<control type="image">
					<description>Icon</description>
					<left>5</left>
					<top>6</top>
					<width>24</width>
					<height>24</height>
					<texture background="true">$INFO[ListItem.ActualIcon].png</texture>
					<aspectratio>keep</aspectratio>
					<visible>IsEmpty(ListItem.Title)</visible>
				</control>
				<control type="label">
					<description>Label</description>
					<left>35</left>
					<width>490</width>
					<height>37</height>
					<font>ListFont</font>
					<textcolor>SelectedColor</textcolor>
					<shadowcolor>ShadowColor</shadowcolor>
					<aligny>center</aligny>
					<info>ListItem.Label</info>
					<scroll>true</scroll>
				</control>
				<control type="label">
					<description>Label2</description>
					<left>420</left>
					<width>200</width>
					<height>37</height>
					<font>ListFont2</font>
					<textcolor>ListColor3</textcolor>
					<shadowcolor>ShadowColor</shadowcolor>
					<align>right</align>
					<aligny>center</aligny>				
					<info>ListItem.Label2</info>
					<visible>Skin.HasSetting(DoNotUseStarRatingMusicVideos)</visible>
				</control>
				<control type="group">
					<visible>!IsEmpty(ListItem.Title)</visible>
					<control type="image">
						<description>Star Rating</description>
						<left>520</left>
						<top>10</top>
						<width>100</width>
						<height>16</height>		
						<texture background="true">$INFO[ListItem.StarRating]</texture>
						<aspectratio align="right">keep</aspectratio>
						<visible>!Skin.HasSetting(DoNotUseStarRatingMusicVideos) + Skin.HasSetting(UseHalfStarsMusicVideos)</visible>
						<include>StarRatingFadeAnim</include>
					</control>
					<control type="image">
						<description>Half Star Rating</description>
						<left>520</left>
						<top>10</top>
						<width>100</width>
						<height>16</height>		
						<texture background="true">$VAR[HalfStarRating]</texture>
						<aspectratio align="right">keep</aspectratio>
						<visible>!Skin.HasSetting(DoNotUseStarRatingMusicVideos) + !Skin.HasSetting(UseHalfStarsMusicVideos)</visible>
						<include>StarRatingFadeAnim</include>
					</control>
					<control type="image">
						<description>Quality</description>
						<left>5</left>
						<top>6</top>
						<width>24</width>
						<height>24</height>
						<texture background="true">$VAR[VideoQualityOverlayUnwatched]</texture>
						<aspectratio>stretch</aspectratio>
						<visible>!StringCompare(ListItem.Overlay,OverlayWatched.png)</visible>
					</control>		
					<control type="image">
						<description>Quality</description>
						<left>5</left>
						<top>6</top>
						<width>24</width>
						<height>24</height>
						<texture background="true">$VAR[VideoQualityOverlayWatched]</texture>
						<aspectratio>stretch</aspectratio>
						<visible>StringCompare(ListItem.Overlay,OverlayWatched.png)</visible>
					</control>
					<control type="image">
						<description>Watched Partial</description>
						<left>5</left>
						<top>6</top>
						<width>24</width>
						<height>24</height>
						<texture background="true">$VAR[WatchedPartial]</texture>
						<aspectratio>stretch</aspectratio>
						<visible>ListItem.IsResumable</visible>
						<include>ListViewPartialWatchedOverlayFadeAnim</include>
						<include>ListViewWatchedOverlayFadeAnim</include>
					</control>
				</control>
			</control>
		</focusedlayout>					
	</include>
	
	<include name="MusicVideosListInfo2TallStyleItemLayout">
		<itemlayout height="74">
			<control type="image">
				<left>0</left>
				<width>630</width>
				<height>74</height>	
				<texture border="0,0,10,2">views/list-separator.png</texture>
				<aspectratio>stretch</aspectratio>
			</control>
			<control type="image">
				<description>Cover</description>
				<left>0</left>
				<top>4</top>
				<width>97</width>
				<height>65</height>
				<bordertexture border="7">covers/cover-case-nofocus.png</bordertexture>
				<bordersize>5</bordersize>
				<texture background="true">$INFO[ListItem.Thumb]</texture>
				<aspectratio>scale</aspectratio>
			</control>
			<control type="image">
				<description>Dim</description>
				<left>0</left>
				<top>4</top>
				<width>97</width>
				<height>65</height>
				<bordersize>5</bordersize>
				<texture background="true">dim.png</texture>
				<aspectratio>stretch</aspectratio>
				<visible>!IsEmpty(ListItem.Thumb)</visible>
				<include>CoverDimAnim</include>
			</control>
			<control type="image">
				<description>Default Cover</description>
				<left>0</left>
				<top>4</top>
				<width>97</width>
				<height>65</height>
				<bordersize>5</bordersize>
				<texture background="true">$INFO[ListItem.ActualIcon]</texture>
				<aspectratio>keep</aspectratio>
				<visible>IsEmpty(ListItem.Thumb)</visible>
				<animation effect="fade" end="40" condition="true">Conditional</animation>
			</control>								
			<control type="label">
				<description>Label</description>
				<left>104</left>
				<top>12</top>
				<width>411</width>
				<font>ListFont</font>
				<textcolor>ListColor</textcolor>
				<shadowcolor>ShadowColor</shadowcolor>
				<label>$INFO[ListItem.Label]</label>
			</control>
			<control type="label">
				<description>Label2</description>
				<left>104</left>
				<top>38</top>
				<width>411</width>
				<font>ListFont2</font>
				<textcolor>ListColor2</textcolor>
				<shadowcolor>ShadowColor</shadowcolor>	
				<label>$INFO[ListItem.Artist,, - ]$INFO[ListItem.Year]</label>
				<visible>![StringCompare(Container.SortMethod,$LOCALIZE[557]) | StringCompare(Container.SortMethod,$LOCALIZE[554])]</visible>
			</control>
			<control type="label">
				<description>Label2</description>
				<left>104</left>
				<top>38</top>
				<width>411</width>
				<font>ListFont2</font>
				<textcolor>ListColor2</textcolor>
				<shadowcolor>ShadowColor</shadowcolor>	
				<label>$INFO[ListItem.Year,, - ]$INFO[ListItem.Duration,, $LOCALIZE[12391]]</label>
				<visible>StringCompare(Container.SortMethod,$LOCALIZE[557]) | StringCompare(Container.SortMethod,$LOCALIZE[554])</visible>
			</control>
			<control type="group">
				<visible>!IsEmpty(ListItem.Title)</visible>
				<control type="label">
					<description>Rating</description>
					<left>520</left>
					<top>12</top>
					<width>100</width>
					<font>ListFont</font>
					<textcolor>ListColor3</textcolor>
					<shadowcolor>ShadowColor</shadowcolor>
					<label>$INFO[ListItem.Rating]</label>
					<align>right</align>
					<visible>Skin.HasSetting(DoNotUseStarRatingMusicVideos)</visible>
				</control>
				<control type="image">
					<description>Star Rating</description>
					<left>520</left>
					<top>16</top>
					<width>100</width>
					<height>16</height>		
					<texture background="true">$INFO[ListItem.StarRating]</texture>
					<aspectratio align="right">keep</aspectratio>
					<visible>!Skin.HasSetting(DoNotUseStarRatingMusicVideos) + Skin.HasSetting(UseHalfStarsMusicVideos)</visible>
					<include>StarRatingFadeAnim</include>
				</control>
				<control type="image">
					<description>Half Star Rating</description>
					<left>520</left>
					<top>16</top>
					<width>100</width>
					<height>16</height>		
					<texture background="true">$VAR[HalfStarRating]</texture>
					<aspectratio align="right">keep</aspectratio>
					<visible>!Skin.HasSetting(DoNotUseStarRatingMusicVideos) + !Skin.HasSetting(UseHalfStarsMusicVideos)</visible>
					<include>StarRatingFadeAnim</include>
				</control>
				<control type="group">
					<visible>!Skin.HasSetting(HideMusicVideosListInfo2Overlay)</visible>
					<control type="image">
						<description>Quality</description>
						<left>596</left>
						<top>39</top>
						<width>24</width>
						<height>24</height>
						<texture background="true">$VAR[VideoQualityOverlayUnwatched]</texture>
						<aspectratio>keep</aspectratio>
						<visible>!StringCompare(ListItem.Overlay,OverlayWatched.png)</visible>
						<include>ListViewOverlayFadeAnim</include>
					</control>	
					<control type="image">
						<description>Quality</description>
						<left>596</left>
						<top>39</top>
						<width>24</width>
						<height>24</height>
						<texture background="true">$VAR[VideoQualityOverlayWatched]</texture>
						<aspectratio>keep</aspectratio>
						<visible>StringCompare(ListItem.Overlay,OverlayWatched.png)</visible>
						<include>ListViewOverlayFadeAnim</include>
					</control>	
					<control type="image">
						<description>Watched Partial</description>
						<left>596</left>
						<top>39</top>
						<width>24</width>
						<height>24</height>
						<texture background="true">$VAR[WatchedPartial]</texture>
						<aspectratio>keep</aspectratio>
						<visible>ListItem.IsResumable</visible>
						<include>ListViewPartialWatchedOverlayFadeAnim</include>
						<include>ListViewWatchedOverlayFadeAnim</include>
					</control>	
				</control>
			</control>
		</itemlayout>		
	</include>
	
	<include name="MusicVideosListInfo2TallStyleFocusedLayout">
		<focusedlayout height="74">	
			<control type="image">
				<left>0</left>
				<width>630</width>
				<height>74</height>	
				<texture border="0,0,10,2">views/list-separator.png</texture>
				<aspectratio>stretch</aspectratio>
			</control>
			<control type="image">
				<left>0</left>
				<width>630</width>
				<height>73</height>
				<texture border="4">views/list-focus.png</texture>
				<aspectratio>stretch</aspectratio>
				<visible>Control.HasFocus(587)</visible>
				<include>ListViewSelectFadeAnim</include>
				<include condition="!Skin.HasSetting(DisableListViewScrollAnim) + ![Skin.String(MusicVideosListInfo2Style,) | Skin.String(MusicVideosListInfo2Style,3)]">ListViewScrollAnim2</include>
				<include condition="!Skin.HasSetting(DisableListViewScrollAnim) + [Skin.String(MusicVideosListInfo2Style,) | Skin.String(MusicVideosListInfo2Style,3)]">ListViewScrollAnim</include>
			</control>
			<control type="image">
				<left>0</left>
				<width>630</width>
				<height>73</height>
				<texture border="4">views/list-alt-focus.png</texture>
				<aspectratio>stretch</aspectratio>
				<visible>!Control.HasFocus(587)</visible>
				<include>ListViewSelectFadeAnim2</include>
			</control>
			<control type="image">
				<description>Cover</description>
				<left>0</left>
				<top>4</top>
				<width>97</width>
				<height>65</height>
				<bordertexture border="7">covers/cover-case-nofocus.png</bordertexture>
				<bordersize>5</bordersize>
				<texture background="true">$INFO[ListItem.Thumb]</texture>
				<aspectratio>scale</aspectratio>
				<include condition="!Skin.HasSetting(DisableListViewCoverFocusAnim)">ListViewCoverFocusAnim</include>
			</control>
			<control type="image">
				<description>Default Cover</description>
				<left>0</left>
				<top>4</top>
				<width>97</width>
				<height>65</height>
				<bordersize>5</bordersize>
				<texture background="true">$INFO[ListItem.ActualIcon]</texture>
				<aspectratio>keep</aspectratio>
				<visible>IsEmpty(ListItem.Thumb)</visible>
				<include condition="!Skin.HasSetting(DisableListViewCoverFocusAnim)">ListViewCoverFocusAnim</include>
			</control>	
			<control type="group">
				<include>ListViewFocusAnim</include>
				<control type="label">
					<description>Label</description>
					<left>104</left>
					<top>12</top>
					<width>411</width>
					<font>ListFont</font>
					<textcolor>SelectedColor</textcolor>
					<shadowcolor>ShadowColor</shadowcolor>
					<label>$INFO[ListItem.Label]</label>
					<scroll>true</scroll>
				</control>
				<control type="label">
					<description>Label2</description>
					<left>104</left>
					<top>38</top>
					<width>411</width>
					<font>ListFont2</font>
					<textcolor>ListColor2</textcolor>
					<shadowcolor>ShadowColor</shadowcolor>	
					<label>$INFO[ListItem.Artist,, - ]$INFO[ListItem.Year]</label>
					<visible>![StringCompare(Container.SortMethod,$LOCALIZE[557]) | StringCompare(Container.SortMethod,$LOCALIZE[554])]</visible>
				</control>
				<control type="label">
					<description>Label2</description>
					<left>104</left>
					<top>38</top>
					<width>411</width>
					<font>ListFont2</font>
					<textcolor>ListColor2</textcolor>
					<shadowcolor>ShadowColor</shadowcolor>	
					<label>$INFO[ListItem.Year,, - ]$INFO[ListItem.Duration,, $LOCALIZE[12391]]</label>
					<visible>StringCompare(Container.SortMethod,$LOCALIZE[557]) | StringCompare(Container.SortMethod,$LOCALIZE[554])</visible>
				</control>
				<control type="group">
					<visible>!IsEmpty(ListItem.Title)</visible>
					<control type="label">
						<description>Rating</description>
						<left>520</left>
						<top>12</top>
						<width>100</width>
						<font>ListFont</font>
						<textcolor>ListColor3</textcolor>
						<shadowcolor>ShadowColor</shadowcolor>
						<label>$INFO[ListItem.Rating]</label>
						<align>right</align>
						<visible>Skin.HasSetting(DoNotUseStarRatingMusicVideos)</visible>
					</control>
					<control type="image">
						<description>Star Rating</description>
						<left>520</left>
						<top>16</top>
						<width>100</width>
						<height>16</height>		
						<texture background="true">$INFO[ListItem.StarRating]</texture>
						<aspectratio align="right">keep</aspectratio>
						<visible>!Skin.HasSetting(DoNotUseStarRatingMusicVideos) + Skin.HasSetting(UseHalfStarsMusicVideos)</visible>
						<include>StarRatingFadeAnim</include>
					</control>
					<control type="image">
						<description>Half Star Rating</description>
						<left>520</left>
						<top>16</top>
						<width>100</width>
						<height>16</height>		
						<texture background="true">$VAR[HalfStarRating]</texture>
						<aspectratio align="right">keep</aspectratio>
						<visible>!Skin.HasSetting(DoNotUseStarRatingMusicVideos) + !Skin.HasSetting(UseHalfStarsMusicVideos)</visible>
						<include>StarRatingFadeAnim</include>
					</control>
					<control type="group">
						<visible>!Skin.HasSetting(HideMusicVideosListInfo2Overlay)</visible>
						<control type="image">
							<description>Quality</description>
							<left>596</left>
							<top>39</top>
							<width>24</width>
							<height>24</height>
							<texture background="true">$VAR[VideoQualityOverlayUnwatched]</texture>
							<aspectratio>keep</aspectratio>
							<visible>!StringCompare(ListItem.Overlay,OverlayWatched.png)</visible>
						</control>	
						<control type="image">
							<description>Quality</description>
							<left>596</left>
							<top>39</top>
							<width>24</width>
							<height>24</height>
							<texture background="true">$VAR[VideoQualityOverlayWatched]</texture>
							<aspectratio>keep</aspectratio>
							<visible>StringCompare(ListItem.Overlay,OverlayWatched.png)</visible>
						</control>	
						<control type="image">
							<description>Watched Partial</description>
							<left>596</left>
							<top>39</top>
							<width>24</width>
							<height>24</height>
							<texture background="true">$VAR[WatchedPartial]</texture>
							<aspectratio>keep</aspectratio>
							<visible>ListItem.IsResumable</visible>
							<include>ListViewPartialWatchedOverlayFadeAnim</include>
							<include>ListViewWatchedOverlayFadeAnim</include>
						</control>	
					</control>
				</control>
			</control>
		</focusedlayout>					
	</include>
	<!--//// END LIST INFO 2 VIEW /////////////////////////////////////////////////////////////////////-->
</includes>