<?xml version="1.0" encoding="UTF-8"?>	
<window>
	<defaultcontrol always="true">50</defaultcontrol>
	<menucontrol>850</menucontrol>
	<views>50</views>
	<onunload>ClearProperty(TVGuideFullscreen,home)</onunload>
	
	<controls>
		<control type="button" id="9200">
			<onfocus>FullScreen</onfocus>
			<onfocus>ClearProperty(TVGuideFullscreen,home)</onfocus>
			<visible allowhiddenfocus="true">False</visible>
        </control>
		
		<control type="group">
			<depth>DepthBackground</depth>
			<include>BackgroundDefault</include>
			<include condition="[[!String.IsEmpty(Skin.String(CustomPVRBGPath)) + [Skin.String(CustomPVRBGType,2) | Skin.String(CustomPVRBGType,3)]] | Skin.String(CustomPVRBGType,4)] + Skin.HasSetting(ApplyAllPVRCustomBG) + Window.IsActive(TVGuide)">BackgroundPVR</include>
			<include condition="[[!String.IsEmpty(Skin.String(CustomPVRRadioBGPath)) + [Skin.String(CustomPVRRadioBGType,2) | Skin.String(CustomPVRRadioBGType,3)]] | Skin.String(CustomPVRRadioBGType,4)] + Skin.HasSetting(ApplyAllPVRRadioCustomBG) + Window.IsActive(RadioGuide)">BackgroundPVRRadio</include>
			<include>BackgroundOpenCloseAnim</include>
			<visible>String.IsEmpty(Window(home).Property(TVGuideFullscreen))</visible>
		</control>
		
		<include condition="!String.IsEmpty(Window(home).Property(TVGuideFullscreen))">BackgroundVideoPlaying</include>
		
		<control type="group">
			<depth>DepthContent</depth>
			<visible>!Window.IsActive(DialogPVRInfo.xml)</visible>
			
			<control type="group">
				<depth>DepthOSD</depth>
				<visible>!String.IsEmpty(Window(home).Property(TVGuideFullscreen))</visible>
				<include>DialogOpenCloseAnim</include>
				<top>57</top>
				<left>140</left>
				
				<include content="DialogWithCloseBtnLabel">
					<param name="width" value="1000"/>
					<param name="height" value="607" />
					<param name="left" value="940" />
					<param name="labelwidth" value="920" />
					<param name="label" value="$LOCALIZE[31195]: $LOCALIZE[19032]" />
				</include>
				
				<control type="button" id="9000">
					<description>Cancel</description>
					<top>553</top>
					<left>415</left>
					<onright condition="Control.IsVisible(904)">904</onright>
					<onright condition="!Control.IsVisible(904)">500</onright>
					<onleft>500</onleft>
					<onup>500</onup>
					<onback>9200</onback>
					<onclick>PreviousMenu</onclick>
					<include>DialogMenuBarBtn</include>
					<label>$LOCALIZE[15067]</label>
				</control>
				
				<control type="spincontrol" id="904">
					<description>Next Page</description>
					<left>918</left>
					<top>562</top>
					<font />
					<onup>500</onup>
					<onleft>9000</onleft>
					<onright>500</onright>
					<visible>Control.IsVisible(50) + Integer.IsGreater(Container(50).NumPages,1)</visible>
				</control>
			</control>
			
			<include condition="String.IsEmpty(Window(home).Property(TVGuideFullscreen))">LiveTVColumnInfoArea</include>
		
			<control type="group" id="500">
				<left>40</left>
				<top>110</top>
				<visible>Control.IsVisible(50)</visible>
				<include>TVGuideFullscreenOpenCloseAnim</include>
				<include>TVGuideFullscreenOpenCloseAnim2</include>
				<animation effect="slide" end="135,0" condition="!String.IsEmpty(Window(home).Property(TVGuideFullscreen))">Conditional</animation>

				<control type="image">
					<width>215</width>
					<height>30</height>
					<texture border="8">pvr/column-left.png</texture>
					<colordiffuse>LiveTVColumnColor</colordiffuse>
					<include>LiveTVColumnFadeAnim</include>
				</control>
				<control type="image">
					<left>220</left>
					<width>980</width>
					<height>30</height>
					<texture border="8" flipx="true">pvr/column-left.png</texture>
					<colordiffuse>LiveTVColumnColor</colordiffuse>
					<include>LiveTVColumnFadeAnim</include>
					<visible>String.IsEmpty(Window(home).Property(TVGuideFullscreen))</visible>
				</control>
				<control type="image">
					<left>220</left>
					<width>709</width>
					<height>30</height>
					<texture border="8" flipx="true">pvr/column-left.png</texture>
					<colordiffuse>LiveTVColumnColor</colordiffuse>
					<include>LiveTVColumnFadeAnim</include>
					<visible>!String.IsEmpty(Window(home).Property(TVGuideFullscreen))</visible>
				</control>

				<control type="epggrid" id="50">
					<viewtype label="19032">list</viewtype>
					<include condition="String.IsEmpty(Window(home).Property(TVGuideFullscreen))">TVGuideNormal</include>
					<include condition="!String.IsEmpty(Window(home).Property(TVGuideFullscreen))">TVGuideFullscreen</include>
					<pagecontrol>904</pagecontrol>
					<scrolltime>150</scrolltime>
					<timeblocks>38</timeblocks>
					<rulerunit>6</rulerunit>
					<progresstexture border="0,45,20,7">pvr/EpgProgressIndicator.png</progresstexture>
					<onleft>50</onleft>
					<onright condition="Control.IsVisible(904)">904</onright>
					<rulerlayout height="34" width="42">
						<control type="label">
							<description>Date</description>
							<left>10</left>
							<width>205</width>
							<height>30</height>
							<include>LiveTVColumnHeaderLabel</include>
							<label>$INFO[ListItem.Label]</label>
						</control>
					</rulerlayout>
					<channellayout height="42" width="220">
						<animation effect="fade" start="110" time="200">UnFocus</animation>
						<control type="image">
							<width>215</width>
							<height>38</height>
							<texture border="8">pvr/column-left.png</texture>
							<colordiffuse>LiveTVColumnColor</colordiffuse>
							<include>LiveTVColumnFadeAnim</include>
						</control>
						<control type="label">
							<description>Channel Number</description>
							<left>10</left>
							<width>40</width>
							<height>38</height>
							<include>LiveTVColumnNumberLabel</include>
							<label>$INFO[ListItem.ChannelNumber]</label>		
						</control>
						<control type="label">
							<description>Channel Name</description>
							<left>50</left>
							<width>155</width>
							<height>38</height>
							<include>LiveTVColumnChannelLabel</include>
							<label>$INFO[ListItem.ChannelName]</label>
							<visible>![Skin.HasSetting(ShowPVRGuideChannelIcons) + !String.IsEmpty(ListItem.Icon)]</visible>
						</control>
						<control type="image">
							<description>Channel Icon</description>
							<left>49</left>
							<width>166</width>
							<height>38</height>
							<aspectratio aligny="center" align="left">keep</aspectratio>
							<texture background="true">$INFO[ListItem.Icon]</texture>
							<bordersize>2</bordersize>
							<visible>Skin.HasSetting(ShowPVRGuideChannelIcons) + !String.IsEmpty(ListItem.Icon)</visible>
						</control>
					</channellayout>
					<focusedchannellayout height="42" width="220">
						<animation effect="fade" start="110" time="200">OnFocus</animation>
						<control type="image">
							<width>215</width>
							<height>38</height>
							<texture border="8">pvr/column-left.png</texture>
							<colordiffuse>LiveTVColumnColor3</colordiffuse>
							<include>LiveTVColumnFadeAnim</include>
						</control>
						<control type="label">
							<description>Channel Number</description>
							<left>10</left>
							<width>40</width>
							<height>38</height>
							<include>LiveTVColumnNumberLabel</include>
							<label>$INFO[ListItem.ChannelNumber]</label>		
						</control>
						<control type="label">
							<description>Channel Name</description>
							<left>50</left>
							<width>155</width>
							<height>38</height>
							<include>LiveTVColumnChannelLabel</include>
							<label>$INFO[ListItem.ChannelName]</label>
							<visible>![Skin.HasSetting(ShowPVRGuideChannelIcons) + !String.IsEmpty(ListItem.Icon)]</visible>
						</control>
						<control type="image">
							<description>Channel Icon</description>
							<left>49</left>
							<width>166</width>
							<height>38</height>
							<aspectratio aligny="center" align="left">keep</aspectratio>
							<texture background="true">$INFO[ListItem.Icon]</texture>
							<bordersize>2</bordersize>
							<visible>Skin.HasSetting(ShowPVRGuideChannelIcons) + !String.IsEmpty(ListItem.Icon)</visible>
						</control>
					</focusedchannellayout>
					<itemlayout height="42" width="102">
						<control type="image" id="2">
							<description>movie / drama</description>
							<width>98</width>
							<height>38</height>
							<texture border="8">pvr/column.png</texture>
							<colordiffuse>ff8b5015</colordiffuse>
							<include>LiveTVColumnFadeAnim</include>
							<visible>String.IsEqual(ListItem.Property(GenreType),16)</visible>
						</control>
						<control type="image" id="3">
							<description>news</description>
							<width>98</width>
							<height>38</height>
							<texture border="8">pvr/column.png</texture>
							<colordiffuse>ff446444</colordiffuse>
							<include>LiveTVColumnFadeAnim</include>
							<visible>String.IsEqual(ListItem.Property(GenreType),32)</visible>
						</control>
						<control type="image" id="4">
							<description>show / gameshow</description>
							<width>98</width>
							<height>38</height>
							<texture border="8">pvr/column.png</texture>
							<colordiffuse>ff8d8c17</colordiffuse>
							<include>LiveTVColumnFadeAnim</include>
							<visible>String.IsEqual(ListItem.Property(GenreType),48)</visible>
						</control>
						<control type="image" id="5">
							<description>sports</description>
							<width>98</width>
							<height>38</height>
							<texture border="8">pvr/column.png</texture>
							<colordiffuse>ff930d1d</colordiffuse>
							<include>LiveTVColumnFadeAnim</include>
							<visible>String.IsEqual(ListItem.Property(GenreType),64)</visible>
						</control>
						<control type="image" id="6">
							<description>children</description>
							<width>98</width>
							<height>38</height>
							<texture border="8">pvr/column.png</texture>
							<colordiffuse>ff13897a</colordiffuse>
							<include>LiveTVColumnFadeAnim</include>
							<visible>String.IsEqual(ListItem.Property(GenreType),80)</visible>
						</control>
						<control type="image" id="7">
							<description>music / ballet / dance</description>
							<width>98</width>
							<height>38</height>
							<texture border="8">pvr/column.png</texture>
							<colordiffuse>ff2d9234</colordiffuse>
							<include>LiveTVColumnFadeAnim</include>
							<visible>String.IsEqual(ListItem.Property(GenreType),96)</visible>
						</control>
						<control type="image" id="8">
							<description>arts / culture</description>
							<width>98</width>
							<height>38</height>
							<texture border="8">pvr/column.png</texture>
							<colordiffuse>ff022788</colordiffuse>
							<include>LiveTVColumnFadeAnim</include>
							<visible>String.IsEqual(ListItem.Property(GenreType),112)</visible>
						</control>
						<control type="image" id="9">
							<description>social / political / economics</description>
							<width>98</width>
							<height>38</height>
							<texture border="8">pvr/column.png</texture>
							<colordiffuse>ff641864</colordiffuse>
							<include>LiveTVColumnFadeAnim</include>
							<visible>String.IsEqual(ListItem.Property(GenreType),128)</visible>
						</control>
						<control type="image" id="10">
							<description>education / science / factual</description>
							<width>98</width>
							<height>38</height>
							<texture border="8">pvr/column.png</texture>
							<colordiffuse>ff797a7c</colordiffuse>
							<include>LiveTVColumnFadeAnim</include>
							<visible>String.IsEqual(ListItem.Property(GenreType),144)</visible>
						</control>
						<control type="image" id="11">
							<description>leisure / hobbies</description>
							<width>98</width>
							<height>38</height>
							<texture border="8">pvr/column.png</texture>
							<colordiffuse>ff5a5a7e</colordiffuse>
							<include>LiveTVColumnFadeAnim</include>
							<visible>String.IsEqual(ListItem.Property(GenreType),160)</visible>
						</control>
						<control type="image" id="12">
							<description>special event</description>
							<width>98</width>
							<height>38</height>
							<texture border="8">pvr/column.png</texture>
							<colordiffuse>ff1a6973</colordiffuse>
							<include>LiveTVColumnFadeAnim</include>
							<visible>String.IsEqual(ListItem.Property(GenreType),176)</visible>
						</control>
						<control type="image" id="13">
							<description>other / unknown</description>
							<width>98</width>
							<height>38</height>
							<texture border="8">pvr/column.png</texture>
							<colordiffuse>LiveTVColumnColor2</colordiffuse>
							<include>LiveTVColumnFadeAnim</include>
							<visible>!String.IsEqual(ListItem.Property(GenreType),16) + !String.IsEqual(ListItem.Property(GenreType),32)
							+ !String.IsEqual(ListItem.Property(GenreType),48) + !String.IsEqual(ListItem.Property(GenreType),64)
							+ !String.IsEqual(ListItem.Property(GenreType),80) + !String.IsEqual(ListItem.Property(GenreType),96)
							+ !String.IsEqual(ListItem.Property(GenreType),112) + !String.IsEqual(ListItem.Property(GenreType),128)
							+ !String.IsEqual(ListItem.Property(GenreType),144) + !String.IsEqual(ListItem.Property(GenreType),160)
							+ !String.IsEqual(ListItem.Property(GenreType),176)</visible>
						</control>
						<control type="label" id="1">
							<left>8</left>
							<width>85</width>
							<height>38</height>
							<align>left</align>
							<include>LiveTVColumnItemLabel</include>
							<label>$INFO[ListItem.Label]</label>
							<visible>![ListItem.HasTimer | ListItem.HasTimerSchedule | ListItem.IsRecording | ListItem.HasRecording]</visible>
						</control>
						<control type="label" id="1">
							<left>40</left>
							<width>20</width>
							<height>38</height>
							<align>left</align>
							<include>LiveTVColumnItemLabel</include>
							<label>$INFO[ListItem.Label]</label>
							<visible>ListItem.HasTimer | ListItem.HasTimerSchedule | ListItem.IsRecording | ListItem.HasRecording</visible>
						</control>
						<control type="image">
							<description>Status Icon</description>
							<left>10</left>
							<top>8</top>
							<width>22</width>
							<height>22</height>
							<texture>$VAR[PVRStatusIcon]</texture>
							<colordiffuse>WhiteColor</colordiffuse>
							<visible>ListItem.HasTimer | ListItem.HasTimerSchedule | ListItem.IsRecording | ListItem.HasRecording</visible>
						</control>
					</itemlayout>
					<focusedlayout height="42" width="102">
						<control type="image" id="2">
							<width>98</width>
							<height>38</height>
							<texture border="8">pvr/column.png</texture>
							<colordiffuse>LiveTVColumnColor3</colordiffuse>
							<include>LiveTVColumnFadeAnim</include>
						</control>
						<control type="label" id="1">
							<left>8</left>
							<width>85</width>
							<height>38</height>
							<align>left</align>
							<include>LiveTVColumnItemLabel</include>
							<label>$INFO[ListItem.Label]</label>
							<visible>![ListItem.HasTimer | ListItem.HasTimerSchedule | ListItem.IsRecording | ListItem.HasRecording]</visible>
						</control>
						<control type="label" id="1">
							<left>40</left>
							<width>20</width>
							<height>38</height>
							<align>left</align>
							<include>LiveTVColumnItemLabel</include>
							<label>$INFO[ListItem.Label]</label>
							<visible>ListItem.HasTimer | ListItem.HasTimerSchedule | ListItem.IsRecording | ListItem.HasRecording</visible>
						</control>
						<control type="image">
							<description>Status Icon</description>
							<left>10</left>
							<top>8</top>
							<width>22</width>
							<height>22</height>
							<texture>$VAR[PVRStatusIcon]</texture>
							<colordiffuse>WhiteColor</colordiffuse>
							<visible>ListItem.HasTimer | ListItem.HasTimerSchedule | ListItem.IsRecording | ListItem.HasRecording</visible>
						</control>
					</focusedlayout>
				</control>
				
				<include condition="String.IsEmpty(Window(home).Property(TVGuideFullscreen))">ColumnsViewScrollbar</include>
			</control>

			<include>ViewsDialogPopUpScreenDim</include>
		</control>
		
		<include condition="String.IsEmpty(Window(home).Property(TVGuideFullscreen))">PVRMenuBar</include>

		<control type="group">
			<description>Top Bar Area</description>
			<visible>![System.IdleTime(3) + !Control.IsVisible(505) + Skin.HasSetting(HideTopBar) + !Control.HasFocus(555)] + String.IsEmpty(Window(home).Property(TVGuideFullscreen))</visible>
			<depth>DepthTopBar</depth>
			<include>TopBarImage</include>
			<include>TopBarOpenCloseAnim</include>
			<include>BreadCrumbPVR</include>
			<include>Notifications</include>
		</control>
	</controls>
</window>