<?xml version="1.0" encoding="UTF-8"?>
<window id="103">
	<defaultcontrol always="true">300</defaultcontrol>
	<allowoverlay>no</allowoverlay>

	<coordinates>
		<system>1</system>
		<origin x="256" y="140">true</origin>
	</coordinates>	
	<include>DialogOpenCloseAnim</include>

	<controls>
		<control type="group">
			<animation effect="fade" start="100" end="20" time="250" condition="Window.IsActive(NumericInput)">Conditional</animation>
			
			<control type="group">
				<top>370</top>
				<animation type="Conditional" reversible="false" condition="!IsEmpty(Container(5000).ListItem.Label)">
					<effect type="fade" end="100" time="225" />
					<effect type="slide" start="0,-15" time="300" tween="cubic" easing="out" />
				</animation>	
				<animation type="Conditional" reversible="false" condition="IsEmpty(Container(5000).ListItem.Label)">
					<effect type="fade" start="100" end="0" time="225" />
					<effect type="slide" start="0,0" end="0,-15" time="400" tween="cubic" easing="out" />
				</animation>
				
				<control type="image">
					<width>768</width>
					<height>180</height>
					<texture border="50">panels/dialog-background4.png</texture>
				</control>		
			
				<control type="panel" id="5000">
					<left>DialogMarginOffsetX</left>
					<top>DialogMarginOffsetX</top>
					<width>699</width>
					<height>117</height>
					<onleft>5000</onleft>
					<onright>5000</onright>
					<onup>904</onup>
					<ondown>901</ondown>
					<onback>noop</onback>
					<orientation>vertical</orientation>
					<visible>System.HasAddon(script.extendedinfo) + !Skin.HasSetting(EnableKeyboardAutocompletions)</visible>
					<itemlayout height="37" width="233">
						<control type="image">
							<width>231</width>
							<height>35</height>
							<texture border="5">controls/button-nofocus.png</texture>
						</control>
						<control type="label">
							<left>5</left>
							<width>221</width>
							<height>35</height>
							<align>center</align>
							<aligny>center</aligny>
							<font>ButtonFont</font>
							<textcolor>ButtonColor</textcolor>
							<shadowcolor>ShadowColor</shadowcolor>
							<label>$INFO[ListItem.Label]</label>
						</control>
					</itemlayout>
					<focusedlayout height="37" width="233">
						<control type="image">
							<width>231</width>
							<height>35</height>
							<texture border="5">controls/button-focus.png</texture>
						</control>
						<control type="label">
							<left>5</left>
							<width>221</width>
							<height>35</height>
							<align>center</align>
							<aligny>center</aligny>
							<font>ButtonFont</font>
							<textcolor>SelectedColor</textcolor>
							<shadowcolor>ShadowColor</shadowcolor>
							<label>$INFO[ListItem.Label]</label>
						</control>
					</focusedlayout>
					<content>plugin://script.extendedinfo?info=autocomplete&amp;&amp;id=$INFO[Control.GetLabel(312).index(1)]&amp;&amp;limit=9</content>
				</control>		
			</control>
			
			<control type="group">
				<include>KeyboardDialogBox</include>
				<animation effect="slide" end="0,-61" time="150" condition="!IsEmpty(Container(5000).ListItem.Label)" easing="out">Conditional</animation>
				
				<control type="label" id="311">
					<width>690</width>
					<include>DialogTitle</include>
				</control>
				
				<control type="group">		
					<left>DialogMarginOffsetX</left>
					<top>DialogMarginOffsetY</top>
								
					<control type="image">
						<description>Input Background</description>
						<top>10</top>
						<width>698</width>	
						<height>35</height>
						<texture border="5">controls/button-nofocus.png</texture>
					</control>
					
					<control type="edit" id="312">
						<description>Input</description>
						<top>10</top>
						<width>698</width>	
						<height>35</height>
						<align>center</align>
						<textwidth>682</textwidth>
						<include>DialogContentLabel</include>
					</control>
					
					<control type="group" id="901">
						<control type="button" id="309">
							<description>Layout button</description>
							<top>55</top>
							<left>100</left>
							<width>200</width>
							<height>35</height>
							<label>20177</label>
							<onup condition="!Control.IsVisible(5000)">904</onup>	
							<onup condition="Control.IsVisible(5000)">5000</onup>
							<ondown>902</ondown>
							<onright>305</onright>
							<onleft>306</onleft>
							<include>KeyboardBigBtn</include>
						</control>
						
						<control type="button" id="305">
							<description>Previous Key</description>
							<top>55</top>
							<left>400</left>
							<width>98</width>
							<height>35</height>
							<font>DialogTitleFont</font>
							<include>KeyboardBigBtn</include>
							<label>&lt;</label>
							<onup condition="!Control.IsVisible(5000)">904</onup>	
							<onup condition="Control.IsVisible(5000)">5000</onup>
							<ondown>902</ondown>
							<onleft>309</onleft>
							<onright>306</onright>
						</control>
						
						<control type="button" id="306">
							<description>Next Key</description>
							<top>55</top>
							<left>500</left>
							<width>98</width>
							<height>35</height>
							<font>DialogTitleFont</font>
							<include>KeyboardBigBtn</include>
							<label>&gt;</label>
							<onup condition="!Control.IsVisible(5000)">904</onup>	
							<onup condition="Control.IsVisible(5000)">5000</onup>
							<ondown>902</ondown>
							<onleft>305</onleft>
							<onright>309</onright>
						</control>
					</control>

					<control type="group">			
						<description>Keyboard Area</description>				
						<top>105</top>
						
						<control type="grouplist" id="902">			
							<description>Row 1</description>
							<orientation>horizontal</orientation>
							<itemgap>2</itemgap>
						
							<control type="button" id="300">
								<description>Done Key</description>
								<include>KeyboardBigBtn</include>
								<label>20177</label>
								<onup>309</onup>
								<ondown>302</ondown>
							</control>		
							<control type="button" id="100">
								<description>(0,0) key button</description>
								<include>KeyboardSmallBtn</include>
								<onup>309</onup>
								<ondown>120</ondown>
							</control>
							<control type="button" id="101">
								<description>(0,1) key button</description>
								<include>KeyboardSmallBtn</include>
								<onup>309</onup>
								<ondown>121</ondown>
							</control>
							<control type="button" id="102">
								<description>(0,2) key button</description>
								<include>KeyboardSmallBtn</include>
								<onup>309</onup>
								<ondown>122</ondown>
							</control>
							<control type="button" id="103">
								<description>(0,3) key button</description>
								<include>KeyboardSmallBtn</include>
								<onup>309</onup>
								<ondown>123</ondown>
							</control>
							<control type="button" id="104">
								<description>(0,4) key button</description>
								<include>KeyboardSmallBtn</include>
								<onup>309</onup>
								<ondown>124</ondown>
							</control>
							<control type="button" id="105">
								<description>(0,5) key button</description>
								<include>KeyboardSmallBtn</include>
								<onup>305</onup>
								<ondown>125</ondown>
							</control>
							<control type="button" id="106">
								<description>(0,6) key button</description>
								<include>KeyboardSmallBtn</include>
								<onup>305</onup>
								<ondown>126</ondown>
							</control>
							<control type="button" id="107">
								<description>(0,7) key button</description>
								<include>KeyboardSmallBtn</include>
								<onup>305</onup>
								<ondown>127</ondown>
							</control>
							<control type="button" id="108">
								<description>(0,8) key button</description>
								<include>KeyboardSmallBtn</include>
								<onup>306</onup>
								<ondown>128</ondown>
							</control>
							<control type="button" id="109">
								<description>(0,9) key button</description>
								<include>KeyboardSmallBtn</include>
								<onup>306</onup>
								<ondown>129</ondown>
							</control>
							<control type="button" id="110">
								<description>(0,10) key button</description>
								<include>KeyboardSmallBtn</include>
								<onup>306</onup>
								<ondown>130</ondown>
							</control>
							<control type="button" id="111">
								<description>(0,11) key button</description>
								<include>KeyboardSmallBtn</include>
								<onup>306</onup>
								<ondown>131</ondown>
							</control>
						</control>
						
						<control type="grouplist">			
							<description>Row 2</description>
							<top>50</top>
							<orientation>horizontal</orientation>
							<itemgap>2</itemgap>
							
							<control type="togglebutton" id="302">
								<description>Shift Key</description>
								<alttexturenofocus border="5">controls/button-focus.png</alttexturenofocus>
								<include>KeyboardBigBtn</include>					    
								<label>20178</label>
								<onup>300</onup>
								<ondown>303</ondown>
							</control>
							<control type="button" id="120">
								<description>(1,0) key button</description>
								<onup>100</onup>
								<ondown>140</ondown>
								<include>KeyboardSmallBtn</include>
							</control>
							<control type="button" id="121">
								<description>(1,1) key button</description>
								<onup>101</onup>
								<ondown>141</ondown>
								<include>KeyboardSmallBtn</include>
							</control>
							<control type="button" id="122">
								<description>(1,2) key button</description>
								<onup>102</onup>
								<ondown>142</ondown>
								<include>KeyboardSmallBtn</include>
							</control>
							<control type="button" id="123">
								<description>(1,3) key button</description>
								<onup>103</onup>
								<ondown>143</ondown>
								<include>KeyboardSmallBtn</include>
							</control>
							<control type="button" id="124">
								<description>(1,4) key button</description>
								<onup>104</onup>
								<ondown>144</ondown>
								<include>KeyboardSmallBtn</include>
							</control>
							<control type="button" id="125">
								<description>(1,5) key button</description>
								<onup>105</onup>
								<ondown>145</ondown>
								<include>KeyboardSmallBtn</include>
							</control>
							<control type="button" id="126">
								<description>(1,6) key button</description>
								<onup>106</onup>
								<ondown>146</ondown>
								<include>KeyboardSmallBtn</include>
							</control>
							<control type="button" id="127">
								<description>(1,7) key button</description>
								<onup>107</onup>
								<ondown>147</ondown>
								<include>KeyboardSmallBtn</include>
							</control>
							<control type="button" id="128">
								<description>(1,8) key button</description>
								<onup>108</onup>
								<ondown>148</ondown>
								<include>KeyboardSmallBtn</include>
							</control>
							<control type="button" id="129">
								<description>(1,9) key button</description>
								<onup>109</onup>
								<ondown>149</ondown>
								<include>KeyboardSmallBtn</include>
							</control>
							<control type="button" id="130">
								<description>(1,10) key button</description>
								<onup>110</onup>
								<ondown>150</ondown>
								<include>KeyboardSmallBtn</include>
							</control>
							<control type="button" id="131">
								<description>(1,11) key button</description>
								<onup>111</onup>
								<ondown>151</ondown>
								<include>KeyboardSmallBtn</include>
							</control>
						</control>
						
						<control type="grouplist">				
							<description>Row 3</description>
							<top>100</top>
							<orientation>horizontal</orientation>
							<itemgap>2</itemgap>
							
							<control type="togglebutton" id="303">
								<description>Caps Lock Key</description>
								<alttexturenofocus border="5">controls/button-focus.png</alttexturenofocus>
								<include>KeyboardBigBtn</include>					    
								<label>31977</label>
								<onup>302</onup>
								<ondown>304</ondown>
							</control>						
							<control type="button" id="140">
								<description>(2,0) key button</description>
								<onup>120</onup>
								<ondown>160</ondown>
								<include>KeyboardSmallBtn</include>
							</control>
							<control type="button" id="141">
								<description>(2,1) key button</description>
								<onup>121</onup>
								<ondown>161</ondown>
								<include>KeyboardSmallBtn</include>
							</control>
							<control type="button" id="142">
								<description>(2,2) key button</description>
								<onup>122</onup>
								<ondown>162</ondown>
								<include>KeyboardSmallBtn</include>
							</control>
							<control type="button" id="143">
								<description>(2,3) key button</description>
								<onup>123</onup>
								<ondown>163</ondown>
								<include>KeyboardSmallBtn</include>
							</control>
							<control type="button" id="144">
								<description>(2,4) key button</description>
								<onup>124</onup>
								<ondown>164</ondown>
								<include>KeyboardSmallBtn</include>
							</control>
							<control type="button" id="145">
								<description>(2,5) key button</description>
								<onup>125</onup>
								<ondown>165</ondown>
								<include>KeyboardSmallBtn</include>
							</control>
							<control type="button" id="146">
								<description>(2,6) key button</description>
								<onup>126</onup>
								<ondown>166</ondown>
								<include>KeyboardSmallBtn</include>
							</control>
							<control type="button" id="147">
								<description>(2,7) key button</description>
								<onup>127</onup>
								<ondown>167</ondown>
								<include>KeyboardSmallBtn</include>
							</control>
							<control type="button" id="148">
								<description>(2,8) key button</description>
								<onup>128</onup>
								<ondown>168</ondown>
								<include>KeyboardSmallBtn</include>
							</control>
							<control type="button" id="149">
								<description>(2,9) key button</description>
								<onup>129</onup>
								<ondown>169</ondown>
								<include>KeyboardSmallBtn</include>
							</control>
							<control type="button" id="150">
								<description>(2,10) key button</description>
								<onup>130</onup>
								<ondown>170</ondown>
								<include>KeyboardSmallBtn</include>
							</control>
							<control type="button" id="151">
								<description>(2,11) key button</description>
								<onup>131</onup>
								<ondown>171</ondown>
								<include>KeyboardSmallBtn</include>
							</control>
						</control>
						
						<control type="grouplist" id="903">			
							<description>Row 4</description>
							<top>150</top>
							<orientation>horizontal</orientation>
							<itemgap>2</itemgap>
							
							<control type="togglebutton" id="304">
								<description>Symbols Key</description>
								<alttexturenofocus border="5">controls/button-focus.png</alttexturenofocus>
								<include>KeyboardBigBtn</include>					    
								<label>20180</label>
								<onup>303</onup>
								<ondown>307</ondown>
							</control>
							<control type="button" id="160">
								<description>(3,0) key button</description>
								<onup>140</onup>
								<ondown>32</ondown>
								<include>KeyboardSmallBtn</include>
							</control>
							<control type="button" id="161">
								<description>(3,1) key button</description>
								<onup>141</onup>
								<ondown>32</ondown>
								<include>KeyboardSmallBtn</include>
							</control>
							<control type="button" id="162">
								<description>(3,2) key button</description>
								<onup>142</onup>
								<ondown>32</ondown>
								<include>KeyboardSmallBtn</include>
							</control>
							<control type="button" id="163">
								<description>(3,3) key button</description>
								<onup>143</onup>
								<ondown>32</ondown>
								<include>KeyboardSmallBtn</include>
							</control>
							<control type="button" id="164">
								<description>(3,4) key button</description>
								<onup>144</onup>
								<ondown>32</ondown>
								<include>KeyboardSmallBtn</include>
							</control>
							<control type="button" id="165">
								<description>(3,5) key button</description>
								<onup>145</onup>
								<ondown>32</ondown>
								<include>KeyboardSmallBtn</include>
							</control>
							<control type="button" id="166">
								<description>(3,6) key button</description>
								<onup>146</onup>
								<ondown>32</ondown>
								<include>KeyboardSmallBtn</include>
							</control>
							<control type="button" id="167">
								<description>(3,7) key button</description>
								<onup>147</onup>
								<ondown>32</ondown>
								<include>KeyboardSmallBtn</include>
							</control>
							<control type="button" id="168">
								<description>(3,8) key button</description>
								<onup>148</onup>
								<ondown>32</ondown>
								<include>KeyboardSmallBtn</include>
							</control>
							<control type="button" id="169">
								<description>(3,9) key button</description>
								<onup>149</onup>
								<ondown>32</ondown>
								<include>KeyboardSmallBtn</include>
							</control>
							<control type="button" id="170">
								<description>(3,10) key button</description>
								<onup>150</onup>
								<ondown>8</ondown>
								<include>KeyboardSmallBtn</include>
							</control>
							<control type="button" id="171">
								<description>(3,11) key button</description>
								<onup>151</onup>
								<ondown>8</ondown>
								<include>KeyboardSmallBtn</include>
							</control>
						</control>
						
						<control type="grouplist" id="904">				
							<description>Row 5</description>					
							<top>200</top>
							<orientation>horizontal</orientation>
							<itemgap>2</itemgap>
							
							<control type="button" id="307">
								<description>IP Key</description>
								<include>KeyboardBigBtn</include>					    
								<label>IP</label>
								<onup>903</onup>
								<ondown condition="!Control.IsVisible(5000)">309</ondown>	
								<ondown condition="Control.IsVisible(5000)">5000</ondown>
							</control>						
							<control type="button" id="32">
								<description>Space Key</description>
								<width>498</width>
								<height>48</height>
								<include>KeyboardBigBtn</include>
								<label>20182</label>			    
								<onup>903</onup>
								<ondown condition="!Control.IsVisible(5000)">309</ondown>	
								<ondown condition="Control.IsVisible(5000)">5000</ondown>
							</control>						
							<control type="button" id="8">
								<description>Backspace Key</description>
								<include>KeyboardBigBtn</include>					    
								<label>20181</label>
								<onup>903</onup>
								<ondown condition="!Control.IsVisible(5000)">305</ondown>	
								<ondown condition="Control.IsVisible(5000)">5000</ondown>
							</control>					
						</control>				
					</control>
				</control>
			</control>
		</control>
	</controls>	
</window>