<?xml version="1.0" encoding="UTF-8"?>
<window id="29">
	<defaultcontrol always="true">52</defaultcontrol>
	<allowoverlay>no</allowoverlay>
	
	<controls>
		<include>BackgroundLoginScreen</include>

		<control type="label">
			<left>345</left>
			<top>230</top>
			<include>DialogTitle</include>
			<label>$LOCALIZE[20115]</label>
		</control>
			
		<control type="group">
			<left>295</left>
			<top>260</top>

			<control type="wraplist" id="52">
				<description>Profiles Area</description>
				<left>5</left>
				<top>5</top>
				<width>690</width>
				<height>138</height>
				<focusposition>2</focusposition>
				<scrolltime>300</scrolltime>
				<orientation>horizontal</orientation>
				<ondown>213</ondown>
				<itemlayout width="138" height="138">
					<control type="image">
						<width>134</width>
						<height>134</height>
						<texture border="25">covers/item-focus-background.png</texture>
						<animation effect="fade" end="40" condition="true">Conditional</animation>
					</control>
					<control type="image">
						<width>134</width>
						<height>134</height>
						<bordersize>25</bordersize>
						<texture>$INFO[ListItem.Icon]</texture>
						<aspectratio>keep</aspectratio>
						<animation effect="fade" end="50" condition="true">Conditional</animation>
					</control>		
				</itemlayout>
				<focusedlayout width="138" height="138">
					<control type="image">
						<width>134</width>
						<height>134</height>
						<texture border="15">covers/item-focus-background2.png</texture>
						<visible>Control.HasFocus(52)</visible>
					</control>
					<control type="image">
						<width>134</width>
						<height>134</height>
						<texture border="25">covers/item-focus-background.png</texture>
						<visible>!Control.HasFocus(52)</visible>
						<animation effect="fade" end="70" condition="true">Conditional</animation>
					</control>
					<control type="image">
						<width>134</width>
						<height>134</height>
						<bordersize>15</bordersize>
						<texture>$INFO[ListItem.Icon]</texture>
						<aspectratio>keep</aspectratio>
					</control>
				</focusedlayout>
			</control>
			
			<control type="image">
				<left>8</left>
				<top>145</top>
				<width>680</width>
				<texture>login-separator.png</texture>
			</control>
			
			<control type="label">
				<left>8</left>
				<top>155</top>
				<width>680</width>
				<font>ProfileNameFont</font>
				<textcolor>GreyColor2</textcolor>
				<shadowcolor>ShadowColor</shadowcolor>
				<align>center</align>
				<label>$INFO[ListItem.Label]</label>
			</control>
		</control>
		
		<control type="group" id="213">
			<top>670</top>
			<include>LoginScreenPaneImage</include>
			<include>LoginScreenPaneDetails</include>
		</control>
	</controls>
</window>