<?xml version="1.0" encoding="UTF-8"?>
<window>
	<allowoverlay>no</allowoverlay>
	<coordinates>
		<system>1</system>
		<left>0</left>
		<top>0</top>
	</coordinates>
	
	<controls>
		<control type="group">
			<include>BackgroundDefault</include>
			<include>BackgroundGlobalSearch</include>
			<include>BackgroundOpenCloseAnim</include>
		</control>
		
		<control type="group">
			<visible>!Window.IsActive(script-globalsearch-infodialog.xml)</visible>
			<include>ControlsOpenCloseAnim</include>
			
			<control type="image">
				<left>30</left>
				<top>87</top>
				<width>260</width>
				<height>544</height>
				<texture border="7">panels/content-panel.png</texture>
				<include>PanelFadeAnim</include>
			</control>
			
			<control type="image">
				<right>30</right>
				<top>87</top>
				<width>931</width>
				<height>544</height>
				<texture border="7">panels/content-panel.png</texture>
				<include>PanelFadeAnim</include>
			</control>
			
			<control type="label" id="199">
				<right>30</right>
				<top>87</top>
				<width>930</width>
				<height>544</height>
				<font>DialogHeadFont</font>
				<textcolor>DefaultColor2</textcolor>
				<shadowcolor>ShadowColor</shadowcolor>
				<align>center</align>
				<aligny>center</aligny>
				<label>[B]$LOCALIZE[284][/B]</label>
			</control>
			
			<control type="group" id="100">				
				<control type="image">
					<right>34</right>
					<top>91</top>
					<width>14</width>
					<height>536</height>
					<texture border="4">controls/scrollbar-background.png</texture>
					<visible>!Control.IsVisible(199)</visible>
				</control>
				
				<control type="list" id="9000">
					<left>34</left>
					<top>91</top>
					<width>252</width>
					<height>536</height>
					<onleft>555</onleft>
					<onright>101</onright>
					<onup>9000</onup>
					<ondown>9000</ondown>
					<pagecontrol>-</pagecontrol>
					<scrolltime>300</scrolltime>
					<itemlayout height="52" width="252">
						<control type="image">
							<width>252</width>
							<height>50</height>
							<texture border="5">controls/button-nofocus.png</texture>
						</control>
						<control type="label">
							<left>10</left>
							<width>200</width>
							<height>50</height>
							<font>RSSFont</font>
							<textcolor>SettingsCatColor</textcolor>
							<shadowcolor>ShadowColor</shadowcolor>
							<aligny>center</aligny>
							<label>$INFO[ListItem.Label]</label>
						</control>
						<control type="label">
							<right>10</right>
							<width>50</width>
							<height>50</height>
							<font>RSSFont</font>
							<textcolor>SettingsCatColor</textcolor>
							<shadowcolor>ShadowColor</shadowcolor>
							<align>right</align>
							<aligny>center</aligny>
							<label>$INFO[ListItem.Label2]</label>
						</control>
					</itemlayout>
					<focusedlayout height="52" width="252">
						<control type="image">
							<left>0</left>
							<top>0</top>
							<width>252</width>
							<height>50</height>
							<texture border="5">controls/button-focus.png</texture>
							<animation effect="fade" start="100" end="30" time="100" condition="!Control.HasFocus(9000)">Conditional</animation>
						</control>
						<control type="label">
							<left>10</left>
							<width>200</width>
							<height>50</height>
							<font>RSSFont</font>
							<textcolor>SelectedColor</textcolor>
							<shadowcolor>ShadowColor</shadowcolor>
							<aligny>center</aligny>
							<label>$INFO[ListItem.Label]</label>
						</control>
						<control type="label">
							<right>10</right>
							<width>50</width>
							<height>50</height>
							<font>RSSFont</font>
							<textcolor>SelectedColor</textcolor>
							<shadowcolor>ShadowColor</shadowcolor>
							<align>right</align>
							<aligny>center</aligny>
							<label>$INFO[ListItem.Label2]</label>
						</control>
					</focusedlayout>
					<content>
						<item id="1">
							<label>$LOCALIZE[19069]</label>
							<label2>$INFO[Container(221).NumItems]</label2>
							<onclick>noop</onclick>
							<visible>Control.IsVisible(229)</visible>
						</item>
						<item id="2">
							<label>$LOCALIZE[342]</label>
							<label2>$INFO[Container(111).NumItems]</label2>
							<onclick>noop</onclick>
							<visible>Control.IsVisible(119)</visible>
						</item>
						<item id="3">
							<label>$LOCALIZE[344]</label>
							<label2>$INFO[Container(211).NumItems]</label2>
							<onclick>noop</onclick>
							<visible>Control.IsVisible(219)</visible>
						</item>
						<item id="4">
							<label>$LOCALIZE[20343]</label>
							<label2>$INFO[Container(121).NumItems]</label2>
							<onclick>noop</onclick>
							<visible>Control.IsVisible(129)</visible>
						</item>
						<item id="5">
							<label>$LOCALIZE[33054]</label>
							<label2>$INFO[Container(131).NumItems]</label2>
							<onclick>noop</onclick>
							<visible>Control.IsVisible(139)</visible>
						</item>
						<item id="6">
							<label>$LOCALIZE[20360]</label>
							<label2>$INFO[Container(141).NumItems]</label2>
							<onclick>noop</onclick>
							<visible>Control.IsVisible(149)</visible>
						</item>
						<item id="7">
							<label>$LOCALIZE[20389]</label>
							<label2>$INFO[Container(151).NumItems]</label2>
							<onclick>noop</onclick>
							<visible>Control.IsVisible(159)</visible>
						</item>
						<item id="8">
							<label>$LOCALIZE[133]</label>
							<label2>$INFO[Container(161).NumItems]</label2>
							<onclick>noop</onclick>
							<visible>Control.IsVisible(169)</visible>
						</item>
						<item id="9">
							<label>$LOCALIZE[132]</label>
							<label2>$INFO[Container(171).NumItems]</label2>
							<onclick>noop</onclick>
							<visible>Control.IsVisible(179)</visible>
						</item>
						<item id="10">
							<label>$LOCALIZE[134]</label>
							<label2>$INFO[Container(181).NumItems]</label2>
							<onclick>noop</onclick>
							<visible>Control.IsVisible(189)</visible>
						</item>
						<item id="11">
							<label>$INFO[Control.GetLabel(198)]</label>
							<label2>-</label2>
							<onclick>Control.Setfocus(9000,0)</onclick>
							<onclick>SendClick(198)</onclick>
							<visible>Control.IsVisible(198)</visible>
						</item>
					</content>
				</control>
				<control type="group" id="101">
					<control type="group" id="229">
						<control type="label" id="220">
							<!-- Hide this Control off the screen because we use the list above to pass to it instead -->
							<left>2000</left>
							<top>2000</top>
						</control>
						<control type="panel" id="221">
							<visible>Container(9000).HasFocus(1)</visible>
							<include>BackgroundVisibleAnim</include>
							<left>318</left>
							<top>90</top>
							<width>913</width>
							<height>538</height>
							<onleft>9000</onleft>
							<onright>228</onright>
							<onup>221</onup>
							<ondown>221</ondown>
							<viewtype label="535">list</viewtype>
							<preloaditems>2</preloaditems>
							<pagecontrol>228</pagecontrol>
							<itemlayout width="913" height="134">
								<control type="group">
									<top>-4</top>
									<control type="image">
										<width>918</width>
										<height>145</height>
										<bordersize>6</bordersize>
										<texture background="true" border="4">covers/cover-case2.png</texture>
										<animation effect="fade" end="65" condition="true">Conditional</animation>
									</control>
									<control type="image">
										<left>9</left>
										<top>9</top>
										<width>126</width>
										<height>126</height>
										<align>left</align>
										<aspectratio align="center" aligny="center">keep</aspectratio>
										<texture background="true">$INFO[ListItem.Icon]</texture>
									</control>
									<control type="label">
										<left>142</left>
										<top>13</top>
										<width>756</width>
										<label>[UPPERCASE]$INFO[ListItem.Property(ChannelName),,: ]$INFO[ListItem.Label][/UPPERCASE]</label>
										<font>ListFont</font>
										<textcolor>WhiteColor</textcolor>
										<shadowcolor>ShadowColor</shadowcolor>
									</control>
									<control type="textbox">
										<left>142</left>
										<top>41</top>
										<width>753</width>
										<height>36</height>
										<label fallback="31204">$INFO[ListItem.Property(Plot)]</label>
										<font>ListFont3</font>
										<textcolor>MediaInfoItemColor</textcolor>
										<autoscroll time="2000" delay="4000" repeat="10000">true</autoscroll>
									</control>
									<control type="label">
										<left>142</left>
										<top>87</top>
										<width>756</width>
										<label>$INFO[ListItem.Property(Genre)]</label>
										<font>ListFont5</font>
										<textcolor>MediaInfoItemColor2</textcolor>
									</control>
									<control type="label">
										<top>110</top>
										<left>142</left>
										<width>756</width>
										<label>$INFO[ListItem.Property(Starttime),$LOCALIZE[19126]: ,   &#x2022;   ]$INFO[ListItem.Property(EndTime),$LOCALIZE[19127]: ,   &#x2022;   ]$INFO[ListItem.Property(Duration),$LOCALIZE[180]: , $LOCALIZE[31003]]</label>
										<font>ListFont5</font>
										<textcolor>MediaInfoItemColor2</textcolor>
									</control>
								</control>
							</itemlayout>
							<focusedlayout width="913" height="134">
								<control type="group">
									<top>-4</top>
									<control type="image">
										<width>917</width>
										<height>145</height>
										<texture border="7">covers/cover-case-focus.png</texture>
									</control>
									<control type="image">
										<left>5</left>
										<top>5</top>
										<width>907</width>
										<height>135</height>
										<bordersize>4</bordersize>
										<texture background="true">dim.png</texture>
										<animation effect="fade" end="70" condition="true">Conditional</animation>
									</control>
									<control type="image">
										<left>9</left>
										<top>9</top>
										<width>126</width>
										<height>126</height>
										<align>left</align>
										<aspectratio align="center" aligny="center">keep</aspectratio>
										<texture background="true">$INFO[ListItem.Icon]</texture>
										<include condition="![Skin.String(LowCPUPowerMode,Animations) | Skin.String(LowCPUPowerMode,Full)]">ListViewCoverFocusAnim</include>
									</control>
									<control type="label">
										<left>142</left>
										<top>13</top>
										<width>756</width>
										<label>[UPPERCASE]$INFO[ListItem.Property(ChannelName),,: ]$INFO[ListItem.Label][/UPPERCASE]</label>
										<font>ListFont</font>
										<textcolor>WhiteColor</textcolor>
										<shadowcolor>ShadowColor</shadowcolor>
										<scroll>true</scroll>
									</control>
									<control type="textbox">
										<left>142</left>
										<top>41</top>
										<width>753</width>
										<height>36</height>
										<label fallback="31204">$INFO[ListItem.Property(Plot)]</label>
										<font>ListFont3</font>
										<textcolor>MediaInfoItemColor</textcolor>
										<autoscroll time="2000" delay="4000" repeat="10000">true</autoscroll>
									</control>
									<control type="label">
										<left>142</left>
										<top>87</top>
										<width>756</width>
										<label>$INFO[ListItem.Property(Genre)]</label>
										<font>ListFont5</font>
										<textcolor>MediaInfoItemColor2</textcolor>
										<scroll>true</scroll>
									</control>
									<control type="label">
										<top>110</top>
										<left>142</left>
										<width>756</width>
										<label>$INFO[ListItem.Property(Starttime),$LOCALIZE[19126]: ,   &#x2022;   ]$INFO[ListItem.Property(EndTime),$LOCALIZE[19127]: ,   &#x2022;   ]$INFO[ListItem.Property(Duration),$LOCALIZE[180]: , $LOCALIZE[31003]]</label>
										<font>ListFont5</font>
										<textcolor>MediaInfoItemColor2</textcolor>
									</control>
								</control>
							</focusedlayout>
						</control>
						<control type="scrollbar" id="228">
							<right>34</right>
							<top>91</top>
							<height>536</height>
							<texturesliderbackground>-</texturesliderbackground>
							<onleft>221</onleft>
							<visible>Container(9000).HasFocus(1)</visible>
						</control>
					</control>
					<control type="group" id="119">
						<control type="label" id="110">
							<!-- Hide this Control off the screen because we use the list above to pass to it instead -->
							<left>2000</left>
							<top>2000</top>
						</control>
						<control type="panel" id="111">
							<visible>Container(9000).HasFocus(2)</visible>
							<include>BackgroundVisibleAnim</include>
							<left>318</left>
							<top>90</top>
							<width>913</width>
							<height>538</height>
							<onleft>9000</onleft>
							<onright>118</onright>
							<onup>111</onup>
							<ondown>111</ondown>
							<viewtype label="535">panel</viewtype>
							<preloaditems>2</preloaditems>
							<pagecontrol>118</pagecontrol>
							<itemlayout width="453" height="134">
								<control type="group">
									<top>-4</top>
									<control type="image">
										<width>464</width>
										<height>145</height>
										<bordersize>6</bordersize>
										<texture background="true" border="4">covers/cover-case2.png</texture>
										<animation effect="fade" end="65" condition="true">Conditional</animation>
									</control>
									<control type="image">
										<left>9</left>
										<top>9</top>
										<width>87</width>
										<height>126</height>
										<texture background="true">$INFO[ListItem.Icon]</texture>
										<aspectratio align="center" aligny="center">scale</aspectratio>
									</control>
									<control type="image">
										<description>Quality / Unwatched</description>
										<left>67</left>
										<top>106</top>
										<width>24</width>
										<height>24</height>
										<texture background="true">$VAR[VideoQualityOverlayUnwatchedGlobalSearch]</texture>
										<aspectratio>keep</aspectratio>
										<visible>StringCompare(ListItem.Property(PlayCount),0)</visible>
										<animation effect="fade" end="85" condition="true">Conditional</animation>
									</control>	
									<control type="image">
										<description>Quality / Watched</description>
										<left>67</left>
										<top>106</top>
										<width>24</width>
										<height>24</height>
										<texture background="true">$VAR[VideoQualityOverlayWatchedGlobalSearch]</texture>
										<aspectratio>keep</aspectratio>
										<visible>!StringCompare(ListItem.Property(PlayCount),0)</visible>
										<animation effect="fade" end="85" condition="true">Conditional</animation>
									</control>
									<control type="label">
										<top>12</top>
										<left>103</left>
										<width>348</width>
										<label>[UPPERCASE]$INFO[ListItem.Label][/UPPERCASE]</label>
										<font>ListFont</font>
										<textcolor>WhiteColor</textcolor>
										<shadowcolor>ShadowColor</shadowcolor>
									</control>
									<control type="textbox">
										<left>103</left>
										<top>41</top>
										<width>348</width>
										<height>36</height>
										<label>$INFO[ListItem.Property(Tagline)]</label>
										<font>ListFont3</font>
										<textcolor>MediaInfoItemColor</textcolor>
									</control>
									<control type="textbox">
										<left>103</left>
										<top>41</top>
										<width>348</width>
										<height>36</height>
										<label>$INFO[ListItem.Property(PlotOutline)]</label>
										<font>ListFont3</font>
										<textcolor>MediaInfoItemColor</textcolor>
										<visible>IsEmpty(ListItem.Property(TagLine))</visible>
									</control>
									<control type="textbox">
										<left>103</left>
										<top>41</top>
										<width>348</width>
										<height>36</height>
										<label fallback="31204">$INFO[ListItem.Property(Plot)]</label>
										<font>ListFont3</font>
										<textcolor>MediaInfoItemColor</textcolor>
										<visible>IsEmpty(ListItem.Property(TagLine)) + IsEmpty(ListItem.Property(PlotOutline))</visible>
									</control>
									<control type="label">
										<top>87</top>
										<left>103</left>
										<width>348</width>
										<label>$INFO[ListItem.Property(Genre)]</label>
										<font>ListFont5</font>
										<textcolor>MediaInfoItemColor2</textcolor>
									</control>
									<control type="label">
										<top>110</top>
										<left>103</left>
										<width>348</width>
										<label>$INFO[ListItem.Property(Year)]$INFO[ListItem.Property(Duration),   &#x2022;   , $LOCALIZE[31003]]$INFO[ListItem.Property(Rating),   &#x2022;   ,]</label>
										<font>ListFont5</font>
										<textcolor>MediaInfoItemColor2</textcolor>
									</control>
								</control>
							</itemlayout>
							<focusedlayout width="453" height="134">
								<control type="group">
									<top>-4</top>
									<control type="image">
										<width>464</width>
										<height>145</height>
										<texture border="7">covers/cover-case-focus.png</texture>
									</control>
									<control type="image">
										<left>5</left>
										<top>5</top>
										<width>454</width>
										<height>135</height>
										<bordersize>4</bordersize>
										<texture background="true">dim.png</texture>
										<animation effect="fade" end="70" condition="true">Conditional</animation>
									</control>
									<control type="image">
										<left>9</left>
										<top>9</top>
										<width>87</width>
										<height>126</height>
										<texture background="true">$INFO[ListItem.Icon]</texture>
										<aspectratio align="center" aligny="center">scale</aspectratio>
										<include condition="![Skin.String(LowCPUPowerMode,Animations) | Skin.String(LowCPUPowerMode,Full)]">ListViewCoverFocusAnim</include>
									</control>
									<control type="image">
										<description>Quality / Unwatched</description>
										<left>67</left>
										<top>106</top>
										<width>24</width>
										<height>24</height>
										<texture background="true">$VAR[VideoQualityOverlayUnwatchedGlobalSearch]</texture>
										<aspectratio>keep</aspectratio>
										<visible>StringCompare(ListItem.Property(PlayCount),0)</visible>
										<animation effect="fade" end="85" condition="true">Conditional</animation>
									</control>	
									<control type="image">
										<description>Quality / Watched</description>
										<left>67</left>
										<top>106</top>
										<width>24</width>
										<height>24</height>
										<texture background="true">$VAR[VideoQualityOverlayWatchedGlobalSearch]</texture>
										<aspectratio>keep</aspectratio>
										<visible>!StringCompare(ListItem.Property(PlayCount),0)</visible>
										<animation effect="fade" end="85" condition="true">Conditional</animation>
									</control>
									<control type="label">
										<top>12</top>
										<left>103</left>
										<width>348</width>
										<label>[UPPERCASE]$INFO[ListItem.Label][/UPPERCASE]</label>
										<font>ListFont</font>
										<textcolor>WhiteColor</textcolor>
										<shadowcolor>ShadowColor</shadowcolor>
										<scroll>true</scroll>
									</control>
									<control type="textbox">
										<left>103</left>
										<top>41</top>
										<width>348</width>
										<height>36</height>
										<label>$INFO[ListItem.Property(Tagline)]</label>
										<font>ListFont3</font>
										<textcolor>MediaInfoItemColor</textcolor>
										<autoscroll time="2000" delay="4000" repeat="10000">true</autoscroll>
									</control>
									<control type="textbox">
										<left>103</left>
										<top>41</top>
										<width>348</width>
										<height>36</height>
										<label>$INFO[ListItem.Property(PlotOutline)]</label>
										<font>ListFont3</font>
										<textcolor>MediaInfoItemColor</textcolor>
										<autoscroll time="2000" delay="4000" repeat="10000">true</autoscroll>
										<visible>IsEmpty(ListItem.Property(TagLine))</visible>
									</control>
									<control type="textbox">
										<left>103</left>
										<top>41</top>
										<width>348</width>
										<height>36</height>
										<label fallback="31204">$INFO[ListItem.Property(Plot)]</label>
										<font>ListFont3</font>
										<textcolor>MediaInfoItemColor</textcolor>
										<autoscroll time="2000" delay="4000" repeat="10000">true</autoscroll>
										<visible>IsEmpty(ListItem.Property(TagLine)) + IsEmpty(ListItem.Property(PlotOutline))</visible>
									</control>
									<control type="label">
										<top>87</top>
										<left>103</left>
										<width>348</width>
										<label>$INFO[ListItem.Property(Genre)]</label>
										<font>ListFont5</font>
										<textcolor>MediaInfoItemColor2</textcolor>
									</control>
									<control type="label">
										<top>110</top>
										<left>103</left>
										<width>348</width>
										<label>$INFO[ListItem.Property(Year)]$INFO[ListItem.Property(Duration),   &#x2022;   , $LOCALIZE[31003]]$INFO[ListItem.Property(Rating),   &#x2022;   ,]</label>
										<font>ListFont5</font>
										<textcolor>MediaInfoItemColor2</textcolor>
									</control>
								</control>
							</focusedlayout>
						</control>
						<control type="scrollbar" id="118">
							<right>34</right>
							<top>91</top>
							<height>536</height>
							<texturesliderbackground>-</texturesliderbackground>
							<onleft>111</onleft>
							<visible>Container(9000).HasFocus(2)</visible>
						</control>
					</control>
					<control type="group" id="219">
						<control type="label" id="210">
							<!-- Hide this Control off the screen because we use the list above to pass to it instead -->
							<left>2000</left>
							<top>2000</top>
						</control>
						<control type="panel" id="211">
							<visible>Container(9000).HasFocus(3)</visible>
							<include>BackgroundVisibleAnim</include>
							<left>318</left>
							<top>90</top>
							<width>913</width>
							<height>538</height>
							<onleft>9000</onleft>
							<onright>218</onright>
							<onup>211</onup>
							<ondown>211</ondown>
							<viewtype label="535">panel</viewtype>
							<preloaditems>2</preloaditems>
							<pagecontrol>218</pagecontrol>
							<itemlayout width="453" height="134">
								<control type="group">
									<top>-4</top>
									<control type="image">
										<width>464</width>
										<height>145</height>
										<bordersize>6</bordersize>
										<texture background="true" border="4">covers/cover-case2.png</texture>
										<animation effect="fade" end="65" condition="true">Conditional</animation>
									</control>
									<control type="image">
										<left>9</left>
										<top>9</top>
										<width>87</width>
										<height>126</height>
										<texture background="true">$INFO[ListItem.Icon]</texture>
										<aspectratio align="center" aligny="center">scale</aspectratio>
									</control>
									<control type="image">
										<description>Quality / Unwatched</description>
										<left>67</left>
										<top>106</top>
										<width>24</width>
										<height>24</height>
										<texture background="true">$VAR[VideoQualityOverlayUnwatchedGlobalSearch]</texture>
										<aspectratio>keep</aspectratio>
										<visible>StringCompare(ListItem.Property(PlayCount),0)</visible>
										<animation effect="fade" end="85" condition="true">Conditional</animation>
									</control>	
									<control type="image">
										<description>Quality / Watched</description>
										<left>67</left>
										<top>106</top>
										<width>24</width>
										<height>24</height>
										<texture background="true">$VAR[VideoQualityOverlayWatchedGlobalSearch]</texture>
										<aspectratio>keep</aspectratio>
										<visible>!StringCompare(ListItem.Property(PlayCount),0)</visible>
										<animation effect="fade" end="85" condition="true">Conditional</animation>
									</control>
									<control type="label">
										<top>12</top>
										<left>103</left>
										<width>348</width>
										<label>[UPPERCASE]$INFO[ListItem.Label][/UPPERCASE]</label>
										<font>ListFont</font>
										<textcolor>WhiteColor</textcolor>
										<shadowcolor>ShadowColor</shadowcolor>
									</control>
									<control type="textbox">
										<left>103</left>
										<top>41</top>
										<width>348</width>
										<height>36</height>
										<label>$INFO[ListItem.Property(Tagline)]</label>
										<font>ListFont3</font>
										<textcolor>MediaInfoItemColor</textcolor>
									</control>
									<control type="textbox">
										<left>103</left>
										<top>41</top>
										<width>348</width>
										<height>36</height>
										<label>$INFO[ListItem.Property(PlotOutline)]</label>
										<font>ListFont3</font>
										<textcolor>MediaInfoItemColor</textcolor>
										<visible>IsEmpty(ListItem.Property(TagLine))</visible>
									</control>
									<control type="textbox">
										<left>103</left>
										<top>41</top>
										<width>348</width>
										<height>36</height>
										<label fallback="31204">$INFO[ListItem.Property(Plot)]</label>
										<font>ListFont3</font>
										<textcolor>MediaInfoItemColor</textcolor>
										<visible>IsEmpty(ListItem.Property(TagLine)) + IsEmpty(ListItem.Property(PlotOutline))</visible>
									</control>
									<control type="label">
										<top>87</top>
										<left>103</left>
										<width>348</width>
										<label>$INFO[ListItem.Property(Genre)]</label>
										<font>ListFont5</font>
										<textcolor>MediaInfoItemColor2</textcolor>
									</control>
									<control type="label">
										<top>110</top>
										<left>103</left>
										<width>348</width>
										<label>$INFO[ListItem.Property(Year)]$INFO[ListItem.Property(Duration),   &#x2022;   , $LOCALIZE[31003]]$INFO[ListItem.Property(Rating),   &#x2022;   ,]</label>
										<font>ListFont5</font>
										<textcolor>MediaInfoItemColor2</textcolor>
									</control>
								</control>
							</itemlayout>
							<focusedlayout width="453" height="134">
								<control type="group">
									<top>-4</top>
									<control type="image">
										<width>464</width>
										<height>145</height>
										<texture border="7">covers/cover-case-focus.png</texture>
									</control>
									<control type="image">
										<left>5</left>
										<top>5</top>
										<width>454</width>
										<height>135</height>
										<bordersize>4</bordersize>
										<texture background="true">dim.png</texture>
										<animation effect="fade" end="70" condition="true">Conditional</animation>
									</control>
									<control type="image">
										<left>9</left>
										<top>9</top>
										<width>87</width>
										<height>126</height>
										<texture background="true">$INFO[ListItem.Icon]</texture>
										<aspectratio align="center" aligny="center">scale</aspectratio>
										<include condition="![Skin.String(LowCPUPowerMode,Animations) | Skin.String(LowCPUPowerMode,Full)]">ListViewCoverFocusAnim</include>
									</control>
									<control type="image">
										<description>Quality / Unwatched</description>
										<left>67</left>
										<top>106</top>
										<width>24</width>
										<height>24</height>
										<texture background="true">$VAR[VideoQualityOverlayUnwatchedGlobalSearch]</texture>
										<aspectratio>keep</aspectratio>
										<visible>StringCompare(ListItem.Property(PlayCount),0)</visible>
										<animation effect="fade" end="85" condition="true">Conditional</animation>
									</control>	
									<control type="image">
										<description>Quality / Watched</description>
										<left>67</left>
										<top>106</top>
										<width>24</width>
										<height>24</height>
										<texture background="true">$VAR[VideoQualityOverlayWatchedGlobalSearch]</texture>
										<aspectratio>keep</aspectratio>
										<visible>!StringCompare(ListItem.Property(PlayCount),0)</visible>
										<animation effect="fade" end="85" condition="true">Conditional</animation>
									</control>
									<control type="label">
										<top>12</top>
										<left>103</left>
										<width>348</width>
										<label>[UPPERCASE]$INFO[ListItem.Label][/UPPERCASE]</label>
										<font>ListFont</font>
										<textcolor>WhiteColor</textcolor>
										<shadowcolor>ShadowColor</shadowcolor>
										<scroll>true</scroll>
									</control>
									<control type="textbox">
										<left>103</left>
										<top>41</top>
										<width>348</width>
										<height>36</height>
										<label>$INFO[ListItem.Property(Tagline)]</label>
										<font>ListFont3</font>
										<textcolor>MediaInfoItemColor</textcolor>
										<autoscroll time="2000" delay="4000" repeat="10000">true</autoscroll>
									</control>
									<control type="textbox">
										<left>103</left>
										<top>41</top>
										<width>348</width>
										<height>36</height>
										<label>$INFO[ListItem.Property(PlotOutline)]</label>
										<font>ListFont3</font>
										<textcolor>MediaInfoItemColor</textcolor>
										<autoscroll time="2000" delay="4000" repeat="10000">true</autoscroll>
										<visible>IsEmpty(ListItem.Property(TagLine))</visible>
									</control>
									<control type="textbox">
										<left>103</left>
										<top>41</top>
										<width>348</width>
										<height>36</height>
										<label fallback="31204">$INFO[ListItem.Property(Plot)]</label>
										<font>ListFont3</font>
										<textcolor>MediaInfoItemColor</textcolor>
										<autoscroll time="2000" delay="4000" repeat="10000">true</autoscroll>
										<visible>IsEmpty(ListItem.Property(TagLine)) + IsEmpty(ListItem.Property(PlotOutline))</visible>
									</control>
									<control type="label">
										<top>87</top>
										<left>103</left>
										<width>348</width>
										<label>$INFO[ListItem.Property(Genre)]</label>
										<font>ListFont5</font>
										<textcolor>MediaInfoItemColor2</textcolor>
									</control>
									<control type="label">
										<top>110</top>
										<left>103</left>
										<width>348</width>
										<label>$INFO[ListItem.Property(Year)]$INFO[ListItem.Property(Duration),   &#x2022;   , $LOCALIZE[31003]]$INFO[ListItem.Property(Rating),   &#x2022;   ,]</label>
										<font>ListFont5</font>
										<textcolor>MediaInfoItemColor2</textcolor>
									</control>
								</control>
							</focusedlayout>
						</control>
						<control type="scrollbar" id="218">
							<right>34</right>
							<top>91</top>
							<height>536</height>
							<texturesliderbackground>-</texturesliderbackground>
							<onleft>211</onleft>
							<visible>Container(9000).HasFocus(3)</visible>
						</control>
					</control>
					<control type="group" id="129">
						<control type="label" id="120">
							<!-- Hide this Control off the screen because we use the list above to pass to it instead -->
							<left>2000</left>
							<top>2000</top>
						</control>
						<control type="panel" id="121">
							<visible>Container(9000).HasFocus(4)</visible>
							<include>BackgroundVisibleAnim</include>
							<left>318</left>
							<top>90</top>
							<width>913</width>
							<height>538</height>
							<onleft>9000</onleft>
							<onright>128</onright>
							<onup>121</onup>
							<ondown>121</ondown>
							<viewtype label="535">panel</viewtype>
							<preloaditems>2</preloaditems>
							<pagecontrol>128</pagecontrol>
							<itemlayout width="453" height="134">
								<control type="group">
									<top>-4</top>
									<control type="image">
										<width>464</width>
										<height>145</height>
										<bordersize>6</bordersize>
										<texture background="true" border="4">covers/cover-case2.png</texture>
										<animation effect="fade" end="65" condition="true">Conditional</animation>
									</control>
									<control type="image">
										<left>9</left>
										<top>9</top>
										<width>87</width>
										<height>126</height>
										<texture background="true">$INFO[ListItem.Icon]</texture>
										<aspectratio align="center" aligny="center">scale</aspectratio>
									</control>
									<control type="image">
										<description>Watched Overlay</description>
										<left>67</left>
										<top>106</top>
										<width>24</width>
										<height>24</height>
										<aligny>center</aligny>
										<texture background="true">OverlayWatched.png</texture>
										<aspectratio>keep</aspectratio>
										<visible>!StringCompare(ListItem.Property(Playcount),0)</visible>
									</control>				
									<control type="label">
										<top>12</top>
										<left>103</left>
										<width>348</width>
										<label>[UPPERCASE]$INFO[ListItem.Label][/UPPERCASE]</label>
										<font>ListFont</font>
										<textcolor>WhiteColor</textcolor>
										<shadowcolor>ShadowColor</shadowcolor>
									</control>
									<control type="textbox">
										<left>103</left>
										<top>41</top>
										<width>348</width>
										<height>36</height>
										<label fallback="31204">$INFO[ListItem.Property(Plot)]</label>
										<font>ListFont3</font>
										<textcolor>MediaInfoItemColor</textcolor>
									</control>
									<control type="label">
										<top>87</top>
										<left>103</left>
										<width>348</width>
										<label fallback="31204">$INFO[ListItem.Property(Genre)]</label>
										<font>ListFont5</font>
										<textcolor>MediaInfoItemColor2</textcolor>
									</control>
									<control type="label">
										<top>110</top>
										<left>103</left>
										<width>348</width>
										<label>$INFO[ListItem.Property(Year)]$INFO[ListItem.Property(Rating),   &#x2022;   ,]</label>
										<font>ListFont5</font>
										<textcolor>MediaInfoItemColor2</textcolor>
									</control>
								</control>
							</itemlayout>
							<focusedlayout width="453" height="134">
								<control type="group">
									<top>-4</top>
									<control type="image">
										<width>464</width>
										<height>145</height>
										<texture border="7">covers/cover-case-focus.png</texture>
									</control>
									<control type="image">
										<left>5</left>
										<top>5</top>
										<width>454</width>
										<height>135</height>
										<bordersize>4</bordersize>
										<texture background="true">dim.png</texture>
										<animation effect="fade" end="70" condition="true">Conditional</animation>
									</control>
									<control type="image">
										<left>9</left>
										<top>9</top>
										<width>87</width>
										<height>126</height>
										<texture background="true">$INFO[ListItem.Icon]</texture>
										<aspectratio align="center" aligny="center">scale</aspectratio>
										<include condition="![Skin.String(LowCPUPowerMode,Animations) | Skin.String(LowCPUPowerMode,Full)]">ListViewCoverFocusAnim</include>
									</control>
									<control type="image">
										<description>Watched Overlay</description>
										<left>67</left>
										<top>106</top>
										<width>24</width>
										<height>24</height>
										<aligny>center</aligny>
										<texture background="true">OverlayWatched.png</texture>
										<aspectratio>keep</aspectratio>
										<visible>!StringCompare(ListItem.Property(Playcount),0)</visible>
									</control>
									<control type="label">
										<top>12</top>
										<left>103</left>
										<width>348</width>
										<label>[UPPERCASE]$INFO[ListItem.Label][/UPPERCASE]</label>
										<font>ListFont</font>
										<textcolor>WhiteColor</textcolor>
										<shadowcolor>ShadowColor</shadowcolor>
										<scroll>true</scroll>
									</control>
									<control type="textbox">
										<left>103</left>
										<top>41</top>
										<width>348</width>
										<height>36</height>
										<label fallback="31204">$INFO[ListItem.Property(Plot)]</label>
										<font>ListFont3</font>
										<textcolor>MediaInfoItemColor</textcolor>
										<autoscroll time="2000" delay="4000" repeat="10000">true</autoscroll>
									</control>
									<control type="label">
										<top>87</top>
										<left>103</left>
										<width>348</width>
										<label>$INFO[ListItem.Property(Genre)]</label>
										<font>ListFont5</font>
										<textcolor>MediaInfoItemColor2</textcolor>
									</control>
									<control type="label">
										<top>110</top>
										<left>103</left>
										<width>348</width>
										<label>$INFO[ListItem.Property(Year)]$INFO[ListItem.Property(Rating),   &#x2022;   ,]</label>
										<font>ListFont5</font>
										<textcolor>MediaInfoItemColor2</textcolor>
									</control>
								</control>
							</focusedlayout>
						</control>
						<control type="scrollbar" id="128">
							<right>34</right>
							<top>91</top>
							<height>536</height>
							<texturesliderbackground>-</texturesliderbackground>
							<onleft>121</onleft>
							<visible>Container(9000).HasFocus(4)</visible>
						</control>
					</control>
					<control type="group" id="139">
						<control type="label" id="130">
							<!-- Hide this Control off the screen because we use the list above to pass to it instead -->
							<left>2000</left>
							<top>2000</top>
						</control>
						<control type="panel" id="131">
							<visible>Container(9000).HasFocus(5)</visible>
							<include>BackgroundVisibleAnim</include>
							<left>318</left>
							<top>90</top>
							<width>913</width>
							<height>538</height>
							<onleft>9000</onleft>
							<onright>138</onright>
							<onup>131</onup>
							<ondown>131</ondown>
							<viewtype label="535">panel</viewtype>
							<preloaditems>2</preloaditems>
							<pagecontrol>138</pagecontrol>
							<itemlayout width="453" height="134">
								<control type="group">
									<top>-4</top>
									<control type="image">
										<width>464</width>
										<height>145</height>
										<bordersize>6</bordersize>
										<texture background="true" border="4">covers/cover-case2.png</texture>
										<animation effect="fade" end="65" condition="true">Conditional</animation>
									</control>
									<control type="image">
										<left>9</left>
										<top>9</top>
										<width>87</width>
										<height>126</height>
										<texture background="true">$INFO[ListItem.Icon]</texture>
										<aspectratio align="center" aligny="center">scale</aspectratio>
									</control>
									<control type="image">
										<description>Watched Overlay</description>
										<left>67</left>
										<top>106</top>
										<width>24</width>
										<height>24</height>
										<aligny>center</aligny>
										<texture background="true">OverlayWatched.png</texture>
										<aspectratio>keep</aspectratio>
										<visible>!StringCompare(ListItem.Property(Playcount),0)</visible>
									</control>				
									<control type="label">
										<top>13</top>
										<left>103</left>
										<width>348</width>
										<label>[UPPERCASE]$INFO[ListItem.Property(TvShowTitle)][/UPPERCASE]</label>
										<font>ListFont</font>
										<textcolor>WhiteColor</textcolor>
										<shadowcolor>ShadowColor</shadowcolor>
									</control>
									<control type="label">
										<left>103</left>
										<top>35</top>
										<width>348</width>
										<label>$INFO[ListItem.Label]</label>
										<font>ListFont</font>
										<textcolor>MediaInfoItemColor</textcolor>
										<shadowcolor>ShadowColor</shadowcolor>
									</control>
									<control type="label">
										<top>87</top>
										<left>103</left>
										<width>348</width>
										<label>$INFO[ListItem.Property(Episode),, $LOCALIZE[20360]]</label>
										<font>ListFont5</font>
										<textcolor>MediaInfoItemColor2</textcolor>
									</control>
									<control type="label">
										<top>110</top>
										<left>103</left>
										<width>348</width>
										<label>$INFO[ListItem.Property(Path)]</label>
										<font>ListFont5</font>
										<textcolor>MediaInfoItemColor2</textcolor>
									</control>
								</control>
							</itemlayout>
							<focusedlayout width="453" height="134">
								<control type="group">
									<top>-4</top>
									<control type="image">
										<width>464</width>
										<height>145</height>
										<texture border="7">covers/cover-case-focus.png</texture>
									</control>
									<control type="image">
										<left>5</left>
										<top>5</top>
										<width>454</width>
										<height>135</height>
										<bordersize>4</bordersize>
										<texture background="true">dim.png</texture>
										<animation effect="fade" end="70" condition="true">Conditional</animation>
									</control>
									<control type="image">
										<left>9</left>
										<top>9</top>
										<width>87</width>
										<height>126</height>
										<texture background="true">$INFO[ListItem.Icon]</texture>
										<aspectratio align="center" aligny="center">scale</aspectratio>
										<include condition="![Skin.String(LowCPUPowerMode,Animations) | Skin.String(LowCPUPowerMode,Full)]">ListViewCoverFocusAnim</include>
									</control>
									<control type="image">
										<description>Watched Overlay</description>
										<left>67</left>
										<top>106</top>
										<width>24</width>
										<height>24</height>
										<aligny>center</aligny>
										<texture background="true">OverlayWatched.png</texture>
										<aspectratio>keep</aspectratio>
										<visible>!StringCompare(ListItem.Property(Playcount),0)</visible>
									</control>
									<control type="label">
										<top>13</top>
										<left>103</left>
										<width>348</width>
										<label>[UPPERCASE]$INFO[ListItem.Property(TvShowTitle)][/UPPERCASE]</label>
										<font>ListFont</font>
										<textcolor>WhiteColor</textcolor>
										<shadowcolor>ShadowColor</shadowcolor>
										<scroll>true</scroll>
									</control>
									<control type="label">
										<left>103</left>
										<top>35</top>
										<width>348</width>
										<label>$INFO[ListItem.Label]</label>
										<font>ListFont</font>
										<textcolor>MediaInfoItemColor</textcolor>
										<shadowcolor>ShadowColor</shadowcolor>
										<scroll>true</scroll>
									</control>
									<control type="label">
										<top>87</top>
										<left>103</left>
										<width>348</width>
										<label>$INFO[ListItem.Property(Episode),, $LOCALIZE[20360]]</label>
										<font>ListFont5</font>
										<textcolor>MediaInfoItemColor2</textcolor>
									</control>
									<control type="label">
										<top>110</top>
										<left>103</left>
										<width>348</width>
										<label>$INFO[ListItem.Property(Path)]</label>
										<font>ListFont5</font>
										<textcolor>MediaInfoItemColor2</textcolor>
									</control>
								</control>
							</focusedlayout>
						</control>
						<control type="scrollbar" id="138">
							<right>34</right>
							<top>91</top>
							<height>536</height>
							<texturesliderbackground>-</texturesliderbackground>
							<onleft>131</onleft>
							<visible>Container(9000).HasFocus(5)</visible>
						</control>
					</control>
					<control type="group" id="149">
						<control type="label" id="140">
							<!-- Hide this Control off the screen because we use the list above to pass to it instead -->
							<left>2000</left>
							<top>2000</top>
						</control>
						<control type="panel" id="141">
							<visible>Container(9000).HasFocus(6)</visible>
							<include>BackgroundVisibleAnim</include>
							<left>318</left>
							<top>90</top>
							<width>913</width>
							<height>538</height>
							<onleft>9000</onleft>
							<onright>148</onright>
							<onup>141</onup>
							<ondown>141</ondown>
							<viewtype label="535">panel</viewtype>
							<preloaditems>2</preloaditems>
							<pagecontrol>148</pagecontrol>
							<itemlayout width="913" height="134">
								<control type="group">
									<top>-4</top>
									<control type="image">
										<width>918</width>
										<height>145</height>
										<bordersize>6</bordersize>
										<texture background="true" border="4">covers/cover-case2.png</texture>
										<animation effect="fade" end="65" condition="true">Conditional</animation>
									</control>
									<control type="image">
										<left>9</left>
										<top>9</top>
										<width>225</width>
										<height>126</height>
										<align>left</align>
										<aspectratio align="center" aligny="center">scale</aspectratio>
										<texture background="true">$INFO[ListItem.Icon]</texture>
									</control>
									<control type="image">
										<description>Quality / Unwatched</description>
										<left>205</left>
										<top>106</top>
										<width>24</width>
										<height>24</height>
										<texture background="true">$VAR[VideoQualityOverlayUnwatchedGlobalSearch]</texture>
										<aspectratio>keep</aspectratio>
										<visible>StringCompare(ListItem.Property(PlayCount),0)</visible>
										<animation effect="fade" end="85" condition="true">Conditional</animation>
									</control>	
									<control type="image">
										<description>Quality / Watched</description>
										<left>205</left>
										<top>106</top>
										<width>24</width>
										<height>24</height>
										<texture background="true">$VAR[VideoQualityOverlayWatchedGlobalSearch]</texture>
										<aspectratio>keep</aspectratio>
										<visible>!StringCompare(ListItem.Property(PlayCount),0)</visible>
										<animation effect="fade" end="85" condition="true">Conditional</animation>
									</control>
									<control type="label">
										<left>241</left>
										<top>13</top>
										<width>666</width>
										<label>[UPPERCASE]$INFO[ListItem.Property(TvShowTitle)][/UPPERCASE]</label>
										<font>ListFont</font>
										<textcolor>WhiteColor</textcolor>
										<shadowcolor>ShadowColor</shadowcolor>
									</control>
									<control type="label">
										<left>241</left>
										<top>35</top>
										<width>666</width>
										<label>$INFO[ListItem.Property(Season),S,]$INFO[ListItem.Property(Episode),E,. ]$INFO[ListItem.Label]</label>
										<font>ListFont</font>
										<textcolor>MediaInfoItemColor</textcolor>
										<shadowcolor>ShadowColor</shadowcolor>
									</control>
									<control type="textbox">
										<left>241</left>
										<top>64</top>
										<width>663</width>
										<height>36</height>
										<label fallback="31204">$INFO[ListItem.Property(Plot)]</label>
										<font>ListFont3</font>
										<textcolor>MediaInfoItemColor2</textcolor>
										<autoscroll time="2000" delay="4000" repeat="10000">true</autoscroll>
									</control>
									<control type="label">
										<top>110</top>
										<left>241</left>
										<width>666</width>
										<label>$INFO[ListItem.Property(Premiered)]$INFO[ListItem.Property(Duration),   &#x2022;   , $LOCALIZE[31003]]$INFO[ListItem.Property(Rating),   &#x2022;   ,]</label>
										<font>ListFont5</font>
										<textcolor>MediaInfoItemColor2</textcolor>
									</control>
								</control>
							</itemlayout>
							<focusedlayout width="913" height="134">
								<control type="group">
									<top>-4</top>
									<control type="image">
										<width>917</width>
										<height>145</height>
										<texture border="7">covers/cover-case-focus.png</texture>
									</control>
									<control type="image">
										<left>5</left>
										<top>5</top>
										<width>907</width>
										<height>135</height>
										<bordersize>4</bordersize>
										<texture background="true">dim.png</texture>
										<animation effect="fade" end="70" condition="true">Conditional</animation>
									</control>
									<control type="image">
										<left>9</left>
										<top>9</top>
										<width>225</width>
										<height>126</height>
										<align>left</align>
										<aspectratio align="center" aligny="center">scale</aspectratio>
										<texture background="true">$INFO[ListItem.Icon]</texture>
										<include condition="![Skin.String(LowCPUPowerMode,Animations) | Skin.String(LowCPUPowerMode,Full)]">ListViewCoverFocusAnim</include>
									</control>
									<control type="image">
										<description>Quality / Unwatched</description>
										<left>205</left>
										<top>106</top>
										<width>24</width>
										<height>24</height>
										<texture background="true">$VAR[VideoQualityOverlayUnwatchedGlobalSearch]</texture>
										<aspectratio>keep</aspectratio>
										<visible>StringCompare(ListItem.Property(PlayCount),0)</visible>
										<animation effect="fade" end="85" condition="true">Conditional</animation>
									</control>	
									<control type="image">
										<description>Quality / Watched</description>
										<left>205</left>
										<top>106</top>
										<width>24</width>
										<height>24</height>
										<texture background="true">$VAR[VideoQualityOverlayWatchedGlobalSearch]</texture>
										<aspectratio>keep</aspectratio>
										<visible>!StringCompare(ListItem.Property(PlayCount),0)</visible>
										<animation effect="fade" end="85" condition="true">Conditional</animation>
									</control>
									<control type="label">
										<left>241</left>
										<top>13</top>
										<width>666</width>
										<label>[UPPERCASE]$INFO[ListItem.Property(TvShowTitle)][/UPPERCASE]</label>
										<font>ListFont</font>
										<textcolor>WhiteColor</textcolor>
										<shadowcolor>ShadowColor</shadowcolor>
										<scroll>true</scroll>
									</control>
									<control type="label">
										<left>241</left>
										<top>35</top>
										<width>666</width>
										<label>$INFO[ListItem.Property(Season),S,]$INFO[ListItem.Property(Episode),E,. ]$INFO[ListItem.Label]</label>
										<font>ListFont</font>
										<textcolor>MediaInfoItemColor</textcolor>
										<shadowcolor>ShadowColor</shadowcolor>
										<scroll>true</scroll>
									</control>
									<control type="textbox">
										<left>241</left>
										<top>64</top>
										<width>663</width>
										<height>36</height>
										<label fallback="31204">$INFO[ListItem.Property(Plot)]</label>
										<font>ListFont3</font>
										<textcolor>MediaInfoItemColor2</textcolor>
										<autoscroll time="2000" delay="4000" repeat="10000">true</autoscroll>
									</control>
									<control type="label">
										<top>110</top>
										<left>241</left>
										<width>666</width>
										<label>$INFO[ListItem.Property(Premiered)]$INFO[ListItem.Property(Duration),   &#x2022;   , $LOCALIZE[31003]]$INFO[ListItem.Property(Rating),   &#x2022;   ,]</label>
										<font>ListFont5</font>
										<textcolor>MediaInfoItemColor2</textcolor>
									</control>
								</control>
							</focusedlayout>
						</control>
						<control type="scrollbar" id="148">
							<right>34</right>
							<top>91</top>
							<height>536</height>
							<texturesliderbackground>-</texturesliderbackground>
							<onleft>141</onleft>
							<visible>Container(9000).HasFocus(6)</visible>
						</control>
					</control>
					<control type="group" id="159">
						<control type="label" id="150">
							<!-- Hide this Control off the screen because we use the list above to pass to it instead -->
							<left>2000</left>
							<top>2000</top>
						</control>
						<control type="panel" id="151">
							<visible>Container(9000).HasFocus(7)</visible>
							<include>BackgroundVisibleAnim</include>
							<left>318</left>
							<top>90</top>
							<width>913</width>
							<height>538</height>
							<onleft>9000</onleft>
							<onright>158</onright>
							<onup>151</onup>
							<ondown>158</ondown>
							<viewtype label="535">panel</viewtype>
							<preloaditems>2</preloaditems>
							<pagecontrol>158</pagecontrol>
							<itemlayout width="913" height="134">
								<control type="group">
									<top>-4</top>
									<control type="image">
										<width>918</width>
										<height>145</height>
										<bordersize>6</bordersize>
										<texture background="true" border="4">covers/cover-case2.png</texture>
										<animation effect="fade" end="65" condition="true">Conditional</animation>
									</control>
									<control type="image">
										<left>9</left>
										<top>9</top>
										<width>225</width>
										<height>126</height>
										<align>left</align>
										<aspectratio align="center" aligny="center">scale</aspectratio>
										<texture background="true">$INFO[ListItem.Icon]</texture>
									</control>
									<control type="image">
										<description>Quality / Unwatched</description>
										<left>205</left>
										<top>106</top>
										<width>24</width>
										<height>24</height>
										<texture background="true">$VAR[VideoQualityOverlayUnwatchedGlobalSearch]</texture>
										<aspectratio>keep</aspectratio>
										<visible>StringCompare(ListItem.Property(PlayCount),0)</visible>
										<animation effect="fade" end="85" condition="true">Conditional</animation>
									</control>	
									<control type="image">
										<description>Quality / Watched</description>
										<left>205</left>
										<top>106</top>
										<width>24</width>
										<height>24</height>
										<texture background="true">$VAR[VideoQualityOverlayWatchedGlobalSearch]</texture>
										<aspectratio>keep</aspectratio>
										<visible>!StringCompare(ListItem.Property(PlayCount),0)</visible>
										<animation effect="fade" end="85" condition="true">Conditional</animation>
									</control>
									<control type="label">
										<left>241</left>
										<top>13</top>
										<width>666</width>
										<label>[UPPERCASE]$INFO[ListItem.Property(Artist),,: ][/UPPERCASE]$INFO[ListItem.Property(Album)]</label>
										<font>ListFont</font>
										<textcolor>WhiteColor</textcolor>
										<shadowcolor>ShadowColor</shadowcolor>
									</control>
									<control type="textbox">
										<left>241</left>
										<top>41</top>
										<width>663</width>
										<height>36</height>
										<label fallback="31204">$INFO[ListItem.Property(Plot)]</label>
										<font>ListFont3</font>
										<textcolor>MediaInfoItemColor</textcolor>
										<autoscroll time="2000" delay="4000" repeat="10000">true</autoscroll>
									</control>
									<control type="label">
										<left>241</left>
										<top>87</top>
										<width>666</width>
										<label>$INFO[ListItem.Property(Genre)]</label>
										<font>ListFont5</font>
										<textcolor>MediaInfoItemColor2</textcolor>
									</control>
									<control type="label">
										<top>110</top>
										<left>241</left>
										<width>666</width>
										<label>$INFO[ListItem.Property(Year)]$INFO[ListItem.Property(Duration),   &#x2022;   , $LOCALIZE[31003]]</label>
										<font>ListFont5</font>
										<textcolor>MediaInfoItemColor2</textcolor>
									</control>
								</control>
							</itemlayout>
							<focusedlayout width="913" height="134">
								<control type="group">
									<top>-4</top>
									<control type="image">
										<width>917</width>
										<height>145</height>
										<texture border="7">covers/cover-case-focus.png</texture>
									</control>
									<control type="image">
										<left>5</left>
										<top>5</top>
										<width>907</width>
										<height>135</height>
										<bordersize>4</bordersize>
										<texture background="true">dim.png</texture>
										<animation effect="fade" end="70" condition="true">Conditional</animation>
									</control>
									<control type="image">
										<left>9</left>
										<top>9</top>
										<width>225</width>
										<height>126</height>
										<align>left</align>
										<aspectratio align="center" aligny="center">scale</aspectratio>
										<texture background="true">$INFO[ListItem.Icon]</texture>
										<include condition="![Skin.String(LowCPUPowerMode,Animations) | Skin.String(LowCPUPowerMode,Full)]">ListViewCoverFocusAnim</include>
									</control>
									<control type="image">
										<description>Quality / Unwatched</description>
										<left>205</left>
										<top>106</top>
										<width>24</width>
										<height>24</height>
										<texture background="true">$VAR[VideoQualityOverlayUnwatchedGlobalSearch]</texture>
										<aspectratio>keep</aspectratio>
										<visible>StringCompare(ListItem.Property(PlayCount),0)</visible>
										<animation effect="fade" end="85" condition="true">Conditional</animation>
									</control>	
									<control type="image">
										<description>Quality / Watched</description>
										<left>205</left>
										<top>106</top>
										<width>24</width>
										<height>24</height>
										<texture background="true">$VAR[VideoQualityOverlayWatchedGlobalSearch]</texture>
										<aspectratio>keep</aspectratio>
										<visible>!StringCompare(ListItem.Property(PlayCount),0)</visible>
										<animation effect="fade" end="85" condition="true">Conditional</animation>
									</control>
									<control type="label">
										<left>241</left>
										<top>13</top>
										<width>666</width>
										<label>[UPPERCASE]$INFO[ListItem.Property(Artist),,: ][/UPPERCASE]$INFO[ListItem.Property(Album)]</label>
										<font>ListFont</font>
										<textcolor>WhiteColor</textcolor>
										<shadowcolor>ShadowColor</shadowcolor>
										<scroll>true</scroll>
									</control>
									<control type="textbox">
										<left>241</left>
										<top>41</top>
										<width>663</width>
										<height>36</height>
										<label fallback="31204">$INFO[ListItem.Property(Plot)]</label>
										<font>ListFont3</font>
										<textcolor>MediaInfoItemColor</textcolor>
										<autoscroll time="2000" delay="4000" repeat="10000">true</autoscroll>
									</control>
									<control type="label">
										<left>241</left>
										<top>87</top>
										<width>666</width>
										<label>$INFO[ListItem.Property(Genre)]</label>
										<font>ListFont5</font>
										<textcolor>MediaInfoItemColor2</textcolor>
										<scroll>true</scroll>
									</control>
									<control type="label">
										<top>110</top>
										<left>241</left>
										<width>666</width>
										<label>$INFO[ListItem.Property(Year)]$INFO[ListItem.Property(Duration),   &#x2022;   , $LOCALIZE[31003]]</label>
										<font>ListFont5</font>
										<textcolor>MediaInfoItemColor2</textcolor>
									</control>
								</control>
							</focusedlayout>
						</control>
						<control type="scrollbar" id="158">
							<right>34</right>
							<top>91</top>
							<height>536</height>
							<texturesliderbackground>-</texturesliderbackground>
							<onleft>151</onleft>
							<visible>Container(9000).HasFocus(7)</visible>
						</control>
					</control>
					<control type="group" id="169">
						<control type="label" id="160">
							<!-- Hide this Control off the screen because we use the list above to pass to it instead -->
							<left>2000</left>
							<top>2000</top>
						</control>
						<control type="panel" id="161">
							<visible>Container(9000).HasFocus(8)</visible>
							<include>BackgroundVisibleAnim</include>
							<left>318</left>
							<top>90</top>
							<width>913</width>
							<height>538</height>
							<onleft>9000</onleft>
							<onright>168</onright>
							<onup>161</onup>
							<ondown>161</ondown>
							<viewtype label="535">list</viewtype>
							<preloaditems>2</preloaditems>
							<pagecontrol>168</pagecontrol>
							<itemlayout width="913" height="134">
								<control type="group">
									<top>-4</top>
									<control type="image">
										<width>918</width>
										<height>145</height>
										<bordersize>6</bordersize>
										<texture background="true" border="4">covers/cover-case2.png</texture>
										<animation effect="fade" end="65" condition="true">Conditional</animation>
									</control>
									<control type="image">
										<left>9</left>
										<top>9</top>
										<width>126</width>
										<height>126</height>
										<align>left</align>
										<aspectratio align="center" aligny="center">scale</aspectratio>
										<texture background="true">$INFO[ListItem.Icon]</texture>
									</control>
									<control type="label">
										<left>142</left>
										<top>13</top>
										<width>756</width>
										<label>[UPPERCASE]$INFO[ListItem.Label][/UPPERCASE]</label>
										<font>ListFont</font>
										<textcolor>WhiteColor</textcolor>
										<shadowcolor>ShadowColor</shadowcolor>
									</control>
									<control type="textbox">
										<left>142</left>
										<top>41</top>
										<width>753</width>
										<height>36</height>
										<label fallback="31204">$INFO[ListItem.Property(Artist_Description)]</label>
										<font>ListFont3</font>
										<textcolor>MediaInfoItemColor</textcolor>
										<autoscroll time="2000" delay="4000" repeat="10000">true</autoscroll>
									</control>
									<control type="label">
										<left>142</left>
										<top>87</top>
										<width>756</width>
										<label>$INFO[ListItem.Property(Artist_Genre)]</label>
										<font>ListFont5</font>
										<textcolor>MediaInfoItemColor2</textcolor>
									</control>
									<control type="label">
										<top>110</top>
										<left>142</left>
										<width>756</width>
										<label>$INFO[ListItem.Property(Artist_Born),$LOCALIZE[21893]: ,   &#x2022;   ]$INFO[ListItem.Property(Artist_Formed),$LOCALIZE[21894]: ,   &#x2022;   ]$INFO[ListItem.Property(Artist_YearsActive),$LOCALIZE[21898]: ,]$INFO[ListItem.Property(Artist_Disbanded),   &#x2022;   $LOCALIZE[21896]: ,]</label>
										<font>ListFont5</font>
										<textcolor>MediaInfoItemColor2</textcolor>
									</control>
								</control>
							</itemlayout>
							<focusedlayout width="913" height="134">
								<control type="group">
									<top>-4</top>
									<control type="image">
										<width>917</width>
										<height>145</height>
										<texture border="7">covers/cover-case-focus.png</texture>
									</control>
									<control type="image">
										<left>5</left>
										<top>5</top>
										<width>907</width>
										<height>135</height>
										<bordersize>4</bordersize>
										<texture background="true">dim.png</texture>
										<animation effect="fade" end="70" condition="true">Conditional</animation>
									</control>
									<control type="image">
										<left>9</left>
										<top>9</top>
										<width>126</width>
										<height>126</height>
										<align>left</align>
										<aspectratio align="center" aligny="center">scale</aspectratio>
										<texture background="true">$INFO[ListItem.Icon]</texture>
										<include condition="![Skin.String(LowCPUPowerMode,Animations) | Skin.String(LowCPUPowerMode,Full)]">ListViewCoverFocusAnim</include>
									</control>
									<control type="label">
										<left>142</left>
										<top>13</top>
										<width>756</width>
										<label>[UPPERCASE]$INFO[ListItem.Label][/UPPERCASE]</label>
										<font>ListFont</font>
										<textcolor>WhiteColor</textcolor>
										<shadowcolor>ShadowColor</shadowcolor>
										<scroll>true</scroll>
									</control>
									<control type="textbox">
										<left>142</left>
										<top>41</top>
										<width>753</width>
										<height>36</height>
										<label fallback="31204">$INFO[ListItem.Property(Artist_Description)]</label>
										<font>ListFont3</font>
										<textcolor>MediaInfoItemColor</textcolor>
										<autoscroll time="2000" delay="4000" repeat="10000">true</autoscroll>
									</control>
									<control type="label">
										<left>142</left>
										<top>87</top>
										<width>756</width>
										<label>$INFO[ListItem.Property(Artist_Genre)]</label>
										<font>ListFont5</font>
										<textcolor>MediaInfoItemColor2</textcolor>
										<scroll>true</scroll>
									</control>
									<control type="label">
										<top>110</top>
										<left>142</left>
										<width>756</width>
										<label>$INFO[ListItem.Property(Artist_Born),$LOCALIZE[21893]: ,   &#x2022;   ]$INFO[ListItem.Property(Artist_Formed),$LOCALIZE[21894]: ,   &#x2022;   ]$INFO[ListItem.Property(Artist_YearsActive),$LOCALIZE[21898]: ,]$INFO[ListItem.Property(Artist_Disbanded),   &#x2022;   $LOCALIZE[21896]: ,]</label>
										<font>ListFont5</font>
										<textcolor>MediaInfoItemColor2</textcolor>
									</control>
								</control>
							</focusedlayout>
						</control>
						<control type="scrollbar" id="168">
							<right>34</right>
							<top>91</top>
							<height>536</height>
							<texturesliderbackground>-</texturesliderbackground>
							<onleft>161</onleft>
							<visible>Container(9000).HasFocus(8)</visible>
						</control>
					</control>
					<control type="group" id="179">
						<control type="label" id="170">
							<!-- Hide this Control off the screen because we use the list above to pass to it instead -->
							<left>2000</left>
							<top>2000</top>
						</control>
						<control type="panel" id="171">
							<visible>Container(9000).HasFocus(9)</visible>
							<include>BackgroundVisibleAnim</include>
							<left>318</left>
							<top>90</top>
							<width>913</width>
							<height>538</height>
							<onleft>9000</onleft>
							<onright>178</onright>
							<onup>171</onup>
							<ondown>171</ondown>
							<viewtype label="535">list</viewtype>
							<preloaditems>2</preloaditems>
							<pagecontrol>178</pagecontrol>
							<itemlayout width="453" height="134">
								<control type="group">
									<top>-4</top>
									<control type="image">
										<width>464</width>
										<height>145</height>
										<bordersize>6</bordersize>
										<texture background="true" border="4">covers/cover-case2.png</texture>
										<animation effect="fade" end="65" condition="true">Conditional</animation>
									</control>
									<control type="image">
										<left>9</left>
										<top>9</top>
										<width>126</width>
										<height>126</height>
										<align>left</align>
										<aspectratio align="center" aligny="center">scale</aspectratio>
										<texture background="true">$INFO[ListItem.Icon]</texture>
									</control>
									<control type="label">
										<left>142</left>
										<top>13</top>
										<width>310</width>
										<label>[UPPERCASE]$INFO[ListItem.Property(Artist),,: ][/UPPERCASE]$INFO[ListItem.Label]</label>
										<font>ListFont</font>
										<textcolor>WhiteColor</textcolor>
										<shadowcolor>ShadowColor</shadowcolor>
									</control>
									<control type="textbox">
										<left>142</left>
										<top>41</top>
										<width>306</width>
										<height>36</height>
										<label fallback="31204">$INFO[ListItem.Property(Album_Description)]</label>
										<font>ListFont3</font>
										<textcolor>MediaInfoItemColor</textcolor>
										<autoscroll time="2000" delay="4000" repeat="10000">true</autoscroll>
									</control>
									<control type="label">
										<left>142</left>
										<top>87</top>
										<width>310</width>
										<label>$INFO[ListItem.Property(Genre)]</label>
										<font>ListFont5</font>
										<textcolor>MediaInfoItemColor2</textcolor>
									</control>
									<control type="label">
										<top>110</top>
										<left>142</left>
										<width>310</width>
										<label>$INFO[ListItem.Property(Year)]</label>
										<font>ListFont5</font>
										<textcolor>MediaInfoItemColor2</textcolor>
									</control>
									<control type="image">
										<description>Star Rating</description>
										<right>5</right>
										<top>112</top>
										<width>100</width>
										<height>16</height>		
										<texture background="true">$INFO[ListItem.Property(StarRating)]</texture>
										<aspectratio align="right">keep</aspectratio>
										<include>StarRatingFadeAnim</include>
									</control>
								</control>
							</itemlayout>
							<focusedlayout width="453" height="134">
								<control type="group">
									<top>-4</top>
									<control type="image">
										<width>464</width>
										<height>145</height>
										<texture border="7">covers/cover-case-focus.png</texture>
									</control>
									<control type="image">
										<left>5</left>
										<top>5</top>
										<width>454</width>
										<height>135</height>
										<bordersize>4</bordersize>
										<texture background="true">dim.png</texture>
										<animation effect="fade" end="70" condition="true">Conditional</animation>
									</control>
									<control type="image">
										<left>9</left>
										<top>9</top>
										<width>126</width>
										<height>126</height>
										<align>left</align>
										<aspectratio align="center" aligny="center">scale</aspectratio>
										<texture background="true">$INFO[ListItem.Icon]</texture>
										<include condition="![Skin.String(LowCPUPowerMode,Animations) | Skin.String(LowCPUPowerMode,Full)]">ListViewCoverFocusAnim</include>
									</control>
									<control type="label">
										<left>142</left>
										<top>13</top>
										<width>310</width>
										<label>[UPPERCASE]$INFO[ListItem.Property(Artist),,: ][/UPPERCASE]$INFO[ListItem.Label]</label>
										<font>ListFont</font>
										<textcolor>WhiteColor</textcolor>
										<shadowcolor>ShadowColor</shadowcolor>
										<scroll>true</scroll>
									</control>
									<control type="textbox">
										<left>142</left>
										<top>41</top>
										<width>306</width>
										<height>36</height>
										<label fallback="31204">$INFO[ListItem.Property(Album_Description)]</label>
										<font>ListFont3</font>
										<textcolor>MediaInfoItemColor</textcolor>
										<autoscroll time="2000" delay="4000" repeat="10000">true</autoscroll>
									</control>
									<control type="label">
										<left>142</left>
										<top>87</top>
										<width>310</width>
										<label>$INFO[ListItem.Property(Genre)]</label>
										<font>ListFont5</font>
										<textcolor>MediaInfoItemColor2</textcolor>
										<scroll>true</scroll>
									</control>
									<control type="label">
										<top>110</top>
										<left>142</left>
										<width>310</width>
										<label>$INFO[ListItem.Property(Year)]</label>
										<font>ListFont5</font>
										<textcolor>MediaInfoItemColor2</textcolor>
									</control>
									<control type="image">
										<description>Star Rating</description>
										<right>5</right>
										<top>112</top>
										<width>100</width>
										<height>16</height>		
										<texture background="true">$INFO[ListItem.Property(StarRating)]</texture>
										<aspectratio align="right">keep</aspectratio>
										<include>StarRatingFadeAnim</include>
									</control>
								</control>
							</focusedlayout>
						</control>
						<control type="scrollbar" id="178">
							<right>34</right>
							<top>91</top>
							<height>536</height>
							<texturesliderbackground>-</texturesliderbackground>
							<onleft>171</onleft>
							<visible>Container(9000).HasFocus(9)</visible>
						</control>
					</control>
					<control type="group" id="189">
						<control type="label" id="180">
							<!-- Hide this Control off the screen because we use the list above to pass to it instead -->
							<left>2000</left>
							<top>2000</top>
						</control>
						<control type="panel" id="181">
							<visible>Container(9000).HasFocus(10)</visible>
							<include>BackgroundVisibleAnim</include>
							<left>318</left>
							<top>90</top>
							<width>913</width>
							<height>538</height>
							<onleft>9000</onleft>
							<onright>188</onright>
							<onup>181</onup>
							<ondown>181</ondown>
							<viewtype label="535">list</viewtype>
							<preloaditems>2</preloaditems>
							<pagecontrol>188</pagecontrol>
							<itemlayout width="453" height="134">
								<control type="group">
									<top>-4</top>
									<control type="image">
										<width>464</width>
										<height>145</height>
										<bordersize>6</bordersize>
										<texture background="true" border="4">covers/cover-case2.png</texture>
										<animation effect="fade" end="65" condition="true">Conditional</animation>
									</control>
									<control type="image">
										<left>9</left>
										<top>9</top>
										<width>126</width>
										<height>126</height>
										<align>left</align>
										<aspectratio align="center" aligny="center">scale</aspectratio>
										<texture background="true">$INFO[ListItem.Icon]</texture>
									</control>
									<control type="label">
										<left>142</left>
										<top>13</top>
										<width>310</width>
										<label>[UPPERCASE]$INFO[ListItem.Property(Artist)][/UPPERCASE]</label>
										<font>ListFont</font>
										<textcolor>WhiteColor</textcolor>
										<shadowcolor>ShadowColor</shadowcolor>
									</control>
									<control type="label">
										<left>142</left>
										<top>37</top>
										<width>310</width>
										<label>$INFO[ListItem.Label,$LOCALIZE[179]: [COLOR=MediaInfoItemColor2],[/COLOR]]</label>
										<font>ListFont5</font>
										<textcolor>MediaInfoItemColor</textcolor>
										<shadowcolor>ShadowColor</shadowcolor>
										<visible>!IsEmpty(ListItem.Label)</visible>
									</control>
									<control type="label">
										<left>142</left>
										<top>59</top>
										<width>310</width>
										<label>$INFO[ListItem.Property(Album),$LOCALIZE[558]: [COLOR=MediaInfoItemColor2],[/COLOR]]</label>
										<font>ListFont5</font>
										<textcolor>MediaInfoItemColor</textcolor>
										<shadowcolor>ShadowColor</shadowcolor>
										<visible>!IsEmpty(ListItem.Property(Album))</visible>
									</control>
									<control type="label">
										<top>87</top>
										<left>142</left>
										<width>310</width>
										<label>$INFO[ListItem.Property(Genre)]</label>
										<font>ListFont5</font>
										<textcolor>MediaInfoItemColor2</textcolor>
									</control>
									<control type="label">
										<top>110</top>
										<left>142</left>
										<width>310</width>
										<label>$INFO[ListItem.Property(Year)]$INFO[ListItem.Property(Duration),   &#x2022;   , $LOCALIZE[31003]]</label>
										<font>ListFont5</font>
										<textcolor>MediaInfoItemColor2</textcolor>
									</control>
									<control type="image">
										<description>Star Rating</description>
										<right>5</right>
										<top>112</top>
										<width>100</width>
										<height>16</height>		
										<texture background="true">$INFO[ListItem.Property(StarRating)]</texture>
										<aspectratio align="right">keep</aspectratio>
										<include>StarRatingFadeAnim</include>
									</control>
								</control>
							</itemlayout>
							<focusedlayout width="453" height="134">
								<control type="group">
									<top>-4</top>
									<control type="image">
										<width>464</width>
										<height>145</height>
										<texture border="7">covers/cover-case-focus.png</texture>
									</control>
									<control type="image">
										<left>5</left>
										<top>5</top>
										<width>454</width>
										<height>135</height>
										<bordersize>4</bordersize>
										<texture background="true">dim.png</texture>
										<animation effect="fade" end="70" condition="true">Conditional</animation>
									</control>
									<control type="image">
										<left>9</left>
										<top>9</top>
										<width>126</width>
										<height>126</height>
										<align>left</align>
										<aspectratio align="center" aligny="center">scale</aspectratio>
										<texture background="true">$INFO[ListItem.Icon]</texture>
										<include condition="![Skin.String(LowCPUPowerMode,Animations) | Skin.String(LowCPUPowerMode,Full)]">ListViewCoverFocusAnim</include>
									</control>
									<control type="label">
										<left>142</left>
										<top>13</top>
										<width>310</width>
										<label>[UPPERCASE]$INFO[ListItem.Property(Artist)][/UPPERCASE]</label>
										<font>ListFont</font>
										<textcolor>WhiteColor</textcolor>
										<shadowcolor>ShadowColor</shadowcolor>
										<scroll>true</scroll>
									</control>
									<control type="label">
										<left>142</left>
										<top>37</top>
										<width>310</width>
										<label>$INFO[ListItem.Label,$LOCALIZE[179]: [COLOR=MediaInfoItemColor2],[/COLOR]]</label>
										<font>ListFont5</font>
										<textcolor>MediaInfoItemColor</textcolor>
										<shadowcolor>ShadowColor</shadowcolor>
										<visible>!IsEmpty(ListItem.Label)</visible>
									</control>
									<control type="label">
										<left>142</left>
										<top>59</top>
										<width>310</width>
										<label>$INFO[ListItem.Property(Album),$LOCALIZE[558]: [COLOR=MediaInfoItemColor2],[/COLOR]]</label>
										<font>ListFont5</font>
										<textcolor>MediaInfoItemColor</textcolor>
										<shadowcolor>ShadowColor</shadowcolor>
										<visible>!IsEmpty(ListItem.Property(Album))</visible>
									</control>
									<control type="label">
										<top>87</top>
										<left>142</left>
										<width>310</width>
										<label>$INFO[ListItem.Property(Genre)]</label>
										<font>ListFont5</font>
										<textcolor>MediaInfoItemColor2</textcolor>
										<scroll>true</scroll>
									</control>
									<control type="label">
										<top>110</top>
										<left>142</left>
										<width>310</width>
										<label>$INFO[ListItem.Property(Year)]$INFO[ListItem.Property(Duration),   &#x2022;   , $LOCALIZE[31003]]</label>
										<font>ListFont5</font>
										<textcolor>MediaInfoItemColor2</textcolor>
									</control>
									<control type="image">
										<description>Star Rating</description>
										<right>5</right>
										<top>112</top>
										<width>100</width>
										<height>16</height>		
										<texture background="true">$INFO[ListItem.Property(StarRating)]</texture>
										<aspectratio align="right">keep</aspectratio>
										<include>StarRatingFadeAnim</include>
									</control>
								</control>
							</focusedlayout>
						</control>
						<control type="scrollbar" id="188">
							<right>34</right>
							<top>91</top>
							<height>536</height>
							<texturesliderbackground>-</texturesliderbackground>
							<onleft>181</onleft>
							<visible>Container(9000).HasFocus(10)</visible>
						</control>
					</control>		
				</control>
			</control>
			
			<control type="group">
				<description>Top Bar Area</description>
				<include>TopBarImage</include>
				<include>TopBarOpenCloseAnim</include>
				<include>BreadCrumbGlobalSearch</include>
				<include>SortLetterNotification</include>
				<include>Notifications</include>
			</control>
		</control>
		
		<control type="label" id="190">
			<visible>false</visible>
		</control>
		<control type="label" id="191">
			<visible>false</visible>
		</control>
		<control type="button" id="198">
			<left>1500</left>
		</control>
		
		<control type="group">
			<description>Bottom Bar Area</description>
			<top>BottomPaneOffsetY</top>	
			<!--<include>InfoPaneImage</include>-->
			<control type="label">
				<include>InfoPaneHeadLabel</include>
				<label>[B]$VAR[GlobalSearchNumItems] $LOCALIZE[31202][/B]</label>
				<visible>!Container(9000).HasFocus(11)</visible>
			</control>
			<control type="label">
				<include>InfoPaneHeadLabel2</include>
				<label>$INFO[Control.GetLabel(190)]$INFO[Control.GetLabel(191), ]</label>
			</control>
			<animation type="Visible" reversible="false">
				<effect type="fade" time="300"/>
				<effect type="slide" start="0,25" time="500" tween="cubic" easing="out"/>	
			</animation>		
			<animation type="Hidden" reversible="false">
				<effect type="fade" time="300"/>
				<effect type="slide" end="0,25" time="400" tween="cubic" easing="out"/>	
			</animation>
			<animation effect="fade" start="0" end="100" time="400">WindowOpen</animation>
			<animation effect="fade" start="100" end="0" time="400">WindowClose</animation>			
			<visible>!Window.IsActive(script-globalsearch-infodialog.xml)</visible>
		</control>
	</controls>
</window>
