<?xml version="1.0" encoding="UTF-8"?>
<includes>
	<!--//// START WIDE LIST VIEW /////////////////////////////////////////////////////////////////////-->
	<include name="EpisodesWideListView">
		<control type="group" id="500">	
	        <defaultcontrol always="true">74</defaultcontrol>
			<visible>Control.IsVisible(74)</visible>
			<include>MediaViewOpenCloseAnim</include>
			<include>WideListViewContentPanel</include>
			
			<control type="list" id="74">	
				<viewtype label="31114">Wide List</viewtype>
				<left>37</left>
				<top>90</top>
				<width>1188</width>
				<height>536</height>
				<pagecontrol>910</pagecontrol>
				<preloaditems>2</preloaditems>
				<scrolltime tween="sine" easing="inout">400</scrolltime>
				<onup>74</onup>
				<ondown>74</ondown>
				<onleft>850</onleft>
				<onright>150</onright>
				<visible>Container.Content(Episodes)</visible>
				<itemlayout height="134">
					<control type="image">
						<width>1188</width>
						<height>28</height>	
						<texture border="0,0,0,2">views/wide-list-header.png</texture>
						<aspectratio>stretch</aspectratio>
						<include>WideListHeaderFadeAnim</include>
					</control>
					<control type="image">
						<left>0</left>
						<top>4</top>
						<width>220</width>
						<height>128</height>
						<bordersize>10</bordersize>
						<texture background="true">$INFO[ListItem.ActualIcon]</texture>
						<aspectratio>keep</aspectratio>
						<visible>IsEmpty(ListItem.Title)</visible>
						<animation effect="fade" end="40" condition="true">Conditional</animation>
					</control>
					<control type="label">
						<description>Label</description>
						<left>229</left>
						<top>-1</top>
						<width>291</width>
						<height>30</height>
						<font>WideListFont</font>
						<textcolor>ListColor</textcolor>
						<shadowcolor>ShadowColor</shadowcolor>
						<label>$INFO[ListItem.Label]</label>
						<aligny>center</aligny>
						<visible>IsEmpty(ListItem.Title)</visible>
					</control>	
					<control type="group">
						<visible>!IsEmpty(ListItem.Title)</visible>
						<control type="image">
							<description>Cover Case</description>
							<left>0</left>
							<top>4</top>
							<width>220</width>
							<height>128</height>
							<texture border="7">covers/cover-case-nofocus.png</texture>
							<aspectratio>stretch</aspectratio>
						</control>
						<control type="image">
							<description>Cover</description>
							<left>0</left>
							<top>4</top>
							<width>220</width>
							<height>128</height>
							<bordersize>6</bordersize>
							<texture background="true">$INFO[ListItem.Thumb]</texture>
							<aspectratio>scale</aspectratio>
						</control>
						<control type="image">
							<description>Default Cover</description>
							<left>0</left>
							<top>4</top>
							<width>220</width>
							<height>128</height>
							<bordersize>10</bordersize>
							<texture background="true">$INFO[ListItem.ActualIcon]</texture>
							<aspectratio>keep</aspectratio>
							<visible>IsEmpty(ListItem.Thumb)</visible>
							<animation effect="fade" end="40" condition="true">Conditional</animation>
						</control>
						<control type="image">
							<description>Dim</description>
							<left>0</left>
							<top>4</top>
							<width>220</width>
							<height>128</height>
							<texture background="true">dim.png</texture>
							<aspectratio>stretch</aspectratio>
							<bordersize>5</bordersize>
							<visible>!IsEmpty(ListItem.Thumb)</visible>
							<include>CoverDimAnim</include>
						</control>								
						<control type="label">
							<description>Label</description>
							<left>229</left>
							<top>-1</top>
							<width>291</width>
							<height>30</height>
							<font>WideListFont</font>
							<textcolor>ListColor</textcolor>
							<shadowcolor>ShadowColor</shadowcolor>
							<label>$INFO[ListItem.Title]</label>
							<aligny>center</aligny>
						</control>
						<control type="image">
							<description>Star Rating</description>
							<left>229</left>
							<top>36</top>
							<width>100</width>
							<height>16</height>		
							<texture background="true">$VAR[StarRating]</texture>
							<aspectratio align="left">keep</aspectratio>
							<visible>!Skin.HasSetting(DoNotUseStarRatingEpisodes)</visible>
							<include>StarRatingFadeAnim</include>
						</control>
						<control type="label">
							<description>Rating</description>
							<left>229</left>
							<top>38</top>
							<width>291</width>
							<font>WideListFont3</font>
							<textcolor>ListColor3</textcolor>
							<shadowcolor>ShadowColor</shadowcolor>
							<label>$INFO[ListItem.Rating]</label>
							<visible>Skin.HasSetting(DoNotUseStarRatingEpisodes)</visible>
						</control>
						<control type="label">
							<description>First Aired</description>
							<left>229</left>
							<top>78</top>
							<width>291</width>
							<font>WideListFont3</font>
							<textcolor>ListColor2</textcolor>
							<shadowcolor>ShadowColor</shadowcolor>
							<label>$INFO[ListItem.Premiered]</label>			
						</control>
						<control type="label">
							<description>Runtime</description>
							<left>229</left>
							<top>103</top>
							<width>291</width>
							<font>WideListFont3</font>
							<textcolor>ListColor2</textcolor>
							<shadowcolor>ShadowColor</shadowcolor>
							<label>$VAR[MovieDuration] $LOCALIZE[12391]</label>			
						</control>
						<control type="label">
							<description>Season / Episode</description>
							<left>535</left>
							<top>-1</top>
							<width>608</width>
							<height>30</height>
							<font>WideListFont2</font>
							<textcolor>ListColor</textcolor>
							<shadowcolor>ShadowColor</shadowcolor>
							<label>[UPPERCASE]$LOCALIZE[20373] $INFO[ListItem.Season] - $LOCALIZE[20359] $INFO[ListItem.Episode][/UPPERCASE]</label>
							<aligny>center</aligny>
						</control>
						<control type="textbox">
							<description>Plot</description>
							<left>535</left>
							<top>37</top>
							<width>648</width>
							<height>91</height>
							<font>MediaInfoDescFont</font>
							<textcolor>ListColor2</textcolor>
							<shadowcolor>ShadowColor</shadowcolor>
							<label fallback="31203">$INFO[ListItem.Plot]</label>
							<align>justify</align>
							<wrapmultiline>true</wrapmultiline>
						</control>
						<control type="group">
							<visible>!Skin.HasSetting(HideEpisodesWideListOverlay)</visible>
							<control type="image">
								<description>Quality</description>
								<left>1160</left>
								<top>3</top>
								<width>22</width>
								<height>22</height>
								<texture background="true">$VAR[VideoQualityOverlayUnwatched]</texture>
								<aspectratio>stretch</aspectratio>
								<visible>!StringCompare(ListItem.Overlay,OverlayWatched.png)</visible>
								<include>ListViewOverlayFadeAnim</include>
							</control>
							<control type="image">
								<description>Quality</description>
								<left>1160</left>
								<top>3</top>
								<width>22</width>
								<height>22</height>
								<texture background="true">$VAR[VideoQualityOverlayWatched]</texture>
								<aspectratio>stretch</aspectratio>
								<visible>StringCompare(ListItem.Overlay,OverlayWatched.png)</visible>
								<include>ListViewOverlayFadeAnim</include>
							</control>
							<control type="image">
								<description>Watched Partial</description>
								<left>1160</left>
								<top>3</top>
								<width>22</width>
								<height>22</height>
								<texture background="true">$VAR[WatchedPartial]</texture>
								<aspectratio>stretch</aspectratio>
								<visible>ListItem.IsResumable</visible>
								<include>ListViewPartialWatchedOverlayFadeAnim</include>
								<include>ListViewWatchedOverlayFadeAnim</include>
							</control>
						</control>
					</control>
				</itemlayout>		
				<focusedlayout height="134">
					<control type="image">
						<width>1188</width>
						<height>28</height>	
						<texture border="0,0,0,2">views/wide-list-header.png</texture>
						<aspectratio>stretch</aspectratio>
						<include>WideListHeaderFadeAnim</include>
					</control>
					<control type="image">
						<top>28</top>
						<width>1188</width>
						<height>109</height>
						<texture border="0,2,0,2">views/wide-list-focus.png</texture>
						<aspectratio>stretch</aspectratio>
						<visible>Control.HasFocus(74)</visible>
						<include>ListViewSelectFadeAnim</include>
						<include>WideListViewFocusAnim</include>
					</control>
					<control type="image">
						<top>28</top>
						<width>1188</width>
						<height>109</height>
						<texture border="0,2,0,2">views/wide-list-alt-focus.png</texture>
						<aspectratio>stretch</aspectratio>
						<visible>!Control.HasFocus(74)</visible>
						<include>ListViewSelectFadeAnim2</include>
					</control>
					<control type="image">
						<left>0</left>
						<top>4</top>
						<width>220</width>
						<height>128</height>
						<bordersize>10</bordersize>
						<texture background="true">$INFO[ListItem.ActualIcon]</texture>
						<aspectratio>keep</aspectratio>
						<visible>IsEmpty(ListItem.Title)</visible>
						<include condition="![Skin.String(LowCPUPowerMode,Animations) | Skin.String(LowCPUPowerMode,Full)]">WideListViewCoverFocusAnim</include>
					</control>
					<control type="label">
						<description>Label</description>
						<left>229</left>
						<top>-1</top>
						<width>291</width>
						<height>30</height>
						<font>WideListFont</font>
						<textcolor>SelectedColor2</textcolor>
						<shadowcolor>ShadowColor</shadowcolor>
						<label>$INFO[ListItem.Label]</label>
						<aligny>center</aligny>
						<scroll>true</scroll>
						<visible>IsEmpty(ListItem.Title)</visible>
					</control>
					<control type="group">
						<visible>!IsEmpty(ListItem.Title)</visible>
						<control type="image">
							<description>Cover Case</description>
							<left>0</left>
							<top>4</top>
							<width>220</width>
							<height>128</height>
							<texture border="7">covers/cover-case-nofocus.png</texture>
							<aspectratio>stretch</aspectratio>
							<include condition="![Skin.String(LowCPUPowerMode,Animations) | Skin.String(LowCPUPowerMode,Full)]">WideListViewCoverFocusAnim</include>
						</control>
						<control type="image">
							<description>Cover</description>
							<left>0</left>
							<top>4</top>
							<width>220</width>
							<height>128</height>
							<bordersize>6</bordersize>
							<texture background="true">$INFO[ListItem.Thumb]</texture>
							<aspectratio>scale</aspectratio>
							<include condition="![Skin.String(LowCPUPowerMode,Animations) | Skin.String(LowCPUPowerMode,Full)]">WideListViewCoverFocusAnim</include>
						</control>
						<control type="image">
							<description>Default Cover</description>
							<left>0</left>
							<top>4</top>
							<width>220</width>
							<height>128</height>
							<bordersize>10</bordersize>
							<texture background="true">$INFO[ListItem.ActualIcon]</texture>
							<aspectratio>keep</aspectratio>
							<visible>IsEmpty(ListItem.Thumb)</visible>
							<include condition="![Skin.String(LowCPUPowerMode,Animations) | Skin.String(LowCPUPowerMode,Full)]">WideListViewCoverFocusAnim</include>
						</control>
						<control type="label">
							<description>Label</description>
							<left>229</left>
							<top>-1</top>
							<width>291</width>
							<height>30</height>
							<font>WideListFont</font>
							<textcolor>SelectedColor2</textcolor>
							<shadowcolor>ShadowColor</shadowcolor>
							<label>$INFO[ListItem.Title]</label>
							<aligny>center</aligny>
							<scroll>true</scroll>
						</control>
						<control type="image">
							<description>Star Rating</description>
							<left>229</left>
							<top>36</top>
							<width>100</width>
							<height>16</height>		
							<texture background="true">$VAR[StarRating]</texture>
							<aspectratio align="left">keep</aspectratio>
							<visible>!Skin.HasSetting(DoNotUseStarRatingEpisodes)</visible>
							<include>StarRatingFadeAnim</include>
						</control>
						<control type="label">
							<description>Rating</description>
							<left>229</left>
							<top>38</top>
							<width>291</width>
							<font>WideListFont3</font>
							<textcolor>ListColor3</textcolor>
							<shadowcolor>ShadowColor</shadowcolor>
							<label>$INFO[ListItem.Rating]</label>
							<visible>Skin.HasSetting(DoNotUseStarRatingEpisodes)</visible>
						</control>
						<control type="label">
							<description>First Aired</description>
							<left>229</left>
							<top>78</top>
							<width>291</width>
							<font>WideListFont3</font>
							<textcolor>ListColor2</textcolor>
							<shadowcolor>ShadowColor</shadowcolor>
							<label>$INFO[ListItem.Premiered]</label>			
						</control>
						<control type="label">
							<description>Runtime</description>
							<left>229</left>
							<top>103</top>
							<width>291</width>
							<font>WideListFont3</font>
							<textcolor>ListColor2</textcolor>
							<shadowcolor>ShadowColor</shadowcolor>
							<label>$VAR[MovieDuration] $LOCALIZE[12391]</label>			
						</control>
						<control type="label">
							<description>Season / Episode</description>
							<left>535</left>
							<top>-1</top>
							<width>608</width>
							<height>30</height>
							<font>WideListFont2</font>
							<textcolor>SelectedColor2</textcolor>
							<shadowcolor>ShadowColor</shadowcolor>
							<label>[UPPERCASE]$LOCALIZE[20373] $INFO[ListItem.Season] - $LOCALIZE[20359] $INFO[ListItem.Episode][/UPPERCASE]</label>
							<aligny>center</aligny>
						</control>
						<control type="textbox">
							<description>Plot</description>
							<left>535</left>
							<top>37</top>
							<width>648</width>
							<height>91</height>
							<font>MediaInfoDescFont</font>
							<textcolor>MediaInfoColor</textcolor>
							<shadowcolor>ShadowColor</shadowcolor>
							<label fallback="31203">$INFO[ListItem.Plot]</label>
							<align>justify</align>
							<wrapmultiline>true</wrapmultiline>
							<autoscroll time="2000" delay="6000" repeat="10000">!Skin.HasSetting(DoNotAutoScrollPlot)</autoscroll>
						</control>	
						<control type="group">
							<visible>!Skin.HasSetting(HideEpisodesWideListOverlay)</visible>
							<control type="image">
								<description>Quality</description>
								<left>1160</left>
								<top>3</top>
								<width>22</width>
								<height>22</height>
								<texture background="true">$VAR[VideoQualityOverlayUnwatched]</texture>
								<aspectratio>stretch</aspectratio>
								<visible>!StringCompare(ListItem.Overlay,OverlayWatched.png)</visible>
							</control>
							<control type="image">
								<description>Quality</description>
								<left>1160</left>
								<top>3</top>
								<width>22</width>
								<height>22</height>
								<texture background="true">$VAR[VideoQualityOverlayWatched]</texture>
								<aspectratio>stretch</aspectratio>
								<visible>StringCompare(ListItem.Overlay,OverlayWatched.png)</visible>
							</control>
							<control type="image">
								<description>Watched Partial</description>
								<left>1160</left>
								<top>3</top>
								<width>22</width>
								<height>22</height>
								<texture background="true">$VAR[WatchedPartial]</texture>
								<aspectratio>stretch</aspectratio>
								<visible>ListItem.IsResumable</visible>
								<include>ListViewPartialWatchedOverlayFadeAnim</include>
								<include>ListViewWatchedOverlayFadeAnim</include>
							</control>
						</control>
					</control>
				</focusedlayout>		
			</control>
			
			<include>WideListViewScrollbar</include>
			
			<control type="group">
				<description>Bottom Bar Area</description>
				<top>BottomPaneOffsetY</top>	
				<!--<include>InfoPaneImage</include>-->
				<include>InfoPaneMediaDetails</include>
				<include condition="!Skin.HasSetting(DisableTVShowsLogo)">InfoPaneClearLogo</include>
				<include>BottomPaneOpenCloseAnim</include>
			</control>
			
			<include>ViewsDialogPopUpScreenDim</include>
		</control>
	</include>
	<!--//// END WIDE LIST VIEW ///////////////////////////////////////////////////////////////////////-->

	<!--//// START LIST INFO VIEW /////////////////////////////////////////////////////////////////////-->
	<include name="EpisodesListInfoView">
		<control type="group" id="500">			    
			<defaultcontrol always="true">73</defaultcontrol>
			<visible>Control.IsVisible(73)</visible>
			<include>MediaViewOpenCloseAnim</include>
			<include>ListInfoViewContentPanel</include>
			
			<control type="group">
				<visible>!IsEmpty(ListItem.Title)</visible>
				
				<control type="image">
					<description>Cover Case</description>
					<left>39</left>
					<top>372</top>
					<width>334</width>
					<height>215</height>
					<texture border="4">covers/cover-case2.png</texture>
					<aspectratio>stretch</aspectratio>
					<fadetime>IconCrossfadeTime</fadetime>
					<animation effect="fade" end="60" condition="true">Conditional</animation>
				</control>	
				
				<control type="image">
					<description>Default Cover</description>
					<left>39</left>
					<top>372</top>
					<width>334</width>
					<height>215</height>
					<texture background="true">$INFO[ListItem.ActualIcon]</texture>
					<bordersize>40</bordersize>	
					<aspectratio>keep</aspectratio>
					<fadetime>IconCrossfadeTime</fadetime>
					<visible>IsEmpty(ListItem.Thumb)</visible>
					<animation effect="fade" end="60" condition="true">Conditional</animation>
				</control>		
				
				<control type="image">
					<description>Cover</description>
					<left>39</left>
					<top>372</top>
					<width>334</width>
					<height>215</height>
					<texture background="true">$INFO[ListItem.Thumb]</texture>
					<bordersize>4</bordersize>	
					<aspectratio>keep</aspectratio>
					<fadetime>IconCrossfadeTime</fadetime>
				</control>				
			
				<control type="label">
					<description>TV Show</description>
					<left>44</left>
					<top>341</top>
					<width>660</width>
					<font>MediaInfoFont2</font>
					<textcolor>MediaInfoItemColor2</textcolor>
					<shadowcolor>ShadowColor</shadowcolor>
					<align>center</align>
					<label>[UPPERCASE]$INFO[ListItem.TVShowTitle][/UPPERCASE]</label>
					<scroll>true</scroll>
				</control>
				
				<control type="textbox">
					<description>Plot</description>
					<left>384</left>
					<top>376</top>
					<width>319</width>
					<height>208</height>
					<font>MediaInfoDescFont</font>
					<textcolor>MediaInfoColor</textcolor>
					<shadowcolor>ShadowColor</shadowcolor>
					<align>justify</align>
					<label fallback="31203">$INFO[ListItem.Plot]</label>
					<wrapmultiline>true</wrapmultiline>
					<autoscroll time="2000" delay="6000" repeat="10000">!Skin.HasSetting(DoNotAutoScrollPlot)</autoscroll>
					<visible>!Container.OnNext + !Container.OnPrevious</visible> 
					<include>ControlsOpenCloseAnim</include>
				</control>
				
				<control type="grouplist">
					<description>Media Info</description>
					<left>44</left>
					<top>585</top>
					<width>660</width>
					<align>center</align>
					<orientation>horizontal</orientation>
					<usecontrolcoords>true</usecontrolcoords>
					<control type="label">
						<description>Season</description>
						<width min="0" max="110">auto</width>
						<include>ListInfoViewCatLabel</include>
						<label>$LOCALIZE[20373]:</label>
					</control>
					<control type="label">
						<description>Season Value</description>
						<width min="0" max="110">auto</width>
						<include>ListInfoViewCatValueLabel</include>
						<label fallback="31001">$INFO[ListItem.Season]</label>
					</control>
					<include>ListInfoViewDot</include>
					<control type="label">
						<description>Episode</description>
						<width min="0" max="110">auto</width>
						<include>ListInfoViewCatLabel</include>
						<label>$LOCALIZE[20359]:</label>
					</control>
					<control type="label">
						<description>Episode Value</description>
						<width min="0" max="110">auto</width>
						<include>ListInfoViewCatValueLabel</include>
						<label fallback="31001">$INFO[ListItem.Episode]</label>
					</control>
					<include>ListInfoViewDot</include>
					<control type="label">
						<description>First Aired</description>
						<width min="0" max="150">auto</width>
						<include>ListInfoViewCatLabel</include>
						<label>$LOCALIZE[20416]:</label>
					</control>
					<control type="label">
						<description>First Aired Value</description>
						<width min="0" max="150">auto</width>
						<include>ListInfoViewCatValueLabel</include>
						<label fallback="31001">$INFO[ListItem.Premiered]</label>
					</control>
					<include>ListInfoViewDot</include>
					<control type="label">
						<description>Runtime</description>
						<width min="0" max="110">auto</width>
						<include>ListInfoViewCatLabel</include>
						<label>$LOCALIZE[2050]:</label>
					</control>
					<control type="label">
						<description>Runtime Value</description>
						<width min="0" max="110">auto</width>
						<include>ListInfoViewCatValueLabel</include>
						<label fallback="31001">$VAR[MovieDuration]</label>
					</control>
				</control>
			</control>

			<control type="list" id="73">	
				<viewtype label="31111">List Info</viewtype>
				<left>720</left>
				<top>332</top>
				<width>505</width>
				<height>296</height>
				<pagecontrol>905</pagecontrol>
				<preloaditems>2</preloaditems>
				<scrolltime tween="sine" easing="inout">250</scrolltime>
				<onup>73</onup>
				<ondown>73</ondown>
				<onleft>850</onleft>
				<onright>150</onright>	
				<visible>Container.Content(Episodes)</visible>
				<itemlayout height="37">
					<control type="image">
						<left>0</left>
						<width>505</width>
						<height>37</height>	
						<texture border="0,0,10,2">views/list-separator.png</texture>
						<aspectratio>stretch</aspectratio>
					</control>
					<control type="image">
						<description>Icon</description>
						<left>5</left>
						<top>6</top>
						<width>24</width>
						<height>24</height>
						<texture background="true">$INFO[ListItem.ActualIcon].png</texture>
						<aspectratio>stretch</aspectratio>
						<visible>IsEmpty(ListItem.Title)</visible>
						<include>ListViewOverlayFadeAnim</include>
					</control>
					<control type="label">
						<description>Label</description>
						<left>35</left>
						<width>365</width>
						<height>37</height>
						<font>ListFont</font>
						<textcolor>ListColor</textcolor>
						<shadowcolor>ShadowColor</shadowcolor>
						<aligny>center</aligny>				
						<info>ListItem.Label</info>
					</control>
					<control type="label">
						<description>Label2</description>
						<left>295</left>
						<width>200</width>
						<height>37</height>
						<font>ListFont2</font>
						<textcolor>ListColor3</textcolor>
						<shadowcolor>ShadowColor</shadowcolor>
						<align>right</align>
						<aligny>center</aligny>				
						<info>ListItem.Label2</info>
						<visible>Skin.HasSetting(DoNotUseStarRatingEpisodes)</visible>
					</control>
					<control type="group">
						<visible>!IsEmpty(ListItem.Title)</visible>
						<control type="image">
							<description>Star Rating</description>
							<left>395</left>
							<top>10</top>
							<width>100</width>
							<height>16</height>		
							<texture background="true">$VAR[StarRating]</texture>
							<aspectratio align="right">keep</aspectratio>
							<visible>!Skin.HasSetting(DoNotUseStarRatingEpisodes)</visible>
							<include>StarRatingFadeAnim</include>
						</control>
						<control type="image">
							<description>Quality</description>
							<left>5</left>
							<top>6</top>
							<width>24</width>
							<height>24</height>
							<texture background="true">$VAR[VideoQualityOverlayUnwatched]</texture>
							<aspectratio>stretch</aspectratio>
							<visible>!StringCompare(ListItem.Overlay,OverlayWatched.png)</visible>
							<include>ListViewOverlayFadeAnim</include>
						</control>	
						<control type="image">
							<description>Quality</description>
							<left>5</left>
							<top>6</top>
							<width>24</width>
							<height>24</height>
							<texture background="true">$VAR[VideoQualityOverlayWatched]</texture>
							<aspectratio>stretch</aspectratio>
							<visible>StringCompare(ListItem.Overlay,OverlayWatched.png)</visible>
							<include>ListViewOverlayFadeAnim</include>
						</control>
						<control type="image">
							<description>Watched Partial</description>
							<left>5</left>
							<top>6</top>
							<width>24</width>
							<height>24</height>
							<texture background="true">$VAR[WatchedPartial]</texture>
							<aspectratio>stretch</aspectratio>
							<visible>ListItem.IsResumable</visible>
							<include>ListViewPartialWatchedOverlayFadeAnim</include>
							<include>ListViewWatchedOverlayFadeAnim</include>
						</control>
					</control>
				</itemlayout>		
				<focusedlayout height="37">	
					<control type="image">
						<left>0</left>
						<width>505</width>
						<height>37</height>	
						<texture border="0,0,10,2">views/list-separator.png</texture>
						<aspectratio>stretch</aspectratio>
					</control>
					<control type="image">
						<left>0</left>
						<width>505</width>
						<height>36</height>	
						<texture border="4">views/list-focus.png</texture>
						<aspectratio>stretch</aspectratio>
						<visible>Control.HasFocus(73)</visible>
						<include>ListViewSelectFadeAnim</include>
						<include condition="![Skin.String(LowCPUPowerMode,Animations) | Skin.String(LowCPUPowerMode,Full)]">ListViewScrollAnim</include>
					</control>
					<control type="image">
						<left>0</left>
						<width>505</width>
						<height>36</height>	
						<texture border="4">views/list-alt-focus.png</texture>
						<aspectratio>stretch</aspectratio>
						<visible>!Control.HasFocus(73)</visible>
						<include>ListViewSelectFadeAnim2</include>
					</control>
					<control type="group">
						<include>ListViewFocusAnim</include>
						<control type="image">
							<description>Icon</description>
							<left>5</left>
							<top>6</top>
							<width>24</width>
							<height>24</height>
							<texture background="true">$INFO[ListItem.ActualIcon].png</texture>
							<aspectratio>stretch</aspectratio>
							<visible>IsEmpty(ListItem.Title)</visible>
						</control>
						<control type="label">
							<description>Label</description>
							<left>35</left>
							<width>365</width>
							<height>37</height>
							<font>ListFont</font>
							<textcolor>SelectedColor</textcolor>
							<shadowcolor>ShadowColor</shadowcolor>
							<aligny>center</aligny>
							<info>ListItem.Label</info>
							<scroll>true</scroll>
						</control>
						<control type="label">
							<description>Label2</description>
							<left>295</left>
							<width>200</width>
							<height>37</height>
							<font>ListFont2</font>
							<textcolor>ListColor3</textcolor>
							<shadowcolor>ShadowColor</shadowcolor>
							<align>right</align>
							<aligny>center</aligny>				
							<info>ListItem.Label2</info>
							<visible>Skin.HasSetting(DoNotUseStarRatingEpisodes)</visible>
						</control> 
						<control type="group">
							<visible>!IsEmpty(ListItem.Title)</visible>
							<control type="image">
								<description>Star Rating</description>
								<left>395</left>
								<top>10</top>
								<width>100</width>
								<height>16</height>		
								<texture background="true">$VAR[StarRating]</texture>
								<aspectratio align="right">keep</aspectratio>
								<visible>!Skin.HasSetting(DoNotUseStarRatingEpisodes)</visible>
								<include>StarRatingFadeAnim</include>
							</control>
							<control type="image">
								<description>Quality</description>
								<left>5</left>
								<top>6</top>
								<width>24</width>
								<height>24</height>
								<texture background="true">$VAR[VideoQualityOverlayUnwatched]</texture>
								<aspectratio>stretch</aspectratio>
								<visible>!StringCompare(ListItem.Overlay,OverlayWatched.png)</visible>
							</control>	
							<control type="image">
								<description>Quality</description>
								<left>5</left>
								<top>6</top>
								<width>24</width>
								<height>24</height>
								<texture background="true">$VAR[VideoQualityOverlayWatched]</texture>
								<aspectratio>stretch</aspectratio>
								<visible>StringCompare(ListItem.Overlay,OverlayWatched.png)</visible>
							</control>
							<control type="image">
								<description>Watched Partial</description>
								<left>5</left>
								<top>6</top>
								<width>24</width>
								<height>24</height>
								<texture background="true">$VAR[WatchedPartial]</texture>
								<aspectratio>stretch</aspectratio>
								<visible>ListItem.IsResumable</visible>
								<include>ListViewPartialWatchedOverlayFadeAnim</include>
								<include>ListViewWatchedOverlayFadeAnim</include>
							</control>
						</control>
					</control>
				</focusedlayout>		
			</control>	
			
			<include>ListInfoViewScrollbar</include>
			
			<control type="group">
				<description>Bottom Bar Area</description>
				<top>BottomPaneOffsetY</top>	
				<!--<include>InfoPaneImage</include>-->
				<include>InfoPaneMediaDetails</include>
				<include condition="!Skin.HasSetting(DisableTVShowsLogo)">InfoPaneClearLogo</include>
				<include>BottomPaneOpenCloseAnim</include>
			</control>
			
			<include>ViewsDialogPopUpScreenDim</include>
		</control>	
	</include>
	<!--//// END LIST INFO VIEW ///////////////////////////////////////////////////////////////////////-->

	<!--//// START LIST INFO 2 VIEW ///////////////////////////////////////////////////////////////////-->
	<include name="EpisodesListInfoView2">	
		<control type="group" id="500">	
	        <defaultcontrol always="true">68</defaultcontrol>
			<visible>Control.IsVisible(68)</visible>
			<include>MediaViewOpenCloseAnim</include>
			<include>ViewContentPanel</include>
			<include>ListInfo2MediaInfoPanelCommon</include>
			
			<control type="group">
				<visible>!IsEmpty(ListItem.Title)</visible>
				<include condition="!Skin.HasSetting(EnableEpisodesListInfo2ExtraThumbs) + !Skin.HasSetting(ShowLandscape) + !Skin.HasSetting(ShowDefaultThumb)">ListInfo2PanelFanart</include>
				<include condition="Skin.HasSetting(EnableEpisodesListInfo2ExtraThumbs)">ListInfo2PanelExtraThumbs</include>
				<include condition="[Skin.HasSetting(ShowLandscape) | Skin.HasSetting(ShowDefaultThumb)] + !Skin.HasSetting(EnableEpisodesListInfo2ExtraThumbs)">ListInfo2PanelLandscape</include>
				
				<control type="group">
					<description>Media Info Area</description>
					<left>38</left>
					<top>430</top>
		
					<control type="grouplist">
						<description>Season</description>
						<left>10</left>
						<top>0</top>
						<orientation>horizontal</orientation>
						<control type="label">
							<width min="0" max="150">auto</width>
							<font>MediaInfoFont</font>
							<textcolor>MediaInfoItemColor</textcolor>
							<shadowcolor>ShadowColor</shadowcolor>
							<label>$LOCALIZE[20373]:</label>
						</control>
						<control type="label">
							<width min="0" max="150">auto</width>
							<font>MediaInfoFont</font>
							<textcolor>MediaInfoItemColor2</textcolor>
							<shadowcolor>ShadowColor</shadowcolor>
							<label fallback="31001">$INFO[ListItem.Season]</label>
						</control>
					</control>
					
					<control type="grouplist">
						<description>First Aired</description>
						<left>10</left>
						<top>22</top>
						<orientation>horizontal</orientation>
						<control type="label">
							<width min="0" max="150">auto</width>
							<font>MediaInfoFont</font>
							<textcolor>MediaInfoItemColor</textcolor>
							<shadowcolor>ShadowColor</shadowcolor>
							<label>$LOCALIZE[20416]:</label>
						</control>
						<control type="label">
							<width min="0" max="150">auto</width>
							<font>MediaInfoFont</font>
							<textcolor>MediaInfoItemColor2</textcolor>
							<shadowcolor>ShadowColor</shadowcolor>
							<label fallback="31001">$INFO[ListItem.Premiered]</label>
						</control>
					</control>
					
					<control type="grouplist">
						<description>Episode</description>
						<left>406</left>
						<top>0</top>
						<width>130</width>
						<orientation>horizontal</orientation>
						<align>right</align>
						<control type="label">
							<width min="0" max="150">auto</width>
							<font>MediaInfoFont</font>
							<textcolor>MediaInfoItemColor</textcolor>
							<shadowcolor>ShadowColor</shadowcolor>
							<label>$LOCALIZE[20359]:</label>
						</control>
						<control type="label">
							<width min="0" max="150">auto</width>
							<font>MediaInfoFont</font>
							<textcolor>MediaInfoItemColor2</textcolor>
							<shadowcolor>ShadowColor</shadowcolor>
							<label fallback="31001">$INFO[ListItem.Episode]</label>
						</control>
					</control>
					
					<control type="grouplist">
						<description>Runtime</description>
						<left>406</left>
						<top>22</top>
						<width>130</width>
						<orientation>horizontal</orientation>
						<align>right</align>
						<control type="label">
							<width min="0" max="150">auto</width>
							<font>MediaInfoFont</font>
							<textcolor>MediaInfoItemColor</textcolor>
							<shadowcolor>ShadowColor</shadowcolor>
							<label>$LOCALIZE[2050]:</label>
						</control>
						<control type="label">
							<width min="0" max="150">auto</width>
							<font>MediaInfoFont</font>
							<textcolor>MediaInfoItemColor2</textcolor>
							<shadowcolor>ShadowColor</shadowcolor>
							<label fallback="31001">$VAR[MovieDuration]</label>
						</control>
					</control>
				</control>
				
				<control type="textbox">
					<description>Plot</description>
					<left>48</left>
					<top>494</top>
					<width>526</width>
					<height>120</height>
					<font>MediaInfoDescFont</font>
					<textcolor>MediaInfoColor</textcolor>
					<shadowcolor>ShadowColor</shadowcolor>
					<align>justify</align>
					<label fallback="31203">$INFO[ListItem.Plot]</label>
					<wrapmultiline>true</wrapmultiline>
					<autoscroll time="2000" delay="6000" repeat="10000">!Skin.HasSetting(DoNotAutoScrollPlot)</autoscroll>
					<visible>!Container.OnNext + !Container.OnPrevious</visible>
					<include>ControlsOpenCloseAnim</include>
				</control>
			</control>
			
			<control type="list" id="68">	
				<viewtype label="31112">List Info 2</viewtype>
				<left>595</left>
				<top>110</top>
				<width>630</width>
				<height>518</height>
				<pagecontrol>906</pagecontrol>
				<preloaditems>2</preloaditems>
				<scrolltime tween="sine" easing="inout">300</scrolltime>
				<onup>68</onup>
				<ondown>68</ondown>
				<onleft>850</onleft>
				<onright>150</onright>
				<visible>Container.Content(Episodes)</visible>
				<include condition="Skin.String(EpisodesListInfo2Style,1) | Skin.String(EpisodesListInfo2Style,3)">EpisodesListInfo2ItemLayout</include>
				<include condition="Skin.String(EpisodesListInfo2Style,) | Skin.String(EpisodesListInfo2Style,2)">EpisodesListInfo2TallStyleItemLayout</include>
				<include condition="Skin.String(EpisodesListInfo2Style,1)">EpisodesListInfo2FocusedLayout</include>
				<include condition="Skin.String(EpisodesListInfo2Style,) | Skin.String(EpisodesListInfo2Style,2) | Skin.String(EpisodesListInfo2Style,3)">EpisodesListInfo2TallStyleFocusedLayout</include>
			</control>
			
			<include>ListInfo2ViewScrollbar</include>
			
			<control type="group">
				<description>Bottom Bar Area</description>
				<top>BottomPaneOffsetY</top>	
				<!--<include>InfoPaneImage</include>-->
				<include>InfoPaneMediaDetails</include>
				<include condition="!Skin.HasSetting(DisableTVShowsLogo)">InfoPaneClearLogo</include>
				<include>BottomPaneOpenCloseAnim</include>
			</control>	

			<include>ViewsDialogPopUpScreenDim</include>
		</control>		
	</include>
	
	<include name="EpisodesListInfo2ItemLayout">
		<itemlayout height="37">
			<control type="image">
				<left>0</left>
				<width>630</width>
				<height>37</height>	
				<texture border="0,0,10,2">views/list-separator.png</texture>
				<aspectratio>stretch</aspectratio>
			</control>
			<control type="image">
				<description>Icon</description>
				<left>5</left>
				<top>6</top>
				<width>24</width>
				<height>24</height>
				<texture background="true">$INFO[ListItem.ActualIcon].png</texture>
				<aspectratio>keep</aspectratio>
				<visible>IsEmpty(ListItem.Title)</visible>
				<include>ListViewOverlayFadeAnim</include>
			</control>					
			<control type="label">
				<description>Label</description>
				<left>35</left>
				<width>490</width>
				<height>37</height>
				<font>ListFont</font>
				<textcolor>ListColor</textcolor>
				<shadowcolor>ShadowColor</shadowcolor>
				<aligny>center</aligny>				
				<info>ListItem.Label</info>
				<visible>IsEmpty(ListItem.Title)</visible>
			</control>
			<control type="label">
				<description>Label2</description>
				<left>420</left>
				<width>200</width>
				<height>37</height>
				<font>ListFont2</font>
				<textcolor>ListColor3</textcolor>
				<shadowcolor>ShadowColor</shadowcolor>
				<align>right</align>
				<aligny>center</aligny>				
				<info>ListItem.Label2</info>
				<visible>Skin.HasSetting(DoNotUseStarRatingEpisodes)</visible>
			</control>
			<control type="group">
				<visible>!IsEmpty(ListItem.Title)</visible>
				<control type="label">
					<description>Label</description>
					<left>35</left>
					<width>490</width>
					<height>37</height>
					<font>ListFont</font>
					<textcolor>ListColor</textcolor>
					<shadowcolor>ShadowColor</shadowcolor>
					<aligny>center</aligny>				
					<info>ListItem.Title</info>
				</control>
				<control type="image">
					<description>Star Rating</description>
					<left>520</left>
					<top>10</top>
					<width>100</width>
					<height>16</height>		
					<texture background="true">$VAR[StarRating]</texture>
					<aspectratio align="right">keep</aspectratio>
					<visible>!Skin.HasSetting(DoNotUseStarRatingEpisodes)</visible>
					<include>StarRatingFadeAnim</include>
				</control>
				<control type="image">
					<description>Quality</description>
					<left>5</left>
					<top>6</top>
					<width>24</width>
					<height>24</height>
					<texture background="true">$VAR[VideoQualityOverlayUnwatched]</texture>
					<aspectratio>stretch</aspectratio>
					<visible>!StringCompare(ListItem.Overlay,OverlayWatched.png)</visible>
					<include>ListViewOverlayFadeAnim</include>
				</control>		
				<control type="image">
					<description>Quality</description>
					<left>5</left>
					<top>6</top>
					<width>24</width>
					<height>24</height>
					<texture background="true">$VAR[VideoQualityOverlayWatched]</texture>
					<aspectratio>stretch</aspectratio>
					<visible>StringCompare(ListItem.Overlay,OverlayWatched.png)</visible>
					<include>ListViewOverlayFadeAnim</include>
				</control>
				<control type="image">
					<description>Watched Partial</description>
					<left>5</left>
					<top>6</top>
					<width>24</width>
					<height>24</height>
					<texture background="true">$VAR[WatchedPartial]</texture>
					<aspectratio>stretch</aspectratio>
					<visible>ListItem.IsResumable</visible>
					<include>ListViewPartialWatchedOverlayFadeAnim</include>
					<include>ListViewWatchedOverlayFadeAnim</include>
				</control>
			</control>
		</itemlayout>	
	</include>
	
	<include name="EpisodesListInfo2FocusedLayout">
		<focusedlayout height="37">	
			<control type="image">
				<left>0</left>
				<width>630</width>
				<height>37</height>	
				<texture border="0,0,10,2">views/list-separator.png</texture>
				<aspectratio>stretch</aspectratio>
			</control>
			<control type="image">
				<left>0</left>
				<width>630</width>
				<height>36</height>	
				<texture border="4">views/list-focus.png</texture>
				<aspectratio>stretch</aspectratio>
				<visible>Control.HasFocus(68)</visible>
				<include>ListViewSelectFadeAnim</include>
				<include condition="![Skin.String(LowCPUPowerMode,Animations) | Skin.String(LowCPUPowerMode,Full)]">ListViewScrollAnim</include>
			</control>
			<control type="image">
				<left>0</left>
				<width>630</width>
				<height>36</height>	
				<texture border="4">views/list-alt-focus.png</texture>
				<aspectratio>stretch</aspectratio>
				<visible>!Control.HasFocus(68)</visible>
				<include>ListViewSelectFadeAnim2</include>
			</control>
			<control type="group">
				<include>ListViewFocusAnim</include>
				<control type="image">
					<description>Icon</description>
					<left>5</left>
					<top>6</top>
					<width>24</width>
					<height>24</height>
					<texture background="true">$INFO[ListItem.ActualIcon].png</texture>
					<aspectratio>keep</aspectratio>
					<visible>IsEmpty(ListItem.Title)</visible>
				</control>
				<control type="label">
					<description>Label</description>
					<left>35</left>
					<width>490</width>
					<height>37</height>
					<font>ListFont</font>
					<textcolor>SelectedColor</textcolor>
					<shadowcolor>ShadowColor</shadowcolor>
					<aligny>center</aligny>
					<info>ListItem.Label</info>
					<scroll>true</scroll>
					<visible>IsEmpty(ListItem.Title)</visible>
				</control>
				<control type="label">
					<description>Label2</description>
					<left>420</left>
					<width>200</width>
					<height>37</height>
					<font>ListFont2</font>
					<textcolor>ListColor3</textcolor>
					<shadowcolor>ShadowColor</shadowcolor>
					<align>right</align>
					<aligny>center</aligny>				
					<info>ListItem.Label2</info>
					<visible>Skin.HasSetting(DoNotUseStarRatingEpisodes)</visible>
				</control>
				<control type="group">
					<visible>!IsEmpty(ListItem.Title)</visible>
					<control type="label">
						<description>Label</description>
						<left>35</left>
						<width>490</width>
						<height>37</height>
						<font>ListFont</font>
						<textcolor>SelectedColor</textcolor>
						<shadowcolor>ShadowColor</shadowcolor>
						<aligny>center</aligny>
						<info>ListItem.Title</info>
						<scroll>true</scroll>
					</control>
					<control type="image">
						<description>Star Rating</description>
						<left>520</left>
						<top>10</top>
						<width>100</width>
						<height>16</height>		
						<texture background="true">$VAR[StarRating]</texture>
						<aspectratio align="right">keep</aspectratio>
						<visible>!Skin.HasSetting(DoNotUseStarRatingEpisodes)</visible>
						<include>StarRatingFadeAnim</include>
					</control>
					<control type="image">
						<description>Quality</description>
						<left>5</left>
						<top>6</top>
						<width>24</width>
						<height>24</height>
						<texture background="true">$VAR[VideoQualityOverlayUnwatched]</texture>
						<aspectratio>stretch</aspectratio>
						<visible>!StringCompare(ListItem.Overlay,OverlayWatched.png)</visible>
					</control>		
					<control type="image">
						<description>Quality</description>
						<left>5</left>
						<top>6</top>
						<width>24</width>
						<height>24</height>
						<texture background="true">$VAR[VideoQualityOverlayWatched]</texture>
						<aspectratio>stretch</aspectratio>
						<visible>StringCompare(ListItem.Overlay,OverlayWatched.png)</visible>
					</control>
					<control type="image">
						<description>Watched Partial</description>
						<left>5</left>
						<top>6</top>
						<width>24</width>
						<height>24</height>
						<texture background="true">$VAR[WatchedPartial]</texture>
						<aspectratio>stretch</aspectratio>
						<visible>ListItem.IsResumable</visible>
						<include>ListViewPartialWatchedOverlayFadeAnim</include>
						<include>ListViewWatchedOverlayFadeAnim</include>
					</control>
				</control>
			</control>
		</focusedlayout>					
	</include>
	
	<include name="EpisodesListInfo2TallStyleItemLayout">
		<itemlayout height="74">
			<control type="image">
				<left>0</left>
				<width>630</width>
				<height>74</height>	
				<texture border="0,0,10,2">views/list-separator.png</texture>
				<aspectratio>stretch</aspectratio>
			</control>
			<control type="image">
				<description>Cover</description>
				<left>0</left>
				<top>4</top>
				<width>97</width>
				<height>65</height>
				<bordertexture border="7">covers/cover-case-nofocus.png</bordertexture>
				<bordersize>5</bordersize>
				<texture background="true">$INFO[ListItem.Thumb]</texture>
				<aspectratio>scale</aspectratio>
			</control>
			<control type="image">
				<description>Dim</description>
				<left>0</left>
				<top>4</top>
				<width>97</width>
				<height>65</height>
				<bordersize>5</bordersize>
				<texture background="true">dim.png</texture>
				<aspectratio>stretch</aspectratio>
				<visible>!IsEmpty(ListItem.Thumb)</visible>
				<include>CoverDimAnim</include>
			</control>
			<control type="image">
				<description>Default Cover</description>
				<left>0</left>
				<top>4</top>
				<width>97</width>
				<height>65</height>
				<bordersize>5</bordersize>
				<texture background="true">$INFO[ListItem.ActualIcon]</texture>
				<aspectratio>keep</aspectratio>
				<visible>IsEmpty(ListItem.Thumb)</visible>
				<animation effect="fade" end="40" condition="true">Conditional</animation>
			</control>								
			<control type="label">
				<description>Label</description>
				<left>104</left>
				<top>12</top>
				<width>411</width>
				<font>ListFont</font>
				<textcolor>ListColor</textcolor>
				<shadowcolor>ShadowColor</shadowcolor>
				<label>$INFO[ListItem.Label]</label>
				<visible>IsEmpty(ListItem.Title)</visible>
			</control>
			<control type="label">
				<description>Label2</description>
				<left>104</left>
				<top>38</top>
				<width>411</width>
				<font>ListFont2</font>
				<textcolor>ListColor2</textcolor>
				<shadowcolor>ShadowColor</shadowcolor>	
				<label>$INFO[ListItem.Season,$LOCALIZE[20373] ,]$INFO[ListItem.Episode,  -  $LOCALIZE[20359] ,]</label>
			</control>
			<control type="group">
				<visible>!IsEmpty(ListItem.Title)</visible>
				<control type="label">
					<description>Label</description>
					<left>104</left>
					<top>12</top>
					<width>411</width>
					<font>ListFont</font>
					<textcolor>ListColor</textcolor>
					<shadowcolor>ShadowColor</shadowcolor>
					<label>$INFO[ListItem.Title]</label>
				</control>
				<control type="label">
					<description>Rating</description>
					<left>520</left>
					<top>12</top>
					<width>100</width>
					<font>ListFont</font>
					<textcolor>ListColor3</textcolor>
					<shadowcolor>ShadowColor</shadowcolor>
					<label>$INFO[ListItem.Rating]</label>
					<align>right</align>
					<visible>Skin.HasSetting(DoNotUseStarRatingEpisodes)</visible>
				</control>
				<control type="image">
					<description>Star Rating</description>
					<left>520</left>
					<top>16</top>
					<width>100</width>
					<height>16</height>		
					<texture background="true">$VAR[StarRating]</texture>
					<aspectratio align="right">keep</aspectratio>
					<visible>!Skin.HasSetting(DoNotUseStarRatingEpisodes)</visible>
					<include>StarRatingFadeAnim</include>
				</control>
				<control type="group">
					<visible>!Skin.HasSetting(HideEpisodesListInfo2Overlay)</visible>
					<control type="image">
						<description>Quality</description>
						<left>596</left>
						<top>39</top>
						<width>24</width>
						<height>24</height>
						<texture background="true">$VAR[VideoQualityOverlayUnwatched]</texture>
						<aspectratio>keep</aspectratio>
						<visible>!StringCompare(ListItem.Overlay,OverlayWatched.png)</visible>
						<include>ListViewOverlayFadeAnim</include>
					</control>	
					<control type="image">
						<description>Quality</description>
						<left>596</left>
						<top>39</top>
						<width>24</width>
						<height>24</height>
						<texture background="true">$VAR[VideoQualityOverlayWatched]</texture>
						<aspectratio>keep</aspectratio>
						<visible>StringCompare(ListItem.Overlay,OverlayWatched.png)</visible>
						<include>ListViewOverlayFadeAnim</include>
					</control>	
					<control type="image">
						<description>Watched Partial</description>
						<left>596</left>
						<top>39</top>
						<width>24</width>
						<height>24</height>
						<texture background="true">$VAR[WatchedPartial]</texture>
						<aspectratio>keep</aspectratio>
						<visible>ListItem.IsResumable</visible>
						<include>ListViewPartialWatchedOverlayFadeAnim</include>
						<include>ListViewWatchedOverlayFadeAnim</include>
					</control>	
				</control>
			</control>
		</itemlayout>		
	</include>
	
	<include name="EpisodesListInfo2TallStyleFocusedLayout">
		<focusedlayout height="74">	
			<control type="image">
				<left>0</left>
				<width>630</width>
				<height>74</height>	
				<texture border="0,0,10,2">views/list-separator.png</texture>
				<aspectratio>stretch</aspectratio>
			</control>
			<control type="image">
				<left>0</left>
				<width>630</width>
				<height>73</height>
				<texture border="4">views/list-focus.png</texture>
				<aspectratio>stretch</aspectratio>
				<visible>Control.HasFocus(68)</visible>
				<include>ListViewSelectFadeAnim</include>
				<include condition="![Skin.String(LowCPUPowerMode,Animations) | Skin.String(LowCPUPowerMode,Full)] + ![Skin.String(EpisodesListInfo2Style,) | Skin.String(EpisodesListInfo2Style,3)]">ListViewScrollAnim2</include>
				<include condition="![Skin.String(LowCPUPowerMode,Animations) | Skin.String(LowCPUPowerMode,Full)] + [Skin.String(EpisodesListInfo2Style,) | Skin.String(EpisodesListInfo2Style,3)]">ListViewScrollAnim</include>
			</control>
			<control type="image">
				<left>0</left>
				<width>630</width>
				<height>73</height>
				<texture border="4">views/list-alt-focus.png</texture>
				<aspectratio>stretch</aspectratio>
				<visible>!Control.HasFocus(68)</visible>
				<include>ListViewSelectFadeAnim2</include>
			</control>
			<control type="image">
				<description>Cover</description>
				<left>0</left>
				<top>4</top>
				<width>97</width>
				<height>65</height>
				<bordertexture border="7">covers/cover-case-nofocus.png</bordertexture>
				<bordersize>5</bordersize>
				<texture background="true">$INFO[ListItem.Thumb]</texture>
				<aspectratio>scale</aspectratio>
				<include condition="![Skin.String(LowCPUPowerMode,Animations) | Skin.String(LowCPUPowerMode,Full)]">ListViewCoverFocusAnim</include>
			</control>
			<control type="image">
				<description>Default Cover</description>
				<left>0</left>
				<top>4</top>
				<width>97</width>
				<height>65</height>
				<bordersize>5</bordersize>
				<texture background="true">$INFO[ListItem.ActualIcon]</texture>
				<aspectratio>keep</aspectratio>
				<visible>IsEmpty(ListItem.Thumb)</visible>
				<include condition="![Skin.String(LowCPUPowerMode,Animations) | Skin.String(LowCPUPowerMode,Full)]">ListViewCoverFocusAnim</include>
			</control>	
			<control type="group">
				<include>ListViewFocusAnim</include>
				<control type="label">
					<description>Label</description>
					<left>104</left>
					<top>12</top>
					<width>411</width>
					<font>ListFont</font>
					<textcolor>SelectedColor</textcolor>
					<shadowcolor>ShadowColor</shadowcolor>
					<label>$INFO[ListItem.Label]</label>
					<scroll>true</scroll>
					<visible>IsEmpty(ListItem.Title)</visible>
				</control>
				<control type="label">
					<description>Label2</description>
					<left>104</left>
					<top>38</top>
					<width>411</width>
					<font>ListFont2</font>
					<textcolor>ListColor2</textcolor>
					<shadowcolor>ShadowColor</shadowcolor>	
					<label>$INFO[ListItem.Season,$LOCALIZE[20373] ,]$INFO[ListItem.Episode,  -  $LOCALIZE[20359] ,]</label>
				</control>
				<control type="group">
					<visible>!IsEmpty(ListItem.Title)</visible>
					<control type="label">
						<description>Label</description>
						<left>104</left>
						<top>12</top>
						<width>411</width>
						<font>ListFont</font>
						<textcolor>SelectedColor</textcolor>
						<shadowcolor>ShadowColor</shadowcolor>
						<label>$INFO[ListItem.Title]</label>
						<scroll>true</scroll>
					</control>
					<control type="label">
						<description>Rating</description>
						<left>520</left>
						<top>12</top>
						<width>100</width>
						<font>ListFont</font>
						<textcolor>ListColor3</textcolor>
						<shadowcolor>ShadowColor</shadowcolor>
						<label>$INFO[ListItem.Rating]</label>
						<align>right</align>
						<visible>Skin.HasSetting(DoNotUseStarRatingEpisodes)</visible>
					</control>
					<control type="image">
						<description>Star Rating</description>
						<left>520</left>
						<top>16</top>
						<width>100</width>
						<height>16</height>		
						<texture background="true">$VAR[StarRating]</texture>
						<aspectratio align="right">keep</aspectratio>
						<visible>!Skin.HasSetting(DoNotUseStarRatingEpisodes)</visible>
						<include>StarRatingFadeAnim</include>
					</control>
					<control type="group">
						<visible>!Skin.HasSetting(HideEpisodesListInfo2Overlay)</visible>
						<control type="image">
							<description>Quality</description>
							<left>596</left>
							<top>39</top>
							<width>24</width>
							<height>24</height>
							<texture background="true">$VAR[VideoQualityOverlayUnwatched]</texture>
							<aspectratio>keep</aspectratio>
							<visible>!StringCompare(ListItem.Overlay,OverlayWatched.png)</visible>
						</control>	
						<control type="image">
							<description>Quality</description>
							<left>596</left>
							<top>39</top>
							<width>24</width>
							<height>24</height>
							<texture background="true">$VAR[VideoQualityOverlayWatched]</texture>
							<aspectratio>keep</aspectratio>
							<visible>StringCompare(ListItem.Overlay,OverlayWatched.png)</visible>
						</control>	
						<control type="image">
							<description>Watched Partial</description>
							<left>596</left>
							<top>39</top>
							<width>24</width>
							<height>24</height>
							<texture background="true">$VAR[WatchedPartial]</texture>
							<aspectratio>keep</aspectratio>
							<visible>ListItem.IsResumable</visible>
							<include>ListViewPartialWatchedOverlayFadeAnim</include>
							<include>ListViewWatchedOverlayFadeAnim</include>
						</control>	
					</control>
				</control>
			</control>
		</focusedlayout>					
	</include>
	<!--//// END LIST INFO 2 VIEW /////////////////////////////////////////////////////////////////////-->

	<!--//// START LIST INFO 3 VIEW ///////////////////////////////////////////////////////////////////-->
	<include name="EpisodesListInfoView3">	
		<control type="group" id="500">	
	        <defaultcontrol always="true">94</defaultcontrol>
			<visible>Control.IsVisible(94)</visible>
			<include>MediaViewOpenCloseAnim</include>
			<include>ViewContentPanel</include>
			<include>ListInfo3MediaInfoPanelCommon</include>
			<control type="group">
				<left>796</left>
				<include>ListInfo3MediaInfoPanelCommon</include>
			</control>
			
			<control type="group">
				<visible>!IsEmpty(ListItem.Title)</visible>
				<include condition="!Skin.HasSetting(ShowLandscape)">ListInfo3PanelFanart</include>
				<include condition="Skin.HasSetting(ShowLandscape)">ListInfo3PanelLandscape</include>
				
				<control type="group">
					<description>Media Info Area</description>
					<left>38</left>
					<top>354</top>
		
					<control type="grouplist">
						<description>TV Show</description>
						<left>10</left>
						<top>0</top>
						<width>400</width>
						<orientation>horizontal</orientation>
						<control type="label">
							<width min="0" max="150">auto</width>
							<font>MediaInfoFont</font>
							<textcolor>MediaInfoItemColor</textcolor>
							<shadowcolor>ShadowColor</shadowcolor>
							<label>$LOCALIZE[20364]:</label>
						</control>
						<control type="label">
							<width min="0" max="280">auto</width>
							<font>MediaInfoFont</font>
							<textcolor>MediaInfoItemColor2</textcolor>
							<shadowcolor>ShadowColor</shadowcolor>
							<label fallback="31001">$INFO[ListItem.TVShowTitle]</label>
						</control>
					</control>
					
					<control type="grouplist">
						<description>Studio</description>
						<visible>!System.HasAddon(script.tv.show.next.aired)</visible>
						<left>10</left>
						<top>22</top>
						<width>400</width>
						<orientation>horizontal</orientation>
						<control type="label">
							<width min="0" max="150">auto</width>
							<font>MediaInfoFont</font>
							<textcolor>MediaInfoItemColor</textcolor>
							<shadowcolor>ShadowColor</shadowcolor>
							<label>$LOCALIZE[572]:</label>
						</control>
						<control type="label">
							<width min="0" max="150">auto</width>
							<font>MediaInfoFont</font>
							<textcolor>MediaInfoItemColor2</textcolor>
							<shadowcolor>ShadowColor</shadowcolor>
							<label fallback="31001">$INFO[ListItem.Studio]</label>
						</control>
					</control>
					<control type="grouplist">
						<description>Next Aired Status</description>
						<visible>System.HasAddon(script.tv.show.next.aired)</visible>
						<left>10</left>
						<top>22</top>
						<width>400</width>
						<orientation>horizontal</orientation>
						<control type="label">
							<width min="0" max="150">auto</width>
							<font>MediaInfoFont</font>
							<textcolor>MediaInfoItemColor</textcolor>
							<shadowcolor>ShadowColor</shadowcolor>
							<label>$LOCALIZE[126]:</label>
						</control>
						<control type="label">
							<width min="0" max="300">auto</width>
							<font>MediaInfoFont</font>
							<textcolor>MediaInfoItemColor2</textcolor>
							<shadowcolor>ShadowColor</shadowcolor>
							<scroll>true</scroll>
							<label fallback="31001">$INFO[Window(Home).Property(NextAired.Status)]</label>
						</control>
					</control>
					
					<control type="grouplist">
						<description>Latest episode</description>
						<visible>System.HasAddon(script.tv.show.next.aired) + !Skin.HasSetting(EnableNextAiredInfo)</visible>
						<left>10</left>
						<top>62</top>
						<width>400</width>
						<orientation>horizontal</orientation>
						<control type="label">
							<width min="0" max="140">auto</width>
							<font>MediaInfoFont</font>
							<textcolor>MediaInfoItemColor</textcolor>
							<shadowcolor>ShadowColor</shadowcolor>
							<label>$LOCALIZE[31966]:</label>
						</control>
						<control type="label">
							<width min="0" max="250">auto</width>
							<font>MediaInfoFont</font>
							<textcolor>MediaInfoItemColor2</textcolor>
							<shadowcolor>ShadowColor</shadowcolor>
							<scroll>true</scroll>
							<label fallback="31001">$INFO[Window(Home).Property(NextAired.LatestSeasonNumber),S,]$INFO[Window(Home).Property(NextAired.LatestEpisodeNumber),E,.]$INFO[Window(Home).Property(NextAired.LatestTitle), ,]$INFO[Window(Home).Property(NextAired.LatestDate), (,)]</label>
						</control>
					</control>
					
					<control type="grouplist">
						<description>Next episode</description>
						<visible>System.HasAddon(script.tv.show.next.aired) + !Skin.HasSetting(EnableNextAiredInfo) + !IsEmpty(Window(Home).Property(NextAired.Nextdate))</visible>
						<left>10</left>
						<top>84</top>
						<width>400</width>
						<orientation>horizontal</orientation>
						<control type="label">
							<width min="0" max="140">auto</width>
							<font>MediaInfoFont</font>
							<textcolor>MediaInfoItemColor</textcolor>
							<shadowcolor>ShadowColor</shadowcolor>
							<label>$LOCALIZE[31967]:</label>
						</control>
						<control type="label">
							<width min="0" max="265">auto</width>
							<font>MediaInfoFont</font>
							<textcolor>MediaInfoItemColor2</textcolor>
							<shadowcolor>ShadowColor</shadowcolor>
							<scroll>true</scroll>
							<label fallback="31001">$INFO[Window(Home).Property(NextAired.NextSeasonNumber),S,]$INFO[Window(Home).Property(NextAired.NextEpisodeNumber),E,.]$INFO[Window(Home).Property(NextAired.NextTitle), ,]$INFO[Window(Home).Property(NextAired.NextDate), (,)]</label>
						</control>
					</control>
					
					<control type="grouplist">
						<description>Studio</description>
						<visible>System.HasAddon(script.tv.show.next.aired) + !Skin.HasSetting(EnableNextAiredInfo) + IsEmpty(Window(Home).Property(NextAired.Nextdate))</visible>
						<left>10</left>
						<top>84</top>
						<width>400</width>
						<orientation>horizontal</orientation>
						<control type="label">
							<width min="0" max="140">auto</width>
							<font>MediaInfoFont</font>
							<textcolor>MediaInfoItemColor</textcolor>
							<shadowcolor>ShadowColor</shadowcolor>
							<label>$LOCALIZE[572]:</label>
						</control>
						<control type="label">
							<width min="0" max="240">auto</width>
							<font>MediaInfoFont</font>
							<textcolor>MediaInfoItemColor2</textcolor>
							<shadowcolor>ShadowColor</shadowcolor>
							<label fallback="31001">$INFO[ListItem.Studio]</label>
						</control>
					</control>
				</control>
				
				<control type="textbox">
					<description>Plot</description>
					<left>48</left>
					<top>418</top>
					<width>388</width>
					<height>189</height>
					<font>MediaInfoDescFont</font>
					<textcolor>MediaInfoColor</textcolor>
					<shadowcolor>ShadowColor</shadowcolor>
					<align>justify</align>
					<label fallback="31203">$INFO[Container.ShowPlot]</label>
					<wrapmultiline>true</wrapmultiline>
					<autoscroll time="2000" delay="6000" repeat="10000">!Skin.HasSetting(DoNotAutoScrollPlot)</autoscroll>
					<include>ControlsOpenCloseAnim</include>
					<visible>!System.HasAddon(script.tv.show.next.aired) | [System.HasAddon(script.tv.show.next.aired) + Skin.HasSetting(EnableNextAiredInfo)]</visible>
				</control>
				
				<control type="textbox">
					<description>Plot</description>
					<left>48</left>
					<top>479</top>
					<width>388</width>
					<height>138</height>
					<font>MediaInfoDescFont</font>
					<textcolor>MediaInfoColor</textcolor>
					<shadowcolor>ShadowColor</shadowcolor>
					<align>justify</align>
					<label fallback="31203">$INFO[Container.ShowPlot]</label>
					<wrapmultiline>true</wrapmultiline>
					<autoscroll time="2000" delay="6000" repeat="10000">!Skin.HasSetting(DoNotAutoScrollPlot)</autoscroll>
					<include>ControlsOpenCloseAnim</include>
					<visible>System.HasAddon(script.tv.show.next.aired) + !Skin.HasSetting(EnableNextAiredInfo)</visible>
				</control>
				
				<control type="group">
					<left>796</left>
					<include condition="!Skin.HasSetting(EnableEpisodesListInfo3ExtraThumbs)">ListInfo3RightPanelEpisodeThumb</include>
					<include condition="Skin.HasSetting(EnableEpisodesListInfo3ExtraThumbs)">ListInfo3RightPanelEpisodeExtraThumbs</include>
			
					<control type="group">
						<description>Media Info Area</description>
						<left>38</left>
						<top>354</top>
			
						<control type="grouplist">
							<description>Season</description>
							<left>10</left>
							<top>0</top>
							<width>400</width>
							<orientation>horizontal</orientation>
							<control type="label">
								<width min="0" max="150">auto</width>
								<font>MediaInfoFont</font>
								<textcolor>MediaInfoItemColor</textcolor>
								<shadowcolor>ShadowColor</shadowcolor>
								<label>$LOCALIZE[20373]:</label>
							</control>
							<control type="label">
								<width min="0" max="150">auto</width>
								<font>MediaInfoFont</font>
								<textcolor>MediaInfoItemColor2</textcolor>
								<shadowcolor>ShadowColor</shadowcolor>
								<label fallback="31001">$INFO[ListItem.Season]</label>
							</control>
						</control>
						
						<control type="grouplist">
							<description>First Aired</description>
							<left>10</left>
							<top>22</top>
							<width>400</width>
							<orientation>horizontal</orientation>
							<control type="label">
								<width min="0" max="150">auto</width>
								<font>MediaInfoFont</font>
								<textcolor>MediaInfoItemColor</textcolor>
								<shadowcolor>ShadowColor</shadowcolor>
								<label>$LOCALIZE[20416]:</label>
							</control>
							<control type="label">
								<width min="0" max="150">auto</width>
								<font>MediaInfoFont</font>
								<textcolor>MediaInfoItemColor2</textcolor>
								<shadowcolor>ShadowColor</shadowcolor>
								<label fallback="31001">$INFO[ListItem.Premiered]</label>
							</control>
						</control>
						
						<control type="grouplist">
							<description>Episode</description>
							<left>268</left>
							<top>0</top>
							<width>130</width>
							<orientation>horizontal</orientation>
							<align>right</align>
							<control type="label">
								<width min="0" max="150">auto</width>
								<font>MediaInfoFont</font>
								<textcolor>MediaInfoItemColor</textcolor>
								<shadowcolor>ShadowColor</shadowcolor>
								<label>$LOCALIZE[20359]:</label>
							</control>
							<control type="label">
								<width min="0" max="150">auto</width>
								<font>MediaInfoFont</font>
								<textcolor>MediaInfoItemColor2</textcolor>
								<shadowcolor>ShadowColor</shadowcolor>
								<label fallback="31001">$INFO[ListItem.Episode]</label>
							</control>
						</control>
						
						<control type="grouplist">
							<description>Runtime</description>
							<left>268</left>
							<top>22</top>
							<width>130</width>
							<orientation>horizontal</orientation>
							<align>right</align>
							<control type="label">
								<width min="0" max="150">auto</width>
								<font>MediaInfoFont</font>
								<textcolor>MediaInfoItemColor</textcolor>
								<shadowcolor>ShadowColor</shadowcolor>
								<label>$LOCALIZE[2050]:</label>
							</control>
							<control type="label">
								<width min="0" max="150">auto</width>
								<font>MediaInfoFont</font>
								<textcolor>MediaInfoItemColor2</textcolor>
								<shadowcolor>ShadowColor</shadowcolor>
								<label fallback="31001">$VAR[MovieDuration]</label>
							</control>
						</control>
						
						<control type="grouplist">
						<description>Rating</description>
						<visible>System.HasAddon(script.tv.show.next.aired) + !Skin.HasSetting(EnableNextAiredInfo)</visible>
						<left>10</left>
						<top>62</top>
						<width>400</width>
						<orientation>horizontal</orientation>
						<control type="label">
							<width min="0" max="150">auto</width>
							<font>MediaInfoFont</font>
							<textcolor>MediaInfoItemColor</textcolor>
							<shadowcolor>ShadowColor</shadowcolor>
							<label>$LOCALIZE[563]:</label>
						</control>
						<control type="label">
							<width min="0" max="250">auto</width>
							<font>MediaInfoFont</font>
							<textcolor>MediaInfoItemColor2</textcolor>
							<shadowcolor>ShadowColor</shadowcolor>
							<scroll>true</scroll>
							<label fallback="31001">$INFO[ListItem.Rating]</label>
						</control>
					</control>
					
					<control type="grouplist">
						<description>Director</description>
						<visible>System.HasAddon(script.tv.show.next.aired) + !Skin.HasSetting(EnableNextAiredInfo)</visible>
						<left>10</left>
						<top>84</top>
						<width>400</width>
						<orientation>horizontal</orientation>
						<control type="label">
							<width min="0" max="150">auto</width>
							<font>MediaInfoFont</font>
							<textcolor>MediaInfoItemColor</textcolor>
							<shadowcolor>ShadowColor</shadowcolor>
							<label>$LOCALIZE[20339]:</label>
						</control>
						<control type="label">
							<width min="0" max="265">auto</width>
							<font>MediaInfoFont</font>
							<textcolor>MediaInfoItemColor2</textcolor>
							<shadowcolor>ShadowColor</shadowcolor>
							<scroll>true</scroll>
							<label fallback="31001">$INFO[ListItem.Director]</label>
						</control>
					</control>
					</control>
				
					<control type="textbox">
						<description>Plot</description>
						<left>48</left>
						<top>418</top>
						<width>388</width>
						<height>189</height>
						<font>MediaInfoDescFont</font>
						<textcolor>MediaInfoColor</textcolor>
						<shadowcolor>ShadowColor</shadowcolor>
						<align>justify</align>
						<label fallback="31203">$INFO[ListItem.Plot]</label>
						<wrapmultiline>true</wrapmultiline>
						<autoscroll time="2000" delay="6000" repeat="10000">!Skin.HasSetting(DoNotAutoScrollPlot)</autoscroll>
						<visible>!Container.OnNext + !Container.OnPrevious</visible>
						<include>ControlsOpenCloseAnim</include>
						<visible>!System.HasAddon(script.tv.show.next.aired) | [System.HasAddon(script.tv.show.next.aired) + Skin.HasSetting(EnableNextAiredInfo)]</visible>
					</control>
					
					<control type="textbox">
						<description>Plot</description>
						<left>48</left>
						<top>479</top>
						<width>388</width>
						<height>138</height>
						<font>MediaInfoDescFont</font>
						<textcolor>MediaInfoColor</textcolor>
						<shadowcolor>ShadowColor</shadowcolor>
						<align>justify</align>
						<label fallback="31203">$INFO[ListItem.Plot]</label>
						<wrapmultiline>true</wrapmultiline>
						<autoscroll time="2000" delay="6000" repeat="10000">!Skin.HasSetting(DoNotAutoScrollPlot)</autoscroll>
						<include>ControlsOpenCloseAnim</include>
						<visible>System.HasAddon(script.tv.show.next.aired) + !Skin.HasSetting(EnableNextAiredInfo)</visible>
					</control>
				</control>
			</control>
			
			<control type="list" id="94">	
				<viewtype label="31115">List Info 3</viewtype>
				<left>456</left>
				<top>110</top>
				<width>354</width>
				<height>518</height>
				<pagecontrol>917</pagecontrol>
				<preloaditems>2</preloaditems>
				<scrolltime tween="sine" easing="inout">300</scrolltime>
				<onup>94</onup>
				<ondown>94</ondown>
				<onleft>850</onleft>
				<onright>150</onright>
				<visible>Container.Content(Episodes)</visible>
				<itemlayout height="37">
					<control type="image">
						<left>0</left>
						<width>354</width>
						<height>37</height>	
						<texture border="0,0,10,2">views/list-separator.png</texture>
						<aspectratio>stretch</aspectratio>
					</control>
					<control type="image">
						<description>Icon</description>
						<left>5</left>
						<top>6</top>
						<width>24</width>
						<height>24</height>
						<texture background="true">$INFO[ListItem.ActualIcon].png</texture>
						<aspectratio>stretch</aspectratio>
						<visible>IsEmpty(ListItem.Title)</visible>
						<include>ListViewOverlayFadeAnim</include>
					</control>					
					<control type="label">
						<description>Label</description>
						<left>35</left>
						<width>314</width>
						<height>37</height>
						<font>ListFont</font>
						<textcolor>ListColor</textcolor>
						<shadowcolor>ShadowColor</shadowcolor>
						<aligny>center</aligny>				
						<info>ListItem.Label</info>
					</control>
					<control type="group">
						<visible>!IsEmpty(ListItem.Title)</visible>
						<control type="image">
							<description>Quality</description>
							<left>5</left>
							<top>6</top>
							<width>24</width>
							<height>24</height>
							<texture background="true">$VAR[VideoQualityOverlayUnwatched]</texture>
							<aspectratio>stretch</aspectratio>
							<visible>!StringCompare(ListItem.Overlay,OverlayWatched.png)</visible>
							<include>ListViewOverlayFadeAnim</include>
						</control>	
						<control type="image">
							<description>Quality</description>
							<left>5</left>
							<top>6</top>
							<width>24</width>
							<height>24</height>
							<texture background="true">$VAR[VideoQualityOverlayWatched]</texture>
							<aspectratio>stretch</aspectratio>
							<visible>StringCompare(ListItem.Overlay,OverlayWatched.png)</visible>
							<include>ListViewOverlayFadeAnim</include>
						</control>
						<control type="image">
							<description>Watched Partial</description>
							<left>5</left>
							<top>6</top>
							<width>24</width>
							<height>24</height>
							<texture background="true">$VAR[WatchedPartial]</texture>
							<aspectratio>stretch</aspectratio>
							<visible>ListItem.IsResumable</visible>
							<include>ListViewPartialWatchedOverlayFadeAnim</include>
							<include>ListViewWatchedOverlayFadeAnim</include>
						</control>
					</control>
				</itemlayout>		
				<focusedlayout height="37">	
					<control type="image">
						<left>0</left>
						<width>354</width>
						<height>37</height>	
						<texture border="0,0,10,2">views/list-separator.png</texture>
						<aspectratio>stretch</aspectratio>
					</control>
					<control type="image">
						<left>0</left>
						<width>354</width>
						<height>36</height>	
						<texture border="4">views/list-focus.png</texture>
						<aspectratio>stretch</aspectratio>
						<visible>Control.HasFocus(94)</visible>
						<include>ListViewSelectFadeAnim</include>
						<include condition="![Skin.String(LowCPUPowerMode,Animations) | Skin.String(LowCPUPowerMode,Full)]">ListViewScrollAnim</include>
					</control>
					<control type="image">
						<left>0</left>
						<width>354</width>
						<height>36</height>	
						<texture border="4">views/list-alt-focus.png</texture>
						<aspectratio>stretch</aspectratio>
						<visible>!Control.HasFocus(94)</visible>
						<include>ListViewSelectFadeAnim2</include>
					</control>
					<control type="group">
						<include>ListViewFocusAnim</include>
						<control type="image">
							<description>Icon</description>
							<left>5</left>
							<top>6</top>
							<width>24</width>
							<height>24</height>
							<texture background="true">$INFO[ListItem.ActualIcon].png</texture>
							<aspectratio>stretch</aspectratio>
							<visible>IsEmpty(ListItem.Title)</visible>
						</control>
						<control type="label">
							<description>Label</description>
							<left>35</left>
							<width>314</width>
							<height>37</height>
							<font>ListFont</font>
							<textcolor>SelectedColor</textcolor>
							<shadowcolor>ShadowColor</shadowcolor>
							<aligny>center</aligny>
							<info>ListItem.Label</info>
							<scroll>true</scroll>
						</control>
						<control type="group">
							<visible>!IsEmpty(ListItem.Title)</visible>
							<control type="image">
								<description>Quality</description>
								<left>5</left>
								<top>6</top>
								<width>24</width>
								<height>24</height>
								<texture background="true">$VAR[VideoQualityOverlayUnwatched]</texture>
								<aspectratio>stretch</aspectratio>
								<visible>!StringCompare(ListItem.Overlay,OverlayWatched.png)</visible>
							</control>	
							<control type="image">
								<description>Quality</description>
								<left>5</left>
								<top>6</top>
								<width>24</width>
								<height>24</height>
								<texture background="true">$VAR[VideoQualityOverlayWatched]</texture>
								<aspectratio>stretch</aspectratio>
								<visible>StringCompare(ListItem.Overlay,OverlayWatched.png)</visible>
							</control>
							<control type="image">
								<description>Watched Partial</description>
								<left>5</left>
								<top>6</top>
								<width>24</width>
								<height>24</height>
								<texture background="true">$VAR[WatchedPartial]</texture>
								<aspectratio>stretch</aspectratio>
								<visible>ListItem.IsResumable</visible>
								<include>ListViewPartialWatchedOverlayFadeAnim</include>
								<include>ListViewWatchedOverlayFadeAnim</include>
							</control>
						</control>
					</control>
				</focusedlayout>		
			</control>			
			
			<include>ListInfo3ViewScrollbar</include>
			
			<control type="group">
				<description>Bottom Bar Area</description>
				<top>BottomPaneOffsetY</top>	
				<!--<include>InfoPaneImage</include>-->
				<include>InfoPaneMediaDetails</include>
				<include condition="!Skin.HasSetting(DisableTVShowsLogo)">InfoPaneClearLogo</include>
				<include>BottomPaneOpenCloseAnim</include>
			</control>	

			<include>ViewsDialogPopUpScreenDim</include>
		</control>		
	</include>
	<!--//// END LIST INFO 3 VIEW /////////////////////////////////////////////////////////////////////-->
</includes>