<?xml version="1.0" encoding="UTF-8"?>
<window type="dialog" id="1131">
	<defaultcontrol always="true">10</defaultcontrol>
	<allowoverlay>no</allowoverlay>

	<coordinates>
		<system>1</system>
		<origin x="395" y="180">true</origin>
	</coordinates>
	
	<controls>
		<control type="group">
			<include>ProgressDialogBox</include>
			<include>DialogOpenCloseAnim</include>

			<control type="label">
				<include>DialogTitle2</include>
				<label>$LOCALIZE[31085]</label>
			</control>
			
			<control type="grouplist">
				<left>DialogMarginOffsetX</left>
				<top>68</top>
				<width>420</width>
				<control type="label">
					<description>Dialog Line 1</description>
					<width>420</width>
					<font>DefaultFontB</font>
					<textcolor>ButtonColor</textcolor>
					<align>center</align>
					<scroll>true</scroll>
					<label>$LOCALIZE[31720]</label>
				</control>
			</control>

			<control type="button" id="10">
				<description>OK</description>
				<left>160</left>
				<top>164</top>
				<include>DialogMenuBarBtn</include>
				<label>$LOCALIZE[186]</label>
				<onclick>Dialog.Close(1131)</onclick>
			</control>
		</control>
	</controls>	
</window>