<?xml version="1.0" encoding="UTF-8"?>
<includes>
	<variable name="MediaFlagTheme">
		<value condition="Skin.HasSetting(UseAltMediaFlagTheme)">white</value>
		<value>default</value>
	</variable>
	
	<include name="VideoSourceMediaFlags">
		<control type="image" id="600">
			<description>Blu-ray</description>
			<width>49</width>
			<height>35</height>
			<aspectratio>stretch</aspectratio>
			<texture>flagging/$VAR[MediaFlagTheme]/video/bluray.png</texture>
			<!--<fadetime>MediaFlagsCrossfadeTime</fadetime>-->
			<visible>substring(ListItem.FilenameAndPath,bluray) | substring(ListItem.FilenameAndPath,blu-ray) | substring(ListItem.FilenameAndPath,bdrip) | substring(ListItem.FilenameAndPath,brrip) | substring(ListItem.FilenameAndPath,bd25) | substring(ListItem.FilenameAndPath,bd50)</visible>
		</control>
		<control type="image" id="694">
			<description>Web-DL</description>
			<width>49</width>
			<height>35</height>
			<aspectratio>stretch</aspectratio>
			<texture>flagging/$VAR[MediaFlagTheme]/video/web-dl.png</texture>
			<!--<fadetime>MediaFlagsCrossfadeTime</fadetime>-->
			<visible>[substring(ListItem.FilenameAndPath,web-dl) | substring(ListItem.FilenameAndPath,web-download) | substring(ListItem.FilenameAndPath,webrip)] + ![substring(ListItem.VideoCodec,vp8) | substring(ListItem.VideoCodec,vp9)]</visible>
		</control>
		<control type="image" id="601">
			<description>3D</description>
			<width>65</width>
			<height>35</height>
			<aspectratio>stretch</aspectratio>
			<texture>flagging/$VAR[MediaFlagTheme]/video/3d.png</texture>
			<!--<fadetime>MediaFlagsCrossfadeTime</fadetime>-->
			<visible>ListItem.IsStereoscopic | substring(ListItem.FilenameAndPath,.3d.) | substring(ListItem.FilenameAndPath,hsbs) | substring(ListItem.FilenameAndPath,sbs) | substring(ListItem.FilenameAndPath,half-sbs)</visible>
		</control>
		<control type="image" id="602">
			<description>HDDVD</description>
			<width>82</width>
			<height>35</height>
			<aspectratio>stretch</aspectratio>
			<texture>flagging/$VAR[MediaFlagTheme]/video/hddvd.png</texture>
			<!--<fadetime>MediaFlagsCrossfadeTime</fadetime>-->
			<visible>substring(ListItem.FilenameAndPath,hddvd) | substring(ListItem.FilenameAndPath,hd-dvd)</visible>
		</control>
		<control type="image" id="718">
			<description>DVD</description>
			<width>55</width>
			<height>35</height>
			<aspectratio>stretch</aspectratio>
			<texture>flagging/$VAR[MediaFlagTheme]/video/dvd.png</texture>
			<!--<fadetime>MediaFlagsCrossfadeTime</fadetime>-->
			<visible>[substring(ListItem.FileExtension,img) | substring(ListItem.FilenameAndPath,dvd) | substring(ListItem.FileExtension,ifo) | substring(ListItem.FileExtension,vob) | substring(ListItem.FilenameAndPath,dvdrip) | substring(ListItem.FilenameAndPath,dvdr5) | substring(ListItem.FilenameAndPath,.r5) | substring(ListItem.FilenameAndPath,dvdscreener) | substring(ListItem.FilenameAndPath,dvdscr) | substring(ListItem.FilenameAndPath,screener)] + ![substring(ListItem.FilenameAndPath,hddvd) | substring(ListItem.FilenameAndPath,hd-dvd)]</visible>
		</control>
		<control type="image" id="603">
			<description>HDTV</description>
			<width>74</width>
			<height>35</height>
			<aspectratio>stretch</aspectratio>
			<texture>flagging/$VAR[MediaFlagTheme]/video/hdtv.png</texture>
			<!--<fadetime>MediaFlagsCrossfadeTime</fadetime>-->
			<visible>substring(ListItem.FilenameAndPath,hdtv) | substring(ListItem.FilenameAndPath,hdrip)</visible>
		</control>
		<control type="image" id="604">
			<description>SDTV</description>
			<width>74</width>
			<height>35</height>
			<aspectratio>stretch</aspectratio>
			<texture>flagging/$VAR[MediaFlagTheme]/video/sdtv.png</texture>
			<!--<fadetime>MediaFlagsCrossfadeTime</fadetime>-->
			<visible>SubString(ListItem.FilenameAndPath,PDTV) | substring(ListItem.FilenameAndPath,sdtv)</visible>
		</control>
		<control type="image" id="741">
			<description>Movie Set</description>
			<width>70</width>
			<height>35</height>
			<aspectratio>stretch</aspectratio>
			<texture>flagging/$VAR[MediaFlagTheme]/video/set.png</texture>
			<!--<fadetime>MediaFlagsCrossfadeTime</fadetime>-->
			<visible>ListItem.IsCollection + ![Control.IsVisible(69) + Skin.HasSetting(HideMoviesWallExtendedInfoPanel)]</visible>
		</control>
		<control type="image" id="608">
			<description>Telesync</description>
			<width>41</width>
			<height>35</height>
			<aspectratio>stretch</aspectratio>
			<texture>flagging/$VAR[MediaFlagTheme]/video/film.png</texture>
			<!--<fadetime>MediaFlagsCrossfadeTime</fadetime>-->
			<visible>substring(ListItem.FilenameAndPath,.telesync) | substring(ListItem.FilenameAndPath,.ts.)</visible>
		</control>
		<control type="image" id="609">
			<description>Cam</description>
			<width>41</width>
			<height>35</height>
			<aspectratio>stretch</aspectratio>
			<texture>flagging/$VAR[MediaFlagTheme]/video/film.png</texture>
			<!--<fadetime>MediaFlagsCrossfadeTime</fadetime>-->
			<visible>substring(ListItem.FilenameAndPath,.cam)</visible>
		</control>
		<control type="image" id="678">
			<description>VHS</description>
			<width>64</width>
			<height>35</height>
			<aspectratio>stretch</aspectratio>
			<texture>flagging/$VAR[MediaFlagTheme]/video/vhs.png</texture>
			<!--<fadetime>MediaFlagsCrossfadeTime</fadetime>-->
			<visible>substring(ListItem.FilenameAndPath,vhs)</visible>
		</control>
	</include>
	
	<include name="VideoCodecMediaFlags">
		<control type="image" id="610">
			<description>Xvid Codec</description>
			<width>57</width>
			<height>35</height>
			<aspectratio>stretch</aspectratio>
			<texture>flagging/$VAR[MediaFlagTheme]/video/xvid.png</texture>
			<!--<fadetime>MediaFlagsCrossfadeTime</fadetime>-->
			<visible>substring(ListItem.VideoCodec,xvid)</visible>
		</control>
		<control type="image" id="611">
			<description>Divx Codec</description>
			<width>67</width>
			<height>35</height>
			<aspectratio>stretch</aspectratio>
			<texture>flagging/$VAR[MediaFlagTheme]/video/divx.png</texture>
			<!--<fadetime>MediaFlagsCrossfadeTime</fadetime>-->
			<visible>substring(ListItem.VideoCodec,divx) | substring(ListItem.VideoCodec,div2) | substring(ListItem.VideoCodec,div3) | substring(ListItem.VideoCodec,div4) | substring(ListItem.VideoCodec,divx 4) | substring(ListItem.VideoCodec,div5) | substring(ListItem.VideoCodec,dx50)</visible>
		</control>
		<control type="image" id="612">
			<description>H264 Codec</description>
			<width>61</width>
			<height>35</height>
			<aspectratio>stretch</aspectratio>
			<texture>flagging/$VAR[MediaFlagTheme]/video/h264.png</texture>
			<!--<fadetime>MediaFlagsCrossfadeTime</fadetime>-->
			<visible>substring(ListItem.VideoCodec,h264) | substring(ListItem.VideoCodec,x264) | substring(ListItem.VideoCodec,hdmv)</visible>
		</control>
		<control type="image" id="698">
			<description>H265 Codec</description>
			<width>61</width>
			<height>35</height>
			<aspectratio>stretch</aspectratio>
			<texture>flagging/$VAR[MediaFlagTheme]/video/hevc.png</texture>
			<!--<fadetime>MediaFlagsCrossfadeTime</fadetime>-->
			<visible>substring(ListItem.VideoCodec,hevc)</visible>
		</control>
		<control type="image" id="613">
			<description>AVC1 Codec</description>
			<width>61</width>
			<height>35</height>
			<aspectratio>stretch</aspectratio>
			<texture>flagging/$VAR[MediaFlagTheme]/video/avc1.png</texture>
			<!--<fadetime>MediaFlagsCrossfadeTime</fadetime>-->
			<visible>substring(ListItem.VideoCodec,avc1)</visible>
		</control>
		<control type="image" id="614">
			<description>WVC1 Codec</description>
			<width>80</width>
			<height>35</height>
			<aspectratio>stretch</aspectratio>
			<texture>flagging/$VAR[MediaFlagTheme]/video/wvc1.png</texture>
			<!--<fadetime>MediaFlagsCrossfadeTime</fadetime>-->
			<visible>substring(ListItem.VideoCodec,wvc1)</visible>
		</control>
		<control type="image" id="720">
			<description>VC-1 Codec</description>
			<width>80</width>
			<height>35</height>
			<aspectratio>stretch</aspectratio>
			<texture>flagging/$VAR[MediaFlagTheme]/video/vc-1.png</texture>
			<!--<fadetime>MediaFlagsCrossfadeTime</fadetime>-->
			<visible>substring(ListItem.VideoCodec,vc-1) | substring(ListItem.VideoCodec,vc1)</visible>
		</control>
		<control type="image" id="680">
			<description>WMV Codec</description>
			<width>80</width>
			<height>35</height>
			<aspectratio>stretch</aspectratio>
			<texture>flagging/$VAR[MediaFlagTheme]/video/wmv.png</texture>
			<!--<fadetime>MediaFlagsCrossfadeTime</fadetime>-->
			<visible>substring(ListItem.VideoCodec,wmv) | substring(ListItem.VideoCodec,wmv2) | substring(ListItem.VideoCodec,wmv3)</visible>
		</control>
		<control type="image" id="615">
			<description>MPEG-1 Codec</description>
			<width>57</width>
			<height>35</height>
			<aspectratio>stretch</aspectratio>
			<texture>flagging/$VAR[MediaFlagTheme]/video/mpeg1video.png</texture>
			<!--<fadetime>MediaFlagsCrossfadeTime</fadetime>-->
			<visible>substring(ListItem.VideoCodec,mpeg1video)</visible>
		</control>
		<control type="image" id="616">
			<description>MPEG-2 Codec</description>
			<width>57</width>
			<height>35</height>
			<aspectratio>stretch</aspectratio>
			<texture>flagging/$VAR[MediaFlagTheme]/video/mpeg2video.png</texture>
			<!--<fadetime>MediaFlagsCrossfadeTime</fadetime>-->
			<visible>substring(ListItem.VideoCodec,mpeg2video) | substring(ListItem.VideoCodec,mpeg video) | substring(ListItem.VideoCodec,mpeg2)</visible>
		</control>
		<control type="image" id="617">
			<description>MPEG-4 Codec</description>
			<width>57</width>
			<height>35</height>
			<aspectratio>stretch</aspectratio>
			<texture>flagging/$VAR[MediaFlagTheme]/video/mpeg4video.png</texture>
			<!--<fadetime>MediaFlagsCrossfadeTime</fadetime>-->
			<visible>substring(ListItem.VideoCodec,mpeg-4 visual) | substring(ListItem.VideoCodec,mpg4) | substring(ListItem.VideoCodec,mp4v)</visible>
		</control>
		<control type="image" id="618">
			<description>Sorenson Video Codec</description>
			<width>36</width>
			<height>35</height>
			<aspectratio>stretch</aspectratio>
			<texture>flagging/$VAR[MediaFlagTheme]/video/svq3.png</texture>
			<!--<fadetime>MediaFlagsCrossfadeTime</fadetime>-->
			<visible>substring(ListItem.VideoCodec,svq1) | substring(ListItem.VideoCodec,svq3)</visible>
		</control>		
		<control type="image" id="695">
			<description>VP8 and VP9 Video Codec</description>
			<width>36</width>
			<height>35</height>
			<aspectratio>stretch</aspectratio>
			<texture>flagging/$VAR[MediaFlagTheme]/video/vp8.png</texture>
			<!--<fadetime>MediaFlagsCrossfadeTime</fadetime>-->
			<visible>substring(ListItem.VideoCodec,vp8) | substring(ListItem.VideoCodec,vp9)</visible>
		</control>
		<control type="image" id="619">
			<description>Flash Video Codec</description>
			<width>22</width>
			<height>35</height>
			<aspectratio>stretch</aspectratio>
			<texture>flagging/$VAR[MediaFlagTheme]/video/flv.png</texture>
			<!--<fadetime>MediaFlagsCrossfadeTime</fadetime>-->
			<visible>substring(ListItem.VideoCodec,flv)</visible>
		</control>
		<control type="image" id="620">
			<description>Video Resolution</description>
			<left>-5</left>
			<width>48</width>
			<height>35</height>
			<aspectratio>stretch</aspectratio>
			<!--<fadetime>MediaFlagsCrossfadeTime</fadetime>-->
			<texture>flagging/$VAR[MediaFlagTheme]/video/$INFO[ListItem.VideoResolution].png</texture>
			<visible>!IsEmpty(ListItem.VideoCodec) + !Skin.HasSetting(HideVideoResMediaFlag)</visible>
		</control>
		<control type="image" id="621">
			<description>Right Border</description>
			<left>-5</left>
			<width>4</width>
			<height>35</height>
			<aspectratio>stretch</aspectratio>
			<!--<fadetime>MediaFlagsCrossfadeTime</fadetime>-->
			<texture>flagging/$VAR[MediaFlagTheme]/flag-right-border.png</texture>
			<visible>!IsEmpty(ListItem.VideoCodec) + Skin.HasSetting(HideVideoResMediaFlag)</visible>
		</control>
	</include>
	
	<include name="SubtitleMediaFlags">
		<control type="image">
			<description>Closed Caption</description>
			<width>40</width>
			<height>35</height>
			<aspectratio>stretch</aspectratio>
			<texture>flagging/$VAR[MediaFlagTheme]/subtitle/cc.png</texture>
			<!--<fadetime>MediaFlagsCrossfadeTime</fadetime>-->
			<visible>![IsEmpty(ListItem.SubtitleLanguage) | System.HasAddon(script.skin.helper.service) | !Skin.HasSetting(HideSubtitleMediaFlag)]</visible>
		</control>
		
		<control type="image">
			<width>56</width>
			<height>35</height>
			<texture border="6">flagging/$VAR[MediaFlagTheme]/audio/audio_language.png</texture>
			<visible>![IsEmpty(Window(Home).Property(SkinHelper.ListItem.AudioStreams.0)) | !Skin.HasSetting(HideAudioLanguageMediaFlag) | ListItem.IsCollection] + System.HasAddon(script.skin.helper.service)</visible>
		</control>
				
		<control type="label">
			<description>Audio Streams Count Label</description>
			<left>-35</left>
			<width>30</width>
			<height>35</height>
			<font>MediaFlagSubtitleFont</font>
			<textcolor>SelectedColor</textcolor>
			<align>center</align>
			<aligny>center</aligny>
			<label>[B]$INFO[Window(Home).Property(SkinHelper.ListItem.AudioStreams.Count)][/B]</label>
			<animation effect="fade" end="60" condition="true">Conditional</animation>
			<visible>![IsEmpty(Window(Home).Property(SkinHelper.ListItem.AudioStreams.0)) | !Skin.HasSetting(HideAudioLanguageMediaFlag) | ListItem.IsCollection] + System.HasAddon(script.skin.helper.service)</visible>
		</control>
		
		<control type="image">
			<width>56</width>
			<height>35</height>
			<texture border="6">flagging/$VAR[MediaFlagTheme]/subtitle/subtitle.png</texture>
			<visible>![StringCompare(Window(Home).Property(SkinHelper.ListItem.Subtitles.Count),0) | IsEmpty(Window(Home).Property(SkinHelper.ListItem.Subtitles.Count)) | !Skin.HasSetting(HideSubtitleMediaFlag)] + System.HasAddon(script.skin.helper.service)</visible>
		</control>
				
		<control type="label">
			<description>Subtitle Count Label</description>
			<left>-35</left>
			<width>30</width>
			<height>35</height>
			<font>MediaFlagSubtitleFont</font>
			<textcolor>SelectedColor</textcolor>
			<align>center</align>
			<aligny>center</aligny>
			<label>[B]$INFO[Window(Home).Property(SkinHelper.ListItem.Subtitles.Count)][/B]</label>
			<animation effect="fade" end="60" condition="true">Conditional</animation>
			<visible>![StringCompare(Window(Home).Property(SkinHelper.ListItem.Subtitles.Count),0) | IsEmpty(Window(Home).Property(SkinHelper.ListItem.Subtitles.Count)) | !Skin.HasSetting(HideSubtitleMediaFlag)] + System.HasAddon(script.skin.helper.service)</visible>
		</control>
	</include>
	
	<include name="AudioMediaFlags">
		<control type="image" id="622">
			<description>MP3 Codec</description>
			<width>55</width>
			<height>35</height>
			<aspectratio>stretch</aspectratio>
			<texture>flagging/$VAR[MediaFlagTheme]/audio/mp3.png</texture>
			<!--<fadetime>MediaFlagsCrossfadeTime</fadetime>-->
			<visible>substring(ListItem.AudioCodec,mp3)</visible>
		</control>
		<control type="image" id="623">
			<description>MP2 Codec</description>
			<width>53</width>
			<height>35</height>
			<aspectratio>stretch</aspectratio>
			<texture>flagging/$VAR[MediaFlagTheme]/audio/mp2.png</texture>
			<!--<fadetime>MediaFlagsCrossfadeTime</fadetime>-->
			<visible>substring(ListItem.AudioCodec,mp2)</visible>
		</control>
		<control type="image" id="624">
			<description>MP1 Codec</description>
			<width>53</width>
			<height>35</height>
			<aspectratio>stretch</aspectratio>
			<texture>flagging/$VAR[MediaFlagTheme]/audio/mp1.png</texture>
			<!--<fadetime>MediaFlagsCrossfadeTime</fadetime>-->
			<visible>substring(ListItem.AudioCodec,mp1)</visible>
		</control>
		<control type="image" id="700">
			<description>Opus Codec</description>
			<width>53</width>
			<height>35</height>
			<aspectratio>stretch</aspectratio>
			<texture>flagging/$VAR[MediaFlagTheme]/audio/opus.png</texture>
			<!--<fadetime>MediaFlagsCrossfadeTime</fadetime>-->
			<visible>substring(ListItem.AudioCodec,opus)</visible>
		</control>
		<control type="image" id="625">
			<description>DTS Codec</description>
			<width>59</width>
			<height>35</height>
			<aspectratio>stretch</aspectratio>
			<texture>flagging/$VAR[MediaFlagTheme]/audio/dts.png</texture>
			<!--<fadetime>MediaFlagsCrossfadeTime</fadetime>-->
			<visible>substring(ListItem.AudioCodec,dca)</visible>
		</control>
		<control type="image" id="682">
			<description>PCM Codec</description>
			<width>59</width>
			<height>35</height>
			<aspectratio>stretch</aspectratio>
			<texture>flagging/$VAR[MediaFlagTheme]/audio/pcm.png</texture>
			<!--<fadetime>MediaFlagsCrossfadeTime</fadetime>-->
			<visible>substring(ListItem.AudioCodec,pcm_s16be) | substring(ListItem.AudioCodec,pcm_s16le) | substring(ListItem.AudioCodec,pcm_u8)</visible>
		</control>
		<control type="image" id="626">
			<description>AAC Codec</description>
			<width>40</width>
			<height>35</height>
			<aspectratio>stretch</aspectratio>
			<texture>flagging/$VAR[MediaFlagTheme]/audio/aac.png</texture>
			<!--<fadetime>MediaFlagsCrossfadeTime</fadetime>-->
			<visible>substring(ListItem.AudioCodec,aac)</visible>
		</control>
		<control type="image" id="627">
			<description>Dolby Digital/AC3 Codec</description>
			<width>66</width>
			<height>35</height>
			<aspectratio>stretch</aspectratio>
			<texture>flagging/$VAR[MediaFlagTheme]/audio/dolbydigital.png</texture>
			<!--<fadetime>MediaFlagsCrossfadeTime</fadetime>-->
			<visible>[substring(ListItem.AudioCodec,ac3) | substring(ListItem.AudioCodec,ac-3)] + !substring(ListItem.AudioCodec,eac3)</visible>
		</control>
		<control type="image" id="688">
			<description>EAC3 Codec</description>
			<width>66</width>
			<height>35</height>
			<aspectratio>stretch</aspectratio>
			<texture>flagging/$VAR[MediaFlagTheme]/audio/eac3.png</texture>
			<!--<fadetime>MediaFlagsCrossfadeTime</fadetime>-->
			<visible>substring(ListItem.AudioCodec,eac3) + !substring(ListItem.FilenameAndPath,.atmos)</visible>
		</control>
		<control type="image" id="628">
			<description>TrueHD Codec</description>
			<width>60</width>
			<height>35</height>
			<aspectratio>stretch</aspectratio>
			<texture>flagging/$VAR[MediaFlagTheme]/audio/truehd.png</texture>
			<!--<fadetime>MediaFlagsCrossfadeTime</fadetime>-->
			<visible>substring(ListItem.AudioCodec,truehd) + !substring(ListItem.FilenameAndPath,.atmos)</visible>
		</control>
		<control type="image" id="722">
			<description>Atmos Codec</description>
			<width>66</width>
			<height>35</height>
			<aspectratio>stretch</aspectratio>
			<texture>flagging/$VAR[MediaFlagTheme]/audio/atmos.png</texture>
			<!--<fadetime>MediaFlagsCrossfadeTime</fadetime>-->
			<visible>[substring(ListItem.AudioCodec,eac3) | substring(ListItem.AudioCodec,truehd)] + substring(ListItem.FilenameAndPath,.atmos)</visible>
		</control>
		<control type="image" id="629">
			<description>WMA STD V2/WMA Codec</description>
			<width>80</width>
			<height>35</height>
			<aspectratio>stretch</aspectratio>
			<texture>flagging/$VAR[MediaFlagTheme]/audio/wma.png</texture>
			<!--<fadetime>MediaFlagsCrossfadeTime</fadetime>-->
			<visible>substring(ListItem.AudioCodec,wmav2) | substring(ListItem.AudioCodec,wma)</visible>
		</control>
		<control type="image" id="686">
			<description>WMA Pro Codec</description>
			<width>80</width>
			<height>35</height>
			<aspectratio>stretch</aspectratio>
			<texture>flagging/$VAR[MediaFlagTheme]/audio/wmapro.png</texture>
			<!--<fadetime>MediaFlagsCrossfadeTime</fadetime>-->
			<visible>substring(ListItem.AudioCodec,wmapro)</visible>
		</control>
		<control type="image" id="630">
			<description>FLAC Codec</description>
			<width>48</width>
			<height>35</height>
			<aspectratio>stretch</aspectratio>
			<texture>flagging/$VAR[MediaFlagTheme]/audio/flac.png</texture>
			<!--<fadetime>MediaFlagsCrossfadeTime</fadetime>-->
			<visible>substring(ListItem.AudioCodec,flac)</visible>
		</control>
		<control type="image" id="631">
			<description>Vorbis Codec</description>
			<width>42</width>
			<height>35</height>
			<aspectratio>stretch</aspectratio>
			<texture>flagging/$VAR[MediaFlagTheme]/audio/vorbis.png</texture>
			<!--<fadetime>MediaFlagsCrossfadeTime</fadetime>-->
			<visible>substring(ListItem.AudioCodec,vorbis)</visible>
		</control>
		<control type="image" id="684">
			<description>OGG Codec</description>
			<width>42</width>
			<height>35</height>
			<aspectratio>stretch</aspectratio>
			<texture>flagging/$VAR[MediaFlagTheme]/audio/ogg.png</texture>
			<!--<fadetime>MediaFlagsCrossfadeTime</fadetime>-->
			<visible>substring(ListItem.AudioCodec,ogg)</visible>
		</control>
		<control type="image" id="632">
			<description>DTS-HD Master Audio Codec</description>
			<width>66</width>
			<height>35</height>
			<aspectratio>stretch</aspectratio>
			<texture>flagging/$VAR[MediaFlagTheme]/audio/dtshd_ma.png</texture>
			<!--<fadetime>MediaFlagsCrossfadeTime</fadetime>-->
			<visible>substring(ListItem.AudioCodec,dtshd_ma)</visible>
		</control>
		<control type="image" id="633">
			<description>DTS-HD High Resolution Audio</description>
			<width>66</width>
			<height>35</height>
			<aspectratio>stretch</aspectratio>
			<texture>flagging/$VAR[MediaFlagTheme]/audio/dtshd_hra.png</texture>
			<!--<fadetime>MediaFlagsCrossfadeTime</fadetime>-->
			<visible>substring(ListItem.AudioCodec,dtshd_hra)</visible>
		</control>
		<control type="image" id="634">
			<description>Audio Channels</description>
			<left>-5</left>
			<width>43</width>
			<height>35</height>
			<aspectratio>stretch</aspectratio>
			<texture>flagging/$VAR[MediaFlagTheme]/audio/$INFO[ListItem.AudioChannels].png</texture>
			<!--<fadetime>MediaFlagsCrossfadeTime</fadetime>-->
			<visible>!IsEmpty(ListItem.AudioCodec)</visible>
		</control>
	</include>
	
	<include name="AspectMediaFlags">
		<control type="image" id="633">
			<description>Aspect Ratio</description>
			<width>50</width>
			<height>35</height>
			<aspectratio>stretch</aspectratio>
			<texture>flagging/$VAR[MediaFlagTheme]/aspectratio/$INFO[ListItem.VideoAspect].png</texture>
			<!--<fadetime>MediaFlagsCrossfadeTime</fadetime>-->
			<visible>!IsEmpty(ListItem.VideoAspect) + !Skin.HasSetting(HideAspectRatioMediaFlag)</visible>
		</control>
	</include>

	<include name="RatingMediaFlags">
		<control type="image" id="634">
			<description>Rated General</description>
			<width>26</width>
			<height>35</height>
			<aspectratio>stretch</aspectratio>
			<texture>flagging/$VAR[MediaFlagTheme]/ratings/mpaa-general.png</texture>
			<!--<fadetime>MediaFlagsCrossfadeTime</fadetime>-->
			<visible>substring(ListItem.MPAA,Rated G) | substring(ListItem.MPAA,US:G) | substring(ListItem.MPAA,USA:G)</visible>  
		</control>
		<control type="image" id="635">
			<description>Rated PG</description>
			<width>40</width>
			<height>35</height>
			<aspectratio>stretch</aspectratio>
			<texture>flagging/$VAR[MediaFlagTheme]/ratings/mpaa-pg.png</texture>
			<!--<fadetime>MediaFlagsCrossfadeTime</fadetime>-->
			<visible>[substring(ListItem.MPAA,Rated PG) + !substring(ListItem.MPAA,Rated PG-13)] | [substring(ListItem.MPAA,US:PG) + !substring(ListItem.MPAA,US:PG-13)] |[substring(ListItem.MPAA,USA:PG) + !substring(ListItem.MPAA,USA:PG-13)]</visible>  
		</control>
		<control type="image" id="636">
			<description>Rated PG-13</description>
			<width>63</width>
			<height>35</height>
			<aspectratio>stretch</aspectratio>
			<texture>flagging/$VAR[MediaFlagTheme]/ratings/mpaa-pg13.png</texture>
			<!--<fadetime>MediaFlagsCrossfadeTime</fadetime>-->
			<visible>substring(ListItem.MPAA,Rated PG-13) | substring(ListItem.MPAA,US:PG-13) | substring(ListItem.MPAA,USA:PG-13)</visible>  
		</control>
		<control type="image" id="637">
			<description>Rated R</description>
			<width>34</width>
			<height>35</height>
			<aspectratio>stretch</aspectratio>
			<texture>flagging/$VAR[MediaFlagTheme]/ratings/mpaa-restricted.png</texture>
			<!--<fadetime>MediaFlagsCrossfadeTime</fadetime>-->
			<visible>substring(ListItem.MPAA,Rated R) | substring(ListItem.MPAA,US:R) | substring(ListItem.MPAA,USA:R)</visible>  
		</control>
		<control type="image" id="638">
			<description>Rated NC-17</description>
			<width>63</width>
			<height>35</height>
			<aspectratio>stretch</aspectratio>
			<texture>flagging/$VAR[MediaFlagTheme]/ratings/mpaa-nc17.png</texture>
			<!--<fadetime>MediaFlagsCrossfadeTime</fadetime>-->
			<visible>substring(ListItem.MPAA,Rated NC-17) | substring(ListItem.MPAA,US:NC-17) | substring(ListItem.MPAA,USA:NC-17)</visible>  
		</control>
		<control type="image" id="702">
			<description>Rated UK U</description>
			<width>27</width>
			<height>35</height>
			<aspectratio>stretch</aspectratio>
			<texture>flagging/$VAR[MediaFlagTheme]/ratings/mpaa-uk-u.png</texture>
			<!--<fadetime>MediaFlagsCrossfadeTime</fadetime>-->
			<visible>substring(ListItem.MPAA,UK:U)</visible>  
		</control>
		<control type="image" id="703">
			<description>Rated UK PG</description>
			<width>36</width>
			<height>35</height>
			<aspectratio>stretch</aspectratio>
			<texture>flagging/$VAR[MediaFlagTheme]/ratings/mpaa-uk-pg.png</texture>
			<!--<fadetime>MediaFlagsCrossfadeTime</fadetime>-->
			<visible>substring(ListItem.MPAA,UK:PG)</visible>  
		</control>
		<control type="image" id="704">
			<description>Rated UK 12</description>
			<width>32</width>
			<height>35</height>
			<aspectratio>stretch</aspectratio>
			<texture>flagging/$VAR[MediaFlagTheme]/ratings/mpaa-uk-12.png</texture>
			<!--<fadetime>MediaFlagsCrossfadeTime</fadetime>-->
			<visible>substring(ListItem.MPAA,UK:12) + !substring(ListItem.MPAA,UK:12a)</visible>  
		</control>
		<control type="image" id="705">
			<description>Rated UK 12A</description>
			<width>43</width>
			<height>35</height>
			<aspectratio>stretch</aspectratio>
			<texture>flagging/$VAR[MediaFlagTheme]/ratings/mpaa-uk-12a.png</texture>
			<!--<fadetime>MediaFlagsCrossfadeTime</fadetime>-->
			<visible>substring(ListItem.MPAA,UK:12a)</visible>  
		</control>
		<control type="image" id="706">
			<description>Rated UK 15</description>
			<width>32</width>
			<height>35</height>
			<aspectratio>stretch</aspectratio>
			<texture>flagging/$VAR[MediaFlagTheme]/ratings/mpaa-uk-15.png</texture>
			<!--<fadetime>MediaFlagsCrossfadeTime</fadetime>-->
			<visible>substring(ListItem.MPAA,UK:15)</visible>  
		</control>
		<control type="image" id="707">
			<description>Rated UK 18</description>
			<width>32</width>
			<height>35</height>
			<aspectratio>stretch</aspectratio>
			<texture>flagging/$VAR[MediaFlagTheme]/ratings/mpaa-uk-18.png</texture>
			<!--<fadetime>MediaFlagsCrossfadeTime</fadetime>-->
			<visible>substring(ListItem.MPAA,UK:18)</visible>  
		</control>
		<control type="image" id="708">
			<description>Rated UK R18</description>
			<width>43</width>
			<height>35</height>
			<aspectratio>stretch</aspectratio>
			<texture>flagging/$VAR[MediaFlagTheme]/ratings/mpaa-uk-r18.png</texture>
			<!--<fadetime>MediaFlagsCrossfadeTime</fadetime>-->
			<visible>substring(ListItem.MPAA,UK:R18)</visible>  
		</control>
		<control type="image" id="738">
			<description>Unrated</description>
			<width>44</width>
			<height>35</height>
			<aspectratio>stretch</aspectratio>
			<texture>flagging/$VAR[MediaFlagTheme]/ratings/unrated.png</texture>
			<!--<fadetime>MediaFlagsCrossfadeTime</fadetime>-->
			<visible>substring(ListItem.FilenameAndPath,.unrated)</visible>
		</control>
		<control type="image" id="739">
			<description>No Rating</description>
			<width>44</width>
			<height>35</height>
			<aspectratio>stretch</aspectratio>
			<texture>flagging/$VAR[MediaFlagTheme]/ratings/no-rating.png</texture>
			<!--<fadetime>MediaFlagsCrossfadeTime</fadetime>-->
			<visible>IsEmpty(ListItem.MPAA) + !ListItem.IsCollection + !substring(ListItem.FilenameAndPath,.unrated)</visible>
		</control>
	</include>
	
	<include name="PlayerVideoMediaFlags">
		<control type="image" id="670">
			<description>Blu-ray</description>
			<width>49</width>
			<height>35</height>
			<aspectratio>stretch</aspectratio>
			<texture>flagging/$VAR[MediaFlagTheme]/video/bluray.png</texture>
			<!--<fadetime>MediaFlagsCrossfadeTime</fadetime>-->
			<visible>substring(Player.FilenameAndPath,bluray) | substring(Player.FilenameAndPath,blu-ray) | substring(Player.FilenameAndPath,bdrip) | substring(Player.FilenameAndPath,brrip) | substring(Player.FilenameAndPath,bd25) | substring(Player.FilenameAndPath,bd50)</visible>
		</control>
		<control type="image" id="696">
			<description>Web-DL</description>
			<width>49</width>
			<height>35</height>
			<aspectratio>stretch</aspectratio>
			<texture>flagging/$VAR[MediaFlagTheme]/video/web-dl.png</texture>
			<!--<fadetime>MediaFlagsCrossfadeTime</fadetime>-->
			<visible>[substring(Player.FilenameAndPath,web-dl) | substring(Player.FilenameAndPath,web-download) | substring(Player.FilenameAndPath,webrip)] + ![substring(VideoPlayer.VideoCodec,vp8) | substring(VideoPlayer.VideoCodec,vp9)]</visible>
		</control>
		<control type="image" id="671">
			<description>3D</description>
			<width>65</width>
			<height>35</height>
			<aspectratio>stretch</aspectratio>
			<texture>flagging/$VAR[MediaFlagTheme]/video/3d.png</texture>
			<!--<fadetime>MediaFlagsCrossfadeTime</fadetime>-->
			<visible>VideoPlayer.IsStereoscopic | substring(Player.FilenameAndPath,.3d.) | substring(Player.FilenameAndPath,hsbs) | substring(Player.FilenameAndPath,sbs) | substring(Player.FilenameAndPath,half-sbs)</visible>
		</control>
		<control type="image" id="672">
			<description>HDDVD</description>
			<width>82</width>
			<height>35</height>
			<aspectratio>stretch</aspectratio>
			<texture>flagging/$VAR[MediaFlagTheme]/video/hddvd.png</texture>
			<!--<fadetime>MediaFlagsCrossfadeTime</fadetime>-->
			<visible>substring(Player.FilenameAndPath,hddvd) | substring(Player.FilenameAndPath,hd-dvd)</visible>
		</control>
		<control type="image" id="719">
			<description>DVD</description>
			<width>55</width>
			<height>35</height>
			<aspectratio>stretch</aspectratio>
			<texture>flagging/$VAR[MediaFlagTheme]/video/dvd.png</texture>
			<!--<fadetime>MediaFlagsCrossfadeTime</fadetime>-->
			<visible>[substring(Player.FilenameAndPath,.img,Right) | substring(Player.FilenameAndPath,dvd) | substring(Player.FilenameAndPath,.ifo,Right) | substring(Player.FilenameAndPath,.vob,Right) | substring(Player.FilenameAndPath,dvdrip) | substring(Player.FilenameAndPath,dvdr5) | substring(Player.FilenameAndPath,.r5) | substring(Player.FilenameAndPath,dvdscreener) | substring(Player.FilenameAndPath,dvdscr) | substring(Player.FilenameAndPath,screener)] + ![substring(Player.FilenameAndPath,hddvd) | substring(Player.FilenameAndPath,hd-dvd)]</visible>
		</control>
		<control type="image" id="673">
			<description>HDTV</description>
			<width>74</width>
			<height>35</height>
			<aspectratio>stretch</aspectratio>
			<texture>flagging/$VAR[MediaFlagTheme]/video/hdtv.png</texture>
			<!--<fadetime>MediaFlagsCrossfadeTime</fadetime>-->
			<visible>substring(Player.FilenameAndPath,hdtv) | substring(Player.FilenameAndPath,hdrip)</visible>
		</control>
		<control type="image" id="674">
			<description>SDTV</description>
			<width>74</width>
			<height>35</height>
			<aspectratio>stretch</aspectratio>
			<texture>flagging/$VAR[MediaFlagTheme]/video/sdtv.png</texture>
			<!--<fadetime>MediaFlagsCrossfadeTime</fadetime>-->
			<visible>SubString(Player.FilenameAndPath,PDTV) | substring(Player.FilenameAndPath,sdtv)</visible>
		</control>
		<control type="image" id="675">
			<description>Telesync</description>
			<width>41</width>
			<height>35</height>
			<aspectratio>stretch</aspectratio>
			<texture>flagging/$VAR[MediaFlagTheme]/video/film.png</texture>
			<!--<fadetime>MediaFlagsCrossfadeTime</fadetime>-->
			<visible>substring(Player.FilenameAndPath,.telesync) | substring(Player.FilenameAndPath,.ts.)</visible>
		</control>
		<control type="image" id="676">
			<description>Cam</description>
			<width>41</width>
			<height>35</height>
			<aspectratio>stretch</aspectratio>
			<texture>flagging/$VAR[MediaFlagTheme]/video/film.png</texture>
			<!--<fadetime>MediaFlagsCrossfadeTime</fadetime>-->
			<visible>substring(Player.FilenameAndPath,.cam)</visible>
		</control>
		<control type="image" id="679">
			<description>VHS</description>
			<width>64</width>
			<height>35</height>
			<aspectratio>stretch</aspectratio>
			<texture>flagging/$VAR[MediaFlagTheme]/video/vhs.png</texture>
			<!--<fadetime>MediaFlagsCrossfadeTime</fadetime>-->
			<visible>substring(Player.FilenameAndPath,vhs)</visible>
		</control>
		<control type="image" id="639">
			<description>Xvid Codec</description>
			<width>57</width>
			<height>35</height>
			<aspectratio>stretch</aspectratio>
			<texture>flagging/$VAR[MediaFlagTheme]/video/xvid.png</texture>
			<!--<fadetime>MediaFlagsCrossfadeTime</fadetime>-->
			<visible>substring(VideoPlayer.VideoCodec,xvid)</visible>
		</control>
		<control type="image" id="640">
			<description>Divx Codec</description>
			<width>67</width>
			<height>35</height>
			<aspectratio>stretch</aspectratio>
			<texture>flagging/$VAR[MediaFlagTheme]/video/divx.png</texture>
			<!--<fadetime>MediaFlagsCrossfadeTime</fadetime>-->
			<visible>substring(VideoPlayer.VideoCodec,divx) | substring(VideoPlayer.VideoCodec,div2) | substring(VideoPlayer.VideoCodec,div3) | substring(VideoPlayer.VideoCodec,div4) | substring(VideoPlayer.VideoCodec,divx 4) | substring(VideoPlayer.VideoCodec,div5) | substring(VideoPlayer.VideoCodec,dx50)</visible>
		</control>
		<control type="image" id="641">
			<description>H264 Codec</description>
			<width>61</width>
			<height>35</height>
			<aspectratio>stretch</aspectratio>
			<texture>flagging/$VAR[MediaFlagTheme]/video/h264.png</texture>
			<!--<fadetime>MediaFlagsCrossfadeTime</fadetime>-->
			<visible>substring(VideoPlayer.VideoCodec,h264) | substring(VideoPlayer.VideoCodec,x264) | substring(VideoPlayer.VideoCodec,hdmv)</visible>
		</control>
		<control type="image" id="699">
			<description>H265 Codec</description>
			<width>61</width>
			<height>35</height>
			<aspectratio>stretch</aspectratio>
			<texture>flagging/$VAR[MediaFlagTheme]/video/hevc.png</texture>
			<!--<fadetime>MediaFlagsCrossfadeTime</fadetime>-->
			<visible>substring(VideoPlayer.VideoCodec,hevc)</visible>
		</control>
		<control type="image" id="642">
			<description>AVC1 Codec</description>
			<width>61</width>
			<height>35</height>
			<aspectratio>stretch</aspectratio>
			<texture>flagging/$VAR[MediaFlagTheme]/video/avc1.png</texture>
			<!--<fadetime>MediaFlagsCrossfadeTime</fadetime>-->
			<visible>substring(VideoPlayer.VideoCodec,avc1)</visible>
		</control>
		<control type="image" id="643">
			<description>WVC1 Codec</description>
			<width>80</width>
			<height>35</height>
			<aspectratio>stretch</aspectratio>
			<texture>flagging/$VAR[MediaFlagTheme]/video/wvc1.png</texture>
			<!--<fadetime>MediaFlagsCrossfadeTime</fadetime>-->
			<visible>substring(VideoPlayer.VideoCodec,wvc1)</visible>
		</control>
		<control type="image" id="721">
			<description>VC-1 Codec</description>
			<width>80</width>
			<height>35</height>
			<aspectratio>stretch</aspectratio>
			<texture>flagging/$VAR[MediaFlagTheme]/video/vc-1.png</texture>
			<!--<fadetime>MediaFlagsCrossfadeTime</fadetime>-->
			<visible>substring(VideoPlayer.VideoCodec,vc1) | substring(VideoPlayer.VideoCodec,vc-1)</visible>
		</control>
		<control type="image" id="681">
			<description>WMV Codec</description>
			<width>80</width>
			<height>35</height>
			<aspectratio>stretch</aspectratio>
			<texture>flagging/$VAR[MediaFlagTheme]/video/wmv.png</texture>
			<!--<fadetime>MediaFlagsCrossfadeTime</fadetime>-->
			<visible>substring(VideoPlayer.VideoCodec,wmv) | substring(VideoPlayer.VideoCodec,wmv2) | substring(VideoPlayer.VideoCodec,wmv3)</visible>
		</control>
		<control type="image" id="644">
			<description>MPEG-1 Codec</description>
			<width>57</width>
			<height>35</height>
			<aspectratio>stretch</aspectratio>
			<texture>flagging/$VAR[MediaFlagTheme]/video/mpeg1video.png</texture>
			<!--<fadetime>MediaFlagsCrossfadeTime</fadetime>-->
			<visible>substring(VideoPlayer.VideoCodec,mpeg1video)</visible>
		</control>
		<control type="image" id="645">
			<description>MPEG-2 Codec</description>
			<width>57</width>
			<height>35</height>
			<aspectratio>stretch</aspectratio>
			<texture>flagging/$VAR[MediaFlagTheme]/video/mpeg2video.png</texture>
			<!--<fadetime>MediaFlagsCrossfadeTime</fadetime>-->
			<visible>substring(VideoPlayer.VideoCodec,mpeg2video) | substring(VideoPlayer.VideoCodec,mpeg video) | substring(VideoPlayer.VideoCodec,mpeg2)</visible>
		</control>
		<control type="image" id="646">
			<description>MPEG-4 Codec</description>
			<width>57</width>
			<height>35</height>
			<aspectratio>stretch</aspectratio>
			<texture>flagging/$VAR[MediaFlagTheme]/video/mpeg4video.png</texture>
			<!--<fadetime>MediaFlagsCrossfadeTime</fadetime>-->
			<visible>substring(VideoPlayer.VideoCodec,mpeg-4 visual) | substring(VideoPlayer.VideoCodec,mp4v) | substring(VideoPlayer.VideoCodec,mpg4)</visible>
		</control>
		<control type="image" id="647">
			<description>Sorenson Video Codec</description>
			<width>36</width>
			<height>35</height>
			<aspectratio>stretch</aspectratio>
			<texture>flagging/$VAR[MediaFlagTheme]/video/svq3.png</texture>
			<!--<fadetime>MediaFlagsCrossfadeTime</fadetime>-->
			<visible>substring(VideoPlayer.VideoCodec,svq1) | substring(VideoPlayer.VideoCodec,svq3)</visible>
		</control>
		<control type="image" id="697">
			<description>VP8 and VP9 Video Codec</description>
			<width>36</width>
			<height>35</height>
			<aspectratio>stretch</aspectratio>
			<texture>flagging/$VAR[MediaFlagTheme]/video/vp8.png</texture>
			<!--<fadetime>MediaFlagsCrossfadeTime</fadetime>-->
			<visible>substring(VideoPlayer.VideoCodec,vp8) | substring(VideoPlayer.VideoCodec,vp9)</visible>
		</control>
		<control type="image" id="648">
			<description>Flash Video Codec</description>
			<width>22</width>
			<height>35</height>
			<aspectratio>stretch</aspectratio>
			<texture>flagging/$VAR[MediaFlagTheme]/video/flv.png</texture>
			<!--<fadetime>MediaFlagsCrossfadeTime</fadetime>-->
			<visible>substring(VideoPlayer.VideoCodec,flv)</visible>
		</control>
		<control type="image" id="649">
			<description>Video Resolution</description>
			<left>-5</left>
			<width>48</width>
			<height>35</height>
			<aspectratio>stretch</aspectratio>
			<!--<fadetime>MediaFlagsCrossfadeTime</fadetime>-->
			<texture>flagging/$VAR[MediaFlagTheme]/video/$INFO[VideoPlayer.VideoResolution].png</texture>
			<visible>!IsEmpty(VideoPlayer.VideoCodec) + !Skin.HasSetting(HideVideoResMediaFlag)</visible>
		</control>
		<control type="image" id="650">
			<description>Right Border</description>
			<left>-5</left>
			<width>4</width>
			<height>35</height>
			<aspectratio>stretch</aspectratio>
			<!--<fadetime>MediaFlagsCrossfadeTime</fadetime>-->
			<texture>flagging/$VAR[MediaFlagTheme]/flag-right-border.png</texture>
			<visible>!IsEmpty(VideoPlayer.VideoCodec) + Skin.HasSetting(HideVideoResMediaFlag)</visible>
		</control>
	</include>
	
	<include name="PlayerAudioMediaFlags">
		<control type="image" id="651">
			<description>MP3 Codec</description>
			<width>55</width>
			<height>35</height>
			<aspectratio>stretch</aspectratio>
			<texture>flagging/$VAR[MediaFlagTheme]/audio/mp3.png</texture>
			<!--<fadetime>MediaFlagsCrossfadeTime</fadetime>-->
			<visible>substring(VideoPlayer.AudioCodec,mp3)</visible>
		</control>
		<control type="image" id="652">
			<description>MP2 Codec</description>
			<width>53</width>
			<height>35</height>
			<aspectratio>stretch</aspectratio>
			<texture>flagging/$VAR[MediaFlagTheme]/audio/mp2.png</texture>
			<!--<fadetime>MediaFlagsCrossfadeTime</fadetime>-->
			<visible>substring(VideoPlayer.AudioCodec,mp2)</visible>
		</control>
		<control type="image" id="653">
			<description>MP1 Codec</description>
			<width>53</width>
			<height>35</height>
			<aspectratio>stretch</aspectratio>
			<texture>flagging/$VAR[MediaFlagTheme]/audio/mp1.png</texture>
			<!--<fadetime>MediaFlagsCrossfadeTime</fadetime>-->
			<visible>substring(VideoPlayer.AudioCodec,mp1)</visible>
		</control>
		<control type="image" id="701">
			<description>Opus Codec</description>
			<width>53</width>
			<height>35</height>
			<aspectratio>stretch</aspectratio>
			<texture>flagging/$VAR[MediaFlagTheme]/audio/opus.png</texture>
			<!--<fadetime>MediaFlagsCrossfadeTime</fadetime>-->
			<visible>substring(VideoPlayer.AudioCodec,opus)</visible>
		</control>
		<control type="image" id="654">
			<description>DTS Codec</description>
			<width>66</width>
			<height>35</height>
			<aspectratio>stretch</aspectratio>
			<texture>flagging/$VAR[MediaFlagTheme]/audio/dts.png</texture>
			<!--<fadetime>MediaFlagsCrossfadeTime</fadetime>-->
			<visible>substring(VideoPlayer.AudioCodec,dca)</visible>
		</control>
		<control type="image" id="683">
			<description>PCM Codec</description>
			<width>59</width>
			<height>35</height>
			<aspectratio>stretch</aspectratio>
			<texture>flagging/$VAR[MediaFlagTheme]/audio/pcm.png</texture>
			<!--<fadetime>MediaFlagsCrossfadeTime</fadetime>-->
			<visible>substring(VideoPlayer.AudioCodec,pcm_s16be) | substring(VideoPlayer.AudioCodec,pcm_s16le) | substring(VideoPlayer.AudioCodec,pcm_u8)</visible>
		</control>
		<control type="image" id="655">
			<description>AAC Codec</description>
			<width>40</width>
			<height>35</height>
			<aspectratio>stretch</aspectratio>
			<texture>flagging/$VAR[MediaFlagTheme]/audio/aac.png</texture>
			<!--<fadetime>MediaFlagsCrossfadeTime</fadetime>-->
			<visible>substring(VideoPlayer.AudioCodec,aac)</visible>
		</control>
		<control type="image" id="656">
			<description>Dolby Digital/AC3 Codec</description>
			<width>66</width>
			<height>35</height>
			<aspectratio>stretch</aspectratio>
			<texture>flagging/$VAR[MediaFlagTheme]/audio/dolbydigital.png</texture>
			<!--<fadetime>MediaFlagsCrossfadeTime</fadetime>-->
			<visible>[substring(VideoPlayer.AudioCodec,ac3) | substring(VideoPlayer.AudioCodec,ac-3)] + !substring(VideoPlayer.AudioCodec,eac3)</visible>
		</control>
		<control type="image" id="689">
			<description>EAC3 Codec</description>
			<width>66</width>
			<height>35</height>
			<aspectratio>stretch</aspectratio>
			<texture>flagging/$VAR[MediaFlagTheme]/audio/eac3.png</texture>
			<!--<fadetime>MediaFlagsCrossfadeTime</fadetime>-->
			<visible>substring(VideoPlayer.AudioCodec,eac3) + !substring(Player.FilenameAndPath,.atmos)</visible>
		</control>
		<control type="image" id="669">
			<description>TrueHD Codec</description>
			<width>60</width>
			<height>35</height>
			<aspectratio>stretch</aspectratio>
			<texture>flagging/$VAR[MediaFlagTheme]/audio/truehd.png</texture>
			<!--<fadetime>MediaFlagsCrossfadeTime</fadetime>-->
			<visible>substring(VideoPlayer.AudioCodec,truehd) + !substring(Player.FilenameAndPath,.atmos)</visible>
		</control>
		<control type="image" id="723">
			<description>Atmos Codec</description>
			<width>66</width>
			<height>35</height>
			<aspectratio>stretch</aspectratio>
			<texture>flagging/$VAR[MediaFlagTheme]/audio/atmos.png</texture>
			<!--<fadetime>MediaFlagsCrossfadeTime</fadetime>-->
			<visible>[substring(VideoPlayer.AudioCodec,eac3) | substring(VideoPlayer.AudioCodec,truehd)] + substring(Player.FilenameAndPath,.atmos)</visible>
		</control>
		<control type="image" id="657">
			<description>WMA STD V2/WMA Codec</description>
			<width>80</width>
			<height>35</height>
			<aspectratio>stretch</aspectratio>
			<texture>flagging/$VAR[MediaFlagTheme]/audio/wma.png</texture>
			<!--<fadetime>MediaFlagsCrossfadeTime</fadetime>-->
			<visible>substring(VideoPlayer.AudioCodec,wmav2) | substring(VideoPlayer.AudioCodec,wma)</visible>
		</control>
		<control type="image" id="687">
			<description>WMA Pro Codec</description>
			<width>80</width>
			<height>35</height>
			<aspectratio>stretch</aspectratio>
			<texture>flagging/$VAR[MediaFlagTheme]/audio/wmapro.png</texture>
			<!--<fadetime>MediaFlagsCrossfadeTime</fadetime>-->
			<visible>substring(VideoPlayer.AudioCodec,wmapro)</visible>
		</control>
		<control type="image" id="658">
			<description>FLAC Codec</description>
			<width>48</width>
			<height>35</height>
			<aspectratio>stretch</aspectratio>
			<texture>flagging/$VAR[MediaFlagTheme]/audio/flac.png</texture>
			<!--<fadetime>MediaFlagsCrossfadeTime</fadetime>-->
			<visible>substring(VideoPlayer.AudioCodec,flac)</visible>
		</control>
		<control type="image" id="659">
			<description>Vorbis Codec</description>
			<width>42</width>
			<height>35</height>
			<aspectratio>stretch</aspectratio>
			<texture>flagging/$VAR[MediaFlagTheme]/audio/vorbis.png</texture>
			<!--<fadetime>MediaFlagsCrossfadeTime</fadetime>-->
			<visible>substring(VideoPlayer.AudioCodec,vorbis)</visible>
		</control>
		<control type="image" id="685">
			<description>OGG Codec</description>
			<width>42</width>
			<height>35</height>
			<aspectratio>stretch</aspectratio>
			<texture>flagging/$VAR[MediaFlagTheme]/audio/ogg.png</texture>
			<!--<fadetime>MediaFlagsCrossfadeTime</fadetime>-->
			<visible>substring(VideoPlayer.AudioCodec,ogg)</visible>
		</control>
		<control type="image" id="716">
			<description>DTS-HD Master Audio Codec</description>
			<width>66</width>
			<height>35</height>
			<aspectratio>stretch</aspectratio>
			<texture>flagging/$VAR[MediaFlagTheme]/audio/dtshd_ma.png</texture>
			<!--<fadetime>MediaFlagsCrossfadeTime</fadetime>-->
			<visible>substring(VideoPlayer.AudioCodec,dtshd_ma)</visible>
		</control>
		<control type="image" id="717">
			<description>DTS-HD High Resolution Audio</description>
			<width>66</width>
			<height>35</height>
			<aspectratio>stretch</aspectratio>
			<texture>flagging/$VAR[MediaFlagTheme]/audio/dtshd_hra.png</texture>
			<!--<fadetime>MediaFlagsCrossfadeTime</fadetime>-->
			<visible>substring(VideoPlayer.AudioCodec,dtshd_hra)</visible>
		</control>
		<control type="image" id="660">
			<description>Audio Channels</description>
			<left>-5</left>
			<width>43</width>
			<height>35</height>
			<aspectratio>stretch</aspectratio>
			<texture>flagging/$VAR[MediaFlagTheme]/audio/$INFO[VideoPlayer.AudioChannels].png</texture>
			<!--<fadetime>MediaFlagsCrossfadeTime</fadetime>-->
			<visible>!IsEmpty(VideoPlayer.AudioCodec)</visible>
		</control>
	</include>
	
	<include name="PlayerAspectMediaFlags">
		<control type="image" id="677">
			<description>Aspect Ratio</description>
			<width>50</width>
			<height>35</height>
			<aspectratio>stretch</aspectratio>
			<texture>flagging/$VAR[MediaFlagTheme]/aspectratio/$INFO[VideoPlayer.VideoAspect].png</texture>
			<!--<fadetime>MediaFlagsCrossfadeTime</fadetime>-->
			<visible>!IsEmpty(VideoPlayer.VideoAspect) + !Skin.HasSetting(HideAspectRatioMediaFlag)</visible>
		</control>
	</include>
	
	<include name="PlayerRatingMediaFlags">
		<control type="image" id="661">
			<description>Rated General</description>
			<width>26</width>
			<height>35</height>
			<aspectratio>stretch</aspectratio>
			<texture>flagging/$VAR[MediaFlagTheme]/ratings/mpaa-general.png</texture>
			<!--<fadetime>MediaFlagsCrossfadeTime</fadetime>-->
			<visible>substring(VideoPlayer.MPAA,Rated G) | substring(VideoPlayer.MPAA,US:G) | substring(VideoPlayer.MPAA,USA:G)</visible>  
		</control>
		<control type="image" id="662">
			<description>Rated PG</description>
			<width>40</width>
			<height>35</height>
			<aspectratio>stretch</aspectratio>
			<texture>flagging/$VAR[MediaFlagTheme]/ratings/mpaa-pg.png</texture>
			<!--<fadetime>MediaFlagsCrossfadeTime</fadetime>-->
			<visible>[substring(VideoPlayer.MPAA,Rated PG) + !substring(VideoPlayer.MPAA,Rated PG-13)] | [substring(VideoPlayer.MPAA,US:PG) + !substring(VideoPlayer.MPAA,US:PG-13)] | [substring(VideoPlayer.MPAA,USA:PG) + !substring(VideoPlayer.MPAA,USA:PG-13)]</visible>  
		</control>
		<control type="image" id="663">
			<description>Rated PG-13</description>
			<width>63</width>
			<height>35</height>
			<aspectratio>stretch</aspectratio>
			<texture>flagging/$VAR[MediaFlagTheme]/ratings/mpaa-pg13.png</texture>
			<!--<fadetime>MediaFlagsCrossfadeTime</fadetime>-->
			<visible>substring(VideoPlayer.MPAA,Rated PG-13) | substring(VideoPlayer.MPAA,US:PG-13) | substring(VideoPlayer.MPAA,USA:PG-13)</visible>  
		</control>
		<control type="image" id="664">
			<description>Rated R</description>
			<width>34</width>
			<height>35</height>
			<aspectratio>stretch</aspectratio>
			<texture>flagging/$VAR[MediaFlagTheme]/ratings/mpaa-restricted.png</texture>
			<!--<fadetime>MediaFlagsCrossfadeTime</fadetime>-->
			<visible>substring(VideoPlayer.MPAA,Rated R) | substring(VideoPlayer.MPAA,US:R) | substring(VideoPlayer.MPAA,USA:R)</visible>  
		</control>
		<control type="image" id="665">
			<description>Rated NC-17</description>
			<width>63</width>
			<height>35</height>
			<aspectratio>stretch</aspectratio>
			<texture>flagging/$VAR[MediaFlagTheme]/ratings/mpaa-nc17.png</texture>
			<!--<fadetime>MediaFlagsCrossfadeTime</fadetime>-->
			<visible>substring(VideoPlayer.MPAA,Rated NC-17) | substring(VideoPlayer.MPAA,US:NC-17) | substring(VideoPlayer.MPAA,USA:NC-17)</visible>  
		</control>
		<control type="image" id="709">
			<description>Rated UK U</description>
			<width>27</width>
			<height>35</height>
			<aspectratio>stretch</aspectratio>
			<texture>flagging/$VAR[MediaFlagTheme]/ratings/mpaa-uk-u.png</texture>
			<!--<fadetime>MediaFlagsCrossfadeTime</fadetime>-->
			<visible>substring(VideoPlayer.MPAA,UK:U)</visible>  
		</control>
		<control type="image" id="710">
			<description>Rated UK PG</description>
			<width>36</width>
			<height>35</height>
			<aspectratio>stretch</aspectratio>
			<texture>flagging/$VAR[MediaFlagTheme]/ratings/mpaa-uk-pg.png</texture>
			<!--<fadetime>MediaFlagsCrossfadeTime</fadetime>-->
			<visible>substring(VideoPlayer.MPAA,UK:PG)</visible>  
		</control>
		<control type="image" id="711">
			<description>Rated UK 12</description>
			<width>32</width>
			<height>35</height>
			<aspectratio>stretch</aspectratio>
			<texture>flagging/$VAR[MediaFlagTheme]/ratings/mpaa-uk-12.png</texture>
			<!--<fadetime>MediaFlagsCrossfadeTime</fadetime>-->
			<visible>substring(VideoPlayer.MPAA,UK:12) + !substring(VideoPlayer.MPAA,UK:12a)</visible>  
		</control>
		<control type="image" id="712">
			<description>Rated UK 12A</description>
			<width>43</width>
			<height>35</height>
			<aspectratio>stretch</aspectratio>
			<texture>flagging/$VAR[MediaFlagTheme]/ratings/mpaa-uk-12a.png</texture>
			<!--<fadetime>MediaFlagsCrossfadeTime</fadetime>-->
			<visible>substring(VideoPlayer.MPAA,UK:12a)</visible>  
		</control>
		<control type="image" id="713">
			<description>Rated UK 15</description>
			<width>32</width>
			<height>35</height>
			<aspectratio>stretch</aspectratio>
			<texture>flagging/$VAR[MediaFlagTheme]/ratings/mpaa-uk-15.png</texture>
			<!--<fadetime>MediaFlagsCrossfadeTime</fadetime>-->
			<visible>substring(VideoPlayer.MPAA,UK:15)</visible>  
		</control>
		<control type="image" id="714">
			<description>Rated UK 18</description>
			<width>32</width>
			<height>35</height>
			<aspectratio>stretch</aspectratio>
			<texture>flagging/$VAR[MediaFlagTheme]/ratings/mpaa-uk-18.png</texture>
			<!--<fadetime>MediaFlagsCrossfadeTime</fadetime>-->
			<visible>substring(VideoPlayer.MPAA,UK:18)</visible>  
		</control>
		<control type="image" id="715">
			<description>Rated UK R18</description>
			<width>43</width>
			<height>35</height>
			<aspectratio>stretch</aspectratio>
			<texture>flagging/$VAR[MediaFlagTheme]/ratings/mpaa-uk-r18.png</texture>
			<!--<fadetime>MediaFlagsCrossfadeTime</fadetime>-->
			<visible>substring(VideoPlayer.MPAA,UK:R18)</visible>  
		</control>
		<control type="image" id="742">
			<description>Unrated</description>
			<width>44</width>
			<height>35</height>
			<aspectratio>stretch</aspectratio>
			<texture>flagging/$VAR[MediaFlagTheme]/ratings/unrated.png</texture>
			<!--<fadetime>MediaFlagsCrossfadeTime</fadetime>-->
			<visible>substring(Player.FilenameAndPath,.unrated)</visible>
		</control>
		<control type="image" id="740">
			<description>No Rating</description>
			<width>44</width>
			<height>35</height>
			<aspectratio>stretch</aspectratio>
			<texture>flagging/$VAR[MediaFlagTheme]/ratings/no-rating.png</texture>
			<!--<fadetime>MediaFlagsCrossfadeTime</fadetime>-->
			<visible>IsEmpty(VideoPlayer.MPAA) + !substring(Player.FilenameAndPath,.unrated)</visible>  
		</control>
	</include>
	
	<include name="VideoInfoStudioMediaFlag">
		<control type="image" id="666">
			<description>Studio</description>
			<left>470</left>
			<top>645</top>
			<width>710</width>
			<height>65</height>
			<aspectratio>keep</aspectratio>
			<align>center</align>
			<!--<fadetime>MediaFlagsCrossfadeTime</fadetime>-->
			<texture>resource://resource.images.studios.white/$INFO[ListItem.Studio].png</texture>
			<include>MediaFlagFadeAnim</include>
		</control>
	</include>
	
	<include name="VideoInfoStudioMediaFlag2">		
		<control type="group">
			<visible>!IsEmpty(ListItem.Studio)</visible>
			
			<control type="image" id="690">
				<left>246</left>
				<top>650</top>
				<width>58</width>
				<height>35</height>
				<texture border="6">flagging/$VAR[MediaFlagTheme]/flag-bg.png</texture>
				<include>MediaFlagFadeAnim</include>
				<visible>!IsEmpty(Control.GetLabel(691))</visible>
			</control>
					
			<control type="image" id="691">
				<description>Studio Flag</description>
				<left>245</left>
				<top>649</top>
				<width>60</width>
				<height>37</height>
				<aspectratio align="center">keep</aspectratio>
				<texture>resource://resource.images.studios.white/$INFO[ListItem.Studio].png</texture>
				<animation effect="fade" end="50" condition="true">Conditional</animation>
			</control>
		</control>
	</include>
	
	<include name="StudioMediaFlag">
		<control type="group">
			<visible>!IsEmpty(ListItem.Studio)</visible>
			<animation effect="slide" end="-427,0" condition="Container.Content(TVShows) + Control.IsVisible(583) + !Skin.HasSetting(HideTVShowsFanartMediaInfo)">Conditional</animation>
			
			<control type="image" id="667">
				<left>1192</left>
				<top>3</top>
				<width>58</width>
				<height>35</height>
				<texture border="6">flagging/$VAR[MediaFlagTheme]/flag-bg.png</texture>
				<include>MediaFlagFadeAnim</include>
			</control>
					
			<control type="image" id="668">
				<description>Studio Flag</description>
				<left>1192</left>
				<top>3</top>
				<width>58</width>
				<height>35</height>
				<aspectratio>stretch</aspectratio>
				<texture>resource://resource.images.studios.white/$INFO[ListItem.Studio].png</texture>
				<animation effect="fade" end="50" condition="true">Conditional</animation>
			</control>
		</control>
	</include>
	
	<include name="StudioMediaFlag2">
		<control type="group">
			<visible>!IsEmpty(ListItem.Studio)</visible>
			
			<control type="image" id="692">
				<width>58</width>
				<height>35</height>
				<texture border="6">flagging/$VAR[MediaFlagTheme]/flag-bg.png</texture>
				<animation effect="fade" end="95" condition="true">Conditional</animation>
			</control>
					
			<control type="image" id="693">
				<description>Studio Flag</description>
				<width>58</width>
				<height>35</height>
				<aspectratio>stretch</aspectratio>
				<texture>resource://resource.images.studios.white/$INFO[ListItem.Studio].png</texture>
				<animation effect="fade" end="70" condition="true">Conditional</animation>
			</control>
		</control>
	</include>
	
	<include name="NextAiredStatusMediaFlag">
		<control type="group">
		<animation effect="slide" end="-495,0" condition="Container.Content(Episodes)">Conditional</animation>
		<animation effect="slide" end="-255,0" condition="Container.Content(TVShows) + Control.IsVisible(583) + !Skin.HasSetting(HideTVShowsFanartMediaInfo)">Conditional</animation>
			<control type="image">
				<left>1083</left>
				<top>3</top>
				<width>104</width>
				<height>35</height>
				<texture border="6">flagging/$VAR[MediaFlagTheme]/flag-big-bg.png</texture>
				<include>MediaFlagFadeAnim</include>
				<animation effect="fade" time="200">VisibleChange</animation>
				<visible>!IsEmpty(Window(Home).Property(NextAired.Status))</visible>
			</control>
					
			<control type="label">
				<description>Next Aired Status</description>
				<left>1085</left>
				<top>3</top>
				<width>100</width>
				<height>35</height>
				<font>NextAiredTimeFont</font>
				<textcolor>SelectedColor</textcolor>
				<align>center</align>
				<aligny>center</aligny>
				<wrapmultiline>true</wrapmultiline>
				<label>$INFO[Window(Home).Property(NextAired.Status)]</label>
				<animation effect="fade" end="50" condition="true">Conditional</animation>
				<visible>!StringCompare(Window(Home).Property(NextAired.StatusID),1)</visible>
			</control>
			
			<control type="label">
				<description>Next Aired Status Cancelled/Ended</description>
				<left>1085</left>
				<top>3</top>
				<width>100</width>
				<height>35</height>
				<font>NextAiredTimeFont</font>
				<textcolor>SelectedColor</textcolor>
				<align>center</align>
				<aligny>center</aligny>
				<wrapmultiline>true</wrapmultiline>
				<label>$LOCALIZE[31965]</label>
				<animation effect="fade" end="50" condition="true">Conditional</animation>
				<visible>StringCompare(Window(Home).Property(NextAired.StatusID),1)</visible>
			</control>
		</control>
	</include>
</includes>