<?xml version="1.0" encoding="UTF-8"?>
<window>
	<defaultcontrol always="true">500</defaultcontrol>
	<menucontrol>850</menucontrol>
	<views>50,63,52,58,59,60,91,585,586,65,53,93,69</views>
	<onload>Skin.Reset(ShowMediaExtraOptions)</onload>
	
	<controls>
		<control type="group">
			<depth>DepthBackground</depth>
			<include>BackgroundDefault</include>
			<include condition="[[!String.IsEmpty(Skin.String(CustomMusicBGPath)) + [Skin.String(CustomMusicBGType,2) | Skin.String(CustomMusicBGType,3)]] 
			| Skin.String(CustomMusicBGType,4)] + Skin.HasSetting(ApplyAllMusicCustomBG)">BackgroundMusic</include>
			<include>BackgroundAddonsFanart</include>
			<include>BackgroundMusicFanart</include>
			<include condition="String.Contains(Container.FolderPath,musicdb://genres/) + !String.IsEmpty(Skin.String(MusicGenreFanartAddon.name))">BackgroundGenreFanart</include>
			<include condition="!Skin.HasSetting(DisableVideoPlayingBG)">BackgroundVideoPlaying</include>
			<include condition="!Skin.HasSetting(DisableMusicPlayingBG)">BackgroundMusicPlaying</include>
			<include>BackgroundOpenCloseAnim</include>
		</control>
		
		<control type="group">
			<visible>![$EXP[ExtendedinfoInfoDialogs] | $EXP[EmbuaryInfoDialogs]]</visible>
			<control type="group">
				<visible>!Window.IsActive(DialogMusicInfo.xml) + !Window.IsActive(MovieInformation) + !Window.IsActive(AddonInformation)</visible>
				<depth>DepthContent</depth>
				<include>MediaInfoOpenCloseAnim</include>
				<include>IconView</include> <!-- 50 -->
				<include>ListView</include> <!-- 52 -->
				<include>AlbumThumbsView</include> <!-- 63 -->
				<include condition="!Skin.HasSetting(DisableMusicListInfoView)">ListInfoView</include> <!-- 58 -->
				<include condition="!Skin.HasSetting(DisableMusicListInfoView2)">ListInfoView2</include> <!-- 59 -->
				<include condition="!Skin.HasSetting(DisableMusicListInfoView2)">ListInfoView3</include> <!-- 60 -->
				<include condition="!Skin.HasSetting(DisableMusicThumbsInfoView)">ThumbsInfoView</include> <!-- 65 -->
				<include condition="!Skin.HasSetting(DisableMusicWrapListInfoView)">WrapListInfoView</include> <!-- 53 -->
				<include condition="!Skin.HasSetting(DisableMusicWallView)">WallView</include> <!-- 69 -->
				<include condition="!Skin.HasSetting(DisableAddonsListInfoView)">AddonsListInfoView</include> <!-- 91 -->
				<include condition="!Skin.HasSetting(DisableAddonsWrapListInfoView)">AddonsWrapListInfoView</include> <!-- 93 -->
				<include condition="!Skin.HasSetting(DisableExtendedListView)">ExtendedListView</include> <!-- 585 -->
				<include condition="!Skin.HasSetting(DisableExtendedListView2)">ExtendedListView2</include> <!-- 586 -->
			</control>
			
			<include>MediaMenuBar</include>
			
			<control type="group">
				<description>Top Bar Area</description>
				<depth>DepthTopBar</depth>
				<visible>![System.IdleTime(3) + Skin.HasSetting(HideTopBar) + ![Control.IsVisible(69) | Control.IsVisible(505) | Control.HasFocus(555)]]</visible>
				<include>TopBarImage</include>
				<include>TopBarOpenCloseAnim</include>
				<include>BreadCrumbMusicLibrary</include>
				<include>Notifications</include>
				<include>SortLetterNotification</include>
			</control>
		</control>
	</controls>
</window>
