<?xml version="1.0" encoding="UTF-8"?>
<includes>
	<!-- NextAired -->
	<include name="NextAiredHeaderImage">
		<control type="image">
			<width>120</width>
			<height>55</height>
			<texture>white.png</texture>
			<include>NextAiredHeaderFadeAnim</include>
		</control>
	</include>
	
	<include name="NextAiredHeaderImage2">
		<control type="image">
			<left>-5</left>
			<top>-5</top>
			<width>130</width>
			<height>65</height>
			<texture background="true" border="12">covers/cover-case-focus.png</texture>
			<animation effect="fade" end="30" condition="true">Conditional</animation>
		</control>
	</include>

	<include name="NextAiredColumnImage">
		<width>120</width>
		<height>114</height>
		<texture>white.png</texture>
		<include>NextAiredColumnFadeAnim</include>
	</include>

	<include name="NextAiredColumnLayout">
		<control type="group">
			<top>60</top>
			<control type="image">
				<include>NextAiredColumnImage</include>
			</control>

			<control type="image">
				<top>116</top>
				<include>NextAiredColumnImage</include>
			</control>

			<control type="image">
				<top>232</top>
				<include>NextAiredColumnImage</include>
			</control>

			<control type="image">
				<top>348</top>
				<include>NextAiredColumnImage</include>
			</control>
		</control>
	</include>

	<include name="NextAiredDayLabel">
		<width>120</width>
		<height>30</height>
		<font>NextAiredDayFont</font>
		<textcolor>DefaultColor</textcolor>
		<shadowcolor>ShadowColor</shadowcolor>
		<aligny>center</aligny>
		<align>center</align>	
	</include>

	<include name="NextAiredDateLabel">
		<top>26</top>
		<width>120</width>
		<height>25</height>
		<font>NextAiredDateFont</font>
		<textcolor>DefaultColor2</textcolor>
		<shadowcolor>ShadowColor</shadowcolor>
		<aligny>center</aligny>
		<align>center</align>
	</include>

	<include name="NextAiredTimeLabel">
		<control type="label">
			<left>5</left>
			<top>85</top>
			<width>110</width>
			<height>20</height>
			<aligny>center</aligny>
			<align>center</align>
			<font>NextAiredTimeFont</font>
			<textcolor>GreyColor</textcolor>
			<shadowcolor>ShadowColor</shadowcolor>
			<label>$INFO[ListItem.Property(ShortTime)]$INFO[ListItem.Property(NextSeasonNumber),  &#x2022;  S,]$INFO[ListItem.Property(NextEpisodeNumber),E,]</label>
		</control>
	</include>

	<include name="NextAiredTimeLabel2">
		<control type="label">
			<left>5</left>
			<top>85</top>
			<width>110</width>
			<height>20</height>
			<aligny>center</aligny>
			<align>center</align>
			<font>NextAiredTimeFont</font>
			<textcolor>DefaultColor2</textcolor>
			<shadowcolor>ShadowColor</shadowcolor>
			<label>$INFO[ListItem.Property(ShortTime)]$INFO[ListItem.Property(NextSeasonNumber),  &#x2022;  S,]$INFO[ListItem.Property(NextEpisodeNumber),E,]</label>
		</control>
	</include>

	<include name="NextAiredItemImage">
		<control type="image">
			<left>-6</left>	
			<top>-5</top>
			<width>132</width>
			<height>124</height>
			<texture background="true" border="12">covers/cover-case-focus.png</texture>
		</control>
		
		<control type="image">
			<left>-6</left>	
			<top>-5</top>
			<width>132</width>
			<height>124</height>
			<texture background="true" border="2">black.png</texture>
			<bordersize>11</bordersize>
			<animation effect="fade" end="60" condition="true">Conditional</animation>
		</control>
	</include>

	<include name="NextAiredItemLayout">
		<control type="image">
			<description>Thumb</description>
			<left>7</left>
			<top>8</top>
			<width>106</width>
			<height>76</height>
			<aspectratio>keep</aspectratio>
			<texture background="true">$INFO[ListItem.Property(Art(poster))]</texture>
			<visible>StringCompare(Window(Home).Property(TVGuide.ThumbType),0)</visible>
		</control>

		<control type="image">
			<description>Banner</description>
			<left>7</left>
			<top>27</top>
			<width>106</width>
			<height>40</height>
			<aspectratio>keep</aspectratio>
			<texture background="true">$INFO[ListItem.Property(Art(banner))]</texture>
			<visible>StringCompare(Window(Home).Property(TVGuide.ThumbType),1)</visible>
		</control>

		<control type="image">
			<description>Logo</description>
			<left>7</left>
			<top>27</top>
			<width>106</width>
			<height>40</height>
			<aspectratio>keep</aspectratio>
			<texture background="true">$INFO[ListItem.Property(Art(clearlogo))]</texture>
			<visible>StringCompare(Window(Home).Property(TVGuide.ThumbType),2)</visible>
		</control>
	</include>

	<include name="NextAiredInfoImage">
		<width>336</width>
		<height>30</height>
		<texture>white.png</texture>
		<include>NextAiredInfoFadeAnim</include>
	</include>

	<include name="NextAiredTitleLabel">
		<width>340</width>
		<height>55</height>
		<font>MediaInfoFont</font>
		<textcolor>DefaultColor</textcolor>
		<shadowcolor>ShadowColor</shadowcolor>
		<aligny>center</aligny>
		<align>center</align>
		<scroll>true</scroll>
	</include>

	<include name="NextAiredInfoLabel">
		<width min="0" max="110">auto</width>
		<height>30</height>
		<font>MediaInfoFont</font>
		<textcolor>MediaInfoItemColor</textcolor>
		<shadowcolor>ShadowColor</shadowcolor>
		<aligny>center</aligny>
	</include>

	<include name="NextAiredInfoLabelVal">
		<width min="0" max="330">auto</width>
		<height>30</height>
		<font>MediaInfoFont</font>
		<textcolor>MediaInfoItemColor2</textcolor>
		<shadowcolor>ShadowColor</shadowcolor>
		<aligny>center</aligny>
		<scroll>true</scroll>
	</include>

	<variable name="NextAiredTitle">
		<value condition="Control.HasFocus(215)">$INFO[Container(215).ListItem.Label]</value>
		<value condition="Control.HasFocus(214)">$INFO[Container(214).ListItem.Label]</value>
		<value condition="Control.HasFocus(213)">$INFO[Container(213).ListItem.Label]</value>
		<value condition="Control.HasFocus(212)">$INFO[Container(212).ListItem.Label]</value>
		<value condition="Control.HasFocus(211)">$INFO[Container(211).ListItem.Label]</value>
		<value condition="Control.HasFocus(210)">$INFO[Container(210).ListItem.Label]</value>
		<value condition="Control.HasFocus(209)">$INFO[Container(209).ListItem.Label]</value>
		<value condition="Control.HasFocus(208)">$INFO[Container(208).ListItem.Label]</value>
		<value condition="Control.HasFocus(207)">$INFO[Container(207).ListItem.Label]</value>
		<value condition="Control.HasFocus(206)">$INFO[Container(206).ListItem.Label]</value>
		<value condition="Control.HasFocus(205)">$INFO[Container(205).ListItem.Label]</value>
		<value condition="Control.HasFocus(204)">$INFO[Container(204).ListItem.Label]</value>
		<value condition="Control.HasFocus(203)">$INFO[Container(203).ListItem.Label]</value>
		<value condition="Control.HasFocus(202)">$INFO[Container(202).ListItem.Label]</value>
		<value condition="Control.HasFocus(201)">$INFO[Container(201).ListItem.Label]</value>
		<value condition="Control.HasFocus(200)">$INFO[Container(200).ListItem.Label]</value>
	</variable>

	<variable name="NextAiredFanart">
		<value condition="Control.HasFocus(215)">$INFO[Container(215).ListItem.Property(Fanart)]</value>
		<value condition="Control.HasFocus(214)">$INFO[Container(214).ListItem.Property(Fanart)]</value>
		<value condition="Control.HasFocus(213)">$INFO[Container(213).ListItem.Property(Fanart)]</value>
		<value condition="Control.HasFocus(212)">$INFO[Container(212).ListItem.Property(Fanart)]</value>
		<value condition="Control.HasFocus(211)">$INFO[Container(211).ListItem.Property(Fanart)]</value>
		<value condition="Control.HasFocus(210)">$INFO[Container(210).ListItem.Property(Fanart)]</value>
		<value condition="Control.HasFocus(209)">$INFO[Container(209).ListItem.Property(Fanart)]</value>
		<value condition="Control.HasFocus(208)">$INFO[Container(208).ListItem.Property(Fanart)]</value>
		<value condition="Control.HasFocus(207)">$INFO[Container(207).ListItem.Property(Fanart)]</value>
		<value condition="Control.HasFocus(206)">$INFO[Container(206).ListItem.Property(Fanart)]</value>
		<value condition="Control.HasFocus(205)">$INFO[Container(205).ListItem.Property(Fanart)]</value>
		<value condition="Control.HasFocus(204)">$INFO[Container(204).ListItem.Property(Fanart)]</value>
		<value condition="Control.HasFocus(203)">$INFO[Container(203).ListItem.Property(Fanart)]</value>
		<value condition="Control.HasFocus(202)">$INFO[Container(202).ListItem.Property(Fanart)]</value>
		<value condition="Control.HasFocus(201)">$INFO[Container(201).ListItem.Property(Fanart)]</value>
		<value condition="Control.HasFocus(200)">$INFO[Container(200).ListItem.Property(Fanart)]</value>	
	</variable>
	
	<variable name="NextAiredClearLogo">
		<value condition="Control.HasFocus(215)">$INFO[Container(215).ListItem.Property(Art(clearlogo))]</value>
		<value condition="Control.HasFocus(214)">$INFO[Container(214).ListItem.Property(Art(clearlogo))]</value>
		<value condition="Control.HasFocus(213)">$INFO[Container(213).ListItem.Property(Art(clearlogo))]</value>
		<value condition="Control.HasFocus(212)">$INFO[Container(212).ListItem.Property(Art(clearlogo))]</value>
		<value condition="Control.HasFocus(211)">$INFO[Container(211).ListItem.Property(Art(clearlogo))]</value>
		<value condition="Control.HasFocus(210)">$INFO[Container(210).ListItem.Property(Art(clearlogo))]</value>
		<value condition="Control.HasFocus(209)">$INFO[Container(209).ListItem.Property(Art(clearlogo))]</value>
		<value condition="Control.HasFocus(208)">$INFO[Container(208).ListItem.Property(Art(clearlogo))]</value>
		<value condition="Control.HasFocus(207)">$INFO[Container(207).ListItem.Property(Art(clearlogo))]</value>
		<value condition="Control.HasFocus(206)">$INFO[Container(206).ListItem.Property(Art(clearlogo))]</value>
		<value condition="Control.HasFocus(205)">$INFO[Container(205).ListItem.Property(Art(clearlogo))]</value>
		<value condition="Control.HasFocus(204)">$INFO[Container(204).ListItem.Property(Art(clearlogo))]</value>
		<value condition="Control.HasFocus(203)">$INFO[Container(203).ListItem.Property(Art(clearlogo))]</value>
		<value condition="Control.HasFocus(202)">$INFO[Container(202).ListItem.Property(Art(clearlogo))]</value>
		<value condition="Control.HasFocus(201)">$INFO[Container(201).ListItem.Property(Art(clearlogo))]</value>
		<value condition="Control.HasFocus(200)">$INFO[Container(200).ListItem.Property(Art(clearlogo))]</value>	
	</variable>

	<variable name="NextAiredNextTitle">
		<value condition="Control.HasFocus(215)">$INFO[Container(215).ListItem.Property(NextTitle)]</value>
		<value condition="Control.HasFocus(214)">$INFO[Container(214).ListItem.Property(NextTitle)]</value>
		<value condition="Control.HasFocus(213)">$INFO[Container(213).ListItem.Property(NextTitle)]</value>
		<value condition="Control.HasFocus(212)">$INFO[Container(212).ListItem.Property(NextTitle)]</value>
		<value condition="Control.HasFocus(211)">$INFO[Container(211).ListItem.Property(NextTitle)]</value>
		<value condition="Control.HasFocus(210)">$INFO[Container(210).ListItem.Property(NextTitle)]</value>
		<value condition="Control.HasFocus(209)">$INFO[Container(209).ListItem.Property(NextTitle)]</value>
		<value condition="Control.HasFocus(208)">$INFO[Container(208).ListItem.Property(NextTitle)]</value>
		<value condition="Control.HasFocus(207)">$INFO[Container(207).ListItem.Property(NextTitle)]</value>
		<value condition="Control.HasFocus(206)">$INFO[Container(206).ListItem.Property(NextTitle)]</value>
		<value condition="Control.HasFocus(205)">$INFO[Container(205).ListItem.Property(NextTitle)]</value>
		<value condition="Control.HasFocus(204)">$INFO[Container(204).ListItem.Property(NextTitle)]</value>
		<value condition="Control.HasFocus(203)">$INFO[Container(203).ListItem.Property(NextTitle)]</value>
		<value condition="Control.HasFocus(202)">$INFO[Container(202).ListItem.Property(NextTitle)]</value>
		<value condition="Control.HasFocus(201)">$INFO[Container(201).ListItem.Property(NextTitle)]</value>
		<value condition="Control.HasFocus(200)">$INFO[Container(200).ListItem.Property(NextTitle)]</value>
	</variable>

	<variable name="NextAiredNextNumber">
		<value condition="Control.HasFocus(215)">$INFO[Container(215).ListItem.Property(NextSeasonNumber),S,]$INFO[Container(215).ListItem.Property(NextEpisodeNumber),E,]</value>
		<value condition="Control.HasFocus(214)">$INFO[Container(214).ListItem.Property(NextSeasonNumber),S,]$INFO[Container(214).ListItem.Property(NextEpisodeNumber),E,]</value>
		<value condition="Control.HasFocus(213)">$INFO[Container(213).ListItem.Property(NextSeasonNumber),S,]$INFO[Container(213).ListItem.Property(NextEpisodeNumber),E,]</value>
		<value condition="Control.HasFocus(212)">$INFO[Container(212).ListItem.Property(NextSeasonNumber),S,]$INFO[Container(212).ListItem.Property(NextEpisodeNumber),E,]</value>
		<value condition="Control.HasFocus(211)">$INFO[Container(211).ListItem.Property(NextSeasonNumber),S,]$INFO[Container(211).ListItem.Property(NextEpisodeNumber),E,]</value>
		<value condition="Control.HasFocus(210)">$INFO[Container(210).ListItem.Property(NextSeasonNumber),S,]$INFO[Container(210).ListItem.Property(NextEpisodeNumber),E,]</value>
		<value condition="Control.HasFocus(209)">$INFO[Container(209).ListItem.Property(NextSeasonNumber),S,]$INFO[Container(209).ListItem.Property(NextEpisodeNumber),E,]</value>
		<value condition="Control.HasFocus(208)">$INFO[Container(208).ListItem.Property(NextSeasonNumber),S,]$INFO[Container(208).ListItem.Property(NextEpisodeNumber),E,]</value>
		<value condition="Control.HasFocus(207)">$INFO[Container(207).ListItem.Property(NextSeasonNumber),S,]$INFO[Container(207).ListItem.Property(NextEpisodeNumber),E,]</value>
		<value condition="Control.HasFocus(206)">$INFO[Container(206).ListItem.Property(NextSeasonNumber),S,]$INFO[Container(206).ListItem.Property(NextEpisodeNumber),E,]</value>
		<value condition="Control.HasFocus(205)">$INFO[Container(205).ListItem.Property(NextSeasonNumber),S,]$INFO[Container(205).ListItem.Property(NextEpisodeNumber),E,]</value>
		<value condition="Control.HasFocus(204)">$INFO[Container(204).ListItem.Property(NextSeasonNumber),S,]$INFO[Container(204).ListItem.Property(NextEpisodeNumber),E,]</value>
		<value condition="Control.HasFocus(203)">$INFO[Container(203).ListItem.Property(NextSeasonNumber),S,]$INFO[Container(203).ListItem.Property(NextEpisodeNumber),E,]</value>
		<value condition="Control.HasFocus(202)">$INFO[Container(202).ListItem.Property(NextSeasonNumber),S,]$INFO[Container(202).ListItem.Property(NextEpisodeNumber),E,]</value>
		<value condition="Control.HasFocus(201)">$INFO[Container(201).ListItem.Property(NextSeasonNumber),S,]$INFO[Container(201).ListItem.Property(NextEpisodeNumber),E,]</value>
		<value condition="Control.HasFocus(200)">$INFO[Container(200).ListItem.Property(NextSeasonNumber),S,]$INFO[Container(200).ListItem.Property(NextEpisodeNumber),E,]</value>
	</variable>

	<variable name="NextAiredRuntime">
		<value condition="Control.HasFocus(215)">$INFO[Container(215).ListItem.Property(Runtime),, $LOCALIZE[12391]]</value>
		<value condition="Control.HasFocus(214)">$INFO[Container(214).ListItem.Property(Runtime),, $LOCALIZE[12391]]</value>
		<value condition="Control.HasFocus(213)">$INFO[Container(213).ListItem.Property(Runtime),, $LOCALIZE[12391]]</value>
		<value condition="Control.HasFocus(212)">$INFO[Container(212).ListItem.Property(Runtime),, $LOCALIZE[12391]]</value>
		<value condition="Control.HasFocus(211)">$INFO[Container(211).ListItem.Property(Runtime),, $LOCALIZE[12391]]</value>
		<value condition="Control.HasFocus(210)">$INFO[Container(210).ListItem.Property(Runtime),, $LOCALIZE[12391]]</value>
		<value condition="Control.HasFocus(209)">$INFO[Container(209).ListItem.Property(Runtime),, $LOCALIZE[12391]]</value>
		<value condition="Control.HasFocus(208)">$INFO[Container(208).ListItem.Property(Runtime),, $LOCALIZE[12391]]</value>
		<value condition="Control.HasFocus(207)">$INFO[Container(207).ListItem.Property(Runtime),, $LOCALIZE[12391]]</value>
		<value condition="Control.HasFocus(206)">$INFO[Container(206).ListItem.Property(Runtime),, $LOCALIZE[12391]]</value>
		<value condition="Control.HasFocus(205)">$INFO[Container(205).ListItem.Property(Runtime),, $LOCALIZE[12391]]</value>
		<value condition="Control.HasFocus(204)">$INFO[Container(204).ListItem.Property(Runtime),, $LOCALIZE[12391]]</value>
		<value condition="Control.HasFocus(203)">$INFO[Container(203).ListItem.Property(Runtime),, $LOCALIZE[12391]]</value>
		<value condition="Control.HasFocus(202)">$INFO[Container(202).ListItem.Property(Runtime),, $LOCALIZE[12391]]</value>
		<value condition="Control.HasFocus(201)">$INFO[Container(201).ListItem.Property(Runtime),, $LOCALIZE[12391]]</value>
		<value condition="Control.HasFocus(200)">$INFO[Container(200).ListItem.Property(Runtime),, $LOCALIZE[12391]]</value>
	</variable>

	<variable name="NextAiredGenre">
		<value condition="Control.HasFocus(215)">$INFO[Container(215).ListItem.Property(Genre)]</value>
		<value condition="Control.HasFocus(214)">$INFO[Container(214).ListItem.Property(Genre)]</value>
		<value condition="Control.HasFocus(213)">$INFO[Container(213).ListItem.Property(Genre)]</value>
		<value condition="Control.HasFocus(212)">$INFO[Container(212).ListItem.Property(Genre)]</value>
		<value condition="Control.HasFocus(211)">$INFO[Container(211).ListItem.Property(Genre)]</value>
		<value condition="Control.HasFocus(210)">$INFO[Container(210).ListItem.Property(Genre)]</value>
		<value condition="Control.HasFocus(209)">$INFO[Container(209).ListItem.Property(Genre)]</value>
		<value condition="Control.HasFocus(208)">$INFO[Container(208).ListItem.Property(Genre)]</value>
		<value condition="Control.HasFocus(207)">$INFO[Container(207).ListItem.Property(Genre)]</value>
		<value condition="Control.HasFocus(206)">$INFO[Container(206).ListItem.Property(Genre)]</value>
		<value condition="Control.HasFocus(205)">$INFO[Container(205).ListItem.Property(Genre)]</value>
		<value condition="Control.HasFocus(204)">$INFO[Container(204).ListItem.Property(Genre)]</value>
		<value condition="Control.HasFocus(203)">$INFO[Container(203).ListItem.Property(Genre)]</value>
		<value condition="Control.HasFocus(202)">$INFO[Container(202).ListItem.Property(Genre)]</value>
		<value condition="Control.HasFocus(201)">$INFO[Container(201).ListItem.Property(Genre)]</value>
		<value condition="Control.HasFocus(200)">$INFO[Container(200).ListItem.Property(Genre)]</value>
	</variable>

	<variable name="NextAiredStatus">
		<value condition="Control.HasFocus(215)">$INFO[Container(215).ListItem.Property(Status)]</value>
		<value condition="Control.HasFocus(214)">$INFO[Container(214).ListItem.Property(Status)]</value>
		<value condition="Control.HasFocus(213)">$INFO[Container(213).ListItem.Property(Status)]</value>
		<value condition="Control.HasFocus(212)">$INFO[Container(212).ListItem.Property(Status)]</value>
		<value condition="Control.HasFocus(211)">$INFO[Container(211).ListItem.Property(Status)]</value>
		<value condition="Control.HasFocus(210)">$INFO[Container(210).ListItem.Property(Status)]</value>
		<value condition="Control.HasFocus(209)">$INFO[Container(209).ListItem.Property(Status)]</value>
		<value condition="Control.HasFocus(208)">$INFO[Container(208).ListItem.Property(Status)]</value>
		<value condition="Control.HasFocus(207)">$INFO[Container(207).ListItem.Property(Status)]</value>
		<value condition="Control.HasFocus(206)">$INFO[Container(206).ListItem.Property(Status)]</value>
		<value condition="Control.HasFocus(205)">$INFO[Container(205).ListItem.Property(Status)]</value>
		<value condition="Control.HasFocus(204)">$INFO[Container(204).ListItem.Property(Status)]</value>
		<value condition="Control.HasFocus(203)">$INFO[Container(203).ListItem.Property(Status)]</value>
		<value condition="Control.HasFocus(202)">$INFO[Container(202).ListItem.Property(Status)]</value>
		<value condition="Control.HasFocus(201)">$INFO[Container(201).ListItem.Property(Status)]</value>
		<value condition="Control.HasFocus(200)">$INFO[Container(200).ListItem.Property(Status)]</value>
	</variable>

	<variable name="NextAiredNetwork">
		<value condition="Control.HasFocus(215)">$INFO[Container(215).ListItem.Property(Network)]</value>
		<value condition="Control.HasFocus(214)">$INFO[Container(214).ListItem.Property(Network)]</value>
		<value condition="Control.HasFocus(213)">$INFO[Container(213).ListItem.Property(Network)]</value>
		<value condition="Control.HasFocus(212)">$INFO[Container(212).ListItem.Property(Network)]</value>
		<value condition="Control.HasFocus(211)">$INFO[Container(211).ListItem.Property(Network)]</value>
		<value condition="Control.HasFocus(210)">$INFO[Container(210).ListItem.Property(Network)]</value>
		<value condition="Control.HasFocus(209)">$INFO[Container(209).ListItem.Property(Network)]</value>
		<value condition="Control.HasFocus(208)">$INFO[Container(208).ListItem.Property(Network)]</value>
		<value condition="Control.HasFocus(207)">$INFO[Container(207).ListItem.Property(Network)]</value>
		<value condition="Control.HasFocus(206)">$INFO[Container(206).ListItem.Property(Network)]</value>
		<value condition="Control.HasFocus(205)">$INFO[Container(205).ListItem.Property(Network)]</value>
		<value condition="Control.HasFocus(204)">$INFO[Container(204).ListItem.Property(Network)]</value>
		<value condition="Control.HasFocus(203)">$INFO[Container(203).ListItem.Property(Network)]</value>
		<value condition="Control.HasFocus(202)">$INFO[Container(202).ListItem.Property(Network)]</value>
		<value condition="Control.HasFocus(201)">$INFO[Container(201).ListItem.Property(Network)]</value>
		<value condition="Control.HasFocus(200)">$INFO[Container(200).ListItem.Property(Network)]</value>
	</variable>

	<variable name="NextAiredCountry">
		<value condition="Control.HasFocus(215)">$INFO[Container(215).ListItem.Property(Country)]</value>
		<value condition="Control.HasFocus(214)">$INFO[Container(214).ListItem.Property(Country)]</value>
		<value condition="Control.HasFocus(213)">$INFO[Container(213).ListItem.Property(Country)]</value>
		<value condition="Control.HasFocus(212)">$INFO[Container(212).ListItem.Property(Country)]</value>
		<value condition="Control.HasFocus(211)">$INFO[Container(211).ListItem.Property(Country)]</value>
		<value condition="Control.HasFocus(210)">$INFO[Container(210).ListItem.Property(Country)]</value>
		<value condition="Control.HasFocus(209)">$INFO[Container(209).ListItem.Property(Country)]</value>
		<value condition="Control.HasFocus(208)">$INFO[Container(208).ListItem.Property(Country)]</value>
		<value condition="Control.HasFocus(207)">$INFO[Container(207).ListItem.Property(Country)]</value>
		<value condition="Control.HasFocus(206)">$INFO[Container(206).ListItem.Property(Country)]</value>
		<value condition="Control.HasFocus(205)">$INFO[Container(205).ListItem.Property(Country)]</value>
		<value condition="Control.HasFocus(204)">$INFO[Container(204).ListItem.Property(Country)]</value>
		<value condition="Control.HasFocus(203)">$INFO[Container(203).ListItem.Property(Country)]</value>
		<value condition="Control.HasFocus(202)">$INFO[Container(202).ListItem.Property(Country)]</value>
		<value condition="Control.HasFocus(201)">$INFO[Container(201).ListItem.Property(Country)]</value>
		<value condition="Control.HasFocus(200)">$INFO[Container(200).ListItem.Property(Country)]</value>
	</variable>

	<variable name="NextAiredLatestEpisode">
		<value condition="Control.HasFocus(215)">$INFO[Container(215).ListItem.Property(LatestSeasonNumber),S,]$INFO[Container(215).ListItem.Property(LatestEpisodeNumber),E,]$INFO[Container(215).ListItem.Property(LatestDate), (,)]</value>
		<value condition="Control.HasFocus(214)">$INFO[Container(214).ListItem.Property(LatestSeasonNumber),S,]$INFO[Container(214).ListItem.Property(LatestEpisodeNumber),E,]$INFO[Container(214).ListItem.Property(LatestDate), (,)]</value>
		<value condition="Control.HasFocus(213)">$INFO[Container(213).ListItem.Property(LatestSeasonNumber),S,]$INFO[Container(213).ListItem.Property(LatestEpisodeNumber),E,]$INFO[Container(213).ListItem.Property(LatestDate), (,)]</value>
		<value condition="Control.HasFocus(212)">$INFO[Container(212).ListItem.Property(LatestSeasonNumber),S,]$INFO[Container(212).ListItem.Property(LatestEpisodeNumber),E,]$INFO[Container(212).ListItem.Property(LatestDate), (,)]</value>
		<value condition="Control.HasFocus(211)">$INFO[Container(211).ListItem.Property(LatestSeasonNumber),S,]$INFO[Container(211).ListItem.Property(LatestEpisodeNumber),E,]$INFO[Container(211).ListItem.Property(LatestDate), (,)]</value>
		<value condition="Control.HasFocus(210)">$INFO[Container(210).ListItem.Property(LatestSeasonNumber),S,]$INFO[Container(210).ListItem.Property(LatestEpisodeNumber),E,]$INFO[Container(210).ListItem.Property(LatestDate), (,)]</value>
		<value condition="Control.HasFocus(209)">$INFO[Container(209).ListItem.Property(LatestSeasonNumber),S,]$INFO[Container(209).ListItem.Property(LatestEpisodeNumber),E,]$INFO[Container(209).ListItem.Property(LatestDate), (,)]</value>
		<value condition="Control.HasFocus(208)">$INFO[Container(208).ListItem.Property(LatestSeasonNumber),S,]$INFO[Container(208).ListItem.Property(LatestEpisodeNumber),E,]$INFO[Container(208).ListItem.Property(LatestDate), (,)]</value>
		<value condition="Control.HasFocus(207)">$INFO[Container(207).ListItem.Property(LatestSeasonNumber),S,]$INFO[Container(207).ListItem.Property(LatestEpisodeNumber),E,]$INFO[Container(207).ListItem.Property(LatestDate), (,)]</value>
		<value condition="Control.HasFocus(206)">$INFO[Container(206).ListItem.Property(LatestSeasonNumber),S,]$INFO[Container(206).ListItem.Property(LatestEpisodeNumber),E,]$INFO[Container(206).ListItem.Property(LatestDate), (,)]</value>
		<value condition="Control.HasFocus(205)">$INFO[Container(205).ListItem.Property(LatestSeasonNumber),S,]$INFO[Container(205).ListItem.Property(LatestEpisodeNumber),E,]$INFO[Container(205).ListItem.Property(LatestDate), (,)]</value>
		<value condition="Control.HasFocus(204)">$INFO[Container(204).ListItem.Property(LatestSeasonNumber),S,]$INFO[Container(204).ListItem.Property(LatestEpisodeNumber),E,]$INFO[Container(204).ListItem.Property(LatestDate), (,)]</value>
		<value condition="Control.HasFocus(203)">$INFO[Container(203).ListItem.Property(LatestSeasonNumber),S,]$INFO[Container(203).ListItem.Property(LatestEpisodeNumber),E,]$INFO[Container(203).ListItem.Property(LatestDate), (,)]</value>
		<value condition="Control.HasFocus(202)">$INFO[Container(202).ListItem.Property(LatestSeasonNumber),S,]$INFO[Container(202).ListItem.Property(LatestEpisodeNumber),E,]$INFO[Container(202).ListItem.Property(LatestDate), (,)]</value>
		<value condition="Control.HasFocus(201)">$INFO[Container(201).ListItem.Property(LatestSeasonNumber),S,]$INFO[Container(201).ListItem.Property(LatestEpisodeNumber),E,]$INFO[Container(201).ListItem.Property(LatestDate), (,)]</value>
		<value condition="Control.HasFocus(200)">$INFO[Container(200).ListItem.Property(LatestSeasonNumber),S,]$INFO[Container(200).ListItem.Property(LatestEpisodeNumber),E,]$INFO[Container(200).ListItem.Property(LatestDate), (,)]</value>
	</variable>
	
	<variable name="NextAiredTotal">
		<value condition="Control.HasFocus(215) + !StringCompare(Container(215).NumItems,1)">$INFO[Container(215).NumItems,, $LOCALIZE[20343]]$INFO[Window(home).Property(NextAired.215.Wday), ,]$INFO[Window(home).Property(NextAired.215.Date), ,]</value>
		<value condition="Control.HasFocus(215) + StringCompare(Container(215).NumItems,1)">$INFO[Container(215).NumItems,, $LOCALIZE[20364]]$INFO[Window(home).Property(NextAired.215.Wday), ,]$INFO[Window(home).Property(NextAired.215.Date), ,]</value>
		<value condition="Control.HasFocus(214) + !StringCompare(Container(214).NumItems,1)">$INFO[Container(214).NumItems,, $LOCALIZE[20343]]$INFO[Window(home).Property(NextAired.214.Wday), ,]$INFO[Window(home).Property(NextAired.214.Date), ,]</value>
		<value condition="Control.HasFocus(214) + StringCompare(Container(214).NumItems,1)">$INFO[Container(214).NumItems,, $LOCALIZE[20364]]$INFO[Window(home).Property(NextAired.214.Wday), ,]$INFO[Window(home).Property(NextAired.214.Date), ,]</value>
		<value condition="Control.HasFocus(213) + !StringCompare(Container(213).NumItems,1)">$INFO[Container(213).NumItems,, $LOCALIZE[20343]]$INFO[Window(home).Property(NextAired.213.Wday), ,]$INFO[Window(home).Property(NextAired.213.Date), ,]</value>
		<value condition="Control.HasFocus(213) + StringCompare(Container(213).NumItems,1)">$INFO[Container(213).NumItems,, $LOCALIZE[20364]]$INFO[Window(home).Property(NextAired.213.Wday), ,]$INFO[Window(home).Property(NextAired.213.Date), ,]</value>
		<value condition="Control.HasFocus(212) + !StringCompare(Container(212).NumItems,1)">$INFO[Container(212).NumItems,, $LOCALIZE[20343]]$INFO[Window(home).Property(NextAired.212.Wday), ,]$INFO[Window(home).Property(NextAired.212.Date), ,]</value>
		<value condition="Control.HasFocus(212) + StringCompare(Container(212).NumItems,1)">$INFO[Container(212).NumItems,, $LOCALIZE[20364]]$INFO[Window(home).Property(NextAired.212.Wday), ,]$INFO[Window(home).Property(NextAired.212.Date), ,]</value>
		<value condition="Control.HasFocus(211) + !StringCompare(Container(211).NumItems,1)">$INFO[Container(211).NumItems,, $LOCALIZE[20343]]$INFO[Window(home).Property(NextAired.211.Wday), ,]$INFO[Window(home).Property(NextAired.211.Date), ,]</value>
		<value condition="Control.HasFocus(211) + StringCompare(Container(211).NumItems,1)">$INFO[Container(211).NumItems,, $LOCALIZE[20364]]$INFO[Window(home).Property(NextAired.211.Wday), ,]$INFO[Window(home).Property(NextAired.211.Date), ,]</value>
		<value condition="Control.HasFocus(210) + !StringCompare(Container(210).NumItems,1)">$INFO[Container(210).NumItems,, $LOCALIZE[20343]]$INFO[Window(home).Property(NextAired.210.Wday), ,]$INFO[Window(home).Property(NextAired.210.Date), ,]</value>
		<value condition="Control.HasFocus(210) + StringCompare(Container(210).NumItems,1)">$INFO[Container(210).NumItems,, $LOCALIZE[20364]]$INFO[Window(home).Property(NextAired.210.Wday), ,]$INFO[Window(home).Property(NextAired.210.Date), ,]</value>
		<value condition="Control.HasFocus(209) + !StringCompare(Container(209).NumItems,1)">$INFO[Container(209).NumItems,, $LOCALIZE[20343]]$INFO[Window(home).Property(NextAired.209.Wday), ,]$INFO[Window(home).Property(NextAired.209.Date), ,]</value>
		<value condition="Control.HasFocus(209) + StringCompare(Container(209).NumItems,1)">$INFO[Container(209).NumItems,, $LOCALIZE[20364]]$INFO[Window(home).Property(NextAired.209.Wday), ,]$INFO[Window(home).Property(NextAired.209.Date), ,]</value>
		<value condition="Control.HasFocus(208) + !StringCompare(Container(208).NumItems,1)">$INFO[Container(208).NumItems,, $LOCALIZE[20343]]$INFO[Window(home).Property(NextAired.208.Wday), ,]$INFO[Window(home).Property(NextAired.208.Date), ,]</value>
		<value condition="Control.HasFocus(208) + StringCompare(Container(208).NumItems,1)">$INFO[Container(208).NumItems,, $LOCALIZE[20364]]$INFO[Window(home).Property(NextAired.208.Wday), ,]$INFO[Window(home).Property(NextAired.208.Date), ,]</value>
		<value condition="Control.HasFocus(207) + !StringCompare(Container(207).NumItems,1)">$INFO[Container(207).NumItems,, $LOCALIZE[20343]]$INFO[Window(home).Property(NextAired.207.Wday), ,]$INFO[Window(home).Property(NextAired.207.Date), ,]</value>
		<value condition="Control.HasFocus(207) + StringCompare(Container(207).NumItems,1)">$INFO[Container(207).NumItems,, $LOCALIZE[20364]]$INFO[Window(home).Property(NextAired.207.Wday), ,]$INFO[Window(home).Property(NextAired.207.Date), ,]</value>
		<value condition="Control.HasFocus(206) + !StringCompare(Container(206).NumItems,1)">$INFO[Container(206).NumItems,, $LOCALIZE[20343]]$INFO[Window(home).Property(NextAired.206.Wday), ,]$INFO[Window(home).Property(NextAired.206.Date), ,]</value>
		<value condition="Control.HasFocus(206) + StringCompare(Container(206).NumItems,1)">$INFO[Container(206).NumItems,, $LOCALIZE[20364]]$INFO[Window(home).Property(NextAired.206.Wday), ,]$INFO[Window(home).Property(NextAired.206.Date), ,]</value>
		<value condition="Control.HasFocus(205) + !StringCompare(Container(205).NumItems,1)">$INFO[Container(205).NumItems,, $LOCALIZE[20343]]$INFO[Window(home).Property(NextAired.205.Wday), ,]$INFO[Window(home).Property(NextAired.205.Date), ,]</value>
		<value condition="Control.HasFocus(205) + StringCompare(Container(205).NumItems,1)">$INFO[Container(205).NumItems,, $LOCALIZE[20364]]$INFO[Window(home).Property(NextAired.205.Wday), ,]$INFO[Window(home).Property(NextAired.205.Date), ,]</value>
		<value condition="Control.HasFocus(204) + !StringCompare(Container(204).NumItems,1)">$INFO[Container(204).NumItems,, $LOCALIZE[20343]]$INFO[Window(home).Property(NextAired.204.Wday), ,]$INFO[Window(home).Property(NextAired.204.Date), ,]</value>
		<value condition="Control.HasFocus(204) + StringCompare(Container(204).NumItems,1)">$INFO[Container(204).NumItems,, $LOCALIZE[20364]]$INFO[Window(home).Property(NextAired.204.Wday), ,]$INFO[Window(home).Property(NextAired.204.Date), ,]</value>
		<value condition="Control.HasFocus(203) + !StringCompare(Container(203).NumItems,1)">$INFO[Container(203).NumItems,, $LOCALIZE[20343]]$INFO[Window(home).Property(NextAired.203.Wday), ,]$INFO[Window(home).Property(NextAired.203.Date), ,]</value>
		<value condition="Control.HasFocus(203) + StringCompare(Container(203).NumItems,1)">$INFO[Container(203).NumItems,, $LOCALIZE[20364]]$INFO[Window(home).Property(NextAired.203.Wday), ,]$INFO[Window(home).Property(NextAired.203.Date), ,]</value>
		<value condition="Control.HasFocus(202) + !StringCompare(Container(202).NumItems,1)">$INFO[Container(202).NumItems,, $LOCALIZE[20343]]$INFO[Window(home).Property(NextAired.202.Wday), ,]$INFO[Window(home).Property(NextAired.202.Date), ,]</value>
		<value condition="Control.HasFocus(202) + StringCompare(Container(202).NumItems,1)">$INFO[Container(202).NumItems,, $LOCALIZE[20364]]$INFO[Window(home).Property(NextAired.202.Wday), ,]$INFO[Window(home).Property(NextAired.202.Date), ,]</value>
		<value condition="Control.HasFocus(201) + !StringCompare(Container(201).NumItems,1)">$INFO[Container(201).NumItems,, $LOCALIZE[20343]]$INFO[Window(home).Property(NextAired.201.Wday), ,]$INFO[Window(home).Property(NextAired.201.Date), ,]</value>
		<value condition="Control.HasFocus(201) + StringCompare(Container(201).NumItems,1)">$INFO[Container(201).NumItems,, $LOCALIZE[20364]]$INFO[Window(home).Property(NextAired.201.Wday), ,]$INFO[Window(home).Property(NextAired.201.Date), ,]</value>
		<value condition="Control.HasFocus(200) + !StringCompare(Container(200).NumItems,1)">$INFO[Container(200).NumItems,, $LOCALIZE[20343]]$INFO[Window(home).Property(NextAired.200.Wday), ,]$INFO[Window(home).Property(NextAired.200.Date), ,]</value>
		<value condition="Control.HasFocus(200) + StringCompare(Container(200).NumItems,1)">$INFO[Container(200).NumItems,, $LOCALIZE[20364]]$INFO[Window(home).Property(NextAired.200.Wday), ,]$INFO[Window(home).Property(NextAired.200.Date), ,]</value>
	</variable>
	
	<variable name="NextAiredWidget1">
		<value condition="!IsEmpty(Window(Home).Property(NextAired.1.Art(clearlogo)))">$INFO[Window(Home).Property(NextAired.1.Art(clearlogo))]</value>
		<value>$INFO[Window(Home).Property(NextAired.1.Art(banner))]</value>
	</variable>
	
	<variable name="NextAiredWidget2">
		<value condition="!IsEmpty(Window(Home).Property(NextAired.2.Art(clearlogo)))">$INFO[Window(Home).Property(NextAired.2.Art(clearlogo))]</value>
		<value>$INFO[Window(Home).Property(NextAired.2.Art(banner))]</value>
	</variable>
	
	<variable name="NextAiredWidget3">
		<value condition="!IsEmpty(Window(Home).Property(NextAired.3.Art(clearlogo)))">$INFO[Window(Home).Property(NextAired.3.Art(clearlogo))]</value>
		<value>$INFO[Window(Home).Property(NextAired.3.Art(banner))]</value>
	</variable>
	
	<variable name="NextAiredWidget4">
		<value condition="!IsEmpty(Window(Home).Property(NextAired.4.Art(clearlogo)))">$INFO[Window(Home).Property(NextAired.4.Art(clearlogo))]</value>
		<value>$INFO[Window(Home).Property(NextAired.4.Art(banner))]</value>
	</variable>
	
	<variable name="NextAiredWidget5">
		<value condition="!IsEmpty(Window(Home).Property(NextAired.5.Art(clearlogo)))">$INFO[Window(Home).Property(NextAired.5.Art(clearlogo))]</value>
		<value>$INFO[Window(Home).Property(NextAired.5.Art(banner))]</value>
	</variable>
	
	<variable name="NextAiredWidget6">
		<value condition="!IsEmpty(Window(Home).Property(NextAired.6.Art(clearlogo)))">$INFO[Window(Home).Property(NextAired.6.Art(clearlogo))]</value>
		<value>$INFO[Window(Home).Property(NextAired.6.Art(banner))]</value>
	</variable>
	
	<variable name="NextAiredWidget7">
		<value condition="!IsEmpty(Window(Home).Property(NextAired.7.Art(clearlogo)))">$INFO[Window(Home).Property(NextAired.7.Art(clearlogo))]</value>
		<value>$INFO[Window(Home).Property(NextAired.7.Art(banner))]</value>
	</variable>
	
	<variable name="NextAiredWidget8">
		<value condition="!IsEmpty(Window(Home).Property(NextAired.8.Art(clearlogo)))">$INFO[Window(Home).Property(NextAired.8.Art(clearlogo))]</value>
		<value>$INFO[Window(Home).Property(NextAired.8.Art(banner))]</value>
	</variable>
	
	<variable name="NextAiredWidget9">
		<value condition="!IsEmpty(Window(Home).Property(NextAired.9.Art(clearlogo)))">$INFO[Window(Home).Property(NextAired.9.Art(clearlogo))]</value>
		<value>$INFO[Window(Home).Property(NextAired.9.Art(banner))]</value>
	</variable>
	
	<variable name="NextAiredWidget10">
		<value condition="!IsEmpty(Window(Home).Property(NextAired.10.Art(clearlogo)))">$INFO[Window(Home).Property(NextAired.10.Art(clearlogo))]</value>
		<value>$INFO[Window(Home).Property(NextAired.10.Art(banner))]</value>
	</variable>
	
	<variable name="NextAiredWidget11">
		<value condition="!IsEmpty(Window(Home).Property(NextAired.11.Art(clearlogo)))">$INFO[Window(Home).Property(NextAired.11.Art(clearlogo))]</value>
		<value>$INFO[Window(Home).Property(NextAired.11.Art(banner))]</value>
	</variable>
	
	<variable name="NextAiredWidget12">
		<value condition="!IsEmpty(Window(Home).Property(NextAired.12.Art(clearlogo)))">$INFO[Window(Home).Property(NextAired.12.Art(clearlogo))]</value>
		<value>$INFO[Window(Home).Property(NextAired.12.Art(banner))]</value>
	</variable>
	
	<variable name="NextAiredWidget13">
		<value condition="!IsEmpty(Window(Home).Property(NextAired.13.Art(clearlogo)))">$INFO[Window(Home).Property(NextAired.13.Art(clearlogo))]</value>
		<value>$INFO[Window(Home).Property(NextAired.13.Art(banner))]</value>
	</variable>
	
	<variable name="NextAiredWidget14">
		<value condition="!IsEmpty(Window(Home).Property(NextAired.14.Art(clearlogo)))">$INFO[Window(Home).Property(NextAired.14.Art(clearlogo))]</value>
		<value>$INFO[Window(Home).Property(NextAired.14.Art(banner))]</value>
	</variable>
	
	<variable name="NextAiredWidget15">
		<value condition="!IsEmpty(Window(Home).Property(NextAired.15.Art(clearlogo)))">$INFO[Window(Home).Property(NextAired.15.Art(clearlogo))]</value>
		<value>$INFO[Window(Home).Property(NextAired.15.Art(banner))]</value>
	</variable>
	
	<variable name="NextAiredWidget16">
		<value condition="!IsEmpty(Window(Home).Property(NextAired.16.Art(clearlogo)))">$INFO[Window(Home).Property(NextAired.16.Art(clearlogo))]</value>
		<value>$INFO[Window(Home).Property(NextAired.16.Art(banner))]</value>
	</variable>
	
	<variable name="NextAiredWidget17">
		<value condition="!IsEmpty(Window(Home).Property(NextAired.17.Art(clearlogo)))">$INFO[Window(Home).Property(NextAired.17.Art(clearlogo))]</value>
		<value>$INFO[Window(Home).Property(NextAired.17.Art(banner))]</value>
	</variable>
	
	<variable name="NextAiredWidget18">
		<value condition="!IsEmpty(Window(Home).Property(NextAired.18.Art(clearlogo)))">$INFO[Window(Home).Property(NextAired.18.Art(clearlogo))]</value>
		<value>$INFO[Window(Home).Property(NextAired.18.Art(banner))]</value>
	</variable>
	
	<!-- WatchList -->
	<include name="WatchListMovies">
		<content>
			<item id="1">
				<label>$INFO[Window(Home).Property(RecommendedMovie.1.Title)] $INFO[Window(Home).Property(RecommendedMovie.1.Year),(,)]</label>
				<thumb>$INFO[Window(Home).Property(RecommendedMovie.1.Art(poster))]</thumb>
				<icon>$INFO[Window(Home).Property(RecommendedMovie.1.Art(fanart))]</icon>
				<onclick>PlayMedia($INFO[Window(Home).Property(RecommendedMovie.1.File)])</onclick>
				<visible>!IsEmpty(Window(Home).Property(RecommendedMovie.1.Title))</visible>	
			</item>
			<item id="2">
				<label>$INFO[Window(Home).Property(RecommendedMovie.2.Title)] $INFO[Window(Home).Property(RecommendedMovie.2.Year),(,)]</label>
				<thumb>$INFO[Window(Home).Property(RecommendedMovie.2.Art(poster))]</thumb>
				<icon>$INFO[Window(Home).Property(RecommendedMovie.2.Art(fanart))]</icon>
				<onclick>PlayMedia($INFO[Window(Home).Property(RecommendedMovie.2.File)])</onclick>
				<visible>!IsEmpty(Window(Home).Property(RecommendedMovie.2.Title))</visible>	
			</item>
			<item id="3">
				<label>$INFO[Window(Home).Property(RecommendedMovie.3.Title)] $INFO[Window(Home).Property(RecommendedMovie.3.Year),(,)]</label>
				<thumb>$INFO[Window(Home).Property(RecommendedMovie.3.Art(poster))]</thumb>
				<icon>$INFO[Window(Home).Property(RecommendedMovie.3.Art(fanart))]</icon>
				<onclick>PlayMedia($INFO[Window(Home).Property(RecommendedMovie.3.File)])</onclick>
				<visible>!IsEmpty(Window(Home).Property(RecommendedMovie.3.Title))</visible>	
			</item>
			<item id="4">
				<label>$INFO[Window(Home).Property(RecommendedMovie.4.Title)] $INFO[Window(Home).Property(RecommendedMovie.4.Year),(,)]</label>
				<thumb>$INFO[Window(Home).Property(RecommendedMovie.4.Art(poster))]</thumb>
				<icon>$INFO[Window(Home).Property(RecommendedMovie.4.Art(fanart))]</icon>
				<onclick>PlayMedia($INFO[Window(Home).Property(RecommendedMovie.4.File)])</onclick>
				<visible>!IsEmpty(Window(Home).Property(RecommendedMovie.4.Title))</visible>	
			</item>
			<item id="5">
				<label>$INFO[Window(Home).Property(RecommendedMovie.5.Title)] $INFO[Window(Home).Property(RecommendedMovie.5.Year),(,)]</label>
				<thumb>$INFO[Window(Home).Property(RecommendedMovie.5.Art(poster))]</thumb>
				<icon>$INFO[Window(Home).Property(RecommendedMovie.5.Art(fanart))]</icon>
				<onclick>PlayMedia($INFO[Window(Home).Property(RecommendedMovie.5.File)])</onclick>
				<visible>!IsEmpty(Window(Home).Property(RecommendedMovie.5.Title))</visible>	
			</item>
			<item id="6">
				<label>$INFO[Window(Home).Property(RecommendedMovie.6.Title)] $INFO[Window(Home).Property(RecommendedMovie.6.Year),(,)]</label>
				<thumb>$INFO[Window(Home).Property(RecommendedMovie.6.Art(poster))]</thumb>
				<icon>$INFO[Window(Home).Property(RecommendedMovie.6.Art(fanart))]</icon>
				<onclick>PlayMedia($INFO[Window(Home).Property(RecommendedMovie.6.File)])</onclick>
				<visible>!IsEmpty(Window(Home).Property(RecommendedMovie.6.Title))</visible>
			</item>
			<item id="7">
				<label>$INFO[Window(Home).Property(RecommendedMovie.7.Title)] $INFO[Window(Home).Property(RecommendedMovie.7.Year),(,)]</label>
				<thumb>$INFO[Window(Home).Property(RecommendedMovie.7.Art(poster))]</thumb>
				<icon>$INFO[Window(Home).Property(RecommendedMovie.7.Art(fanart))]</icon>
				<onclick>PlayMedia($INFO[Window(Home).Property(RecommendedMovie.7.File)])</onclick>
				<visible>!IsEmpty(Window(Home).Property(RecommendedMovie.7.Title))</visible>
			</item>
			<item id="8">
				<label>$INFO[Window(Home).Property(RecommendedMovie.8.Title)] $INFO[Window(Home).Property(RecommendedMovie.8.Year),(,)]</label>
				<thumb>$INFO[Window(Home).Property(RecommendedMovie.8.Art(poster))]</thumb>
				<icon>$INFO[Window(Home).Property(RecommendedMovie.8.Art(fanart))]</icon>
				<onclick>PlayMedia($INFO[Window(Home).Property(RecommendedMovie.8.File)])</onclick>
				<visible>!IsEmpty(Window(Home).Property(RecommendedMovie.8.Title))</visible>
			</item>
			<item id="9">
				<label>$INFO[Window(Home).Property(RecommendedMovie.9.Title)] $INFO[Window(Home).Property(RecommendedMovie.9.Year),(,)]</label>
				<thumb>$INFO[Window(Home).Property(RecommendedMovie.9.Art(poster))]</thumb>
				<icon>$INFO[Window(Home).Property(RecommendedMovie.9.Art(fanart))]</icon>
				<onclick>PlayMedia($INFO[Window(Home).Property(RecommendedMovie.9.File)])</onclick>
				<visible>!IsEmpty(Window(Home).Property(RecommendedMovie.9.Title))</visible>	
			</item>
			<item id="10">
				<label>$INFO[Window(Home).Property(RecommendedMovie.10.Title)] $INFO[Window(Home).Property(RecommendedMovie.10.Year),(,)]</label>
				<thumb>$INFO[Window(Home).Property(RecommendedMovie.10.Art(poster))]</thumb>
				<icon>$INFO[Window(Home).Property(RecommendedMovie.10.Art(fanart))]</icon>
				<onclick>PlayMedia($INFO[Window(Home).Property(RecommendedMovie.10.File)])</onclick>
				<visible>!IsEmpty(Window(Home).Property(RecommendedMovie.10.Title))</visible>	
			</item>
			<item id="11">
				<label>$INFO[Window(Home).Property(RecommendedMovie.11.Title)] $INFO[Window(Home).Property(RecommendedMovie.11.Year),(,)]</label>
				<thumb>$INFO[Window(Home).Property(RecommendedMovie.11.Art(poster))]</thumb>
				<icon>$INFO[Window(Home).Property(RecommendedMovie.11.Art(fanart))]</icon>
				<onclick>PlayMedia($INFO[Window(Home).Property(RecommendedMovie.11.File)])</onclick>
				<visible>!IsEmpty(Window(Home).Property(RecommendedMovie.11.Title))</visible>	
			</item>
			<item id="12">
				<label>$INFO[Window(Home).Property(RecommendedMovie.12.Title)] $INFO[Window(Home).Property(RecommendedMovie.12.Year),(,)]</label>
				<thumb>$INFO[Window(Home).Property(RecommendedMovie.12.Art(poster))]</thumb>
				<icon>$INFO[Window(Home).Property(RecommendedMovie.12.Art(fanart))]</icon>
				<onclick>PlayMedia($INFO[Window(Home).Property(RecommendedMovie.12.File)])</onclick>
				<visible>!IsEmpty(Window(Home).Property(RecommendedMovie.12.Title))</visible>	
			</item>
			<item id="13">
				<label>$INFO[Window(Home).Property(RecommendedMovie.13.Title)] $INFO[Window(Home).Property(RecommendedMovie.13.Year),(,)]</label>
				<thumb>$INFO[Window(Home).Property(RecommendedMovie.13.Art(poster))]</thumb>
				<icon>$INFO[Window(Home).Property(RecommendedMovie.13.Art(fanart))]</icon>
				<onclick>PlayMedia($INFO[Window(Home).Property(RecommendedMovie.13.File)])</onclick>
				<visible>!IsEmpty(Window(Home).Property(RecommendedMovie.13.Title))</visible>	
			</item>
			<item id="14">
				<label>$INFO[Window(Home).Property(RecommendedMovie.14.Title)] $INFO[Window(Home).Property(RecommendedMovie.14.Year),(,)]</label>
				<thumb>$INFO[Window(Home).Property(RecommendedMovie.14.Art(poster))]</thumb>
				<icon>$INFO[Window(Home).Property(RecommendedMovie.14.Art(fanart))]</icon>
				<onclick>PlayMedia($INFO[Window(Home).Property(RecommendedMovie.14.File)])</onclick>
				<visible>!IsEmpty(Window(Home).Property(RecommendedMovie.14.Title))</visible>	
			</item>
			<item id="15">
				<label>$INFO[Window(Home).Property(RecommendedMovie.15.Title)] $INFO[Window(Home).Property(RecommendedMovie.15.Year),(,)]</label>
				<thumb>$INFO[Window(Home).Property(RecommendedMovie.15.Art(poster))]</thumb>
				<icon>$INFO[Window(Home).Property(RecommendedMovie.15.Art(fanart))]</icon>
				<onclick>PlayMedia($INFO[Window(Home).Property(RecommendedMovie.15.File)])</onclick>
				<visible>!IsEmpty(Window(Home).Property(RecommendedMovie.15.Title))</visible>	
			</item>
			<item id="16">
				<label>$INFO[Window(Home).Property(RecommendedMovie.16.Title)] $INFO[Window(Home).Property(RecommendedMovie.16.Year),(,)]</label>
				<thumb>$INFO[Window(Home).Property(RecommendedMovie.16.Art(poster))]</thumb>
				<icon>$INFO[Window(Home).Property(RecommendedMovie.16.Art(fanart))]</icon>
				<onclick>PlayMedia($INFO[Window(Home).Property(RecommendedMovie.16.File)])</onclick>
				<visible>!IsEmpty(Window(Home).Property(RecommendedMovie.16.Title))</visible>
			</item>
			<item id="17">
				<label>$INFO[Window(Home).Property(RecommendedMovie.17.Title)] $INFO[Window(Home).Property(RecommendedMovie.17.Year),(,)]</label>
				<thumb>$INFO[Window(Home).Property(RecommendedMovie.17.Art(poster))]</thumb>
				<icon>$INFO[Window(Home).Property(RecommendedMovie.17.Art(fanart))]</icon>
				<onclick>PlayMedia($INFO[Window(Home).Property(RecommendedMovie.17.File)])</onclick>
				<visible>!IsEmpty(Window(Home).Property(RecommendedMovie.17.Title))</visible>
			</item>
			<item id="18">
				<label>$INFO[Window(Home).Property(RecommendedMovie.18.Title)] $INFO[Window(Home).Property(RecommendedMovie.18.Year),(,)]</label>
				<thumb>$INFO[Window(Home).Property(RecommendedMovie.18.Art(poster))]</thumb>
				<icon>$INFO[Window(Home).Property(RecommendedMovie.18.Art(fanart))]</icon>
				<onclick>PlayMedia($INFO[Window(Home).Property(RecommendedMovie.18.File)])</onclick>
				<visible>!IsEmpty(Window(Home).Property(RecommendedMovie.18.Title))</visible>
			</item>
			<item id="19">
				<label>$INFO[Window(Home).Property(RecommendedMovie.19.Title)] $INFO[Window(Home).Property(RecommendedMovie.19.Year),(,)]</label>
				<thumb>$INFO[Window(Home).Property(RecommendedMovie.19.Art(poster))]</thumb>
				<icon>$INFO[Window(Home).Property(RecommendedMovie.19.Art(fanart))]</icon>
				<onclick>PlayMedia($INFO[Window(Home).Property(RecommendedMovie.19.File)])</onclick>
				<visible>!IsEmpty(Window(Home).Property(RecommendedMovie.19.Title))</visible>	
			</item>
			<item id="20">
				<label>$INFO[Window(Home).Property(RecommendedMovie.20.Title)] $INFO[Window(Home).Property(RecommendedMovie.20.Year),(,)]</label>
				<thumb>$INFO[Window(Home).Property(RecommendedMovie.20.Art(poster))]</thumb>
				<icon>$INFO[Window(Home).Property(RecommendedMovie.20.Art(fanart))]</icon>
				<onclick>PlayMedia($INFO[Window(Home).Property(RecommendedMovie.20.File)])</onclick>
				<visible>!IsEmpty(Window(Home).Property(RecommendedMovie.20.Title))</visible>	
			</item>
		</content>
	</include>

	<include name="WatchListTVShows">
		<content>
			<item id="1">
				<label>$INFO[Window(Home).Property(RecommendedEpisode.1.EpisodeNo)]$INFO[Window.Property(RecommendedEpisode.1.TVShowTitle),: ,]</label>
				<thumb>$INFO[Window(Home).Property(RecommendedEpisode.1.Art(thumb))]</thumb>
				<icon>$INFO[Window(Home).Property(RecommendedEpisode.1.Art(tvshow.fanart))]</icon>
				<onclick>PlayMedia($INFO[Window(Home).Property(RecommendedEpisode.1.File)])</onclick>
				<visible>!IsEmpty(Window(Home).Property(RecommendedEpisode.1.Title))</visible>	
			</item>
			<item id="2">
				<label>$INFO[Window(Home).Property(RecommendedEpisode.2.EpisodeNo)]$INFO[Window.Property(RecommendedEpisode.2.TVShowTitle),: ,]</label>
				<thumb>$INFO[Window(Home).Property(RecommendedEpisode.2.Art(thumb))]</thumb>
				<icon>$INFO[Window(Home).Property(RecommendedEpisode.2.Art(tvshow.fanart))]</icon>
				<onclick>PlayMedia($INFO[Window(Home).Property(RecommendedEpisode.2.File)])</onclick>
				<visible>!IsEmpty(Window(Home).Property(RecommendedEpisode.2.Title))</visible>	
			</item>
			<item id="3">
				<label>$INFO[Window(Home).Property(RecommendedEpisode.3.EpisodeNo)]$INFO[Window.Property(RecommendedEpisode.3.TVShowTitle),: ,]</label>
				<thumb>$INFO[Window(Home).Property(RecommendedEpisode.3.Art(thumb))]</thumb>
				<icon>$INFO[Window(Home).Property(RecommendedEpisode.3.Art(tvshow.fanart))]</icon>
				<onclick>PlayMedia($INFO[Window(Home).Property(RecommendedEpisode.3.File)])</onclick>
				<visible>!IsEmpty(Window(Home).Property(RecommendedEpisode.3.Title))</visible>	
			</item>
			<item id="4">
				<label>$INFO[Window(Home).Property(RecommendedEpisode.4.EpisodeNo)]$INFO[Window.Property(RecommendedEpisode.4.TVShowTitle),: ,]</label>
				<thumb>$INFO[Window(Home).Property(RecommendedEpisode.4.Art(thumb))]</thumb>
				<icon>$INFO[Window(Home).Property(RecommendedEpisode.4.Art(tvshow.fanart))]</icon>
				<onclick>PlayMedia($INFO[Window(Home).Property(RecommendedEpisode.4.File)])</onclick>
				<visible>!IsEmpty(Window(Home).Property(RecommendedEpisode.4.Title))</visible>	
			</item>
			<item id="5">
				<label>$INFO[Window(Home).Property(RecommendedEpisode.5.EpisodeNo)]$INFO[Window.Property(RecommendedEpisode.5.TVShowTitle),: ,]</label>
				<thumb>$INFO[Window(Home).Property(RecommendedEpisode.5.Art(thumb))]</thumb>
				<icon>$INFO[Window(Home).Property(RecommendedEpisode.5.Art(tvshow.fanart))]</icon>
				<onclick>PlayMedia($INFO[Window(Home).Property(RecommendedEpisode.5.File)])</onclick>
				<visible>!IsEmpty(Window(Home).Property(RecommendedEpisode.5.Title))</visible>	
			</item>
			<item id="6">
				<label>$INFO[Window(Home).Property(RecommendedEpisode.6.EpisodeNo)]$INFO[Window.Property(RecommendedEpisode.6.TVShowTitle),: ,]</label>
				<thumb>$INFO[Window(Home).Property(RecommendedEpisode.6.Art(thumb))]</thumb>
				<icon>$INFO[Window(Home).Property(RecommendedEpisode.6.Art(tvshow.fanart))]</icon>
				<onclick>PlayMedia($INFO[Window(Home).Property(RecommendedEpisode.6.File)])</onclick>
				<visible>!IsEmpty(Window(Home).Property(RecommendedEpisode.6.Title))</visible>
			</item>
			<item id="7">
				<label>$INFO[Window(Home).Property(RecommendedEpisode.7.EpisodeNo)]$INFO[Window.Property(RecommendedEpisode.7.TVShowTitle),: ,]</label>
				<thumb>$INFO[Window(Home).Property(RecommendedEpisode.7.Art(thumb))]</thumb>
				<icon>$INFO[Window(Home).Property(RecommendedEpisode.7.Art(tvshow.fanart))]</icon>
				<onclick>PlayMedia($INFO[Window(Home).Property(RecommendedEpisode.7.File)])</onclick>
				<visible>!IsEmpty(Window(Home).Property(RecommendedEpisode.7.Title))</visible>
			</item>
			<item id="8">
				<label>$INFO[Window(Home).Property(RecommendedEpisode.8.EpisodeNo)]$INFO[Window.Property(RecommendedEpisode.8.TVShowTitle),: ,]</label>
				<thumb>$INFO[Window(Home).Property(RecommendedEpisode.8.Art(thumb))]</thumb>
				<icon>$INFO[Window(Home).Property(RecommendedEpisode.8.Art(tvshow.fanart))]</icon>
				<onclick>PlayMedia($INFO[Window(Home).Property(RecommendedEpisode.8.File)])</onclick>
				<visible>!IsEmpty(Window(Home).Property(RecommendedEpisode.8.Title))</visible>
			</item>
			<item id="9">
				<label>$INFO[Window(Home).Property(RecommendedEpisode.9.EpisodeNo)]$INFO[Window.Property(RecommendedEpisode.9.TVShowTitle),: ,]</label>
				<thumb>$INFO[Window(Home).Property(RecommendedEpisode.9.Art(thumb))]</thumb>
				<icon>$INFO[Window(Home).Property(RecommendedEpisode.9.Art(tvshow.fanart))]</icon>
				<onclick>PlayMedia($INFO[Window(Home).Property(RecommendedEpisode.9.File)])</onclick>
				<visible>!IsEmpty(Window(Home).Property(RecommendedEpisode.9.Title))</visible>	
			</item>
			<item id="10">
				<label>$INFO[Window(Home).Property(RecommendedEpisode.10.EpisodeNo)]$INFO[Window.Property(RecommendedEpisode.10.TVShowTitle),: ,]</label>
				<thumb>$INFO[Window(Home).Property(RecommendedEpisode.10.Art(thumb))]</thumb>
				<icon>$INFO[Window(Home).Property(RecommendedEpisode.10.Art(tvshow.fanart))]</icon>
				<onclick>PlayMedia($INFO[Window(Home).Property(RecommendedEpisode.10.File)])</onclick>
				<visible>!IsEmpty(Window(Home).Property(RecommendedEpisode.10.Title))</visible>	
			</item>
			<item id="11">
				<label>$INFO[Window(Home).Property(RecommendedEpisode.11.EpisodeNo)]$INFO[Window.Property(RecommendedEpisode.11.TVShowTitle),: ,]</label>
				<thumb>$INFO[Window(Home).Property(RecommendedEpisode.11.Art(thumb))]</thumb>
				<icon>$INFO[Window(Home).Property(RecommendedEpisode.11.Art(tvshow.fanart))]</icon>
				<onclick>PlayMedia($INFO[Window(Home).Property(RecommendedEpisode.11.File)])</onclick>
				<visible>!IsEmpty(Window(Home).Property(RecommendedEpisode.11.Title))</visible>	
			</item>
			<item id="12">
				<label>$INFO[Window(Home).Property(RecommendedEpisode.12.EpisodeNo)]$INFO[Window.Property(RecommendedEpisode.12.TVShowTitle),: ,]</label>
				<thumb>$INFO[Window(Home).Property(RecommendedEpisode.12.Art(thumb))]</thumb>
				<icon>$INFO[Window(Home).Property(RecommendedEpisode.12.Art(tvshow.fanart))]</icon>
				<onclick>PlayMedia($INFO[Window(Home).Property(RecommendedEpisode.12.File)])</onclick>
				<visible>!IsEmpty(Window(Home).Property(RecommendedEpisode.12.Title))</visible>	
			</item>
			<item id="13">
				<label>$INFO[Window(Home).Property(RecommendedEpisode.13.EpisodeNo)]$INFO[Window.Property(RecommendedEpisode.13.TVShowTitle),: ,]</label>
				<thumb>$INFO[Window(Home).Property(RecommendedEpisode.13.Art(thumb))]</thumb>
				<icon>$INFO[Window(Home).Property(RecommendedEpisode.13.Art(tvshow.fanart))]</icon>
				<onclick>PlayMedia($INFO[Window(Home).Property(RecommendedEpisode.13.File)])</onclick>
				<visible>!IsEmpty(Window(Home).Property(RecommendedEpisode.13.Title))</visible>	
			</item>
			<item id="14">
				<label>$INFO[Window(Home).Property(RecommendedEpisode.14.EpisodeNo)]$INFO[Window.Property(RecommendedEpisode.14.TVShowTitle),: ,]</label>
				<thumb>$INFO[Window(Home).Property(RecommendedEpisode.14.Art(thumb))]</thumb>
				<icon>$INFO[Window(Home).Property(RecommendedEpisode.14.Art(tvshow.fanart))]</icon>
				<onclick>PlayMedia($INFO[Window(Home).Property(RecommendedEpisode.14.File)])</onclick>
				<visible>!IsEmpty(Window(Home).Property(RecommendedEpisode.14.Title))</visible>	
			</item>
			<item id="15">
				<label>$INFO[Window(Home).Property(RecommendedEpisode.15.EpisodeNo)]$INFO[Window.Property(RecommendedEpisode.15.TVShowTitle),: ,]</label>
				<thumb>$INFO[Window(Home).Property(RecommendedEpisode.15.Art(thumb))]</thumb>
				<icon>$INFO[Window(Home).Property(RecommendedEpisode.15.Art(tvshow.fanart))]</icon>
				<onclick>PlayMedia($INFO[Window(Home).Property(RecommendedEpisode.15.File)])</onclick>
				<visible>!IsEmpty(Window(Home).Property(RecommendedEpisode.15.Title))</visible>	
			</item>
			<item id="16">
				<label>$INFO[Window(Home).Property(RecommendedEpisode.16.EpisodeNo)]$INFO[Window.Property(RecommendedEpisode.16.TVShowTitle),: ,]</label>
				<thumb>$INFO[Window(Home).Property(RecommendedEpisode.16.Art(thumb))]</thumb>
				<icon>$INFO[Window(Home).Property(RecommendedEpisode.16.Art(tvshow.fanart))]</icon>
				<onclick>PlayMedia($INFO[Window(Home).Property(RecommendedEpisode.16.File)])</onclick>
				<visible>!IsEmpty(Window(Home).Property(RecommendedEpisode.16.Title))</visible>
			</item>
			<item id="17">
				<label>$INFO[Window(Home).Property(RecommendedEpisode.17.EpisodeNo)]$INFO[Window.Property(RecommendedEpisode.17.TVShowTitle),: ,]</label>
				<thumb>$INFO[Window(Home).Property(RecommendedEpisode.17.Art(thumb))]</thumb>
				<icon>$INFO[Window(Home).Property(RecommendedEpisode.17.Art(tvshow.fanart))]</icon>
				<onclick>PlayMedia($INFO[Window(Home).Property(RecommendedEpisode.17.File)])</onclick>
				<visible>!IsEmpty(Window(Home).Property(RecommendedEpisode.17.Title))</visible>
			</item>
			<item id="18">
				<label>$INFO[Window(Home).Property(RecommendedEpisode.18.EpisodeNo)]$INFO[Window.Property(RecommendedEpisode.18.TVShowTitle),: ,]</label>
				<thumb>$INFO[Window(Home).Property(RecommendedEpisode.18.Art(thumb))]</thumb>
				<icon>$INFO[Window(Home).Property(RecommendedEpisode.18.Art(tvshow.fanart))]</icon>
				<onclick>PlayMedia($INFO[Window(Home).Property(RecommendedEpisode.18.File)])</onclick>
				<visible>!IsEmpty(Window(Home).Property(RecommendedEpisode.18.Title))</visible>
			</item>
			<item id="19">
				<label>$INFO[Window(Home).Property(RecommendedEpisode.19.EpisodeNo)]$INFO[Window.Property(RecommendedEpisode.19.TVShowTitle),: ,]</label>
				<thumb>$INFO[Window(Home).Property(RecommendedEpisode.19.Art(thumb))]</thumb>
				<icon>$INFO[Window(Home).Property(RecommendedEpisode.19.Art(tvshow.fanart))]</icon>
				<onclick>PlayMedia($INFO[Window(Home).Property(RecommendedEpisode.19.File)])</onclick>
				<visible>!IsEmpty(Window(Home).Property(RecommendedEpisode.19.Title))</visible>	
			</item>
			<item id="20">
				<label>$INFO[Window(Home).Property(RecommendedEpisode.20.EpisodeNo)]$INFO[Window.Property(RecommendedEpisode.20.TVShowTitle),: ,]</label>
				<thumb>$INFO[Window(Home).Property(RecommendedEpisode.20.Art(thumb))]</thumb>
				<icon>$INFO[Window(Home).Property(RecommendedEpisode.20.Art(tvshow.fanart))]</icon>
				<onclick>PlayMedia($INFO[Window(Home).Property(RecommendedEpisode.20.File)])</onclick>
				<visible>!IsEmpty(Window(Home).Property(RecommendedEpisode.20.Title))</visible>	
			</item>
		</content>
	</include>

	<include name="WatchListMusic">
		<content>
			<item id="1">
				<label>$INFO[Window(Home).Property(RandomAlbum.1.Artist)]$INFO[Window(Home).Property(RandomAlbum.1.Title),: ,] $INFO[Window(Home).Property(RandomAlbum.1.Year),(,)]</label>
				<thumb>$INFO[Window(Home).Property(RandomAlbum.1.Thumb)]</thumb>
				<icon>$INFO[Window(Home).Property(RandomAlbum.1.Fanart)]</icon>
				<onclick>Playlist.Clear</onclick>
				<onclick>$INFO[Window(Home).Property(RandomAlbum.1.Play)]</onclick>
				<visible>!IsEmpty(Window(Home).Property(RandomAlbum.1.Title))</visible>	
			</item>
			<item id="2">
				<label>$INFO[Window(Home).Property(RandomAlbum.2.Artist)]$INFO[Window(Home).Property(RandomAlbum.2.Title),: ,] $INFO[Window(Home).Property(RandomAlbum.2.Year),(,)]</label>
				<thumb>$INFO[Window(Home).Property(RandomAlbum.2.Thumb)]</thumb>
				<icon>$INFO[Window(Home).Property(RandomAlbum.2.Fanart)]</icon>
				<onclick>Playlist.Clear</onclick>
				<onclick>$INFO[Window(Home).Property(RandomAlbum.2.Play)]</onclick>
				<visible>!IsEmpty(Window(Home).Property(RandomAlbum.2.Title))</visible>	
			</item>
			<item id="3">
				<label>$INFO[Window(Home).Property(RandomAlbum.3.Artist)]$INFO[Window(Home).Property(RandomAlbum.3.Title),: ,] $INFO[Window(Home).Property(RandomAlbum.3.Year),(,)]</label>
				<thumb>$INFO[Window(Home).Property(RandomAlbum.3.Thumb)]</thumb>
				<icon>$INFO[Window(Home).Property(RandomAlbum.3.Fanart)]</icon>
				<onclick>Playlist.Clear</onclick>
				<onclick>$INFO[Window(Home).Property(RandomAlbum.3.Play)]</onclick>
				<visible>!IsEmpty(Window(Home).Property(RandomAlbum.3.Title))</visible>	
			</item>
			<item id="4">
				<label>$INFO[Window(Home).Property(RandomAlbum.4.Artist)]$INFO[Window(Home).Property(RandomAlbum.4.Title),: ,] $INFO[Window(Home).Property(RandomAlbum.4.Year),(,)]</label>
				<thumb>$INFO[Window(Home).Property(RandomAlbum.4.Thumb)]</thumb>
				<icon>$INFO[Window(Home).Property(RandomAlbum.4.Fanart)]</icon>
				<onclick>Playlist.Clear</onclick>
				<onclick>$INFO[Window(Home).Property(RandomAlbum.4.Play)]</onclick>
				<visible>!IsEmpty(Window(Home).Property(RandomAlbum.4.Title))</visible>	
			</item>
			<item id="5">
				<label>$INFO[Window(Home).Property(RandomAlbum.5.Artist)]$INFO[Window(Home).Property(RandomAlbum.5.Title),: ,] $INFO[Window(Home).Property(RandomAlbum.5.Year),(,)]</label>
				<thumb>$INFO[Window(Home).Property(RandomAlbum.5.Thumb)]</thumb>
				<icon>$INFO[Window(Home).Property(RandomAlbum.5.Fanart)]</icon>
				<onclick>Playlist.Clear</onclick>
				<onclick>$INFO[Window(Home).Property(RandomAlbum.5.Play)]</onclick>
				<visible>!IsEmpty(Window(Home).Property(RandomAlbum.5.Title))</visible>	
			</item>
			<item id="6">
				<label>$INFO[Window(Home).Property(RandomAlbum.6.Artist)]$INFO[Window(Home).Property(RandomAlbum.6.Title),: ,] $INFO[Window(Home).Property(RandomAlbum.6.Year),(,)]</label>
				<thumb>$INFO[Window(Home).Property(RandomAlbum.6.Thumb)]</thumb>
				<icon>$INFO[Window(Home).Property(RandomAlbum.6.Fanart)]</icon>
				<onclick>Playlist.Clear</onclick>
				<onclick>$INFO[Window(Home).Property(RandomAlbum.6.Play)]</onclick>
				<visible>!IsEmpty(Window(Home).Property(RandomAlbum.6.Title))</visible>	
			</item>
			<item id="7">
				<label>$INFO[Window(Home).Property(RandomAlbum.7.Artist)]$INFO[Window(Home).Property(RandomAlbum.7.Title),: ,] $INFO[Window(Home).Property(RandomAlbum.7.Year),(,)]</label>
				<thumb>$INFO[Window(Home).Property(RandomAlbum.7.Thumb)]</thumb>
				<icon>$INFO[Window(Home).Property(RandomAlbum.7.Fanart)]</icon>
				<onclick>Playlist.Clear</onclick>
				<onclick>$INFO[Window(Home).Property(RandomAlbum.7.Play)]</onclick>
				<visible>!IsEmpty(Window(Home).Property(RandomAlbum.7.Title))</visible>	
			</item>
			<item id="8">
				<label>$INFO[Window(Home).Property(RandomAlbum.8.Artist)]$INFO[Window(Home).Property(RandomAlbum.8.Title),: ,] $INFO[Window(Home).Property(RandomAlbum.8.Year),(,)]</label>
				<thumb>$INFO[Window(Home).Property(RandomAlbum.8.Thumb)]</thumb>
				<icon>$INFO[Window(Home).Property(RandomAlbum.8.Fanart)]</icon>
				<onclick>Playlist.Clear</onclick>
				<onclick>$INFO[Window(Home).Property(RandomAlbum.8.Play)]</onclick>
				<visible>!IsEmpty(Window(Home).Property(RandomAlbum.8.Title))</visible>	
			</item>
			<item id="9">
				<label>$INFO[Window(Home).Property(RandomAlbum.9.Artist)]$INFO[Window(Home).Property(RandomAlbum.9.Title),: ,] $INFO[Window(Home).Property(RandomAlbum.9.Year),(,)]</label>
				<thumb>$INFO[Window(Home).Property(RandomAlbum.9.Thumb)]</thumb>
				<icon>$INFO[Window(Home).Property(RandomAlbum.9.Fanart)]</icon>
				<onclick>Playlist.Clear</onclick>
				<onclick>$INFO[Window(Home).Property(RandomAlbum.9.Play)]</onclick>
				<visible>!IsEmpty(Window(Home).Property(RandomAlbum.9.Title))</visible>	
			</item>
			<item id="10">
				<label>$INFO[Window(Home).Property(RandomAlbum.10.Artist)]$INFO[Window(Home).Property(RandomAlbum.10.Title),: ,] $INFO[Window(Home).Property(RandomAlbum.10.Year),(,)]</label>
				<thumb>$INFO[Window(Home).Property(RandomAlbum.10.Thumb)]</thumb>
				<icon>$INFO[Window(Home).Property(RandomAlbum.10.Fanart)]</icon>
				<onclick>Playlist.Clear</onclick>
				<onclick>$INFO[Window(Home).Property(RandomAlbum.10.Play)]</onclick>
				<visible>!IsEmpty(Window(Home).Property(RandomAlbum.10.Title))</visible>	
			</item>
			<item id="11">
				<label>$INFO[Window(Home).Property(RandomAlbum.11.Artist)]$INFO[Window(Home).Property(RandomAlbum.11.Title),: ,] $INFO[Window(Home).Property(RandomAlbum.11.Year),(,)]</label>
				<thumb>$INFO[Window(Home).Property(RandomAlbum.11.Thumb)]</thumb>
				<icon>$INFO[Window(Home).Property(RandomAlbum.11.Fanart)]</icon>
				<onclick>Playlist.Clear</onclick>
				<onclick>$INFO[Window(Home).Property(RandomAlbum.11.Play)]</onclick>
				<visible>!IsEmpty(Window(Home).Property(RandomAlbum.11.Title))</visible>	
			</item>
			<item id="12">
				<label>$INFO[Window(Home).Property(RandomAlbum.12.Artist)]$INFO[Window(Home).Property(RandomAlbum.12.Title),: ,] $INFO[Window(Home).Property(RandomAlbum.12.Year),(,)]</label>
				<thumb>$INFO[Window(Home).Property(RandomAlbum.12.Thumb)]</thumb>
				<icon>$INFO[Window(Home).Property(RandomAlbum.12.Fanart)]</icon>
				<onclick>Playlist.Clear</onclick>
				<onclick>$INFO[Window(Home).Property(RandomAlbum.12.Play)]</onclick>
				<visible>!IsEmpty(Window(Home).Property(RandomAlbum.12.Title))</visible>	
			</item>
			<item id="13">
				<label>$INFO[Window(Home).Property(RandomAlbum.13.Artist)]$INFO[Window(Home).Property(RandomAlbum.13.Title),: ,] $INFO[Window(Home).Property(RandomAlbum.13.Year),(,)]</label>
				<thumb>$INFO[Window(Home).Property(RandomAlbum.13.Thumb)]</thumb>
				<icon>$INFO[Window(Home).Property(RandomAlbum.13.Fanart)]</icon>
				<onclick>Playlist.Clear</onclick>
				<onclick>$INFO[Window(Home).Property(RandomAlbum.13.Play)]</onclick>
				<visible>!IsEmpty(Window(Home).Property(RandomAlbum.13.Title))</visible>	
			</item>
			<item id="14">
				<label>$INFO[Window(Home).Property(RandomAlbum.14.Artist)]$INFO[Window(Home).Property(RandomAlbum.14.Title),: ,] $INFO[Window(Home).Property(RandomAlbum.14.Year),(,)]</label>
				<thumb>$INFO[Window(Home).Property(RandomAlbum.14.Thumb)]</thumb>
				<icon>$INFO[Window(Home).Property(RandomAlbum.14.Fanart)]</icon>
				<onclick>Playlist.Clear</onclick>
				<onclick>$INFO[Window(Home).Property(RandomAlbum.14.Play)]</onclick>
				<visible>!IsEmpty(Window(Home).Property(RandomAlbum.14.Title))</visible>	
			</item>
			<item id="15">
				<label>$INFO[Window(Home).Property(RandomAlbum.15.Artist)]$INFO[Window(Home).Property(RandomAlbum.15.Title),: ,] $INFO[Window(Home).Property(RandomAlbum.15.Year),(,)]</label>
				<thumb>$INFO[Window(Home).Property(RandomAlbum.15.Thumb)]</thumb>
				<icon>$INFO[Window(Home).Property(RandomAlbum.15.Fanart)]</icon>
				<onclick>Playlist.Clear</onclick>
				<onclick>$INFO[Window(Home).Property(RandomAlbum.15.Play)]</onclick>
				<visible>!IsEmpty(Window(Home).Property(RandomAlbum.15.Title))</visible>	
			</item>
			<item id="16">
				<label>$INFO[Window(Home).Property(RandomAlbum.16.Artist)]$INFO[Window(Home).Property(RandomAlbum.16.Title),: ,] $INFO[Window(Home).Property(RandomAlbum.16.Year),(,)]</label>
				<thumb>$INFO[Window(Home).Property(RandomAlbum.16.Thumb)]</thumb>
				<icon>$INFO[Window(Home).Property(RandomAlbum.16.Fanart)]</icon>
				<onclick>Playlist.Clear</onclick>
				<onclick>$INFO[Window(Home).Property(RandomAlbum.16.Play)]</onclick>
				<visible>!IsEmpty(Window(Home).Property(RandomAlbum.16.Title))</visible>	
			</item>
			<item id="17">
				<label>$INFO[Window(Home).Property(RandomAlbum.17.Artist)]$INFO[Window(Home).Property(RandomAlbum.17.Title),: ,] $INFO[Window(Home).Property(RandomAlbum.17.Year),(,)]</label>
				<thumb>$INFO[Window(Home).Property(RandomAlbum.17.Thumb)]</thumb>
				<icon>$INFO[Window(Home).Property(RandomAlbum.17.Fanart)]</icon>
				<onclick>Playlist.Clear</onclick>
				<onclick>$INFO[Window(Home).Property(RandomAlbum.17.Play)]</onclick>
				<visible>!IsEmpty(Window(Home).Property(RandomAlbum.17.Title))</visible>	
			</item>
			<item id="18">
				<label>$INFO[Window(Home).Property(RandomAlbum.18.Artist)]$INFO[Window(Home).Property(RandomAlbum.18.Title),: ,] $INFO[Window(Home).Property(RandomAlbum.18.Year),(,)]</label>
				<thumb>$INFO[Window(Home).Property(RandomAlbum.18.Thumb)]</thumb>
				<icon>$INFO[Window(Home).Property(RandomAlbum.18.Fanart)]</icon>
				<onclick>Playlist.Clear</onclick>
				<onclick>$INFO[Window(Home).Property(RandomAlbum.18.Play)]</onclick>
				<visible>!IsEmpty(Window(Home).Property(RandomAlbum.18.Title))</visible>	
			</item>
			<item id="19">
				<label>$INFO[Window(Home).Property(RandomAlbum.19.Artist)]$INFO[Window(Home).Property(RandomAlbum.19.Title),: ,] $INFO[Window(Home).Property(RandomAlbum.19.Year),(,)]</label>
				<thumb>$INFO[Window(Home).Property(RandomAlbum.19.Thumb)]</thumb>
				<icon>$INFO[Window(Home).Property(RandomAlbum.19.Fanart)]</icon>
				<onclick>Playlist.Clear</onclick>
				<onclick>$INFO[Window(Home).Property(RandomAlbum.19.Play)]</onclick>
				<visible>!IsEmpty(Window(Home).Property(RandomAlbum.19.Title))</visible>	
			</item>
			<item id="20">
				<label>$INFO[Window(Home).Property(RandomAlbum.20.Artist)]$INFO[Window(Home).Property(RandomAlbum.20.Title),: ,] $INFO[Window(Home).Property(RandomAlbum.20.Year),(,)]</label>
				<thumb>$INFO[Window(Home).Property(RandomAlbum.20.Thumb)]</thumb>
				<icon>$INFO[Window(Home).Property(RandomAlbum.20.Fanart)]</icon>
				<onclick>Playlist.Clear</onclick>
				<onclick>$INFO[Window(Home).Property(RandomAlbum.20.Play)]</onclick>
				<visible>!IsEmpty(Window(Home).Property(RandomAlbum.20.Title))</visible>	
			</item>
		</content>
	</include>
	
	<variable name="GlobalSearchNumItems">
		<value condition="Control.IsVisible(111) + !StringCompare(Container(111).NumItems,0)">$INFO[Container(111).NumItems]</value>
		<value condition="Control.IsVisible(211) + !StringCompare(Container(211).NumItems,0)">$INFO[Container(211).NumItems]</value>
		<value condition="Control.IsVisible(121) + !StringCompare(Container(121).NumItems,0)">$INFO[Container(121).NumItems]</value>
		<value condition="Control.IsVisible(131) + !StringCompare(Container(131).NumItems,0)">$INFO[Container(131).NumItems]</value>
		<value condition="Control.IsVisible(141) + !StringCompare(Container(141).NumItems,0)">$INFO[Container(141).NumItems]</value>
		<value condition="Control.IsVisible(151) + !StringCompare(Container(151).NumItems,0)">$INFO[Container(151).NumItems]</value>
		<value condition="Control.IsVisible(161) + !StringCompare(Container(161).NumItems,0)">$INFO[Container(161).NumItems]</value>
		<value condition="Control.IsVisible(171) + !StringCompare(Container(171).NumItems,0)">$INFO[Container(171).NumItems]</value>
		<value condition="Control.IsVisible(181) + !StringCompare(Container(181).NumItems,0)">$INFO[Container(181).NumItems]</value>
	</variable>
	
	<variable name="VideoQualityOverlayWatchedGlobalSearch">
		<value condition="IntegerGreaterThan(ListItem.Property(VideoResolution),719)">OverlayHDAlt.png</value>
		<value condition="[!IsEmpty(ListItem.Property(VideoResolution)) + !IntegerGreaterThan(ListItem.Property(VideoResolution),719)] | [IsEmpty(ListItem.Property(VideoResolution)) + [substring(ListItem.Property(Path),.iso,right)
		| substring(ListItem.Property(Path),.img,right) | substring(ListItem.Property(Path),.ifo,right) | substring(ListItem.Property(Path),.vob,right)]]">OverlaySDAlt.png</value>
		<value>OverlayUnknownAlt.png</value>
	</variable>
	
	<variable name="VideoQualityOverlayUnwatchedGlobalSearch">
		<value condition="IntegerGreaterThan(ListItem.Property(VideoResolution),719)">OverlayHD.png</value>
		<value condition="[!IsEmpty(ListItem.Property(VideoResolution)) + !IntegerGreaterThan(ListItem.Property(VideoResolution),719)] | [IsEmpty(ListItem.Property(VideoResolution)) + [substring(ListItem.Property(Path),.iso,right)
		| substring(ListItem.Property(Path),.img,right) | substring(ListItem.Property(Path),.ifo,right) | substring(ListItem.Property(Path),.vob,right)]]">OverlaySD.png</value>
		<value>OverlayUnknown.png</value>
	</variable>
	
	<variable name="GlobalSearchInfoDialogLabel1">
		<value condition="Control.IsVisible(130) | Control.IsVisible(140)">$INFO[Container(100).ListItem.Property(TvShowTitle)]</value>
		<value>$INFO[Container(100).ListItem.Label]</value>
	</variable>
	
	<variable name="GlobalSearchInfoDialogLabel2">
		<value condition="Control.IsVisible(130)">$INFO[Container(100).ListItem.Label]</value>
		<value condition="Control.IsVisible(140)">$INFO[Container(100).ListItem.Label,","]</value>
		<value condition="Control.IsVisible(160)">$INFO[Container(100).ListItem.Property(Artist_Genre)]</value>
		<value>$INFO[Container(100).ListItem.Property(Genre)]</value>
	</variable>
	
	<variable name="GlobalSearchDescription">
		<value condition="Control.IsVisible(160)">$INFO[Container(100).ListItem.Property(Artist_Description)]</value>
		<value condition="Control.IsVisible(170)">$INFO[Container(100).ListItem.Property(Album_Description)]</value>
		<value condition="Control.IsVisible(180)">$INFO[Container(100).ListItem.Property(Comment)]</value>
	</variable>	
	
	<include name="GlobalSearchVideoSourceMediaFlags">
		<control type="image" id="600">
			<description>Blu-ray</description>
			<width>49</width>
			<height>35</height>
			<aspectratio>stretch</aspectratio>
			<texture>flagging/$VAR[MediaFlagTheme]/video/bluray.png</texture>
			<!--<fadetime>MediaFlagsCrossfadeTime</fadetime>-->
			<visible>substring(Container(100).ListItem.Property(Path),bluray) | substring(Container(100).ListItem.Property(Path),blu-ray) | substring(Container(100).ListItem.Property(Path),brrip) | substring(Container(100).ListItem.Property(Path),bd25) | substring(Container(100).ListItem.Property(Path),bd50)</visible>
		</control>
		<control type="image" id="694">
			<description>Web-DL</description>
			<width>49</width>
			<height>35</height>
			<aspectratio>stretch</aspectratio>
			<texture>flagging/$VAR[MediaFlagTheme]/video/web-dl.png</texture>
			<!--<fadetime>MediaFlagsCrossfadeTime</fadetime>-->
			<visible>[substring(Container(100).ListItem.Property(Path),web-dl) | substring(Container(100).ListItem.Property(Path),web-download)] + ![substring(Container(100).ListItem.Property(VideoCodec),vp8) | substring(Container(100).ListItem.Property(VideoCodec),vp9)]</visible>
		</control>
		<control type="image" id="601">
			<description>3D</description>
			<width>65</width>
			<height>35</height>
			<aspectratio>stretch</aspectratio>
			<texture>flagging/$VAR[MediaFlagTheme]/video/3d.png</texture>
			<!--<fadetime>MediaFlagsCrossfadeTime</fadetime>-->
			<visible>substring(Container(100).ListItem.Property(Path),.3d.) | substring(Container(100).ListItem.Property(Path),hsbs) | substring(Container(100).ListItem.Property(Path),sbs) | substring(Container(100).ListItem.Property(Path),half-sbs)</visible>
		</control>
		<control type="image" id="602">
			<description>HDDVD</description>
			<width>82</width>
			<height>35</height>
			<aspectratio>stretch</aspectratio>
			<texture>flagging/$VAR[MediaFlagTheme]/video/hddvd.png</texture>
			<!--<fadetime>MediaFlagsCrossfadeTime</fadetime>-->
			<visible>substring(ListItem.FilenameAndPath,hddvd) | substring(ListItem.FilenameAndPath,hd-dvd)</visible>
		</control>
		<control type="image" id="718">
			<description>DVD</description>
			<width>55</width>
			<height>35</height>
			<aspectratio>stretch</aspectratio>
			<texture>flagging/$VAR[MediaFlagTheme]/video/dvd.png</texture>
			<!--<fadetime>MediaFlagsCrossfadeTime</fadetime>-->
			<visible>[substring(ListItem.FileExtension,iso) | substring(ListItem.FileExtension,img) | substring(ListItem.FilenameAndPath,dvd) | substring(ListItem.FileExtension,ifo) | substring(ListItem.FileExtension,vob) | substring(ListItem.FilenameAndPath,dvdrip) | substring(ListItem.FilenameAndPath,dvdr5) | substring(ListItem.FilenameAndPath,.r5) | substring(ListItem.FilenameAndPath,dvdscreener) | substring(ListItem.FilenameAndPath,dvdscr) | substring(ListItem.FilenameAndPath,screener)] + ![substring(ListItem.FilenameAndPath,hddvd) | substring(ListItem.FilenameAndPath,hd-dvd)]</visible>
		</control>
		<control type="image" id="603">
			<description>HDTV</description>
			<width>74</width>
			<height>35</height>
			<aspectratio>stretch</aspectratio>
			<texture>flagging/$VAR[MediaFlagTheme]/video/hdtv.png</texture>
			<!--<fadetime>MediaFlagsCrossfadeTime</fadetime>-->
			<visible>substring(Container(100).ListItem.Property(Path),hdtv) | substring(Container(100).ListItem.Property(Path),hdrip)</visible>
		</control>
		<control type="image" id="604">
			<description>SDTV</description>
			<width>74</width>
			<height>35</height>
			<aspectratio>stretch</aspectratio>
			<texture>flagging/$VAR[MediaFlagTheme]/video/sdtv.png</texture>
			<!--<fadetime>MediaFlagsCrossfadeTime</fadetime>-->
			<visible>SubString(Container(100).ListItem.Property(Path),PDTV) | substring(Container(100).ListItem.Property(Path),sdtv)</visible>
		</control>
		<control type="image" id="608">
			<description>Telesync</description>
			<width>41</width>
			<height>35</height>
			<aspectratio>stretch</aspectratio>
			<texture>flagging/$VAR[MediaFlagTheme]/video/film.png</texture>
			<!--<fadetime>MediaFlagsCrossfadeTime</fadetime>-->
			<visible>substring(Container(100).ListItem.Property(Path),.telesync) | substring(Container(100).ListItem.Property(Path),.ts.)</visible>
		</control>
		<control type="image" id="609">
			<description>Cam</description>
			<width>41</width>
			<height>35</height>
			<aspectratio>stretch</aspectratio>
			<texture>flagging/$VAR[MediaFlagTheme]/video/film.png</texture>
			<!--<fadetime>MediaFlagsCrossfadeTime</fadetime>-->
			<visible>substring(Container(100).ListItem.Property(Path),.cam)</visible>
		</control>
		<control type="image" id="678">
			<description>VHS</description>
			<width>64</width>
			<height>35</height>
			<aspectratio>stretch</aspectratio>
			<texture>flagging/$VAR[MediaFlagTheme]/video/vhs.png</texture>
			<!--<fadetime>MediaFlagsCrossfadeTime</fadetime>-->
			<visible>substring(Container(100).ListItem.Property(Path),vhs)</visible>
		</control>
	</include>
	
	<include name="GlobalSearchVideoCodecMediaFlags">
		<control type="image" id="610">
			<description>Xvid Codec</description>
			<width>57</width>
			<height>35</height>
			<aspectratio>stretch</aspectratio>
			<texture>flagging/$VAR[MediaFlagTheme]/video/xvid.png</texture>
			<!--<fadetime>MediaFlagsCrossfadeTime</fadetime>-->
			<visible>substring(Container(100).ListItem.Property(VideoCodec),xvid)</visible>
		</control>
		<control type="image" id="611">
			<description>Divx Codec</description>
			<width>67</width>
			<height>35</height>
			<aspectratio>stretch</aspectratio>
			<texture>flagging/$VAR[MediaFlagTheme]/video/divx.png</texture>
			<!--<fadetime>MediaFlagsCrossfadeTime</fadetime>-->
			<visible>substring(Container(100).ListItem.Property(VideoCodec),divx) | substring(Container(100).ListItem.Property(VideoCodec),div2) | substring(Container(100).ListItem.Property(VideoCodec),div3) | substring(Container(100).ListItem.Property(VideoCodec),div4) | substring(Container(100).ListItem.Property(VideoCodec),divx 4) | substring(Container(100).ListItem.Property(VideoCodec),div5) | substring(Container(100).ListItem.Property(VideoCodec),dx50)</visible>
		</control>
		<control type="image" id="612">
			<description>H264 Codec</description>
			<width>61</width>
			<height>35</height>
			<aspectratio>stretch</aspectratio>
			<texture>flagging/$VAR[MediaFlagTheme]/video/h264.png</texture>
			<!--<fadetime>MediaFlagsCrossfadeTime</fadetime>-->
			<visible>substring(Container(100).ListItem.Property(VideoCodec),h264) | substring(Container(100).ListItem.Property(VideoCodec),x264) | substring(Container(100).ListItem.Property(VideoCodec),hdmv)</visible>
		</control>
		<control type="image" id="698">
			<description>H265 Codec</description>
			<width>61</width>
			<height>35</height>
			<aspectratio>stretch</aspectratio>
			<texture>flagging/$VAR[MediaFlagTheme]/video/hevc.png</texture>
			<!--<fadetime>MediaFlagsCrossfadeTime</fadetime>-->
			<visible>substring(Container(100).ListItem.Property(VideoCodec),hevc)</visible>
		</control>
		<control type="image" id="613">
			<description>AVC1 Codec</description>
			<width>61</width>
			<height>35</height>
			<aspectratio>stretch</aspectratio>
			<texture>flagging/$VAR[MediaFlagTheme]/video/avc1.png</texture>
			<!--<fadetime>MediaFlagsCrossfadeTime</fadetime>-->
			<visible>substring(Container(100).ListItem.Property(VideoCodec),avc1)</visible>
		</control>
		<control type="image" id="614">
			<description>WVC1 Codec</description>
			<width>80</width>
			<height>35</height>
			<aspectratio>stretch</aspectratio>
			<texture>flagging/$VAR[MediaFlagTheme]/video/wvc1.png</texture>
			<!--<fadetime>MediaFlagsCrossfadeTime</fadetime>-->
			<visible>substring(Container(100).ListItem.Property(VideoCodec),wvc1) | substring(Container(100).ListItem.Property(VideoCodec),vc-1)</visible>
		</control>
		<control type="image" id="680">
			<description>WMV Codec</description>
			<width>80</width>
			<height>35</height>
			<aspectratio>stretch</aspectratio>
			<texture>flagging/$VAR[MediaFlagTheme]/video/wmv.png</texture>
			<!--<fadetime>MediaFlagsCrossfadeTime</fadetime>-->
			<visible>substring(Container(100).ListItem.Property(VideoCodec),wmv) | substring(Container(100).ListItem.Property(VideoCodec),wmv2) | substring(Container(100).ListItem.Property(VideoCodec),wmv3)</visible>
		</control>
		<control type="image" id="615">
			<description>MPEG-1 Codec</description>
			<width>57</width>
			<height>35</height>
			<aspectratio>stretch</aspectratio>
			<texture>flagging/$VAR[MediaFlagTheme]/video/mpeg1video.png</texture>
			<!--<fadetime>MediaFlagsCrossfadeTime</fadetime>-->
			<visible>substring(Container(100).ListItem.Property(VideoCodec),mpeg1video)</visible>
		</control>
		<control type="image" id="616">
			<description>MPEG-2 Codec</description>
			<width>57</width>
			<height>35</height>
			<aspectratio>stretch</aspectratio>
			<texture>flagging/$VAR[MediaFlagTheme]/video/mpeg2video.png</texture>
			<!--<fadetime>MediaFlagsCrossfadeTime</fadetime>-->
			<visible>substring(Container(100).ListItem.Property(VideoCodec),mpeg2video) | substring(Container(100).ListItem.Property(VideoCodec),mpeg video) | substring(Container(100).ListItem.Property(VideoCodec),mpeg2)</visible>
		</control>
		<control type="image" id="617">
			<description>MPEG-4 Codec</description>
			<width>57</width>
			<height>35</height>
			<aspectratio>stretch</aspectratio>
			<texture>flagging/$VAR[MediaFlagTheme]/video/mpeg4video.png</texture>
			<!--<fadetime>MediaFlagsCrossfadeTime</fadetime>-->
			<visible>substring(Container(100).ListItem.Property(VideoCodec),mpeg-4 visual) | substring(Container(100).ListItem.Property(VideoCodec),mpg4) | substring(Container(100).ListItem.Property(VideoCodec),mp4v)</visible>
		</control>
		<control type="image" id="618">
			<description>Sorenson Video Codec</description>
			<width>36</width>
			<height>35</height>
			<aspectratio>stretch</aspectratio>
			<texture>flagging/$VAR[MediaFlagTheme]/video/svq3.png</texture>
			<!--<fadetime>MediaFlagsCrossfadeTime</fadetime>-->
			<visible>substring(Container(100).ListItem.Property(VideoCodec),svq1) | substring(Container(100).ListItem.Property(VideoCodec),svq3)</visible>
		</control>		
		<control type="image" id="695">
			<description>VP8 and VP9 Video Codec</description>
			<width>36</width>
			<height>35</height>
			<aspectratio>stretch</aspectratio>
			<texture>flagging/$VAR[MediaFlagTheme]/video/vp8.png</texture>
			<!--<fadetime>MediaFlagsCrossfadeTime</fadetime>-->
			<visible>substring(Container(100).ListItem.Property(VideoCodec),vp8) | substring(Container(100).ListItem.Property(VideoCodec),vp9)</visible>
		</control>
		<control type="image" id="619">
			<description>Flash Video Codec</description>
			<width>22</width>
			<height>35</height>
			<aspectratio>stretch</aspectratio>
			<texture>flagging/$VAR[MediaFlagTheme]/video/flv.png</texture>
			<!--<fadetime>MediaFlagsCrossfadeTime</fadetime>-->
			<visible>substring(Container(100).ListItem.Property(VideoCodec),flv)</visible>
		</control>
		<control type="image" id="620">
			<description>Video Resolution</description>
			<left>-5</left>
			<width>48</width>
			<height>35</height>
			<aspectratio>stretch</aspectratio>
			<!--<fadetime>MediaFlagsCrossfadeTime</fadetime>-->
			<texture>flagging/$VAR[MediaFlagTheme]/video/$INFO[Container(100).ListItem.Property(VideoResolution)].png</texture>
			<visible>!IsEmpty(Container(100).ListItem.Property(VideoCodec)) + !Skin.HasSetting(HideVideoResMediaFlag)</visible>
		</control>
		<control type="image" id="621">
			<description>Right Border</description>
			<left>-5</left>
			<width>4</width>
			<height>35</height>
			<aspectratio>stretch</aspectratio>
			<!--<fadetime>MediaFlagsCrossfadeTime</fadetime>-->
			<texture>flagging/$VAR[MediaFlagTheme]/flag-right-border.png</texture>
			<visible>!IsEmpty(Container(100).ListItem.Property(VideoCodec)) + Skin.HasSetting(HideVideoResMediaFlag)</visible>
		</control>
	</include>
	
	<include name="GlobalSearchAudioMediaFlags">
		<control type="image" id="622">
			<description>MP3 Codec</description>
			<width>55</width>
			<height>35</height>
			<aspectratio>stretch</aspectratio>
			<texture>flagging/$VAR[MediaFlagTheme]/audio/mp3.png</texture>
			<!--<fadetime>MediaFlagsCrossfadeTime</fadetime>-->
			<visible>substring(Container(100).ListItem.Property(AudioCodec),mp3)</visible>
		</control>
		<control type="image" id="623">
			<description>MP2 Codec</description>
			<width>53</width>
			<height>35</height>
			<aspectratio>stretch</aspectratio>
			<texture>flagging/$VAR[MediaFlagTheme]/audio/mp2.png</texture>
			<!--<fadetime>MediaFlagsCrossfadeTime</fadetime>-->
			<visible>substring(Container(100).ListItem.Property(AudioCodec),mp2)</visible>
		</control>
		<control type="image" id="624">
			<description>MP1 Codec</description>
			<width>53</width>
			<height>35</height>
			<aspectratio>stretch</aspectratio>
			<texture>flagging/$VAR[MediaFlagTheme]/audio/mp1.png</texture>
			<!--<fadetime>MediaFlagsCrossfadeTime</fadetime>-->
			<visible>substring(Container(100).ListItem.Property(AudioCodec),mp1)</visible>
		</control>
		<control type="image" id="700">
			<description>Opus Codec</description>
			<width>53</width>
			<height>35</height>
			<aspectratio>stretch</aspectratio>
			<texture>flagging/$VAR[MediaFlagTheme]/audio/opus.png</texture>
			<!--<fadetime>MediaFlagsCrossfadeTime</fadetime>-->
			<visible>substring(Container(100).ListItem.Property(AudioCodec),opus)</visible>
		</control>
		<control type="image" id="625">
			<description>DTS Codec</description>
			<width>59</width>
			<height>35</height>
			<aspectratio>stretch</aspectratio>
			<texture>flagging/$VAR[MediaFlagTheme]/audio/dts.png</texture>
			<!--<fadetime>MediaFlagsCrossfadeTime</fadetime>-->
			<visible>substring(Container(100).ListItem.Property(AudioCodec),dca)</visible>
		</control>
		<control type="image" id="682">
			<description>PCM Codec</description>
			<width>59</width>
			<height>35</height>
			<aspectratio>stretch</aspectratio>
			<texture>flagging/$VAR[MediaFlagTheme]/audio/pcm.png</texture>
			<!--<fadetime>MediaFlagsCrossfadeTime</fadetime>-->
			<visible>substring(Container(100).ListItem.Property(AudioCodec),pcm_s16be) | substring(Container(100).ListItem.Property(AudioCodec),pcm_s16le) | substring(Container(100).ListItem.Property(AudioCodec),pcm_u8)</visible>
		</control>
		<control type="image" id="626">
			<description>AAC Codec</description>
			<width>40</width>
			<height>35</height>
			<aspectratio>stretch</aspectratio>
			<texture>flagging/$VAR[MediaFlagTheme]/audio/aac.png</texture>
			<!--<fadetime>MediaFlagsCrossfadeTime</fadetime>-->
			<visible>substring(Container(100).ListItem.Property(AudioCodec),aac)</visible>
		</control>
		<control type="image" id="627">
			<description>Dolby Digital/AC3 Codec</description>
			<width>66</width>
			<height>35</height>
			<aspectratio>stretch</aspectratio>
			<texture>flagging/$VAR[MediaFlagTheme]/audio/dolbydigital.png</texture>
			<!--<fadetime>MediaFlagsCrossfadeTime</fadetime>-->
			<visible>substring(Container(100).ListItem.Property(AudioCodec),ac3) | substring(Container(100).ListItem.Property(AudioCodec),ac-3)</visible>
		</control>
		<control type="image" id="688">
			<description>EAC3 Codec</description>
			<width>66</width>
			<height>35</height>
			<aspectratio>stretch</aspectratio>
			<texture>flagging/$VAR[MediaFlagTheme]/audio/eac3.png</texture>
			<!--<fadetime>MediaFlagsCrossfadeTime</fadetime>-->
			<visible>substring(Container(100).ListItem.Property(AudioCodec),eac3)</visible>
		</control>
		<control type="image" id="628">
			<description>TrueHD Codec</description>
			<width>60</width>
			<height>35</height>
			<aspectratio>stretch</aspectratio>
			<texture>flagging/$VAR[MediaFlagTheme]/audio/truehd.png</texture>
			<!--<fadetime>MediaFlagsCrossfadeTime</fadetime>-->
			<visible>substring(Container(100).ListItem.Property(AudioCodec),truehd)</visible>
		</control>
		<control type="image" id="629">
			<description>WMA STD V2/WMA Codec</description>
			<width>95</width>
			<height>35</height>
			<aspectratio>stretch</aspectratio>
			<texture>flagging/$VAR[MediaFlagTheme]/audio/wma.png</texture>
			<!--<fadetime>MediaFlagsCrossfadeTime</fadetime>-->
			<visible>substring(Container(100).ListItem.Property(AudioCodec),wmav2) | substring(Container(100).ListItem.Property(AudioCodec),wma)</visible>
		</control>
		<control type="image" id="686">
			<description>WMA Pro Codec</description>
			<width>95</width>
			<height>35</height>
			<aspectratio>stretch</aspectratio>
			<texture>flagging/$VAR[MediaFlagTheme]/audio/wmapro.png</texture>
			<!--<fadetime>MediaFlagsCrossfadeTime</fadetime>-->
			<visible>substring(Container(100).ListItem.Property(AudioCodec),wmapro)</visible>
		</control>
		<control type="image" id="630">
			<description>FLAC Codec</description>
			<width>48</width>
			<height>35</height>
			<aspectratio>stretch</aspectratio>
			<texture>flagging/$VAR[MediaFlagTheme]/audio/flac.png</texture>
			<!--<fadetime>MediaFlagsCrossfadeTime</fadetime>-->
			<visible>substring(Container(100).ListItem.Property(AudioCodec),flac)</visible>
		</control>
		<control type="image" id="631">
			<description>Vorbis Codec</description>
			<width>42</width>
			<height>35</height>
			<aspectratio>stretch</aspectratio>
			<texture>flagging/$VAR[MediaFlagTheme]/audio/vorbis.png</texture>
			<!--<fadetime>MediaFlagsCrossfadeTime</fadetime>-->
			<visible>substring(Container(100).ListItem.Property(AudioCodec),vorbis)</visible>
		</control>
		<control type="image" id="684">
			<description>OGG Codec</description>
			<width>42</width>
			<height>35</height>
			<aspectratio>stretch</aspectratio>
			<texture>flagging/$VAR[MediaFlagTheme]/audio/ogg.png</texture>
			<!--<fadetime>MediaFlagsCrossfadeTime</fadetime>-->
			<visible>substring(Container(100).ListItem.Property(AudioCodec),ogg)</visible>
		</control>
		<control type="image" id="632">
			<description>DTS-HD Master Audio Codec</description>
			<width>108</width>
			<height>35</height>
			<aspectratio>stretch</aspectratio>
			<texture>flagging/$VAR[MediaFlagTheme]/audio/dtshd_ma.png</texture>
			<!--<fadetime>MediaFlagsCrossfadeTime</fadetime>-->
			<visible>substring(Container(100).ListItem.Property(AudioCodec),dtshd_ma)</visible>
		</control>
		<control type="image" id="633">
			<description>DTS-HD High Resolution Audio</description>
			<width>108</width>
			<height>35</height>
			<aspectratio>stretch</aspectratio>
			<texture>flagging/$VAR[MediaFlagTheme]/audio/dtshd_hra.png</texture>
			<!--<fadetime>MediaFlagsCrossfadeTime</fadetime>-->
			<visible>substring(Container(100).ListItem.Property(AudioCodec),dtshd_hra)</visible>
		</control>
		<control type="image" id="634">
			<description>Audio Channels</description>
			<left>-5</left>
			<width>43</width>
			<height>35</height>
			<aspectratio>stretch</aspectratio>
			<texture>flagging/$VAR[MediaFlagTheme]/audio/$INFO[Container(100).ListItem.Property(AudioChannels)].png</texture>
			<!--<fadetime>MediaFlagsCrossfadeTime</fadetime>-->
			<visible>!IsEmpty(Container(100).ListItem.Property(AudioCodec))</visible>
		</control>
	</include>
	
	<include name="GlobalSearchAspectMediaFlags">
		<control type="image" id="633">
			<description>Aspect Ratio</description>
			<width>50</width>
			<height>35</height>
			<aspectratio>stretch</aspectratio>
			<texture>flagging/$VAR[MediaFlagTheme]/aspectratio/$INFO[Container(100).ListItem.Property(VideoAspect)].png</texture>
			<!--<fadetime>MediaFlagsCrossfadeTime</fadetime>-->
			<visible>!IsEmpty(Container(100).ListItem.Property(VideoAspect)) + !Skin.HasSetting(HideAspectRatioMediaFlag)</visible>
		</control>
	</include>

	<include name="GlobalSearchRatingMediaFlags">
		<control type="image" id="634">
			<description>Rated General</description>
			<width>26</width>
			<height>35</height>
			<aspectratio>stretch</aspectratio>
			<texture>flagging/$VAR[MediaFlagTheme]/ratings/mpaa-general.png</texture>
			<!--<fadetime>MediaFlagsCrossfadeTime</fadetime>-->
			<visible>substring(Container(100).ListItem.Property(Mpaa),Rated G)</visible>  
		</control>
		<control type="image" id="635">
			<description>Rated PG</description>
			<width>40</width>
			<height>35</height>
			<aspectratio>stretch</aspectratio>
			<texture>flagging/$VAR[MediaFlagTheme]/ratings/mpaa-pg.png</texture>
			<!--<fadetime>MediaFlagsCrossfadeTime</fadetime>-->
			<visible>substring(Container(100).ListItem.Property(Mpaa),Rated PG) + !substring(Container(100).ListItem.Property(Mpaa),Rated PG-13)</visible>  
		</control>
		<control type="image" id="636">
			<description>Rated PG-13</description>
			<width>63</width>
			<height>35</height>
			<aspectratio>stretch</aspectratio>
			<texture>flagging/$VAR[MediaFlagTheme]/ratings/mpaa-pg13.png</texture>
			<!--<fadetime>MediaFlagsCrossfadeTime</fadetime>-->
			<visible>substring(Container(100).ListItem.Property(Mpaa),Rated PG-13)</visible>  
		</control>
		<control type="image" id="637">
			<description>Rated R</description>
			<width>34</width>
			<height>35</height>
			<aspectratio>stretch</aspectratio>
			<texture>flagging/$VAR[MediaFlagTheme]/ratings/mpaa-restricted.png</texture>
			<!--<fadetime>MediaFlagsCrossfadeTime</fadetime>-->
			<visible>substring(Container(100).ListItem.Property(Mpaa),Rated R)</visible>  
		</control>
		<control type="image" id="638">
			<description>Rated NC-17</description>
			<width>63</width>
			<height>35</height>
			<aspectratio>stretch</aspectratio>
			<texture>flagging/$VAR[MediaFlagTheme]/ratings/mpaa-nc17.png</texture>
			<!--<fadetime>MediaFlagsCrossfadeTime</fadetime>-->
			<visible>substring(Container(100).ListItem.Property(Mpaa),Rated NC-17)</visible>  
		</control>
		<control type="image" id="738">
			<description>Unrated</description>
			<width>44</width>
			<height>35</height>
			<aspectratio>stretch</aspectratio>
			<texture>flagging/$VAR[MediaFlagTheme]/ratings/unrated.png</texture>
			<!--<fadetime>MediaFlagsCrossfadeTime</fadetime>-->
			<visible>substring(Container(100).ListItem.Property(Path),.unrated)</visible>  
		</control>
		<control type="image" id="739">
			<description>No Rating</description>
			<width>44</width>
			<height>35</height>
			<aspectratio>stretch</aspectratio>
			<texture>flagging/$VAR[MediaFlagTheme]/ratings/no-rating.png</texture>
			<!--<fadetime>MediaFlagsCrossfadeTime</fadetime>-->
			<visible>IsEmpty(Container(100).ListItem.Property(Mpaa))</visible>  
		</control>
	</include>
	
	<include name="GlobalSearchStudioMediaFlag">
		<control type="group">
			<visible>!IsEmpty(Container(100).ListItem.Property(Studio))</visible>
			
			<control type="image" id="692">
				<width>58</width>
				<height>35</height>
				<texture border="6">flagging/$VAR[MediaFlagTheme]/flag-bg.png</texture>
				<animation effect="fade" end="95" condition="true">Conditional</animation>
			</control>
					
			<control type="image" id="693">
				<description>Studio Flag</description>
				<width>58</width>
				<height>35</height>
				<aspectratio>stretch</aspectratio>
				<texture>studios/$INFO[Container(100).ListItem.Property(Studio)].png</texture>
				<animation effect="fade" end="70" condition="true">Conditional</animation>
			</control>
		</control>
	</include>
	
	<variable name="MovieGenre">
		<value condition="SubString(ListItem.Path,videodb://movies/sets,left) + !IsEmpty(Window(home).Property(Set.Movies.Genre))">$INFO[Window(home).Property(Set.Movies.Genre)]</value>
		<value condition="SubString(ListItem.Path,videodb://movies/sets,left) + IsEmpty(Window(home).Property(Set.Movies.Genre))">$LOCALIZE[20457]</value>
		<value>$INFO[ListItem.Genre]</value>
	</variable>
	
	<variable name="MovieYear">
		<value condition="!IsEmpty(Window(home).Property(Set.Movies.Years))">$INFO[Window(home).Property(Set.Movies.Years)]</value>
		<value>$INFO[ListItem.Year]</value>
	</variable>
	
	<variable name="MovieDuration">
		<value condition="!IsEmpty(Window(home).Property(Set.Movies.Runtime))">$INFO[Window(home).Property(Set.Movies.Runtime)]</value>
		<value>$INFO[ListItem.Duration]</value>
	</variable>
	
	<variable name="MoviePlot">
		<value condition="!IsEmpty(Window(home).Property(Set.Movies.ExtendedPlot))">$INFO[Window(home).Property(Set.Movies.ExtendedPlot)]</value>
		<value>$INFO[ListItem.Plot]</value>
	</variable>
	
	<variable name="FanartGrabberRefreshIntervalVar">
		<value condition="IsEmpty(Skin.String(FanartGrabberRefreshIntervalValue))">$NUMBER[8]</value>
		<value>$INFO[Skin.String(FanartGrabberRefreshIntervalValue)]</value>
	</variable>
</includes>