<?xml version="1.0" encoding="UTF-8"?>
<includes>
	<include name="AddonsSkinSettings">
		<control type="grouplist" id="904">	
			<description>Add-ons Content Area</description>
			<width>755</width>
			<height>500</height>
			<pagecontrol>995</pagecontrol>
			<itemgap>0</itemgap>
			<onup>904</onup>
			<ondown>904</ondown>
			<onleft>5</onleft>
			<onright>150</onright>
			<visible>Skin.String(SkinSettingsCategory,5)</visible>
			<visible>!Skin.HasSetting(ExpandedSettings)</visible>
			<include>ContentSettingsOpenCloseAnim</include>
			<control type="button" id="5000">
				<description>Lyrics Label</description>
				<include>SettingsHeaderBtn</include>
				<label>$LOCALIZE[24013]</label>
			</control>
			<control type="radiobutton" id="5004">
				<description>Show Lyrics Button</description>
				<include>SettingsContentRadioBtn</include>
				<label>$LOCALIZE[31501]</label>
				<selected>!Skin.HasSetting(HideLyricsOSDBtn)</selected>
				<onclick>Skin.ToggleSetting(HideLyricsOSDBtn)</onclick>
			</control>
			<control type="button" id="5005">
				<description>Lyrics Path</description>
				<textoffsetx>20</textoffsetx>
				<include>SettingsContentBtn</include>
				<label>$LOCALIZE[573] - [COLOR=DefaultColor2]$INFO[Skin.String(LyricsScriptPath)][/COLOR]</label>
				<onclick>Skin.SetAddon(LyricsScriptPath,xbmc.python.lyrics)</onclick>
				<visible>!Skin.HasSetting(HideLyricsOSDBtn)</visible>
			</control>
			<control type="button" id="5006">
				<description>Lyrics Settings</description>
				<textoffsetx>20</textoffsetx>
				<include>SettingsContentBtn</include>
				<label>$LOCALIZE[24013] $LOCALIZE[10004]</label>
				<onclick>Addon.OpenSettings($INFO[Skin.String(LyricsScriptPath)])</onclick>
				<enable>!String.IsEmpty(Skin.String(LyricsScriptPath))</enable>
				<visible>!Skin.HasSetting(HideLyricsOSDBtn)</visible>
			</control>
			<control type="button" id="5007">
				<description>Artwork Downloader</description>
				<include>SettingsHeaderBtn</include>
				<label>$LOCALIZE[31502]</label>
			</control>
			<control type="button" id="5008">
				<description>Artwork Downloader Settings</description>
				<include>SettingsContentBtn</include>
				<label>$LOCALIZE[5]</label>
				<onclick condition="System.HasAddon(script.artwork.downloader)">Addon.OpenSettings(script.artwork.downloader)</onclick>
				<onclick condition="!System.HasAddon(script.artwork.downloader)">InstallAddon(script.artwork.downloader)</onclick>
			</control>
			<control type="button" id="5009">
				<description>Run Artwork Downloader (Addon Settings)</description>
				<include>SettingsContentBtn</include>
				<label>$LOCALIZE[31512]</label>
				<onclick condition="System.HasAddon(script.artwork.downloader)">RunScript(script.artwork.downloader)</onclick>
				<onclick condition="!System.HasAddon(script.artwork.downloader)">InstallAddon(script.artwork.downloader)</onclick>
			</control>
			<control type="radiobutton" id="5010">
				<description>Download (Movies)</description>
				<include>SettingsContentRadioBtn</include>
				<label>$LOCALIZE[31513] - $LOCALIZE[20342]</label>
				<selected>Skin.HasSetting(ShowMoviesArtworkDownloaderSettings)</selected>
				<onclick condition="System.HasAddon(script.artwork.downloader)">Skin.ToggleSetting(ShowMoviesArtworkDownloaderSettings)</onclick>
				<onclick condition="!System.HasAddon(script.artwork.downloader)">InstallAddon(script.artwork.downloader)</onclick>
			</control>
			<control type="button" id="5011">
				<description>Run Artwork Downloader (Movies) (All)</description>
				<textoffsetx>20</textoffsetx>
				<include>SettingsContentBtn</include>
				<label>$LOCALIZE[593]</label>
				<onclick condition="System.HasAddon(script.artwork.downloader)">RunScript(script.artwork.downloader, mediatype=movie, poster, fanart, extrafanart, extrathumbs, clearlogo, clearart, thumb)</onclick>
				<onclick condition="!System.HasAddon(script.artwork.downloader)">InstallAddon(script.artwork.downloader)</onclick>
				<visible>Skin.HasSetting(ShowMoviesArtworkDownloaderSettings)</visible>
			</control>
			<control type="button" id="5012">
				<description>Run Artwork Downloader (Movies) (Poster)</description>
				<textoffsetx>20</textoffsetx>
				<include>SettingsContentBtn</include>
				<label>$LOCALIZE[31503]</label>
				<onclick condition="System.HasAddon(script.artwork.downloader)">RunScript(script.artwork.downloader, mode=custom, mediatype=movie, poster)</onclick>
				<onclick condition="!System.HasAddon(script.artwork.downloader)">InstallAddon(script.artwork.downloader)</onclick>
				<visible>Skin.HasSetting(ShowMoviesArtworkDownloaderSettings)</visible>
			</control>
			<control type="button" id="5013">
				<description>Run Artwork Downloader (Movies) (Fanart)</description>
				<textoffsetx>20</textoffsetx>
				<include>SettingsContentBtn</include>
				<label>$LOCALIZE[20445]</label>
				<onclick condition="System.HasAddon(script.artwork.downloader)">RunScript(script.artwork.downloader, mode=custom, mediatype=movie, fanart)</onclick>
				<onclick condition="!System.HasAddon(script.artwork.downloader)">InstallAddon(script.artwork.downloader)</onclick>
				<visible>Skin.HasSetting(ShowMoviesArtworkDownloaderSettings)</visible>
			</control>
			<control type="button" id="5014">
				<description>Run Artwork Downloader (Movies) (ExtraFanart)</description>
				<textoffsetx>20</textoffsetx>
				<include>SettingsContentBtn</include>
				<label>$LOCALIZE[31015]</label>
				<onclick condition="System.HasAddon(script.artwork.downloader)">RunScript(script.artwork.downloader, mode=custom, mediatype=movie, extrafanart)</onclick>
				<onclick condition="!System.HasAddon(script.artwork.downloader)">InstallAddon(script.artwork.downloader)</onclick>
				<visible>Skin.HasSetting(ShowMoviesArtworkDownloaderSettings)</visible>
			</control>
			<control type="button" id="5015">
				<description>Run Artwork Downloader (Movies) (ExtraThumbs)</description>
				<textoffsetx>20</textoffsetx>
				<include>SettingsContentBtn</include>
				<label>$LOCALIZE[31014]</label>
				<onclick condition="System.HasAddon(script.artwork.downloader)">RunScript(script.artwork.downloader, mode=custom, mediatype=movie, extrathumbs)</onclick>
				<onclick condition="!System.HasAddon(script.artwork.downloader)">InstallAddon(script.artwork.downloader)</onclick>
				<visible>Skin.HasSetting(ShowMoviesArtworkDownloaderSettings)</visible>
			</control>
			<control type="button" id="5016">
				<description>Run Artwork Downloader (Movies) (Thumb 16:9)</description>
				<textoffsetx>20</textoffsetx>
				<include>SettingsContentBtn</include>
				<label>$LOCALIZE[31107] 16:9</label>
				<onclick condition="System.HasAddon(script.artwork.downloader)">RunScript(script.artwork.downloader, mode=custom, mediatype=movie, thumb)</onclick>
				<onclick condition="!System.HasAddon(script.artwork.downloader)">InstallAddon(script.artwork.downloader)</onclick>
				<visible>Skin.HasSetting(ShowMoviesArtworkDownloaderSettings)</visible>
			</control>
			<control type="button" id="5018">
				<description>Run Artwork Downloader (Movies) (Clearart)</description>
				<textoffsetx>20</textoffsetx>
				<include>SettingsContentBtn</include>
				<label>$LOCALIZE[31507]</label>
				<onclick condition="System.HasAddon(script.artwork.downloader)">RunScript(script.artwork.downloader, mode=custom, mediatype=movie, clearart)</onclick>
				<onclick condition="!System.HasAddon(script.artwork.downloader)">InstallAddon(script.artwork.downloader)</onclick>
				<visible>Skin.HasSetting(ShowMoviesArtworkDownloaderSettings)</visible>
			</control>
			<control type="button" id="5019">
				<description>Run Artwork Downloader (Movies) (Logo)</description>
				<textoffsetx>20</textoffsetx>
				<include>SettingsContentBtn</include>
				<label>$LOCALIZE[31508]</label>
				<onclick condition="System.HasAddon(script.artwork.downloader)">RunScript(script.artwork.downloader, mode=custom, mediatype=movie, clearlogo)</onclick>
				<onclick condition="!System.HasAddon(script.artwork.downloader)">InstallAddon(script.artwork.downloader)</onclick>
				<visible>Skin.HasSetting(ShowMoviesArtworkDownloaderSettings)</visible>
			</control>
			<control type="radiobutton" id="5021">
				<description>Download (TVShows)</description>
				<include>SettingsContentRadioBtn</include>
				<label>$LOCALIZE[31513] - $LOCALIZE[20343]</label>
				<selected>Skin.HasSetting(ShowTVShowsArtworkDownloaderSettings)</selected>
				<onclick condition="System.HasAddon(script.artwork.downloader)">Skin.ToggleSetting(ShowTVShowsArtworkDownloaderSettings)</onclick>
				<onclick condition="!System.HasAddon(script.artwork.downloader)">InstallAddon(script.artwork.downloader)</onclick>
			</control>
			<control type="button" id="5022">
				<description>Run Artwork Downloader (TVShows) (All)</description>
				<textoffsetx>20</textoffsetx>
				<include>SettingsContentBtn</include>
				<label>$LOCALIZE[593]</label>
				<onclick condition="System.HasAddon(script.artwork.downloader)">RunScript(script.artwork.downloader, mediatype=tvshow, poster, seasonposter, fanart, extrafanart, extrathumbs, clearlogo, clearart, tvthumb, banner, seasonbanner</onclick>
				<onclick condition="!System.HasAddon(script.artwork.downloader)">InstallAddon(script.artwork.downloader)</onclick>
				<visible>Skin.HasSetting(ShowTVShowsArtworkDownloaderSettings)</visible>
			</control>
			<control type="button" id="5023">
				<description>Run Artwork Downloader (TVShows) (Poster)</description>
				<textoffsetx>20</textoffsetx>
				<include>SettingsContentBtn</include>
				<label>$LOCALIZE[31503]</label>
				<onclick condition="System.HasAddon(script.artwork.downloader)">RunScript(script.artwork.downloader, mode=custom, mediatype=tvshow, poster)</onclick>
				<onclick condition="!System.HasAddon(script.artwork.downloader)">InstallAddon(script.artwork.downloader)</onclick>
				<visible>Skin.HasSetting(ShowTVShowsArtworkDownloaderSettings)</visible>
			</control>
			<control type="button" id="5024">
				<description>Run Artwork Downloader (TVShows) (Season Poster)</description>
				<textoffsetx>20</textoffsetx>
				<include>SettingsContentBtn</include>
				<label>$LOCALIZE[20373] $LOCALIZE[31503]</label>
				<onclick condition="System.HasAddon(script.artwork.downloader)">RunScript(script.artwork.downloader, mode=custom, mediatype=tvshow, seasonposter)</onclick>
				<onclick condition="!System.HasAddon(script.artwork.downloader)">InstallAddon(script.artwork.downloader)</onclick>
				<visible>Skin.HasSetting(ShowTVShowsArtworkDownloaderSettings)</visible>
			</control>
			<control type="button" id="5025">
				<description>Run Artwork Downloader (TVShows) (Banner)</description>
				<textoffsetx>20</textoffsetx>
				<include>SettingsContentBtn</include>
				<label>$LOCALIZE[31108]</label>
				<onclick condition="System.HasAddon(script.artwork.downloader)">RunScript(script.artwork.downloader, mode=custom, mediatype=tvshow, banner)</onclick>
				<onclick condition="!System.HasAddon(script.artwork.downloader)">InstallAddon(script.artwork.downloader)</onclick>
				<visible>Skin.HasSetting(ShowTVShowsArtworkDownloaderSettings)</visible>
			</control>
			<control type="button" id="5026">
				<description>Run Artwork Downloader (TVShows) (Season Banner)</description>
				<textoffsetx>20</textoffsetx>
				<include>SettingsContentBtn</include>
				<label>$LOCALIZE[20373] $LOCALIZE[31108]</label>
				<onclick condition="System.HasAddon(script.artwork.downloader)">RunScript(script.artwork.downloader, mode=custom, mediatype=tvshow, seasonbanner)</onclick>
				<onclick condition="!System.HasAddon(script.artwork.downloader)">InstallAddon(script.artwork.downloader)</onclick>
				<visible>Skin.HasSetting(ShowTVShowsArtworkDownloaderSettings)</visible>
			</control>
			<control type="button" id="5027">
				<description>Run Artwork Downloader (TVShows) (Fanart)</description>
				<textoffsetx>20</textoffsetx>
				<include>SettingsContentBtn</include>
				<label>$LOCALIZE[20445]</label>
				<onclick condition="System.HasAddon(script.artwork.downloader)">RunScript(script.artwork.downloader, mode=custom, mediatype=tvshow, fanart)</onclick>
				<onclick condition="!System.HasAddon(script.artwork.downloader)">InstallAddon(script.artwork.downloader)</onclick>
				<visible>Skin.HasSetting(ShowTVShowsArtworkDownloaderSettings)</visible>
			</control>
			<control type="button" id="5028">
				<description>Run Artwork Downloader (TVShows) (ExtraFanart)</description>
				<textoffsetx>20</textoffsetx>
				<include>SettingsContentBtn</include>
				<label>$LOCALIZE[31015]</label>
				<onclick condition="System.HasAddon(script.artwork.downloader)">RunScript(script.artwork.downloader, mode=custom, mediatype=tvshow, extrafanart)</onclick>
				<onclick condition="!System.HasAddon(script.artwork.downloader)">InstallAddon(script.artwork.downloader)</onclick>
				<visible>Skin.HasSetting(ShowTVShowsArtworkDownloaderSettings)</visible>
			</control>
			<control type="button" id="5059">
				<description>Run Artwork Downloader (TVShows) (ExtraThumbs)</description>
				<textoffsetx>20</textoffsetx>
				<include>SettingsContentBtn</include>
				<label>$LOCALIZE[31014]</label>
				<onclick condition="System.HasAddon(script.artwork.downloader)">RunScript(script.artwork.downloader, mode=custom, mediatype=tvshow, extrathumbs)</onclick>
				<onclick condition="!System.HasAddon(script.artwork.downloader)">InstallAddon(script.artwork.downloader)</onclick>
				<visible>Skin.HasSetting(ShowTVShowsArtworkDownloaderSettings)</visible>
			</control>
			<control type="button" id="5029">
				<description>Run Artwork Downloader (TVShows) (ClearArt)</description>
				<textoffsetx>20</textoffsetx>
				<include>SettingsContentBtn</include>
				<label>$LOCALIZE[31507]</label>
				<onclick condition="System.HasAddon(script.artwork.downloader)">RunScript(script.artwork.downloader, mode=custom, mediatype=tvshow, clearart)</onclick>
				<onclick condition="!System.HasAddon(script.artwork.downloader)">InstallAddon(script.artwork.downloader)</onclick>
				<visible>Skin.HasSetting(ShowTVShowsArtworkDownloaderSettings)</visible>
			</control>
			<control type="button" id="5030">
				<description>Run Artwork Downloader (TVShows) (ClearLogo)</description>
				<textoffsetx>20</textoffsetx>
				<include>SettingsContentBtn</include>
				<label>$LOCALIZE[31508]</label>
				<onclick condition="System.HasAddon(script.artwork.downloader)">RunScript(script.artwork.downloader, mode=custom, mediatype=tvshow, clearlogo)</onclick>
				<onclick condition="!System.HasAddon(script.artwork.downloader)">InstallAddon(script.artwork.downloader)</onclick>
				<visible>Skin.HasSetting(ShowTVShowsArtworkDownloaderSettings)</visible>
			</control>
			<control type="button" id="5032">
				<description>Run Artwork Downloader (TVShows) (TV Thumb 16:9)</description>
				<textoffsetx>20</textoffsetx>
				<include>SettingsContentBtn</include>
				<label>$LOCALIZE[31509] 16:9</label>
				<onclick condition="System.HasAddon(script.artwork.downloader)">RunScript(script.artwork.downloader, mode=custom, mediatype=tvshow, tvthumb)</onclick>
				<onclick condition="!System.HasAddon(script.artwork.downloader)">InstallAddon(script.artwork.downloader)</onclick>
				<visible>Skin.HasSetting(ShowTVShowsArtworkDownloaderSettings)</visible>
			</control>
			<control type="radiobutton" id="5034">
				<description>Download (Music Videos)</description>
				<include>SettingsContentRadioBtn</include>
				<label>$LOCALIZE[31513] - $LOCALIZE[20389]</label>
				<selected>Skin.HasSetting(ShowMusicVideosArtworkDownloaderSettings)</selected>
				<onclick condition="System.HasAddon(script.artwork.downloader)">Skin.ToggleSetting(ShowMusicVideosArtworkDownloaderSettings)</onclick>
				<onclick condition="!System.HasAddon(script.artwork.downloader)">InstallAddon(script.artwork.downloader)</onclick>
			</control>
			<control type="button" id="5035">
				<description>Run Artwork Downloader (Music Videos) (All)</description>
				<textoffsetx>20</textoffsetx>
				<include>SettingsContentBtn</include>
				<label>$LOCALIZE[593]</label>
				<onclick condition="System.HasAddon(script.artwork.downloader)">RunScript(script.artwork.downloader, mediatype=musicvideo, poster, fanart, extrafanart, clearlogo, clearart</onclick>
				<onclick condition="!System.HasAddon(script.artwork.downloader)">InstallAddon(script.artwork.downloader)</onclick>
				<visible>Skin.HasSetting(ShowMusicVideosArtworkDownloaderSettings)</visible>
			</control>
			<control type="button" id="5036">
				<description>Run Artwork Downloader (Music Videos) (Poster)</description>
				<textoffsetx>20</textoffsetx>
				<include>SettingsContentBtn</include>
				<label>$LOCALIZE[31503]</label>
				<onclick condition="System.HasAddon(script.artwork.downloader)">RunScript(script.artwork.downloader, mode=custom, mediatype=musicvideo, poster)</onclick>
				<onclick condition="!System.HasAddon(script.artwork.downloader)">InstallAddon(script.artwork.downloader)</onclick>
				<visible>Skin.HasSetting(ShowMusicVideosArtworkDownloaderSettings)</visible>
			</control>
			<control type="button" id="5037">
				<description>Run Artwork Downloader (Music Videos) (Fanart)</description>
				<textoffsetx>20</textoffsetx>
				<include>SettingsContentBtn</include>
				<label>$LOCALIZE[20445]</label>
				<onclick condition="System.HasAddon(script.artwork.downloader)">RunScript(script.artwork.downloader, mode=custom, mediatype=musicvideo, fanart)</onclick>
				<onclick condition="!System.HasAddon(script.artwork.downloader)">InstallAddon(script.artwork.downloader)</onclick>
				<visible>Skin.HasSetting(ShowMusicVideosArtworkDownloaderSettings)</visible>
			</control>
			<control type="button" id="5038">
				<description>Run Artwork Downloader (Music Videos) (ExtraFanart)</description>
				<textoffsetx>20</textoffsetx>
				<include>SettingsContentBtn</include>
				<label>$LOCALIZE[31015]</label>
				<onclick condition="System.HasAddon(script.artwork.downloader)">RunScript(script.artwork.downloader, mode=custom, mediatype=musicvideo, extrafanart)</onclick>
				<onclick condition="!System.HasAddon(script.artwork.downloader)">InstallAddon(script.artwork.downloader)</onclick>
				<visible>Skin.HasSetting(ShowMusicVideosArtworkDownloaderSettings)</visible>
			</control>
			<control type="button" id="5040">
				<description>Run Artwork Downloader (Music Videos) (ClearArt)</description>
				<textoffsetx>20</textoffsetx>
				<include>SettingsContentBtn</include>
				<label>$LOCALIZE[31507]</label>
				<onclick condition="System.HasAddon(script.artwork.downloader)">RunScript(script.artwork.downloader, mode=custom, mediatype=musicvideo, clearart)</onclick>
				<onclick condition="!System.HasAddon(script.artwork.downloader)">InstallAddon(script.artwork.downloader)</onclick>
				<visible>Skin.HasSetting(ShowMusicVideosArtworkDownloaderSettings)</visible>
			</control>
			<control type="button" id="5041">
				<description>Run Artwork Downloader (Music Videos) (ClearLogo)</description>
				<textoffsetx>20</textoffsetx>
				<include>SettingsContentBtn</include>
				<label>$LOCALIZE[31508]</label>
				<onclick condition="System.HasAddon(script.artwork.downloader)">RunScript(script.artwork.downloader, mode=custom, mediatype=musicvideo, clearlogo)</onclick>
				<onclick condition="!System.HasAddon(script.artwork.downloader)">InstallAddon(script.artwork.downloader)</onclick>
				<visible>Skin.HasSetting(ShowMusicVideosArtworkDownloaderSettings)</visible>
			</control>
			<control type="button" id="5049">
				<description>Imdb Update</description>
				<include>SettingsHeaderBtn</include>
				<label>$LOCALIZE[368] $LOCALIZE[24069]</label>
				<visible>System.HasAddon(script.imdbupdate)</visible>
			</control>
			<control type="button" id="5050">
				<description>Imdb Update Settings</description>
				<include>SettingsContentBtn</include>
				<label>$LOCALIZE[5]</label>
				<onclick>Addon.OpenSettings(script.imdbupdate)</onclick>
				<visible>System.HasAddon(script.imdbupdate)</visible>
			</control>
			<control type="button" id="5051">
				<description>Imdb Update Movie Rating</description>
				<include>SettingsContentBtn</include>
				<label>$LOCALIZE[24069] $LOCALIZE[368] $LOCALIZE[20338] $LOCALIZE[563]</label>
				<onclick>RunScript(script.imdbupdate, movies)</onclick>
				<visible>System.HasAddon(script.imdbupdate)</visible>
			</control>
			<control type="button" id="5052">
				<description>Imdb Update Movie Rating (Hidden)</description>
				<include>SettingsContentBtn</include>
				<label>$LOCALIZE[24069] $LOCALIZE[368] $LOCALIZE[20338] $LOCALIZE[563] ($LOCALIZE[31920])</label>
				<onclick>RunScript(script.imdbupdate, movies, hidden)</onclick>
				<visible>System.HasAddon(script.imdbupdate)</visible>
			</control>
			<control type="button" id="5053">
				<description>Imdb Update Top 250</description>
				<include>SettingsContentBtn</include>
				<label>$LOCALIZE[24069] $LOCALIZE[368] $LOCALIZE[13409]</label>
				<onclick>RunScript(script.imdbupdate, top250)</onclick>
				<visible>System.HasAddon(script.imdbupdate)</visible>31920
			</control>
			<control type="button" id="5054">
				<description>Imdb Update Top 250 (Hidden)</description>
				<include>SettingsContentBtn</include>
				<label>$LOCALIZE[24069] $LOCALIZE[368] $LOCALIZE[13409] ($LOCALIZE[31920])</label>
				<onclick>RunScript(script.imdbupdate, top250, hidden)</onclick>
				<visible>System.HasAddon(script.imdbupdate)</visible>
			</control>
			<control type="button" id="5055">
				<description>MPAA Rating</description>
				<include>SettingsContentBtn</include>
				<label>$LOCALIZE[24069] $LOCALIZE[20074]</label>
				<onclick>RunScript(script.imdbupdate, mpaa)</onclick>
				<visible>System.HasAddon(script.imdbupdate)</visible>31920
			</control>
			<control type="button" id="5056">
				<description>MPAA Rating (Hidden)</description>
				<include>SettingsContentBtn</include>
				<label>$LOCALIZE[24069] $LOCALIZE[20074] ($LOCALIZE[31920])</label>
				<onclick>RunScript(script.imdbupdate, mpaa, hidden)</onclick>
				<visible>System.HasAddon(script.imdbupdate)</visible>
			</control>
			<control type="button" id="5057">
				<description>All</description>
				<include>SettingsContentBtn</include>
				<label>$LOCALIZE[24069] $LOCALIZE[593]</label>
				<onclick>RunScript(script.imdbupdate, all)</onclick>
				<visible>System.HasAddon(script.imdbupdate)</visible>31920
			</control>
			<control type="button" id="5058">
				<description>All (Hidden)</description>
				<include>SettingsContentBtn</include>
				<label>$LOCALIZE[24069] $LOCALIZE[593] ($LOCALIZE[31920])</label>
				<onclick>RunScript(script.imdbupdate, all, hidden)</onclick>
				<visible>System.HasAddon(script.imdbupdate)</visible>
			</control>
		</control>
	</include>
</includes>