<?xml version="1.0" encoding="utf-8"?>
<window id="3000">
    <defaultcontrol always="true">500</defaultcontrol>
	<menucontrol>987</menucontrol>
	<include>MediaViewOpenCloseAnim</include>
	
    <controls>
		<control type="group">
			<include>BackgroundDefault</include>
			<include condition="[[!IsEmpty(Skin.String(CustomVideosBGPath)) + [Skin.String(CustomVideosBGType,2) | Skin.String(CustomVideosBGType,3)]] 
			| Skin.String(CustomVideosBGType,4)] + Skin.HasSetting(ApplyAllVideosCustomBG)">BackgroundVideos</include>
			<include condition="[[!IsEmpty(Skin.String(CustomMoviesBGPath)) + [Skin.String(CustomMoviesBGType,2) | Skin.String(CustomMoviesBGType,3)]] 
			| Skin.String(CustomMoviesBGType,4)] + Skin.HasSetting(ApplyAllMoviesCustomBG)">BackgroundMovies</include>
			<include condition="[[!IsEmpty(Skin.String(CustomTVShowsBGPath)) + [Skin.String(CustomTVShowsBGType,2) | Skin.String(CustomTVShowsBGType,3)]] 
			| Skin.String(CustomTVShowsBGType,4)] + Skin.HasSetting(ApplyAllTVShowsCustomBG)">BackgroundTVShows</include>			
			<control type="group">
				<visible>!Skin.HasSetting(ShowExtendedInfoYoutubeFanart)</visible>
				<include>BackgroundVisibleAnim</include>
				<control type="image">
					<include>BackgroundSize</include>
					<texture background="true">$INFO[Container(500).ListItem.Thumb]</texture>
					<aspectratio>scale</aspectratio>
					<fadetime>FanartCrossfadeTime</fadetime>
					<visible>!StringCompare(Window.Property(type),channel)</visible>
				</control>
				<control type="image">
					<include>BackgroundSize</include>
					<texture background="true">$INFO[Container(500).ListItem.Art(fanart)]</texture>
					<aspectratio>scale</aspectratio>
					<fadetime>FanartCrossfadeTime</fadetime>
					<visible>StringCompare(Window.Property(type),channel)</visible>
				</control>
			</control>			
			<include condition="!Skin.HasSetting(DisableVideoPlayingBG)">BackgroundVideoPlaying</include>
			<include condition="!Skin.HasSetting(DisableMusicPlayingBG)">BackgroundMusicPlaying</include>
			<control type="image">
				<include>BackgroundDim</include>
				<animation effect="fade" end="70" reversible="false" condition="Skin.HasSetting(FanartBackgroundBrightnessHigh)">Conditional</animation>
			</control>
			<include>BackgroundOpenCloseAnim</include>
		</control>
		
		<control type="group">
			<control type="scrollbar" id="904">
				<left>1262</left>
				<top>112</top>
				<height>508</height>
				<onleft>500</onleft>
				<ondown>600</ondown>
				<onup>700</onup>
				<animation effect="fade" start="100" end="0" time="150" condition="Skin.HasSetting(ShowExtendedInfoThumbnailViewScrollbar) + !ControlGroup(500).HasFocus">Conditional</animation>
			</control>
			
			<control type="panel" id="500">
				<viewtype label="31107">Thumbnail</viewtype>
				<left>25</left>
				<top>115</top>
				<width>1248</width>
				<height>540</height>
				<pagecontrol>904</pagecontrol>
				<preloaditems>2</preloaditems>
				<scrolltime tween="sine" easing="inout">404</scrolltime>
				<onup>700</onup>
                <ondown>600</ondown>
				<onleft>987</onleft>
				<onright>904</onright>
				<itemlayout height="270" width="311">
					<control type="label">
						<left>14</left>
						<width>165</width>
						<font>ListFont5</font>
						<textcolor>GreyColor</textcolor>
						<shadowcolor>ShadowColor</shadowcolor>
						<label>$INFO[ListItem.Property(duration)]$INFO[ListItem.Property(itemcount),, $LOCALIZE[36913]]</label>
					</control>
					<control type="label">
						<right>34</right>
						<width>165</width>
						<align>right</align>
						<font>ListFont5</font>
						<textcolor>GreyColor</textcolor>
						<shadowcolor>ShadowColor</shadowcolor>
						<label>$INFO[ListItem.Property(date)]</label>
					</control>
					<control type="image">
						<description>Cover Case</description>
						<top>17</top>
						<width>291</width>
						<height>176</height>
						<texture background="true" border="14">covers/cover-case-thumbnail-nofocus.png</texture>
						<aspectratio>stretch</aspectratio>
					</control>
					<control type="image">
						<description>Cover</description>
						<top>17</top>
						<width>291</width>
						<height>176</height>
						<bordersize>14</bordersize>
						<texture background="true">$INFO[ListItem.Icon]</texture>
						<aspectratio>scale</aspectratio>
					</control>
					<control type="image">
						<description>Default Cover</description>
						<top>17</top>
						<width>291</width>
						<height>176</height>
						<bordersize>25</bordersize>
						<texture background="true">DefaultVideo.png</texture>
						<aspectratio>keep</aspectratio>
						<visible>IsEmpty(ListItem.Thumb)</visible>
						<animation effect="fade" end="40" condition="true">Conditional</animation>
					</control>
					<control type="textbox">
						<description>Label</description>
						<left>14</left>
						<top>189</top>
						<width>263</width>
						<height>34</height>
						<font>YoutubeBrowserFont</font>
						<textcolor>GreyColor</textcolor>
						<shadowcolor>ShadowColor</shadowcolor>
						<align>center</align>
						<label>$INFO[ListItem.Label]</label>
					</control>
				</itemlayout>
				<focusedlayout height="270" width="311">	
					<control type="group">
						<include condition="!Skin.HasSetting(DisableThumbnailViewCoverFocusAnim)">ThumbnailViewCoverFocusAnim</include>
						<control type="label">
							<left>14</left>
							<width>165</width>
							<font>ListFont5</font>
							<textcolor>SelectedColor</textcolor>
							<shadowcolor>ShadowColor</shadowcolor>
							<label>$INFO[ListItem.Property(duration)]$INFO[ListItem.Property(itemcount),, $LOCALIZE[36913]]</label>
						</control>
						<control type="label">
							<right>34</right>
							<width>165</width>
							<align>right</align>
							<font>ListFont5</font>
							<textcolor>SelectedColor</textcolor>
							<shadowcolor>ShadowColor</shadowcolor>
							<label>$INFO[ListItem.Property(date)]</label>
						</control>
						<control type="image">
							<description>Cover Case</description>
							<top>17</top>
							<width>291</width>
							<height>176</height>
							<texture background="true" border="14">covers/cover-case-thumbnail-focus.png</texture>
							<aspectratio>stretch</aspectratio>
						</control>
						<control type="image">
							<description>Cover</description>
							<top>17</top>
							<width>291</width>
							<height>176</height>
							<bordersize>14</bordersize>
							<texture background="true">$INFO[ListItem.Icon]</texture>
							<aspectratio>scale</aspectratio>
						</control>
						<control type="image">
							<description>Default Cover</description>
							<top>17</top>
							<width>291</width>
							<height>176</height>
							<bordersize>25</bordersize>
							<texture background="true">DefaultVideo.png</texture>
							<aspectratio>keep</aspectratio>
							<visible>IsEmpty(ListItem.Thumb)</visible>
						</control>
						<control type="textbox">
							<description>Label</description>
							<left>14</left>
							<top>189</top>
							<width>263</width>
							<height>34</height>
							<font>YoutubeBrowserFont</font>
							<textcolor>SelectedColor</textcolor>
							<shadowcolor>ShadowColor</shadowcolor>
							<align>center</align>
							<autoscroll time="2000" delay="3000" repeat="10000">true</autoscroll>
							<label>$INFO[ListItem.Label]</label>
						</control>
					</control>	
				</focusedlayout>
			</control>
			
			<control type="button" id="600">
                <onfocus>SetFocus(500)</onfocus>
                <width>1</width>
                <height>1</height>
                <left>-1000</left>
            </control>
            <control type="button" id="700">
                <onfocus>SetFocus(500)</onfocus>
                <width>1</width>
                <height>1</height>
                <left>-1000</left>
            </control>
			
			<control type="group">
				<description>Bottom Bar Area</description>
				<top>BottomPaneOffsetY</top>	
				<!--<include>InfoPaneImage</include>-->
				<control type="label">
					<include>InfoPaneHeadLabel</include>
					<label>[B]$INFO[Window.Property(TotalItems),, $LOCALIZE[31202]][/B]</label>
				</control>		
				<control type="label">
					<include>InfoPaneHeadLabel2</include>
					<label>$INFO[Window.Property(CurrentPage),$LOCALIZE[31946] ]$INFO[Window.Property(TotalPages), / ]</label>
				</control>
				<include>BottomPaneOpenCloseAnim</include>
				
				<control type="group">
					<visible>!Skin.HasSetting(HideExtendedInfoThumbsLabel)</visible>
					<control type="label">
						<include>InfoPaneItemTitle</include>
						<label>$INFO[Container(500).ListItem.Rating]</label>
						<visible>Skin.HasSetting(DoNotUseStarRatingExtendedInfo)</visible>
					</control>
					
					<control type="image">
						<left>590</left>
						<top>-2</top>
						<width>100</width>
						<height>20</height>
						<texture>$INFO[Container(500).ListItem.Rating,special://home/addons/script.extendedinfo/resources/skins/Default/media/flags/stars/,.png]</texture>
						<colordiffuse>ff57a7ff</colordiffuse>
						<aspectratio>keep</aspectratio>
						<visible>!Skin.HasSetting(DoNotUseStarRatingExtendedInfo) + !IsEmpty(Container(500).ListItem.Rating)</visible>
						<include>ListViewOverlayFadeAnim</include>
					</control>
					
					<control type="label">
						<include>InfoPaneItemTitle2</include>
						<label>$INFO[Container(500).ListItem.Property(viewcount),, $ADDON[script.extendedinfo 32061]]</label>
					</control>
				</control>
			</control>	
			
			<control type="image">
				<include>ScreenSize</include>
				<texture>dim.png</texture>
				<animation effect="fade" start="0" end="50" time="450">VisibleChange</animation>
				<visible>Window.IsActive(3009) | Window.IsActive(script-ExtendedInfo Script-T9Search.xml)</visible>
			</control>
		</control>
		
		<control type="group" id="505">
			<description>Menu Bar Area</description>
			<top>MenuBarOffsetY</top>
			<include>MenuBarImage</include>
			<include>MenuBarOpenCloseAnim2</include>
			<include>ExtendedInfoVideoListMenuBar</include>
		</control>
			
		<control type="group">
			<description>Top Bar Area</description>
			<include>TopBarImage</include>
			<include>TopBarOpenCloseAnim</include>
			<include>BreadCrumbExtendedInfoVideoList</include>
			<include>Notifications</include>
		</control>
		
		<control type="group">
			<left>2000</left>
			<control type="button" id="5002">
			</control>
			<control type="button" id="5003">
			</control>
			<control type="button" id="5006">
			</control>
			<control type="button" id="5008">
			</control>
			<control type="button" id="5009">
			</control>
			<control type="button" id="5012">
			</control>
			<control type="button" id="5005">
			</control>
		</control>
    </controls>
</window>
