<?xml version="1.0" encoding="UTF-8"?>
<window>
	<defaultcontrol>5</defaultcontrol>
	<coordinates>
		<system>1</system>
		<left>290</left>
		<top>30</top>
	</coordinates>
	<include>dialogeffect</include>	
	<controls>
		<control type="group">
			<animation effect="fade" start="100" end="0" time="200" condition="Window.IsVisible(SliderDialog) | Window.IsVisible(DialogSelect.xml) | Window.IsVisible(DialogSubtitles.xml) | Window.IsVisible(FileBrowser)">Conditional</animation>
			<control type="image">
				<description>background image</description>
				<width>700</width>
				<height>660</height>
				<colordiffuse>EEFFFFFF</colordiffuse>
				<texture border="50,100,50,50">dialogs/Dialog.png</texture>
			</control>
			<control type="label" id="2">
				<description>heading label</description>
				<left>50</left>
				<top>50</top>
				<width>600</width>
				<height>30</height>
				<align>center</align>
				<aligny>center</aligny>
				<font>font16</font>
				<label />
				<textcolor>orange</textcolor>
			</control>
			<control type="image">
				<left>325</left>
				<top>90</top>
				<width>50</width>
				<height>50</height>
				<aspectratio>keep</aspectratio>
				<texture>sortup2-focus.png</texture>
				<visible>Container(5).HasPrevious</visible>
				<include>VisibleFadeEffect</include>
			</control>
			<control type="image">
				<left>325</left>
				<top>525</top>
				<width>50</width>
				<height>50</height>
				<aspectratio>keep</aspectratio>
				<texture>sortdown2-focus.png</texture>
				<visible>Container(5).HasNext</visible>
				<include>VisibleFadeEffect</include>
			</control>
			<control type="grouplist" id="5">
				<description>control area</description>
				<left>50</left>
				<top>130</top>
				<width>600</width>
				<height>400</height>
				<itemgap>5</itemgap>
				<onleft>28</onleft>
				<onright>30</onright>
				<onup>9001</onup>
				<ondown>9001</ondown>
			</control>
			<control type="button" id="7">
				<description>Default Button</description>
				<include>DialogButtonCommonValues</include>
			</control>
			<control type="radiobutton" id="8">
				<description>Default RadioButton</description>
				<include>DialogButtonCommonValues</include>
			</control>
			<control type="spincontrolex" id="9">
				<description>Default SpinControlex</description>
				<include>DialogButtonCommonValues</include>
			</control>
			<control type="sliderex" id="13">
				<description>Default Slider</description>
				<aligny>center</aligny>
				<include>DialogButtonCommonValues</include>
			</control>
			<control type="edit" id="12">
				<description>Default Edit</description>
				<aligny>center</aligny>
				<include>DialogButtonCommonValues</include>
			</control>
			<control type="image" id="11">
				<description>separator image</description>
				<height>5</height>
				<texture>separator.png</texture>
			</control>
			<control type="label" id="14">
				<description>Separator label</description>
				<label />
				<height>25</height>
				<font>font12</font>
				<align>center</align>
				<aligny>bottom</aligny>
				<textcolor>blue</textcolor>
			</control>
			<control type="grouplist" id="9001">
				<top>570</top>
				<left>47</left>
				<width>606</width>
				<align>center</align>
				<orientation>horizontal</orientation>
				<itemgap>2</itemgap>
				<onup>5</onup>
				<ondown>5</ondown>
				<control type="button" id="28">
					<include>DialogButton2CommonValues</include>
				</control>
				<control type="button" id="29">
					<include>DialogButton2CommonValues</include>
				</control>
				<control type="button" id="30">
					<include>DialogButton2CommonValues</include>
				</control>
			</control>
		</control>
	</controls>
</window>