<?xml version="1.0" encoding="UTF-8"?>
<window type="dialog" id="980">
	<defaultcontrol always="true">981</defaultcontrol>

	<coordinates>
		<system>1</system>
		<origin x="458" y="279">true</origin>
	</coordinates>	

	<controls>
		<control type="group">
			<depth>DepthDialog</depth>
			<animation effect="slide" end="0,-18" condition="[System.HasAddon(script.extendedinfo) + System.HasAddon(script.libraryeditor) + Skin.String(DialogVideoInfoButtonMenu,director)] | Skin.String(DialogVideoInfoButtonMenu,top250)">Conditional</animation>
			<animation effect="slide" end="-80,0" condition="Skin.String(DialogVideoInfoButtonMenu,LowCPUPowerMode)">Conditional</animation>
			<include>DialogOpenCloseAnim</include>
			
			<control type="image">
				<width>364</width>
				<height>162</height>
				<texture border="50,50,50,75">panels/dialog-background2.png</texture>
				<visible>[[System.HasAddon(script.extendedinfo) | System.HasAddon(script.libraryeditor)] + Skin.String(DialogVideoInfoButtonMenu,director)] | Skin.String(DialogVideoInfoButtonMenu,rating) | Skin.String(DialogVideoInfoButtonMenu,writer) | Skin.String(DialogVideoInfoButtonMenu,artist)</visible>
			</control>
			
			<control type="image">
				<width>364</width>
				<height>199</height>
				<texture border="50,50,50,75">panels/dialog-background2.png</texture>
				<visible>[System.HasAddon(script.extendedinfo) + System.HasAddon(script.libraryeditor) + Skin.String(DialogVideoInfoButtonMenu,director)] | Skin.String(DialogVideoInfoButtonMenu,top250)</visible>
			</control>
			
			<control type="image">
				<width>524</width>
				<height>162</height>
				<texture border="50,50,50,75">panels/dialog-background2.png</texture>
				<visible>Skin.String(DialogVideoInfoButtonMenu,LowCPUPowerMode)</visible>
			</control>
			
			<control type="grouplist" id="981">
				<top>32</top>
				<left>32</left>
				<onright>990</onright>
				<onleft>990</onleft>
				<ondown>990</ondown>
				<onup>990</onup>
				<itemgap>2</itemgap>
				<control type="button" id="982">
					<description>Show Related Movies and TV Shows</description>
					<label>$LOCALIZE[31301]</label>
					<onclick>Dialog.Close(980)</onclick>
					<onclick>SendClick(2003,13)</onclick>
					<width>300</width>
					<textwidth>290</textwidth>
					<include>ContextMenuBtn</include>
					<visible>Skin.String(DialogVideoInfoButtonMenu,director)</visible>
				</control>
				<control type="button" id="983">
					<description>Edit Database</description>
					<label>$LOCALIZE[21435] $LOCALIZE[15101]</label>
					<onclick>Dialog.Close(980)</onclick>
					<onclick condition="Container.Content(Movies) + Skin.String(DialogVideoInfoButtonMenu,director)">RunScript(script.libraryeditor,DBID=$INFO[ListItem.DBID]&amp;tag=director&amp;type=Movie)</onclick>
					<onclick condition="Container.Content(Movies) + Skin.String(DialogVideoInfoButtonMenu,writer)">RunScript(script.libraryeditor,DBID=$INFO[ListItem.DBID]&amp;tag=writer&amp;type=Movie)</onclick>
					<onclick condition="Container.Content(Episodes) + Skin.String(DialogVideoInfoButtonMenu,director)">RunScript(script.libraryeditor,DBID=$INFO[ListItem.DBID]&amp;tag=director&amp;type=Episode)</onclick>
					<onclick condition="Container.Content(Episodes) + Skin.String(DialogVideoInfoButtonMenu,writer)">RunScript(script.libraryeditor,DBID=$INFO[ListItem.DBID]&amp;tag=writer&amp;type=Episode)</onclick>
					<onclick condition="Container.Content(musicvideos) + Skin.String(DialogVideoInfoButtonMenu,director)">RunScript(script.libraryeditor,DBID=$INFO[ListItem.DBID]&amp;tag=director&amp;type=MusicVideo)</onclick>
					<onclick condition="Container.Content(musicvideos) + Skin.String(DialogVideoInfoButtonMenu,artist)">RunScript(script.libraryeditor,DBID=$INFO[ListItem.DBID]&amp;tag=arr_artist&amp;type=MusicVideo)</onclick>
					<onclick condition="Container.Content(Albums) + Skin.String(DialogVideoInfoButtonMenu,artist)">RunScript(script.libraryeditor,DBID=$INFO[ListItem.DBID]&amp;tag=arr_artist&amp;type=Album)</onclick>
					<width>300</width>
					<textwidth>290</textwidth>
					<include>ContextMenuBtn</include>
					<visible>[Skin.String(DialogVideoInfoButtonMenu,director) | Skin.String(DialogVideoInfoButtonMenu,writer) | Skin.String(DialogVideoInfoButtonMenu,artist)] + System.HasAddon(script.libraryeditor)</visible>
				</control>
				<control type="button" id="984">
					<description>Director / Writer / Artist Information</description>
					<label>$VAR[DialogVideoInfoLabel]</label>
					<onclick>Dialog.Close(980)</onclick>
					<onclick condition="[Container.Content(Movies) | Container.Content(Episodes) | Container.Content(MusicVideos)] + Skin.String(DialogVideoInfoButtonMenu,director)">RunScript(script.extendedinfo,info=extendedactorinfo,name=$INFO[ListItem.Director])</onclick>
					<onclick condition="[Container.Content(Movies) | Container.Content(Episodes)] + Skin.String(DialogVideoInfoButtonMenu,writer)">RunScript(script.extendedinfo,info=extendedactorinfo,name=$INFO[ListItem.Writer])</onclick>
					<onclick condition="[Container.Content(MusicVideos) | Container.Content(Albums)] + Skin.String(DialogVideoInfoButtonMenu,artist)">RunScript(script.extendedinfo,info=extendedactorinfo,name=$INFO[ListItem.Artist])</onclick>
					<width>300</width>
					<textwidth>290</textwidth>
					<include>ContextMenuBtn</include>
					<visible>[Skin.String(DialogVideoInfoButtonMenu,director) | Skin.String(DialogVideoInfoButtonMenu,writer) | Skin.String(DialogVideoInfoButtonMenu,artist)] + System.HasAddon(script.extendedinfo)</visible>
				</control>
				<control type="button" id="985">
					<description>Set My Rating</description>
					<label>$LOCALIZE[38023]</label>
					<onclick>Dialog.Close(980)</onclick>
					<onclick>SendClick(2003,7)</onclick>
					<width>300</width>
					<textwidth>290</textwidth>
					<include>ContextMenuBtn</include>
					<visible>Skin.String(DialogVideoInfoButtonMenu,rating) | Skin.String(DialogVideoInfoButtonMenu,top250)</visible>
				</control>
				<control type="button" id="986">
					<description>Edit Rating</description>
					<label>$LOCALIZE[31975]</label>
					<onclick>Dialog.Close(980)</onclick>
					<onclick condition="Container.Content(Movies)">RunScript(script.libraryeditor,DBID=$INFO[ListItem.DBID]&amp;tag=rating&amp;type=Movie)</onclick>
					<onclick condition="Container.Content(TVShows)">RunScript(script.libraryeditor,DBID=$INFO[ListItem.DBID]&amp;tag=rating&amp;type=TVShow)</onclick>
					<onclick condition="Container.Content(Episodes)">RunScript(script.libraryeditor,DBID=$INFO[ListItem.DBID]&amp;tag=rating&amp;type=Episode)</onclick>
					<width>300</width>
					<textwidth>290</textwidth>
					<include>ContextMenuBtn</include>
					<visible>[Skin.String(DialogVideoInfoButtonMenu,rating) | Skin.String(DialogVideoInfoButtonMenu,top250)] + System.HasAddon(script.libraryeditor)</visible>
				</control>
				<control type="button" id="987">
					<description>Edit Top 250</description>
					<label>$LOCALIZE[31976]</label>
					<onclick>Dialog.Close(980)</onclick>
					<onclick>RunScript(script.libraryeditor,DBID=$INFO[ListItem.DBID]&amp;tag=top250&amp;type=Movie)</onclick>
					<width>300</width>
					<textwidth>290</textwidth>
					<include>ContextMenuBtn</include>
					<visible>Skin.String(DialogVideoInfoButtonMenu,top250) + System.HasAddon(script.libraryeditor)</visible>
				</control>
				<control type="button" id="988">
					<description>Disable Animations Only</description>
					<label>$LOCALIZE[31430]</label>
					<onclick>Skin.SetString(LowCPUPowerMode,Animations)</onclick>
					<onclick>Dialog.Close(980)</onclick>
					<width>460</width>
					<textwidth>450</textwidth>
					<include>ContextMenuBtn</include>
					<visible>Skin.String(DialogVideoInfoButtonMenu,LowCPUPowerMode)</visible>
				</control>
				<control type="button" id="989">
					<description>Disable Animations and CPU Demanding Skin Settings</description>
					<label>$LOCALIZE[31431]</label>
					<onclick>Skin.SetString(LowCPUPowerMode,Full)</onclick>
					<onclick>Skin.Reset(PlayTrailerWindowed)</onclick>
					<onclick>Skin.Reset(EnableMusicCdArt)</onclick>
					<onclick>Skin.Reset(AnimateFanartMusicPlayingBG)</onclick>
					<onclick>Skin.Reset(AnimateBackground)</onclick>
					<onclick>Skin.Reset(AnimateFanart)</onclick>
					<onclick condition="!Skin.HasSetting(DisableVideoPlayingBG)">Skin.ToggleSetting(DisableVideoPlayingBG)</onclick>
					<onclick condition="!Skin.HasSetting(DisableMusicPlayingBG)">Skin.ToggleSetting(DisableMusicPlayingBG)</onclick>
					<onclick>Dialog.Close(980)</onclick>
					<width>460</width>
					<textwidth>450</textwidth>
					<include>ContextMenuBtn</include>
					<visible>Skin.String(DialogVideoInfoButtonMenu,LowCPUPowerMode)</visible>
				</control>
			</control>
			
			<control type="button">
				<left>302</left>
				<include>DialogCloseBtn</include>
				<animation effect="slide" end="160,0" condition="Skin.String(DialogVideoInfoButtonMenu,LowCPUPowerMode)">Conditional</animation>
			</control>
			
			<control type="button" id="990">
				<description>Close</description>
				<left>97</left>
				<top>110</top>
				<include>DialogMenuBarBtn</include>
				<label>$LOCALIZE[222]</label>
				<onclick>Dialog.Close(980)</onclick>
				<onup condition="Skin.String(DialogVideoInfoButtonMenu,director) | Skin.String(DialogVideoInfoButtonMenu,writer) | Skin.String(DialogVideoInfoButtonMenu,artist)">984</onup>
				<onup condition="Skin.String(DialogVideoInfoButtonMenu,rating)">986</onup>
				<onup condition="Skin.String(DialogVideoInfoButtonMenu,top250)">987</onup>
				<onup condition="Skin.String(DialogVideoInfoButtonMenu,LowCPUPowerMode)">989</onup>
				<ondown condition="Skin.String(DialogVideoInfoButtonMenu,director) | Skin.String(DialogVideoInfoButtonMenu,writer) | Skin.String(DialogVideoInfoButtonMenu,artist)">982</ondown>
				<ondown condition="Skin.String(DialogVideoInfoButtonMenu,rating) | Skin.String(DialogVideoInfoButtonMenu,top250)">985</ondown>
				<ondown condition="Skin.String(DialogVideoInfoButtonMenu,LowCPUPowerMode)">988</ondown>
				<onleft>981</onleft>
				<onright>981</onright>
				<animation effect="slide" end="0,37" condition="[System.HasAddon(script.extendedinfo) + System.HasAddon(script.libraryeditor) + Skin.String(DialogVideoInfoButtonMenu,director)] | Skin.String(DialogVideoInfoButtonMenu,top250)">Conditional</animation>
				<animation effect="slide" end="80,0" condition="Skin.String(DialogVideoInfoButtonMenu,LowCPUPowerMode)">Conditional</animation>
			</control>
		</control>		
	</controls>	
</window>