<?xml version="1.0" encoding="UTF-8"?>
<window id="145">
	<defaultcontrol always="true">11</defaultcontrol>
	<include>BottomPaneOpenCloseAnim</include>
	
	<coordinates>
		<system>1</system>
		<origin x="526" y="645">true</origin>
	</coordinates>
	
	<controls>		
		<include>SliderDialogBox</include>
		
		<control type="label" id="12">
			<description>Slider Value</description>
			<left>24</left>
			<top>10</top>
			<width>180</width>
			<align>center</align>
			<font>OSDFont</font>
			<textcolor>DefaultColor</textcolor>
			<shadowcolor>ShadowColor</shadowcolor>
		</control>
		
		<control type="slider" id="11">
			<description>Slider</description>
			<left>34</left>
			<top>40</top>
			<width>160</width>
			<height>24</height>
			<texturefocus>-</texturefocus>
			<texturenofocus>-</texturenofocus>
			<texturesliderbar>controls/slider-background.png</texturesliderbar>
			<textureslidernibfocus>controls/slider-nib-focus.png</textureslidernibfocus>
			<textureslidernib>controls/slider-nib-nofocus.png</textureslidernib>
		</control>	
	</controls>
</window>
