<?xml version="1.0" encoding="UTF-8"?>
<window>
	<defaultcontrol always="true">500</defaultcontrol>
	<menucontrol>850</menucontrol>
	<views>50,52,63,91,93,590,591,592,593,594,595,596,597,598</views>
	
	<controls>
		<control type="group">
			<depth>DepthBackground</depth>
			<include>BackgroundDefault</include>
			<include condition="[!String.IsEmpty(Skin.String(CustomAddonsBGPath)) + [Skin.String(CustomAddonsBGType,2) | Skin.String(CustomAddonsBGType,3)]]
			+ Skin.HasSetting(ApplyAllAddonsCustomBG)">BackgroundPrograms</include>
			<include>BackgroundAddonsFanart</include>
			<include>BackgroundProgramsFanart</include>
			<include condition="!Skin.HasSetting(DisableVideoPlayingBG)">BackgroundVideoPlaying</include>
			<include condition="!Skin.HasSetting(DisableMusicPlayingBG)">BackgroundMusicPlaying</include>
			<include>BackgroundOpenCloseAnim</include>
		</control>

		<control type="group">     
			<visible>!Window.IsActive(AddonInformation)</visible>
			<depth>DepthContent</depth>
			<include>IconView</include> <!-- 50 -->
			<include>ListView</include> <!-- 52 -->
			<include>AlbumThumbsView</include> <!-- 63 -->
			<include condition="!Skin.HasSetting(DisableAddonsListInfoView)">AddonsListInfoView</include> <!-- 91 -->
			<include condition="!Skin.HasSetting(DisableAddonsWrapListInfoView)">AddonsWrapListInfoView</include> <!-- 93 -->
			<include condition="!Skin.HasSetting(DisableProgramsListInfoView)">ProgramsListInfoView</include> <!-- 590 -->
			<include condition="!Skin.HasSetting(DisableProgramsListInfoView2)">ProgramsListInfoView2</include> <!-- 591 -->
			<include condition="!Skin.HasSetting(DisableProgramsListInfoView3)">ProgramsListInfoView3</include> <!-- 592 -->
			<include condition="!Skin.HasSetting(DisableProgramsThumbsInfoView)">ProgramsThumbsInfoView</include> <!-- 593 -->
			<include condition="!Skin.HasSetting(DisableProgramsThumbsInfoView2)">ProgramsThumbsInfoView2</include> <!-- 594 -->
			<include condition="!Skin.HasSetting(DisableProgramsThumbsInfoView3)">ProgramsThumbsInfoView3</include> <!-- 595 -->
			<include condition="!Skin.HasSetting(DisableProgramsWrapListInfoView)">ProgramsWrapListInfoView</include> <!-- 596 -->
			<include condition="!Skin.HasSetting(DisableProgramsWrapListInfoView2)">ProgramsWrapListInfoView2</include> <!-- 597 -->
			<include condition="!Skin.HasSetting(DisableProgramsWrapListInfoView3)">ProgramsWrapListInfoView3</include> <!-- 598 -->
		</control>
		
		<include>MediaMenuBar</include>
		
		<control type="group">
			<description>Top Bar Area</description>
			<visible>![System.IdleTime(3) + !Control.IsVisible(505) + Skin.HasSetting(HideTopBar) + !Control.HasFocus(555)]</visible>
			<depth>DepthTopBar</depth>
			<include>TopBarImage</include>
			<include>TopBarOpenCloseAnim</include>
			<include>BreadCrumbPrograms</include>
			<include>Notifications</include>
			<include>SortLetterNotification</include>
		</control>
	</controls>		
</window>