<?xml version="1.0" encoding="UTF-8"?>
<window id="3001">
	<onload condition="!IsEmpty(ListItem.TvShowTitle)">SetProperty("TvTunesSupported", "TvShows")</onload>
	<onload condition="IsEmpty(ListItem.TvShowTitle)">SetProperty("TvTunesSupported", "Movies")</onload>
	<onload condition="System.HasAddon(script.tvtunes)">RunScript(script.tvtunes,backend=True)</onload>
	<defaultcontrol always="true">51</defaultcontrol>
	<menucontrol>987</menucontrol>
	<include>ControlsOpenCloseAnim</include>
	
	<controls>
		<control type="group">
			<depth>DepthBackground</depth>
			<include condition="[[!IsEmpty(Skin.String(CustomMoviesBGPath)) + [Skin.String(CustomMoviesBGType,2) | Skin.String(CustomMoviesBGType,3)]] 
			| Skin.String(CustomMoviesBGType,4)] + Skin.HasSetting(ApplyAllMoviesCustomBG)">BackgroundMovies</include>
			<include condition="[[!IsEmpty(Skin.String(CustomTVShowsBGPath)) + [Skin.String(CustomTVShowsBGType,2) | Skin.String(CustomTVShowsBGType,3)]] 
			| Skin.String(CustomTVShowsBGType,4)] + Skin.HasSetting(ApplyAllTVShowsCustomBG)">BackgroundTVShows</include>
			<include>FanartImage</include>
			<include>FanartDim</include>
			<include condition="!Skin.HasSetting(DisableVideoPlayingBG)">BackgroundVideoPlaying</include>
			<include>BackgroundOpenCloseAnim</include>
		</control>
		
		<control type="group" id="500">
			<depth>DepthContent</depth>
			<include>MediaViewOpenCloseAnim</include>
			
			<control type="image">
				<left>30</left>
				<top>106</top>
				<width>755</width>
				<height>525</height>
				<texture border="7">panels/content-panel.png</texture>
				<include>PanelFadeAnim</include>
			</control>			
			
			<control type="group">
				<description>Cover</description>
				<left>840</left>
				<top>150</top>
					
				<control type="image">
					<description>Cover</description>
					<width>400</width>
					<height>400</height>
					<texture background="true">$INFO[ListItem.Icon]</texture>
					<bordertexture border="11">covers/cover-case-curved-big-focus.png</bordertexture>
					<bordersize>14</bordersize>
					<aspectratio aligny="bottom">keep</aspectratio>
					<fadetime>IconCrossfadeTime</fadetime>	
				</control>
				
				<control type="image">
					<description>Cover Reflection</description>
					<top>395</top>
					<width>400</width>
					<height>400</height>
					<texture background="true" flipy="true" diffuse="views/reflection.png">$INFO[ListItem.Icon]</texture>
					<bordertexture flipy="true" border="11" diffuse="views/reflection.png">covers/cover-case-curved-big-focus.png</bordertexture>
					<bordersize>14</bordersize>
					<aspectratio aligny="top">keep</aspectratio>
					<fadetime>IconCrossfadeTime</fadetime>
				</control>
			</control>	
			
			<control type="list" id="51">
				<left>40</left>
				<top>110</top>
				<width>720</width>
				<height>518</height>
				<onleft>987</onleft>					
				<onright>903</onright>
				<onup>987</onup>
				<ondown>51</ondown>
				<viewtype label="31105">list</viewtype>
				<pagecontrol>903</pagecontrol>
				<scrolltime tween="sine" easing="inout">300</scrolltime>				
				<itemlayout height="37">
					<control type="image">
						<left>0</left>
						<width>720</width>
						<height>37</height>	
						<texture border="0,0,10,2">views/list-separator.png</texture>
						<aspectratio>stretch</aspectratio>
					</control>
					<control type="label">
						<description>Label</description>
						<left>35</left>
						<width>580</width>
						<height>37</height>
						<font>ListFont</font>
						<textcolor>ListColor</textcolor>
						<shadowcolor>ShadowColor</shadowcolor>
						<aligny>center</aligny>				
						<info>ListItem.Label</info>
					</control>					
					<control type="label">
						<description>Label2</description>
						<left>580</left>
						<width>100</width>
						<height>37</height>
						<font>ListFont2</font>
						<textcolor>ListColor3</textcolor>
						<shadowcolor>ShadowColor</shadowcolor>
						<align>right</align>
						<aligny>center</aligny>				
						<info>ListItem.Label2</info>
						<visible>!IsEmpty(ListItem.Label2)</visible>
					</control>					
					<control type="image">
						<description>Quality</description>
						<left>5</left>
						<top>6</top>
						<width>24</width>
						<height>24</height>
						<texture background="true">$VAR[VideoQualityOverlayUnwatched]</texture>
						<aspectratio>stretch</aspectratio>
						<visible>!StringCompare(ListItem.Overlay,OverlayWatched.png)</visible>
						<include>ListViewOverlayFadeAnim</include>
					</control>	
					<control type="image">
						<description>Quality</description>
						<left>5</left>
						<top>6</top>
						<width>24</width>
						<height>24</height>
						<texture background="true">$VAR[VideoQualityOverlayWatched]</texture>
						<aspectratio>stretch</aspectratio>
						<visible>StringCompare(ListItem.Overlay,OverlayWatched.png)</visible>
						<include>ListViewOverlayFadeAnim</include>
					</control>
					<control type="image">
						<description>Watched Partial</description>
						<left>690</left>
						<top>6</top>
						<width>24</width>
						<height>24</height>
						<texture background="true">$VAR[WatchedPartial]</texture>
						<aspectratio>stretch</aspectratio>
						<visible>ListItem.IsResumable</visible>
						<include>ListViewPartialWatchedOverlayFadeAnim</include>
						<include>ListViewWatchedOverlayFadeAnim</include>
					</control>	
					<control type="image">
						<description>Overlay</description>
						<left>690</left>
						<top>6</top>
						<width>24</width>
						<height>24</height>
						<texture background="true">OverlayWatched.png</texture>
						<aspectratio>stretch</aspectratio>
						<include>ListViewOverlayFadeAnim</include>
						<visible>IntegerGreaterThan(ListItem.PlayCount,0)</visible>
					</control>	
				</itemlayout>
				<focusedlayout height="37" condition="Skin.HasSetting(HideVideoExtrasPlot) |  Container(51).Position(0)">
					<control type="image">
						<left>0</left>
						<width>720</width>
						<height>37</height>	
						<texture border="0,0,10,2">views/list-separator.png</texture>
						<aspectratio>stretch</aspectratio>
					</control>
					<control type="image">
						<left>0</left>
						<width>720</width>
						<height>36</height>	
						<texture border="4">views/list-focus.png</texture>
						<aspectratio>stretch</aspectratio>
						<visible>Control.HasFocus(51)</visible>
						<include>ListViewSelectFadeAnim</include>
						<include condition="!Skin.HasSetting(DisableListViewScrollAnim)">ListViewScrollAnim</include>
					</control>
					<control type="image">
						<left>0</left>
						<width>720</width>
						<height>36</height>	
						<texture border="4">views/list-alt-focus.png</texture>
						<aspectratio>stretch</aspectratio>
						<visible>!Control.HasFocus(51)</visible>
						<include>ListViewSelectFadeAnim2</include>
					</control>
					<control type="group">
						<include>ListViewFocusAnim</include>
						<control type="label">
							<description>Label</description>
							<left>35</left>
							<width>580</width>
							<height>37</height>
							<font>ListFont</font>
							<textcolor>SelectedColor</textcolor>
							<shadowcolor>ShadowColor</shadowcolor>
							<aligny>center</aligny>
							<info>ListItem.Label</info>
							<scroll>true</scroll>
						</control>						
						<control type="label">
							<description>Label2</description>
							<left>580</left>
							<width>100</width>
							<height>37</height>
							<font>ListFont2</font>
							<textcolor>ListColor3</textcolor>
							<shadowcolor>ShadowColor</shadowcolor>
							<align>right</align>
							<aligny>center</aligny>				
							<info>ListItem.Label2</info>
							<visible>!IsEmpty(ListItem.Label2)</visible>
						</control>						
						<control type="image">
							<description>Quality</description>
							<left>5</left>
							<top>6</top>
							<width>24</width>
							<height>24</height>
							<texture background="true">$VAR[VideoQualityOverlayUnwatched]</texture>
							<aspectratio>stretch</aspectratio>
							<visible>!StringCompare(ListItem.Overlay,OverlayWatched.png)</visible>
						</control>	
						<control type="image">
							<description>Quality</description>
							<left>5</left>
							<top>6</top>
							<width>24</width>
							<height>24</height>
							<texture background="true">$VAR[VideoQualityOverlayWatched]</texture>
							<aspectratio>stretch</aspectratio>
							<visible>StringCompare(ListItem.Overlay,OverlayWatched.png)</visible>
						</control>
						<control type="image">
							<description>Watched Partial</description>
							<left>690</left>
							<top>6</top>
							<width>24</width>
							<height>24</height>
							<texture background="true">$VAR[WatchedPartial]</texture>
							<aspectratio>stretch</aspectratio>
							<visible>ListItem.IsResumable</visible>
							<include>ListViewPartialWatchedOverlayFadeAnim</include>
							<include>ListViewWatchedOverlayFadeAnim</include>
						</control>	
						<control type="image">
							<description>Overlay</description>
							<left>690</left>
							<top>6</top>
							<width>24</width>
							<height>24</height>
							<texture background="true">OverlayWatched.png</texture>
							<aspectratio>stretch</aspectratio>
							<include>ListViewOverlayFadeAnim</include>
							<visible>IntegerGreaterThan(ListItem.PlayCount,0)</visible>
						</control>
					</control>				
				</focusedlayout>
				<focusedlayout height="74" condition="!Skin.HasSetting(HideVideoExtrasPlot) + !Container(51).Position(0)">
					<control type="image">
						<left>0</left>
						<width>720</width>
						<height>74</height>	
						<texture border="0,0,10,2">views/list-separator.png</texture>
						<aspectratio>stretch</aspectratio>
					</control>
					<control type="image">
						<left>0</left>
						<width>720</width>
						<height>73</height>	
						<texture border="4">views/list-focus.png</texture>
						<aspectratio>stretch</aspectratio>
						<visible>Control.HasFocus(51)</visible>
						<include condition="!Skin.HasSetting(DisableListViewScrollAnim)">ListViewScrollAnim</include>
					</control>
					<control type="image">
						<left>0</left>
						<width>720</width>
						<height>73</height>	
						<texture border="4">views/list-alt-focus.png</texture>
						<aspectratio>stretch</aspectratio>
						<visible>!Control.HasFocus(51)</visible>
						<include>ListViewSelectFadeAnim2</include>
					</control>
					<control type="group">
						<include condition="!Skin.HasSetting(DisableListFocusAnim)">ListViewFocusAnim</include>
						<control type="label">
							<description>Label</description>
							<left>35</left>
							<width>580</width>
							<height>37</height>
							<font>ListFont</font>
							<textcolor>SelectedColor</textcolor>
							<shadowcolor>ShadowColor</shadowcolor>
							<aligny>center</aligny>
							<info>ListItem.Label</info>
							<scroll>true</scroll>
						</control>						
						<control type="label">
							<description>Label2</description>
							<left>580</left>
							<width>100</width>
							<height>37</height>
							<font>ListFont2</font>
							<textcolor>ListColor3</textcolor>
							<shadowcolor>ShadowColor</shadowcolor>
							<align>right</align>
							<aligny>center</aligny>				
							<info>ListItem.Label2</info>
							<visible>!IsEmpty(ListItem.Label2)</visible>
						</control>
						<control type="label">
							<description>Plot</description>
							<left>35</left>
							<top>38</top>
							<width>640</width>
							<font>ListFont2</font>
							<textcolor>ListColor2</textcolor>
							<shadowcolor>ShadowColor</shadowcolor>	
							<label fallback="31203">[I]$INFO[ListItem.Plot,$LOCALIZE[207]: ,][/I]</label>
							<scroll>true</scroll>
							<animation effect="fade" start="0" end="100" time="400" condition="Control.HasFocus(51)">Conditional</animation>
						</control>
						<control type="image">
							<description>Quality</description>
							<left>5</left>
							<top>6</top>
							<width>24</width>
							<height>24</height>
							<texture background="true">$VAR[VideoQualityOverlayUnwatched]</texture>
							<aspectratio>stretch</aspectratio>
							<visible>!StringCompare(ListItem.Overlay,OverlayWatched.png)</visible>
						</control>	
						<control type="image">
							<description>Quality</description>
							<left>5</left>
							<top>6</top>
							<width>24</width>
							<height>24</height>
							<texture background="true">$VAR[VideoQualityOverlayWatched]</texture>
							<aspectratio>stretch</aspectratio>
							<visible>StringCompare(ListItem.Overlay,OverlayWatched.png)</visible>
						</control>
						<control type="image">
							<description>Watched Partial</description>
							<left>690</left>
							<top>6</top>
							<width>24</width>
							<height>24</height>
							<texture background="true">$VAR[WatchedPartial]</texture>
							<aspectratio>stretch</aspectratio>
							<visible>ListItem.IsResumable</visible>
							<include>ListViewPartialWatchedOverlayFadeAnim</include>
							<include>ListViewWatchedOverlayFadeAnim</include>
						</control>	
						<control type="image">
							<description>Overlay</description>
							<left>690</left>
							<top>6</top>
							<width>24</width>
							<height>24</height>
							<texture background="true">OverlayWatched.png</texture>
							<aspectratio>stretch</aspectratio>
							<include>ListViewOverlayFadeAnim</include>
							<visible>IntegerGreaterThan(ListItem.PlayCount,0)</visible>
						</control>
					</control>				
				</focusedlayout>
			</control>
			
			<control type="group">	
				<control type="image">
					<left>767</left>
					<top>110</top>
					<width>14</width>
					<height>517</height>
					<texture border="4">controls/scrollbar-background.png</texture>
				</control>
				
				<control type="scrollbar" id="903">
					<left>767</left>
					<top>110</top>
					<height>517</height>
					<texturesliderbackground>-</texturesliderbackground>
					<onleft>51</onleft>
					<onright>51</onright>
					<onup>987</onup>
				</control>
			</control>
		</control>
		
		<control type="group" id="505">
			<description>Menu Bar Area</description>
			<depth>DepthMenuBar</depth>
			<top>MenuBarOffsetY</top>
			<include>MenuBarImage</include>
			<include>MenuBarOpenCloseAnim2</include>
			<include>VideoExtrasMenuBar</include>
		</control>
		
		<control type="group">
			<description>Top Bar Area</description>
			<depth>DepthTopBar</depth>
			<include>TopBarImage</include>
			<include>TopBarOpenCloseAnim</include>
			<include>BreadCrumbVideoExtras</include>
			<include>Notifications</include>
			<include>SortLetterNotification</include>
		</control>
		
		<control type="group">
			<description>Bottom Bar Area</description>
			<depth>DepthContent</depth>
			<top>BottomPaneOffsetY</top>	
			<include>InfoPaneMediaDetails</include>
			<control type="label">
				<include>InfoPaneHeadLabel2</include>
				<label>$INFO[Container.CurrentPage,$LOCALIZE[31946] ]$INFO[Container.NumPages,/,]</label>
			</control>
			<control type="image">
				<left>582</left>
				<top>-4</top>
				<width>116</width>
				<height>45</height>
				<texture>$VAR[VideoExtrasLogo]</texture>
				<aspectratio>keep</aspectratio>
				<fadetime>400</fadetime>
				<animation effect="fade" end="90" condition="true">Conditional</animation>
				<visible>!Skin.HasSetting(DisableTVShowsLogo)</visible>
			</control>
			<include>BottomPaneOpenCloseAnim</include>
		</control>
	</controls>
</window>
