<?xml version="1.0" encoding="UTF-8"?>
<window id="2002">
	<defaultcontrol always="true">10</defaultcontrol>

	<coordinates>
		<system>1</system>
		<origin x="395" y="250">true</origin>
	</coordinates>
	
	<controls>
		<control type="group">
			<depth>DepthDialog+</depth>
			<include>ProgressDialogBox</include>
			<include>DialogOpenCloseAnim</include>

			<control type="label" id="1">
				<include>DialogTitle2</include>
			</control>
			
			<control type="textbox" id="9">
				<description>Text</description>
				<left>DialogMarginOffsetX</left>
				<top>54</top>
				<width>420</width>
				<height>98</height>
				<align>center</align>
				<aligny>center</aligny>
				<label>-</label>
				<font>DefaultFontB</font>
				<textcolor>ButtonColor</textcolor>
				<autoscroll time="3000" delay="4000" repeat="10000">true</autoscroll>
			</control>

			<control type="button" id="10">
				<description>OK</description>
				<left>160</left>
				<top>164</top>
				<include>DialogMenuBarBtn</include>
				<label>$LOCALIZE[186]</label>
			</control>
		</control>
	</controls>	
</window>