<?xml version="1.0" encoding="UTF-8"?>
<window id="29">
	<defaultcontrol always="true">52</defaultcontrol>
	
	<controls>
		<include>BackgroundLoginScreen</include>
		
		<control type="group">
			<depth>DepthContent</depth>
			
			<control type="group">
				<description>Top Bar Area</description>
				<depth>DepthTopBar</depth>
				<include>TopBarOpenCloseAnim</include>
				<control type="image">
					<left>9</left>
					<top>9</top>
					<width>78</width>
					<height>24</height>
					<animation effect="fade" end="80" condition="true">Conditional</animation>	
					<texture>kodi-logo.png</texture>
				</control>
				<control type="grouplist">
					<left>490</left>
					<top>StatusBartop</top>
					<height>43</height>
					<width>780</width>
					<itemgap>4</itemgap>
					<align>right</align>
					<orientation>horizontal</orientation>
					<usecontrolcoords>true</usecontrolcoords>
					<control type="label" id="5566">
						<width min="25" max="175">auto</width>
						<height>43</height>
						<font>BreadCrumbFont</font>
						<textcolor>ffdddddd</textcolor>
						<shadowcolor>ShadowColor</shadowcolor>
						<label> [UPPERCASE]$INFO[System.Date(mmm)] $INFO[System.Date(d)], $INFO[System.Date(yyyy)][/UPPERCASE] </label>
						<aligny>center</aligny>
						<visible>!Skin.HasSetting(SkinDateFormat) + !Skin.HasSetting(HideTopBarDate)</visible>
					</control>
					<control type="label" id="5566">
						<width min="25" max="175">auto</width>
						<height>43</height>
						<font>BreadCrumbFont</font>
						<textcolor>ffdddddd</textcolor>
						<shadowcolor>ShadowColor</shadowcolor>
						<label> [UPPERCASE]$INFO[System.Date(d)] $INFO[System.Date(mmm)], $INFO[System.Date(yyyy)][/UPPERCASE] </label>
						<aligny>center</aligny>
						<visible>Skin.HasSetting(SkinDateFormat) + !Skin.HasSetting(HideTopBarDate)</visible>
					</control>
					<control type="image">
						<top>3</top>
						<width>3</width>
						<height>39</height>
						<texture border="0,12,0,13">gui/status-bar-separator.png</texture>
						<visible>!Skin.HasSetting(HideTopBarDate)</visible>
					</control>
					<control type="label" id="5569">
						<width min="25" max="100">auto</width>
						<height>43</height>
						<font>BreadCrumbFont</font>
						<textcolor>ffdddddd</textcolor>
						<shadowcolor>ShadowColor</shadowcolor>
						<label> [UPPERCASE]$INFO[System.Time][/UPPERCASE]</label>
						<aligny>center</aligny>
					</control>
				</control>
			</control>
			
			<control type="label">
				<left>345</left>
				<top>220</top>
				<textcolor>SelectedColor</textcolor>
				<include>DialogTitle</include>
				<label>$LOCALIZE[20115]</label>
			</control>
				
			<control type="group">
				<left>295</left>
				<top>260</top>

				<control type="list" id="52">
					<description>Profiles Area</description>
					<left>5</left>
					<top>5</top>
					<width>690</width>
					<height>138</height>
					<focusposition>2</focusposition>
					<scrolltime>300</scrolltime>
					<orientation>horizontal</orientation>
					<ondown>213</ondown>
					<itemlayout width="138" height="138">
						<control type="image">
							<width>134</width>
							<height>134</height>
							<texture border="25">covers/item-focus-background.png</texture>
							<animation effect="fade" end="40" condition="true">Conditional</animation>
						</control>
						<control type="image">
							<width>134</width>
							<height>134</height>
							<bordersize>25</bordersize>
							<texture>$INFO[ListItem.Icon]</texture>
							<aspectratio>keep</aspectratio>
							<animation effect="fade" end="50" condition="true">Conditional</animation>
						</control>		
					</itemlayout>
					<focusedlayout width="138" height="138">
						<control type="image">
							<width>134</width>
							<height>134</height>
							<texture border="15">covers/item-focus-background2.png</texture>
							<visible>Control.HasFocus(52)</visible>
						</control>
						<control type="image">
							<width>134</width>
							<height>134</height>
							<texture border="25">covers/item-focus-background.png</texture>
							<visible>!Control.HasFocus(52)</visible>
							<animation effect="fade" end="70" condition="true">Conditional</animation>
						</control>
						<control type="image">
							<width>134</width>
							<height>134</height>
							<bordersize>15</bordersize>
							<texture>$INFO[ListItem.Icon]</texture>
							<aspectratio>keep</aspectratio>
						</control>
					</focusedlayout>
				</control>
				
				<control type="image">
					<left>8</left>
					<top>145</top>
					<width>680</width>
					<height>1</height>
					<texture>login-separator.png</texture>
				</control>
				
				<control type="label">
					<left>8</left>
					<top>155</top>
					<width>680</width>
					<font>ProfileNameFont</font>
					<textcolor>GreyColor2</textcolor>
					<shadowcolor>ShadowColor</shadowcolor>
					<align>center</align>
					<label>$INFO[ListItem.Label]</label>
				</control>
			</control>
			
			<control type="group" id="213">
				<top>670</top>
				<include>LoginScreenPaneImage</include>
				
				<control type="label">
					<left>47</left>
					<top>9</top>
					<font>DefaultHeadFont</font>
					<textcolor>DefaultColor2</textcolor>
					<aligny>center</aligny>
					<label>$INFO[ListItem.Label2]</label>
				</control>
				
				<control type="grouplist" id="213">
					<left>1121</left>
					<top>10</top>
					<orientation>horizontal</orientation>
					<onup>52</onup>
					<onleft>213</onleft>
					<onright>213</onright>
					<control type="button" id="101">
						<description>Quit</description>
						<width>35</width>
						<height>35</height>
						<texturefocus>osd/osd-exit-focus.png</texturefocus>
						<texturenofocus>osd/osd-exit-nofocus.png</texturenofocus>
						<pulseonselect>false</pulseonselect>
						<onclick>Quit()</onclick>
					</control>
					<control type="button" id="102">
						<description>Reboot</description>
						<width>35</width>
						<height>35</height>
						<texturefocus>osd/osd-reboot-focus.png</texturefocus>
						<texturenofocus>osd/osd-reboot-nofocus.png</texturenofocus>
						<pulseonselect>false</pulseonselect>
						<onclick>Reset()</onclick>
					</control>
					<control type="button" id="103">
						<description>Shutdown</description>
						<width>35</width>
						<height>35</height>
						<texturefocus>osd/osd-shutdown-focus.png</texturefocus>
						<texturenofocus>osd/osd-shutdown-nofocus.png</texturenofocus>
						<pulseonselect>false</pulseonselect>
						<onclick>Shutdown()</onclick>
					</control>
				</control>
			</control>
		</control>
	</controls>
</window>