<?xml version="1.0" encoding="UTF-8"?>
<window type="window" id="7">
	<defaultcontrol always="true">850</defaultcontrol>
	
	<controls>
		<control type="group">
			<depth>DepthBackground</depth>
    		<include>BackgroundDefault</include>
			<include condition="!Skin.HasSetting(DisableVideoPlayingBG)">BackgroundVideoPlaying</include>
			<include condition="!Skin.HasSetting(DisableMusicPlayingBG)">BackgroundMusicPlaying</include>   
			<include>BackgroundOpenCloseAnim</include>
		</control>
		
		<control type="group">
			<depth>DepthContent</depth>
			<include>ControlsOpenCloseAnim</include>
		
			<control type="grouplist" id="850">
				<description>Category Area</description>
				<left>125</left>
				<top>110</top>
				<onup>850</onup>
				<ondown>850</ondown>
				<onleft>600</onleft>
				<control type="button" id="95">
					<description>Summary</description>
					<include>SettingsCatBtn</include>
					<label>$LOCALIZE[20037]</label>
				</control>
				<control type="button" id="94">
					<description>Storage</description>
					<top>37</top>
					<include>SettingsCatBtn</include>
					<label>$LOCALIZE[13277]</label>	
				</control>
				<control type="button" id="92">
					<description>HDD</description>
					<top>37</top>
					<include>SettingsCatBtn</include>
					<label>$LOCALIZE[13275]</label>
					<visible>System.Platform.Xbox</visible>
				</control>
				<control type="button" id="93">
					<description>DVD</description>
					<top>37</top>
					<include>SettingsCatBtn</include>
					<label>$LOCALIZE[13276]</label>	
					<visible>System.Platform.Xbox</visible>
				</control>
				<control type="button" id="96">
					<description>Network</description>
					<top>74</top>
					<include>SettingsCatBtn</include>
					<label>$LOCALIZE[13279]</label>	
				</control>				
				<control type="button" id="97">
					<description>Video</description>
					<top>111</top>
					<include>SettingsCatBtn</include>
					<label>$LOCALIZE[13280]</label>
				</control>
				<control type="button" id="98">
					<description>Hardware</description>
					<top>148</top>
					<include>SettingsCatBtn</include>
					<label>$LOCALIZE[13281]</label>
				</control>
				<control type="button" id="99">
					<description>PVR</description>
					<top>185</top>
					<include>SettingsCatBtn</include>
					<label>$LOCALIZE[19191]</label>
					<visible>System.GetBool(pvrmanager.enabled)</visible>
				</control>
			</control>
			
			<control type="grouplist" id="900">		
				<description>General Content Area</description>
				<left>400</left>
				<top>110</top>
				<width>755</width>
				<height>500</height>
				<itemgap>0</itemgap>
				<orientation>vertical</orientation>	
				<onup>900</onup>
				<ondown>900</ondown>
				<onleft>850</onleft>
				<control type="button" id="2">
					<include>SettingsSystemInfoContentBtn</include>
				</control>
				<control type="button" id="3">
					<include>SettingsSystemInfoContentBtn</include>
				</control>
				<control type="button" id="4">
					<include>SettingsSystemInfoContentBtn</include>
				</control>
				<control type="button" id="5">
					<include>SettingsSystemInfoContentBtn</include>
				</control>
				<control type="button" id="6">
					<include>SettingsSystemInfoContentBtn</include>
				</control>
				<control type="button" id="7">
					<include>SettingsSystemInfoContentBtn</include>
				</control>
				<control type="button" id="8">
					<include>SettingsSystemInfoContentBtn</include>
				</control>
				<control type="button" id="9">
					<include>SettingsSystemInfoContentBtn</include>
				</control>
				<control type="button" id="10">
					<include>SettingsSystemInfoContentBtn</include>
				</control>
				<control type="button" id="11">
					<include>SettingsSystemInfoContentBtn</include>
				</control>
			</control>
		</control>
		
		<control type="group">
			<description>Top Bar Area</description>
			<depth>DepthTopBar</depth>
			<include>TopBarImage</include>
			<include>TopBarOpenCloseAnim</include>
			<include>BreadCrumbSystemInfo</include>
			<include>Notifications</include>
		</control>
		
		<control type="group">
			<description>Bottom Bar Area</description>
			<depth>DepthContent</depth>
			<top>BottomPaneOffsetY</top>	
			<include>InfoPaneSystemInfoDetails</include>
			<include>BottomPaneOpenCloseAnim</include>
		</control>
	</controls>
</window>