<?xml version="1.0" encoding="utf-8"?>
<window>
	<defaultcontrol always="true">200</defaultcontrol>
	<include>Fade_In_WindowOpen</include>
	<include>Fade_Out_WindowClose</include>
	<coordinates>
		<system>1</system>
		<left>0</left>
		<top>0</top>
	</coordinates>
	<controls>
		<include>Zoom_In_WindowOpen</include>
		<include>Zoom_Out_WindowClose</include>
		<control type="image">
			<left>0</left>
			<top>0</top>
			<width>1920</width>
			<height>1080</height>
			<texture>filter_keyboard_shadow.png</texture>
		</control>
		<control type="group">
			<left>96</left>
			<top>52</top>
			<width>1726</width>
			<height>1062</height>
			<include>Zoom_In_WindowOpen</include>
			<include>Zoom_Out_WindowClose</include>
			<control type="image">
				<left>0</left>
				<top>0</top>
				<width>1726</width>
				<height>1062</height>
				<texture>dialogs\dialog-background-verytall.png</texture>
			</control>
			<control type="image">
				<left>814</left>
				<top>84</top>
				<width>96</width>
				<height>96</height>
				<texture>dialogs\albuminfo-dialog-icon.png</texture>
			</control>
			<control type="label">
				<left>0</left>
				<top>88</top>
				<width>1726</width>
				<align>center</align>
				<font>Larger</font>
				<label>[B]$INFO[ListItem.Artist][/B]</label>
				<textcolor>Text</textcolor>
			</control>
			<control type="label">
				<left>0</left>
				<top>170</top>
				<width>1726</width>
				<align>center</align>
				<font>Heading</font>
				<info>ListItem.Album</info>
				<textcolor>Text</textcolor>
			</control>
			<control type="image">
				<left>160</left>
				<top>266</top>
				<width>360</width>
				<height>360</height>
				<aspectratio align="center" scalediffuse="false">scale</aspectratio>
				<texture background="true">$VAR[MusicInfoThumbVar]</texture>
			</control>
			<control type="image">
				<left>160</left>
				<top>266</top>
				<width>360</width>
				<height>360</height>
				<texture>iconview-overlay.png</texture>
			</control>
			<control type="group">
				<visible>!Skin.HasSetting(Discography)</visible>
				<visible>Container.Content(albums)</visible>
				<left>15</left>
				<control type="label">
					<visible>!String.IsEmpty(ListItem.UserRating)</visible>
					<left>550</left>
					<top>266</top>
					<width>285</width>
					<font>Medium_Bold</font>
					<label>$LOCALIZE[38018]:</label>
					<textcolor>TextMedium</textcolor>
					<align>right</align>
				</control>
				<control type="image">
					<visible>!String.IsEmpty(ListItem.UserRating)</visible>
					<left>846</left>
					<top>265</top>
					<width>288</width>
					<height>46</height>
					<aspectratio align="left" scalediffuse="false">keep</aspectratio>
					<texture>$INFO[ListItem.UserRating]rating.png</texture>
				</control>
				<control type="label">
					<left>550</left>
					<top>303</top>
					<width>285</width>
					<font>Medium_Bold</font>
					<label>$LOCALIZE[515]:</label>
					<textcolor>TextMedium</textcolor>
					<align>right</align>
				</control>
				<control type="label">
					<left>854</left>
					<top>303</top>
					<width>700</width>
					<font>Medium_Bold</font>
					<label fallback="161">$INFO[ListItem.Genre]</label>
					<textcolor>Text</textcolor>
					<scroll>true</scroll>
				</control>
				<control type="label">
					<left>550</left>
					<top>340</top>
					<width>285</width>
					<font>Medium_Bold</font>
					<label>$LOCALIZE[562]:</label>
					<textcolor>TextMedium</textcolor>
					<align>right</align>
				</control>
				<control type="label">
					<left>854</left>
					<top>340</top>
					<width>700</width>
					<font>Medium_Bold</font>
					<label fallback="161">$INFO[ListItem.Year]</label>
					<textcolor>Text</textcolor>
					<scroll>true</scroll>
				</control>
				<control type="label">
					<left>550</left>
					<top>378</top>
					<width>285</width>
					<font>Medium_Bold</font>
					<label>$LOCALIZE[175]:</label>
					<textcolor>TextMedium</textcolor>
					<align>right</align>
				</control>
				<control type="label">
					<left>854</left>
					<top>378</top>
					<width>700</width>
					<font>Medium_Bold</font>
					<label fallback="161">$INFO[ListItem.Property(Album_Mood)]</label>
					<textcolor>Text</textcolor>
					<scroll>true</scroll>
				</control>
				<control type="label">
					<left>550</left>
					<top>416</top>
					<width>285</width>
					<font>Medium_Bold</font>
					<label>$LOCALIZE[176]:</label>
					<textcolor>TextMedium</textcolor>
					<align>right</align>
				</control>
				<control type="label">
					<left>854</left>
					<top>416</top>
					<width>700</width>
					<font>Medium_Bold</font>
					<label fallback="161">$INFO[ListItem.Property(Album_Style)]</label>
					<textcolor>Text</textcolor>
					<scroll>true</scroll>
				</control>
				<control type="label">
					<left>550</left>
					<top>453</top>
					<width>285</width>
					<font>Medium_Bold</font>
					<label>$LOCALIZE[21895]:</label>
					<textcolor>TextMedium</textcolor>
					<align>right</align>
				</control>
				<control type="label">
					<left>854</left>
					<top>453</top>
					<width>700</width>
					<font>Medium_Bold</font>
					<label fallback="161">$INFO[ListItem.Property(Album_Theme)]</label>
					<textcolor>Text</textcolor>
					<scroll>true</scroll>
				</control>
				<control type="label">
					<left>550</left>
					<top>490</top>
					<width>285</width>
					<font>Medium_Bold</font>
					<label>$LOCALIZE[146]</label>
					<textcolor>TextMedium</textcolor>
					<align>right</align>
				</control>
				<control type="label">
					<left>854</left>
					<top>490</top>
					<width>700</width>
					<font>Medium_Bold</font>
					<label fallback="161">$INFO[ListItem.Property(Album_Type)]</label>
					<textcolor>Text</textcolor>
					<scroll>true</scroll>
				</control>
				<control type="label">
					<left>550</left>
					<top>528</top>
					<width>285</width>
					<font>Medium_Bold</font>
					<label>$LOCALIZE[21899]:</label>
					<textcolor>TextMedium</textcolor>
					<align>right</align>
				</control>
				<control type="label">
					<left>854</left>
					<top>528</top>
					<width>700</width>
					<font>Medium_Bold</font>
					<label fallback="161">$INFO[ListItem.Property(Album_Label)]</label>
					<textcolor>Text</textcolor>
					<scroll>true</scroll>
				</control>
				<control type="label">
					<left>550</left>
					<top>566</top>
					<width>285</width>
					<font>Medium_Bold</font>
					<label>$LOCALIZE[563]:</label>
					<textcolor>TextMedium</textcolor>
					<align>right</align>
				</control>
				<control type="label">
					<left>854</left>
					<top>566</top>
					<width>700</width>
					<font>Medium_Bold</font>
					<label fallback="161">$INFO[ListItem.Rating]</label>
					<textcolor>Text</textcolor>
					<scroll>true</scroll>
				</control>
				<control type="image">
					<left>272</left>
					<top>645</top>
					<width>1427</width>
					<height>195</height>
					<texture border="10,10,10,10">menu\library\panel-light.png</texture>
					<colordiffuse>LibraryPanelDiffuse</colordiffuse>
				</control>
				<control type="textbox">
					<left>150</left>
					<top>660</top>
					<width>1405</width>
					<height>165</height>
					<font>Medium_Bold</font>
					<label>$INFO[ListItem.Property(Album_Description)]</label>
					<textcolor>Text</textcolor>
					<align>justify</align>
					<autoscroll time="3000" delay="4000" repeat="5000">true</autoscroll>
				</control>
			</control>
			<control type="group">
				<visible>Container.Content(songs)</visible>
				<left>15</left>
				<control type="label">
					<visible>!String.IsEmpty(ListItem.UserRating)</visible>
					<left>550</left>
					<top>266</top>
					<width>285</width>
					<font>Medium_Bold</font>
					<label>$LOCALIZE[38018]:</label>
					<textcolor>TextMedium</textcolor>
					<align>right</align>
				</control>
				<control type="image">
					<visible>!String.IsEmpty(ListItem.UserRating)</visible>
					<left>846</left>
					<top>265</top>
					<width>288</width>
					<height>46</height>
					<aspectratio align="left" scalediffuse="false">keep</aspectratio>
					<texture>$INFO[ListItem.UserRating]rating.png</texture>
				</control>
				<control type="label">
					<left>550</left>
					<top>303</top>
					<width>285</width>
					<font>Medium_Bold</font>
					<label>$LOCALIZE[554]:</label>
					<textcolor>TextMedium</textcolor>
					<align>right</align>
				</control>
				<control type="label">
					<left>854</left>
					<top>303</top>
					<width>700</width>
					<font>Medium_Bold</font>
					<label fallback="161">$INFO[ListItem.TrackNumber]</label>
					<textcolor>Text</textcolor>
					<scroll>true</scroll>
				</control>
				<control type="label">
					<left>550</left>
					<top>340</top>
					<width>285</width>
					<font>Medium_Bold</font>
					<label>$LOCALIZE[180]:</label>
					<textcolor>TextMedium</textcolor>
					<align>right</align>
				</control>
				<control type="label">
					<left>854</left>
					<top>340</top>
					<width>700</width>
					<font>Medium_Bold</font>
					<label fallback="161">$INFO[ListItem.Duration]</label>
					<textcolor>Text</textcolor>
					<scroll>true</scroll>
				</control>
				<control type="label">
					<left>550</left>
					<top>378</top>
					<width>285</width>
					<font>Medium_Bold</font>
					<label>$LOCALIZE[515]:</label>
					<textcolor>TextMedium</textcolor>
					<align>right</align>
				</control>
				<control type="label">
					<left>854</left>
					<top>378</top>
					<width>700</width>
					<font>Medium_Bold</font>
					<label fallback="161">$INFO[ListItem.Genre]</label>
					<textcolor>Text</textcolor>
					<scroll>true</scroll>
				</control>
				<control type="label">
					<left>550</left>
					<top>416</top>
					<width>285</width>
					<font>Medium_Bold</font>
					<label>$LOCALIZE[567]:</label>
					<textcolor>TextMedium</textcolor>
					<align>right</align>
				</control>
				<control type="label">
					<left>854</left>
					<top>416</top>
					<width>700</width>
					<font>Medium_Bold</font>
					<label fallback="161">$INFO[ListItem.PlayCount]</label>
					<textcolor>Text</textcolor>
					<scroll>true</scroll>
				</control>
				<control type="label">
					<left>550</left>
					<top>453</top>
					<width>285</width>
					<font>Medium_Bold</font>
					<label>$LOCALIZE[568]:</label>
					<textcolor>TextMedium</textcolor>
					<align>right</align>
				</control>
				<control type="label">
					<left>854</left>
					<top>453</top>
					<width>700</width>
					<font>Medium_Bold</font>
					<label fallback="161">$INFO[ListItem.LastPlayed]</label>
					<textcolor>Text</textcolor>
					<scroll>true</scroll>
				</control>
				<control type="label">
					<left>550</left>
					<top>490</top>
					<width>285</width>
					<font>Medium_Bold</font>
					<label>$LOCALIZE[573]:</label>
					<textcolor>TextMedium</textcolor>
					<align>right</align>
				</control>
				<control type="label">
					<left>854</left>
					<top>490</top>
					<width>700</width>
					<font>Medium_Bold</font>
					<label fallback="161">$INFO[ListItem.Path]</label>
					<textcolor>Text</textcolor>
					<scroll>true</scroll>
				</control>
				<control type="label">
					<left>550</left>
					<top>528</top>
					<width>285</width>
					<font>Medium_Bold</font>
					<label>$LOCALIZE[21800]:</label>
					<textcolor>TextMedium</textcolor>
					<align>right</align>
				</control>
				<control type="label">
					<left>854</left>
					<top>528</top>
					<width>700</width>
					<font>Medium_Bold</font>
					<label fallback="161">$INFO[ListItem.Filename]</label>
					<textcolor>Text</textcolor>
					<scroll>true</scroll>
				</control>
				<control type="label">
					<left>550</left>
					<top>566</top>
					<width>285</width>
					<font>Medium_Bold</font>
					<label>$LOCALIZE[563]:</label>
					<textcolor>TextMedium</textcolor>
					<align>right</align>
				</control>
				<control type="label">
					<left>854</left>
					<top>566</top>
					<width>700</width>
					<font>Medium_Bold</font>
					<label fallback="161">$INFO[ListItem.Rating]</label>
					<textcolor>Text</textcolor>
					<scroll>true</scroll>
				</control>
				<control type="image">
					<left>272</left>
					<top>645</top>
					<width>1427</width>
					<height>195</height>
					<texture border="10,10,10,10">menu\library\panel-light.png</texture>
					<colordiffuse>LibraryPanelDiffuse</colordiffuse>
				</control>
				<control type="textbox">
					<left>300</left>
					<top>660</top>
					<width>1380</width>
					<height>165</height>
					<font>Medium_Bold</font>
					<label>$INFO[ListItem.Property(Role.Composer),[B][COLOR TextMedium]$LOCALIZE[29903]: [/B][/COLOR],  ]$INFO[ListItem.Property(Role.Conductor),[B][COLOR TextMedium]$LOCALIZE[29905]: [/B][/COLOR],  ]$INFO[ListItem.Property(Role.Orchestra),[B][COLOR TextMedium]$LOCALIZE[38034]: [/B][/COLOR],  ]$INFO[ListItem.Property(Role.Lyricist),[B][COLOR TextMedium]$LOCALIZE[38035]: [/B][/COLOR],  ]$INFO[ListItem.Property(Role.Remixer),[B][COLOR TextMedium]$LOCALIZE[38036]: [/B][/COLOR],  ]$INFO[ListItem.Property(Role.Arranger),[B][COLOR TextMedium]$LOCALIZE[38037]: [/B][/COLOR],  ]$INFO[ListItem.Property(Role.Engineer),[B][COLOR TextMedium]$LOCALIZE[38038]: [/B][/COLOR],  ]$INFO[ListItem.Property(Role.Producer),[B][COLOR TextMedium]$LOCALIZE[38039]: [/B][/COLOR],  ]$INFO[ListItem.Property(Role.DJMixer),[B][COLOR TextMedium]$LOCALIZE[38040]: [/B][/COLOR],  ]$INFO[ListItem.Property(Role.Mixer),[B][COLOR TextMedium]$LOCALIZE[38041]: [/B][/COLOR]]</label>
					<textcolor>Text</textcolor>
					<align>left</align>
					<autoscroll time="3000" delay="4000" repeat="5000">true</autoscroll>
				</control>
			</control>
			<control type="group">
				<visible>!Skin.HasSetting(Discography)</visible>
				<visible>Container.Content(artists)</visible>
				<left>15</left>
				<control type="label">
					<left>550</left>
					<top>303</top>
					<width>285</width>
					<font>Medium_Bold</font>
					<label>$LOCALIZE[21898]:</label>
					<textcolor>TextMedium</textcolor>
					<align>right</align>
				</control>
				<control type="label">
					<left>854</left>
					<top>303</top>
					<width>700</width>
					<font>Medium_Bold</font>
					<label fallback="161">$INFO[ListItem.Property(Artist_YearsActive)]</label>
					<textcolor>Text</textcolor>
					<scroll>true</scroll>
				</control>
				<control type="label">
					<left>550</left>
					<top>340</top>
					<width>285</width>
					<font>Medium_Bold</font>
					<label>$LOCALIZE[467]:</label>
					<textcolor>TextMedium</textcolor>
					<align>right</align>
				</control>
				<control type="label">
					<left>854</left>
					<top>340</top>
					<width>700</width>
					<font>Medium_Bold</font>
					<label fallback="161">$INFO[ListItem.Property(Artist_Type)]</label>
					<textcolor>Text</textcolor>
					<scroll>true</scroll>
				</control>
				<control type="label">
					<left>550</left>
					<top>378</top>
					<width>285</width>
					<font>Medium_Bold</font>
					<label>$LOCALIZE[21892]:</label>
					<textcolor>TextMedium</textcolor>
					<align>right</align>
				</control>
				<control type="label">
					<left>854</left>
					<top>378</top>
					<width>700</width>
					<font>Medium_Bold</font>
					<label fallback="161">$INFO[ListItem.Property(Artist_Instrument)]</label>
					<textcolor>Text</textcolor>
					<scroll>true</scroll>
				</control>
				<control type="label">
					<left>550</left>
					<top>416</top>
					<width>285</width>
					<font>Medium_Bold</font>
					<label>$LOCALIZE[21893]:</label>
					<textcolor>TextMedium</textcolor>
					<align>right</align>
				</control>
				<control type="label">
					<left>854</left>
					<top>416</top>
					<width>700</width>
					<font>Medium_Bold</font>
					<label fallback="161">$INFO[ListItem.Property(Artist_Born)]</label>
					<textcolor>Text</textcolor>
					<scroll>true</scroll>
				</control>
				<control type="label">
					<left>550</left>
					<top>453</top>
					<width>285</width>
					<font>Medium_Bold</font>
					<label>$LOCALIZE[21894]:</label>
					<textcolor>TextMedium</textcolor>
					<align>right</align>
				</control>
				<control type="label">
					<left>854</left>
					<top>453</top>
					<width>700</width>
					<font>Medium_Bold</font>
					<label fallback="161">$INFO[ListItem.Property(Artist_Formed)]</label>
					<textcolor>Text</textcolor>
					<scroll>true</scroll>
				</control>
				<control type="label">
					<left>550</left>
					<top>490</top>
					<width>285</width>
					<font>Medium_Bold</font>
					<label>$LOCALIZE[176]:</label>
					<textcolor>TextMedium</textcolor>
					<align>right</align>
				</control>
				<control type="label">
					<left>854</left>
					<top>490</top>
					<width>700</width>
					<font>Medium_Bold</font>
					<label fallback="161">$INFO[ListItem.Property(Artist_Style)]</label>
					<textcolor>Text</textcolor>
					<scroll>true</scroll>
				</control>
				<control type="label">
					<left>550</left>
					<top>528</top>
					<width>285</width>
					<font>Medium_Bold</font>
					<label>$LOCALIZE[175]:</label>
					<textcolor>TextMedium</textcolor>
					<align>right</align>
				</control>
				<control type="label">
					<left>854</left>
					<top>528</top>
					<width>700</width>
					<font>Medium_Bold</font>
					<label fallback="161">$INFO[ListItem.Property(Artist_Mood)]</label>
					<textcolor>Text</textcolor>
					<scroll>true</scroll>
				</control>
				<control type="label">
					<visible>!String.IsEmpty(ListItem.Property(Artist_Died))</visible>
					<left>550</left>
					<top>566</top>
					<width>285</width>
					<font>Medium_Bold</font>
					<label>$LOCALIZE[21897]</label>
					<textcolor>TextMedium</textcolor>
					<align>right</align>
				</control>
				<control type="label">
					<visible>!String.IsEmpty(ListItem.Property(Artist_Died))</visible>
					<left>854</left>
					<top>566</top>
					<width>700</width>
					<font>Medium_Bold</font>
					<label fallback="161">$INFO[ListItem.Property(Artist_Died)]</label>
					<textcolor>Text</textcolor>
					<scroll>true</scroll>
				</control>
				<control type="image">
					<left>272</left>
					<top>645</top>
					<width>1427</width>
					<height>195</height>
					<texture border="10,10,10,10">menu\library\panel-light.png</texture>
					<colordiffuse>LibraryPanelDiffuse</colordiffuse>
				</control>
				<control type="textbox">
					<left>150</left>
					<top>660</top>
					<width>1405</width>
					<height>165</height>
					<font>Medium_Bold</font>
					<label>$INFO[ListItem.Property(Artist_Description)]</label>
					<textcolor>Text</textcolor>
					<align>justify</align>
					<autoscroll time="3000" delay="4000" repeat="5000">true</autoscroll>
				</control>
			</control>
			<control type="list" id="50">
				<visible>Skin.HasSetting(Discography)</visible>
				<left>504</left>
				<top>250</top>
				<width>1014</width>
				<height>497</height>
				<onleft>200</onleft>
				<onright>60</onright>
				<onup>200</onup>
				<ondown>200</ondown>
				<pagecontrol>60</pagecontrol>
				<itemlayout width="1014" height="55">
					<control type="label">
						<visible>Container.Content(albums)</visible>
						<left>45</left>
						<top>0</top>
						<width>90</width>
						<height>55</height>
						<font>Medium_Bold</font>
						<label>$INFO[ListItem.TrackNumber].- </label>
						<textcolor>TextMedium</textcolor>
						<align>right</align>
						<aligny>center</aligny>
					</control>
					<control type="label">
						<visible>Container.Content(albums)</visible>
						<left>140</left>
						<top>0</top>
						<width>714</width>
						<height>55</height>
						<font>Medium_Bold</font>
						<label>$INFO[ListItem.Label][COLOR=TextMedium] $INFO[ListItem.Duration, (,)][/COLOR]</label>
						<textcolor>Text</textcolor>
						<scroll>true</scroll>
						<aligny>center</aligny>
					</control>
					<control type="label">
						<visible>Container.Content(artists)</visible>
						<left>45</left>
						<top>0</top>
						<width>130</width>
						<height>55</height>
						<font>Medium_Bold</font>
						<label>$INFO[ListItem.Label2,(,)]</label>
						<textcolor>TextMedium</textcolor>
						<align>right</align>
						<aligny>center</aligny>
					</control>
					<control type="label">
						<visible>Container.Content(artists)</visible>
						<left>190</left>
						<top>0</top>
						<width>714</width>
						<height>55</height>
						<font>Medium_Bold</font>
						<label>$INFO[ListItem.Label]</label>
						<textcolor>Text</textcolor>
						<scroll>true</scroll>
						<aligny>center</aligny>
					</control>
				</itemlayout>
				<focusedlayout width="1014" height="55">
					<control type="image">
						<left>45</left>
						<top>0</top>
						<width>970</width>
						<height>55</height>
						<texture border="4,5,6,8">controls\button_f.png</texture>
						<visible>Control.HasFocus(50)</visible>
					</control>
					<control type="label">
						<visible>Container.Content(albums)</visible>
						<left>45</left>
						<top>0</top>
						<width>90</width>
						<height>55</height>
						<font>Medium_Bold</font>
						<label>$INFO[ListItem.TrackNumber].- </label>
						<textcolor>TextMedium</textcolor>
						<align>right</align>
						<aligny>center</aligny>
					</control>
					<control type="label">
						<visible>Container.Content(albums)</visible>
						<left>140</left>
						<top>0</top>
						<width>714</width>
						<height>55</height>
						<font>Medium_Bold</font>
						<label>$INFO[ListItem.Label][COLOR=TextMedium] $INFO[ListItem.Duration, (,)][/COLOR]</label>
						<textcolor>Text</textcolor>
						<scroll>true</scroll>
						<aligny>center</aligny>
					</control>
					<control type="label">
						<visible>Container.Content(artists)</visible>
						<left>45</left>
						<top>0</top>
						<width>130</width>
						<height>55</height>
						<font>Medium_Bold</font>
						<label>$INFO[ListItem.Label2,(,)]</label>
						<textcolor>TextMedium</textcolor>
						<align>right</align>
						<aligny>center</aligny>
					</control>
					<control type="label">
						<visible>Container.Content(artists)</visible>
						<left>190</left>
						<top>0</top>
						<width>714</width>
						<height>55</height>
						<font>Medium_Bold</font>
						<label>$INFO[ListItem.Label]</label>
						<textcolor>Text</textcolor>
						<scroll>true</scroll>
						<aligny>center</aligny>
					</control>
				</focusedlayout>
			</control>
			<control type="group">
				<visible>Control.IsVisible(50)</visible>
				<visible>!Container.Content(songs)</visible>
				<control type="image">
					<left>1532</left>
					<top>266</top>
					<width>60</width>
					<height>60</height>
					<texture>menu\nav\nav_arrow_up_NF.png</texture>
					<animation effect="fade" time="600">Visible</animation>
					<visible>!Container(50).OnPrevious</visible>
				</control>
				<control type="image">
					<left>1532</left>
					<top>266</top>
					<width>60</width>
					<height>60</height>
					<texture>menu\nav\nav_arrow_up_FO.png</texture>
					<animation type="Hidden" reversible="false">
						<effect type="slide" start="0,-15" end="0" center="auto" time="300"/>
						<effect type="fade" start="100" end="0" time="300"/>
					</animation>
					<visible>Container(50).OnPrevious</visible>
				</control>
				<control type="scrollbar" id="60">
					<left>1554</left>
					<top>326</top>
					<width>15</width>
					<height>384</height>
					<onleft>50</onleft>
					<onright>200</onright>
				</control>
				<control type="image">
					<left>1532</left>
					<top>710</top>
					<width>60</width>
					<height>60</height>
					<texture>menu\nav\nav_arrow_down_NF.png</texture>
					<animation effect="fade" time="600">Visible</animation>
					<visible>!Container(50).OnNext</visible>
				</control>
				<control type="image">
					<left>1532</left>
					<top>710</top>
					<width>60</width>
					<height>60</height>
					<texture>menu\nav\nav_arrow_down_FO.png</texture>
					<animation type="Hidden" reversible="false">
						<effect type="slide" start="0,15" end="0" center="auto" time="300"/>
						<effect type="fade" start="100" end="0" time="300"/>
					</animation>
					<visible>Container(50).OnNext</visible>
				</control>
				<control type="label">
					<left>519</left>
					<top>800</top>
					<width>1014</width>
					<font>Medium</font>
					<scroll>true</scroll>
					<align>right</align>
					<label>$INFO[Container(50).CurrentItem] $LOCALIZE[20163] $INFO[Container(50).NumItems] $LOCALIZE[50129] - $LOCALIZE[50130] $INFO[Container(50).CurrentPage] $LOCALIZE[20163] $INFO[Container(50).NumPages]</label>
				</control>
			</control>
			<control type="grouplist" id="200">
				<left>0</left>
				<top>878</top>
				<width>1726</width>
				<height>69</height>
				<onleft>200</onleft>
				<onright>200</onright>
				<onup>50</onup>
				<ondown>50</ondown>
				<itemgap>5</itemgap>
				<align>center</align>
				<orientation>horizontal</orientation>
				<control type="radiobutton" id="319">
					<label>$LOCALIZE[10523]</label>
					<width>350</width>
					<height>69</height>
					<textoffsetx>22</textoffsetx>
					<align>center</align>
					<font>Default</font>
					<texturefocus border="4,5,6,8">controls\button_f.png</texturefocus>
					<texturenofocus border="4,5,6,8">controls\button_nf.png</texturenofocus>
					<textureradioonfocus>controls\radiobuton_f.png</textureradioonfocus>
					<textureradioonnofocus>controls\radiobuton_nf.png</textureradioonnofocus>
					<onclick>Skin.ToggleSetting(Discography)</onclick>
					<visible>Skin.HasSetting(Discography)</visible>
					<visible>String.IsEqual(ListItem.DBType,album)</visible>
					<pulseonselect>false</pulseonselect>
				</control>
				<control type="radiobutton" id="329">
					<label>$LOCALIZE[182]</label>
					<width>350</width>
					<height>69</height>
					<align>center</align>
					<textoffsetx>22</textoffsetx>
					<font>Default</font>
					<texturefocus border="4,5,6,8">controls\button_f.png</texturefocus>
					<texturenofocus border="4,5,6,8">controls\button_nf.png</texturenofocus>
					<textureradioonfocus>controls\radiobuton_f.png</textureradioonfocus>
					<textureradioonnofocus>controls\radiobuton_nf.png</textureradioonnofocus>
					<onclick>Skin.ToggleSetting(Discography)</onclick>
					<visible>!Skin.HasSetting(Discography)</visible>
					<visible>String.IsEqual(ListItem.DBType,album)</visible>
					<pulseonselect>false</pulseonselect>
				</control>
				<control type="radiobutton" id="339">
					<label>$LOCALIZE[21887]</label>
					<width>350</width>
					<height>69</height>
					<textoffsetx>22</textoffsetx>
					<align>center</align>
					<font>Default</font>
					<texturefocus border="4,5,6,8">controls\button_f.png</texturefocus>
					<texturenofocus border="4,5,6,8">controls\button_nf.png</texturenofocus>
					<textureradioonfocus>controls\radiobuton_f.png</textureradioonfocus>
					<textureradioonnofocus>controls\radiobuton_nf.png</textureradioonnofocus>
					<onclick>Skin.ToggleSetting(Discography)</onclick>
					<visible>Skin.HasSetting(Discography)</visible>
					<visible>String.IsEqual(ListItem.DBType,artist)</visible>
					<pulseonselect>false</pulseonselect>
				</control>
				<control type="radiobutton" id="349">
					<label>$LOCALIZE[21888]</label>
					<width>350</width>
					<height>69</height>
					<align>center</align>
					<textoffsetx>22</textoffsetx>
					<font>Default</font>
					<texturefocus border="4,5,6,8">controls\button_f.png</texturefocus>
					<texturenofocus border="4,5,6,8">controls\button_nf.png</texturenofocus>
					<textureradioonfocus>controls\radiobuton_f.png</textureradioonfocus>
					<textureradioonnofocus>controls\radiobuton_nf.png</textureradioonnofocus>
					<onclick>Skin.ToggleSetting(Discography)</onclick>
					<visible>!Skin.HasSetting(Discography)</visible>
					<visible>String.IsEqual(ListItem.DBType,artist)</visible>
					<pulseonselect>false</pulseonselect>
				</control>
				<control type="button" id="6">
					<description>Refresh</description>
					<height>69</height>
					<width>275</width>
					<label>184</label>
					<align>center</align>
				</control>
				<control type="button" id="10">
					<description>Album Thumb</description>
					<height>69</height>
					<width>275</width>
					<label>13405</label>
					<align>center</align>
				</control>
				<control type="button" id="12">
					<description>Album</description>
					<height>69</height>
					<width>350</width>
					<label>20413</label>
					<align>center</align>
				</control>
				<control type="button" id="7">
					<description>Set rating</description>
					<height>69</height>
					<width>275</width>
					<label>38023</label>
					<align>center</align>
				</control>
			</control>
		</control>
		<include>Debug</include>
	</controls>
</window>