<?xml version="1.0" encoding="utf-8"?>
<window>
    <include>Fade_In_WindowOpen</include>
    <include>Fade_Out_WindowClose</include>
    <defaultcontrol>9000</defaultcontrol>
    <coordinates>
        <system>1</system>
        <left>0</left>
        <top>0</top>
    </coordinates>
    <controls>
        <control type="image">
            <left>0</left>
            <top>0</top>
            <width>1920</width>
            <height>1080</height>
            <texture>filter_keyboard_shadow.png</texture>
        </control>
        <control type="group">
            <left>620</left>
            <top>147</top>
            <width>784</width>
            <height>484</height>
            <include>Zoom_In_WindowOpen</include>
            <include>Zoom_Out_WindowClose</include>
            <control type="image">
                <left>0</left>
                <top>0</top>
                <width>680</width>
                <height>784</height>
                <texture>dialogs\dialog-background-power.png</texture>
            </control>
            <control type="image">
                <left>291</left>
                <top>90</top>
                <width>96</width>
                <height>96</height>
                <texture>dialogs\power-dialog-icon.png</texture>
            </control>
            <control type="grouplist" id="9000">
                <left>90</left>
                <top>195</top>
                <width>500</width>
                <height>483</height>
                <itemgap>0</itemgap>
                <align>center</align>
                <pagecontrol></pagecontrol>
                <usecontrolcoords>true</usecontrolcoords>
                <onleft>9000</onleft>
                <onright>9000</onright>
                <onup>9000</onup>
                <ondown>9000</ondown>
                <control type="button" id="99">
                    <description>Log Off</description>
                    <visible>System.HasLoginScreen</visible>
                    <visible>System.Loggedon</visible>
                    <label>$LOCALIZE[20126] $INFO[system.profilename]</label>
                    <left>45</left>
                    <top>0</top>
                    <width>410</width>
                    <height>69</height>
                    <font>Default</font>
                    <textoffsetx>22</textoffsetx>
                    <align>center</align>
                    <texturefocus border="4,5,6,8">controls\button_power_f.png</texturefocus>
                    <texturenofocus border="4,5,6,8">controls\button_nf.png</texturenofocus>
                    <pulseonselect>false</pulseonselect>
                    <onclick>dialog.close(all,true)</onclick>
                    <onclick>system.logoff</onclick>
                </control>
                <control type="button" id="100">
                    <description>Dashboard</description>
                    <label>$LOCALIZE[13006]</label>
                    <left>45</left>
                    <top>0</top>
                    <width>410</width>
                    <height>69</height>
                    <font>Default</font>
                    <textoffsetx>22</textoffsetx>
                    <align>center</align>
                    <texturefocus border="4,5,6,8">controls\button_power_f.png</texturefocus>
                    <texturenofocus border="4,5,6,8">controls\button_nf.png</texturenofocus>
                    <pulseonselect>false</pulseonselect>
                    <onclick>dialog.close(all,true)</onclick>
                    <onclick>Quit()</onclick>
                    <visible>System.Platform.Xbox </visible>
                </control>
                <control type="button" id="101">
                    <description>Exit Kodi</description>
                    <label>$LOCALIZE[13012] $LOCALIZE[50027]</label>
                    <left>45</left>
                    <top>0</top>
                    <width>410</width>
                    <height>69</height>
                    <font>Default</font>
                    <textoffsetx>22</textoffsetx>
                    <align>center</align>
                    <texturefocus border="4,5,6,8">controls\button_power_f.png</texturefocus>
                    <texturenofocus border="4,5,6,8">controls\button_nf.png</texturenofocus>
                    <pulseonselect>false</pulseonselect>
                    <onclick>dialog.close(all,true)</onclick>
                    <onclick>Quit()</onclick>
                    <visible>!System.Platform.Xbox </visible>
                </control>
                <control type="button" id="102">
                    <description>Restart Kodi</description>
                    <label>$LOCALIZE[50028]</label>
                    <left>45</left>
                    <top>0</top>
                    <width>410</width>
                    <height>69</height>
                    <font>Default</font>
                    <textoffsetx>22</textoffsetx>
                    <align>center</align>
                    <texturefocus border="4,5,6,8">controls\button_power_f.png</texturefocus>
                    <texturenofocus border="4,5,6,8">controls\button_nf.png</texturenofocus>
                    <pulseonselect>false</pulseonselect>
                    <onclick>RestartApp</onclick>
                </control>
                <control type="group" id="104">
                    <height>69</height>
                    <width>500</width>
                    <defaultcontrol always="true">205</defaultcontrol>
                    <control type="button" id="200">
                        <description>30min ShutdownTimer button</description>
                        <label>20147</label>
                        <left>45</left>
                        <top>0</top>
                        <width>410</width>
                        <height>69</height>
                        <font></font>
                        <texturefocus></texturefocus>
                        <texturenofocus></texturenofocus>
                        <pulseonselect>false</pulseonselect>
                        <onleft>205</onleft>
                        <onright>201</onright>
                        <onup>102</onup>
                        <ondown>105</ondown>
                        <onclick>AlarmClock(shutdowntimer,Shutdown(),30)</onclick>
                    </control>
                    <control type="button" id="201">
                        <description>60min ShutdownTimer button</description>
                        <label>20148</label>
                        <left>45</left>
                        <top>0</top>
                        <width>410</width>
                        <height>69</height>
                        <font></font>
                        <texturefocus></texturefocus>
                        <texturenofocus></texturenofocus>
                        <pulseonselect>false</pulseonselect>
                        <onleft>200</onleft>
                        <onright>202</onright>
                        <onup>102</onup>
                        <ondown>105</ondown>
                        <onclick>AlarmClock(shutdowntimer,Shutdown(),60)</onclick>
                    </control>
                    <control type="button" id="202">
                        <description>120min ShutdownTimer button</description>
                        <label>20149</label>
                        <left>45</left>
                        <top>0</top>
                        <width>410</width>
                        <height>69</height>
                        <font></font>
                        <texturefocus></texturefocus>
                        <texturenofocus></texturenofocus>
                        <pulseonselect>false</pulseonselect>
                        <onleft>201</onleft>
                        <onright>203</onright>
                        <onup>102</onup>
                        <ondown>105</ondown>
                        <onclick>AlarmClock(shutdowntimer,Shutdown(),120)</onclick>
                    </control>
                    <control type="button" id="203">
                        <description>Custom ShutdownTimer button</description>
                        <label>20150</label>
                        <left>45</left>
                        <top>0</top>
                        <width>410</width>
                        <height>69</height>
                        <font></font>
                        <texturefocus></texturefocus>
                        <texturenofocus></texturenofocus>
                        <pulseonselect>false</pulseonselect>
                        <onleft>202</onleft>
                        <onright>204</onright>
                        <onup>102</onup>
                        <ondown>105</ondown>
                        <onclick>AlarmClock(shutdowntimer,Shutdown())</onclick>
                    </control>
                    <control type="button" id="204">
                        <description>Cancel ShutdownTimer button</description>
                        <label>20151</label>
                        <left>45</left>
                        <top>0</top>
                        <width>410</width>
                        <height>69</height>
                        <font></font>
                        <texturefocus></texturefocus>
                        <texturenofocus></texturenofocus>
                        <pulseonselect>false</pulseonselect>
                        <onleft>203</onleft>
                        <onright>205</onright>
                        <onup>102</onup>
                        <ondown>105</ondown>
                        <onclick>CancelAlarm(shutdowntimer)</onclick>
                    </control>
                    <control type="button" id="205">
                        <description>Shutdown</description>
                        <label>13005</label>
                        <left>45</left>
                        <top>0</top>
                        <width>410</width>
                        <height>69</height>
                        <font></font>
                        <texturefocus></texturefocus>
                        <texturenofocus></texturenofocus>
                        <pulseonselect>false</pulseonselect>
                        <onleft>204</onleft>
                        <onright>200</onright>
                        <onup>102</onup>
                        <ondown>105</ondown>
                        <onclick>PowerDown()</onclick>
                    </control>
                    <control type="image">
                        <description>Shutdown focus arrow left image</description>
                        <animation type="Conditional" condition="Control.HasFocus(205)" reversible="false" pulse="true">
                            <effect type="slide" start="0" end="8" tween="sine" easing="inout" time="600" />
                        </animation>
                        <left>0</left>
                        <top>18</top>
                        <width>33</width>
                        <height>33</height>
                        <texture>dialogs\arrow_left_f.png</texture>
                    </control>
                    <control type="image">
                        <description>Shutdown focus arrow right image</description>
                        <animation type="Conditional" condition="Control.HasFocus(205)" reversible="false" pulse="true">
                            <effect type="slide" start="0" end="-8" tween="sine" easing="inout" time="600" />
                        </animation>
                        <left>466</left>
                        <top>18</top>
                        <width>33</width>
                        <height>33</height>
                        <texture>dialogs\arrow_right_f.png</texture>
                    </control>
                    <control type="group">
                        <visible>Control.HasFocus(200) | Control.HasFocus(201) | Control.HasFocus(202) | Control.HasFocus(203) | Control.HasFocus(204) | Control.HasFocus(205)</visible>
                        <control type="image" id="206">
                            <description>Shutdown focus image</description>
                            <left>45</left>
                            <top>0</top>
                            <width>410</width>
                            <height>69</height>
                            <texture border="4,5,6,8">controls\button_power_f.png</texture>
                        </control>
                        <control type="label" id="3100">
                            <description>Label control</description>
                            <left>45</left>
                            <top>0</top>
                            <width>410</width>
                            <height>69</height>
                            <label/>
                            <align>center</align>
                            <aligny>center</aligny>
                            <font>Default</font>
                        </control>
                    </control>
                    <control type="group">
                        <visible>!Control.HasFocus(200) + !Control.HasFocus(201) + !Control.HasFocus(202) + !Control.HasFocus(203) + !Control.HasFocus(204) + !Control.HasFocus(205)</visible>
                        <control type="image" id="207">
                            <description>Shutdown no focus image</description>
                            <left>45</left>
                            <top>0</top>
                            <width>410</width>
                            <height>69</height>
                            <texture border="4,5,6,8">controls\button_nf.png</texture>
                        </control>
                        <control type="label">
                            <description>Label control</description>
                            <left>45</left>
                            <top>0</top>
                            <width>410</width>
                            <height>69</height>
                            <label>13005</label>
                            <align>center</align>
                            <aligny>center</aligny>
                            <font>Default</font>
                        </control>
                    </control>
                </control>
                <control type="button" id="105">
                    <description>Suspend</description>
                    <visible>!Skin.HasSetting(ShutdownUseHibernate)</visible>
                    <visible>System.CanSuspend</visible>
                    <label>13011</label>
                    <left>45</left>
                    <top>0</top>
                    <width>410</width>
                    <height>69</height>
                    <font>Default</font>
                    <textoffsetx>22</textoffsetx>
                    <align>center</align>
                    <texturefocus border="4,5,6,8">controls\button_power_f.png</texturefocus>
                    <texturenofocus border="4,5,6,8">controls\button_nf.png</texturenofocus>
                    <pulseonselect>false</pulseonselect>
                    <onclick>Suspend()</onclick>
                    <onclick>dialog.close(all,true)</onclick>
                </control>
                <control type="button" id="106">
                    <description>Hibernate</description>
                    <visible>Skin.HasSetting(ShutdownUseHibernate)</visible>
                    <visible>System.CanHibernate</visible>
                    <label>13010</label>
                    <left>45</left>
                    <top>0</top>
                    <width>410</width>
                    <height>69</height>
                    <font>Default</font>
                    <textoffsetx>22</textoffsetx>
                    <align>center</align>
                    <texturefocus border="4,5,6,8">controls\button_power_f.png</texturefocus>
                    <texturenofocus border="4,5,6,8">controls\button_nf.png</texturenofocus>
                    <pulseonselect>false</pulseonselect>
                    <onclick>Hibernate()</onclick>
                    <onclick>dialog.close(all,true)</onclick>
                </control>
                <control type="button" id="107">
                    <description>Reboot</description>
                    <label>13013</label>
                    <left>45</left>
                    <top>0</top>
                    <width>410</width>
                    <height>69</height>
                    <font>Default</font>
                    <textoffsetx>22</textoffsetx>
                    <align>center</align>
                    <texturefocus border="4,5,6,8">controls\button_power_f.png</texturefocus>
                    <texturenofocus border="4,5,6,8">controls\button_nf.png</texturenofocus>
                    <pulseonselect>false</pulseonselect>
                    <onclick>Reset()</onclick>
                </control>
            </control>
        </control>
        <include>Debug</include>
    </controls>
</window>
