<?xml version="1.0" encoding="utf-8"?>
<window>
	<defaultcontrol always="true">200</defaultcontrol>
	<include>Fade_In_WindowOpen</include>
	<include>Fade_Out_WindowClose</include>
	<coordinates>
		<system>1</system>
		<left>0</left>
		<top>0</top>
	</coordinates>
	<controls>
		<control type="image">
			<left>0</left>
			<top>0</top>
			<width>1920</width>
			<height>1080</height>
			<texture>background2.png</texture>
		</control>
		<control type="group">
			<include>Zoom_In_WindowOpen</include>
			<include>Zoom_Out_WindowClose</include>
			<control type="group">
				<left>96</left>
				<top>52</top>
				<control type="image" id="359">
					<visible>!String.Contains(ListItem.Studio,/)</visible>
					<visible>!String.IsEmpty(ListItem.Studio)</visible>
					<left>-800</left>
					<top>-800</top>
					<width>1</width>
					<height>1</height>
					<texture fallback="empty.png">resource://resource.images.studios.white/$INFO[ListItem.Studio,,.png]</texture>
				</control>
				<control type="image">
					<description>background image</description>
					<left>0</left>
					<top>0</top>
					<width>1726</width>
					<height>1062</height>
					<texture>dialogs\dialog-background-verytall.png</texture>
				</control>
				<control type="group">
					<visible>Container.Content(Movies) | Container.Content(sets)</visible>
					<control type="group">
						<left>168</left>
						<top>111</top>
						<control type="image">
							<left>0</left>
							<top>0</top>
							<width>450</width>
							<height>662</height>
							<aspectratio align="center" scalediffuse="false">keep</aspectratio>
							<texture diffuse="dvdbox-diffuse.png"/>
							<info>ListItem.ActualIcon</info>
							<visible>String.IsEmpty(ListItem.Art(poster))</visible>
						</control>
						<control type="image">
							<left>0</left>
							<top>0</top>
							<width>450</width>
							<height>662</height>
							<aspectratio align="center" scalediffuse="false">scale</aspectratio>
							<texture diffuse="dvdbox-diffuse.png"/>
							<info>ListItem.Art(poster)</info>
							<visible>!String.IsEmpty(ListItem.Art(poster))</visible>
						</control>
						<control type="image">
							<top>0</top>
							<left>0</left>
							<width>450</width>
							<height>662</height>
							<texture colordiffuse="bbffffff">$VAR[watched_style]</texture>
							<visible>String.IsEqual(ListItem.Overlay,OverlayWatched.png)</visible>
							<aspectratio align="center" scalediffuse="false">scale</aspectratio>
						</control>
						<control type="image">
							<visible>!String.IsEmpty(ListItem.Art(poster))</visible>
							<left>0</left>
							<top>0</top>
							<width>450</width>
							<height>662</height>
							<texture>dvdbox-overlay.png</texture>
						</control>
					</control>
					<control type="grouplist">
						<left>680</left>
						<top>100</top>
						<width>905</width>
						<height>52</height>
						<itemgap>10</itemgap>
						<orientation>horizontal</orientation>
						<align>center</align>
						<control type="label">
							<visible>!String.IsEmpty(ListItem.Rating)</visible>
							<visible>!ListItem.IsCollection</visible>
							<width>auto</width>
							<height>52</height>
							<font>Library_Light_20</font>
							<textcolor>Text</textcolor>
							<label>[B]$INFO[ListItem.Rating,$LOCALIZE[563]: ,]        [/B]</label>
						</control>
						<control type="label">
							<visible>!String.IsEmpty(ListItem.UserRating)</visible>
							<width>auto</width>
							<height>52</height>
							<font>Library_Light_20</font>
							<textcolor>Text</textcolor>
							<label>[B]$LOCALIZE[38018]:[/B]</label>
							<align>right</align>
						</control>
						<control type="image">
							<visible>!String.IsEmpty(ListItem.UserRating)</visible>
							<width>288</width>
							<height>46</height>
							<aspectratio align="left" scalediffuse="false">keep</aspectratio>
							<texture>$INFO[ListItem.UserRating]rating.png</texture>
						</control>
					</control>
					<control type="label">
						<left>694</left>
						<top>174</top>
						<width>864</width>
						<height>52</height>
						<font>Library_Light_35</font>
						<textcolor>Text</textcolor>
						<label>[B]$INFO[ListItem.Title][/B]$INFO[ListItem.Year, (,)]</label>
						<align>center</align>
						<scroll>true</scroll>
					</control>
					<control type="label">
						<left>694</left>
						<top>270</top>
						<width>844</width>
						<height>52</height>
						<align>center</align>
						<font>Library_Light_20</font>
						<textcolor>Text</textcolor>
						<label>[B][CAPITALIZE]$INFO[ListItem.Director,,  -  ][/CAPITALIZE]$VAR[ItemDuration][/B]</label>
						<scroll>true</scroll>
					</control>
					<control type="grouplist">
						<left>634</left>
						<top>735</top>
						<width>975</width>
						<height>45</height>
						<itemgap>30</itemgap>
						<align>center</align>
						<orientation>horizontal</orientation>
						<include>MediaFlagsInfo</include>
					</control>
				</control>
				<control type="group">
					<visible>Container.Content(TVShows)</visible>
					<control type="group">
						<left>168</left>
						<top>111</top>
						<control type="image">
							<left>0</left>
							<top>0</top>
							<width>450</width>
							<height>662</height>
							<aspectratio align="center" scalediffuse="false">keep</aspectratio>
							<texture diffuse="dvdbox-diffuse.png"/>
							<info>ListItem.ActualIcon</info>
							<visible>String.IsEmpty(ListItem.Thumb)</visible>
						</control>
						<control type="image">
							<left>0</left>
							<top>0</top>
							<width>450</width>
							<height>662</height>
							<aspectratio align="center" scalediffuse="false">scale</aspectratio>
							<texture diffuse="dvdbox-diffuse.png"/>
							<info>ListItem.Art(poster)</info>
							<visible>!String.IsEmpty(ListItem.Art(poster))</visible>
						</control>
						<control type="image">
							<top>0</top>
							<left>0</left>
							<width>450</width>
							<height>662</height>
							<texture colordiffuse="bbffffff">$VAR[watched_style]</texture>
							<visible>String.IsEqual(ListItem.Overlay,OverlayWatched.png)</visible>
							<aspectratio align="center" scalediffuse="false">scale</aspectratio>
						</control>
						<control type="image">
							<left>0</left>
							<top>0</top>
							<width>450</width>
							<height>662</height>
							<texture>dvdbox-overlay.png</texture>
						</control>
					</control>
					<control type="grouplist">
						<left>680</left>
						<top>85</top>
						<width>905</width>
						<height>52</height>
						<itemgap>10</itemgap>
						<orientation>horizontal</orientation>
						<align>center</align>
						<control type="label">
							<visible>!String.IsEmpty(ListItem.Rating)</visible>
							<width>auto</width>
							<height>52</height>
							<font>Library_Light_20</font>
							<textcolor>Text</textcolor>
							<label>[B]$INFO[ListItem.Rating,$LOCALIZE[563]: ,]        [/B]</label>
						</control>
						<control type="label">
							<visible>!String.IsEmpty(ListItem.UserRating)</visible>
							<width>auto</width>
							<height>52</height>
							<font>Library_Light_20</font>
							<textcolor>Text</textcolor>
							<label>[B]$LOCALIZE[38018]:[/B]</label>
							<align>right</align>
						</control>
						<control type="image">
							<visible>!String.IsEmpty(ListItem.UserRating)</visible>
							<width>288</width>
							<height>46</height>
							<aspectratio align="left" scalediffuse="false">keep</aspectratio>
							<texture>$INFO[ListItem.UserRating]rating.png</texture>
						</control>
					</control>
					<control type="textbox">
						<left>694</left>
						<top>134</top>
						<width>864</width>
						<height>122</height>
						<font>Library_Light_35</font>
						<textcolor>Text</textcolor>
						<label>[B]$INFO[ListItem.TVShowTitle] $INFO[ListItem.Year, (,)][/B]</label>
						<align>center</align>
						<aligny>center</aligny>
						<scrolltime>200</scrolltime>
						<autoscroll delay="1500" time="1000" repeat="1500">true</autoscroll>
					</control>
					<control type="label">
						<left>694</left>
						<top>270</top>
						<width>864</width>
						<height>52</height>
						<font>Library_Normal_24</font>
						<textcolor>Text</textcolor>
						<label>$INFO[ListItem.Season,$LOCALIZE[33054]: , ]   -   $INFO[ListItem.Property(WatchedEpisodes)]$INFO[ListItem.Property(TotalEpisodes), $LOCALIZE[1443] , $LOCALIZE[50161]]</label>
						<align>center</align>
						<scroll>true</scroll>
					</control>
					<control type="grouplist">
						<left>634</left>
						<top>735</top>
						<width>975</width>
						<height>45</height>
						<itemgap>30</itemgap>
						<align>center</align>
						<orientation>horizontal</orientation>
						<include>MediaFlagsInfo</include>
					</control>
				</control>
				<control type="group">
					<visible>Container.Content(Episodes)</visible>
					<control type="group">
						<left>168</left>
						<top>357</top>
						<control type="image">
							<left>0</left>
							<top>0</top>
							<width>447</width>
							<height>252</height>
							<aspectratio align="center" scalediffuse="false">keep</aspectratio>
							<texture diffuse="episode-diffuse.png"/>
							<info>ListItem.ActualIcon</info>
							<visible>String.IsEmpty(ListItem.Thumb)</visible>
						</control>
						<control type="image">
							<left>0</left>
							<top>0</top>
							<width>447</width>
							<height>252</height>
							<aspectratio align="center" scalediffuse="false">scale</aspectratio>
							<texture diffuse="episode-diffuse.png"/>
							<info>ListItem.Thumb</info>
							<visible>!String.IsEmpty(ListItem.Thumb)</visible>
						</control>
						<control type="image">
							<top>0</top>
							<left>0</left>
							<width>447</width>
							<height>252</height>
							<texture colordiffuse="bbffffff">$VAR[watched_style]</texture>
							<visible>String.IsEqual(ListItem.Overlay,OverlayWatched.png)</visible>
							<aspectratio align="center" scalediffuse="false">scale</aspectratio>
						</control>
						<control type="image">
							<left>0</left>
							<top>0</top>
							<width>447</width>
							<height>252</height>
							<texture>episode-overlay.png</texture>
						</control>
					</control>
					<control type="grouplist">
						<left>168</left>
						<top>85</top>
						<width>1390</width>
						<height>52</height>
						<itemgap>10</itemgap>
						<orientation>horizontal</orientation>
						<align>center</align>
						<control type="label">
							<visible>!String.IsEmpty(ListItem.Rating)</visible>
							<width>auto</width>
							<height>52</height>
							<font>Library_Light_20</font>
							<textcolor>Text</textcolor>
							<label>[B]$INFO[ListItem.Rating,$LOCALIZE[563]: ,]        [/B]</label>
						</control>
						<control type="label">
							<visible>!String.IsEmpty(ListItem.UserRating)</visible>
							<width>auto</width>
							<height>52</height>
							<font>Library_Light_20</font>
							<textcolor>Text</textcolor>
							<label>[B]$LOCALIZE[38018]:[/B]</label>
							<align>right</align>
						</control>
						<control type="image">
							<visible>!String.IsEmpty(ListItem.UserRating)</visible>
							<width>288</width>
							<height>46</height>
							<aspectratio align="left" scalediffuse="false">keep</aspectratio>
							<texture>$INFO[ListItem.UserRating]rating.png</texture>
						</control>
					</control>
					<control type="textbox">
						<left>168</left>
						<top>125</top>
						<width>1390</width>
						<height>130</height>
						<font>Library_Light_35</font>
						<textcolor>Text</textcolor>
						<label>[B]$INFO[ListItem.Episode,,. ]$INFO[ListItem.Title][/B]</label>
						<align>center</align>
						<aligny>center</aligny>
						<scrolltime>200</scrolltime>
						<autoscroll delay="1500" time="1000" repeat="1500">true</autoscroll>
					</control>
					<control type="label">
						<left>168</left>
						<top>258</top>
						<width>1390</width>
						<height>52</height>
						<font>Library_Light_28</font>
						<textcolor>Text</textcolor>
						<label>[B]$INFO[ListItem.TVShowTitle]$INFO[ListItem.Season, - $LOCALIZE[20373] ][/B]</label>
						<align>center</align>
						<scroll>true</scroll>
					</control>
					<control type="label">
						<left>168</left>
						<top>660</top>
						<width>447</width>
						<height>52</height>
						<align>center</align>
						<font>Library_Light_20</font>
						<textcolor>Text</textcolor>
						<label>[B]$VAR[ItemDuration,$LOCALIZE[180]: ,][/B]</label>
					</control>
					<control type="label">
						<left>168</left>
						<top>730</top>
						<width>447</width>
						<height>52</height>
						<align>center</align>
						<font>Library_Light_20</font>
						<textcolor>Text</textcolor>
						<label>[B]$INFO[ListItem.Date,$LOCALIZE[20416]: ][/B]</label>
					</control>
					<control type="grouplist">
						<left>634</left>
						<top>735</top>
						<width>975</width>
						<height>45</height>
						<itemgap>30</itemgap>
						<align>center</align>
						<orientation>horizontal</orientation>
						<include>MediaFlagsInfo</include>
					</control>
				</control>
				<control type="group">
					<visible>Container.Content(MusicVideos)</visible>
					<control type="group">
						<left>168</left>
						<top>357</top>
						<control type="image">
							<left>0</left>
							<top>0</top>
							<width>447</width>
							<height>252</height>
							<aspectratio align="center" scalediffuse="false">keep</aspectratio>
							<texture diffuse="episode-diffuse.png"/>
							<info>ListItem.ActualIcon</info>
							<visible>String.IsEmpty(ListItem.Thumb)</visible>
						</control>
						<control type="image">
							<left>0</left>
							<top>0</top>
							<width>447</width>
							<height>252</height>
							<aspectratio align="center" scalediffuse="false">scale</aspectratio>
							<texture diffuse="episode-diffuse.png"/>
							<info>ListItem.Thumb</info>
							<visible>!String.IsEmpty(ListItem.Thumb)</visible>
						</control>
						<control type="image">
							<top>0</top>
							<left>0</left>
							<width>447</width>
							<height>252</height>
							<texture colordiffuse="bbffffff">$VAR[watched_style]</texture>
							<visible>String.IsEqual(ListItem.Overlay,OverlayWatched.png)</visible>
							<aspectratio align="center" scalediffuse="false">scale</aspectratio>
						</control>
						<control type="image">
							<left>0</left>
							<top>0</top>
							<width>447</width>
							<height>252</height>
							<texture>episode-overlay.png</texture>
						</control>
					</control>
					<control type="grouplist">
						<left>168</left>
						<top>66</top>
						<width>1390</width>
						<height>52</height>
						<itemgap>10</itemgap>
						<orientation>horizontal</orientation>
						<align>center</align>
						<control type="label">
							<visible>!String.IsEmpty(ListItem.Rating)</visible>
							<width>auto</width>
							<height>52</height>
							<font>Library_Light_20</font>
							<textcolor>Text</textcolor>
							<label>[B]$INFO[ListItem.Rating,$LOCALIZE[563]: ,]        [/B]</label>
						</control>
						<control type="label">
							<visible>!String.IsEmpty(ListItem.UserRating)</visible>
							<width>auto</width>
							<height>52</height>
							<font>Library_Light_20</font>
							<textcolor>Text</textcolor>
							<label>[B]$LOCALIZE[38018]:[/B]</label>
							<align>right</align>
						</control>
						<control type="image">
							<visible>!String.IsEmpty(ListItem.UserRating)</visible>
							<width>288</width>
							<height>46</height>
							<aspectratio align="left" scalediffuse="false">keep</aspectratio>
							<texture>$INFO[ListItem.UserRating]rating.png</texture>
						</control>
					</control>
					<control type="label">
						<left>168</left>
						<top>112</top>
						<width>1390</width>
						<height>52</height>
						<font>Library_Light_35</font>
						<textcolor>Text</textcolor>
						<label>[B]$INFO[ListItem.Title][/B]</label>
						<align>center</align>
						<scroll>true</scroll>
					</control>
					<control type="label">
						<left>168</left>
						<top>188</top>
						<width>1390</width>
						<height>52</height>
						<font>Library_Light_28</font>
						<textcolor>Text</textcolor>
						<label>[B]$INFO[ListItem.Artist][/B]</label>
						<align>center</align>
						<scroll>true</scroll>
					</control>
					<control type="label">
						<left>168</left>
						<top>258</top>
						<width>1390</width>
						<height>52</height>
						<font>Library_Light_28</font>
						<textcolor>Text</textcolor>
						<label>[B]$INFO[ListItem.Album][/B]$INFO[ListItem.Year, (,)]</label>
						<align>center</align>
						<scroll>true</scroll>
					</control>
					<control type="fadelabel">
						<left>168</left>
						<top>730</top>
						<width>447</width>
						<height>52</height>
						<font>Library_Light_20</font>
						<textcolor>Text</textcolor>
						<label>[B]$INFO[ListItem.Studio][/B]</label>
						<scroll>true</scroll>
					</control>
					<control type="label">
						<left>168</left>
						<top>660</top>
						<width>447</width>
						<height>52</height>
						<align>center</align>
						<font>Library_Light_20</font>
						<textcolor>Text</textcolor>
						<label>[B]$VAR[ItemDuration,$LOCALIZE[180]: ,][/B]</label>
					</control>
					<control type="grouplist">
						<left>684</left>
						<top>735</top>
						<width>975</width>
						<height>45</height>
						<itemgap>30</itemgap>
						<align>center</align>
						<orientation>horizontal</orientation>
						<include>MediaFlagsInfo</include>
					</control>
				</control>
				<control type="group">
					<visible>!Control.IsVisible(50)</visible>
					<control type="image">
						<left>694</left>
						<top>333</top>
						<width>864</width>
						<height>360</height>
						<texture border="10,10,10,10">menu\library\panel-light.png</texture>
						<colordiffuse>LibraryPanelDiffuse</colordiffuse>
					</control>
					<control type="textbox">
						<left>726</left>
						<top>362</top>
						<width>807</width>
						<height>290</height>
						<font>Library_Normal_20</font>
						<textcolor>Text</textcolor>
						<label>$INFO[ListItem.Plot]</label>
						<align>left</align>
						<autoscroll time="3000" delay="4000" repeat="5000">true</autoscroll>
					</control>
				</control>
				<control type="panel" id="50">
					<left>694</left>
					<top>340</top>
					<width>864</width>
					<height>345</height>
					<onleft>200</onleft>
					<onright>200</onright>
					<onup>200</onup>
					<ondown>200</ondown>
					<viewtype label="">list</viewtype>
					<pagecontrol/>
					<scrolltime>200</scrolltime>
					<itemlayout height="69" width="864">
						<control type="image">
							<left>0</left>
							<top>0</top>
							<width>864</width>
							<height>69</height>
							<texture border="4,5,6,8">controls\button_nf.png</texture>
						</control>
						<control type="image">
							<left>15</left>
							<top>6</top>
							<width>52</width>
							<height>52</height>
							<aspectratio>keep</aspectratio>
							<texture>$INFO[ListItem.Icon]</texture>
						</control>
						<control type="label">
							<left>82</left>
							<top>6</top>
							<width>766</width>
							<height>52</height>
							<font>Default</font>
							<aligny>center</aligny>
							<selectedcolor>Highlight</selectedcolor>
							<textcolor>Text</textcolor>
							<align>left</align>
							<label>$INFO[ListItem.Label]$INFO[ListItem.Label2, $LOCALIZE[20347] ,]</label>
						</control>
					</itemlayout>
					<focusedlayout height="69" width="864">
						<control type="image">
							<left>0</left>
							<top>0</top>
							<width>864</width>
							<height>69</height>
							<texture border="4,5,6,8">controls\button_nf.png</texture>
							<visible>!Control.HasFocus(50)</visible>
						</control>
						<control type="image">
							<left>0</left>
							<top>0</top>
							<width>864</width>
							<height>69</height>
							<texture border="4,5,6,8">controls\button_f.png</texture>
							<visible>Control.HasFocus(50)</visible>
						</control>
						<control type="image">
							<left>15</left>
							<top>6</top>
							<width>52</width>
							<height>52</height>
							<aspectratio>keep</aspectratio>
							<texture>$INFO[ListItem.Icon]</texture>
						</control>
						<control type="label">
							<left>82</left>
							<top>6</top>
							<width>766</width>
							<height>52</height>
							<font>Default</font>
							<aligny>center</aligny>
							<selectedcolor>Highlight</selectedcolor>
							<textcolor>Text</textcolor>
							<align>left</align>
							<label>$INFO[ListItem.Label]$INFO[ListItem.Label2, $LOCALIZE[20347] ,]</label>
						</control>
					</focusedlayout>
				</control>
				<control type="grouplist" id="200">
					<left>0</left>
					<top>840</top>
					<width>1726</width>
					<height>69</height>
					<onleft>200</onleft>
					<onright>200</onright>
					<onup>50</onup>
					<ondown>50</ondown>
					<itemgap>5</itemgap>
					<align>center</align>
					<orientation>horizontal</orientation>
					<control type="togglebutton" id="8">
						<description>Play/Browse</description>
						<height>69</height>
						<width>215</width>
						<label>208</label>
						<altlabel>1024</altlabel>
						<align>center</align>
					</control>
					<control type="button" id="11">
						<description>Trailer</description>
						<height>69</height>
						<width>215</width>
						<label>20410</label>
						<align>center</align>
						<enable>!String.IsEmpty(ListItem.Trailer)</enable>
					</control>
					<control type="button" id="5">
						<description>Cast</description>
						<height>69</height>
						<width>215</width>
						<label>206</label>
						<align>center</align>
					</control>
					<control type="button" id="13">
						<description>Same director</description>
						<visible>String.IsEqual(ListItem.DBType,movie)</visible>
						<height>69</height>
						<width>215</width>
						<label>50172</label>
						<align>center</align>
					</control>
					<control type="button" id="10">
						<description>Choose Art</description>
						<height>69</height>
						<width>215</width>
						<label>13511</label>
						<align>center</align>
					</control>
					<control type="button" id="6">
						<description>Refresh</description>
						<height>69</height>
						<width>215</width>
						<label>184</label>
						<align>center</align>
					</control>
					<control type="button" id="7">
						<description>User Rating</description>
						<height>69</height>
						<width>215</width>
						<label>38023</label>
						<align>center</align>
					</control>
				</control>
			</control>
		</control>
		<include>Debug</include>
	</controls>
</window>
