<?xml version="1.0" encoding="utf-8"?>
<includes>
	<!-- Menu Common -->
	<include name="Menu_Layout">
		<focusposition>0</focusposition>
		<orientation>horizontal</orientation>
		<scrolltime>250</scrolltime>
		<itemlayout height="768" width="384">
			<control type="label">
				<left>0</left>
				<top>0</top>
				<width>255</width>
				<height>768</height>
				<font>Default</font>
				<align>center</align>
				<info>ListItem.label</info>
				<visible>false</visible>
			</control>
		</itemlayout>
		<focusedlayout height="768" width="384">
			<control type="label">
				<left>0</left>
				<top>0</top>
				<width>384</width>
				<height>768</height>
				<font>Default</font>
				<align>center</align>
				<info>ListItem.label</info>
				<visible>false</visible>
			</control>
		</focusedlayout>
	</include>
	<include name="Menu_Label">
		<control type="group">
			<visible>!Window.IsActive(1200)</visible>
			<visible>!Skin.HasSetting(Disable_Icon_Labels)</visible>
			<animation effect="fade" time="300">Visible</animation>
			<animation effect="fade" time="300">Hidden</animation>
			<animation effect="fade" time="300">WindowOpen</animation>
			<animation effect="fade" time="300">WindowClose</animation>
			<control type="label">
				<description>Current Selection</description>
				<left>-960</left>
				<top>470</top>
				<width>1920</width>
				<height>72</height>
				<align>center</align>
				<aligny>center</aligny>
				<font>Extra_Large</font>
				<label>$INFO[Container(9000).ListItem.Label]</label>
				<textcolor>TextSelectedItem</textcolor>
				<shadowcolor>TextShadow</shadowcolor>
			</control>
		</control>
	</include>
	<include name="Sub_HomeMenu">
		<control type="wraplist" id="9550">
			<left>-958</left>
			<top>-205</top>
			<height>220</height>
			<width>1920</width>
			<animation effect="fade" time="300">Hidden</animation>
			<animation effect="fade" time="300">WindowClose</animation>
			<onleft>9000</onleft>
			<onright>9000</onright>
			<onback>9000</onback>
			<focusposition>2</focusposition>
			<orientation>vertical</orientation>
			<scrolltime>250</scrolltime>
			<itemlayout height="55" width="1920">
				<control type="label">
					<visible>Control.HasFocus(9550)</visible>
					<animation type="Visible" reversible="false">
						<effect type="fade" start="0" end="100" tween="sine" easing="in" time="300"/>
						<effect type="slide" start="0,-800" end="0,0" tween="elastic" easing="out" time="300"/>
					</animation>
					<left>0</left>
					<top>0</top>
					<width>1920</width>
					<height>55</height>
					<font>Default</font>
					<align>center</align>
					<aligny>center</aligny>
					<textcolor>TextMedium</textcolor>
					<shadowcolor>TextShadow</shadowcolor>
					<label>$INFO[ListItem.label]</label>
				</control>
			</itemlayout>
			<focusedlayout height="55" width="1920">
				<control type="label">
					<visible>Control.HasFocus(9550)</visible>
					<animation type="Visible" reversible="false">
						<effect type="fade" start="0" end="100" tween="sine" easing="in" time="300"/>
						<effect type="slide" start="0,-800" end="0,0" tween="elastic" easing="out" time="300"/>
					</animation>
					<left>0</left>
					<top>0</top>
					<width>1920</width>
					<height>55</height>
					<font>Large</font>
					<align>center</align>
					<aligny>center</aligny>
					<shadowcolor>TextShadow</shadowcolor>
					<label>$INFO[ListItem.label]</label>
				</control>
			</focusedlayout>
			<content>
				<item>
					<label>20386</label>
					<onclick>ActivateWindow(Videos,RecentlyAddedMovies)</onclick>
					<visible>String.Contains(Container(9000).ListItem.Icon,icon_home_movie_library)</visible>
				</item>
				<item>
					<label>135</label>
					<onclick>ActivateWindow(Videos,MovieGenres)</onclick>
					<visible>String.Contains(Container(9000).ListItem.Icon,icon_home_movie_library)</visible>
				</item>
				<item>
					<label>369</label>
					<onclick>ActivateWindow(Videos,MovieTitles)</onclick>
					<visible>String.Contains(Container(9000).ListItem.Icon,icon_home_movie_library)</visible>
				</item>
				<item>
					<label>345</label>
					<onclick>ActivateWindow(Videos,MovieYears)</onclick>
					<visible>String.Contains(Container(9000).ListItem.Icon,icon_home_movie_library)</visible>
				</item>
				<item>
					<label>344</label>
					<onclick>ActivateWindow(Videos,MovieActors)</onclick>
					<visible>String.Contains(Container(9000).ListItem.Icon,icon_home_movie_library)</visible>
				</item>
				<item>
					<label>20348</label>
					<onclick>ActivateWindow(Videos,MovieDirectors)</onclick>
					<visible>String.Contains(Container(9000).ListItem.Icon,icon_home_movie_library)</visible>
				</item>
				<item>
					<label>20388</label>
					<onclick>ActivateWindow(Videos,MovieStudios)</onclick>
					<visible>String.Contains(Container(9000).ListItem.Icon,icon_home_movie_library)</visible>
				</item>
				<item>
					<label>20434</label>
					<onclick>ActivateWindow(Videos,MovieSets)</onclick>
					<visible>String.Contains(Container(9000).ListItem.Icon,icon_home_movie_library)</visible>
				</item>
				<item>
					<label>20451</label>
					<onclick>ActivateWindow(Videos,MovieCountries)</onclick>
					<visible>String.Contains(Container(9000).ListItem.Icon,icon_home_movie_library)</visible>
				</item>
				<item>
					<label>20459</label>
					<onclick>ActivateWindow(Videos,MovieTags)</onclick>
					<visible>String.Contains(Container(9000).ListItem.Icon,icon_home_movie_library)</visible>
				</item>
				<item>
					<label>10028</label>
					<onclick>ActivateWindow(special://videoplaylists/)</onclick>
					<visible>String.Contains(Container(9000).ListItem.Icon,icon_home_movie_library)</visible>
				</item>
				<item>
					<label>1037</label>
					<onclick>ActivateWindow(addons://sources/video/)</onclick>
					<visible>String.Contains(Container(9000).ListItem.Icon,icon_home_movie_library)</visible>
				</item>
				<item>
					<label>744</label>
					<onclick>ActivateWindow(sources://video/)</onclick>
					<visible>String.Contains(Container(9000).ListItem.Icon,icon_home_movie_library)</visible>
				</item>
				<item>
					<label>50164</label>
					<onclick>ActivateWindow(Videos,RecentlyAddedEpisodes)</onclick>
					<visible>String.Contains(Container(9000).ListItem.Icon,icon_home_tv_library)</visible>
				</item>
				<item>
					<label>626</label>
					<onclick>ActivateWindow(Videos,InProgressTvShows)</onclick>
					<visible>String.Contains(Container(9000).ListItem.Icon,icon_home_tv_library)</visible>
				</item>
				<item>
					<label>135</label>
					<onclick>ActivateWindow(Videos,TvShowGenres)</onclick>
					<visible>String.Contains(Container(9000).ListItem.Icon,icon_home_tv_library)</visible>
				</item>
				<item>
					<label>369</label>
					<onclick>ActivateWindow(Videos,TvShowTitles)</onclick>
					<visible>String.Contains(Container(9000).ListItem.Icon,icon_home_tv_library)</visible>
				</item>
				<item>
					<label>345</label>
					<onclick>ActivateWindow(Videos,TvShowYears)</onclick>
					<visible>String.Contains(Container(9000).ListItem.Icon,icon_home_tv_library)</visible>
				</item>
				<item>
					<label>344</label>
					<onclick>ActivateWindow(Videos,TvShowActors)</onclick>
					<visible>String.Contains(Container(9000).ListItem.Icon,icon_home_tv_library)</visible>
				</item>
				<item>
					<label>20388</label>
					<onclick>ActivateWindow(Videos,TvShowStudios)</onclick>
					<visible>String.Contains(Container(9000).ListItem.Icon,icon_home_tv_library)</visible>
				</item>
				<item>
					<label>50092</label>
					<onclick>ActivateWindow(Videos,RecentlyAddedMusicVideos)</onclick>
					<visible>String.Contains(Container(9000).ListItem.Icon,icon_home_videosmusic_library)</visible>
				</item>
				<item>
					<label>135</label>
					<onclick>ActivateWindow(Videos,MusicVideoGenres)</onclick>
					<visible>String.Contains(Container(9000).ListItem.Icon,icon_home_videosmusic_library)</visible>
				</item>
				<item>
					<label>369</label>
					<onclick>ActivateWindow(Videos,MusicVideoTitles)</onclick>
					<visible>String.Contains(Container(9000).ListItem.Icon,icon_home_videosmusic_library)</visible>
				</item>
				<item>
					<label>345</label>
					<onclick>ActivateWindow(Videos,MusicVideoYears)</onclick>
					<visible>String.Contains(Container(9000).ListItem.Icon,icon_home_videosmusic_library)</visible>
				</item>
				<item>
					<label>133</label>
					<onclick>ActivateWindow(Videos,MusicVideoArtists)</onclick>
					<visible>String.Contains(Container(9000).ListItem.Icon,icon_home_videosmusic_library)</visible>
				</item>
				<item>
					<label>132</label>
					<onclick>ActivateWindow(Videos,MusicVideoAlbums)</onclick>
					<visible>String.Contains(Container(9000).ListItem.Icon,icon_home_videosmusic_library)</visible>
				</item>
				<item>
					<label>20348</label>
					<onclick>ActivateWindow(Videos,MusicVideoDirectors)</onclick>
					<visible>String.Contains(Container(9000).ListItem.Icon,icon_home_videosmusic_library)</visible>
				</item>
				<item>
					<label>20388</label>
					<onclick>ActivateWindow(Videos,MusicVideoStudios)</onclick>
					<visible>String.Contains(Container(9000).ListItem.Icon,icon_home_videosmusic_library)</visible>
				</item>
				<item>
					<label>50099</label>
					<onclick>ActivateWindow(Music,RecentlyAddedAlbums)</onclick>
					<visible>String.Contains(Container(9000).ListItem.Icon,icon_home_music)</visible>
				</item>
				<item>
					<label>50100</label>
					<onclick>ActivateWindow(Music,RecentlyPlayedAlbums)</onclick>
					<visible>String.Contains(Container(9000).ListItem.Icon,icon_home_music)</visible>
				</item>
				<item>
					<label>135</label>
					<onclick>ActivateWindow(Music,Genres)</onclick>
					<visible>String.Contains(Container(9000).ListItem.Icon,icon_home_music)</visible>
				</item>
				<item>
					<label>133</label>
					<onclick>ActivateWindow(Music,Artists)</onclick>
					<visible>String.Contains(Container(9000).ListItem.Icon,icon_home_music)</visible>
				</item>
				<item>
					<label>132</label>
					<onclick>ActivateWindow(Music,Albums)</onclick>
					<visible>String.Contains(Container(9000).ListItem.Icon,icon_home_music)</visible>
				</item>
				<item>
					<label>134</label>
					<onclick>ActivateWindow(Music,Songs)</onclick>
					<visible>String.Contains(Container(9000).ListItem.Icon,icon_home_music)</visible>
				</item>
				<item>
					<label>50098</label>
					<onclick>ActivateWindow(Music,Top100)</onclick>
					<visible>String.Contains(Container(9000).ListItem.Icon,icon_home_music)</visible>
				</item>
				<item>
					<label>10504</label>
					<onclick>ActivateWindow(Music,Top100Songs)</onclick>
					<visible>String.Contains(Container(9000).ListItem.Icon,icon_home_music)</visible>
				</item>
				<item>
					<label>10505</label>
					<onclick>ActivateWindow(Music,Top100Albums)</onclick>
					<visible>String.Contains(Container(9000).ListItem.Icon,icon_home_music)</visible>
				</item>
				<item>
					<label>521</label>
					<onclick>ActivateWindow(Music,Compilations)</onclick>
					<visible>String.Contains(Container(9000).ListItem.Icon,icon_home_music)</visible>
				</item>
				<item>
					<label>1050</label>
					<onclick>ActivateWindow(Music,Singles)</onclick>
					<visible>String.Contains(Container(9000).ListItem.Icon,icon_home_music)</visible>
				</item>
				<item>
					<label>345</label>
					<onclick>ActivateWindow(Music,Years)</onclick>
					<visible>String.Contains(Container(9000).ListItem.Icon,icon_home_music)</visible>
				</item>
				<item>
					<label>10500</label>
					<onclick>ActivateWindow(special://musicplaylists/)</onclick>
					<visible>String.Contains(Container(9000).ListItem.Icon,icon_home_music)</visible>
				</item>
				<item>
					<label>1038</label>
					<onclick>ActivateWindow(addons://sources/audio/)</onclick>
					<visible>String.Contains(Container(9000).ListItem.Icon,icon_home_music)</visible>
				</item>
				<item>
					<label>744</label>
					<onclick>ActivateWindow(sources://music/)</onclick>
					<visible>String.Contains(Container(9000).ListItem.Icon,icon_home_music)</visible>
				</item>
			</content>
		</control>
	</include>
	<!-- Menu Standard Items -->
	<include name="Menu_Scripts">
		<item>
			<visible>!Skin.HasSetting(Disable_Scripts_Home_Icon)</visible>
			<icon>icon_home_settings.png</icon>
			<label>0</label>
			<onclick>ActivateWindow(AddonBrowser)</onclick>
		</item>
	</include>
	<include name="Menu_Music">
		<item>
			<visible>!Skin.HasSetting(Disable_Music_Home_Icon)</visible>
			<icon>icon_home_music.png</icon>
			<label>1211</label>
			<onclick>ActivateWindow(Music)</onclick>
		</item>
	</include>
	<include name="Menu_Videos">
		<item>
			<visible>!Skin.HasSetting(Disable_Videos_Home_Icon)</visible>
			<icon>icon_home_videos.png</icon>
			<label>1212</label>
			<onclick>ActivateWindow(Videos,root)</onclick>
		</item>
	</include>
	<include name="Menu_Play_DVD">
		<item>
			<visible>!Skin.HasSetting(Disable_Play_DVD_Home_Icon)</visible>
			<icon>icon_home_disc.png</icon>
			<label>[CAPITALIZE]$LOCALIZE[50066][/CAPITALIZE]</label>
			<onclick>PlayDVD</onclick>
			<visible>System.HasMediaDVD</visible>
		</item>
	</include>
	<include name="Menu_Tv_Library">
		<item>
			<visible>!Skin.HasSetting(Disable_Tv_Library_Home_Icon)</visible>
			<visible>Library.HasContent(TVShows)</visible>
			<icon>icon_home_tv_library.png</icon>
			<label>[CAPITALIZE]$LOCALIZE[50067][/CAPITALIZE]</label>
			<onclick>ActivateWindow(Videos,videodb://tvshows/titles/,return)</onclick>
		</item>
	</include>
	<include name="Menu_Movie_Library">
		<item>
			<visible>!Skin.HasSetting(Disable_Movie_Library_Home_Icon)</visible>
			<visible>Library.HasContent(Movies)</visible>
			<icon>icon_home_movie_library.png</icon>
			<label>[CAPITALIZE]$LOCALIZE[20342][/CAPITALIZE]</label>
			<onclick>ActivateWindow(Videos,videodb://movies/titles/,return)</onclick>
		</item>
	</include>
	<include name="Menu_Music_Video_Library">
		<item>
			<visible>!Skin.HasSetting(Disable_Music_Video_Library_Home_Icon)</visible>
			<visible>Library.HasContent(MusicVideos)</visible>
			<icon>icon_home_videosmusic_library.png</icon>
			<label>[CAPITALIZE]$LOCALIZE[50068][/CAPITALIZE]</label>
			<onclick>ActivateWindow(Videos,MusicVideoTitles)</onclick>
		</item>
	</include>
	<include name="Menu_Games">
		<item>
			<visible>!Skin.HasSetting(Disable_Games_Home_Icon)</visible>
			<icon>icon_home_games.png</icon>
			<label>10821</label>
			<onclick>ActivateWindow(games)</onclick>
		</item>
	</include>
	<include name="Menu_Pictures">
		<item>
			<visible>!Skin.HasSetting(Disable_Pictures_Home_Icon)</visible>
			<icon>icon_home_pictures.png</icon>
			<label>1213</label>
			<onclick>ActivateWindow(pictures)</onclick>
		</item>
	</include>
	<include name="Menu_FileManager">
		<item>
			<visible>!Skin.HasSetting(Disable_File_Manager_Home_Icon)</visible>
			<icon>icon_home_filemanager.png</icon>
			<label>7</label>
			<onclick>ActivateWindow(filemanager)</onclick>
		</item>
	</include>
	<include name="Menu_Weather">
		<item>
			<visible>!Skin.HasSetting(Disable_Weather_Home_Icon)</visible>
			<icon>icon_home_weather.png</icon>
			<label>8</label>
			<onclick>ActivateWindow(Weather)</onclick>
		</item>
	</include>
	<!-- Settings Items -->
	<include name="Menu_Icons">
		<control type="group">
			<left>0</left>
			<top>0</top>
			<!-- Home Scroller Icons - Counter Clockwise Mothion -->
			<control type="group" id="7001">
				<visible>Container(9000).OnPrevious</visible>
				<animation effect="slide" end="0,0" time="250" reversible="false">Hidden</animation>
				<!-- Show Far Left Icon On Move Previous -->
				<control type="group">
					<visible>Container(9000).OnPrevious</visible>
					<animation type="Hidden" reversible="false">
						<effect type="fade" start="0" end="100" time="250"/>
						<effect type="slide" start="0,0" end="258,0" time="250"/>
					</animation>
					<animation effect="fade" start="0" end="0" time="0" reversible="false">Visible</animation>
					<left>-1152</left>
					<top>82</top>
					<width>192</width>
					<height>384</height>
					<control type="image">
						<left>0</left>
						<top>0</top>
						<width>192</width>
						<height>192</height>
						<info>Container(9000).ListItem(-2).ActualIcon</info>
					</control>
					<control type="image">
						<left>0</left>
						<top>192</top>
						<width>192</width>
						<height>192</height>
						<texture flipy="true" diffuse="fade.png"/>
						<info>Container(9000).ListItem(-2).ActualIcon</info>
					</control>
				</control>
				<!-- Move Icon 1 To Icon 2 Position On Move Previous -->
				<control type="group">
					<visible>Container(9000).OnPrevious</visible>
					<animation effect="zoom" start="-894,82,192,384" end="-543,75,240,480" time="250" reversible="false">Hidden</animation>
					<left>-894</left>
					<top>82</top>
					<width>192</width>
					<height>384</height>
					<control type="image">
						<left>0</left>
						<top>0</top>
						<width>192</width>
						<height>192</height>
						<info>Container(9000).ListItem(-1).ActualIcon</info>
					</control>
					<control type="image">
						<left>0</left>
						<top>192</top>
						<width>192</width>
						<height>192</height>
						<texture flipy="true" diffuse="fade.png"/>
						<info>Container(9000).ListItem(-1).ActualIcon</info>
					</control>
				</control>
				<!-- Move Icon 2 To Icon 3 Position On Move Next -->
				<control type="group">
					<visible>Container(9000).OnPrevious</visible>
					<animation effect="zoom" start="-543,75,240,480" end="-192,0,384,768" time="250" reversible="false">Hidden</animation>
					<left>-543</left>
					<top>75</top>
					<width>240</width>
					<height>480</height>
					<control type="image">
						<left>0</left>
						<top>0</top>
						<width>240</width>
						<height>240</height>
						<info>Container(9000).ListItem(0).ActualIcon</info>
					</control>
					<control type="image">
						<left>0</left>
						<top>240</top>
						<width>240</width>
						<height>240</height>
						<texture flipy="true" diffuse="fade.png"/>
						<info>Container(9000).ListItem(0).ActualIcon</info>
					</control>
				</control>
				<!-- Move Icon 3 To Icon 4 Position On Move Previous -->
				<control type="group">
					<visible>Container(9000).OnPrevious</visible>
					<animation effect="zoom" start="-192,0,384,768" end="318,75,240,480" time="250" reversible="false">Hidden</animation>
					<left>-192</left>
					<top>0</top>
					<width>384</width>
					<height>768</height>
					<control type="image">
						<left>0</left>
						<top>0</top>
						<width>384</width>
						<height>384</height>
						<info>Container(9000).ListItem(1).ActualIcon</info>
					</control>
					<control type="image">
						<left>0</left>
						<top>384</top>
						<width>384</width>
						<height>384</height>
						<texture flipy="true" diffuse="fade.png"/>
						<info>Container(9000).ListItem(1).ActualIcon</info>
					</control>
				</control>
				<!-- Move Icon 4 To Icon 5 Position On Move Previous -->
				<control type="group">
					<visible>Container(9000).OnPrevious</visible>
					<animation effect="zoom" start="318,75,240,480" end="702,82,192,384" time="250" reversible="false">Hidden</animation>
					<left>318</left>
					<top>75</top>
					<width>240</width>
					<height>480</height>
					<control type="image">
						<left>0</left>
						<top>0</top>
						<width>240</width>
						<height>240</height>
						<info>Container(9000).ListItem(2).ActualIcon</info>
					</control>
					<control type="image">
						<left>0</left>
						<top>240</top>
						<width>240</width>
						<height>240</height>
						<texture flipy="true" diffuse="fade.png"/>
						<info>Container(9000).ListItem(2).ActualIcon</info>
					</control>
				</control>
				<!-- Hide Far Right Icon On Move Previous -->
				<control type="group">
					<visible>Container(9000).OnPrevious</visible>
					<animation type="Hidden" reversible="false">
						<effect type="fade" start="100" end="0" time="250"/>
						<effect type="slide" start="0,0" end="258,0" time="250"/>
					</animation>
					<left>702</left>
					<top>82</top>
					<width>192</width>
					<height>384</height>
					<control type="image">
						<left>0</left>
						<top>0</top>
						<width>192</width>
						<height>192</height>
						<info>Container(9000).ListItem(3).ActualIcon</info>
					</control>
					<control type="image">
						<left>0</left>
						<top>192</top>
						<width>192</width>
						<height>192</height>
						<texture flipy="true" diffuse="fade.png"/>
						<info>Container(9000).ListItem(3).ActualIcon</info>
					</control>
				</control>
			</control>
			<!-- Home Scroller Icons - Clockwise Mothion -->
			<control type="group" id="7002">
				<visible>Container(9000).OnNext</visible>
				<animation effect="slide" end="0,0" time="250" reversible="false">Hidden</animation>
				<!-- Hide Far Left Icon On Move Next -->
				<control type="group">
					<visible>Container(9000).OnNext</visible>
					<animation type="Hidden" reversible="false">
						<effect type="fade" start="100" end="0" time="250"/>
						<effect type="slide" start="0,0" end="-258,0" time="250"/>
					</animation>
					<left>-894</left>
					<top>82</top>
					<width>192</width>
					<height>384</height>
					<control type="image">
						<left>0</left>
						<top>0</top>
						<width>192</width>
						<height>192</height>
						<info>Container(9000).ListItem(-3).ActualIcon</info>
					</control>
					<control type="image">
						<left>0</left>
						<top>192</top>
						<width>192</width>
						<height>192</height>
						<texture flipy="true" diffuse="fade.png"/>
						<info>Container(9000).ListItem(-3).ActualIcon</info>
					</control>
				</control>
				<!-- Move Icon 2 To Icon 1 Position On Move Next -->
				<control type="group">
					<visible>Container(9000).OnNext</visible>
					<animation effect="zoom" start="-543,75,240,480" end="-894,82,192,384" time="250" reversible="false">Hidden</animation>
					<left>-543</left>
					<top>75</top>
					<width>240</width>
					<height>480</height>
					<control type="image">
						<left>0</left>
						<top>0</top>
						<width>240</width>
						<height>240</height>
						<info>Container(9000).ListItem(-2).ActualIcon</info>
					</control>
					<control type="image">
						<left>0</left>
						<top>240</top>
						<width>240</width>
						<height>240</height>
						<texture flipy="true" diffuse="fade.png"/>
						<info>Container(9000).ListItem(-2).ActualIcon</info>
					</control>
				</control>
				<!-- Move Icon 3 To Icon 2 Position On Move Next -->
				<control type="group">
					<visible>Container(9000).OnNext</visible>
					<animation effect="zoom" start="-192,0,384,768" end="-543,75,240,480" time="250" reversible="false">Hidden</animation>
					<left>-192</left>
					<top>0</top>
					<width>384</width>
					<height>768</height>
					<control type="image">
						<left>0</left>
						<top>0</top>
						<width>384</width>
						<height>384</height>
						<info>Container(9000).ListItem(-1).ActualIcon</info>
					</control>
					<control type="image">
						<left>0</left>
						<top>384</top>
						<width>384</width>
						<height>384</height>
						<texture flipy="true" diffuse="fade.png"/>
						<info>Container(9000).ListItem(-1).ActualIcon</info>
					</control>
				</control>
				<!-- Move Icon 4 To Icon 3 Position On Move Next -->
				<control type="group">
					<visible>Container(9000).OnNext</visible>
					<animation effect="zoom" start="318,75,240,480" end="-192,0,384,768" time="250" reversible="false">Hidden</animation>
					<left>318</left>
					<top>75</top>
					<width>240</width>
					<height>480</height>
					<control type="image">
						<left>0</left>
						<top>0</top>
						<width>240</width>
						<height>240</height>
						<info>Container(9000).ListItem(0).ActualIcon</info>
					</control>
					<control type="image">
						<left>0</left>
						<top>240</top>
						<width>240</width>
						<height>240</height>
						<texture flipy="true" diffuse="fade.png"/>
						<info>Container(9000).ListItem(0).ActualIcon</info>
					</control>
				</control>
				<!-- Move Icon 5 To Icon 4 Position On Move Next -->
				<control type="group">
					<visible>Container(9000).OnNext</visible>
					<animation effect="zoom" start="702,82,192,384" end="318,75,240,480" time="250" reversible="false">Hidden</animation>
					<left>702</left>
					<top>82</top>
					<width>192</width>
					<height>384</height>
					<control type="image">
						<left>0</left>
						<top>0</top>
						<width>192</width>
						<height>192</height>
						<info>Container(9000).ListItem(1).ActualIcon</info>
					</control>
					<control type="image">
						<left>0</left>
						<top>192</top>
						<width>192</width>
						<height>192</height>
						<texture flipy="true" diffuse="fade.png"/>
						<info>Container(9000).ListItem(1).ActualIcon</info>
					</control>
				</control>
				<!-- Show Far Right Icon On Move Next -->
				<control type="group">
					<visible>Container(9000).OnNext</visible>
					<animation type="Hidden" reversible="false">
						<effect type="fade" start="0" end="100" time="250"/>
						<effect type="slide" start="258,0" end="0,0" time="250"/>
					</animation>
					<animation effect="fade" start="0" end="0" time="0" reversible="false">Visible</animation>
					<left>702</left>
					<top>82</top>
					<width>192</width>
					<height>384</height>
					<control type="image">
						<left>0</left>
						<top>0</top>
						<width>192</width>
						<height>192</height>
						<info>Container(9000).ListItem(2).ActualIcon</info>
					</control>
					<control type="image">
						<left>0</left>
						<top>192</top>
						<width>192</width>
						<height>192</height>
						<texture flipy="true" diffuse="fade.png"/>
						<info>Container(9000).ListItem(2).ActualIcon</info>
					</control>
				</control>
			</control>
			<!-- Home Scroller Static Icons -->
			<control type="group" id="7000">
				<animation effect="fade" time="600">WindowOpen</animation>
				<animation effect="fade" time="600">WindowClose</animation>
				<!-- Icon 1 -->
				<control type="group">
					<left>-894</left>
					<top>82</top>
					<width>192</width>
					<height>384</height>
					<visible>!Control.IsVisible(7001)  + !Control.IsVisible(7002)</visible>
					<control type="image">
						<left>0</left>
						<top>0</top>
						<width>192</width>
						<height>192</height>
						<info>Container(9000).ListItem(-2).ActualIcon</info>
					</control>
					<control type="image">
						<left>0</left>
						<top>192</top>
						<width>192</width>
						<height>192</height>
						<texture flipy="true" diffuse="fade.png"/>
						<info>Container(9000).ListItem(-2).ActualIcon</info>
					</control>
				</control>
				<!-- Icon 2 -->
				<control type="group">
					<left>-543</left>
					<top>75</top>
					<width>240</width>
					<height>480</height>
					<visible>!Control.IsVisible(7001)  + !Control.IsVisible(7002)</visible>
					<control type="image">
						<left>0</left>
						<top>0</top>
						<width>240</width>
						<height>240</height>
						<info>Container(9000).ListItem(-1).ActualIcon</info>
					</control>
					<control type="image">
						<left>0</left>
						<top>240</top>
						<width>240</width>
						<height>240</height>
						<texture flipy="true" diffuse="fade.png"/>
						<info>Container(9000).ListItem(-1).ActualIcon</info>
					</control>
				</control>
				<!-- Icon 3 -->
				<control type="group">
					<left>-192</left>
					<top>0</top>
					<width>384</width>
					<height>768</height>
					<control type="image">
						<left>0</left>
						<top>0</top>
						<width>384</width>
						<height>384</height>
						<info>Container(9000).ListItem(0).ActualIcon</info>
						<visible>!Control.IsVisible(7001)  + !Control.IsVisible(7002)</visible>
						<animation type="Conditional" condition="Control.HasFocus(9000)">
							<effects type="zoom" start="95" end="100" center="auto" time="250"/>
							<effect type="fade" start="75" end="100" center="auto" time="250"/>
						</animation>
					</control>
					<control type="image">
						<left>0</left>
						<top>384</top>
						<width>384</width>
						<height>384</height>
						<texture flipy="true" diffuse="fade.png"/>
						<info>Container(9000).ListItem(0).ActualIcon</info>
						<visible>!Control.IsVisible(7001)  + !Control.IsVisible(7002)</visible>
						<animation type="Conditional" condition="Control.HasFocus(9000)">
							<effects type="zoom" start="95" end="100" center="auto" time="250"/>
							<effect type="fade" start="75" end="100" center="auto" time="250"/>
						</animation>
					</control>
				</control>
				<!-- Icon 4 -->
				<control type="group">
					<left>318</left>
					<top>75</top>
					<width>240</width>
					<height>480</height>
					<visible>!Control.IsVisible(7001)  + !Control.IsVisible(7002)</visible>
					<control type="image">
						<left>0</left>
						<top>0</top>
						<width>240</width>
						<height>240</height>
						<info>Container(9000).ListItem(1).ActualIcon</info>
					</control>
					<control type="image">
						<left>0</left>
						<top>240</top>
						<width>240</width>
						<height>240</height>
						<texture flipy="true" diffuse="fade.png"/>
						<info>Container(9000).ListItem(1).ActualIcon</info>
					</control>
				</control>
				<!-- Icon 5 -->
				<control type="group">
					<left>702</left>
					<top>82</top>
					<width>192</width>
					<height>384</height>
					<visible>!Control.IsVisible(7001)  + !Control.IsVisible(7002)</visible>
					<control type="image">
						<left>0</left>
						<top>0</top>
						<width>192</width>
						<height>192</height>
						<info>Container(9000).ListItem(2).ActualIcon</info>
					</control>
					<control type="image">
						<left>0</left>
						<top>192</top>
						<width>192</width>
						<height>192</height>
						<texture flipy="true" diffuse="fade.png"/>
						<info>Container(9000).ListItem(2).ActualIcon</info>
					</control>
				</control>
			</control>
		</control>
	</include>
	<include name="Menu_Home">
		<control type="group">
			<left>960</left>
			<top>330</top>
			<control type="wraplist" id="9000">
				<left>-960</left>
				<top>0</top>
				<height>384</height>
				<width>1920</width>
				<onup condition="String.Contains(Container(9000).ListItem.Icon,icon_home_movie_library) | String.Contains(Container(9000).ListItem.Icon,icon_home_tv_library) | String.Contains(Container(9000).ListItem.Icon,icon_home_videosmusic_library) | String.Contains(Container(9000).ListItem.Icon,icon_home_music)">SetFocus(9550)</onup>
				<ondown>ActivateWindow(1200)</ondown>
				<include>Menu_Layout</include>
				<content>
					<include>Menu_Videos</include>
					<include>Menu_Movie_Library</include>
					<include>Menu_Tv_Library</include>
					<include>Menu_Play_DVD</include>
					<include>Menu_Games</include>
					<include>Menu_Pictures</include>
					<include>Menu_FileManager</include>
					<include>Menu_Weather</include>
					<include>Menu_Scripts</include>
					<include>Menu_Music_Video_Library</include>
					<include>Menu_Music</include>
				</content>
			</control>
			<include>Sub_HomeMenu</include>
			<include>Menu_Icons</include>
			<include>Menu_Label</include>
		</control>
	</include>
	<include name="Menu_Config">
		<control type="group">
			<visible>!Skin.HasSetting(Disable_Icon_Labels)</visible>
			<control type="label">
				<left>0</left>
				<top>945</top>
				<width>1920</width>
				<height>40</height>
				<font>Large</font>
				<align>center</align>
				<label>[CAPITALIZE]$LOCALIZE[14201][/CAPITALIZE]</label>
				<visible>Control.HasFocus(9030)</visible>
			</control>
			<control type="label">
				<left>0</left>
				<top>945</top>
				<width>1920</width>
				<height>40</height>
				<font>Large</font>
				<align>center</align>
				<label>[CAPITALIZE]$LOCALIZE[14212][/CAPITALIZE]</label>
				<visible>Control.HasFocus(9001)</visible>
			</control>
			<control type="label">
				<left>0</left>
				<top>945</top>
				<width>1920</width>
				<height>40</height>
				<font>Large</font>
				<align>center</align>
				<label>[CAPITALIZE]$LOCALIZE[10003][/CAPITALIZE]</label>
				<visible>Control.HasFocus(9002)</visible>
			</control>
			<control type="label">
				<left>0</left>
				<top>945</top>
				<width>1920</width>
				<height>40</height>
				<font>Large</font>
				<align>center</align>
				<label>[CAPITALIZE]$LOCALIZE[14210][/CAPITALIZE]</label>
				<visible>Control.HasFocus(9003)</visible>
			</control>
			<control type="label">
				<left>0</left>
				<top>945</top>
				<width>1920</width>
				<height>40</height>
				<font>Large</font>
				<align>center</align>
				<label>[CAPITALIZE]$LOCALIZE[50171][/CAPITALIZE]</label>
				<visible>Control.HasFocus(9010)</visible>
			</control>
			<control type="label">
				<left>0</left>
				<top>945</top>
				<width>1920</width>
				<height>40</height>
				<font>Large</font>
				<align>center</align>
				<label>[CAPITALIZE]$LOCALIZE[14208][/CAPITALIZE]</label>
				<visible>Control.HasFocus(9011)</visible>
			</control>
			<control type="label">
				<left>0</left>
				<top>945</top>
				<width>1920</width>
				<height>40</height>
				<font>Large</font>
				<align>center</align>
				<label>[CAPITALIZE]$LOCALIZE[14209][/CAPITALIZE]</label>
				<visible>Control.HasFocus(9012)</visible>
			</control>
			<control type="label">
				<left>0</left>
				<top>945</top>
				<width>1920</width>
				<height>40</height>
				<font>Large</font>
				<align>center</align>
				<label>[CAPITALIZE]$LOCALIZE[24001][/CAPITALIZE]</label>
				<visible>Control.HasFocus(9013)</visible>
			</control>
			<control type="label">
				<left>0</left>
				<top>945</top>
				<width>1920</width>
				<height>40</height>
				<font>Large</font>
				<align>center</align>
				<label>[CAPITALIZE]$LOCALIZE[14207][/CAPITALIZE]</label>
				<visible>Control.HasFocus(9020)</visible>
			</control>
			<control type="label">
				<left>0</left>
				<top>945</top>
				<width>1920</width>
				<height>40</height>
				<font>Large</font>
				<align>center</align>
				<label>[CAPITALIZE]$LOCALIZE[20077][/CAPITALIZE]</label>
				<visible>Control.HasFocus(9021)</visible>
			</control>
			<control type="label">
				<left>0</left>
				<top>945</top>
				<width>1920</width>
				<height>40</height>
				<font>Large</font>
				<align>center</align>
				<label>[CAPITALIZE]$LOCALIZE[138][/CAPITALIZE]</label>
				<visible>Control.HasFocus(9022)</visible>
			</control>
			<control type="label">
				<left>0</left>
				<top>945</top>
				<width>1920</width>
				<height>40</height>
				<font>Large</font>
				<align>center</align>
				<label>[CAPITALIZE]$LOCALIZE[14205][/CAPITALIZE]</label>
				<visible>Control.HasFocus(9023)</visible>
			</control>
		</control>
		<control type="group">
			<left>960</left>
			<top>540</top>
			<control type="image">
				<visible>Control.HasFocus(9030)</visible>
				<left>-475</left>
				<top>-350</top>
				<width>200</width>
				<height>200</height>
				<texture>menu\settings\icon_background.png</texture>
				<include>SettingsAnimation</include>
			</control>
			<control type="image">
				<visible>Control.HasFocus(9001)</visible>
				<left>-225</left>
				<top>-350</top>
				<width>200</width>
				<height>200</height>
				<texture>menu\settings\icon_background.png</texture>
				<include>SettingsAnimation</include>
			</control>
			<control type="image">
				<visible>Control.HasFocus(9002)</visible>
				<left>25</left>
				<top>-350</top>
				<width>200</width>
				<height>200</height>
				<texture>menu\settings\icon_background.png</texture>
				<include>SettingsAnimation</include>
			</control>
			<control type="image">
				<visible>Control.HasFocus(9003)</visible>
				<left>275</left>
				<top>-350</top>
				<width>200</width>
				<height>200</height>
				<texture>menu\settings\icon_background.png</texture>
				<include>SettingsAnimation</include>
			</control>
			<control type="image">
				<visible>Control.HasFocus(9010)</visible>
				<left>-475</left>
				<top>-100</top>
				<width>200</width>
				<height>200</height>
				<texture>menu\settings\icon_background.png</texture>
				<include>SettingsAnimation</include>
			</control>
			<control type="image">
				<visible>Control.HasFocus(9011)</visible>
				<left>-225</left>
				<top>-100</top>
				<width>200</width>
				<height>200</height>
				<texture>menu\settings\icon_background.png</texture>
				<include>SettingsAnimation</include>
			</control>
			<control type="image">
				<visible>Control.HasFocus(9012)</visible>
				<left>25</left>
				<top>-100</top>
				<width>200</width>
				<height>200</height>
				<texture>menu\settings\icon_background.png</texture>
				<include>SettingsAnimation</include>
			</control>
			<control type="image">
				<visible>Control.HasFocus(9013)</visible>
				<left>275</left>
				<top>-100</top>
				<width>200</width>
				<height>200</height>
				<texture>menu\settings\icon_background.png</texture>
				<include>SettingsAnimation</include>
			</control>
			<control type="image">
				<visible>Control.HasFocus(9020)</visible>
				<left>-475</left>
				<top>150</top>
				<width>200</width>
				<height>200</height>
				<texture>menu\settings\icon_background.png</texture>
				<include>SettingsAnimation</include>
			</control>
			<control type="image">
				<visible>Control.HasFocus(9021)</visible>
				<left>-225</left>
				<top>150</top>
				<width>200</width>
				<height>200</height>
				<texture>menu\settings\icon_background.png</texture>
				<include>SettingsAnimation</include>
			</control>
			<control type="image">
				<visible>Control.HasFocus(9022)</visible>
				<left>25</left>
				<top>150</top>
				<width>200</width>
				<height>200</height>
				<texture>menu\settings\icon_background.png</texture>
				<include>SettingsAnimation</include>
			</control>
			<control type="image">
				<visible>Control.HasFocus(9023)</visible>
				<left>275</left>
				<top>150</top>
				<width>200</width>
				<height>200</height>
				<texture>menu\settings\icon_background.png</texture>
				<include>SettingsAnimation</include>
			</control>
			<control type="image">
				<visible>!Control.HasFocus(9030)</visible>
				<left>-475</left>
				<top>-350</top>
				<width>200</width>
				<height>200</height>
				<texture>menu\settings\videos_nf.png</texture>
				<include>SettingsAnimation</include>
			</control>
			<control type="image">
				<visible>!Control.HasFocus(9001)</visible>
				<left>-225</left>
				<top>-350</top>
				<width>200</width>
				<height>200</height>
				<texture>menu\settings\media_nf.png</texture>
				<include>SettingsAnimation</include>
			</control>
			<control type="image">
				<visible>!Control.HasFocus(9002)</visible>
				<left>25</left>
				<top>-350</top>
				<width>200</width>
				<height>200</height>
				<texture>menu\settings\filemanager_nf.png</texture>
				<include>SettingsAnimation</include>
			</control>
			<control type="image">
				<visible>!Control.HasFocus(9003)</visible>
				<left>275</left>
				<top>-350</top>
				<width>200</width>
				<height>200</height>
				<texture>menu\settings\profiles_nf.png</texture>
				<include>SettingsAnimation</include>
			</control>
			<control type="image">
				<visible>!Control.HasFocus(9010)</visible>
				<left>-475</left>
				<top>-100</top>
				<width>200</width>
				<height>200</height>
				<texture>menu\settings\games_nf.png</texture>
				<include>SettingsAnimation</include>
			</control>
			<control type="image">
				<visible>!Control.HasFocus(9011)</visible>
				<left>-225</left>
				<top>-100</top>
				<width>200</width>
				<height>200</height>
				<texture>menu\settings\network_nf.png</texture>
				<include>SettingsAnimation</include>
			</control>
			<control type="image">
				<visible>!Control.HasFocus(9012)</visible>
				<left>25</left>
				<top>-100</top>
				<width>200</width>
				<height>200</height>
				<texture>menu\settings\system_nf.png</texture>
				<include>SettingsAnimation</include>
			</control>
			<control type="image">
				<visible>!Control.HasFocus(9013)</visible>
				<left>275</left>
				<top>-100</top>
				<width>200</width>
				<height>200</height>
				<texture>menu\settings\addons_nf.png</texture>
				<include>SettingsAnimation</include>
			</control>
			<control type="image">
				<visible>!Control.HasFocus(9020)</visible>
				<left>-475</left>
				<top>150</top>
				<width>200</width>
				<height>200</height>
				<texture>menu\settings\appearance_nf.png</texture>
				<include>SettingsAnimation</include>
			</control>
			<control type="image">
				<visible>!Control.HasFocus(9021)</visible>
				<left>-225</left>
				<top>150</top>
				<width>200</width>
				<height>200</height>
				<texture>menu\settings\skin_nf.png</texture>
				<include>SettingsAnimation</include>
			</control>
			<control type="image">
				<visible>!Control.HasFocus(9022)</visible>
				<left>25</left>
				<top>150</top>
				<width>200</width>
				<height>200</height>
				<texture>menu\settings\sys_info_nf.png</texture>
				<include>SettingsAnimation</include>
			</control>
			<control type="image">
				<visible>!Control.HasFocus(9023)</visible>
				<left>275</left>
				<top>150</top>
				<width>200</width>
				<height>200</height>
				<texture>menu\settings\tv_nf.png</texture>
				<include>SettingsAnimation</include>
			</control>
			<control type="image">
				<visible>Control.HasFocus(9030)</visible>
				<left>-475</left>
				<top>-350</top>
				<width>200</width>
				<height>200</height>
				<texture>menu\settings\videos_f.png</texture>
				<include>SettingsAnimation</include>
			</control>
			<control type="image">
				<visible>Control.HasFocus(9001)</visible>
				<left>-225</left>
				<top>-350</top>
				<width>200</width>
				<height>200</height>
				<texture>menu\settings\media_f.png</texture>
				<include>SettingsAnimation</include>
			</control>
			<control type="image">
				<visible>Control.HasFocus(9002)</visible>
				<left>25</left>
				<top>-350</top>
				<width>200</width>
				<height>200</height>
				<texture>menu\settings\filemanager_f.png</texture>
				<include>SettingsAnimation</include>
			</control>
			<control type="image">
				<visible>Control.HasFocus(9003)</visible>
				<left>275</left>
				<top>-350</top>
				<width>200</width>
				<height>200</height>
				<texture>menu\settings\profiles_f.png</texture>
				<include>SettingsAnimation</include>
			</control>
			<control type="image">
				<visible>Control.HasFocus(9010)</visible>
				<left>-475</left>
				<top>-100</top>
				<width>200</width>
				<height>200</height>
				<texture>menu\settings\games_f.png</texture>
				<include>SettingsAnimation</include>
			</control>
			<control type="image">
				<visible>Control.HasFocus(9011)</visible>
				<left>-225</left>
				<top>-100</top>
				<width>200</width>
				<height>200</height>
				<texture>menu\settings\network_f.png</texture>
				<include>SettingsAnimation</include>
			</control>
			<control type="image">
				<visible>Control.HasFocus(9012)</visible>
				<left>25</left>
				<top>-100</top>
				<width>200</width>
				<height>200</height>
				<texture>menu\settings\system_f.png</texture>
				<include>SettingsAnimation</include>
			</control>
			<control type="image">
				<visible>Control.HasFocus(9013)</visible>
				<left>275</left>
				<top>-100</top>
				<width>200</width>
				<height>200</height>
				<texture>menu\settings\addons_f.png</texture>
				<include>SettingsAnimation</include>
			</control>
			<control type="image">
				<visible>Control.HasFocus(9020)</visible>
				<left>-475</left>
				<top>150</top>
				<width>200</width>
				<height>200</height>
				<texture>menu\settings\appearance_f.png</texture>
				<include>SettingsAnimation</include>
			</control>
			<control type="image">
				<visible>Control.HasFocus(9021)</visible>
				<left>-225</left>
				<top>150</top>
				<width>200</width>
				<height>200</height>
				<texture>menu\settings\skin_f.png</texture>
				<include>SettingsAnimation</include>
			</control>
			<control type="image">
				<visible>Control.HasFocus(9022)</visible>
				<left>25</left>
				<top>150</top>
				<width>200</width>
				<height>200</height>
				<texture>menu\settings\sys_info_f.png</texture>
				<include>SettingsAnimation</include>
			</control>
			<control type="image">
				<visible>Control.HasFocus(9023)</visible>
				<left>275</left>
				<top>150</top>
				<width>200</width>
				<height>200</height>
				<texture>menu\settings\tv_f.png</texture>
				<include>SettingsAnimation</include>
			</control>
			<control type="button" id="9030">
				<left>-475</left>
				<top>-350</top>
				<width>200</width>
				<height>200</height>
				<texturenofocus/>
				<texturefocus/>
				<onleft>9003</onleft>
				<onright>9001</onright>
				<onup>close</onup>
				<ondown>9010</ondown>
				<onclick>ActivateWindow(playersettings)</onclick>
			</control>
			<control type="button" id="9001">
				<left>-225</left>
				<top>-350</top>
				<width>200</width>
				<height>200</height>
				<texturenofocus/>
				<texturefocus/>
				<onleft>9030</onleft>
				<onright>9002</onright>
				<onup>close</onup>
				<ondown>9011</ondown>
				<onclick>ActivateWindow(mediasettings)</onclick>
			</control>
			<control type="button" id="9002">
				<left>25</left>
				<top>-350</top>
				<width>200</width>
				<height>200</height>
				<texturenofocus/>
				<texturefocus/>
				<onleft>9001</onleft>
				<onright>9003</onright>
				<onup>close</onup>
				<ondown>9012</ondown>
				<onclick>ActivateWindow(filemanager)</onclick>
			</control>
			<control type="button" id="9003">
				<left>275</left>
				<top>-350</top>
				<width>200</width>
				<height>200</height>
				<texturenofocus/>
				<texturefocus/>
				<onleft>9002</onleft>
				<onright>9030</onright>
				<onup>close</onup>
				<ondown>9013</ondown>
				<onclick>ActivateWindow(profiles)</onclick>
			</control>
			<control type="button" id="9010">
				<left>-475</left>
				<top>-100</top>
				<width>200</width>
				<height>200</height>
				<texturenofocus/>
				<texturefocus/>
				<onleft>9013</onleft>
				<onright>9011</onright>
				<onup>9030</onup>
				<ondown>9020</ondown>
				<onclick>ActivateWindow(gamesettings)</onclick>
			</control>
			<control type="button" id="9011">
				<left>-225</left>
				<top>-100</top>
				<width>200</width>
				<height>200</height>
				<texturenofocus/>
				<texturefocus/>
				<onleft>9010</onleft>
				<onright>9012</onright>
				<onup>9001</onup>
				<ondown>9021</ondown>
				<onclick>ActivateWindow(servicesettings)</onclick>
			</control>
			<control type="button" id="9012">
				<left>25</left>
				<top>-100</top>
				<width>200</width>
				<height>200</height>
				<texturenofocus/>
				<texturefocus/>
				<onleft>9011</onleft>
				<onright>9013</onright>
				<onup>9002</onup>
				<ondown>9022</ondown>
				<onclick>ActivateWindow(systemsettings)</onclick>
			</control>
			<control type="button" id="9013">
				<left>275</left>
				<top>-100</top>
				<width>200</width>
				<height>200</height>
				<texturenofocus/>
				<texturefocus/>
				<onleft>9012</onleft>
				<onright>9010</onright>
				<onup>9003</onup>
				<ondown>9023</ondown>
				<onclick>ActivateWindow(addonbrowser)</onclick>
			</control>
			<control type="button" id="9020">
				<left>-475</left>
				<top>150</top>
				<width>200</width>
				<height>200</height>
				<texturenofocus/>
				<texturefocus/>
				<onleft>9023</onleft>
				<onright>9021</onright>
				<onup>9010</onup>
				<onclick>ActivateWindow(interfacesettings)</onclick>
			</control>
			<control type="button" id="9021">
				<left>-225</left>
				<top>150</top>
				<width>200</width>
				<height>200</height>
				<texturenofocus/>
				<texturefocus/>
				<onleft>9020</onleft>
				<onright>9022</onright>
				<onup>9011</onup>
				<onclick>ActivateWindow(skinsettings)</onclick>
			</control>
			<control type="button" id="9022">
				<left>25</left>
				<top>150</top>
				<width>200</width>
				<height>200</height>
				<texturenofocus/>
				<texturefocus/>
				<onleft>9021</onleft>
				<onright>9023</onright>
				<onup>9012</onup>
				<onclick>ActivateWindow(systeminfo)</onclick>
			</control>
			<control type="button" id="9023">
				<left>275</left>
				<top>150</top>
				<width>200</width>
				<height>200</height>
				<texturenofocus/>
				<texturefocus/>
				<onleft>9022</onleft>
				<onright>9020</onright>
				<onup>9013</onup>
				<onclick>ActivateWindow(pvrsettings)</onclick>
			</control>
		</control>
	</include>
</includes>
