<?xml version="1.0" encoding="utf-8"?>
<includes>
	<include name="Game_Hybrid_View">
		<control type="group">
			<left>998</left>
			<top>214</top>
			<visible>Control.IsVisible(56)</visible>
			<!-- DVD Hybrid View Icons - Counter Clockwise Mothion -->
			<control type="group" id="5601">
				<visible>Container(56).OnPrevious</visible>
				<animation effect="slide" end="0,0" time="250" reversible="false">Hidden</animation>
				<!-- Hide Far Right Icon On Move Previous -->
				<control type="group">
					<visible>Container(56).OnPrevious</visible>
					<visible>!String.IsEmpty(Container(56).ListItemNoWrap(3).Label)</visible>
					<animation type="Hidden" reversible="false">
						<effect type="fade" start="100" end="0" time="250"/>
						<effect type="slide" start="0" end="192" time="250"/>
					</animation>
					<left>471</left>
					<top>63</top>
					<width>290</width>
					<height>849</height>
					<include content="PosterGames">
						<param name="width" value="290"/>
						<param name="height" value="424"/>
						<param name="order" value="3"/>
						<param name="view" value="56"/>
					</include>
				</control>
				<!-- Move Icon 2 To Icon 3 Position On Move Previous -->
				<control type="group">
					<visible>Container(56).OnPrevious</visible>
					<visible>!String.IsEmpty(Container(56).ListItemNoWrap(2).Label)</visible>
					<animation effect="zoom" start="238,33,330,969" end="471,63,290,849" time="250" reversible="false">Hidden</animation>
					<left>238</left>
					<top>33</top>
					<width>330</width>
					<height>969</height>
					<include content="PosterGames">
						<param name="width" value="330"/>
						<param name="height" value="484"/>
						<param name="order" value="2"/>
						<param name="view" value="56"/>
					</include>
				</control>
				<!-- Move Icon 1 To Icon 2 Position On Move Previous -->
				<control type="group">
					<visible>Container(56).OnPrevious</visible>
					<visible>!String.IsEmpty(Container(56).ListItemNoWrap(1).Label)</visible>
					<animation effect="zoom" start="0,0,376,1104" end="238,33,330,969" time="250" reversible="false">Hidden</animation>
					<left>0</left>
					<top>0</top>
					<width>376</width>
					<height>1104</height>
					<include content="PosterGames">
						<param name="width" value="376"/>
						<param name="height" value="552"/>
						<param name="order" value="1"/>
						<param name="view" value="56"/>
					</include>
				</control>
				<!-- Show Far Left Icon On Move Previous -->
				<control type="group">
					<visible>Container(56).OnPrevious</visible>
					<animation type="Hidden" reversible="false">
						<effect type="fade" start="0" end="100" time="250"/>
						<effect type="slide" start="-192" end="0" time="250"/>
					</animation>
					<animation effect="fade" start="0" end="0" time="0" reversible="false">Visible</animation>
					<left>0</left>
					<top>0</top>
					<width>376</width>
					<height>1104</height>
					<include content="PosterGames">
						<param name="width" value="376"/>
						<param name="height" value="552"/>
						<param name="order" value="0"/>
						<param name="view" value="56"/>
					</include>
				</control>
			</control>
			<!-- DVD Hybrid View Icons - Clockwise Mothion -->
			<control type="group" id="5602">
				<visible>Container(56).OnNext</visible>
				<animation effect="slide" end="0,0" time="250" reversible="false">Hidden</animation>
				<!-- Show Far Right Icon On Move Next -->
				<control type="group">
					<visible>Container(56).OnNext</visible>
					<visible>!String.IsEmpty(Container(56).ListItemNoWrap(2).Label)</visible>
					<animation type="Hidden" reversible="false">
						<effect type="fade" start="0" end="100" time="250"/>
						<effect type="slide" start="192" end="0" time="250"/>
					</animation>
					<animation effect="fade" start="0" end="0" time="0" reversible="false">Visible</animation>
					<left>471</left>
					<top>63</top>
					<width>290</width>
					<height>849</height>
					<include content="PosterGames">
						<param name="width" value="290"/>
						<param name="height" value="424"/>
						<param name="order" value="2"/>
						<param name="view" value="56"/>
					</include>
				</control>
				<!-- Move Icon 3 To Icon 2 Position On Move Next -->
				<control type="group">
					<visible>Container(56).OnNext</visible>
					<visible>!String.IsEmpty(Container(56).ListItemNoWrap(1).Label)</visible>
					<animation effect="zoom" start="471,63,290,849" end="238,33,330,969" time="250" reversible="false">Hidden</animation>
					<left>471</left>
					<top>63</top>
					<width>290</width>
					<height>849</height>
					<include content="PosterGames">
						<param name="width" value="290"/>
						<param name="height" value="424"/>
						<param name="order" value="1"/>
						<param name="view" value="56"/>
					</include>
				</control>
				<!-- Move Icon 2 To Icon 1 Position On Move Next -->
				<control type="group">
					<visible>Container(56).OnNext</visible>
					<visible>!String.IsEmpty(Container(56).ListItemNoWrap(0).Label)</visible>
					<animation effect="zoom" start="238,33,330,969" end="0,0,376,1104" time="250" reversible="false">Hidden</animation>
					<left>238</left>
					<top>33</top>
					<width>330</width>
					<height>969</height>
					<include content="PosterGames">
						<param name="width" value="330"/>
						<param name="height" value="484"/>
						<param name="order" value="0"/>
						<param name="view" value="56"/>
					</include>
				</control>
				<!-- Hide Far Left Icon On Move Next -->
				<control type="group">
					<visible>Container(56).OnNext</visible>
					<animation type="Hidden" reversible="false">
						<effect type="fade" start="100" end="0" time="250"/>
						<effect type="slide" start="0" end="-192" time="250"/>
					</animation>
					<left>0</left>
					<top>0</top>
					<width>376</width>
					<height>1104</height>
					<include content="PosterGames">
						<param name="width" value="376"/>
						<param name="height" value="552"/>
						<param name="order" value="-1"/>
						<param name="view" value="56"/>
					</include>
				</control>
			</control>
			<!-- DVD Hybrid View Static Icons -->
			<control type="group" id="5600">
				<visible>!Control.IsVisible(5601)  + !Control.IsVisible(5602)</visible>
				<!-- Icon 3 -->
				<control type="group">
					<left>471</left>
					<top>63</top>
					<width>290</width>
					<height>849</height>
					<animation type="WindowOpen" reversible="false">
						<effect type="slide" start="-471" end="0" center="auto" time="150" delay="150" tween="elastic" easing="out"/>
						<effect type="fade" start="0" end="100" time="150" delay="150" tween="sine" easing="out"/>
					</animation>
					<animation type="WindowClose" reversible="false">
						<effect type="slide" start="0" end="-471" center="auto" time="150" tween="back" easing="in"/>
						<effect type="fade" start="100" end="0" time="150" tween="sine" easing="in"/>
					</animation>
					<visible>!String.IsEmpty(Container(56).ListItemNoWrap(2).Label)</visible>
					<include content="PosterGames">
						<param name="width" value="290"/>
						<param name="height" value="424"/>
						<param name="order" value="2"/>
						<param name="view" value="56"/>
					</include>
				</control>
				<!-- Icon 2 -->
				<control type="group">
					<left>238</left>
					<top>33</top>
					<width>330</width>
					<height>969</height>
					<animation type="WindowOpen" reversible="false">
						<effect type="slide" start="-238" end="0" center="auto" time="150" delay="150" tween="elastic" easing="out"/>
						<effect type="fade" start="0" end="100" time="150" delay="150" tween="sine" easing="out"/>
					</animation>
					<animation type="WindowClose" reversible="false">
						<effect type="slide" start="0" end="-238" center="auto" time="150" tween="back" easing="in"/>
						<effect type="fade" start="100" end="0" time="150" tween="sine" easing="in"/>
					</animation>
					<visible>!String.IsEmpty(Container(56).ListItemNoWrap(1).Label)</visible>
					<include content="PosterGames">
						<param name="width" value="330"/>
						<param name="height" value="484"/>
						<param name="order" value="1"/>
						<param name="view" value="56"/>
					</include>
				</control>
				<!-- Icon 1 -->
				<control type="group">
					<left>0</left>
					<top>0</top>
					<width>376</width>
					<height>849</height>
					<camera x="0" y="0"/>
					<animation type="WindowOpen" reversible="false">
						<effect type="fade" start="0" end="100" time="150" tween="sine" easing="out"/>
						<effect type="rotatey" start="90" end="0" center="0,0" time="150" tween="sine" easing="out"/>
					</animation>
					<animation type="WindowClose" reversible="false">
						<effect type="fade" start="100" end="0" time="150" delay="150" tween="sine" easing="in"/>
						<effect type="rotatey" start="0" end="-90" center="0,0" time="150" delay="150" tween="sine" easing="out"/>
					</animation>
					<include content="PosterGames">
						<param name="width" value="376"/>
						<param name="height" value="552"/>
						<param name="order" value="0"/>
						<param name="view" value="56"/>
					</include>
				</control>
			</control>
		</control>
		<control type="list" id="56">
			<left>162</left>
			<top>214</top>
			<width>798</width>
			<height>552</height>
			<onleft>ActivateWindow(1201)</onleft>
			<onright>ActivateWindow(1201)</onright>
			<viewtype label="50134">list</viewtype>
			<pagecontrol/>
			<scrolltime>200</scrolltime>
			<itemlayout height="69" width="798">
				<control type="image">
					<left>0</left>
					<top>0</top>
					<width>798</width>
					<height>69</height>
					<texture border="4,5,6,8">controls\button_nf.png</texture>
				</control>
				<control type="image">
					<visible>ListItem.IsParentFolder</visible>
					<left>15</left>
					<top>6</top>
					<width>52</width>
					<height>52</height>
					<aspectratio>keep</aspectratio>
					<texture>DefaultFolderBack.png</texture>
				</control>
				<control type="image">
					<visible>!ListItem.IsParentFolder</visible>
					<left>15</left>
					<top>6</top>
					<width>52</width>
					<height>52</height>
					<aspectratio>keep</aspectratio>
					<texture fallback="DefaultAddonGame.png">$VAR[Poster_list]</texture>
				</control>
				<control type="label">
					<left>82</left>
					<top>6</top>
					<width>700</width>
					<height>52</height>
					<font>Default</font>
					<aligny>center</aligny>
					<selectedcolor>Highlight</selectedcolor>
					<textcolor>Text</textcolor>
					<align>left</align>
					<info>ListItem.Label</info>
				</control>
				<control type="label">
					<left>82</left>
					<top>6</top>
					<width>700</width>
					<height>52</height>
					<font>Default</font>
					<aligny>center</aligny>
					<selectedcolor>Highlight</selectedcolor>
					<textcolor>Text</textcolor>
					<align>right</align>
					<info>ListItem.Label2</info>
				</control>
			</itemlayout>
			<focusedlayout height="69" width="798">
				<control type="image">
					<left>0</left>
					<top>0</top>
					<width>798</width>
					<height>69</height>
					<texture border="4,5,6,8">controls\button_nf.png</texture>
					<visible>!Control.HasFocus(56)</visible>
				</control>
				<control type="image">
					<left>0</left>
					<top>0</top>
					<width>798</width>
					<height>69</height>
					<texture border="4,5,6,8">controls\button_f.png</texture>
					<visible>Control.HasFocus(56)</visible>
				</control>
				<control type="image">
					<visible>ListItem.IsParentFolder</visible>
					<left>15</left>
					<top>6</top>
					<width>52</width>
					<height>52</height>
					<aspectratio>keep</aspectratio>
					<texture>DefaultFolderBack.png</texture>
				</control>
				<control type="image">
					<visible>!ListItem.IsParentFolder</visible>
					<left>15</left>
					<top>6</top>
					<width>52</width>
					<height>52</height>
					<aspectratio>keep</aspectratio>
					<texture fallback="DefaultAddonGame.png">$VAR[Poster_list]</texture>
				</control>
				<control type="label">
					<left>82</left>
					<top>6</top>
					<width>700</width>
					<height>52</height>
					<font>Default</font>
					<aligny>center</aligny>
					<selectedcolor>Highlight</selectedcolor>
					<textcolor>Text</textcolor>
					<align>left</align>
					<info>ListItem.Label</info>
				</control>
				<control type="label">
					<left>82</left>
					<top>6</top>
					<width>700</width>
					<height>52</height>
					<font>Default</font>
					<aligny>center</aligny>
					<selectedcolor>Highlight</selectedcolor>
					<textcolor>Text</textcolor>
					<align>right</align>
					<info>ListItem.Label2</info>
				</control>
			</focusedlayout>
		</control>
		<control type="group">
			<left>453</left>
			<top>434</top>
			<visible>Control.IsVisible(56)</visible>
			<include>Sort_Letter</include>
		</control>
		<control type="group">
			<visible>Control.IsVisible(56) + !Window.IsActive(1201)</visible>
			<visible>!Skin.HasSetting(Disable_Icon_Labels)</visible>
			<animation effect="fade" time="300">Visible</animation>
			<animation effect="fade" time="300">Hidden</animation>
			<animation effect="fade" time="300">WindowOpen</animation>
			<animation effect="fade" time="300">WindowClose</animation>
			<control type="image" id="469">
				<left>835</left>
				<top>825</top>
				<width>250</width>
				<height>150</height>
				<texture fallback="transp.png">$INFO[Container(56).ListItem.Path]$INFO[Container(56).ListItem.FileNameNoExtension].png</texture>
				<aspectratio align="center" aligny="center">keep</aspectratio>
			</control>
			<control type="label">
				<visible>String.Contains(Control.GetLabel(469),transp.png)</visible>
				<description>Current Selection</description>
				<left>0</left>
				<top>860</top>
				<width>1920</width>
				<height>72</height>
				<align>center</align>
				<aligny>center</aligny>
				<label>[B][LOWERCASE][CAPITALIZE]$INFO[Container(56).ListItem.FileNameNoExtension][/CAPITALIZE][/LOWERCASE][/B]</label>
				<font>Extra_Large</font>
				<textcolor>TextSelectedItem</textcolor>
				<shadowcolor>TextShadow</shadowcolor>
			</control>
			<control type="label">
				<visible>!ListItem.IsParentFolder</visible>
				<left>554</left>
				<top>945</top>
				<width>1200</width>
				<align>right</align>
				<font>Medium_Large</font>
				<scroll>true</scroll>
				<label>$INFO[Container(56).CurrentItem] $LOCALIZE[20163] $INFO[Container(56).NumItems] $LOCALIZE[50129] - $LOCALIZE[50130] $INFO[Container(56).CurrentPage] $LOCALIZE[20163] $INFO[Container(56).NumPages]</label>
			</control>
		</control>
	</include>
</includes>
