<?xml version="1.0" encoding="utf-8"?>
<includes>
	<include name="Dock_Play">
		<item>
			<icon>dock\icons\pause.png</icon>
			<label>$LOCALIZE[50039]</label>
			<onclick>PlayerControl(Play)</onclick>
			<visible>!Player.Paused</visible>
		</item>
		<item>
			<icon>dock\icons\play.png</icon>
			<label>$LOCALIZE[208]</label>
			<onclick>PlayerControl(Play)</onclick>
			<onclick>Dialog.Close(all,true)</onclick>
			<visible>Player.Paused</visible>
		</item>
	</include>
	<include name="Dock_FastForward">
		<item>
			<icon>dock\icons\fastforward.png</icon>
			<label>$LOCALIZE[50040]</label>
			<onclick>PlayerControl(Forward)</onclick>
		</item>
	</include>
	<include name="Dock_SkipForward">
		<item>
			<icon>dock\icons\skipforward.png</icon>
			<label>$LOCALIZE[50041]</label>
			<onclick>Playlist.PlayOffset(1)</onclick>
			<!-- <onclick>PlayerControl(Next)</onclick> -->
		</item>
	</include>
	<include name="Dock_DVD_Menu">
		<item>
			<icon>dock\icons\dvd.png</icon>
			<label>$LOCALIZE[50043]</label>
			<onclick>PlayerControl(ShowVideoMenu)</onclick>
			<visible>VideoPlayer.HasMenu</visible>
		</item>
	</include>
	<include name="Dock_Audio">
		<item>
			<icon>dock\icons\audio.png</icon>
			<label>$LOCALIZE[292]</label>
			<onclick>ActivateWindow(osdaudiosettings)</onclick>
		</item>
	</include>
	<include name="Dock_Video">
		<item>
			<icon>dock\icons\video.png</icon>
			<label>$LOCALIZE[1212]</label>
			<onclick>ActivateWindow(osdvideosettings)</onclick>
		</item>
	</include>
	<include name="Dock_Subtitle">
		<item>
			<icon>dock\icons\subtitle.png</icon>
			<label>$LOCALIZE[24133]</label>
			<onclick>ActivateWindow(osdsubtitlesettings)</onclick>
			<visible>!VideoPlayer.Content(LiveTV) | VideoPlayer.HasSubtitles</visible>
		</item>
	</include>
	<include name="Dock_Visualisation">
		<item>
			<icon>dock\icons\vis.png</icon>
			<label>$LOCALIZE[50044]$INFO[visualisation.name]</label>
			<onclick>Dialog.Close(all)</onclick>
			<onclick>SendClick(500)</onclick>
		</item>
	</include>
	<include name="Dock_Visualisation_Settings">
		<item>
			<icon>dock\icons\vis-setting.png</icon>
			<label>$LOCALIZE[50045]</label>
			<onclick>Addon.Default.OpenSettings(xbmc.player.musicviz)</onclick>
		</item>
	</include>
	<include name="Dock_Visualisation_Presets">
		<item>
			<icon>dock\icons\vis-presets.png</icon>
			<label>$LOCALIZE[50046]</label>
			<onclick>ActivateWindow(visualisationpresetlist)</onclick>
			<visible>Visualisation.HasPresets</visible>
		</item>
	</include>
	<include name="Dock_SkipBack">
		<item>
			<icon>dock\icons\skipback.png</icon>
			<label>$LOCALIZE[50047]</label>
			<onclick>Playlist.PlayOffset(-1)</onclick>
			<!-- <onclick>PlayerControl(Previous)</onclick> -->
		</item>
	</include>
	<include name="Dock_Rewind">
		<item>
			<icon>dock\icons\rewind.png</icon>
			<label>$LOCALIZE[50048]</label>
			<onclick>PlayerControl(Rewind)</onclick>
		</item>
	</include>
	<include name="Dock_Stop">
		<item>
			<icon>dock\icons\stop.png</icon>
			<label>$LOCALIZE[50049]</label>
			<onclick>Control.SetFocus(9500,0,absolute)</onclick>
			<onclick>Dialog.Close(all,true)</onclick>
			<onclick>PlayerControl(Stop)</onclick>
			<visible>Player.Playing | Player.Paused | Player.Forwarding | Player.Rewinding</visible>
		</item>
	</include>
	<!-- Dock Content Items -->
	<include name="Dock_Bookmark">
		<item>
			<icon>dock\icons\bookmark.png</icon>
			<label>$LOCALIZE[50052]</label>
			<onclick>ActivateWindow(VideoBookmarks)</onclick>
			<visible>Window.IsVisible(MyVideoOSD)</visible>
		</item>
	</include>
	<include name="Dock_Random">
		<item>
			<icon>dock\icons\random-on.png</icon>
			<label>$LOCALIZE[590]$LOCALIZE[50053]</label>
			<onclick>PlayerControl(Random)</onclick>
			<visible>Playlist.IsRandom</visible>
			<visible>Window.IsVisible(VideoPlaylist) | Window.IsVisible(MusicPlaylist)</visible>
		</item>
		<item>
			<icon>dock\icons\random-off.png</icon>
			<label>$LOCALIZE[590]: $LOCALIZE[591]</label>
			<onclick>PlayerControl(Random)</onclick>
			<visible>!Playlist.IsRandom</visible>
			<visible>Window.IsVisible(VideoPlaylist) | Window.IsVisible(MusicPlaylist)</visible>
		</item>
	</include>
	<include name="Dock_Repeat">
		<item>
			<icon>dock\icons\repeat-off.png</icon>
			<label>$LOCALIZE[595]</label>
			<onclick>PlayerControl(Repeat)</onclick>
			<visible>!Playlist.IsRepeat + !Playlist.IsRepeatOne</visible>
			<visible>Window.IsVisible(VideoPlaylist) | Window.IsVisible(MusicPlaylist)</visible>
		</item>
		<item>
			<icon>dock\icons\repeat-all.png</icon>
			<label>$LOCALIZE[597]</label>
			<onclick>PlayerControl(Repeat)</onclick>
			<visible>Playlist.IsRepeat</visible>
			<visible>Window.IsVisible(VideoPlaylist) | Window.IsVisible(MusicPlaylist)</visible>
		</item>
		<item>
			<icon>dock\icons\repeat-one.png</icon>
			<label>$LOCALIZE[596]</label>
			<onclick>PlayerControl(Repeat)</onclick>
			<visible>Playlist.IsRepeatOne</visible>
			<visible>Window.IsVisible(VideoPlaylist) | Window.IsVisible(MusicPlaylist)</visible>
		</item>
	</include>
	<include name="Dock_Rate">
		<item>
			<icon>dock\icons\favourites.png</icon>
			<label>$LOCALIZE[38018]</label>
			<onclick>setrating</onclick>
		</item>
	</include>
	<include name="Dock_Slideshow">
		<item>
			<icon>dock\icons\slideshow.png</icon>
			<label>$LOCALIZE[108]</label>
			<onclick>Dialog.Close(1201)</onclick>
			<onclick>SendClick(6)</onclick>
			<visible>Container.HasFiles</visible>
			<visible>Window.IsVisible(Pictures)</visible>
		</item>
	</include>
	<include name="Dock_SlideshowRecursive">
		<item>
			<icon>dock\icons\slideshow_r.png</icon>
			<label>$LOCALIZE[13318]</label>
			<onclick>Dialog.Close(1201)</onclick>
			<onclick>SendClick(7)</onclick>
			<visible>Container.HasFolders</visible>
			<visible>Window.IsVisible(Pictures)</visible>
		</item>
	</include>
	<include name="Dock_Randomize">
		<item>
			<icon>dock\icons\random-on.png</icon>
			<label>$LOCALIZE[590]$LOCALIZE[50053]</label>
			<onclick>Dialog.Close(1201)</onclick>
			<onclick>SendClick(9)</onclick>
			<visible>System.GetBool(Slideshow.Shuffle)</visible>
			<visible>Window.IsVisible(Pictures)</visible>
		</item>
		<item>
			<icon>dock\icons\random-off.png</icon>
			<label>$LOCALIZE[590]$LOCALIZE[50054]</label>
			<onclick>Dialog.Close(1201)</onclick>
			<onclick>SendClick(9)</onclick>
			<visible>!System.GetBool(Slideshow.Shuffle)</visible>
			<visible>Window.IsVisible(Pictures)</visible>
		</item>
	</include>
	<include name="Dock_ViewAs">
		<item id="31000">
			<icon>dock\icons\viewas.png</icon>
			<label/>
			<onclick>Container.NextViewMode</onclick>
			<onclick>SetFocus(9500)</onclick>
			<visible>!Container.Content(addons) + !Window.IsVisible(addonbrowser)</visible>
		</item>
	</include>
	<include name="Dock_SortAs">
		<item id="31001">
			<icon>dock\icons\sortas.png</icon>
			<label/>
			<onclick>Container.NextSortMethod</onclick>
			<onclick>SetFocus(9500)</onclick>
			<visible>!Window.IsVisible(VideoPlaylist) + !Window.IsVisible(MusicPlaylist)</visible>
			<visible>!Container.Content(addons) + !Window.IsVisible(addonbrowser)</visible>
		</item>
	</include>
	<include name="Dock_SortDirection">
		<item id="31002">
			<icon>dock\icons\sort-direction-asc.png</icon>
			<label>$LOCALIZE[580]</label>
			<onclick>SendClick(10025,4)</onclick>
			<visible>String.IsEqual(Container.SortOrder,$LOCALIZE[584])</visible>
			<visible>Window.IsVisible(videos)</visible>
		</item>
		<item id="31012">
			<icon>dock\icons\sort-direction-des.png</icon>
			<label>$LOCALIZE[580]</label>
			<onclick>SendClick(10025,4)</onclick>
			<visible>String.IsEqual(Container.SortOrder,$LOCALIZE[585])</visible>
			<visible>Window.IsVisible(videos)</visible>
		</item>
		<item id="31020">
			<icon>dock\icons\sort-direction-asc.png</icon>
			<label>$LOCALIZE[580]</label>
			<onclick>SendClick(10502,4)</onclick>
			<visible>String.IsEqual(Container.SortOrder,$LOCALIZE[584])</visible>
			<visible>Window.IsVisible(music)</visible>
		</item>
		<item id="31021">
			<icon>dock\icons\sort-direction-des.png</icon>
			<label>$LOCALIZE[580]</label>
			<onclick>SendClick(10502,4)</onclick>
			<visible>String.IsEqual(Container.SortOrder,$LOCALIZE[585])</visible>
			<visible>Window.IsVisible(music)</visible>
		</item>
		<item id="31030">
			<icon>dock\icons\sort-direction-asc.png</icon>
			<label>$LOCALIZE[580]</label>
			<onclick>SendClick(10040,4)</onclick>
			<visible>String.IsEqual(Container.SortOrder,$LOCALIZE[584])</visible>
			<visible>Container.Content(addons)</visible>
		</item>
		<item id="31031">
			<icon>dock\icons\sort-direction-des.png</icon>
			<label>$LOCALIZE[580]</label>
			<onclick>SendClick(10040,4)</onclick>
			<visible>String.IsEqual(Container.SortOrder,$LOCALIZE[585])</visible>
			<visible>Container.Content(addons)</visible>
		</item>
	</include>
	<include name="Dock_HideForeignAddons">
		<item id="31003">
			<icon>dock\icons\filter-on.png</icon>
			<label>50156</label>
			<onclick>Dialog.Close(1201)</onclick>
			<onclick>SendClick(10040,7)</onclick>
			<visible>System.GetBool(general.addonforeignfilter) + Container.Content(addons)</visible>
		</item>
		<item id="31004">
			<icon>dock\icons\filter-off.png</icon>
			<label>25001</label>
			<onclick>Dialog.Close(1201)</onclick>
			<onclick>SendClick(10040,7)</onclick>
			<visible>!System.GetBool(general.addonforeignfilter) + Container.Content(addons)</visible>
		</item>
		<item id="31005">
			<icon>dock\icons\show_broken_on.png</icon>
			<label>50159</label>
			<onclick>Dialog.Close(1201)</onclick>
			<onclick>SendClick(10040,8)</onclick>
			<visible>System.GetBool(general.addonbrokenfilter) + Container.Content(addons)</visible>
		</item>
		<item id="31006">
			<icon>dock\icons\show_broken_off.png</icon>
			<label>50160</label>
			<onclick>Dialog.Close(1201)</onclick>
			<onclick>SendClick(10040,8)</onclick>
			<visible>!System.GetBool(general.addonbrokenfilter) + Container.Content(addons)</visible>
		</item>
	</include>
	<include name="Dock_AutoupdateAddons">
		<item id="31007">
			<icon>dock\icons\search.png</icon>
			<label>50158</label>
			<onclick>Dialog.Close(1201)</onclick>
			<onclick>ReplaceWindow(systemsettings,addons)</onclick>
			<visible>Window.IsActive(addonbrowser)</visible>
		</item>
		<item id="31008">
			<icon>dock\icons\refresh.png</icon>
			<label>24034</label>
			<onclick>Dialog.Close(1201)</onclick>
			<onclick>SendClick(10040,9)</onclick>
			<visible>Window.IsActive(addonbrowser)</visible>
		</item>
	</include>
	<include name="Dock_Watched">
		<item>
			<icon>dock\icons\new-icon-off.png</icon>
			<label>$LOCALIZE[50057]</label>
			<onclick>SendClick(10025,14)</onclick>
			<visible>!System.Setting(HideWatched)</visible>
			<visible>Window.IsVisible(videos)</visible>
		</item>
		<item>
			<icon>dock\icons\new-icon-on.png</icon>
			<label>$LOCALIZE[50058]</label>
			<onclick>SendClick(10025,14)</onclick>
			<visible>System.Setting(HideWatched)</visible>
			<visible>Window.IsVisible(videos)</visible>
		</item>
	</include>
	<include name="Dock_Update_CleanLibrary">
		<item>
			<icon>dock\icons\refresh.png</icon>
			<label>653</label>
			<onclick>UpdateLibrary(video)</onclick>
			<visible>!Library.IsScanningVideo</visible>
			<visible>Window.IsVisible(videos)</visible>
		</item>
		<item>
			<icon>dock\icons\refresh.png</icon>
			<label>653</label>
			<onclick>UpdateLibrary(music)</onclick>
			<visible>Window.IsVisible(music)</visible>
		</item>
		<item>
			<icon>dock\icons\stop.png</icon>
			<label>13353</label>
			<onclick>Dialog.Close(1201)</onclick>
			<onclick>SendClick(20)</onclick>
			<visible>Library.IsScanningVideo</visible>
			<visible>Window.IsVisible(videos)</visible>
		</item>
		<item>
			<icon>dock\icons\clean.png</icon>
			<label>334</label>
			<onclick>CleanLibrary(video)</onclick>
			<visible>Window.IsVisible(videos)</visible>
		</item>
		<item>
			<icon>dock\icons\clean.png</icon>
			<label>334</label>
			<onclick>CleanLibrary(music)</onclick>
			<visible>Window.IsVisible(music)</visible>
		</item>
	</include>
	<include name="Dock_Search">
		<item>
			<icon>dock\icons\search.png</icon>
			<label>$LOCALIZE[137]: $INFO[Window(music).Property(search)]</label>
			<onclick>Dialog.Close(1201)</onclick>
			<onclick>SendClick(8)</onclick>
			<visible>Window.IsVisible(music)</visible>
		</item>
		<item>
			<icon>dock\icons\search.png</icon>
			<label>$LOCALIZE[137]</label>
			<onclick>Dialog.Close(1201)</onclick>
			<onclick>SendClick(8)</onclick>
			<visible>Window.IsVisible(videos)</visible>
		</item>
	</include>
	<include name="Dock_Filter">
		<item>
			<icon>dock\icons\filter-on.png</icon>
			<label>$LOCALIZE[587]: $LOCALIZE[16041] - $INFO[Window(music).Property(filter)]</label>
			<onclick>Dialog.Close(1201)</onclick>
			<onclick>SendClick(19)</onclick>
			<visible>!String.IsEmpty(Window(music).Property(filter))</visible>
			<visible>Window.IsVisible(music)</visible>
		</item>
		<item>
			<icon>dock\icons\filter-on.png</icon>
			<label>$LOCALIZE[587]: $LOCALIZE[16041] - $INFO[Window(videos).Property(filter)]</label>
			<onclick>Dialog.Close(1201)</onclick>
			<onclick>SendClick(19)</onclick>
			<visible>!String.IsEmpty(Window(videos).Property(filter))</visible>
			<visible>Window.IsVisible(videos)</visible>
		</item>
		<item>
			<icon>dock\icons\filter-off.png</icon>
			<label>$LOCALIZE[587]: $LOCALIZE[13551]</label>
			<onclick>Dialog.Close(1201)</onclick>
			<onclick>SendClick(19)</onclick>
			<visible>String.IsEmpty(Window(music).Property(filter))</visible>
			<visible>Window.IsVisible(music)</visible>
		</item>
		<item>
			<icon>dock\icons\filter-off.png</icon>
			<label>$LOCALIZE[587]: $LOCALIZE[13551]</label>
			<onclick>Dialog.Close(1201)</onclick>
			<onclick>SendClick(19)</onclick>
			<visible>String.IsEmpty(Window(videos).Property(filter))</visible>
			<visible>Window.IsVisible(videos)</visible>
		</item>
	</include>
	<include name="Dock_PartyMode">
		<item>
			<icon>dock\icons\party-mode-on.png</icon>
			<label>$LOCALIZE[50126]$LOCALIZE[50053]</label>
			<onclick>Dialog.Close(1201)</onclick>
			<onclick>playercontrol(stop)</onclick>
			<visible>musicpartymode.enabled</visible>
			<visible>Window.IsVisible(music) | Container.Content(MusicVideos)</visible>
		</item>
		<item>
			<icon>dock\icons\party-mode-off.png</icon>
			<label>$LOCALIZE[50126]$LOCALIZE[50054]</label>
			<onclick>Dialog.Close(1201)</onclick>
			<onclick>playercontrol(partymode(music))</onclick>
			<visible>!musicpartymode.enabled</visible>
			<visible>Window.IsVisible(music)</visible>
		</item>
		<item>
			<icon>dock\icons\party-mode-off.png</icon>
			<label>$LOCALIZE[50126]$LOCALIZE[50054]</label>
			<onclick>Dialog.Close(1201)</onclick>
			<onclick>playercontrol(partymode(video))</onclick>
			<visible>!musicpartymode.enabled</visible>
			<visible>Container.Content(MusicVideos)</visible>
			<!-- <visible>Window.IsVisible(videos)</visible> -->
		</item>
	</include>
	<include name="Dock_UnlockSources">
		<item>
			<icon>dock\icons\sources_locked.png</icon>
			<label>$LOCALIZE[20336]$LOCALIZE[50053]</label>
			<onclick>mastermode</onclick>
			<visible>system.haslocks</visible>
			<visible>system.ismaster</visible>
			<visible>Window.IsVisible(videos) | Window.IsVisible(music)</visible>
		</item>
		<item>
			<icon>dock\icons\sources_unlocked.png</icon>
			<label>$LOCALIZE[20336]$LOCALIZE[50054]</label>
			<onclick>mastermode</onclick>
			<visible>system.haslocks</visible>
			<visible>!system.ismaster</visible>
			<visible>Window.IsVisible(videos) | Window.IsVisible(music)</visible>
		</item>
	</include>
	<include name="Dock_Refresh">
		<item>
			<icon>dock\icons\refresh.png</icon>
			<label>$LOCALIZE[184]</label>
			<onclick>Container(9500).Refresh</onclick>
		</item>
	</include>
	<!-- Dock Weather Items -->
	<include name="Dock_Weather_Addon">
		<item>
			<icon>dock\icons\show_broken_on.png</icon>
			<label>$LOCALIZE[24029]</label>
			<onclick>Dialog.Close(1202)</onclick>
			<onclick>ReplaceWindow(servicesettings,weather)</onclick>
		</item>
	</include>
	<include name="Dock_Weather_Settings">
		<item>
			<icon>dock\icons\weather-settings.png</icon>
			<label>$LOCALIZE[10004]</label>
			<onclick>Dialog.Close(1202)</onclick>
			<onclick>Addon.OpenSettings($INFO[Weather.plugin])</onclick>
		</item>
	</include>
	<include name="Dock_Weather_Location">
		<item>
			<icon>dock\icons\weather-location.png</icon>
			<label>$LOCALIZE[50061]</label>
			<onclick>Dialog.Close(1202)</onclick>
			<onclick>Control.Message(3,moveup)</onclick>
		</item>
	</include>
	<include name="Dock_Weather_Refresh">
		<item>
			<icon>dock\icons\weather-refresh.png</icon>
			<label>$LOCALIZE[184]</label>
			<onclick>Dialog.Close(1202)</onclick>
			<onclick>Weather.Refresh</onclick>
		</item>
	</include>
	<!-- Dock Playlist Items -->
	<include name="Dock_Playlist_Open">
		<item>
			<icon>dock\icons\playlist-open.png</icon>
			<label>21385</label>
			<onclick>Dialog.Close(1203)</onclick>
			<onclick>SendClick(6)</onclick>
		</item>
	</include>
	<include name="Dock_Playlist_Save">
		<item>
			<icon>dock\icons\playlist-save.png</icon>
			<label>190</label>
			<onclick>Dialog.Close(1203)</onclick>
			<onclick>SendClick(7)</onclick>
		</item>
	</include>
	<include name="Dock_Playlist_Save_1201">
		<item>
			<icon>dock\icons\playlist-save.png</icon>
			<label>190</label>
			<onclick>Dialog.Close(1201)</onclick>
			<onclick>SendClick(21)</onclick>
			<visible>Window.IsVisible(VideoPlaylist) | Window.IsVisible(MusicPlaylist)</visible>
		</item>
	</include>
	<include name="Dock_Playlist_Clear">
		<item>
			<icon>dock\icons\playlist-clear.png</icon>
			<label>192</label>
			<onclick>Dialog.Close(1203)</onclick>
			<onclick>SendClick(8)</onclick>
		</item>
	</include>
	<include name="Dock_Playlist_Clear_Music">
		<item>
			<icon>dock\icons\playlist-clear.png</icon>
			<label>192</label>
			<onclick>Dialog.Close(1201)</onclick>
			<onclick>ReplaceWindow(music)</onclick>
			<visible>Window.IsVisible(MusicPlaylist)</visible>
		</item>
	</include>
	<include name="Dock_Playlist_Clear_Video">
		<item>
			<icon>dock\icons\playlist-clear.png</icon>
			<label>192</label>
			<onclick>Dialog.Close(1201)</onclick>
			<onclick>ReplaceWindow(music)</onclick>
			<visible>Window.IsVisible(VideoPlaylist)</visible>
		</item>
	</include>
	<!-- Dock Home Items -->
	<include name="Dock_Settings">
		<item>
			<icon>dock\icons\settings.png</icon>
			<label>5</label>
			<onclick>Dialog.Close(1200)</onclick>
			<onclick>ActivateWindow(Settings)</onclick>
		</item>
	</include>
	<include name="Dock_Logout">
		<item>
			<icon>dock\icons\logout.png</icon>
			<label>20126</label>
			<onclick>system.logoff</onclick>
			<visible>System.HasLoginScreen</visible>
			<visible>System.Loggedon</visible>
		</item>
	</include>
	<include name="Dock_Exit">
		<item>
			<icon>dock\icons\exit.png</icon>
			<label>$LOCALIZE[13006]</label>
			<onclick>Quit()</onclick>
			<visible>!Window.IsVisible(LoginScreen)</visible>
			<visible>System.Platform.Xbox </visible>
		</item>
		<item>
			<icon>dock\icons\exit.png</icon>
			<label>$LOCALIZE[13012] $LOCALIZE[50027]</label>
			<onclick>Quit()</onclick>
			<visible>!Window.IsVisible(LoginScreen)</visible>
			<visible>!System.Platform.Xbox </visible>
		</item>
	</include>
	<include name="Dock_Power_Options_1200">
		<item>
			<icon>dock\icons\power.png</icon>
			<label>$LOCALIZE[50062]</label>
			<onclick>Dialog.Close(1200)</onclick>
			<onclick>ActivateWindow(ShutdownMenu)</onclick>
		</item>
	</include>
	<include name="Dock_Power_Options_1201">
		<item>
			<icon>dock\icons\power.png</icon>
			<label>$LOCALIZE[50062]</label>
			<onclick>Dialog.Close(1201)</onclick>
			<onclick>ActivateWindow(ShutdownMenu)</onclick>
		</item>
	</include>
	<include name="Dock_Power_Options_1202">
		<item>
			<icon>dock\icons\power.png</icon>
			<label>$LOCALIZE[50062]</label>
			<onclick>Dialog.Close(1202)</onclick>
			<onclick>ActivateWindow(ShutdownMenu)</onclick>
		</item>
	</include>
	<include name="Dock_Power_Options_1203">
		<item>
			<icon>dock\icons\power.png</icon>
			<label>$LOCALIZE[50062]</label>
			<onclick>Dialog.Close(1203)</onclick>
			<onclick>ActivateWindow(ShutdownMenu)</onclick>
		</item>
	</include>
	<include name="Dock_Now_Playing_1200">
		<item>
			<icon>dock\icons\nowplaying.png</icon>
			<label>$LOCALIZE[50144]</label>
			<onclick>Dialog.Close(1200)</onclick>
			<onclick>FullScreen</onclick>
			<visible>Player.HasMedia + !VideoPlayer.IsFullscreen</visible>
		</item>
	</include>
	<include name="Dock_Now_Playing_1201">
		<item>
			<icon>dock\icons\nowplaying.png</icon>
			<label>$LOCALIZE[50144]</label>
			<onclick>Dialog.Close(1201)</onclick>
			<onclick>FullScreen</onclick>
			<visible>Player.HasMedia + !VideoPlayer.IsFullscreen</visible>
		</item>
	</include>
	<include name="Dock_Now_Playing_1202">
		<item>
			<icon>dock\icons\nowplaying.png</icon>
			<label>$LOCALIZE[50144]</label>
			<onclick>Dialog.Close(1202)</onclick>
			<onclick>FullScreen</onclick>
			<visible>Player.HasMedia + !VideoPlayer.IsFullscreen</visible>
		</item>
	</include>
	<include name="Dock_Now_Playing_1203">
		<item>
			<icon>dock\icons\nowplaying.png</icon>
			<label>$LOCALIZE[50144]</label>
			<onclick>Dialog.Close(1203)</onclick>
			<onclick>FullScreen</onclick>
			<visible>Player.HasMedia + !VideoPlayer.IsFullscreen</visible>
		</item>
	</include>
	<include name="Dock_Nav_1200">
		<item>
			<icon>dock\icons\nav.png</icon>
			<label>$LOCALIZE[50063]</label>
			<onclick>Dialog.Close(1200)</onclick>
			<onclick>ActivateWindow(PlayerControls)</onclick>
			<visible>!Window.IsVisible(LoginScreen)</visible>
		</item>
	</include>
	<include name="Dock_Nav_1201">
		<item>
			<icon>dock\icons\nav.png</icon>
			<label>$LOCALIZE[50063]</label>
			<onclick>Dialog.Close(1201)</onclick>
			<onclick>ActivateWindow(PlayerControls)</onclick>
		</item>
	</include>
	<include name="Dock_Nav_1202">
		<item>
			<icon>dock\icons\nav.png</icon>
			<label>$LOCALIZE[50063]</label>
			<onclick>Dialog.Close(1202)</onclick>
			<onclick>ActivateWindow(PlayerControls)</onclick>
		</item>
	</include>
	<include name="Dock_Nav_1203">
		<item>
			<icon>dock\icons\nav.png</icon>
			<label>$LOCALIZE[50063]</label>
			<onclick>Dialog.Close(1203)</onclick>
			<onclick>ActivateWindow(PlayerControls)</onclick>
		</item>
	</include>
	<include name="Dock_System_Info">
		<item>
			<icon>dock\icons\systeminfo.png</icon>
			<label>$LOCALIZE[50064]</label>
			<onclick>Dialog.Close(1200)</onclick>
			<onclick>ActivateWindow(systeminfo)</onclick>
			<visible>!Window.IsVisible(LoginScreen)</visible>
		</item>
	</include>
	<include name="Dock_Favourites">
		<item>
			<icon>dock\icons\favourites.png</icon>
			<label>1036</label>
			<onclick>Dialog.Close(1200)</onclick>
			<onclick>ActivateWindow(Favourites)</onclick>
			<visible>!Window.IsVisible(LoginScreen)</visible>
		</item>
	</include>
</includes>
