<?xml version="1.0" encoding="UTF-8"?>
<includes>
	<variable name="PVRBreadCrumbLabel">
		<value condition="Window.IsVisible(TVChannels) | Window.IsVisible(RadioChannels)">$LOCALIZE[19019]</value>
		<value condition="Window.IsVisible(TVGuide) | Window.IsVisible(RadioGuide)">$LOCALIZE[22020]</value>
		<value condition="Window.IsVisible(TVRecordings) | Window.IsVisible(RadioRecordings)">$LOCALIZE[19017]</value>
		<value condition="Window.IsVisible(TVSearch) | Window.IsVisible(RadioSearch)">$LOCALIZE[137]</value>
		<value condition="Window.IsVisible(TVTimers) | Window.IsVisible(RadioTimers)">$LOCALIZE[19040]</value>
		<value condition="Window.IsVisible(TVTimerRules) | Window.IsVisible(RadioTimerRules)">$LOCALIZE[19138]</value>
	</variable>
	
	<variable name="VideoLibraryBreadCrumbsLabel">
		<value condition="Container.Content(Addons) | String.Contains(Container.FolderPath,plugin:)">$LOCALIZE[24001]</value>
		<value condition="String.Contains(Container.FolderPath,/genres/)">$LOCALIZE[135]</value>
		<value condition="String.Contains(Container.FolderPath,/years/)">$LOCALIZE[652]</value>
		<value condition="String.Contains(Container.FolderPath,/actors/)">$LOCALIZE[344]</value>
		<value condition="String.Contains(Container.FolderPath,/directors/)">$LOCALIZE[20348]</value>
		<value condition="String.Contains(Container.FolderPath,/studios/)">$LOCALIZE[20388]</value>
		<value condition="String.Contains(Container.FolderPath,/tags/)">$LOCALIZE[31907]</value>
		<value condition="String.Contains(Container.FolderPath,videodb://movies/countries/)">$LOCALIZE[20451]</value>
		<value condition="String.Contains(Container.FolderPath,videodb://movies/sets/)">$LOCALIZE[20434]</value>
		<value condition="String.Contains(Container.FolderPath,videodb://musicvideos/artists/)">$LOCALIZE[133]</value>
		<value condition="String.Contains(Container.FolderPath,videodb://musicvideos/albums/)">$LOCALIZE[132]</value>
		<value condition="[String.IsEqual(Container.FolderPath,sources://video/) | Container.Content(Videos,Files)] + ![String.IsEmpty(Container.FolderPath) | String.Contains(Container.FolderPath,special://videoplaylists/) | String.Contains(Container.FolderPath,plugin:)]">$LOCALIZE[1214]</value>
		<value condition="[Window.IsActive(videoplaylist) | String.Contains(Container.FolderPath,.xsp) | String.Contains(Container.FolderPath,special://videoplaylists/)] + !String.StartsWith(Container.FolderPath,special://skin/extras/playlists/)">$LOCALIZE[136]</value>
		<value>$INFO[Container.FolderName]</value>
	</variable>
	
	<variable name="TVShowsBreadCrumbsLabel">
		<value condition="String.Contains(Container.FolderPath,inprogress)">$LOCALIZE[626]</value>
		<value>$LOCALIZE[20343]</value>
	</variable>
	
	<variable name="MusicLibraryBreadCrumbsLabel">
		<value condition="[String.Contains(Container.FolderPath,musicdb://albums/) | Container.Content(Songs) | String.EndsWith(Container.FolderPath,/-1/)] + ![String.IsEqual(Container.FolderPath,musicdb://singles/) | String.IsEqual(Container.FolderPath,musicdb://songs/) | String.IsEqual(Container.FolderPath,musicdb://top100/songs/) | String.EndsWith(Container.FolderPath,.m3u)]">$LOCALIZE[132]</value>
		<value condition="String.Contains(Container.FolderPath,musicdb://songs/) + !String.EndsWith(Container.FolderPath,.m3u)">$LOCALIZE[134]</value>
		<value condition="String.IsEqual(Container.FolderPath,musicdb://artists/) | [Container.Content(Albums) + [String.Contains(Container.FolderPath,musicdb://genres/) | String.Contains(Container.FolderPath,musicdb://artists/)]]">$LOCALIZE[133]</value>
		<value condition="String.Contains(Container.FolderPath,videodb://musicvideos/)">$LOCALIZE[20389]</value>
		<value condition="Container.Content(Addons) | String.Contains(Container.FolderPath,plugin:)">$LOCALIZE[24001]</value>
		<value condition="!Container.Content(Albums) + !Container.Content(Songs) + String.Contains(Container.FolderPath,musicdb://genres/)">$LOCALIZE[135]</value>
		<value condition="!Container.Content(Songs) + String.Contains(Container.FolderPath,musicdb://years/) + !String.EndsWith(Container.FolderPath,/-1/)">$LOCALIZE[652]</value>
		<value condition="String.IsEqual(Container.FolderPath,musicdb://top100/) | String.IsEqual(Container.FolderPath,musicdb://top100/albums/-1/)">$LOCALIZE[271]</value>
		<value condition="String.IsEqual(Container.FolderPath,musicdb://recentlyaddedalbums/)">$LOCALIZE[359]</value>
		<value condition="String.IsEqual(Container.FolderPath,musicdb://recentlyplayedalbums/)">$LOCALIZE[517]</value>
		<value condition="String.IsEqual(Container.FolderPath,musicdb://compilations/)">$LOCALIZE[521]</value>
		<value condition="String.Contains(Container.FolderPath,musicdb://singles/)">$LOCALIZE[1050]</value>
		<value condition="String.IsEqual(Container.FolderPath,special://musicplaylists/) | String.EndsWith(Container.FolderPath,.m3u)">$LOCALIZE[136]</value>
	</variable>
	
	<variable name="BreadCrumbSettingsLabel">
		<value condition="Window.IsVisible(InterfaceSettings)">$LOCALIZE[14206]</value>
		<value condition="Window.IsVisible(SkinSettings)">$LOCALIZE[166]</value>
		<value condition="Window.IsVisible(PlayerSettings)">$LOCALIZE[14200]</value>
		<value condition="Window.IsVisible(MediaSettings)">$LOCALIZE[14211]</value>
		<value condition="Window.IsVisible(PVRSettings)">$LOCALIZE[14204]</value>
		<value condition="Window.IsVisible(ServiceSettings)">$LOCALIZE[14036]</value>
		<value condition="Window.IsVisible(SystemSettings)">$LOCALIZE[13000]</value>
		<value condition="Window.IsVisible(Profiles)">$LOCALIZE[13200]</value>
		<value condition="Window.IsVisible(GameSettings)">$LOCALIZE[15016]</value>
	</variable>
	
	<include name="BreadCrumbHomeIcon">	
		<top>12</top>
		<width>20</width>
		<height>20</height>
		<hitrect x="-20" y="-20" w="60" h="60"/>
		<texturenofocus>gui/breadcrumb-home-nofocus.png</texturenofocus>
		<texturefocus>gui/breadcrumb-home-focus.png</texturefocus>
		<onright condition="Window.IsActive(MovieInformation) | Window.IsActive(AddonInformation) | Window.IsActive(musicinformation) | Window.IsActive(songinformation) | Window.IsActive(script-script.extendedinfo-DialogInfo.xml) | Window.IsActive(script-script.extendedinfo-DialogVideoInfo.xml) | Window.IsActive(script-script.extendedinfo-VideoList.xml) | Window.IsActive(script-script.extendedinfo-YoutubeList.xml)">987</onright>
		<onright condition="![Window.IsActive(MovieInformation) | Window.IsActive(AddonInformation) | Window.IsActive(musicinformation) | Window.IsActive(songinformation) | Window.IsActive(script-script.extendedinfo-DialogInfo.xml) | Window.IsActive(script-script.extendedinfo-DialogVideoInfo.xml) | Window.IsActive(script-script.extendedinfo-VideoList.xml) | Window.IsActive(script-script.extendedinfo-YoutubeList.xml)]">850</onright>
		<ondown condition="Window.IsActive(MovieInformation) | Window.IsActive(AddonInformation) | Window.IsActive(musicinformation) | Window.IsActive(songinformation) | Window.IsActive(script-script.extendedinfo-DialogInfo.xml) | Window.IsActive(script-script.extendedinfo-DialogVideoInfo.xml) | Window.IsActive(script-script.extendedinfo-VideoList.xml) | Window.IsActive(script-script.extendedinfo-YoutubeList.xml)">987</ondown>
		<ondown condition="![Window.IsActive(MovieInformation) | Window.IsActive(AddonInformation) | Window.IsActive(musicinformation) | Window.IsActive(songinformation) | Window.IsActive(script-script.extendedinfo-DialogInfo.xml) | Window.IsActive(script-script.extendedinfo-DialogVideoInfo.xml) | Window.IsActive(script-script.extendedinfo-VideoList.xml) | Window.IsActive(script-script.extendedinfo-YoutubeList.xml)]">850</ondown>
		<onclick>Dialog.Close(all,true)</onclick>
		<onclick>ActivateWindow(Home)</onclick>
		<animation type="Conditional" condition="![Container.Scrolling | Container(584).Scrolling | !String.IsEmpty(PVR.ChannelNumberInput)]">
			<effect type="fade" start="0" end="100" time="300" delay="1100"/>
			<effect type="slide" start="-60,0" time="400" tween="cubic" easing="out" delay="1100"/>	
		</animation>		
		<animation type="Conditional" condition="Container.Scrolling | Container(584).Scrolling | !String.IsEmpty(PVR.ChannelNumberInput)">
			<effect type="fade" start="100" end="0" time="300"/>
			<effect type="slide" end="-60,0" time="400" tween="cubic" easing="out"/>	
		</animation>
	</include>
	
	<include name="BreadCrumbSeparator">
		<top>10</top>
		<width>12</width>
		<height>23</height>
		<texture>gui/breadcrumb-separator.png</texture>
		<aspectratio>stretch</aspectratio>
		<animation effect="fade" end="35" condition="true">conditional</animation>
	</include>
	
	<include name="BreadCrumbLabel">
	    <width min="10" max="350">auto</width>
		<height>43</height>
		<font>BreadCrumbFontBold</font>
		<textcolor>BreadCrumbColor</textcolor>
		<aligny>center</aligny>
		<scroll>false</scroll>
	</include>
	
	<include name="BreadCrumbVideoLibrary">	
		<control type="grouplist">
			<left>10</left>
			<top>StatusBartop</top>
			<height>43</height>
			<width>740</width>
			<itemgap>8</itemgap>
			<orientation>horizontal</orientation>
			<usecontrolcoords>true</usecontrolcoords>
			<visible>!Window.IsActive(MovieInformation)</visible>
			<control type="button" id="555">
				<include>BreadCrumbHomeIcon</include>
				<include>BreadCrumbSlideLvl1Anim</include>
			</control>
			<control type="image">
				<include>BreadCrumbSeparator</include>
				<include>BreadCrumbSlideLvl1Anim</include>
			</control>
			<control type="label" id="5501">
				<description>Videos</description>
				<include>BreadCrumbLabel</include>
				<label>[UPPERCASE]$LOCALIZE[3][/UPPERCASE]</label>
				<visible>[String.IsEqual(Container.FolderPath,sources://video/) | String.IsEmpty(Container.FolderPath) | Container.Content(Addons) | String.Contains(Container.FolderPath,plugin:) | String.IsEqual(Container.FolderPath,special://videoplaylists/)] + !String.StartsWith(Container.FolderPath,special://skin/extras/playlists/)</visible>
				<include>BreadCrumbSlideLvl2Anim</include>
			</control>		
			<control type="label" id="5502">
				<description>Movies</description>
				<include>BreadCrumbLabel</include>
				<label>[UPPERCASE]$LOCALIZE[20342][/UPPERCASE]</label>
				<visible>String.Contains(Container.FolderPath,/movies/)</visible>
				<include>BreadCrumbSlideLvl2Anim</include>
			</control>			
			<control type="label" id="5503">
				<description>TV Shows</description>
				<include>BreadCrumbLabel</include>
				<label>[UPPERCASE]$VAR[TVShowsBreadCrumbsLabel][/UPPERCASE]</label>
				<visible>String.Contains(Container.FolderPath,/tvshows/) | String.Contains(Container.FolderPath,videodb://inprogresstvshows/)</visible>
				<include>BreadCrumbSlideLvl2Anim</include>
			</control>		
			<control type="label" id="5504">
				<description>Music Videos</description>
				<include>BreadCrumbLabel</include>
				<label>[UPPERCASE]$LOCALIZE[20389][/UPPERCASE]</label>
				<visible>String.Contains(Container.FolderPath,/musicvideos/)</visible>
				<include>BreadCrumbSlideLvl2Anim</include>
			</control>
			<control type="image">
				<include>BreadCrumbSeparator</include>
				<include>BreadCrumbSlideLvl2Anim</include>
				<visible>Control.IsVisible(5501) | Control.IsVisible(5502) | Control.IsVisible(5503) | Control.IsVisible(5504)</visible>
			</control>
			<control type="label" id="5505">
				<description>BreadCrumb Label</description>
				<include>BreadCrumbLabel</include>
				<label>[UPPERCASE]$VAR[VideoLibraryBreadCrumbsLabel][/UPPERCASE]</label>
				<visible>[[String.IsEqual(Container.FolderPath,sources://video/) | Container.Content(Videos,Files)] + ![String.IsEmpty(Container.FolderPath) | String.Contains(Container.FolderPath,special://videoplaylists/) | String.Contains(Container.FolderPath,plugin:)]]
				| [Container.Content(Addons) | String.Contains(Container.FolderPath,plugin:)]
				| [[Window.IsActive(videoplaylist) | String.Contains(Container.FolderPath,.xsp) | String.Contains(Container.FolderPath,special://videoplaylists/)] + !String.StartsWith(Container.FolderPath,special://skin/extras/playlists/)]
				| [![Container.Content() | String.Contains(Container.FolderPath,/titles/)] + [String.Contains(Container.FolderPath,videodb://movies/) | String.Contains(Container.FolderPath,videodb://tvshows/) | String.Contains(Container.FolderPath,videodb://musicvideos/)]] | String.IsEqual(Container.FolderPath,videodb://recentlyaddedmovies/) | String.IsEqual(Container.FolderPath,videodb://recentlyaddedepisodes/) | String.IsEqual(Container.FolderPath,videodb://recentlyaddedmusicvideos/)</visible>
				<include>BreadCrumbSlideLvl3Anim</include>
			</control>
			<control type="image">
				<include>BreadCrumbSeparator</include>
				<include>BreadCrumbSlideLvl3Anim</include>
				<visible>Control.IsVisible(5505)</visible>
			</control>
			<control type="label" id="5522">
				<description>Folder</description>
				<include>BreadCrumbLabel</include>
				<label>[UPPERCASE]$INFO[Container.FolderName][/UPPERCASE]</label>
				<visible>!String.IsEmpty(Container.FolderName)</visible>
				<visible>![String.IsEmpty(Container.FolderPath) | String.IsEqual(Container.FolderPath,sources://video/) | String.IsEqual(Container.FolderPath,special://videoplaylists/) | String.Contains(Container.FolderPath,plugin:)
				| String.Contains(Container.FolderPath,/titles/) | String.Contains(Container.FolderPath,videodb://movies/sets/) | Container.Content() | Container.Content(Genres) | Container.Content(Years) | Container.Content(Actors) | Container.Content(Directors) | Container.Content(Studios) | Container.Content(Countries) | Container.Content(Artists) | Container.Content(Tags) | Container.Content(Addons)
				| String.IsEqual(Container.FolderPath,videodb://recentlyaddedmovies/)| String.IsEqual(Container.FolderPath,videodb://recentlyaddedepisodes/)| String.IsEqual(Container.FolderPath,videodb://recentlyaddedmusicvideos/)]
				| String.EndsWith(Container.FolderPath,.xsp) | String.Contains(Container.FolderPath,plugin:)
				| [Container.Content(Episodes) + String.Contains(Container.FolderPath,plugin:)] | [Container.Content(Seasons) + String.Contains(Container.FolderPath,plugin:)]</visible>
				<include>BreadCrumbSlideLvl4Anim</include>
			</control>
			<control type="image">
				<include>BreadCrumbSeparator</include>
				<visible>Control.IsVisible(5522)</visible>
				<include>BreadCrumbSlideLvl4Anim</include>
			</control>
			<control type="label" id="5519">
				<description>TV Show Title</description>
				<include>BreadCrumbLabel</include>
				<label>[UPPERCASE]$INFO[Container.ShowTitle][/UPPERCASE]</label>
				<visible>!String.IsEqual(Container.FolderPath,videodb://recentlyaddedepisodes/) + !String.Contains(Container.FolderPath,plugin:) + !String.IsEmpty(Container.ShowTitle) + [Container.Content(Seasons) | Container.Content(Episodes)]</visible>
				<include>BreadCrumbSlideLvl3Anim</include>
			</control>
			<control type="label" id="5520">
				<description>Movie / TV Show Title</description>
				<include>BreadCrumbLabel</include>
				<label>[UPPERCASE]$INFO[ListItem.Label][/UPPERCASE]</label>
				<visible>[Skin.HasSetting(DisplayMovieTitle) + [Container.Content(Movies) | Container.Content(Sets)]] | [Skin.HasSetting(DisplayTVShowsTitle) + Container.Content(TVShows)]</visible>
				<include>BreadCrumbSlideLvl3Anim</include>
			</control>
			<control type="label" id="5525">
				<description>Music Video Artist</description>
				<include>BreadCrumbLabel</include>
				<label>[UPPERCASE]$INFO[ListItem.Artist][/UPPERCASE]</label>
				<visible>Skin.HasSetting(DisplayMusicVideosArtist) + Container.Content(MusicVideos) + !String.IsEmpty(ListItem.Artist)</visible>
				<include>BreadCrumbSlideLvl3Anim</include>
			</control>
			<control type="image">
				<include>BreadCrumbSeparator</include>
				<visible>Control.IsVisible(5519) | Control.IsVisible(5520) | Control.IsVisible(5525) | Control.IsVisible(5527)</visible>
				<include>BreadCrumbSlideLvl3Anim</include>
			</control>
			<control type="label" id="5526">
				<description>Season Number</description>
				<include>BreadCrumbLabel</include>
				<label>[UPPERCASE]$INFO[ListItem.Season,$LOCALIZE[20373] ,][/UPPERCASE]</label>
				<visible>Container.Content(Episodes) + !String.IsEmpty(ListItem.Season)</visible>
				<include>BreadCrumbSlideLvl4Anim</include>
			</control>
			<control type="image">
				<include>BreadCrumbSeparator</include>
				<visible>Control.IsVisible(5526)</visible>
				<include>BreadCrumbSlideLvl4Anim</include>
			</control>
		</control>
	</include>
	
	<include name="BreadCrumbVideoPlaylist">
		<control type="grouplist">
			<left>10</left>
			<top>StatusBartop</top>
			<height>43</height>
			<width>740</width>
			<itemgap>8</itemgap>
			<orientation>horizontal</orientation>
			<usecontrolcoords>true</usecontrolcoords>
			<visible>!Window.IsActive(MovieInformation)</visible>
			<control type="button" id="555">
				<include>BreadCrumbHomeIcon</include>
				<include>BreadCrumbSlideLvl1Anim</include>
			</control>
			<control type="image">
				<include>BreadCrumbSeparator</include>
				<include>BreadCrumbSlideLvl1Anim</include>
			</control>
			<control type="label" id="5501">
				<description>Videos</description>
				<include>BreadCrumbLabel</include>
				<label>[UPPERCASE]$LOCALIZE[3][/UPPERCASE]</label>
				<include>BreadCrumbSlideLvl2Anim</include>
			</control>
			<control type="image">
				<include>BreadCrumbSeparator</include>
				<include>BreadCrumbSlideLvl2Anim</include>
			</control>
			<control type="label" id="5502">
				<description>Now Playing</description>
				<include>BreadCrumbLabel</include>
				<label>[UPPERCASE]$LOCALIZE[13350][/UPPERCASE]</label>
				<include>BreadCrumbSlideLvl3Anim</include>
			</control>
			<control type="image">
				<include>BreadCrumbSeparator</include>
				<include>BreadCrumbSlideLvl3Anim</include>
			</control>
		</control>
	</include>
			
	<include name="BreadCrumbMusicLibrary">
		<control type="grouplist">
			<left>10</left>
			<top>StatusBartop</top>
			<height>43</height>
			<width>740</width>
			<itemgap>8</itemgap>
			<orientation>horizontal</orientation>
			<usecontrolcoords>true</usecontrolcoords>
			<visible>![Window.IsActive(musicinformation) | Window.IsActive(songinformation) | Window.IsActive(MovieInformation)]</visible>
			<control type="button" id="555">
				<include>BreadCrumbHomeIcon</include>
				<include>BreadCrumbSlideLvl1Anim</include>
			</control>
			<control type="image">
				<include>BreadCrumbSeparator</include>
				<include>BreadCrumbSlideLvl1Anim</include>
			</control>		
			<control type="label" id="5501">
				<description>Music</description>
				<include>BreadCrumbLabel</include>
				<label>[UPPERCASE]$LOCALIZE[2][/UPPERCASE]</label>
				<visible>String.IsEmpty(Container.FolderPath) | Window.IsActive(Music) | String.Contains(Container.FolderPath,musicdb://) | String.IsEqual(Container.FolderPath,special://musicplaylists/) | String.EndsWith(Container.FolderPath,.m3u)
				| Container.Content(Addons) | String.Contains(Container.FolderPath,plugin:)</visible>
				<include>BreadCrumbSlideLvl2Anim</include>
			</control>
			<control type="image">
				<include>BreadCrumbSeparator</include>
				<include>BreadCrumbSlideLvl2Anim</include>
			</control>
			<control type="label" id="5502">
				<description>BreadCrumb Label</description>
				<include>BreadCrumbLabel</include>
				<label>[UPPERCASE]$VAR[MusicLibraryBreadCrumbsLabel][/UPPERCASE]</label>
				<include>BreadCrumbSlideLvl3Anim</include>
				<visible>[[String.Contains(Container.FolderPath,musicdb://albums/) | Container.Content(Songs) | String.EndsWith(Container.FolderPath,/-1/)] + ![String.IsEqual(Container.FolderPath,musicdb://singles/) | String.IsEqual(Container.FolderPath,musicdb://songs/) | String.IsEqual(Container.FolderPath,musicdb://top100/songs/) | String.EndsWith(Container.FolderPath,.m3u) | String.StartsWith(Container.FolderPath,special://skin/extras/playlists/)]] | [String.Contains(Container.FolderPath,musicdb://songs/) + !String.EndsWith(Container.FolderPath,.m3u)] | [String.IsEqual(Container.FolderPath,musicdb://artists/)	| [Container.Content(Albums) + [String.Contains(Container.FolderPath,musicdb://genres/) | String.Contains(Container.FolderPath,musicdb://artists/)]]] | String.Contains(Container.FolderPath,videodb://musicvideos/)
				| [Container.Content(Addons) | String.Contains(Container.FolderPath,plugin:)] | [!Container.Content(Albums) + !Container.Content(Songs) + String.Contains(Container.FolderPath,musicdb://genres/)] | [!Container.Content(Songs) + String.Contains(Container.FolderPath,musicdb://years/) + !String.EndsWith(Container.FolderPath,/-1/)] | [String.IsEqual(Container.FolderPath,musicdb://top100/) | String.IsEqual(Container.FolderPath,musicdb://top100/albums/-1/)]
				| String.IsEqual(Container.FolderPath,musicdb://recentlyaddedalbums/) | String.IsEqual(Container.FolderPath,musicdb://recentlyplayedalbums/) | String.IsEqual(Container.FolderPath,musicdb://compilations/)
				| String.Contains(Container.FolderPath,musicdb://singles/) | [String.IsEqual(Container.FolderPath,special://musicplaylists/) | String.EndsWith(Container.FolderPath,.m3u)]</visible>
			</control>
			<control type="image">
				<include>BreadCrumbSeparator</include>
				<visible>Control.IsVisible(5502)</visible>
				<include>BreadCrumbSlideLvl3Anim</include>
			</control>
			<control type="label" id="5514">
				<description>Folder</description>
				<include>BreadCrumbLabel</include>
				<label>[UPPERCASE]$INFO[Container.FolderName][/UPPERCASE]</label>
				<visible>[!Container.Content(Genres) + String.Contains(Container.FolderPath,musicdb://genres/)]
				| [!Container.Content(Artists) + String.Contains(Container.FolderPath,musicdb://artists/)]
				| [!Container.Content(Albums) + String.Contains(Container.FolderPath,musicdb://albums/)]
				| [!Container.Content(Years) + String.Contains(Container.FolderPath,musicdb://years/)]
				| [!Container.Content(Albums) + [String.Contains(Container.FolderPath,musicdb://recentlyaddedalbums/) | String.Contains(Container.FolderPath,musicdb://recentlyplayedalbums/) | String.Contains(Container.FolderPath,musicdb://compilations/)]]
				| [String.Contains(Container.FolderPath,musicdb://top100/) + [Container.Content(Songs) | Container.Content(Albums)]]
				| String.EndsWith(Container.FolderPath,.m3u) | String.Contains(Container.FolderPath,plugin:)				
				| [Window.IsActive(Music) + ![String.IsEmpty(Container.FolderPath) | String.IsEqual(Container.FolderPath,sources://audio/) | String.Contains(Container.FolderPath,musicdb://)
				| String.IsEqual(Container.FolderPath,special://musicplaylists/) | Container.Content(Addons)]]</visible>
				<include>BreadCrumbSlideLvl4Anim</include>
			</control>
			<control type="image">
				<include>BreadCrumbSeparator</include>
				<visible>Control.IsVisible(5514)</visible>
				<include>BreadCrumbSlideLvl4Anim</include>
			</control>
			<control type="label" id="5526">
				<description>Music Library Label</description>
				<include>BreadCrumbLabel</include>
				<label>[UPPERCASE]$INFO[ListItem.Label][/UPPERCASE]</label>
				<visible>Skin.HasSetting(DisplayMusicLibraryTitle) + Window.IsActive(Music) + !String.IsEmpty(ListItem.Artist)</visible>
				<include>BreadCrumbSlideLvl3Anim</include>
			</control>
			<control type="image">
				<include>BreadCrumbSeparator</include>
				<visible>Control.IsVisible(5526)</visible>
				<include>BreadCrumbSlideLvl4Anim</include>
			</control>	
		</control>	
	</include>
	
	<include name="BreadCrumbMusicPlaylist">	
		<control type="grouplist">
			<left>10</left>
			<top>StatusBartop</top>
			<height>43</height>
			<width>740</width>
			<itemgap>8</itemgap>
			<orientation>horizontal</orientation>
			<usecontrolcoords>true</usecontrolcoords>
			<visible>!Window.IsActive(musicinformation) + !Window.IsActive(songinformation) + !Window.IsActive(MovieInformation)</visible>
			<control type="button" id="555">
				<include>BreadCrumbHomeIcon</include>
				<include>BreadCrumbSlideLvl1Anim</include>
			</control>
			<control type="image">
				<include>BreadCrumbSeparator</include>
				<include>BreadCrumbSlideLvl1Anim</include>
			</control>
			<control type="label" id="5501">
				<description>Music</description>
				<include>BreadCrumbLabel</include>
				<label>[UPPERCASE]$LOCALIZE[2][/UPPERCASE]</label>
				<include>BreadCrumbSlideLvl2Anim</include>
			</control>
			<control type="image">
				<include>BreadCrumbSeparator</include>
				<include>BreadCrumbSlideLvl2Anim</include>
			</control>
			<control type="label" id="5502">
				<description>Now Playing</description>
				<include>BreadCrumbLabel</include>
				<label>[UPPERCASE]$LOCALIZE[13350][/UPPERCASE]</label>
				<include>BreadCrumbSlideLvl3Anim</include>
			</control>
			<control type="image">
				<include>BreadCrumbSeparator</include>
				<include>BreadCrumbSlideLvl3Anim</include>
			</control>
		</control>
	</include>
	
	<include name="BreadCrumbMusicPlaylistEditor">
		<control type="grouplist">
			<left>10</left>
			<top>StatusBartop</top>
			<height>43</height>
			<width>740</width>
			<itemgap>8</itemgap>
			<orientation>horizontal</orientation>
			<usecontrolcoords>true</usecontrolcoords>
			<control type="button" id="555">
				<include>BreadCrumbHomeIcon</include>
				<include>BreadCrumbSlideLvl1Anim</include>
			</control>
			<control type="image">
				<include>BreadCrumbSeparator</include>
				<include>BreadCrumbSlideLvl1Anim</include>
			</control>
			<control type="label" id="5501">
				<description>Music</description>
				<include>BreadCrumbLabel</include>
				<label>[UPPERCASE]$LOCALIZE[2][/UPPERCASE]</label>
				<include>BreadCrumbSlideLvl2Anim</include>
			</control>
			<control type="image">
				<include>BreadCrumbSeparator</include>
				<include>BreadCrumbSlideLvl2Anim</include>
			</control>
			<control type="label" id="5502">
				<description>Playlist Editor</description>
				<include>BreadCrumbLabel</include>
				<label>[UPPERCASE]$LOCALIZE[10503][/UPPERCASE]</label>	
				<include>BreadCrumbSlideLvl3Anim</include>
			</control>	
			<control type="image">
				<include>BreadCrumbSeparator</include>
				<include>BreadCrumbSlideLvl3Anim</include>
			</control>
		</control>
	</include>
	
	<include name="BreadCrumbPictures">
		<control type="grouplist">
			<left>10</left>
			<top>StatusBartop</top>
			<height>43</height>
			<width>740</width>
			<itemgap>8</itemgap>
			<orientation>horizontal</orientation>
			<usecontrolcoords>true</usecontrolcoords>
			<control type="button" id="555">
				<include>BreadCrumbHomeIcon</include>
				<include>BreadCrumbSlideLvl1Anim</include>
			</control>
			<control type="image">
				<include>BreadCrumbSeparator</include>
				<include>BreadCrumbSlideLvl1Anim</include>
			</control>
			<control type="label" id="5501">
				<description>Pictures</description>
				<include>BreadCrumbLabel</include>
				<label>[UPPERCASE]$LOCALIZE[1][/UPPERCASE]</label>
				<include>BreadCrumbSlideLvl2Anim</include>
			</control>
			<control type="image">
				<include>BreadCrumbSeparator</include>
				<include>BreadCrumbSlideLvl2Anim</include>
			</control>
			<control type="label" id="5502">
				<description>Files</description>
				<include>BreadCrumbLabel</include>
				<label>[UPPERCASE]$LOCALIZE[1214][/UPPERCASE]</label>
				<visible>!Container.Content(Addons) + !String.Contains(Container.FolderPath,plugin:)</visible>
				<include>BreadCrumbSlideLvl3Anim</include>
			</control>
			<control type="label" id="5503">
				<description>Add-ons</description>
				<include>BreadCrumbLabel</include>
				<label>[UPPERCASE]$LOCALIZE[24001][/UPPERCASE]</label>
				<visible>Container.Content(Addons) | String.Contains(Container.FolderPath,plugin:)</visible>
				<include>BreadCrumbSlideLvl3Anim</include>
			</control>
			<control type="image">
				<include>BreadCrumbSeparator</include>
				<visible>Control.IsVisible(5502) | Control.IsVisible(5503)</visible>
				<include>BreadCrumbSlideLvl3Anim</include>
			</control>
			<control type="label" id="5504">
				<description>Folder</description>
				<include>BreadCrumbLabel</include>
				<label>[UPPERCASE]$INFO[Container.FolderName][/UPPERCASE]</label>
				<visible>!String.IsEmpty(Container.FolderPath) + !Container.Content(Addons) | String.Contains(Container.FolderPath,plugin:)</visible>
				<include>BreadCrumbSlideLvl4Anim</include>
			</control>
			<control type="image">
				<include>BreadCrumbSeparator</include>
				<visible>Control.IsVisible(5504)</visible>
				<include>BreadCrumbSlideLvl4Anim</include>
			</control>
		</control>
	</include>
	
	<include name="BreadCrumbPrograms">		
		<control type="grouplist">
			<left>10</left>
			<top>StatusBartop</top>
			<height>43</height>
			<width>740</width>
			<itemgap>8</itemgap>
			<orientation>horizontal</orientation>
			<usecontrolcoords>true</usecontrolcoords>
			<control type="button" id="555">
				<include>BreadCrumbHomeIcon</include>
				<include>BreadCrumbSlideLvl1Anim</include>
			</control>
			<control type="image">
				<include>BreadCrumbSeparator</include>
				<include>BreadCrumbSlideLvl1Anim</include>
			</control>
			<control type="label" id="5501">
				<description>Programs</description>
				<include>BreadCrumbLabel</include>
				<label>[UPPERCASE]$LOCALIZE[0][/UPPERCASE]</label>
				<include>BreadCrumbSlideLvl2Anim</include>
			</control>
			<control type="image">
				<include>BreadCrumbSeparator</include>
				<include>BreadCrumbSlideLvl2Anim</include>
			</control>
			<control type="label" id="5502">
				<description>Files</description>
				<include>BreadCrumbLabel</include>
				<label>[UPPERCASE]$LOCALIZE[1214][/UPPERCASE]</label>
				<visible>!Container.Content(Addons) + !String.Contains(Container.FolderPath,plugin:)</visible>
				<include>BreadCrumbSlideLvl3Anim</include>
			</control>
			<control type="label" id="5503">
				<description>Add-ons</description>
				<include>BreadCrumbLabel</include>
				<label>[UPPERCASE]$LOCALIZE[24001][/UPPERCASE]</label>
				<visible>Container.Content(Addons) | String.Contains(Container.FolderPath,plugin:)</visible>
				<include>BreadCrumbSlideLvl3Anim</include>
			</control>
			<control type="image">
				<include>BreadCrumbSeparator</include>
				<visible>Control.IsVisible(5502) | Control.IsVisible(5503)</visible>
				<include>BreadCrumbSlideLvl3Anim</include>
			</control>
			<control type="label" id="5504">
				<description>Folder</description>
				<include>BreadCrumbLabel</include>
				<label>[UPPERCASE]$INFO[Container.FolderName][/UPPERCASE]</label>
				<visible>!String.IsEmpty(Container.FolderPath) + !Container.Content(Addons) | String.Contains(Container.FolderPath,plugin:)</visible>
				<include>BreadCrumbSlideLvl4Anim</include>
			</control>
			<control type="image">
				<include>BreadCrumbSeparator</include>
				<visible>Control.IsVisible(5504)</visible>
				<include>BreadCrumbSlideLvl4Anim</include>
			</control>
		</control>	
	</include>
	
	<include name="BreadCrumbGames">		
		<control type="grouplist">
			<left>10</left>
			<top>StatusBartop</top>
			<height>43</height>
			<width>740</width>
			<itemgap>8</itemgap>
			<orientation>horizontal</orientation>
			<usecontrolcoords>true</usecontrolcoords>
			<control type="button" id="555">
				<include>BreadCrumbHomeIcon</include>
				<include>BreadCrumbSlideLvl1Anim</include>
			</control>
			<control type="image">
				<include>BreadCrumbSeparator</include>
				<include>BreadCrumbSlideLvl1Anim</include>
			</control>
			<control type="label" id="5501">
				<description>Games</description>
				<include>BreadCrumbLabel</include>
				<label>[UPPERCASE]$LOCALIZE[15016][/UPPERCASE]</label>
				<include>BreadCrumbSlideLvl2Anim</include>
			</control>
			<control type="image">
				<include>BreadCrumbSeparator</include>
				<include>BreadCrumbSlideLvl2Anim</include>
			</control>
			<control type="label" id="5502">
				<description>Files</description>
				<include>BreadCrumbLabel</include>
				<label>[UPPERCASE]$LOCALIZE[1214][/UPPERCASE]</label>
				<visible>!Container.Content(Addons) + !String.Contains(Container.FolderPath,plugin:)</visible>
				<include>BreadCrumbSlideLvl3Anim</include>
			</control>
			<control type="label" id="5503">
				<description>Add-ons</description>
				<include>BreadCrumbLabel</include>
				<label>[UPPERCASE]$LOCALIZE[24001][/UPPERCASE]</label>
				<visible>Container.Content(Addons) | String.Contains(Container.FolderPath,plugin:)</visible>
				<include>BreadCrumbSlideLvl3Anim</include>
			</control>
			<control type="image">
				<include>BreadCrumbSeparator</include>
				<visible>Control.IsVisible(5502) | Control.IsVisible(5503)</visible>
				<include>BreadCrumbSlideLvl3Anim</include>
			</control>
			<control type="label" id="5504">
				<description>Folder</description>
				<include>BreadCrumbLabel</include>
				<label>[UPPERCASE]$INFO[Container.FolderName][/UPPERCASE]</label>
				<visible>!String.IsEmpty(Container.FolderPath) + !Container.Content(Addons) | String.Contains(Container.FolderPath,plugin:)</visible>
				<include>BreadCrumbSlideLvl4Anim</include>
			</control>
			<control type="image">
				<include>BreadCrumbSeparator</include>
				<visible>Control.IsVisible(5504)</visible>
				<include>BreadCrumbSlideLvl4Anim</include>
			</control>
		</control>	
	</include>
	
	<include name="BreadCrumbAddons">
		<control type="grouplist">
			<left>10</left>
			<top>StatusBartop</top>
			<height>43</height>
			<width>740</width>
			<itemgap>8</itemgap>
			<orientation>horizontal</orientation>
			<usecontrolcoords>true</usecontrolcoords>
			<control type="button" id="555">
				<include>BreadCrumbHomeIcon</include>
				<include>BreadCrumbSlideLvl1Anim</include>
			</control>
			<control type="image">
				<include>BreadCrumbSeparator</include>
				<include>BreadCrumbSlideLvl1Anim</include>
			</control>
			<control type="label" id="5501">
				<description>Add-ons</description>
				<include>BreadCrumbLabel</include>
				<label>[UPPERCASE]$LOCALIZE[24001][/UPPERCASE]</label>
				<include>BreadCrumbSlideLvl2Anim</include>
			</control>
			<control type="image">
				<include>BreadCrumbSeparator</include>
				<include>BreadCrumbSlideLvl2Anim</include>
			</control>
			<control type="label" id="5502">
				<description>Repository Name</description>
				<include>BreadCrumbLabel</include>
				<label>[UPPERCASE]$INFO[Container.Property(reponame)][/UPPERCASE]</label>
				<visible>!String.IsEmpty(Container.Property(reponame))</visible>
				<include>BreadCrumbSlideLvl3Anim</include>
			</control>
			<control type="label" id="5503">
				<description>Get Add-ons</description>
				<include>BreadCrumbLabel</include>
				<label>[UPPERCASE]$LOCALIZE[24033][/UPPERCASE]</label>
				<visible>String.IsEqual(Container.FolderPath,addons://repos/) + String.IsEmpty(Container.Property(reponame))</visible>
				<include>BreadCrumbSlideLvl3Anim</include>
			</control>
			<control type="label" id="5504">
				<description>Folder</description>
				<include>BreadCrumbLabel</include>
				<label>[UPPERCASE]$INFO[Container.FolderName][/UPPERCASE]</label>
				<visible>!String.IsEqual(Container.FolderPath,addons://) + !String.IsEqual(Container.FolderPath,addons://repos/) + String.IsEmpty(Container.Property(reponame))</visible>
				<include>BreadCrumbSlideLvl3Anim</include>
			</control>
			<control type="image">
				<include>BreadCrumbSeparator</include>
				<visible>Control.IsVisible(5502) | Control.IsVisible(5503) | Control.IsVisible(5504)</visible>
				<include>BreadCrumbSlideLvl3Anim</include>
			</control>
			<control type="label" id="5505">
				<description>Add-on Category</description>
				<include>BreadCrumbLabel</include>
				<label>[UPPERCASE]$INFO[Container.Property(AddonCategory)][/UPPERCASE]</label>
				<visible>!String.IsEmpty(Container.Property(AddonCategory)) + !String.IsEmpty(Container.Property(reponame))</visible>
				<include>BreadCrumbSlideLvl4Anim</include>
			</control>
			<control type="image">
				<include>BreadCrumbSeparator</include>
				<visible>Control.IsVisible(5505)</visible>
				<include>BreadCrumbSlideLvl4Anim</include>
			</control>
		</control>
	</include>

	<include name="BreadCrumbPVR">
		<control type="grouplist">
			<left>10</left>
			<top>StatusBartop</top>
			<height>43</height>
			<width>740</width>
			<itemgap>8</itemgap>
			<orientation>horizontal</orientation>
			<usecontrolcoords>true</usecontrolcoords>
			<visible>!Window.IsActive(DialogPVRInfo.xml)</visible>
			<control type="button" id="555">
				<include>BreadCrumbHomeIcon</include>
				<include>BreadCrumbSlideLvl1Anim</include>
			</control>
			<control type="image">
				<include>BreadCrumbSeparator</include>
				<include>BreadCrumbSlideLvl1Anim</include>
			</control>
			<control type="label" id="5501">
				<description>TV</description>
				<include>BreadCrumbLabel</include>
				<label>[UPPERCASE]$LOCALIZE[19020][/UPPERCASE]</label>
				<include>BreadCrumbSlideLvl2Anim</include>
				<visible>String.IsEmpty(Window.Property(IsRadio))</visible>
			</control>
			<control type="label" id="5501">
				<description>Radio</description>
				<include>BreadCrumbLabel</include>
				<label>[UPPERCASE]$LOCALIZE[19021][/UPPERCASE]</label>
				<include>BreadCrumbSlideLvl2Anim</include>
				<visible>!String.IsEmpty(Window.Property(IsRadio))</visible>
			</control>
			<control type="image">
				<include>BreadCrumbSeparator</include>
				<include>BreadCrumbSlideLvl2Anim</include>
			</control>
			<control type="label">
				<include>BreadCrumbLabel</include>
				<include>BreadCrumbSlideLvl3Anim</include>
				<label>[UPPERCASE]$VAR[PVRBreadCrumbLabel][/UPPERCASE]</label>
			</control>
			<control type="image">
				<include>BreadCrumbSeparator</include>
				<include>BreadCrumbSlideLvl2Anim</include>
			</control>
			<control type="label" id="29">
				<include>BreadCrumbLabel</include>
				<include>BreadCrumbSlideLvl3Anim</include>
			</control>
			<control type="image">
				<visible>!String.IsEmpty(Control.GetLabel(29))</visible>
				<include>BreadCrumbSeparator</include>
				<include>BreadCrumbSlideLvl3Anim</include>
			</control>
			<control type="label" id="30">
				<include>BreadCrumbLabel</include>
				<include>BreadCrumbSlideLvl4Anim</include>
			</control>
			<control type="image">
				<visible>!String.IsEmpty(Control.GetLabel(30))</visible>
				<include>BreadCrumbSeparator</include>
				<include>BreadCrumbSlideLvl4Anim</include>
			</control>
		</control>
	</include>
	
	<include name="BreadCrumbPVRInfo">
		<control type="grouplist">
			<left>10</left>
			<top>StatusBartop</top>
			<height>43</height>
			<width>740</width>
			<itemgap>8</itemgap>
			<orientation>horizontal</orientation>
			<usecontrolcoords>true</usecontrolcoords>
			<control type="button" id="555">
				<include>BreadCrumbHomeIcon</include>
				<include>BreadCrumbSlideLvl1Anim</include>
			</control>
			<control type="image">
				<include>BreadCrumbSeparator</include>
				<include>BreadCrumbSlideLvl1Anim</include>
			</control>
			<control type="label" id="5501">
				<description>TV</description>
				<include>BreadCrumbLabel</include>
				<label>[UPPERCASE]$LOCALIZE[19020][/UPPERCASE]</label>
				<include>BreadCrumbSlideLvl2Anim</include>
				<visible>String.IsEmpty(Window.Property(IsRadio))</visible>
			</control>
			<control type="label" id="5501">
				<description>Radio</description>
				<include>BreadCrumbLabel</include>
				<label>[UPPERCASE]$LOCALIZE[19021][/UPPERCASE]</label>
				<include>BreadCrumbSlideLvl2Anim</include>
				<visible>!String.IsEmpty(Window.Property(IsRadio))</visible>
			</control>
			<control type="image">
				<include>BreadCrumbSeparator</include>
				<include>BreadCrumbSlideLvl2Anim</include>
			</control>
			<control type="label" id="5502">
				<description>Channel</description>
				<include>BreadCrumbLabel</include>
				<label>[UPPERCASE]$LOCALIZE[19029][/UPPERCASE]</label>
				<include>BreadCrumbSlideLvl3Anim</include>
				<visible>Window.IsActive(pvrguideinfo)</visible>
			</control>
			<control type="label" id="5502">
				<description>Recording</description>
				<include>BreadCrumbLabel</include>
				<label>[UPPERCASE]$LOCALIZE[19043][/UPPERCASE]</label>
				<include>BreadCrumbSlideLvl3Anim</include>
				<visible>Window.IsActive(pvrrecordinginfo)</visible>
			</control>
			<control type="image">
				<include>BreadCrumbSeparator</include>
				<include>BreadCrumbSlideLvl3Anim</include>
			</control>
			<control type="label" id="5503">
				<description>Information</description>
				<include>BreadCrumbLabel</include>
				<label>[UPPERCASE]$LOCALIZE[31304][/UPPERCASE]</label>
				<include>BreadCrumbSlideLvl4Anim</include>
			</control>
			<control type="image">
				<include>BreadCrumbSeparator</include>
				<include>BreadCrumbSlideLvl4Anim</include>
			</control>
		</control>
	</include>
	
	<include name="BreadCrumbSettings">
		<control type="grouplist">
			<left>10</left>
			<top>StatusBartop</top>
			<height>43</height>
			<width>740</width>
			<itemgap>8</itemgap>
			<orientation>horizontal</orientation>
			<usecontrolcoords>true</usecontrolcoords>
			<control type="button" id="555">
				<include>BreadCrumbHomeIcon</include>
				<include>BreadCrumbSlideLvl1Anim</include>
			</control>
			<control type="image">
				<include>BreadCrumbSeparator</include>
				<include>BreadCrumbSlideLvl1Anim</include>
			</control>
			<control type="label" id="5501">
				<description>Settings</description>
				<include>BreadCrumbLabel</include>
				<label>[UPPERCASE]$LOCALIZE[5][/UPPERCASE]</label>
				<include>BreadCrumbSlideLvl2Anim</include>
			</control>
			<control type="image">
				<include>BreadCrumbSeparator</include>
				<include>BreadCrumbSlideLvl2Anim</include>
			</control>
			<control type="label" id="5502">
				<description>Label</description>
				<include>BreadCrumbLabel</include>
				<label>[UPPERCASE]$VAR[BreadCrumbSettingsLabel][/UPPERCASE]</label>
				<include>BreadCrumbSlideLvl3Anim</include>
			</control>
			<control type="image">
				<include>BreadCrumbSeparator</include>
				<include>BreadCrumbSlideLvl3Anim</include>
			</control>
		</control>
	</include>
	
	<include name="BreadCrumbMediaInfo">
		<control type="grouplist">
			<left>10</left>
			<top>StatusBartop</top>
			<height>43</height>
			<width>740</width>
			<itemgap>8</itemgap>
			<orientation>horizontal</orientation>
			<usecontrolcoords>true</usecontrolcoords>
			<control type="button" id="555">
				<include>BreadCrumbHomeIcon</include>
				<include>BreadCrumbSlideLvl1Anim</include>
			</control>
			<control type="image">
				<include>BreadCrumbSeparator</include>
				<include>BreadCrumbSlideLvl1Anim</include>
			</control>
			<control type="label" id="5501">
				<description>Unknown</description>
				<include>BreadCrumbLabel</include>
				<label>[UPPERCASE]?[/UPPERCASE]</label>
				<visible>!String.IsEqual(ListItem.DBTYPE,movie) + !String.IsEqual(ListItem.DBTYPE,tvshow) + !String.IsEqual(ListItem.DBTYPE,season) + !String.IsEqual(ListItem.DBTYPE,episode) + !String.IsEqual(ListItem.DBTYPE,song)
				+ !String.IsEqual(ListItem.DBTYPE,musicvideo) + !String.IsEqual(ListItem.DBTYPE,album) + !String.IsEqual(ListItem.DBTYPE,artist) + !Container.Content(Directors) + !Container.Content(Actors)
				+ !Window.IsActive(AddonInformation) + !String.Contains(Container.FolderPath,plugin://plugin.program)</visible>
				<include>BreadCrumbSlideLvl2Anim</include>
			</control>
			<control type="label" id="5502">
				<description>Movie</description>
				<include>BreadCrumbLabel</include>
				<label>[UPPERCASE]$LOCALIZE[20338][/UPPERCASE]</label>
				<visible>String.IsEqual(ListItem.DBTYPE,movie)</visible>
				<include>BreadCrumbSlideLvl2Anim</include>
			</control>
			<control type="label" id="5503">
				<description>TV Show</description>
				<include>BreadCrumbLabel</include>
				<label>[UPPERCASE]$LOCALIZE[20364][/UPPERCASE]</label>
				<visible>String.IsEqual(ListItem.DBTYPE,tvshow) | String.IsEqual(ListItem.DBTYPE,season)</visible>
				<include>BreadCrumbSlideLvl2Anim</include>
			</control>
			<control type="label" id="5504">
				<description>Episode</description>
				<include>BreadCrumbLabel</include>
				<label>[UPPERCASE]$LOCALIZE[20359][/UPPERCASE]</label>
				<visible>String.IsEqual(ListItem.DBTYPE,episode)</visible>
				<include>BreadCrumbSlideLvl2Anim</include>
			</control>
			<control type="label" id="5505">
				<description>Music Video</description>
				<include>BreadCrumbLabel</include>
				<label>[UPPERCASE]$LOCALIZE[20391][/UPPERCASE]</label>
				<visible>String.IsEqual(ListItem.DBTYPE,musicvideo)</visible>
				<include>BreadCrumbSlideLvl2Anim</include>
			</control>
			<control type="label" id="5506">
				<description>Album</description>
				<include>BreadCrumbLabel</include>
				<label>[UPPERCASE]$LOCALIZE[558][/UPPERCASE]</label>
				<visible>String.IsEqual(ListItem.DBTYPE,album)</visible>
				<include>BreadCrumbSlideLvl2Anim</include>
			</control>
			<control type="label" id="5507">
				<description>Artist</description>
				<include>BreadCrumbLabel</include>
				<label>[UPPERCASE]$LOCALIZE[557][/UPPERCASE]</label>
				<visible>String.IsEqual(ListItem.DBTYPE,artist)</visible>
				<include>BreadCrumbSlideLvl2Anim</include>
			</control>
			<control type="label" id="5508">
				<description>Add-on</description>
				<include>BreadCrumbLabel</include>
				<label>[UPPERCASE]$LOCALIZE[24000][/UPPERCASE]</label>
				<visible>Window.IsActive(AddonInformation)</visible>
				<include>BreadCrumbSlideLvl2Anim</include>
			</control>
			<control type="label" id="5509">
				<description>Programs</description>
				<include>BreadCrumbLabel</include>
				<label>[UPPERCASE]$INFO[Container.FolderName][/UPPERCASE]</label>
				<visible>String.Contains(Container.FolderPath,plugin://plugin.program)</visible>
				<include>BreadCrumbSlideLvl2Anim</include>
			</control>
			<control type="label" id="5510">
				<description>Director</description>
				<include>BreadCrumbLabel</include>
				<label>[UPPERCASE]$LOCALIZE[20339][/UPPERCASE]</label>
				<visible>Container.Content(Directors)</visible>
				<include>BreadCrumbSlideLvl2Anim</include>
			</control>
			<control type="label" id="5511">
				<description>Actor</description>
				<include>BreadCrumbLabel</include>
				<label>[UPPERCASE]$LOCALIZE[20337][/UPPERCASE]</label>
				<visible>Container.Content(Actors)</visible>
				<include>BreadCrumbSlideLvl2Anim</include>
			</control>
			<control type="label" id="5512">
				<description>Song</description>
				<include>BreadCrumbLabel</include>
				<label>[UPPERCASE]$LOCALIZE[179][/UPPERCASE]</label>
				<visible>String.IsEqual(ListItem.DBTYPE,song)</visible>
				<include>BreadCrumbSlideLvl2Anim</include>
			</control>
			<control type="image">
				<include>BreadCrumbSeparator</include>
				<include>BreadCrumbSlideLvl2Anim</include>
			</control>
			<control type="label" id="5510">
				<description>Information</description>
				<include>BreadCrumbLabel</include>
				<label>[UPPERCASE]$LOCALIZE[31304][/UPPERCASE]</label>
				<include>BreadCrumbSlideLvl3Anim</include>
			</control>
			<control type="image">
				<include>BreadCrumbSeparator</include>
				<include>BreadCrumbSlideLvl3Anim</include>
			</control>
		</control>
	</include>
	
	<include name="BreadCrumbSystemInfo">
		<control type="grouplist">
			<left>10</left>
			<top>StatusBartop</top>
			<height>43</height>
			<width>740</width>
			<itemgap>8</itemgap>
			<orientation>horizontal</orientation>
			<usecontrolcoords>true</usecontrolcoords>
			<control type="button" id="555">
				<include>BreadCrumbHomeIcon</include>
				<include>BreadCrumbSlideLvl1Anim</include>
			</control>
			<control type="image">
				<include>BreadCrumbSeparator</include>
				<include>BreadCrumbSlideLvl1Anim</include>
			</control>
			<control type="label" id="5501">
				<description>System Info</description>
				<include>BreadCrumbLabel</include>
				<label>[UPPERCASE]$LOCALIZE[138][/UPPERCASE]</label>
				<include>BreadCrumbSlideLvl2Anim</include>
			</control>
			<control type="image">
				<include>BreadCrumbSeparator</include>
				<include>BreadCrumbSlideLvl2Anim</include>
			</control>
		</control>
	</include>
	
	<include name="BreadCrumbFileManager">
		<control type="grouplist">
			<left>10</left>
			<top>StatusBartop</top>
			<height>43</height>
			<width>740</width>
			<itemgap>8</itemgap>
			<orientation>horizontal</orientation>
			<usecontrolcoords>true</usecontrolcoords>
			<control type="button" id="555">
				<include>BreadCrumbHomeIcon</include>
				<include>BreadCrumbSlideLvl1Anim</include>
			</control>
			<control type="image">
				<include>BreadCrumbSeparator</include>
				<include>BreadCrumbSlideLvl1Anim</include>
			</control>
			<control type="label">
				<description>File Manager</description>
				<include>BreadCrumbLabel</include>
				<label>[UPPERCASE]$LOCALIZE[7][/UPPERCASE]</label>
				<include>BreadCrumbSlideLvl2Anim</include>
			</control>
			<control type="image">
				<include>BreadCrumbSeparator</include>
				<include>BreadCrumbSlideLvl2Anim</include>
			</control>
		</control>
	</include>
	
	<include name="BreadCrumbEventLog">
		<control type="grouplist">
			<left>10</left>
			<top>StatusBartop</top>
			<height>43</height>
			<width>740</width>
			<itemgap>8</itemgap>
			<orientation>horizontal</orientation>
			<usecontrolcoords>true</usecontrolcoords>
			<control type="button" id="555">
				<include>BreadCrumbHomeIcon</include>
				<include>BreadCrumbSlideLvl1Anim</include>
			</control>
			<control type="image">
				<include>BreadCrumbSeparator</include>
				<include>BreadCrumbSlideLvl1Anim</include>
			</control>
			<control type="label">
				<description>Event Log</description>
				<include>BreadCrumbLabel</include>
				<label>[UPPERCASE]$LOCALIZE[14111][/UPPERCASE]</label>
				<include>BreadCrumbSlideLvl2Anim</include>
			</control>
			<control type="image">
				<include>BreadCrumbSeparator</include>
				<include>BreadCrumbSlideLvl2Anim</include>
			</control>
		</control>
	</include>
	
	<include name="BreadCrumbWeather">
		<control type="grouplist">
			<left>10</left>
			<top>StatusBartop</top>
			<height>43</height>
			<width>740</width>
			<itemgap>8</itemgap>
			<orientation>horizontal</orientation>
			<usecontrolcoords>true</usecontrolcoords>
			<control type="button" id="555">
				<include>BreadCrumbHomeIcon</include>
				<include>BreadCrumbSlideLvl1Anim</include>
			</control>
			<control type="image">
				<include>BreadCrumbSeparator</include>
				<include>BreadCrumbSlideLvl1Anim</include>
			</control>
			<control type="label" id="5501">
				<description>Weather</description>
				<include>BreadCrumbLabel</include>
				<label>[UPPERCASE]$LOCALIZE[8][/UPPERCASE]</label>
				<include>BreadCrumbSlideLvl2Anim</include>
			</control>
			<control type="image">
				<include>BreadCrumbSeparator</include>
				<include>BreadCrumbSlideLvl2Anim</include>
			</control>
			<control type="label" id="5502">
				<description>Today</description>
				<include>BreadCrumbLabel</include>
				<label>[UPPERCASE]$LOCALIZE[33006][/UPPERCASE]</label>
				<visible>String.IsEqual(Weather.Plugin,weather.openweathermap.extended) + String.IsEqual(Skin.String(OpenWeatherMap),1)</visible>
				<include>BreadCrumbSlideLvl3Anim</include>
			</control>
			<control type="label" id="5503">
				<description>36 Hour</description>
				<include>BreadCrumbLabel</include>
				<label>[UPPERCASE]$LOCALIZE[33034][/UPPERCASE]</label>
				<visible>String.IsEqual(Weather.Plugin,weather.openweathermap.extended) + String.IsEqual(Skin.String(OpenWeatherMap),2)</visible>
				<include>BreadCrumbSlideLvl3Anim</include>
			</control>
			<control type="label" id="5504">
				<description>Weekend</description>
				<include>BreadCrumbLabel</include>
				<label>[UPPERCASE]$LOCALIZE[33037][/UPPERCASE]</label>
				<visible>String.IsEqual(Weather.Plugin,weather.openweathermap.extended) + String.IsEqual(Skin.String(OpenWeatherMap),3)</visible>
				<include>BreadCrumbSlideLvl3Anim</include>
			</control>
			<control type="label" id="5505">
				<description>Hourly</description>
				<include>BreadCrumbLabel</include>
				<label>[UPPERCASE]$LOCALIZE[33036][/UPPERCASE]</label>
				<visible>String.IsEqual(Weather.Plugin,weather.openweathermap.extended) + String.IsEqual(Skin.String(OpenWeatherMap),4)</visible>
				<include>BreadCrumbSlideLvl3Anim</include>
			</control>
			<control type="label" id="5506">
				<description>16 Days</description>
				<include>BreadCrumbLabel</include>
				<label>[UPPERCASE]16 $LOCALIZE[12393][/UPPERCASE]</label>
				<visible>String.IsEqual(Weather.Plugin,weather.openweathermap.extended) + String.IsEqual(Skin.String(OpenWeatherMap),5)</visible>
				<include>BreadCrumbSlideLvl3Anim</include>
			</control>
			<control type="label" id="5507">
				<description>Maps</description>
				<include>BreadCrumbLabel</include>
				<label>[UPPERCASE]$LOCALIZE[33035][/UPPERCASE]</label>
				<visible>String.IsEqual(Weather.Plugin,weather.openweathermap.extended) + String.IsEqual(Skin.String(OpenWeatherMap),6)</visible>
				<include>BreadCrumbSlideLvl3Anim</include>
			</control>
			<control type="image">
				<include>BreadCrumbSeparator</include>
				<include>BreadCrumbSlideLvl3Anim</include>
				<visible>Control.IsVisible(5502) | Control.IsVisible(5503) | Control.IsVisible(5504)
				| Control.IsVisible(5505) | Control.IsVisible(5506) | Control.IsVisible(5507)</visible>
			</control>
		</control>
	</include>

	<include name="BreadCrumbNextAired">
		<control type="grouplist">
			<left>10</left>
			<top>StatusBartop</top>
			<height>43</height>
			<width>740</width>
			<itemgap>8</itemgap>
			<orientation>horizontal</orientation>
			<usecontrolcoords>true</usecontrolcoords>
			<control type="button" id="555">
				<include>BreadCrumbHomeIcon</include>
				<include>BreadCrumbSlideLvl1Anim</include>
			</control>
			<control type="image">
				<include>BreadCrumbSeparator</include>
				<include>BreadCrumbSlideLvl1Anim</include>
			</control>
			<control type="label">
				<include>BreadCrumbLabel</include>
				<label>[UPPERCASE]$LOCALIZE[4][/UPPERCASE]</label>
				<include>BreadCrumbSlideLvl2Anim</include>
			</control>
			<control type="image">
				<include>BreadCrumbSeparator</include>
				<include>BreadCrumbSlideLvl2Anim</include>
			</control>
		</control>
	</include>
	
	<include name="BreadCrumbGlobalSearch">
		<control type="grouplist">
			<left>10</left>
			<top>StatusBartop</top>
			<height>43</height>
			<width>740</width>
			<itemgap>8</itemgap>
			<orientation>horizontal</orientation>
			<usecontrolcoords>true</usecontrolcoords>
			<control type="button" id="555">
				<include>BreadCrumbHomeIcon</include>
				<include>BreadCrumbSlideLvl1Anim</include>
				<ondown condition="!Window.IsActive(script-globalsearch-infodialog.xml)">Control.SetFocus(9000)</ondown>
				<ondown condition="Window.IsActive(script-globalsearch-infodialog.xml)">Control.SetFocus(190)</ondown>
			</control>
			<control type="image">
				<include>BreadCrumbSeparator</include>
				<include>BreadCrumbSlideLvl1Anim</include>
			</control>
			<control type="label">
				<include>BreadCrumbLabel</include>
				<label>[UPPERCASE]$LOCALIZE[137][/UPPERCASE]</label>
				<include>BreadCrumbSlideLvl2Anim</include>
			</control>
			<control type="image">
				<include>BreadCrumbSeparator</include>
				<include>BreadCrumbSlideLvl2Anim</include>
			</control>
			<control type="label">
				<include>BreadCrumbLabel</include>
				<label>[UPPERCASE]$INFO[Window.Property(GlobalSearch.SearchString),","][/UPPERCASE]</label>
				<include>BreadCrumbSlideLvl3Anim</include>
				<visible>!Window.IsActive(script-globalsearch-infodialog.xml)</visible>
			</control>
			<control type="image">
				<include>BreadCrumbSeparator</include>
				<include>BreadCrumbSlideLvl3Anim</include>
				<visible>!Window.IsActive(script-globalsearch-infodialog.xml)</visible>
			</control>
			<control type="label">
				<include>BreadCrumbLabel</include>
				<label>[UPPERCASE]$INFO[Container(9000).ListItem.Label][/UPPERCASE]</label>
				<include>BreadCrumbSlideLvl4Anim</include>
				<visible>!String.IsEmpty(Container(9000).ListItem.Label) + !Container(9000).HasFocus(11) + !Window.IsActive(script-globalsearch-infodialog.xml)</visible>
			</control>
			<control type="image">
				<include>BreadCrumbSeparator</include>
				<include>BreadCrumbSlideLvl4Anim</include>
				<visible>!String.IsEmpty(Container(9000).ListItem.Label) + !Container(9000).HasFocus(11) + !Window.IsActive(script-globalsearch-infodialog.xml)</visible>
			</control>
			<control type="label">
				<include>BreadCrumbLabel</include>
				<label>[UPPERCASE]$INFO[Container(100).ListItem.Label][/UPPERCASE]</label>
				<include>BreadCrumbSlideLvl3Anim</include>
				<visible>Window.IsActive(script-globalsearch-infodialog.xml)</visible>
			</control>
			<control type="image">
				<include>BreadCrumbSeparator</include>
				<include>BreadCrumbSlideLvl3Anim</include>
				<visible>Window.IsActive(script-globalsearch-infodialog.xml)</visible>
			</control>
		</control>
	</include>
	
	<include name="BreadCrumbVideoExtras">
		<control type="grouplist">
			<left>10</left>
			<top>StatusBartop</top>
			<height>43</height>
			<width>740</width>
			<itemgap>8</itemgap>
			<orientation>horizontal</orientation>
			<usecontrolcoords>true</usecontrolcoords>
			<control type="button" id="555">
				<include>BreadCrumbHomeIcon</include>
				<include>BreadCrumbSlideLvl1Anim</include>
			</control>
			<control type="image">
				<include>BreadCrumbSeparator</include>
				<include>BreadCrumbSlideLvl1Anim</include>
			</control>
			<!--
			<control type="label">
				<include>BreadCrumbLabel</include>
				<label>[UPPERCASE]$ADDON[script.videoextras 32001][/UPPERCASE]</label>
				<include>BreadCrumbSlideLvl2Anim</include>
			</control>
			<control type="image">
				<include>BreadCrumbSeparator</include>
				<include>BreadCrumbSlideLvl2Anim</include>
			</control>
			-->
			<control type="label">
				<description>Movies</description>
				<include>BreadCrumbLabel</include>
				<label>[UPPERCASE]$LOCALIZE[20342][/UPPERCASE]</label>
				<visible>String.IsEmpty(ListItem.TvShowTitle)</visible>
				<include>BreadCrumbSlideLvl2Anim</include>
			</control>			
			<control type="label">
				<description>TV Shows</description>
				<include>BreadCrumbLabel</include>
				<label>[UPPERCASE]$LOCALIZE[20343][/UPPERCASE]</label>
				<visible>!String.IsEmpty(ListItem.TvShowTitle)</visible>
				<include>BreadCrumbSlideLvl2Anim</include>
			</control>
			<control type="image">
				<include>BreadCrumbSeparator</include>
				<include>BreadCrumbSlideLvl2Anim</include>
			</control>
			<control type="label">
				<description>Movie / TV Show / Music Video Title</description>
				<include>BreadCrumbLabel</include>
				<label>[UPPERCASE]$INFO[ListItem.Title][/UPPERCASE]</label>
				<include>BreadCrumbSlideLvl3Anim</include>
				<visible>!String.IsEmpty(ListItem.Title)</visible>
			</control>
			<control type="image">
				<include>BreadCrumbSeparator</include>
				<include>BreadCrumbSlideLvl3Anim</include>
				<visible>!String.IsEmpty(ListItem.Title)</visible>
			</control>
			<control type="label">
				<include>BreadCrumbLabel</include>
				<label>[UPPERCASE]$ADDON[script.videoextras 32001][/UPPERCASE]</label>
				<include>BreadCrumbSlideLvl4Anim</include>
			</control>
			<control type="image">
				<include>BreadCrumbSeparator</include>
				<include>BreadCrumbSlideLvl4Anim</include>
			</control>
		</control>
	</include>
	
	<include name="BreadCrumbMovieSetInfo">	
		<control type="grouplist">
			<left>10</left>
			<top>StatusBartop</top>
			<height>43</height>
			<width>740</width>
			<itemgap>8</itemgap>
			<orientation>horizontal</orientation>
			<usecontrolcoords>true</usecontrolcoords>
			<control type="button" id="555">
				<oninfo>Dialog.Close(1102)</oninfo>
				<include>BreadCrumbHomeIcon</include>
				<include>BreadCrumbSlideLvl1Anim</include>
			</control>
			<control type="image">
				<include>BreadCrumbSeparator</include>
				<include>BreadCrumbSlideLvl1Anim</include>
			</control>
			<control type="label">
				<description>Movies</description>
				<include>BreadCrumbLabel</include>
				<label>[UPPERCASE]$LOCALIZE[20342][/UPPERCASE]</label>
				<include>BreadCrumbSlideLvl2Anim</include>
			</control>
			<control type="image">
				<include>BreadCrumbSeparator</include>
				<include>BreadCrumbSlideLvl2Anim</include>
			</control>
			<control type="label">
				<description>Sets</description>
				<include>BreadCrumbLabel</include>
				<label>[UPPERCASE]$LOCALIZE[20434][/UPPERCASE]</label>
				<include>BreadCrumbSlideLvl3Anim</include>
			</control>
			<control type="image">
				<include>BreadCrumbSeparator</include>
				<include>BreadCrumbSlideLvl3Anim</include>
			</control>
			<control type="label">
				<description>Information</description>
				<include>BreadCrumbLabel</include>
				<label>[UPPERCASE]$LOCALIZE[19033][/UPPERCASE]</label>
				<include>BreadCrumbSlideLvl4Anim</include>
			</control>
			<control type="image">
				<include>BreadCrumbSeparator</include>
				<include>BreadCrumbSlideLvl4Anim</include>
			</control>
		</control>
	</include>
	
	<include name="BreadCrumbExtendedInfoDialogVideoInfo">
		<control type="grouplist">
			<left>10</left>
			<top>StatusBartop</top>
			<height>43</height>
			<width>740</width>
			<itemgap>8</itemgap>
			<orientation>horizontal</orientation>
			<usecontrolcoords>true</usecontrolcoords>
			<control type="button" id="555">
				<include>BreadCrumbHomeIcon</include>
				<include>BreadCrumbSlideLvl1Anim</include>
			</control>
			<control type="image">
				<include>BreadCrumbSeparator</include>
				<include>BreadCrumbSlideLvl1Anim</include>
			</control>
			<control type="label" id="5502">
				<description>Movies / TV Shows / Seasons / Episodes</description>
				<include>BreadCrumbLabel</include>
				<label>[UPPERCASE]$VAR[ExtendedInfoDialogVideoInfoLabel][/UPPERCASE]</label>
				<include>BreadCrumbSlideLvl2Anim</include>
			</control>
			<control type="image">
				<include>BreadCrumbSeparator</include>
				<include>BreadCrumbSlideLvl2Anim</include>
			</control>
			<control type="label" id="5510">
				<description>Information</description>
				<include>BreadCrumbLabel</include>
				<label>[UPPERCASE]$LOCALIZE[31304][/UPPERCASE]</label>
				<include>BreadCrumbSlideLvl3Anim</include>
			</control>
			<control type="image">
				<include>BreadCrumbSeparator</include>
				<include>BreadCrumbSlideLvl3Anim</include>
			</control>
		</control>
	</include>
	
	<include name="BreadCrumbExtendedInfoVideoList">	
		<control type="grouplist">
			<left>10</left>
			<top>StatusBartop</top>
			<height>43</height>
			<width>740</width>
			<itemgap>8</itemgap>
			<orientation>horizontal</orientation>
			<usecontrolcoords>true</usecontrolcoords>
			<control type="button" id="555">
				<include>BreadCrumbHomeIcon</include>
				<include>BreadCrumbSlideLvl1Anim</include>
			</control>
			<control type="image">
				<include>BreadCrumbSeparator</include>
				<include>BreadCrumbSlideLvl1Anim</include>
			</control>
			<control type="label">
				<description>Youtube Browser</description>
				<include>BreadCrumbLabel</include>
				<label>[UPPERCASE]$LOCALIZE[31012][/UPPERCASE]</label>
				<include>BreadCrumbSlideLvl2Anim</include>
				<visible>Window.IsActive(script-script.extendedinfo-YoutubeList.xml)</visible>
			</control>
			<control type="image">
				<include>BreadCrumbSeparator</include>
				<include>BreadCrumbSlideLvl2Anim</include>
				<visible>Window.IsActive(script-script.extendedinfo-YoutubeList.xml)</visible>
			</control>
			<control type="label">
				<description>Type</description>
				<include>BreadCrumbLabel</include>
				<label>[UPPERCASE]$INFO[Window.Property(Type)][/UPPERCASE]</label>
				<include condition="Window.IsActive(script-script.extendedinfo-VideoList.xml)">BreadCrumbSlideLvl2Anim</include>
				<include condition="Window.IsActive(script-script.extendedinfo-YoutubeList.xml)">BreadCrumbSlideLvl3Anim</include>
			</control>
			<control type="image">
				<include>BreadCrumbSeparator</include>
				<include condition="Window.IsActive(script-script.extendedinfo-VideoList.xml)">BreadCrumbSlideLvl2Anim</include>
				<include condition="Window.IsActive(script-script.extendedinfo-YoutubeList.xml)">BreadCrumbSlideLvl3Anim</include>
			</control>
			<control type="label">
				<description>Filter</description>
				<width min="10" max="800">auto</width>
				<include>BreadCrumbLabel</include>
				<label>[UPPERCASE]$INFO[Window.Property(Filter_Label)][/UPPERCASE]</label>
				<include condition="Window.IsActive(script-script.extendedinfo-VideoList.xml)">BreadCrumbSlideLvl3Anim</include>
				<include condition="Window.IsActive(script-script.extendedinfo-YoutubeList.xml)">BreadCrumbSlideLvl4Anim</include>
				<visible>!String.IsEmpty(Window.Property(Filter_Label))</visible>
			</control>
			<control type="image">
				<include>BreadCrumbSeparator</include>
				<include condition="Window.IsActive(script-script.extendedinfo-VideoList.xml)">BreadCrumbSlideLvl3Anim</include>
				<include condition="Window.IsActive(script-script.extendedinfo-YoutubeList.xml)">BreadCrumbSlideLvl4Anim</include>
				<visible>!String.IsEmpty(Window.Property(Filter_Label))</visible>
			</control>
		</control>
	</include>
</includes>
