<?xml version="1.0" encoding="UTF-8"?>
<window>
	<defaultcontrol always="true">500</defaultcontrol>
	<menucontrol>850</menucontrol>
	
	<controls>
		<control type="group">
			<depth>DepthBackground</depth>
			<include>BackgroundDefault</include>
			<include condition="[[!String.IsEmpty(Skin.String(CustomTVShowsBGPath)) + [Skin.String(CustomTVShowsBGType,2) | Skin.String(CustomTVShowsBGType,3)]] 
			| Skin.String(CustomTVShowsBGType,4)] + Skin.HasSetting(ApplyAllTVShowsCustomBG)">BackgroundTVShows</include>
			<control type="group">
				<visible>!String.IsEmpty(Window(Home).Property(TVGuide.BackgroundFanart)) + !String.IsEmpty(Container.ListItem.Property(Fanart))</visible>
				<animation effect="fade" time="600">VisibleChange</animation>
				<control type="image">
					<include>BackgroundSize</include>
					<texture background="true">$INFO[Container.ListItem.Property(Fanart)]</texture>
					<aspectratio>scale</aspectratio>
					<fadetime>FanartCrossfadeTime</fadetime>
					<include condition="Skin.HasSetting(AnimateFanart)">BackgroundAnim</include>
				</control>
				<control type="image">
					<include>BackgroundDim</include>
					<include>FanartBrightnessAnimations</include>
				</control>
			</control>
			<include condition="!Skin.HasSetting(DisableVideoPlayingBG)">BackgroundVideoPlaying</include>
			<include>BackgroundOpenCloseAnim</include>
		</control>
		
		<control type="group">
			<depth>DepthContent</depth>
			
			<control type="image">
				<left>30</left>
				<top>106</top>
				<width>1220</width>
				<height>540</height>	
				<texture border="7">panels/content-panel.png</texture>
				<aspectratio>stretch</aspectratio>
				<include>PanelFadeAnim</include>
				<include>ControlsOpenCloseAnim</include>
			</control>
			
			<control type="grouplist" id="500">
				<description>Guide Area</description>
				<left>39</left>
				<top>115</top>
				<width>852</width>
				<height>525</height>
				<orientation>horizontal</orientation>
				<itemgap>2</itemgap>
				<include>ControlsOpenCloseAnim</include>
				
				<include content="NextAiredDayArea">
					<param name="description" value="Yesterday Area" />
					<param name="id" value="200" />
					<param name="onleft" value="215" />
					<param name="onright" value="201" />
				</include>
				
				<include content="NextAiredDayArea">
					<param name="description" value="Today Area" />
					<param name="id" value="201" />
					<param name="onleft" value="200" />
					<param name="onright" value="202" />
				</include>
				
				<include content="NextAiredDayArea">
					<param name="description" value="Today+1 Area" />
					<param name="id" value="202" />
					<param name="onleft" value="201" />
					<param name="onright" value="203" />
				</include>
				
				<include content="NextAiredDayArea">
					<param name="description" value="Today+2 Area" />
					<param name="id" value="203" />
					<param name="onleft" value="202" />
					<param name="onright" value="204" />
				</include>
				
				<include content="NextAiredDayArea">
					<param name="description" value="Today+3 Area" />
					<param name="id" value="204" />
					<param name="onleft" value="203" />
					<param name="onright" value="205" />
				</include>
				
				<include content="NextAiredDayArea">
					<param name="description" value="Today+4 Area" />
					<param name="id" value="205" />
					<param name="onleft" value="204" />
					<param name="onright" value="206" />
				</include>
				
				<include content="NextAiredDayArea">
					<param name="description" value="Today+5 Area" />
					<param name="id" value="206" />
					<param name="onleft" value="205" />
					<param name="onright" value="207" />
				</include>
				
				<include content="NextAiredDayArea">
					<param name="description" value="Today+6 Area" />
					<param name="id" value="207" />
					<param name="onleft" value="206" />
					<param name="onright" value="208" />
				</include>
				
				<include content="NextAiredDayArea">
					<param name="description" value="Today+7 Area" />
					<param name="id" value="208" />
					<param name="onleft" value="207" />
					<param name="onright" value="209" />
				</include>
				
				<include content="NextAiredDayArea">
					<param name="description" value="Today+8 Area" />
					<param name="id" value="209" />
					<param name="onleft" value="208" />
					<param name="onright" value="210" />
				</include>
				
				<include content="NextAiredDayArea">
					<param name="description" value="Today+9 Area" />
					<param name="id" value="210" />
					<param name="onleft" value="209" />
					<param name="onright" value="211" />
				</include>
				
				<include content="NextAiredDayArea">
					<param name="description" value="Today+10 Area" />
					<param name="id" value="211" />
					<param name="onleft" value="210" />
					<param name="onright" value="212" />
				</include>
				
				<include content="NextAiredDayArea">
					<param name="description" value="Today+11 Area" />
					<param name="id" value="212" />
					<param name="onleft" value="211" />
					<param name="onright" value="213" />
				</include>
				
				<include content="NextAiredDayArea">
					<param name="description" value="Today+12 Area" />
					<param name="id" value="213" />
					<param name="onleft" value="212" />
					<param name="onright" value="214" />
				</include>
				
				<include content="NextAiredDayArea">
					<param name="description" value="Today+13 Area" />
					<param name="id" value="214" />
					<param name="onleft" value="213" />
					<param name="onright" value="215" />
				</include>
				
				<include content="NextAiredDayArea">
					<param name="description" value="Today+14 Area" />
					<param name="id" value="215" />
					<param name="onleft" value="214" />
					<param name="onright" value="200" />
				</include>
			</control>
			
			<control type="group">
				<include>ControlsOpenCloseAnim</include>
				<control type="image">
					<description>Left Arrow</description>
					<left>42</left>
					<top>128</top>
					<width>16</width>
					<height>28</height>
					<texture flipx="true">controls/nav-arrow-right-nofocus.png</texture>
					<visible>Container(500).HasPrevious</visible>
				</control>
				<control type="image">
					<description>Right Arrow</description>
					<left>873</left>
					<top>128</top>
					<width>16</width>
					<height>28</height>
					<texture>controls/nav-arrow-right-nofocus.png</texture>
					<visible>Container(500).HasNext</visible>
				</control>
			</control>
			
			<control type="group">
				<description>Info Area</description>
				<left>901</left>
				<top>115</top>
				
				<control type="image">
					<description>Content Background</description>
					<left>-5</left>
					<top>-5</top>
					<width>350</width>
					<height>532</height>
					<texture border="4">panels/panel-content-border2.png</texture>
					<include>ListInfoViewContentBackgroundFadeAnim</include>
				</control>
				
				<control type="group">
					<visible>!String.IsEmpty(Container.ListItem.Label)</visible>
					<include>ControlsOpenCloseAnim</include>
					
					<control type="image">
						<description>Title Background</description>
						<width>340</width>
						<height>55</height>
						<texture border="4">panels/panel3.png</texture>
						<include>ListInfoViewMediaInfoBackgroundFadeAnim</include>
					</control>
					
					<control type="image">
						<description>Info Background</description>
						<top>256</top>
						<width>340</width>
						<height>266</height>
						<texture border="4">panels/panel3.png</texture>
						<include>ListInfoViewMediaInfoBackgroundFadeAnim</include>
					</control>

					<control type="image">
						<top>262</top>
						<left>2</left>
						<include>NextAiredInfoImage</include>
					</control>
					<control type="image">
						<top>294</top>
						<left>2</left>
						<include>NextAiredInfoImage</include>
					</control>
					<control type="image">
						<top>326</top>
						<left>2</left>
						<include>NextAiredInfoImage</include>
					</control>
					<control type="image">
						<top>358</top>
						<left>2</left>
						<include>NextAiredInfoImage</include>
					</control>
					<control type="image">
						<top>390</top>
						<left>2</left>
						<include>NextAiredInfoImage</include>
					</control>
					<control type="image">
						<top>422</top>
						<left>2</left>
						<include>NextAiredInfoImage</include>
					</control>
					<control type="image">
						<top>454</top>
						<left>2</left>
						<include>NextAiredInfoImage</include>
					</control>
					<control type="image">
						<top>486</top>
						<left>2</left>
						<include>NextAiredInfoImage</include>
					</control>

					<control type="label">
						<description>Title</description>
						<include>NextAiredTitleLabel</include>
						<label>$INFO[Container.ListItem.Label]</label>
						<visible>String.IsEmpty(Container.ListItem.Property(Art(clearlogo)))</visible>
					</control>
					
					<control type="image">
						<description>Clear logo</description>
						<top>1</top>
						<width>340</width>
						<height>53</height>
						<texture background="true">$INFO[Container.ListItem.Property(Art(clearlogo))]</texture>	
						<aspectratio align="center" aligny="center">keep</aspectratio>
						<fadetime>FanartCrossfadeTime</fadetime>
						<visible>!String.IsEmpty(Container.ListItem.Property(Art(clearlogo)))</visible>
					</control>
					
					<control type="image">
						<description>Fanart</description>
						<top>60</top>
						<width>340</width>
						<height>191</height>
						<texture background="true" diffuse="covers/list-info-3-fanart-diffuse.png">$INFO[Container.ListItem.Property(Fanart)]</texture>
						<aspectratio scalediffuse="false" align="center">scale</aspectratio>
						<fadetime>FanartCrossfadeTime</fadetime>
						<visible>!String.IsEmpty(Container.ListItem.Property(Fanart))</visible>
					</control>
					
					<include content="NextAiredInfoGrouplist">
						<param name="description" value="Episode Title" />
						<param name="top" value="262" />
						<param name="labelwidth" value="110" />
						<param name="label" value="$LOCALIZE[369]:" />
						<param name="info" value="$INFO[Container.ListItem.Property(NextTitle)]" />
					</include>
					
					<include content="NextAiredInfoGrouplist">
						<param name="description" value="Episode" />
						<param name="top" value="294" />
						<param name="labelwidth" value="110" />
						<param name="label" value="$LOCALIZE[20359]:" />
						<param name="info" value="$INFO[Container.ListItem.Property(NextSeasonNumber),S,]$INFO[Container.ListItem.Property(NextEpisodeNumber),E,]" />
					</include>
					
					<include content="NextAiredInfoGrouplist">
						<param name="description" value="Runtime" />
						<param name="top" value="326" />
						<param name="labelwidth" value="110" />
						<param name="label" value="$LOCALIZE[2050]:" />
						<param name="info" value="$INFO[Container.ListItem.Property(Runtime),, $LOCALIZE[12391]]" />
					</include>
					
					<include content="NextAiredInfoGrouplist">
						<param name="description" value="Latest Episode" />
						<param name="top" value="358" />
						<param name="labelwidth" value="150" />
						<param name="label" value="$LOCALIZE[31966]:" />
						<param name="info" value="$INFO[Container.ListItem.Property(LatestSeasonNumber),S,]$INFO[Container.ListItem.Property(LatestEpisodeNumber),E,]$INFO[Container.ListItem.Property(LatestDate), (,)]" />
					</include>
					
					<include content="NextAiredInfoGrouplist">
						<param name="description" value="Status" />
						<param name="top" value="390" />
						<param name="labelwidth" value="110" />
						<param name="label" value="$LOCALIZE[126]:" />
						<param name="info" value="$INFO[Container.ListItem.Property(Status)]" />
					</include>
					
					<include content="NextAiredInfoGrouplist">
						<param name="description" value="Genre" />
						<param name="top" value="422" />
						<param name="labelwidth" value="110" />
						<param name="label" value="$LOCALIZE[515]:" />
						<param name="info" value="$INFO[Container.ListItem.Property(Genre)]" />
					</include>
					
					<include content="NextAiredInfoGrouplist">
						<param name="description" value="Network" />
						<param name="top" value="454" />
						<param name="labelwidth" value="110" />
						<param name="label" value="$LOCALIZE[705]:" />
						<param name="info" value="$INFO[Container.ListItem.Property(Network)]" />
					</include>
					
					<include content="NextAiredInfoGrouplist">
						<param name="description" value="Country" />
						<param name="top" value="486" />
						<param name="labelwidth" value="110" />
						<param name="label" value="$LOCALIZE[574]:" />
						<param name="info" value="$INFO[Container.ListItem.Property(Country)]" />
					</include>
				</control>
			</control>
		</control>
		
		<include>NextAiredMenuBar</include>

		<control type="group">
			<description>Top Bar Area</description>
			<visible>![System.IdleTime(3) + !Control.IsVisible(505) + Skin.HasSetting(HideTopBar) + !Control.HasFocus(555)]</visible>
			<depth>DepthTopBar</depth>
			<include>TopBarImage</include>
			<include>TopBarOpenCloseAnim</include>
			<include>BreadCrumbNextAired</include>
			<include>Notifications</include>
		</control>
		
		<control type="group">
			<description>Bottom Bar Area</description>
			<depth>DepthContent</depth>
			<top>BottomPaneOffsetY</top>
			<control type="label">
				<include>InfoPaneHeadLabel2</include>
				<label>$VAR[NextAiredTotal]</label>
			</control>
			<include>BottomPaneOpenCloseAnim</include>
		</control>
	</controls>
</window>
