<?xml version="1.0" encoding="utf-8"?>
<window id="3000">
    <defaultcontrol always="true">500</defaultcontrol>
	<views>500</views>
	<menucontrol>987</menucontrol>
	<include>MediaViewOpenCloseAnim</include>
	
    <controls>
		<control type="group">
			<depth>DepthBackground</depth>
			<include>BackgroundDefault</include>
			<include condition="[[!String.IsEmpty(Skin.String(CustomVideosBGPath)) + [Skin.String(CustomVideosBGType,2) | Skin.String(CustomVideosBGType,3)]] 
			| Skin.String(CustomVideosBGType,4)] + Skin.HasSetting(ApplyAllVideosCustomBG)">BackgroundVideos</include>
			<include condition="[[!String.IsEmpty(Skin.String(CustomMoviesBGPath)) + [Skin.String(CustomMoviesBGType,2) | Skin.String(CustomMoviesBGType,3)]] 
			| Skin.String(CustomMoviesBGType,4)] + Skin.HasSetting(ApplyAllMoviesCustomBG)">BackgroundMovies</include>
			<include condition="[[!String.IsEmpty(Skin.String(CustomTVShowsBGPath)) + [Skin.String(CustomTVShowsBGType,2) | Skin.String(CustomTVShowsBGType,3)]] 
			| Skin.String(CustomTVShowsBGType,4)] + Skin.HasSetting(ApplyAllTVShowsCustomBG)">BackgroundTVShows</include>
			<control type="group">
				<visible>!Skin.HasSetting(ShowExtendedInfoYoutubeFanart)</visible>
				<include>BackgroundVisibleAnim</include>
				<control type="image">
					<include>BackgroundSize</include>
					<texture background="true">$INFO[Container(500).ListItem.Thumb]</texture>
					<aspectratio>scale</aspectratio>
					<fadetime>FanartCrossfadeTime</fadetime>
					<visible>!String.IsEqual(Window.Property(type),channel)</visible>
				</control>
				<control type="image">
					<include>BackgroundSize</include>
					<texture background="true">$INFO[Container(500).ListItem.Art(fanart)]</texture>
					<aspectratio>scale</aspectratio>
					<fadetime>FanartCrossfadeTime</fadetime>
					<visible>String.IsEqual(Window.Property(type),channel)</visible>
				</control>
			</control>
			<include condition="!Skin.HasSetting(DisableVideoPlayingBG)">BackgroundVideoPlaying</include>
			<include>BackgroundMusicPlaying</include>
			<control type="image">
				<include>BackgroundDim</include>
				<include>FanartBrightnessAnimations</include>
			</control>
			<include>BackgroundOpenCloseAnim</include>
		</control>
		
		<control type="group">
			<depth>DepthContent</depth>
			
			<control type="group">
				<visible>Skin.String(ExtendedInfoYoutubeViewStyle,2)</visible>
				<include>MediaInfoOpenCloseAnim</include>
				
				<control type="image">
					<left>30</left>
					<top>106</top>
					<width>755</width>
					<height>525</height>
					<texture border="7">panels/content-panel.png</texture>
					<include>PanelFadeAnim</include>
				</control>
				
				<control type="group">
					<description>Cover</description>
					<left>840</left>
					<top>150</top>
						
					<control type="image">
						<description>Cover</description>
						<width>400</width>
						<height>400</height>
						<texture>$VAR[ExtendedInfoYoutubeActualIcon]</texture>
						<bordertexture border="11">covers/cover-case-curved-big-focus.png</bordertexture>
						<bordersize>50</bordersize>
						<aspectratio aligny="bottom">keep</aspectratio>
						<fadetime>IconCrossfadeTime</fadetime>
						<visible>String.IsEmpty(Container(500).ListItem.Art(thumb))</visible>
					</control>
					
					<control type="image">
						<description>Cover</description>
						<width>400</width>
						<height>400</height>
						<texture background="true">$INFO[Container(500).ListItem.Art(thumb)]</texture>
						<bordertexture border="11">covers/cover-case-curved-big-focus.png</bordertexture>
						<bordersize>14</bordersize>
						<aspectratio aligny="bottom">keep</aspectratio>
						<fadetime>IconCrossfadeTime</fadetime>
					</control>

					<control type="image">
						<description>Cover Reflection</description>
						<top>395</top>
						<width>400</width>
						<height>400</height>
						<texture background="true" flipy="true" diffuse="views/reflection.png">$INFO[Container(500).ListItem.Art(thumb)]</texture>
						<bordertexture flipy="true" border="11" diffuse="views/reflection.png">covers/cover-case-curved-big-focus.png</bordertexture>
						<bordersize>14</bordersize>
						<aspectratio aligny="top">keep</aspectratio>
						<fadetime>IconCrossfadeTime</fadetime>
					</control>
				</control>
			</control>
			
			<control type="group">
				<visible>Skin.String(ExtendedInfoYoutubeViewStyle,3)</visible>
				<include>MediaInfoOpenCloseAnim</include>
				<include>ViewContentPanel</include>
				<include>ListInfo2MediaInfoPanelCommon</include>
				
				<control type="image">
					<left>40</left>
					<top>116</top>
					<width>542</width>
					<height>304</height>
					<texture background="true" diffuse="covers/list-info-2-fanart-diffuse.png">$INFO[Container(500).ListItem.Art(thumb)]</texture>
					<aspectratio scalediffuse="false">scale</aspectratio>
					<fadetime>FanartCrossfadeTime</fadetime>
					<include>BackgroundVisibleAnim</include>
					<visible>!String.IsEmpty(Container(500).ListItem.Art(thumb))</visible>
				</control>
				
				<control type="image">
					<left>40</left>
					<top>116</top>
					<width>542</width>
					<height>304</height>
					<texture>$VAR[ExtendedInfoYoutubeActualIcon]</texture>
					<aspectratio>keep</aspectratio>
					<fadetime>FanartCrossfadeTime</fadetime>
					<include>BackgroundVisibleAnim</include>
					<visible>String.IsEmpty(Container(500).ListItem.Art(thumb))</visible>
				</control>
				
				<control type="group">
					<left>38</left>
					<top>430</top>

					<control type="grouplist">
						<left>10</left>
						<orientation>horizontal</orientation>
						<control type="label">
							<width min="0" max="110">auto</width>
							<font>MediaInfoFont</font>
							<textcolor>MediaInfoItemColor</textcolor>
							<shadowcolor>ShadowColor</shadowcolor>
							<label>$LOCALIZE[180]:</label>
							<visible>String.IsEmpty(Container(500).ListItem.Property(itemcount))</visible>
						</control>
						<control type="label">
							<width min="0" max="155">auto</width>
							<font>MediaInfoFont</font>
							<textcolor>MediaInfoItemColor2</textcolor>
							<shadowcolor>ShadowColor</shadowcolor>
							<label fallback="31001">$INFO[Container(500).ListItem.Property(duration)]</label>
							<visible>String.IsEmpty(Container(500).ListItem.Property(itemcount))</visible>
						</control>
						<control type="label">
							<width min="0" max="110">auto</width>
							<font>MediaInfoFont</font>
							<textcolor>MediaInfoItemColor</textcolor>
							<shadowcolor>ShadowColor</shadowcolor>
							<label>$LOCALIZE[559]:</label>
							<visible>!String.IsEmpty(Container(500).ListItem.Property(itemcount))</visible>
						</control>
						<control type="label">
							<width min="0" max="155">auto</width>
							<font>MediaInfoFont</font>
							<textcolor>MediaInfoItemColor2</textcolor>
							<shadowcolor>ShadowColor</shadowcolor>
							<label fallback="31001">$INFO[ListItem.Property(itemcount),, $LOCALIZE[36913]]</label>
							<visible>!String.IsEmpty(Container(500).ListItem.Property(itemcount))</visible>
						</control>
					</control>
					
					<control type="grouplist">
						<left>10</left>
						<top>23</top>
						<orientation>horizontal</orientation>
						<control type="label">
							<width min="0" max="110">auto</width>
							<font>MediaInfoFont</font>
							<textcolor>MediaInfoItemColor</textcolor>
							<shadowcolor>ShadowColor</shadowcolor>
							<label>$LOCALIZE[552]:</label>
						</control>
						<control type="label">
							<width min="0" max="155">auto</width>
							<font>MediaInfoFont</font>
							<textcolor>MediaInfoItemColor2</textcolor>
							<shadowcolor>ShadowColor</shadowcolor>
							<label fallback="31001">$INFO[Container(500).ListItem.Premiered]</label>
						</control>
					</control>
					
					<control type="grouplist">
						<left>271</left>
						<width>265</width>
						<orientation>horizontal</orientation>
						<align>right</align>
						<control type="label">
							<width min="0" max="110">auto</width>
							<font>MediaInfoFont</font>
							<textcolor>MediaInfoItemColor</textcolor>
							<shadowcolor>ShadowColor</shadowcolor>
							<label>$LOCALIZE[563]:</label>
						</control>
						<control type="label">
							<width min="0" max="155">auto</width>
							<font>MediaInfoFont</font>
							<textcolor>MediaInfoItemColor2</textcolor>
							<shadowcolor>ShadowColor</shadowcolor>
							<label fallback="31001">$INFO[Container(500).ListItem.Rating]$INFO[Container(500).ListItem.Property(likes), (, $LOCALIZE[31944])]</label>
						</control>
					</control>
					
					<control type="grouplist">
						<left>271</left>
						<top>23</top>
						<width>265</width>
						<orientation>horizontal</orientation>
						<align>right</align>
						<control type="label">
							<width min="0" max="110">auto</width>
							<font>MediaInfoFont</font>
							<textcolor>MediaInfoItemColor</textcolor>
							<shadowcolor>ShadowColor</shadowcolor>
							<label>$LOCALIZE[31096]:</label>
						</control>
						<control type="label">
							<width min="0" max="155">auto</width>
							<font>MediaInfoFont</font>
							<textcolor>MediaInfoItemColor2</textcolor>
							<shadowcolor>ShadowColor</shadowcolor>
							<label fallback="31001">$INFO[Container(500).ListItem.Property(viewcount)]</label>
						</control>
					</control>
				</control>
				
				<include content="ListInfo2Plot">
					<param name="fallback" value="31204" />
					<param name="label" value="$INFO[Container(500).ListItem.Plot]" />
					<param name="visible" value="!Container(500).OnNext + !Container(500).OnPrevious" />
				</include>
			</control>
			
			<control type="scrollbar" id="904">
				<left>1262</left>
				<top>113</top>
				<height>492</height>
				<onleft>500</onleft>
				<ondown>600</ondown>
				<onup>700</onup>
				<animation effect="fade" start="100" end="0" time="150" condition="Skin.HasSetting(ShowExtendedInfoThumbnailViewScrollbar) + !ControlGroup(500).HasFocus">Conditional</animation>
				<visible>Skin.String(ExtendedInfoYoutubeViewStyle,) | Skin.String(ExtendedInfoYoutubeViewStyle,1)</visible>
			</control>
			
			<control type="group">
				<visible>Skin.String(ExtendedInfoYoutubeViewStyle,2) | Skin.String(ExtendedInfoYoutubeViewStyle,3)</visible>
				<left>767</left>
				<top>110</top>
				<animation effect="slide" end="465,0" condition="Skin.String(ExtendedInfoYoutubeViewStyle,3)">Conditional</animation>
				
				<control type="image">
					<width>14</width>
					<height>517</height>
					<texture border="4">controls/scrollbar-background.png</texture>
				</control>
				
				<control type="scrollbar" id="904">
					<height>517</height>
					<texturesliderbackground />
					<onleft>500</onleft>
					<include>MediaInfoOpenCloseAnim</include>
					<visible>!Skin.HasSetting(ShowExtendedInfoThumbnailViewScrollbar)</visible>
				</control>
			</control>
			
			<control type="panel" id="500">
				<left>25</left>
				<top>125</top>
				<width>1248</width>
				<height>520</height>
				<pagecontrol>904</pagecontrol>
				<preloaditems>2</preloaditems>
				<scrolltime tween="sine" easing="inout">404</scrolltime>
				<onup>700</onup>
                <ondown>600</ondown>
				<onleft>987</onleft>
				<onright>904</onright>
				<animation effect="slide" end="15,-15" condition="Skin.String(ExtendedInfoYoutubeViewStyle,2)">Conditional</animation>
				<animation effect="slide" end="570,-15" condition="Skin.String(ExtendedInfoYoutubeViewStyle,3)">Conditional</animation>
				<itemlayout condition="Skin.String(ExtendedInfoYoutubeViewStyle,1) | Skin.String(ExtendedInfoYoutubeViewStyle,)" height="260" width="311">
					<control type="label">
						<left>14</left>
						<width>165</width>
						<font>ListFont5</font>
						<textcolor>GreyColor</textcolor>
						<shadowcolor>ShadowColor</shadowcolor>
						<label>$INFO[ListItem.Property(duration)]$INFO[ListItem.Property(itemcount),, $LOCALIZE[36913]]</label>
					</control>
					<control type="label">
						<right>34</right>
						<width>165</width>
						<align>right</align>
						<font>ListFont5</font>
						<textcolor>GreyColor</textcolor>
						<shadowcolor>ShadowColor</shadowcolor>
						<label>$INFO[ListItem.Premiered]</label>
					</control>
					<control type="image">
						<description>Cover Case</description>
						<top>17</top>
						<width>291</width>
						<height>176</height>
						<texture background="true" border="14">covers/cover-case-thumbnail-nofocus.png</texture>
						<aspectratio>stretch</aspectratio>
					</control>
					<control type="image">
						<description>Cover</description>
						<top>17</top>
						<width>291</width>
						<height>176</height>
						<bordersize>14</bordersize>
						<texture background="true">$INFO[ListItem.Art(thumb)]</texture>
						<aspectratio>scale</aspectratio>
					</control>
					<control type="image">
						<description>Default Cover</description>
						<top>17</top>
						<width>291</width>
						<height>176</height>
						<bordersize>25</bordersize>
						<texture>$VAR[ExtendedInfoYoutubeActualIcon]</texture>
						<aspectratio>keep</aspectratio>
						<visible>String.IsEmpty(ListItem.Art(thumb))</visible>
						<animation effect="fade" end="40" condition="true">Conditional</animation>
					</control>
					<control type="textbox">
						<description>Label</description>
						<left>14</left>
						<top>189</top>
						<width>263</width>
						<height>34</height>
						<font>YoutubeBrowserFont</font>
						<textcolor>GreyColor</textcolor>
						<shadowcolor>ShadowColor</shadowcolor>
						<align>center</align>
						<label>$INFO[ListItem.Label]</label>
					</control>
				</itemlayout>
				<itemlayout condition="Skin.String(ExtendedInfoYoutubeViewStyle,2)" height="74" width="720">
					<control type="image">
						<width>720</width>
						<height>74</height>
						<texture border="0,0,10,2">views/list-separator.png</texture>
						<aspectratio>stretch</aspectratio>
					</control>
					<control type="image">
						<description>Cover</description>
						<top>4</top>
						<width>97</width>
						<height>65</height>
						<bordertexture border="7">covers/cover-case-nofocus.png</bordertexture>
						<bordersize>5</bordersize>
						<texture background="true">$INFO[ListItem.Art(thumb)]</texture>
						<aspectratio>scale</aspectratio>
					</control>
					<control type="image">
						<description>Dim</description>
						<top>4</top>
						<width>97</width>
						<height>65</height>
						<bordersize>5</bordersize>
						<texture background="true">dim.png</texture>
						<aspectratio>stretch</aspectratio>
						<visible>!String.IsEmpty(ListItem.Art(thumb))</visible>
						<include>CoverDimAnim</include>
					</control>
					<control type="image">
						<description>Default Cover</description>
						<top>4</top>
						<width>97</width>
						<height>65</height>
						<bordersize>5</bordersize>
						<texture>$VAR[ExtendedInfoYoutubeActualIcon]</texture>
						<aspectratio>keep</aspectratio>
						<visible>String.IsEmpty(ListItem.Art(thumb))</visible>
						<animation effect="fade" end="40" condition="true">Conditional</animation>
					</control>
					<control type="label">
						<left>104</left>
						<top>12</top>
						<width>511</width>
						<font>ListFont</font>
						<textcolor>ListColor</textcolor>
						<shadowcolor>ShadowColor</shadowcolor>
						<label>$INFO[ListItem.Label]</label>
					</control>
					<control type="label">
						<left>104</left>
						<top>38</top>
						<width>511</width>
						<font>ListFont2</font>
						<textcolor>ListColor2</textcolor>
						<shadowcolor>ShadowColor</shadowcolor>
						<label>$INFO[ListItem.Property(duration)]$INFO[ListItem.Property(itemcount),, $LOCALIZE[36913]]$INFO[ListItem.Premiered,  -  ,]</label>
					</control>
					<control type="label">
						<description>Rating</description>
						<left>610</left>
						<top>12</top>
						<width>100</width>
						<font>ListFont</font>
						<textcolor>ListColor3</textcolor>
						<shadowcolor>ShadowColor</shadowcolor>
						<label>$INFO[ListItem.Rating]</label>
						<align>right</align>
						<visible>!String.IsEmpty(ListItem.Rating)</visible>
					</control>
					<control type="image">
						<description>Quality</description>
						<left>686</left>
						<top>39</top>
						<width>24</width>
						<height>24</height>
						<texture background="true">$VAR[ExtendedInfoYoutubeVideoQualityUnfocus]</texture>
						<aspectratio align="right">keep</aspectratio>
						<include>ListViewOverlayFadeAnim</include>
						<visible>!String.IsEmpty(ListItem.Property(definition))</visible>
					</control>
				</itemlayout>
				<itemlayout height="37" width="630" condition="Skin.String(ExtendedInfoYoutubeViewStyle,3)">
					<control type="image">
						<width>630</width>
						<height>37</height>
						<texture border="0,0,10,2">views/list-separator.png</texture>
						<aspectratio>stretch</aspectratio>
					</control>
					<control type="image">
						<description>Quality</description>
						<left>5</left>
						<top>6</top>
						<width>24</width>
						<height>24</height>
						<texture background="true">$VAR[ExtendedInfoYoutubeVideoQualityUnfocus]</texture>
						<aspectratio>keep</aspectratio>
						<include>ListViewOverlayFadeAnim</include>
					</control>
					<control type="label">
						<description>Label</description>
						<left>38</left>
						<width>580</width>
						<height>37</height>
						<font>ListFont</font>
						<textcolor>ListColor</textcolor>
						<shadowcolor>ShadowColor</shadowcolor>
						<aligny>center</aligny>
						<info>ListItem.Label</info>
					</control>
				</itemlayout>
				<focusedlayout condition="Skin.String(ExtendedInfoYoutubeViewStyle,1) | Skin.String(ExtendedInfoYoutubeViewStyle,)" height="260" width="311">
					<control type="group">
						<include>ThumbnailViewCoverFocusAnim</include>
						<control type="label">
							<left>14</left>
							<width>165</width>
							<font>ListFont5</font>
							<textcolor>SelectedColor</textcolor>
							<shadowcolor>ShadowColor</shadowcolor>
							<label>$INFO[ListItem.Property(duration)]$INFO[ListItem.Property(itemcount),, $LOCALIZE[36913]]</label>
						</control>
						<control type="label">
							<right>34</right>
							<width>165</width>
							<align>right</align>
							<font>ListFont5</font>
							<textcolor>SelectedColor</textcolor>
							<shadowcolor>ShadowColor</shadowcolor>
							<label>$INFO[ListItem.Premiered]</label>
						</control>
						<control type="image">
							<description>Cover Case</description>
							<top>17</top>
							<width>291</width>
							<height>176</height>
							<texture background="true" border="14">covers/cover-case-thumbnail-focus.png</texture>
							<aspectratio>stretch</aspectratio>
						</control>
						<control type="image">
							<description>Cover</description>
							<top>17</top>
							<width>291</width>
							<height>176</height>
							<bordersize>14</bordersize>
							<texture background="true">$INFO[ListItem.Art(thumb)]</texture>
							<aspectratio>scale</aspectratio>
						</control>
						<control type="image">
							<description>Default Cover</description>
							<top>17</top>
							<width>291</width>
							<height>176</height>
							<bordersize>25</bordersize>
							<texture>$VAR[ExtendedInfoYoutubeActualIcon]</texture>
							<aspectratio>keep</aspectratio>
							<visible>String.IsEmpty(ListItem.Art(thumb))</visible>
						</control>
						<control type="textbox">
							<description>Label</description>
							<left>14</left>
							<top>189</top>
							<width>263</width>
							<height>34</height>
							<font>YoutubeBrowserFont</font>
							<textcolor>SelectedColor</textcolor>
							<shadowcolor>ShadowColor</shadowcolor>
							<align>center</align>
							<autoscroll time="2000" delay="3000" repeat="10000">true</autoscroll>
							<label>$INFO[ListItem.Label]</label>
						</control>
					</control>
				</focusedlayout>
				<focusedlayout condition="Skin.String(ExtendedInfoYoutubeViewStyle,2)" height="74" width="720">
					<control type="image">
						<width>720</width>
						<height>74</height>
						<texture border="0,0,10,2">views/list-separator.png</texture>
						<aspectratio>stretch</aspectratio>
					</control>
					<control type="image">
						<width>720</width>
						<height>73</height>
						<texture border="4">views/list-focus.png</texture>
						<aspectratio>stretch</aspectratio>
						<visible>Control.HasFocus(500)</visible>
						<include>ListViewSelectFadeAnim</include>
						<animation type="Focus" condition="Container(500).OnNext" reversible="false">
							<effect type="Fade" start="40" end="100" time="550" tween="back" easing="in"/>
							<effect type="slide" start="0,-74" time="250" tween="sine" easing="out"/>
						</animation>
						<animation type="Focus" condition="Container(500).OnPrevious" reversible="false">
							<effect type="Fade" start="40" end="100" time="550" tween="back" easing="in"/>
							<effect type="slide" start="0,74" time="250" tween="sine" easing="out"/>
						</animation>
					</control>
					<control type="image">
						<width>720</width>
						<height>73</height>
						<texture border="4">views/list-alt-focus.png</texture>
						<aspectratio>stretch</aspectratio>
						<visible>!Control.HasFocus(500)</visible>
						<include>ListViewSelectFadeAnim2</include>
					</control>
					<control type="image">
						<description>Cover</description>
						<top>4</top>
						<width>97</width>
						<height>65</height>
						<bordertexture border="7">covers/cover-case-nofocus.png</bordertexture>
						<bordersize>5</bordersize>
						<texture background="true">$INFO[ListItem.Art(thumb)]</texture>
						<aspectratio>scale</aspectratio>
						<include>ListViewCoverFocusAnim</include>
					</control>
					<control type="image">
						<description>Default Cover</description>
						<top>4</top>
						<width>97</width>
						<height>65</height>
						<bordersize>5</bordersize>
						<texture>$VAR[ExtendedInfoYoutubeActualIcon]</texture>
						<aspectratio>keep</aspectratio>
						<visible>String.IsEmpty(ListItem.Art(thumb))</visible>
						<include>ListViewCoverFocusAnim</include>
					</control>
					<control type="group">
						<include>ListViewFocusAnim</include>
						<control type="label">
							<left>104</left>
							<top>12</top>
							<width>511</width>
							<font>ListFont</font>
							<textcolor>SelectedColor</textcolor>
							<shadowcolor>ShadowColor</shadowcolor>
							<label>$INFO[ListItem.Label]</label>
						</control>
						<control type="label">
							<left>104</left>
							<top>38</top>
							<width>511</width>
							<font>ListFont2</font>
							<textcolor>ListColor2</textcolor>
							<shadowcolor>ShadowColor</shadowcolor>
							<label>$INFO[ListItem.Property(duration)]$INFO[ListItem.Property(itemcount),, $LOCALIZE[36913]]$INFO[ListItem.Premiered,  -  ,]</label>
						</control>
						<control type="label">
							<description>Rating</description>
							<left>610</left>
							<top>12</top>
							<width>100</width>
							<font>ListFont</font>
							<textcolor>ListColor3</textcolor>
							<shadowcolor>ShadowColor</shadowcolor>
							<label>$INFO[ListItem.Rating]</label>
							<align>right</align>
							<visible>!String.IsEmpty(ListItem.Rating)</visible>
						</control>
						<control type="image">
							<description>Quality</description>
							<left>686</left>
							<top>39</top>
							<width>24</width>
							<height>24</height>
							<texture background="true">$VAR[ExtendedInfoYoutubeVideoQualityFocus]</texture>
							<aspectratio align="right">keep</aspectratio>
							<include>ListViewOverlayFadeAnim</include>
							<visible>!String.IsEmpty(ListItem.Property(definition))</visible>
						</control>
					</control>
				</focusedlayout>
				<focusedlayout height="37" width="630" condition="Skin.String(ExtendedInfoYoutubeViewStyle,3)">
					<control type="image">
						<width>630</width>
						<height>37</height>
						<texture border="0,0,10,2">views/list-separator.png</texture>
						<aspectratio>stretch</aspectratio>
					</control>
					<control type="image">
						<width>630</width>
						<height>36</height>
						<texture border="4">views/list-focus.png</texture>
						<aspectratio>stretch</aspectratio>
						<visible>Control.HasFocus(500)</visible>
						<include>ListViewSelectFadeAnim</include>
						<animation type="Focus" condition="Container(500).OnNext" reversible="false">
							<effect type="Fade" start="40" end="100" time="500" tween="back" easing="in"/>
							<effect type="slide" start="0,-37" time="200" tween="sine" easing="out"/>
						</animation>
						<animation type="Focus" condition="Container(500).OnPrevious" reversible="false">
							<effect type="Fade" start="40" end="100" time="500" tween="back" easing="in"/>
							<effect type="slide" start="0,37" time="200" tween="sine" easing="out"/>
						</animation>
					</control>
					<control type="image">
						<width>630</width>
						<height>36</height>
						<texture border="4">views/list-alt-focus.png</texture>
						<aspectratio>stretch</aspectratio>
						<visible>!Control.HasFocus(500)</visible>
						<include>ListViewSelectFadeAnim2</include>
					</control>
					<control type="group">
						<include>ListViewFocusAnim</include>
						<control type="image">
							<description>Quality</description>
							<left>5</left>
							<top>6</top>
							<width>24</width>
							<height>24</height>
							<texture background="true">$VAR[ExtendedInfoYoutubeVideoQualityFocus]</texture>
							<aspectratio>keep</aspectratio>
							<include>ListViewOverlayFadeAnim</include>
						</control>
						<control type="label">
							<description>Label</description>
							<left>38</left>
							<width>490</width>
							<height>37</height>
							<font>ListFont</font>
							<textcolor>SelectedColor</textcolor>
							<shadowcolor>ShadowColor</shadowcolor>
							<aligny>center</aligny>
							<info>ListItem.Label</info>
							<scroll>true</scroll>
						</control>
					</control>
				</focusedlayout>
			</control>
			
			<control type="button" id="600">
                <onfocus>SetFocus(500)</onfocus>
                <width>1</width>
                <height>1</height>
                <left>-1000</left>
            </control>
            <control type="button" id="700">
                <onfocus>SetFocus(500)</onfocus>
                <width>1</width>
                <height>1</height>
                <left>-1000</left>
            </control>
			
			<control type="group">
				<description>Bottom Bar Area</description>
				<top>BottomPaneOffsetY</top>
				<!--<include>InfoPaneImage</include>-->
				<control type="label">
					<include>InfoPaneHeadLabel</include>
					<label>[B]$INFO[Window.Property(TotalItems),, $LOCALIZE[31202]][/B]</label>
				</control>
				<control type="label">
					<include>InfoPaneHeadLabel2</include>
					<label>$INFO[Window.Property(CurrentPage),$LOCALIZE[31946] ]$INFO[Window.Property(TotalPages), / ]</label>
				</control>
				<include>BottomPaneOpenCloseAnim</include>
				
				<control type="group">
					<visible>!Skin.HasSetting(HideExtendedInfoThumbsLabel) + !Skin.String(ExtendedInfoYoutubeViewStyle,3)</visible>
					<control type="label">
						<include>InfoPaneItemTitle</include>
						<label>$INFO[ListItem.Rating]</label>
					</control>
					
					<control type="label">
						<include>InfoPaneItemTitle2</include>
						<label>$INFO[Container(500).ListItem.Property(viewcount),, $ADDON[script.extendedinfo 32061]]</label>
					</control>
				</control>
				
				<control type="image">
					<description>3D</description>
					<right>30</right>
					<top>3</top>
					<width>65</width>
					<height>35</height>
					<aspectratio>stretch</aspectratio>
					<texture>flagging/default/video/3d.png</texture>
					<include>MediaViewOpenCloseAnim</include>
					<include>MediaFlagFadeAnim</include>
					<visible>String.IsEqual(Container(500).ListItem.Property(dimension),3d)</visible>
				</control>
			</control>
			
			<control type="image">
				<include>ScreenSize</include>
				<texture>dim.png</texture>
				<animation effect="fade" start="0" end="50" time="450">VisibleChange</animation>
				<visible>Window.IsActive(1101) | Window.IsActive(script-script.module.t9.search-Main.xml)</visible>
			</control>
		</control>
		
		<control type="group" id="505">
			<description>Menu Bar Area</description>
			<depth>DepthMenuBar</depth>
			<top>MenuBarOffsetY</top>
			<include>MenuBarImage</include>
			<include>MenuBarOpenCloseAnim2</include>
			<include>ExtendedInfoVideoListMenuBar</include>
		</control>
			
		<control type="group">
			<description>Top Bar Area</description>
			<depth>DepthTopBar</depth>
			<include>TopBarImage</include>
			<include>TopBarOpenCloseAnim</include>
			<include>BreadCrumbExtendedInfoVideoList</include>
			<include>Notifications</include>
		</control>
		
		<control type="group">
			<left>2000</left>
			<control type="button" id="5002">
			</control>
			<control type="button" id="5003">
			</control>
			<control type="button" id="5006">
			</control>
			<control type="button" id="5008">
			</control>
			<control type="button" id="5009">
			</control>
			<control type="button" id="5012">
			</control>
			<control type="button" id="5005">
			</control>
		</control>
    </controls>
</window>
