<?xml version="1.0" encoding="UTF-8"?>
<includes>
	<!--//// START LIST INFO VIEW /////////////////////////////////////////////////////////////////////-->
	<include name="MusicListInfoView">
		<control type="group" id="500">
			<defaultcontrol always="true">62</defaultcontrol>
			<visible>Control.IsVisible(62)</visible>
			<include>MediaViewOpenCloseAnim</include>
			<include>ListInfoViewContentPanel</include>
			
			<control type="group">
				<visible>!String.IsEmpty(ListItem.Album)</visible>
				
				<control type="image">
					<description>Cover Background</description>
					<left>39</left>
					<top>337</top>
					<width>250</width>
					<height>250</height>
					<texture background="true" border="4">panels/panel3.png</texture>
					<aspectratio>stretch</aspectratio>
					<include>ListInfoViewMediaInfoBackgroundFadeAnim</include>
				</control>
				
				<control type="image">
					<description>Default Cover</description>
					<left>39</left>
					<top>337</top>
					<width>250</width>
					<height>250</height>
					<texture background="true">DefaultAudio.png</texture>
					<bordersize>40</bordersize>
					<aspectratio>keep</aspectratio>
					<fadetime>IconCrossfadeTime</fadetime>
					<visible>String.IsEmpty(ListItem.Thumb)</visible>
					<animation effect="fade" end="60" condition="true">Conditional</animation>
				</control>
				
				<control type="image">
					<description>Cover</description>
					<left>39</left>
					<top>337</top>
					<width>250</width>
					<height>250</height>
					<texture background="true" diffuse="covers/list-info-thumb-diffuse.png">$INFO[ListItem.Thumb]</texture>
					<bordersize>1</bordersize>
					<aspectratio>stretch</aspectratio>
					<fadetime>IconCrossfadeTime</fadetime>
				</control>
			
				<control type="label">
					<description>Genre</description>
					<left>300</left>
					<top>341</top>
					<width>403</width>
					<align>center</align>
					<font>MediaInfoFont2</font>
					<textcolor>MediaInfoItemColor2</textcolor>
					<shadowcolor>ShadowColor</shadowcolor>
					<label>[UPPERCASE]$INFO[ListItem.Genre][/UPPERCASE]</label>
					<scroll>true</scroll>
				</control>
				
				<control type="textbox">
					<description>Description</description>
					<left>300</left>
					<top>376</top>
					<width>403</width>
					<height>208</height>
					<font>MediaInfoDescFont</font>
					<textcolor>MediaInfoColor</textcolor>
					<shadowcolor>ShadowColor</shadowcolor>
					<align>justify</align>
					<label fallback="31204">$INFO[ListItem.Property(Album_Description)]</label>
					<wrapmultiline>true</wrapmultiline>
					<autoscroll time="2000" delay="6000" repeat="10000">!Skin.HasSetting(DoNotAutoScrollPlot)</autoscroll>
					<visible>Container.Content(Albums) + !Container.OnNext + !Container.OnPrevious</visible> 
					<include>ControlsOpenCloseAnim</include>
				</control>
				
				<control type="textbox">
					<description>Song Comment</description>
					<left>300</left>
					<top>376</top>
					<width>403</width>
					<height>208</height>
					<font>MediaInfoDescFont</font>
					<textcolor>MediaInfoColor</textcolor>
					<shadowcolor>ShadowColor</shadowcolor>
					<align>justify</align>
					<label fallback="31205">$INFO[ListItem.Comment]</label>
					<wrapmultiline>true</wrapmultiline>
					<autoscroll time="2000" delay="6000" repeat="10000">!Skin.HasSetting(DoNotAutoScrollPlot)</autoscroll>
					<visible>Container.Content(Songs) + !Skin.HasSetting(HideMusicListInfoDescription) + !Container.OnNext + !Container.OnPrevious</visible> 
					<include>ControlsOpenCloseAnim</include>
				</control>
				
				<control type="grouplist">
					<description>Media Info (Album)</description>
					<left>44</left>
					<top>585</top>
					<width>661</width>
					<align>center</align>
					<orientation>horizontal</orientation>
					<usecontrolcoords>true</usecontrolcoords>
					<visible>Container.Content(Albums)</visible>
					<control type="label">
						<description>Artist</description>
						<width min="0" max="110">auto</width>
						<include>ListInfoViewCatLabel</include>
						<label>$LOCALIZE[557]:</label>
					</control>
					<control type="label">
						<description>Artist Value</description>
						<width min="0" max="220">auto</width>
						<scroll>true</scroll>
						<include>ListInfoViewCatValueLabel</include>
						<label fallback="31001">$INFO[ListItem.Artist]</label>
					</control>
					<include>ListInfoViewDot</include>
					<control type="label">
						<description>Record Label</description>
						<width min="0" max="110">auto</width>
						<include>ListInfoViewCatLabel</include>
						<label>$LOCALIZE[21899]:</label>
					</control>
					<control type="label">
						<description>Record Label Value</description>
						<width min="0" max="200">auto</width>
						<include>ListInfoViewCatValueLabel</include>
						<label fallback="31001">$INFO[ListItem.Property(Album_Label)]</label>
					</control>
					<include>ListInfoViewDot</include>
					<control type="label">
						<description>Year</description>
						<width min="0" max="110">auto</width>
						<include>ListInfoViewCatLabel</include>
						<label>$LOCALIZE[345]:</label>
					</control>
					<control type="label">
						<description>Year Value</description>
						<width min="0" max="110">auto</width>
						<include>ListInfoViewCatValueLabel</include>
						<label fallback="31001">$INFO[ListItem.Year]</label>
					</control>
				</control>
				
				<control type="grouplist">
					<description>Media Info (Song)</description>
					<left>44</left>
					<top>585</top>
					<width>661</width>
					<align>center</align>
					<orientation>horizontal</orientation>
					<usecontrolcoords>true</usecontrolcoords>
					<visible>Container.Content(Songs)</visible>
					<control type="label">
						<description>Artist</description>
						<width min="0" max="110">auto</width>
						<include>ListInfoViewCatLabel</include>
						<label>$LOCALIZE[557]:</label>
					</control>
					<control type="label">
						<description>Artist Value</description>
						<width min="0" max="250">auto</width>
						<include>ListInfoViewCatValueLabel</include>
						<label fallback="31001">$INFO[ListItem.Artist]</label>
					</control>
					<include>ListInfoViewDot</include>
					<control type="label">
						<description>Album</description>
						<width min="0" max="110">auto</width>
						<include>ListInfoViewCatLabel</include>
						<label>$LOCALIZE[558]:</label>
					</control>
					<control type="label">
						<description>Album Value</description>
						<width min="0" max="200">auto</width>
						<include>ListInfoViewCatValueLabel</include>
						<label fallback="31001">$INFO[ListItem.Album]</label>
					</control>
					<include>ListInfoViewDot</include>
					<control type="label">
						<description>Year</description>
						<width min="0" max="110">auto</width>
						<include>ListInfoViewCatLabel</include>
						<label>$LOCALIZE[345]:</label>
					</control>
					<control type="label">
						<description>Year Value</description>
						<width min="0" max="110">auto</width>
						<include>ListInfoViewCatValueLabel</include>
						<label fallback="31001">$INFO[ListItem.Year]</label>
					</control>
				</control>
			</control>
			
			<control type="group">
				<visible>!String.IsEmpty(ListItem.Artist) + Container.Content(Artists)</visible>
				
				<control type="image">
					<description>Cover Background</description>
					<left>39</left>
					<top>337</top>
					<width>250</width>
					<height>250</height>
					<texture background="true" border="4">panels/panel3.png</texture>
					<aspectratio>stretch</aspectratio>
					<include>ListInfoViewMediaInfoBackgroundFadeAnim</include>
				</control>
				
				<control type="image">
					<description>Default Cover</description>
					<left>39</left>
					<top>337</top>
					<width>250</width>
					<height>250</height>
					<texture background="true">DefaultArtist.png</texture>
					<bordersize>40</bordersize>
					<aspectratio>keep</aspectratio>
					<fadetime>IconCrossfadeTime</fadetime>
					<visible>String.IsEmpty(ListItem.Thumb)</visible>
					<animation effect="fade" end="60" condition="true">Conditional</animation>
				</control>
				
				<control type="image">
					<description>Cover</description>
					<left>39</left>
					<top>337</top>
					<width>250</width>
					<height>250</height>
					<texture background="true" diffuse="covers/list-info-thumb-diffuse.png">$INFO[ListItem.Thumb]</texture>
					<bordersize>1</bordersize>
					<aspectratio align="center" aligny="center" scalediffuse="false">scale</aspectratio>
					<fadetime>IconCrossfadeTime</fadetime>
				</control>
			
				<control type="label">
					<description>Genre</description>
					<left>300</left>
					<top>341</top>
					<width>403</width>
					<align>center</align>
					<font>MediaInfoFont2</font>
					<textcolor>MediaInfoItemColor2</textcolor>
					<shadowcolor>ShadowColor</shadowcolor>
					<label>[UPPERCASE]$INFO[ListItem.Property(Artist_Genre)][/UPPERCASE]</label>
					<scroll>true</scroll>
				</control>
				
				<control type="textbox">
					<description>Description</description>
					<left>300</left>
					<top>376</top>
					<width>403</width>
					<height>208</height>
					<font>MediaInfoDescFont</font>
					<textcolor>MediaInfoColor</textcolor>
					<shadowcolor>ShadowColor</shadowcolor>
					<align>justify</align>
					<label fallback="31204">$INFO[ListItem.Property(Artist_Description)]</label>
					<wrapmultiline>true</wrapmultiline>
					<autoscroll time="2000" delay="6000" repeat="10000">!Skin.HasSetting(DoNotAutoScrollPlot)</autoscroll>
					<visible>!Container.OnNext + !Container.OnPrevious</visible> 
					<include>ControlsOpenCloseAnim</include>
				</control>
				
				<control type="grouplist">
					<description>Media Info</description>
					<left>44</left>
					<top>585</top>
					<width>661</width>
					<align>center</align>
					<orientation>horizontal</orientation>
					<usecontrolcoords>true</usecontrolcoords>
					<control type="label">
						<description>Born</description>
						<width min="0" max="150">auto</width>
						<include>ListInfoViewCatLabel</include>
						<label>$LOCALIZE[21893]:</label>
						<visible>!String.IsEmpty(ListItem.Property(Artist_Born))</visible>
					</control>
					<control type="label">
						<description>Formed</description>
						<width min="0" max="150">auto</width>
						<include>ListInfoViewCatLabel</include>
						<label>$LOCALIZE[21894]:</label>
						<visible>!String.IsEmpty(ListItem.Property(Artist_Formed))</visible>
					</control>
					<control type="label">
						<description>Born Value</description>
						<width min="0" max="300">auto</width>
						<include>ListInfoViewCatValueLabel</include>
						<label fallback="31001">$INFO[ListItem.Property(Artist_Born)]</label>
						<visible>!String.IsEmpty(ListItem.Property(Artist_Born))</visible>
					</control>
					<control type="label">
						<description>Formed Value</description>
						<width min="0" max="300">auto</width>
						<include>ListInfoViewCatValueLabel</include>
						<label fallback="31001">$INFO[ListItem.Property(Artist_Formed)]</label>
						<visible>!String.IsEmpty(ListItem.Property(Artist_Formed))</visible>
					</control>
					<control type="label">
						<description>No Value</description>
						<width min="0" max="200">auto</width>
						<include>ListInfoViewCatLabel</include>
						<label>$LOCALIZE[21893]/$LOCALIZE[21894]: [COLOR=MediaInfoItemColor2]$LOCALIZE[31001][/COLOR]</label>
						<visible>String.IsEmpty(ListItem.Property(Artist_Born)) + String.IsEmpty(ListItem.Property(Artist_Formed))</visible>
					</control>
					<include>ListInfoViewDot</include>
					<control type="label">
						<description>Years Active</description>
						<width min="0" max="114">auto</width>
						<include>ListInfoViewCatLabel</include>
						<label>$LOCALIZE[21898]:</label>
					</control>
					<control type="label">
						<description>Years Active Value</description>
						<width min="0" max="200">auto</width>
						<include>ListInfoViewCatValueLabel</include>
						<label fallback="31001">$INFO[ListItem.Property(Artist_YearsActive)]</label>
					</control>
				</control>
			</control>
		
			<control type="list" id="62">
				<viewtype label="31111">list</viewtype>
				<left>720</left>
				<top>332</top>
				<width>505</width>
				<height>296</height>
				<pagecontrol>905</pagecontrol>
				<preloaditems>2</preloaditems>
				<scrolltime tween="sine" easing="inout">300</scrolltime>
				<onup>62</onup>
				<ondown>62</ondown>
				<onleft>850</onleft>
				<onright>150</onright>
				<visible>$EXP[AlbumsSongsArtists]</visible>
				<itemlayout height="37">
					<control type="image">
						<width>505</width>
						<height>37</height>
						<texture border="0,0,10,2">views/list-separator.png</texture>
						<aspectratio>stretch</aspectratio>
					</control>
					<control type="image">
						<description>Icon</description>
						<left>5</left>
						<top>6</top>
						<width>24</width>
						<height>24</height>
						<texture background="true">$INFO[ListItem.ActualIcon].png</texture>
						<aspectratio>stretch</aspectratio>
						<include>ListViewOverlayFadeAnim</include>
					</control>
					<control type="image">
						<description>Icon</description>
						<left>5</left>
						<top>6</top>
						<width>24</width>
						<height>24</height>
						<texture background="true">$INFO[ListItem.ActualIcon].png</texture>
						<aspectratio>stretch</aspectratio>
						<visible>Container.Content(Artists)</visible>
						<include>ListViewOverlayFadeAnim</include>
					</control>
					<control type="label">
						<description>Label</description>
						<left>35</left>
						<width>365</width>
						<height>37</height>
						<font>ListFont</font>
						<textcolor>ListColor</textcolor>
						<shadowcolor>ShadowColor</shadowcolor>
						<aligny>center</aligny>
						<info>ListItem.Label</info>
					</control>
					<control type="label">
						<description>Label2</description>
						<left>295</left>
						<width>200</width>
						<height>37</height>
						<font>ListFont2</font>
						<textcolor>ListColor3</textcolor>
						<shadowcolor>ShadowColor</shadowcolor>
						<align>right</align>
						<aligny>center</aligny>
						<info>ListItem.Label2</info>
					</control>
				</itemlayout>
				<focusedlayout height="37">
					<control type="image">
						<width>505</width>
						<height>37</height>
						<texture border="0,0,10,2">views/list-separator.png</texture>
						<aspectratio>stretch</aspectratio>
					</control>
					<control type="image">
						<width>505</width>
						<height>36</height>
						<texture border="4">views/list-focus.png</texture>
						<aspectratio>stretch</aspectratio>
						<visible>Control.HasFocus(62)</visible>
						<include>ListViewSelectFadeAnim</include>
						<include>ListViewScrollAnim</include>
					</control>
					<control type="image">
						<width>505</width>
						<height>36</height>
						<texture border="4">views/list-alt-focus.png</texture>
						<aspectratio>stretch</aspectratio>
						<visible>!Control.HasFocus(62)</visible>
						<include>ListViewSelectFadeAnim2</include>
					</control>
					<control type="group">
						<include>ListViewFocusAnim</include>
						<control type="image">
							<description>Icon</description>
							<left>5</left>
							<top>6</top>
							<width>24</width>
							<height>24</height>
							<texture background="true">$INFO[ListItem.ActualIcon].png</texture>
							<aspectratio>stretch</aspectratio>
						</control>
						<control type="image">
							<description>Icon</description>
							<left>5</left>
							<top>6</top>
							<width>24</width>
							<height>24</height>
							<texture background="true">$INFO[ListItem.ActualIcon].png</texture>
							<aspectratio>stretch</aspectratio>
							<visible>Container.Content(Artists)</visible>
						</control>
						<control type="label">
							<description>Label</description>
							<left>35</left>
							<width>365</width>
							<height>37</height>
							<font>ListFont</font>
							<textcolor>SelectedColor</textcolor>
							<shadowcolor>ShadowColor</shadowcolor>
							<align>left</align>
							<aligny>center</aligny>
							<info>ListItem.Label</info>
							<scroll>true</scroll>
						</control>
						<control type="label">
							<description>Label2</description>
							<left>295</left>
							<width>200</width>
							<height>37</height>
							<font>ListFont2</font>
							<textcolor>ListColor3</textcolor>
							<shadowcolor>ShadowColor</shadowcolor>
							<align>right</align>
							<aligny>center</aligny>
							<info>ListItem.Label2</info>
						</control>
					</control>
				</focusedlayout>
			</control>

			<include>ListInfoViewScrollbar</include>
			
			<control type="group">
				<description>Bottom Bar Area</description>
				<top>BottomPaneOffsetY</top>
				<!--<include>InfoPaneImage</include>-->
				<include>InfoPaneMediaDetails</include>
				<include>InfoPaneClearLogoMusic</include>
				<include>BottomPaneOpenCloseAnim</include>
			</control>
			
			<include>ViewsDialogPopUpScreenDim</include>
		</control>
	</include>
	<!--//// END LIST INFO VIEW ///////////////////////////////////////////////////////////////////////-->
	
	<!--//// START LIST INFO 2 VIEW ///////////////////////////////////////////////////////////////////-->
	<include name="MusicListInfoView2">
		<control type="group" id="500">
	        <defaultcontrol always="true">67</defaultcontrol>
			<visible>Control.IsVisible(67)</visible>
			<include>MediaViewOpenCloseAnim</include>
			<include>ViewContentPanel</include>
			<include>ListInfo2MediaInfoPanelCommon</include>
			
			<control type="group">
				<visible>!String.IsEmpty(ListItem.Album)</visible>
				<include>ListInfo2PanelFanart</include>
				
				<include content="ListInfo2MediaInfoArea">
					<param name="visible" value="Container.Content(Albums)" />
					<param name="Grouplist1LabelWidth" value="110" />
					<param name="Grouplist1Label" value="$LOCALIZE[557]" />
					<param name="Grouplist1InfoWidth" value="310" />
					<param name="Grouplist1Info" value="$INFO[ListItem.Artist]" />
					<param name="Grouplist2LabelWidth" value="110" />
					<param name="Grouplist2Label" value="$LOCALIZE[21899]" />
					<param name="Grouplist2InfoWidth" value="310" />
					<param name="Grouplist2Info" value="$INFO[ListItem.Property(Album_Label)]" />
					<param name="Grouplist3LabelWidth" value="110" />
					<param name="Grouplist3Label" value="$LOCALIZE[345]" />
					<param name="Grouplist3InfoWidth" value="110" />
					<param name="Grouplist3Info" value="$INFO[ListItem.Year]" />
					<param name="Grouplist4LabelWidth" value="110" />
					<param name="Grouplist4Label" value="$LOCALIZE[563]" />
					<param name="Grouplist4InfoWidth" value="110" />
					<param name="Grouplist4Info" value="$INFO[ListItem.Rating]" />
				</include>
				
				<include content="ListInfo2MediaInfoArea">
					<param name="visible" value="Container.Content(Songs)" />
					<param name="Grouplist1LabelWidth" value="110" />
					<param name="Grouplist1Label" value="$LOCALIZE[557]" />
					<param name="Grouplist1InfoWidth" value="310" />
					<param name="Grouplist1Info" value="$INFO[ListItem.Artist]" />
					<param name="Grouplist2LabelWidth" value="110" />
					<param name="Grouplist2Label" value="$LOCALIZE[558]" />
					<param name="Grouplist2InfoWidth" value="310" />
					<param name="Grouplist2Info" value="$INFO[ListItem.Album]" />
					<param name="Grouplist3LabelWidth" value="110" />
					<param name="Grouplist3Label" value="$LOCALIZE[345]" />
					<param name="Grouplist3InfoWidth" value="110" />
					<param name="Grouplist3Info" value="$INFO[ListItem.Year]" />
					<param name="Grouplist4LabelWidth" value="110" />
					<param name="Grouplist4Label" value="$LOCALIZE[563]" />
					<param name="Grouplist4InfoWidth" value="110" />
					<param name="Grouplist4Info" value="$INFO[ListItem.Rating]" />
				</include>
				
				<include content="ListInfo2Plot">
					<param name="fallback" value="31204" />
					<param name="label" value="$INFO[ListItem.Property(Album_Description)]" />
					<param name="visible" value="Container.Content(Albums) + !Container.OnNext + !Container.OnPrevious" />
				</include>
				
				<include content="ListInfo2Plot">
					<param name="fallback" value="31205" />
					<param name="label" value="$INFO[ListItem.Comment]" />
					<param name="visible" value="Container.Content(Songs) + !Skin.HasSetting(HideMusicListInfo2Description) + !Container.OnNext + !Container.OnPrevious" />
				</include>
			</control>
			
			<control type="group">
				<visible>!String.IsEmpty(ListItem.Artist) + Container.Content(Artists)</visible>
				<include>ListInfo2PanelFanart</include>

				<control type="group">
					<description>Media Info Area</description>
					<left>38</left>
					<top>430</top>
		
					<control type="grouplist">
						<description>Born/Formed</description>
						<left>10</left>
						<orientation>horizontal</orientation>
						<control type="label">
							<width min="0" max="150">auto</width>
							<font>MediaInfoFont</font>
							<textcolor>MediaInfoItemColor</textcolor>
							<shadowcolor>ShadowColor</shadowcolor>
							<label>$LOCALIZE[21893]:</label>
							<visible>!String.IsEmpty(ListItem.Property(Artist_Born))</visible>
						</control>
						<control type="label">
							<width min="0" max="150">auto</width>
							<font>MediaInfoFont</font>
							<textcolor>MediaInfoItemColor</textcolor>
							<shadowcolor>ShadowColor</shadowcolor>
							<label>$LOCALIZE[21894]:</label>
							<visible>!String.IsEmpty(ListItem.Property(Artist_Formed))</visible>
						</control>
						<control type="label">
							<width min="0" max="450">auto</width>
							<font>MediaInfoFont</font>
							<textcolor>MediaInfoItemColor2</textcolor>
							<shadowcolor>ShadowColor</shadowcolor>
							<label>$INFO[ListItem.Property(Artist_Born)]</label>
							<visible>!String.IsEmpty(ListItem.Property(Artist_Born))</visible>
						</control>
						<control type="label">
							<width min="0" max="450">auto</width>
							<font>MediaInfoFont</font>
							<textcolor>MediaInfoItemColor2</textcolor>
							<shadowcolor>ShadowColor</shadowcolor>
							<label>$INFO[ListItem.Property(Artist_Formed)]</label>
							<visible>!String.IsEmpty(ListItem.Property(Artist_Formed))</visible>
						</control>
						<control type="label">
							<width min="0" max="200">auto</width>
							<font>MediaInfoFont</font>
							<textcolor>MediaInfoItemColor</textcolor>
							<shadowcolor>ShadowColor</shadowcolor>
							<label>$LOCALIZE[21893]/$LOCALIZE[21894]: [COLOR=MediaInfoItemColor2]$LOCALIZE[31001][/COLOR]</label>
							<visible>String.IsEmpty(ListItem.Property(Artist_Born)) + String.IsEmpty(ListItem.Property(Artist_Formed))</visible>
						</control>
					</control>
					
					<control type="grouplist">
						<description>Years Active</description>
						<left>10</left>
						<top>22</top>
						<orientation>horizontal</orientation>
						<control type="label">
							<width min="0" max="150">auto</width>
							<font>MediaInfoFont</font>
							<textcolor>MediaInfoItemColor</textcolor>
							<shadowcolor>ShadowColor</shadowcolor>
							<label>$LOCALIZE[21898]:</label>
						</control>
						<control type="label">
							<width min="0" max="370">auto</width>
							<font>MediaInfoFont</font>
							<textcolor>MediaInfoItemColor2</textcolor>
							<shadowcolor>ShadowColor</shadowcolor>
							<label fallback="31001">$INFO[ListItem.Property(Artist_YearsActive)]</label>
						</control>
					</control>
				</control>
				
				<control type="textbox">
					<description>Description</description>
					<left>48</left>
					<top>494</top>
					<width>526</width>
					<height>120</height>
					<font>MediaInfoDescFont</font>
					<textcolor>MediaInfoColor</textcolor>
					<shadowcolor>ShadowColor</shadowcolor>
					<align>justify</align>
					<label fallback="31204">$INFO[ListItem.Property(Artist_Description)]</label>
					<wrapmultiline>true</wrapmultiline>
					<autoscroll time="2000" delay="6000" repeat="10000">!Skin.HasSetting(DoNotAutoScrollPlot)</autoscroll>
					<visible>!Container.OnNext + !Container.OnPrevious</visible>
					<include>ControlsOpenCloseAnim</include>
				</control>
			</control>
			
			<control type="list" id="67">
				<viewtype label="31112">list</viewtype>
				<left>595</left>
				<top>110</top>
				<width>630</width>
				<height>518</height>
				<pagecontrol>906</pagecontrol>
				<preloaditems>2</preloaditems>
				<scrolltime tween="sine" easing="inout">300</scrolltime>
				<onup>67</onup>
				<ondown>67</ondown>
				<onleft>850</onleft>
				<onright>150</onright>
				<visible>$EXP[AlbumsSongsArtists]</visible>
				<include condition="Skin.String(MusicListInfo2Style,1) | Skin.String(MusicListInfo2Style,3)">MusicListInfo2ItemLayout</include>
				<include condition="Skin.String(MusicListInfo2Style,) | Skin.String(MusicListInfo2Style,2)">MusicListInfo2TallStyleItemLayout</include>
				<include condition="Skin.String(MusicListInfo2Style,1)">MusicListInfo2FocusedLayout</include>
				<include condition="Skin.String(MusicListInfo2Style,) | Skin.String(MusicListInfo2Style,2) | Skin.String(MusicListInfo2Style,3)">MusicListInfo2TallStyleFocusedLayout</include>
			</control>
			
			<include>ListInfo2ViewScrollbar</include>
			
			<control type="group">
				<description>Bottom Bar Area</description>
				<top>BottomPaneOffsetY</top>
				<!--<include>InfoPaneImage</include>-->
				<include>InfoPaneMediaDetails</include>
				<include>InfoPaneClearLogoMusic</include>
				<include>BottomPaneOpenCloseAnim</include>
			</control>

			<include>ViewsDialogPopUpScreenDim</include>
		</control>
	</include>
	
	<include name="MusicListInfo2ItemLayout">
		<itemlayout height="37">
			<control type="image">
				<width>630</width>
				<height>37</height>
				<texture border="0,0,10,2">views/list-separator.png</texture>
				<aspectratio>stretch</aspectratio>
			</control>
			<control type="image">
				<description>Icon</description>
				<left>5</left>
				<top>6</top>
				<width>24</width>
				<height>24</height>
				<texture background="true">$INFO[ListItem.ActualIcon].png</texture>
				<aspectratio>stretch</aspectratio>
				<include>ListViewOverlayFadeAnim</include>
			</control>
			<control type="image">
				<description>Icon</description>
				<left>5</left>
				<top>6</top>
				<width>24</width>
				<height>24</height>
				<texture background="true">$INFO[ListItem.ActualIcon].png</texture>
				<aspectratio>stretch</aspectratio>
				<visible>Container.Content(Artists)</visible>
				<include>ListViewOverlayFadeAnim</include>
			</control>
			<control type="label">
				<description>Label</description>
				<left>35</left>
				<width>490</width>
				<height>37</height>
				<font>ListFont</font>
				<textcolor>ListColor</textcolor>
				<shadowcolor>ShadowColor</shadowcolor>
				<aligny>center</aligny>
				<info>ListItem.Label</info>
			</control>
			<control type="label">
				<description>Label2</description>
				<left>420</left>
				<width>200</width>
				<height>37</height>
				<font>ListFont2</font>
				<textcolor>ListColor3</textcolor>
				<shadowcolor>ShadowColor</shadowcolor>
				<align>right</align>
				<aligny>center</aligny>
				<info>ListItem.Label2</info>
			</control>
		</itemlayout>
	</include>
	
	<include name="MusicListInfo2FocusedLayout">
		<focusedlayout height="37">
			<control type="image">
				<width>630</width>
				<height>37</height>
				<texture border="0,0,10,2">views/list-separator.png</texture>
				<aspectratio>stretch</aspectratio>
			</control>
			<control type="image">
				<width>630</width>
				<height>36</height>
				<texture border="4">views/list-focus.png</texture>
				<aspectratio>stretch</aspectratio>
				<visible>Control.HasFocus(67)</visible>
				<include>ListViewSelectFadeAnim</include>
				<include>ListViewScrollAnim</include>
			</control>
			<control type="image">
				<width>630</width>
				<height>36</height>
				<texture border="4">views/list-alt-focus.png</texture>
				<aspectratio>stretch</aspectratio>
				<visible>!Control.HasFocus(67)</visible>
				<include>ListViewSelectFadeAnim2</include>
			</control>
			<control type="group">
				<include>ListViewFocusAnim</include>
				<control type="image">
					<description>Icon</description>
					<left>5</left>
					<top>6</top>
					<width>24</width>
					<height>24</height>
					<texture background="true">$INFO[ListItem.ActualIcon].png</texture>
					<aspectratio>stretch</aspectratio>
				</control>
				<control type="image">
					<description>Icon</description>
					<left>5</left>
					<top>6</top>
					<width>24</width>
					<height>24</height>
					<texture background="true">$INFO[ListItem.ActualIcon].png</texture>
					<aspectratio>stretch</aspectratio>
					<visible>Container.Content(Artists)</visible>
				</control>
				<control type="label">
					<description>Label</description>
					<left>35</left>
					<width>490</width>
					<height>37</height>
					<font>ListFont</font>
					<textcolor>SelectedColor</textcolor>
					<shadowcolor>ShadowColor</shadowcolor>
					<aligny>center</aligny>
					<info>ListItem.Label</info>
					<scroll>true</scroll>
				</control>
				<control type="label">
					<description>Label2</description>
					<left>420</left>
					<width>200</width>
					<height>37</height>
					<font>ListFont2</font>
					<textcolor>ListColor3</textcolor>
					<shadowcolor>ShadowColor</shadowcolor>
					<align>right</align>
					<aligny>center</aligny>
					<info>ListItem.Label2</info>
				</control>
			</control>
		</focusedlayout>
	</include>
	
	<include name="MusicListInfo2TallStyleItemLayout">
		<itemlayout height="74">
			<control type="image">
				<width>630</width>
				<height>74</height>
				<texture border="0,0,10,2">views/list-separator.png</texture>
				<aspectratio>stretch</aspectratio>
			</control>
			<control type="image">
				<description>Cover</description>
				<width>73</width>
				<height>73</height>
				<bordertexture border="7">covers/cover-case-nofocus.png</bordertexture>
				<bordersize>5</bordersize>
				<texture background="true">$INFO[ListItem.Thumb]</texture>
				<aspectratio>scale</aspectratio>
			</control>
			<control type="image">
				<description>Dim</description>
				<width>73</width>
				<height>73</height>
				<bordersize>5</bordersize>
				<texture background="true">dim.png</texture>
				<aspectratio>stretch</aspectratio>
				<visible>!String.IsEmpty(ListItem.Thumb)</visible>
				<include>CoverDimAnim</include>
			</control>
			<control type="image">
				<description>Default Cover</description>
				<width>73</width>
				<height>73</height>
				<bordersize>10</bordersize>
				<texture background="true">$INFO[ListItem.ActualIcon]</texture>
				<aspectratio>keep</aspectratio>
				<visible>String.IsEmpty(ListItem.Thumb)</visible>
				<animation effect="fade" end="40" condition="true">Conditional</animation>
			</control>
			<control type="image">
				<description>Default Cover</description>
				<width>73</width>
				<height>73</height>
				<bordersize>10</bordersize>
				<texture background="true">$INFO[ListItem.ActualIcon]</texture>
				<aspectratio>keep</aspectratio>
				<visible>String.IsEmpty(ListItem.Thumb) + Container.Content(Artists)</visible>
				<animation effect="fade" end="40" condition="true">Conditional</animation>
			</control>
			<control type="group">
				<visible>Container.Content(Albums)</visible>
				<control type="label">
					<description>Label</description>
					<left>80</left>
					<top>12</top>
					<width>445</width>
					<font>ListFont</font>
					<textcolor>ListColor</textcolor>
					<shadowcolor>ShadowColor</shadowcolor>
					<label>$VAR[ListTallStyleLabel]</label>
				</control>
				<control type="label">
					<description>Label2</description>
					<left>80</left>
					<top>38</top>
					<width>445</width>
					<font>ListFont2</font>
					<textcolor>ListColor2</textcolor>
					<shadowcolor>ShadowColor</shadowcolor>
					<label>$INFO[ListItem.Year]$INFO[ListItem.Artist,  -  ,]</label>
				</control>
				<control type="label">
					<description>Rating</description>
					<left>520</left>
					<top>12</top>
					<width>100</width>
					<font>ListFont</font>
					<textcolor>ListColor3</textcolor>
					<shadowcolor>ShadowColor</shadowcolor>
					<label>$INFO[ListItem.Rating]</label>
					<align>right</align>
				</control>
			</control>
			<control type="group">
				<visible>Container.Content(Songs)</visible>
				<control type="label">
					<description>Label</description>
					<left>80</left>
					<top>12</top>
					<width>445</width>
					<font>ListFont</font>
					<textcolor>ListColor</textcolor>
					<shadowcolor>ShadowColor</shadowcolor>
					<label>$VAR[ListTallStyleLabel]</label>
				</control>
				<control type="label">
					<description>Label2</description>
					<left>80</left>
					<top>38</top>
					<width>445</width>
					<font>ListFont2</font>
					<textcolor>ListColor2</textcolor>
					<shadowcolor>ShadowColor</shadowcolor>
					<label>$INFO[ListItem.Duration,, $LOCALIZE[31003]]$INFO[ListItem.Artist,  -  ,]</label>
				</control>
				<control type="label">
					<description>Rating</description>
					<left>520</left>
					<top>12</top>
					<width>100</width>
					<font>ListFont</font>
					<textcolor>ListColor3</textcolor>
					<shadowcolor>ShadowColor</shadowcolor>
					<label>$INFO[ListItem.Rating]</label>
					<align>right</align>
				</control>
			</control>
			<control type="group">
				<visible>Container.Content(Artists)</visible>
				<control type="label">
					<description>Label</description>
					<left>80</left>
					<top>12</top>
					<width>445</width>
					<font>ListFont</font>
					<textcolor>ListColor</textcolor>
					<shadowcolor>ShadowColor</shadowcolor>
					<label>$VAR[ListTallStyleLabel]</label>
				</control>
				<control type="label">
					<description>Label2 (Born)</description>
					<left>80</left>
					<top>38</top>
					<width>445</width>
					<font>ListFont2</font>
					<textcolor>ListColor2</textcolor>
					<shadowcolor>ShadowColor</shadowcolor>
					<label>$INFO[ListItem.Property(Artist_Born)]</label>
					<visible>!String.IsEmpty(ListItem.Property(Artist_Born))</visible>
				</control>
				<control type="label">
					<description>Label2 (Formed)</description>
					<left>80</left>
					<top>38</top>
					<width>445</width>
					<font>ListFont2</font>
					<textcolor>ListColor2</textcolor>
					<shadowcolor>ShadowColor</shadowcolor>
					<label>$INFO[ListItem.Property(Artist_Formed)]</label>
					<visible>!String.IsEmpty(ListItem.Property(Artist_Formed))</visible>
				</control>
			</control>
		</itemlayout>
	</include>
	
	<include name="MusicListInfo2TallStyleFocusedLayout">
		<focusedlayout height="74">
			<control type="image">
				<width>630</width>
				<height>74</height>
				<texture border="0,0,10,2">views/list-separator.png</texture>
				<aspectratio>stretch</aspectratio>
			</control>
			<control type="image">
				<width>630</width>
				<height>73</height>
				<texture border="4">views/list-focus.png</texture>
				<aspectratio>stretch</aspectratio>
				<visible>Control.HasFocus(67)</visible>
				<include>ListViewSelectFadeAnim</include>
				<include condition="![Skin.String(MusicListInfo2Style,) | Skin.String(MusicListInfo2Style,3)]">ListViewScrollAnim2</include>
				<include condition="[Skin.String(MusicListInfo2Style,) | Skin.String(MusicListInfo2Style,3)]">ListViewScrollAnim</include>
			</control>
			<control type="image">
				<width>630</width>
				<height>73</height>
				<texture border="4">views/list-alt-focus.png</texture>
				<aspectratio>stretch</aspectratio>
				<visible>!Control.HasFocus(67)</visible>
				<include>ListViewSelectFadeAnim2</include>
			</control>
			<control type="image">
				<description>Cover</description>
				<width>73</width>
				<height>73</height>
				<bordertexture border="7">covers/cover-case-nofocus.png</bordertexture>
				<bordersize>5</bordersize>
				<texture background="true">$INFO[ListItem.Thumb]</texture>
				<aspectratio>scale</aspectratio>
				<include>ListViewCoverFocusAnim</include>
			</control>
			<control type="image">
				<description>Default Cover</description>
				<width>73</width>
				<height>73</height>
				<bordersize>10</bordersize>
				<texture background="true">$INFO[ListItem.ActualIcon]</texture>
				<aspectratio>keep</aspectratio>
				<visible>String.IsEmpty(ListItem.Thumb)</visible>
				<include>ListViewCoverFocusAnim</include>
			</control>
			<control type="image">
				<description>Default Cover</description>
				<width>73</width>
				<height>73</height>
				<bordersize>10</bordersize>
				<texture background="true">$INFO[ListItem.ActualIcon]</texture>
				<aspectratio>keep</aspectratio>
				<visible>String.IsEmpty(ListItem.Thumb) + Container.Content(Artists)</visible>
				<include>ListViewCoverFocusAnim</include>
			</control>
			<control type="group">
				<visible>Container.Content(Albums)</visible>
				<include>ListViewFocusAnim</include>
				<control type="label">
					<description>Label</description>
					<left>80</left>
					<top>12</top>
					<width>445</width>
					<font>ListFont</font>
					<textcolor>SelectedColor</textcolor>
					<shadowcolor>ShadowColor</shadowcolor>
					<label>$VAR[ListTallStyleLabel]</label>
					<scroll>true</scroll>
				</control>
				<control type="label">
					<description>Label2</description>
					<left>80</left>
					<top>38</top>
					<width>445</width>
					<font>ListFont2</font>
					<textcolor>ListColor2</textcolor>
					<shadowcolor>ShadowColor</shadowcolor>
					<label>$INFO[ListItem.Year]$INFO[ListItem.Artist,  -  ,]</label>
				</control>
				<control type="label">
					<description>Rating</description>
					<left>520</left>
					<top>12</top>
					<width>100</width>
					<font>ListFont</font>
					<textcolor>ListColor3</textcolor>
					<shadowcolor>ShadowColor</shadowcolor>
					<label>$INFO[ListItem.Rating]</label>
					<align>right</align>
				</control>
			</control>
			<control type="group">
				<visible>Container.Content(Songs)</visible>
				<include>ListViewFocusAnim</include>
				<control type="label">
					<description>Label</description>
					<left>80</left>
					<top>12</top>
					<width>445</width>
					<font>ListFont</font>
					<textcolor>SelectedColor</textcolor>
					<shadowcolor>ShadowColor</shadowcolor>
					<label>$VAR[ListTallStyleLabel]</label>
					<scroll>true</scroll>
				</control>
				<control type="label">
					<description>Label2</description>
					<left>80</left>
					<top>38</top>
					<width>445</width>
					<font>ListFont2</font>
					<textcolor>ListColor2</textcolor>
					<shadowcolor>ShadowColor</shadowcolor>
					<label>$INFO[ListItem.Duration,, $LOCALIZE[31003]]$INFO[ListItem.Artist,  -  ,]</label>
				</control>
				<control type="label">
					<description>Rating</description>
					<left>520</left>
					<top>12</top>
					<width>100</width>
					<font>ListFont</font>
					<textcolor>ListColor3</textcolor>
					<shadowcolor>ShadowColor</shadowcolor>
					<label>$INFO[ListItem.Rating]</label>
					<align>right</align>
				</control>
			</control>
			<control type="group">
				<visible>Container.Content(Artists)</visible>
				<include>ListViewFocusAnim</include>
				<control type="label">
					<description>Label</description>
					<left>80</left>
					<top>12</top>
					<width>445</width>
					<font>ListFont</font>
					<textcolor>SelectedColor</textcolor>
					<shadowcolor>ShadowColor</shadowcolor>
					<label>$VAR[ListTallStyleLabel]</label>
					<scroll>true</scroll>
				</control>
				<control type="label">
					<description>Label2 (Born)</description>
					<left>80</left>
					<top>38</top>
					<width>445</width>
					<font>ListFont2</font>
					<textcolor>ListColor2</textcolor>
					<shadowcolor>ShadowColor</shadowcolor>
					<label>$INFO[ListItem.Property(Artist_Born)]</label>
					<visible>!String.IsEmpty(ListItem.Property(Artist_Born))</visible>
				</control>
				<control type="label">
					<description>Label2 (Formed)</description>
					<left>80</left>
					<top>38</top>
					<width>445</width>
					<font>ListFont2</font>
					<textcolor>ListColor2</textcolor>
					<shadowcolor>ShadowColor</shadowcolor>
					<label>$INFO[ListItem.Property(Artist_Formed)]</label>
					<visible>!String.IsEmpty(ListItem.Property(Artist_Formed))</visible>
				</control>
			</control>
		</focusedlayout>
	</include>
	<!--//// END LIST INFO 2 VIEW /////////////////////////////////////////////////////////////////////-->

	<!--//// START LIST INFO 3 VIEW ///////////////////////////////////////////////////////////////////-->
	<include name="MusicListInfoView3">
		<control type="group" id="500">
	        <defaultcontrol always="true">96</defaultcontrol>
			<visible>Control.IsVisible(96)</visible>
			<include>MediaViewOpenCloseAnim</include>
			<include>ViewContentPanel</include>
			<include>ListInfo3MediaInfoPanelCommon</include>
			
			<control type="group">
				<visible>!String.IsEmpty(ListItem.Album)</visible>
				<include>ListInfo3PanelFanart</include>
				
				<include content="ThumbsInfoMediaInfoArea">
					<param name="visible" value="true" />
					<param name="Grouplist1LabelWidth" value="110" />
					<param name="Grouplist1Label" value="$LOCALIZE[557]" />
					<param name="Grouplist1InfoWidth" value="190" />
					<param name="Grouplist1Info" value="$INFO[ListItem.Artist]" />
					<param name="Grouplist2LabelWidth" value="110" />
					<param name="Grouplist2Label" value="$LOCALIZE[21899]" />
					<param name="Grouplist2InfoWidth" value="190" />
					<param name="Grouplist2Info" value="$INFO[ListItem.Property(Album_Label)]" />
					<param name="Grouplist3LabelWidth" value="110" />
					<param name="Grouplist3Label" value="$LOCALIZE[345]" />
					<param name="Grouplist3InfoWidth" value="110" />
					<param name="Grouplist3Info" value="$INFO[ListItem.Year]" />
					<param name="Grouplist4LabelWidth" value="110" />
					<param name="Grouplist4Label" value="$LOCALIZE[563]" />
					<param name="Grouplist4InfoWidth" value="110" />
					<param name="Grouplist4Info" value="$INFO[ListItem.Rating]" />
				</include>
				
				<include content="ThumbsInfoPlot">
					<param name="fallback" value="31204" />
					<param name="label" value="$INFO[ListItem.Property(Album_Description)]" />
				</include>
				
				<include>ListInfo3RightPanelCover</include>
			</control>
			
			<control type="list" id="96">
				<viewtype label="31115">list</viewtype>
				<left>456</left>
				<top>110</top>
				<width>354</width>
				<height>518</height>
				<pagecontrol>917</pagecontrol>
				<preloaditems>2</preloaditems>
				<scrolltime tween="sine" easing="inout">300</scrolltime>
				<onup>96</onup>
				<ondown>96</ondown>
				<onleft>850</onleft>
				<onright>150</onright>
				<visible>Container.Content(Albums)</visible>
				<itemlayout height="37">
					<control type="image">
						<width>354</width>
						<height>37</height>
						<texture border="0,0,10,2">views/list-separator.png</texture>
						<aspectratio>stretch</aspectratio>
					</control>
					<control type="image">
						<description>Icon</description>
						<left>5</left>
						<top>6</top>
						<width>24</width>
						<height>24</height>
						<texture background="true">$INFO[ListItem.ActualIcon].png</texture>
						<aspectratio>stretch</aspectratio>
						<include>ListViewOverlayFadeAnim</include>
					</control>
					<control type="label">
						<description>Label</description>
						<left>35</left>
						<width>314</width>
						<height>37</height>
						<font>ListFont</font>
						<textcolor>ListColor</textcolor>
						<shadowcolor>ShadowColor</shadowcolor>
						<aligny>center</aligny>
						<info>ListItem.Label</info>
					</control>
				</itemlayout>
				<focusedlayout height="37">
					<control type="image">
						<width>354</width>
						<height>37</height>
						<texture border="0,0,10,2">views/list-separator.png</texture>
						<aspectratio>stretch</aspectratio>
					</control>
					<control type="image">
						<width>354</width>
						<height>36</height>
						<texture border="4">views/list-focus.png</texture>
						<aspectratio>stretch</aspectratio>
						<visible>Control.HasFocus(96)</visible>
						<include>ListViewSelectFadeAnim</include>
						<include>ListViewScrollAnim</include>
					</control>
					<control type="image">
						<width>354</width>
						<height>36</height>
						<texture border="4">views/list-alt-focus.png</texture>
						<aspectratio>stretch</aspectratio>
						<visible>!Control.HasFocus(96)</visible>
						<include>ListViewSelectFadeAnim2</include>
					</control>
					<control type="group">
						<include>ListViewFocusAnim</include>
						<control type="image">
							<description>Icon</description>
							<left>5</left>
							<top>6</top>
							<width>24</width>
							<height>24</height>
							<texture background="true">$INFO[ListItem.ActualIcon].png</texture>
							<aspectratio>stretch</aspectratio>
						</control>
						<control type="label">
							<description>Label</description>
							<left>35</left>
							<width>314</width>
							<height>37</height>
							<font>ListFont</font>
							<textcolor>SelectedColor</textcolor>
							<shadowcolor>ShadowColor</shadowcolor>
							<aligny>center</aligny>
							<info>ListItem.Label</info>
							<scroll>true</scroll>
						</control>
					</control>
				</focusedlayout>
			</control>
			
			<include>ListInfo3ViewScrollbar</include>
			
			<control type="group">
				<description>Bottom Bar Area</description>
				<top>BottomPaneOffsetY</top>
				<!--<include>InfoPaneImage</include>-->
				<include>InfoPaneMediaDetails</include>
				<include>InfoPaneClearLogoMusic</include>
				<include>BottomPaneOpenCloseAnim</include>
			</control>

			<include>ViewsDialogPopUpScreenDim</include>
		</control>
	</include>
	<!--//// END LIST INFO 3 VIEW /////////////////////////////////////////////////////////////////////-->
</includes>