<?xml version="1.0" encoding="UTF-8"?>
<window>
	<defaultcontrol>9000</defaultcontrol>

	<coordinates>
		<system>1</system>
		<origin x="468" y="181">true</origin>
	</coordinates>
	
	<controls>
		<control type="group">
			<depth>DepthDialog+</depth>
			<include>DialogOpenCloseAnim</include>
			<animation effect="slide" end="0,-167" condition="String.IsEqual(Container(9000).NumItems,17)">Conditional</animation>
			<animation effect="slide" end="0,-148" condition="String.IsEqual(Container(9000).NumItems,16)">Conditional</animation>
			<animation effect="slide" end="0,-130" condition="String.IsEqual(Container(9000).NumItems,15)">Conditional</animation>
			<animation effect="slide" end="0,-111" condition="String.IsEqual(Container(9000).NumItems,14)">Conditional</animation>
			<animation effect="slide" end="0,-93" condition="String.IsEqual(Container(9000).NumItems,13)">Conditional</animation>
			<animation effect="slide" end="0,-74" condition="String.IsEqual(Container(9000).NumItems,12)">Conditional</animation>
			<animation effect="slide" end="0,-56" condition="String.IsEqual(Container(9000).NumItems,11)">Conditional</animation>
			<animation effect="slide" end="0,-37" condition="String.IsEqual(Container(9000).NumItems,10)">Conditional</animation>
			<animation effect="slide" end="0,-19" condition="String.IsEqual(Container(9000).NumItems,9)">Conditional</animation>
			<animation effect="slide" end="0,18" condition="String.IsEqual(Container(9000).NumItems,7)">Conditional</animation>
			<animation effect="slide" end="0,37" condition="String.IsEqual(Container(9000).NumItems,6)">Conditional</animation>
			<animation effect="slide" end="0,55" condition="String.IsEqual(Container(9000).NumItems,5)">Conditional</animation>
			<animation effect="slide" end="0,74" condition="String.IsEqual(Container(9000).NumItems,4)">Conditional</animation>
			<animation effect="slide" end="0,92" condition="String.IsEqual(Container(9000).NumItems,3)">Conditional</animation>
			<animation effect="slide" end="0,110" condition="String.IsEqual(Container(9000).NumItems,2)">Conditional</animation>
			<animation effect="slide" end="0,128" condition="String.IsEqual(Container(9000).NumItems,1)">Conditional</animation>
			
			<control type="grouplist">
				<itemgap>0</itemgap>
				<control type="image">
					<width>344</width>
					<height>32</height>
					<texture border="40,30,40,0">gui/context-menu-top.png</texture>
				</control>
				<control type="image">
					<width>344</width>
					<height>37</height>
					<texture border="40,2,40,2">gui/context-menu-middle.png</texture>
					<visible>System.ShowExitButton</visible>
				</control>
				<control type="image">
					<width>344</width>
					<height>37</height>
					<texture border="40,2,40,2">gui/context-menu-middle.png</texture>
					<visible>System.HasLocks</visible>
				</control>
				<control type="image">
					<width>344</width>
					<height>37</height>
					<texture border="40,2,40,2">gui/context-menu-middle.png</texture>
					<visible>System.HasShutdown</visible>
				</control>
				<control type="image">
					<width>344</width>
					<height>37</height>
					<texture border="40,2,40,2">gui/context-menu-middle.png</texture>
				</control>
				<control type="image">
					<width>344</width>
					<height>37</height>
					<texture border="40,2,40,2">gui/context-menu-middle.png</texture>
					<visible>System.HasMediaDVD</visible>
				</control>
				<control type="image">
					<width>344</width>
					<height>37</height>
					<texture border="40,2,40,2">gui/context-menu-middle.png</texture>
					<visible>System.HasMediaDVD</visible>
				</control>
				<control type="image">
					<width>344</width>
					<height>37</height>
					<texture border="40,2,40,2">gui/context-menu-middle.png</texture>
					<visible>Skin.HasSetting(HideSystemCategory)</visible>
				</control>
				<control type="image">
					<width>344</width>
					<height>37</height>
					<texture border="40,2,40,2">gui/context-menu-middle.png</texture>
					<visible>Skin.HasSetting(HideSystemCategory)</visible>
				</control>
				<control type="image">
					<width>344</width>
					<height>37</height>
					<texture border="40,2,40,2">gui/context-menu-middle.png</texture>
					<visible>Skin.HasSetting(HideSystemCategory)</visible>
				</control>
				<control type="image">
					<width>344</width>
					<height>30</height>
					<texture flipy="true" border="40,0,40,30">gui/context-menu-top.png</texture>
				</control>
			</control>
			
			<control type="grouplist" id="9000">
				<left>32</left>
				<top>32</top>
				<itemgap>2</itemgap>
				<onup>9000</onup>
				<ondown>9000</ondown>
				<control type="button" id="1">
					<description>Quit Kodi</description>
					<include>ContextMenuBtn</include>
					<label>$LOCALIZE[31705]</label>
					<onclick>Dialog.Close(all,true)</onclick>
					<onclick>Quit()</onclick>
					<visible>System.ShowExitButton</visible>
				</control>
				<control type="togglebutton" id="8">
					<description>Master Mode</description>
					<include>ContextMenuBtn</include>
					<usealttexture>System.IsMaster</usealttexture>
					<label>$LOCALIZE[20045]</label>
					<altlabel>$LOCALIZE[20046]</altlabel>
					<onclick>MasterMode</onclick>
					<visible>System.HasLocks</visible>
				</control>
				<control type="button" id="9">
					<description>Inhibit idle shutdown</description>
					<include>ContextMenuBtn</include>
					<onclick>Dialog.Close(all,true)</onclick>
					<onclick>InhibitIdleShutdown(true)</onclick>
					<label>13017</label>
					<visible>System.HasShutdown +!System.IsInhibit</visible>
				</control>
				<control type="button" id="10">
					<description>Allow idle shutdown</description>
					<include>ContextMenuBtn</include>
					<onclick>Dialog.Close(all,true)</onclick>
					<onclick>InhibitIdleShutdown(false)</onclick>
					<label>13018</label>
					<visible>System.HasShutdown + System.IsInhibit</visible>
				</control>
				<control type="button" id="17">
					<description>Reload Skin</description>
					<include>ContextMenuBtn</include>
					<label>$LOCALIZE[20183]</label>
					<onclick>Dialog.Close(all,true)</onclick>
					<onclick>ReloadSkin()</onclick>
					<include>ReloadSkinNotification</include>
				</control>
				<control type="button" id="18">
					<description>Play Disc</description>
					<include>ContextMenuBtn</include>
					<label>$LOCALIZE[341]</label>
					<onclick>PlayDVD()</onclick>
					<visible>System.HasMediaDVD</visible>
				</control>
				<control type="button" id="19">
					<description>Eject/Load Disc</description>
					<include>ContextMenuBtn</include>
					<label>$LOCALIZE[13391]</label>
					<onclick>EjectTray()</onclick>
					<visible>System.HasMediaDVD</visible>
				</control>
				<control type="button" id="20">
					<description>Settings</description>
					<include>ContextMenuBtn</include>
					<label>$LOCALIZE[5]</label>
					<onclick>ActivateWindow(InterfaceSettings)</onclick>
					<visible>Skin.HasSetting(HideSystemCategory)</visible>
				</control>
				<control type="button" id="21">
					<description>Settings</description>
					<include>ContextMenuBtn</include>
					<label>$LOCALIZE[20077]</label>
					<onclick>ActivateWindow(SkinSettings)</onclick>
					<visible>Skin.HasSetting(HideSystemCategory)</visible>
				</control>
				<control type="button" id="22">
					<description>Add-ons</description>
					<include>ContextMenuBtn</include>
					<label>$LOCALIZE[24001]</label>
					<onclick>ActivateWindow(AddonBrowser)</onclick>
					<visible>Skin.HasSetting(HideSystemCategory)</visible>
				</control>
			</control>
				
			<control type="button">
				<left>284</left>
				<include>DialogCloseBtn</include>
			</control>
		</control>
	</controls>
</window>