<?xml version="1.0" encoding="UTF-8"?>
<includes>
	<include name="WeatherCurrentArea">
		<control type="group">
			<description>Current Weather Area</description>
			<left>38</left>
			<top>108</top>
			<visible>Weather.IsFetched</visible>
			<include>ControlsOpenCloseAnim</include>
			
			<control type="image">
				<width>504</width>
				<height>55</height>
				<bordersize>5</bordersize>
				<aspectratio align="center" aligny="center">keep</aspectratio>
				<texture>$INFO[Window.Property(WeatherProviderLogo)]</texture>
			</control>
			
			<control type="label">
				<description>Provider Text</description>
				<left>5</left>
				<width>494</width>
				<height>55</height>
				<font>MediaInfoFont2</font>
				<textcolor>DefaultColor2</textcolor>
				<shadowcolor>ShadowColor</shadowcolor>
				<scroll>true</scroll>
				<align>center</align>
				<aligny>center</aligny>
				<label>$LOCALIZE[31962]: $INFO[Window.Property(WeatherProvider)]</label>
				<visible>String.IsEmpty(Window.Property(WeatherProviderLogo))</visible>
			</control>

			<control type="image">
				<description>Location Border</description>
				<top>55</top>
				<width>504</width>
				<height>35</height>
				<texture border="5">panels/panel-content-border2.png</texture>
				<include>WeatherContentBorderFadeAnim</include>
			</control>
			
			<control type="label">
				<description>Location</description>
				<left>20</left>
				<top>55</top>
				<width>464</width>
				<height>35</height>
				<font>WeatherCurrentDayFont</font>
				<textcolor>DefaultColor</textcolor>
				<shadowcolor>ShadowColor</shadowcolor>
				<label>[UPPERCASE]$INFO[Window(Weather).Property(Location)][/UPPERCASE]</label>
				<align>center</align>
				<aligny>center</aligny>
			</control>

			<control type="label">
				<description>Updated</description>
				<left>20</left>
				<top>95</top>
				<width>464</width>
				<font>MediaInfoFont2</font>
				<textcolor>GreyColor</textcolor>
				<shadowcolor>ShadowColor</shadowcolor>
				<label>$INFO[Window.Property(Updated),$LOCALIZE[31124]: ,]</label>
				<align>center</align>
			</control>

			<include condition="!String.IsEqual(Weather.Plugin,weather.openweathermap.extended) + !String.IsEmpty(Weather.Plugin) + !Skin.HasSetting(WeatherIconsAddon.multi)">WeatherCurrentIcon</include>
			<include condition="!String.IsEqual(Weather.Plugin,weather.openweathermap.extended) + !String.IsEmpty(Weather.Plugin) + Skin.HasSetting(WeatherIconsAddon.multi)">WeatherAnimCurrentIcon</include>
			<include condition="String.IsEqual(Weather.Plugin,weather.openweathermap.extended) + !Skin.HasSetting(WeatherIconsAddon.multi)">OpenWeatherMapCurrentIcon</include>
			<include condition="String.IsEqual(Weather.Plugin,weather.openweathermap.extended) + Skin.HasSetting(WeatherIconsAddon.multi)">OpenWeatherMapAnimCurrentIcon</include>

			<control type="label">
				<description>Current Temp</description>
				<left>245</left>
				<top>155</top>
				<width>224</width>
				<font>WeatherCurrentTempFont</font>
				<textcolor>WhiteColor</textcolor>
				<shadowcolor>ShadowColor</shadowcolor>
				<align>center</align>
				<label>$INFO[Window.Property(Current.Temperature)]$INFO[System.TemperatureUnits]</label>
				<visible>!String.IsEmpty(Window.Property(Current.Temperature))</visible>
			</control>

			<control type="label">
				<description>Current Condition</description>
				<left>245</left>
				<top>240</top>
				<width>224</width>
				<font>WeatherCurrentConditionFont</font>
				<textcolor>GreyColor2</textcolor>
				<shadowcolor>ShadowColor</shadowcolor>
				<align>center</align>
				<scroll>true</scroll>
				<label>$INFO[Window.Property(Current.Condition)]</label>
			</control>

			<control type="grouplist">
				<top>309</top>
				<width>504</width>
				<itemgap>0</itemgap>
				<usecontrolcoords>true</usecontrolcoords>
				<orientation>vertical</orientation>
				<include>WeatherContentBorderFadeAnim</include>
				<control type="image">
					<width>504</width>
					<height>35</height>
					<texture border="5">panels/panel-content-border2.png</texture>
				</control>
				<control type="image">
					<height>35</height>
				</control>
				<control type="image">
					<width>504</width>
					<height>35</height>
					<texture border="5">panels/panel-content-border2.png</texture>
				</control>
				<control type="image">
					<height>35</height>
				</control>
				<control type="image">
					<width>504</width>
					<height>35</height>
					<texture border="5">panels/panel-content-border2.png</texture>
				</control>
				<control type="image">
					<height>35</height>
				</control>
				<control type="image">
					<width>504</width>
					<height>35</height>
					<texture border="5">panels/panel-content-border2.png</texture>
				</control>
			</control>

			<control type="grouplist">
				<left>20</left>
				<top>309</top>
				<width>187</width>
				<itemgap>0</itemgap>
				<usecontrolcoords>true</usecontrolcoords>
				<orientation>vertical</orientation>
				<control type="label">
					<description>Current Feels Like</description>
					<include>WeatherCurrentReadingLabel</include>
					<label>$LOCALIZE[402]</label>
					<visible>String.IsEmpty(Window(Weather).Property(Current.Precipitation))</visible>
				</control>
				<control type="label">
					<description>Current Dew Point</description>
					<include>WeatherCurrentReadingLabel</include>
					<label>$LOCALIZE[405]</label>
				</control>
				<control type="label">
					<description>Current Humidity</description>
					<include>WeatherCurrentReadingLabel</include>
					<label>$LOCALIZE[406]</label>
				</control>
				<control type="label">
					<description>Current Precipitation</description>
					<include>WeatherCurrentReadingLabel</include>
					<label>$LOCALIZE[33021]</label>
					<visible>!String.IsEmpty(Window(Weather).Property(Current.Precipitation))</visible>
				</control>
				<control type="label">
					<description>Current UV Index</description>
					<include>WeatherCurrentReadingLabel</include>
					<label>$LOCALIZE[403]</label>
					<visible>!String.IsEmpty(Window(Weather).Property(Current.UVIndex))</visible>
				</control>
				<control type="label">
					<description>Current Cloudiness</description>
					<include>WeatherCurrentReadingLabel</include>
					<label>$LOCALIZE[387]</label>
					<visible>String.IsEmpty(Window(Weather).Property(Current.UVIndex)) + !String.IsEmpty(Window(Weather).Property(Current.Cloudiness))</visible>
				</control>
				<control type="label">
					<description>Current Wind</description>
					<include>WeatherCurrentReadingLabel</include>
					<label>$LOCALIZE[404]</label>
				</control>
				<control type="label">
					<description>Sunrise</description>
					<include>WeatherCurrentReadingLabel</include>
					<label>$LOCALIZE[33027]</label>
				</control>
				<control type="label">
					<description>Sunset</description>
					<include>WeatherCurrentReadingLabel</include>
					<label>$LOCALIZE[33028]</label>
				</control>
			</control>

			<control type="grouplist">
				<left>230</left>
				<top>312</top>
				<width>254</width>
				<itemgap>0</itemgap>
				<orientation>vertical</orientation>
				<control type="label">
					<description>Current Feels Like Value</description>
					<include>WeatherCurrentReadingValue</include>
					<label fallback="31001">$INFO[Window(Weather).Property(Current.FeelsLike)]</label>
					<visible>String.IsEmpty(Window(Weather).Property(Current.Precipitation))</visible>
				</control>
				<control type="label">
					<description>Current Dew Point Value</description>
					<include>WeatherCurrentReadingValue</include>
					<label fallback="31001">$INFO[Window(Weather).Property(Current.DewPoint)]</label>
				</control>
				<control type="label">
					<description>Current Humidity Value</description>
					<include>WeatherCurrentReadingValue</include>
					<label fallback="31001">$INFO[Window(Weather).Property(Current.Humidity)]</label>
				</control>
				<control type="label">
					<description>Current Precipitation Value</description>
					<include>WeatherCurrentReadingValue</include>
					<label fallback="31001">$INFO[Window(Weather).Property(Current.Precipitation)]</label>
					<visible>!String.IsEmpty(Window(Weather).Property(Current.Precipitation))</visible>
				</control>
				<control type="label">
					<description>Current UV Index Value</description>
					<include>WeatherCurrentReadingValue</include>
					<label fallback="31001">$INFO[Window(Weather).Property(Current.UVIndex)]</label>
					<visible>!String.IsEmpty(Window(Weather).Property(Current.UVIndex))</visible>
				</control>
				<control type="label">
					<description>Current Cloudiness Value</description>
					<include>WeatherCurrentReadingValue</include>
					<label fallback="31001">$INFO[Window(Weather).Property(Current.Cloudiness)]</label>
					<visible>String.IsEmpty(Window(Weather).Property(Current.UVIndex)) + !String.IsEmpty(Window(Weather).Property(Current.Cloudiness))</visible>
				</control>
				<control type="label">
					<description>Current Wind Value</description>
					<include>WeatherCurrentReadingValue</include>
					<label fallback="31001">$INFO[Window(Weather).Property(Current.Wind)]</label>
				</control>
				<control type="label">
					<description>Sunrise Value</description>
					<include>WeatherCurrentReadingValue</include>
					<label fallback="31001">$INFO[Window(Weather).Property(Today.Sunrise)]</label>
				</control>
				<control type="label">
					<description>Sunset Value</description>
					<include>WeatherCurrentReadingValue</include>
					<label fallback="31001">$INFO[Window(Weather).Property(Today.Sunset)]</label>
				</control>
			</control>
		</control>
	</include>
	
	<include name="WeatherStandardDayLayout">
		<control type="group">
			<include>$PARAM[animation]</include>
			<control type="label">
				<include>WeatherWeekDayLabel</include>
				<label>$INFO[Window.Property(Day$PARAM[day].Title)]</label>
			</control>
			
			<control type="group">
				<top>4</top>
				<control type="label">
					<description>High</description>
					<top>50</top>
					<include>WeatherReadingLabel</include>
					<label>$LOCALIZE[393]   [COLOR=WeatherHighTemperatureColor]$INFO[Window.Property(Day$PARAM[day].HighTemp)]$INFO[System.TemperatureUnits][/COLOR]</label>
				</control>

				<control type="label">
					<description>Low</description>
					<top>84</top>
					<include>WeatherReadingLabel</include>
					<label>$LOCALIZE[391]   [COLOR=DefaultColor2]$INFO[Window.Property(Day$PARAM[day].LowTemp)]$INFO[System.TemperatureUnits][/COLOR]</label>
				</control>

				<include condition="!Skin.HasSetting(WeatherIconsAddon.multi)">WeatherDay$PARAM[day]Icon</include>
				<include condition="Skin.HasSetting(WeatherIconsAddon.multi)">WeatherAnimDay$PARAM[day]Icon</include>

				<control type="label">
					<description>Condition</description>
					<font>DialogMediaInfoFont</font>
					<include>WeatherConditionLabel</include>
					<label>$INFO[Window.Property(Day$PARAM[day].Outlook)]</label>
				</control>
			</control>
		</control>
	</include>
	
	<include name="WeatherStandard">
		<control type="group">
			<description>Week Day Area</description>
			<left>589</left>
			<top>115</top>
			<visible>!String.IsEmpty(Weather.Plugin) + Weather.IsFetched</visible>
			<include>ControlsOpenCloseAnim</include>

			<control type="image">
				<width>652</width>
				<height>547</height>
				<texture border="5">panels/panel-content-border2.png</texture>
				<include>ColumnBackgroundFadeAnim</include>
			</control>

			<control type="group">
				<description>Day 0 Area</description>

				<include>WeekDayBorder</include>

				<control type="label">
					<description>Day 0</description>
					<include>WeatherWeekDayLabel</include>
					<label>$INFO[Window.Property(Day0.Title)]</label>
				</control>
				
				<control type="group">
					<top>4</top>
					<control type="label">
						<description>High</description>
						<top>50</top>
						<include>WeatherReadingLabel</include>
						<label>$LOCALIZE[393]   [COLOR=WeatherHighTemperatureColor]$INFO[Window.Property(Day0.HighTemp)]$INFO[System.TemperatureUnits][/COLOR]</label>
					</control>

					<control type="label">
						<description>Low</description>
						<top>84</top>
						<include>WeatherReadingLabel</include>
						<label>$LOCALIZE[391]   [COLOR=DefaultColor2]$INFO[Window.Property(Day0.LowTemp)]$INFO[System.TemperatureUnits][/COLOR]</label>
					</control>

					<include condition="!Skin.HasSetting(WeatherIconsAddon.multi)">WeatherDay0Icon</include>
					<include condition="Skin.HasSetting(WeatherIconsAddon.multi)">WeatherAnimDay0Icon</include>

					<control type="label">
						<description>Condition</description>
						<font>DialogMediaInfoFont</font>
						<include>WeatherConditionLabel</include>
						<label>$INFO[Window.Property(Day0.Outlook)]</label>
					</control>
				</control>
			</control>

			<control type="group">
				<description>Day 1 Area</description>
				<top>136</top>

				<include>WeekDayBorder</include>
				
				<include content="WeatherStandardDayLayout">
					<param name="animation" value="OpenWeatherMapFadeAnim" />
					<param name="day" value="1" />
				</include>
				
				<include content="WeatherStandardDayLayout">
					<param name="animation" value="OpenWeatherMapFadeAnim1" />
					<param name="day" value="4" />
				</include>
			</control>

			<control type="group">
				<description>Day 2 Area</description>
				<top>272</top>

				<include>WeekDayBorder</include>
				
				<include content="WeatherStandardDayLayout">
					<param name="animation" value="OpenWeatherMapFadeAnim" />
					<param name="day" value="2" />
				</include>
				
				<include content="WeatherStandardDayLayout">
					<param name="animation" value="OpenWeatherMapFadeAnim1" />
					<param name="day" value="5" />
				</include>
			</control>

			<control type="group">
				<description>Day 3 Area</description>
				<top>408</top>

				<include>WeekDayBorder</include>

				<include content="WeatherStandardDayLayout">
					<param name="animation" value="OpenWeatherMapFadeAnim" />
					<param name="day" value="3" />
				</include>
				
				<include content="WeatherStandardDayLayout">
					<param name="animation" value="OpenWeatherMapFadeAnim1" />
					<param name="day" value="6" />
				</include>
			</control>
		</control>
	</include>
	
	<include name="OpenWeatherMapDayLayout">
		<control type="group">
			<include>$PARAM[animation]</include>
			<control type="label">
				<include>WeatherWeekDayLabel</include>
				<label>$INFO[Window.Property(Daily.$PARAM[day].LongDay)] $INFO[Window.Property(Daily.$PARAM[day].LongDate)]</label>
			</control>

			<control type="label">
				<description>High</description>
				<top>50</top>
				<include>WeatherReadingLabel</include>
				<label>$LOCALIZE[393]   [COLOR=WeatherHighTemperatureColor]$INFO[Window.Property(Daily.$PARAM[day].HighTemperature)][/COLOR]</label>
			</control>

			<control type="label">
				<description>Low</description>
				<top>84</top>
				<include>WeatherReadingLabel</include>
				<label>$LOCALIZE[391]   [COLOR=DefaultColor2]$INFO[Window.Property(Daily.$PARAM[day].LowTemperature)][/COLOR]</label>
			</control>

			<include condition="!Skin.HasSetting(WeatherIconsAddon.multi)">OpenWeatherMapDay$PARAM[day]Icon</include>
			<include condition="Skin.HasSetting(WeatherIconsAddon.multi)">OpenWeatherMapAnimDay$PARAM[day]Icon</include>

			<control type="label">
				<description>Condition</description>
				<font>DialogMediaInfoFont</font>
				<include>WeatherConditionLabel</include>
				<label>$INFO[Window.Property(Daily.$PARAM[day].Outlook)]</label>
			</control>
		</control>
	</include>
	
	<include name="OpenWeatherMap36HourLayout">
		<control type="group">
			<top>$PARAM[top]</top>
			<include>WeekDayBorder</include>

			<control type="label">
				<include>WeatherWeekDayLabel</include>
				<label>$INFO[Window.Property(36Hour.$PARAM[day].Heading)]</label>
			</control>
			
			<control type="label">
				<description>Temperature High</description>
				<top>55</top>
				<include>Weather36HourLabel</include>
				<label>$LOCALIZE[393] [COLOR=WeatherHighTemperatureColor]  $INFO[Window.Property(36Hour.$PARAM[day].HighTemperature)][/COLOR]</label>
			</control>
			
			<control type="label">
				<description>Temperature Low</description>
				<top>85</top>
				<include>Weather36HourLabel</include>
				<label>$LOCALIZE[391] [COLOR=DefaultColor2]  $INFO[Window.Property(36Hour.$PARAM[day].LowTemperature)][/COLOR]</label>
			</control>
			
			<control type="label">
				<description>Condition</description>
				<top>130</top>
				<left>0</left>
				<width>280</width>
				<include>WeatherConditionLabel</include>
				<label>$INFO[Window.Property(36Hour.$PARAM[day].Outlook)]</label>
			</control>

			<include condition="!Skin.HasSetting(WeatherIconsAddon.multi)">OpenWeatherMap36Hour$PARAM[day]Icon</include>
			<include condition="Skin.HasSetting(WeatherIconsAddon.multi)">OpenWeatherMapAnim36Hour$PARAM[day]Icon</include>
			
			<control type="grouplist">
				<top>55</top>
				<left>195</left>
				<orientation>vertical</orientation>
				<itemgap>3</itemgap>
				<control type="label">
					<description>Humidity Label</description>
					<include>WeatherWeekendLabel</include>
					<label>$LOCALIZE[406]</label>
				</control>
				<control type="label">
					<description>Precipitation Label</description>
					<include>WeatherWeekendLabel</include>
					<label>$LOCALIZE[33021]</label>
				</control>
				<control type="label">
					<description>Cloudiness Label</description>
					<include>WeatherWeekendLabel</include>
					<label>$LOCALIZE[387]</label>
				</control>
				<control type="label">
					<description>Wind Label</description>
					<include>WeatherWeekendLabel</include>
					<label>$LOCALIZE[404]</label>
				</control>
			</control>
			
			<control type="grouplist">
				<top>55</top>
				<left>530</left>
				<orientation>vertical</orientation>
				<itemgap>3</itemgap>
				<control type="label">
					<description>Humidity</description>
					<width>120</width>
					<include>WeatherWeekendLabel2</include>
					<label>$INFO[Window.Property(36Hour.$PARAM[day].Humidity)]</label>
				</control>
				<control type="label">
					<description>Precipitation</description>
					<width>120</width>
					<include>WeatherWeekendLabel2</include>
					<label>$INFO[Window.Property(Daily.$PARAM[day].Rain),$LOCALIZE[376] ,]</label>
					<visible>!String.IsEmpty(Window.Property(Daily.$PARAM[day].Rain))</visible>
				</control>
				<control type="label">
					<description>Precipitation</description>
					<width>120</width>
					<include>WeatherWeekendLabel2</include>
					<label>$INFO[Window.Property(Daily.$PARAM[day].Snow),$LOCALIZE[375] ,]</label>
					<visible>String.IsEmpty(Window.Property(Daily.$PARAM[day].Rain)) + !String.IsEmpty(Window.Property(Daily.$PARAM[day].Snow))</visible>
				</control>
				<control type="label">
					<description>Cloudiness</description>
					<width>120</width>
					<include>WeatherWeekendLabel2</include>
					<label>$INFO[Window.Property(36Hour.$PARAM[day].Cloudiness)]</label>
				</control>
				<control type="label">
					<description>Wind</description>
					<width>120</width>
					<include>WeatherWeekendLabel2</include>
					<label>$INFO[Window.Property(36Hour.$PARAM[day].WindSpeed)]$INFO[Window.Property(36Hour.$PARAM[day].WindDirection),  &#x2022;  ,]</label>
				</control>
			</control>
		</control>
	</include>
	
	<include name="OpenWeatherMapHourlyLayout">
		<control type="group">
			<height>136</height>
			<control type="button" id="$PARAM[button]">
				<width>652</width>
				<height>137</height>
				<onup>$PARAM[onup]</onup>
				<onleft>104</onleft>
				<ondown>$PARAM[ondown]</ondown>
				<texturefocus />
				<texturenofocus />
			</control>
			<control type="image">
				<width>652</width>
				<height>137</height>
				<texture border="4">gui/menu-bar-button-focus.png</texture>
				<animation effect="fade" end="25" condition="true">Conditional</animation>
				<visible>Control.HasFocus($PARAM[button])</visible>
			</control>
			<include>WeekDayBorder</include>
			<control type="label">
				<description>Time</description>
				<include>WeatherWeekDayLabel</include>
				<label>$INFO[Window.Property(Hourly.$PARAM[time].Time)] $INFO[Window.Property(Hourly.$PARAM[time].LongDate),  &#x2022;  ,]</label>
			</control>
			<control type="label">
				<description>High Temperature</description>
				<top>48</top>
				<include>HourlyWeatherConditionLabel</include>
				<label>$LOCALIZE[393]  [COLOR=WeatherHighTemperatureColor]$INFO[Window.Property(Hourly.$PARAM[time].HighTemperature)][/COLOR]</label>
			</control>
			<control type="label">
				<description>Low Temperature</description>
				<top>68</top>
				<include>HourlyWeatherConditionLabel</include>
				<label>$LOCALIZE[391]  [COLOR=DefaultColor2]$INFO[Window.Property(Hourly.$PARAM[time].LowTemperature)][/COLOR]</label>
			</control>
			<control type="label">
				<description>Condition</description>
				<top>100</top>
				<include>HourlyWeatherConditionLabel</include>
				<label>$INFO[Window.Property(Hourly.$PARAM[time].Outlook)]</label>
				<scroll>true</scroll>
			</control>
			<control type="image">
				<include>HourlyWeatherIcon</include>
				<texture background="true">$VAR[WeatherIconsAddonVar]$INFO[Window.Property(Hourly.$PARAM[time].FanartCode),,.png]</texture>
				<visible>!Skin.HasSetting(WeatherIconsAddon.multi)</visible>
			</control>
			<control type="multiimage">
				<include>HourlyWeatherIcon</include>
				<imagepath background="true">$VAR[WeatherIconsAddonVar]$INFO[Window.Property(Hourly.$PARAM[time].FanartCode)]</imagepath>
				<timeperimage>100</timeperimage>
				<randomize>false</randomize>
				<fadetime>1</fadetime>
				<visible>Skin.HasSetting(WeatherIconsAddon.multi)</visible>
			</control>
			<control type="label">
				<description>Humidity Label</description>
				<left>135</left>
				<top>43</top>
				<include>WeatherWeekendLabel</include>
				<label>$LOCALIZE[406]</label>
			</control>
			<control type="label">
				<description>Humidity</description>
				<left>470</left>
				<top>43</top>
				<width>205</width>
				<include>WeatherWeekendLabel2</include>
				<label>$INFO[Window.Property(Hourly.$PARAM[time].Humidity)]</label>
			</control>
			<control type="label">
				<description>Precipitation Label</description>
				<left>135</left>
				<top>64</top>
				<include>WeatherWeekendLabel</include>
				<label>$LOCALIZE[33021]</label>
			</control>
			<control type="label">
				<description>Precipitation</description>
				<left>470</left>
				<top>64</top>
				<width>205</width>
				<include>WeatherWeekendLabel2</include>
				<label>$INFO[Window.Property(Hourly.$PARAM[time].Precipitation)]</label>
			</control>
			<control type="label">
				<description>Cloudiness Label</description>
				<left>135</left>
				<top>85</top>
				<include>WeatherWeekendLabel</include>
				<label>$LOCALIZE[387]</label>
			</control>
			<control type="label">
				<description>Cloudiness</description>
				<left>470</left>
				<top>85</top>
				<width>205</width>
				<include>WeatherWeekendLabel2</include>
				<label>$INFO[Window.Property(Hourly.$PARAM[time].Cloudiness)]</label>
			</control>
			<control type="label">
				<description>Wind Label</description>
				<left>135</left>
				<top>106</top>
				<include>WeatherWeekendLabel</include>
				<label>$LOCALIZE[404]</label>
			</control>
			<control type="label">
				<description>Wind</description>
				<left>470</left>
				<top>106</top>
				<width>205</width>
				<include>WeatherWeekendLabel2</include>
				<label>$INFO[Window.Property(Hourly.$PARAM[time].WindSpeed)]$INFO[Window.Property(Hourly.$PARAM[time].WindDirection),  &#x2022;  ,]</label>
			</control>
		</control>
	</include>
	
	<include name="OpenWeatherMapDailyLayout">
		<control type="group">
			<height>136</height>
			<control type="button" id="$PARAM[button]">
				<onup>$PARAM[onup]</onup>
				<onleft>105</onleft>
				<ondown>$PARAM[ondown]</ondown>
				<texturefocus />
				<texturenofocus />
			</control>
			<control type="image">
				<width>652</width>
				<height>137</height>
				<texture border="4">gui/menu-bar-button-focus.png</texture>
				<animation effect="fade" end="25" condition="true">Conditional</animation>
				<visible>Control.HasFocus($PARAM[button])</visible>
			</control>
			<include>WeekDayBorder</include>
			<control type="label">
				<description>Time</description>
				<include>WeatherWeekDayLabel</include>
				<label>$INFO[Window.Property(Daily.$PARAM[day].LongDay)] $INFO[Window.Property(Daily.$PARAM[day].LongDate)]</label>
			</control>
			<control type="label">
				<description>High Temperature</description>
				<top>48</top>
				<include>HourlyWeatherConditionLabel</include>
				<label>$LOCALIZE[393]  [COLOR=WeatherHighTemperatureColor]$INFO[Window.Property(Daily.$PARAM[day].HighTemperature)][/COLOR]</label>
			</control>
			<control type="label">
				<description>Low Temperature</description>
				<top>68</top>
				<include>HourlyWeatherConditionLabel</include>
				<label>$LOCALIZE[391]  [COLOR=DefaultColor2]$INFO[Window.Property(Daily.$PARAM[day].LowTemperature)][/COLOR]</label>
			</control>
			<control type="label">
				<description>Condition</description>
				<top>100</top>
				<include>HourlyWeatherConditionLabel</include>
				<label>$INFO[Window.Property(Daily.$PARAM[day].Outlook)]</label>
				<scroll>true</scroll>
			</control>
			<control type="image">
				<include>HourlyWeatherIcon</include>
				<texture background="true">$VAR[WeatherIconsAddonVar]$INFO[Window.Property(Daily.$PARAM[day].FanartCode),,.png]</texture>
				<visible>!Skin.HasSetting(WeatherIconsAddon.multi)</visible>
			</control>
			<control type="multiimage">
				<include>HourlyWeatherIcon</include>
				<imagepath background="true">$VAR[WeatherIconsAddonVar]$INFO[Window.Property(Daily.$PARAM[day].FanartCode)]</imagepath>
				<timeperimage>100</timeperimage>
				<randomize>false</randomize>
				<fadetime>1</fadetime>
				<visible>Skin.HasSetting(WeatherIconsAddon.multi)</visible>
			</control>
			<control type="label">
				<description>Humidity Label</description>
				<left>135</left>
				<top>43</top>
				<include>WeatherWeekendLabel</include>
				<label>$LOCALIZE[406]</label>
			</control>
			<control type="label">
				<description>Humidity</description>
				<left>470</left>
				<top>43</top>
				<width>205</width>
				<include>WeatherWeekendLabel2</include>
				<label>$INFO[Window.Property(Daily.$PARAM[day].Humidity)]</label>
			</control>
			<control type="label">
				<description>Precipitation Label</description>
				<left>135</left>
				<top>64</top>
				<include>WeatherWeekendLabel</include>
				<label>$LOCALIZE[33021]</label>
			</control>
			<control type="label">
				<description>Precipitation</description>
				<left>470</left>
				<top>64</top>
				<width>205</width>
				<include>WeatherWeekendLabel2</include>
				<label>$INFO[Window.Property(Daily.$PARAM[day].Precipitation)]</label>
			</control>
			<control type="label">
				<description>Cloudiness Label</description>
				<left>135</left>
				<top>85</top>
				<include>WeatherWeekendLabel</include>
				<label>$LOCALIZE[387]</label>
			</control>
			<control type="label">
				<description>Cloudiness</description>
				<left>470</left>
				<top>85</top>
				<width>205</width>
				<include>WeatherWeekendLabel2</include>
				<label>$INFO[Window.Property(Daily.$PARAM[day].Cloudiness)]</label>
			</control>
			<control type="label">
				<description>Wind Label</description>
				<left>135</left>
				<top>106</top>
				<include>WeatherWeekendLabel</include>
				<label>$LOCALIZE[404]</label>
			</control>
			<control type="label">
				<description>Wind</description>
				<left>470</left>
				<top>106</top>
				<width>205</width>
				<include>WeatherWeekendLabel2</include>
				<label>$INFO[Window.Property(Daily.$PARAM[day].WindSpeed)]$INFO[Window.Property(Daily.$PARAM[day].WindDirection),  &#x2022;  ,]</label>
			</control>
		</control>
	</include>

	<include name="OpenWeatherMap">
		<control type="group">
			<description>Column Background</description>
			<left>589</left>
			<top>115</top>
			<visible>Weather.IsFetched</visible>
			<include>ControlsOpenCloseAnim</include>

			<control type="image">
				<width>652</width>
				<height>547</height>
				<texture border="5">panels/panel-content-border2.png</texture>
				<include>ColumnBackgroundFadeAnim</include>
			</control>
		</control>

		<control type="group">
			<description>Today</description>
			<left>589</left>
			<top>115</top>
			<visible>Skin.String(OpenWeatherMap,1) + Weather.IsFetched</visible>
			<include>ControlsOpenCloseAnim</include>

			<control type="group">
				<description>Today Area</description>

				<include>WeekDayBorder</include>

				<control type="label">
					<description>Today</description>
					<include>WeatherWeekDayLabel</include>
					<label>$INFO[Window.Property(Daily.1.Longday)]</label>
				</control>

				<control type="group">
					<top>-5</top>
					<control type="label">
						<description>High</description>
						<top>50</top>
						<textcolor>WhiteColor</textcolor>
						<include>WeatherReadingLabel</include>
						<label>$LOCALIZE[393]   [COLOR=WeatherHighTemperatureColor]$INFO[Window.Property(Daily.1.HighTemperature)][/COLOR]</label>
					</control>

					<control type="label">
						<description>Low</description>
						<top>84</top>
						<textcolor>WhiteColor</textcolor>
						<include>WeatherReadingLabel</include>
						<label>$LOCALIZE[391]   [COLOR=DefaultColor2]$INFO[Window.Property(Daily.1.LowTemperature)][/COLOR]</label>
					</control>

					<include condition="!Skin.HasSetting(WeatherIconsAddon.multi)">OpenWeatherMapDay1Icon</include>
					<include condition="Skin.HasSetting(WeatherIconsAddon.multi)">OpenWeatherMapAnimDay1Icon</include>

					<control type="label">
						<description>Condition</description>
						<textcolor>WhiteColor</textcolor>
						<font>DialogMediaInfoFont</font>
						<include>WeatherConditionLabel</include>
						<label>$INFO[Window.Property(Daily.1.Outlook)]</label>
					</control>
					
					<control type="label">
						<description>Wind Label</description>
						<top>118</top>
						<width>320</width>
						<font>font13</font>
						<align>right</align>
						<textcolor>DefaultColor2</textcolor>
						<shadowcolor>ShadowColor</shadowcolor>
						<label>$LOCALIZE[404]</label>
					</control>
					
					<control type="label">
						<description>Precip Label</description>
						<top>142</top>
						<width>320</width>
						<font>font13</font>
						<align>right</align>
						<textcolor>DefaultColor2</textcolor>
						<shadowcolor>ShadowColor</shadowcolor>
						<label>$LOCALIZE[33021]</label>
					</control>
					
					<control type="label">
						<description>Wind Info</description>
						<top>118</top>
						<left>332</left>
						<font>font13</font>
						<textcolor>white</textcolor>
						<shadowcolor>ShadowColor</shadowcolor>
						<label>$INFO[Window.Property(Daily.1.WindSpeed)]$INFO[Window.Property(Daily.1.WindDirection),  &#x2022;  ,]</label>
					</control>
					
					<control type="label">
						<description>Precip Rain Info</description>
						<top>142</top>
						<left>332</left>
						<font>font13</font>
						<textcolor>white</textcolor>
						<shadowcolor>ShadowColor</shadowcolor>
						<label>$INFO[Window.Property(Daily.1.Rain),$LOCALIZE[376] ,]</label>
						<visible>!String.IsEmpty(Window.Property(Daily.1.Rain))</visible>
					</control>
					
					<control type="label">
						<description>Precip Snow Info</description>
						<top>142</top>
						<left>332</left>
						<font>font13</font>
						<textcolor>white</textcolor>
						<shadowcolor>ShadowColor</shadowcolor>
						<label>$INFO[Window.Property(Daily.1.Snow),$LOCALIZE[375] ,]</label>
						<visible>String.IsEmpty(Window.Property(Daily.1.Rain)) + !String.IsEmpty(Window.Property(Daily.1.Snow))</visible>
					</control>
				</control>
			</control>

			<control type="group">
				<description>Day 1 Area</description>
				<top>175</top>

				<include>WeekDayBorder</include>
				
				<include content="OpenWeatherMapDayLayout">
					<param name="animation" value="OpenWeatherMapFadeAnim" />
					<param name="day" value="2" />
				</include>

				<include content="OpenWeatherMapDayLayout">
					<param name="animation" value="OpenWeatherMapFadeAnim2" />
					<param name="day" value="5" />
				</include>
			</control>

			<control type="group">
				<description>Day 2 Area</description>
				<top>301</top>

				<include>WeekDayBorder</include>

				<include content="OpenWeatherMapDayLayout">
					<param name="animation" value="OpenWeatherMapFadeAnim" />
					<param name="day" value="3" />
				</include>

				<include content="OpenWeatherMapDayLayout">
					<param name="animation" value="OpenWeatherMapFadeAnim2" />
					<param name="day" value="6" />
				</include>
			</control>

			<control type="group">
				<description>Day 3 Area</description>
				<top>427</top>

				<include>WeekDayBorder</include>

				<include content="OpenWeatherMapDayLayout">
					<param name="animation" value="OpenWeatherMapFadeAnim" />
					<param name="day" value="4" />
				</include>

				<include content="OpenWeatherMapDayLayout">
					<param name="animation" value="OpenWeatherMapFadeAnim2" />
					<param name="day" value="7" />
				</include>
			</control>
		</control>

		<control type="group">
			<description>36Hour</description>
			<left>589</left>
			<top>115</top>
			<visible>Skin.String(OpenWeatherMap,2) + Weather.IsFetched</visible>
			<include>ControlsOpenCloseAnim</include>

			<include content="OpenWeatherMap36HourLayout">
				<param name="top" value="0" />
				<param name="day" value="1" />
			</include>
			
			<include content="OpenWeatherMap36HourLayout">
				<param name="top" value="182" />
				<param name="day" value="2" />
			</include>
			
			<include content="OpenWeatherMap36HourLayout">
				<param name="top" value="364" />
				<param name="day" value="3" />
			</include>
		</control>

		<control type="group">
			<description>Weekend</description>
			<left>589</left>
			<top>115</top>
			<visible>Skin.String(OpenWeatherMap,3) + Weather.IsFetched</visible>
			<include>ControlsOpenCloseAnim</include>

			<control type="group">
				<description>Saturday Area</description>

				<include>WeekDayBorder</include>

				<control type="label">
					<description>Saturday</description>
					<include>WeatherWeekDayLabel</include>
					<label>$INFO[Window.Property(Weekend.1.LongDay)] $INFO[Window.Property(Weekend.1.LongDate)]</label>
				</control>

				<include condition="!Skin.HasSetting(WeatherIconsAddon.multi)">OpenWeatherMapWeekend1Icon</include>
				<include condition="Skin.HasSetting(WeatherIconsAddon.multi)">OpenWeatherMapAnimWeekend1Icon</include>

				<control type="grouplist">
					<top>155</top>
					<width>320</width>
					<itemgap>0</itemgap>
					<usecontrolcoords>true</usecontrolcoords>
					<orientation>vertical</orientation>
					<control type="label">
						<description>Humidity Label</description>
						<include>WeatherWeekendLabel</include>
						<label>$LOCALIZE[406]</label>
					</control>
					<control type="label">
						<description>Wind Label</description>
						<include>WeatherWeekendLabel</include>
						<label>$LOCALIZE[404]</label>
					</control>
					<control type="label">
						<description>Precipitation Label</description>
						<include>WeatherWeekendLabel</include>
						<label>$LOCALIZE[33021]</label>
					</control>
					<control type="label">
						<description>Cloudiness Label</description>
						<include>WeatherWeekendLabel</include>
						<label>$LOCALIZE[387]</label>
					</control>
				</control>

				<control type="grouplist">
					<left>332</left>
					<top>155</top>
					<width>320</width>
					<itemgap>0</itemgap>
					<usecontrolcoords>true</usecontrolcoords>
					<orientation>vertical</orientation>
					<control type="label">
						<description>Humidity</description>
						<include>WeatherWeekendLabel2</include>
						<label>$INFO[Window.Property(Weekend.1.Humidity)]</label>
					</control>
					<control type="label">
						<description>Wind</description>
						<include>WeatherWeekendLabel2</include>
						<label>$INFO[Window.Property(Weekend.1.WindSpeed)]$INFO[Window.Property(Weekend.1.WindDirection),  &#x2022;  ,]</label>
					</control>
					<control type="label">
						<description>Precipitation</description>
						<include>WeatherWeekendLabel2</include>
						<label>$INFO[Window.Property(Weekend.1.Rain),$LOCALIZE[376] ,]</label>
						<visible>!String.IsEmpty(Window.Property(Weekend.1.Rain))</visible>
					</control>
					<control type="label">
						<description>Precipitation</description>
						<include>WeatherWeekendLabel2</include>
						<label>$INFO[Window.Property(Weekend.1.Snow),$LOCALIZE[375] ,]</label>
						<visible>String.IsEmpty(Window.Property(Weekend.1.Rain)) + !String.IsEmpty(Window.Property(Weekend.1.Snow))</visible>
					</control>
					<control type="label">
						<description>Cloudiness</description>
						<include>WeatherWeekendLabel2</include>
						<label>$INFO[Window.Property(Weekend.1.Cloudiness)]</label>
					</control>
				</control>

				<control type="label">
					<description>Condition</description>
					<top>84</top>
					<left>0</left>
					<width>280</width>
					<align>center</align>
					<font>SettingsCatFont</font>
					<include>WeatherConditionLabel</include>
					<label>$INFO[Window.Property(Weekend.1.Outlook)]</label>
				</control>
				
				<control type="label">
					<description>High</description>
					<top>68</top>
					<left>470</left>
					<width>180</width>
					<include>WeatherReadingLabel</include>
					<label>$LOCALIZE[393]  [COLOR=WeatherHighTemperatureColor]$INFO[Window.Property(Weekend.1.HighTemperature)][/COLOR]</label>
				</control>

				<control type="label">
					<description>Low</description>
					<top>98</top>
					<left>470</left>
					<width>180</width>
					<include>WeatherReadingLabel</include>
					<label>$LOCALIZE[391]  [COLOR=DefaultColor2]$INFO[Window.Property(Weekend.1.LowTemperature)][/COLOR]</label>
				</control>
			</control>

			<control type="group">
				<description>Sunday Area</description>
				<top>273</top>

				<include>WeekDayBorder</include>

				<control type="label">
					<description>Sunday</description>
					<include>WeatherWeekDayLabel</include>
					<label>$INFO[Window.Property(Weekend.2.LongDay)] $INFO[Window.Property(Weekend.2.LongDate)]</label>
				</control>

				<include condition="!Skin.HasSetting(WeatherIconsAddon.multi)">OpenWeatherMapWeekend2Icon</include>
				<include condition="Skin.HasSetting(WeatherIconsAddon.multi)">OpenWeatherMapAnimWeekend2Icon</include>

				<control type="grouplist">
					<top>155</top>
					<width>320</width>
					<itemgap>0</itemgap>
					<usecontrolcoords>true</usecontrolcoords>
					<orientation>vertical</orientation>
					<control type="label">
						<description>Humidity Label</description>
						<include>WeatherWeekendLabel</include>
						<label>$LOCALIZE[406]</label>
					</control>
					<control type="label">
						<description>Wind Label</description>
						<include>WeatherWeekendLabel</include>
						<label>$LOCALIZE[404]</label>
					</control>
					<control type="label">
						<description>Precipitation Label</description>
						<include>WeatherWeekendLabel</include>
						<label>$LOCALIZE[33021]</label>
					</control>
					<control type="label">
						<description>Cloudiness Label</description>
						<include>WeatherWeekendLabel</include>
						<label>$LOCALIZE[387]</label>
					</control>
				</control>

				<control type="grouplist">
					<left>332</left>
					<top>155</top>
					<width>320</width>
					<itemgap>0</itemgap>
					<usecontrolcoords>true</usecontrolcoords>
					<orientation>vertical</orientation>
					<control type="label">
						<description>Humidity</description>
						<include>WeatherWeekendLabel2</include>
						<label>$INFO[Window.Property(Weekend.1.Humidity)]</label>
					</control>
					<control type="label">
						<description>Wind</description>
						<include>WeatherWeekendLabel2</include>
						<label>$INFO[Window.Property(Weekend.1.WindSpeed)]$INFO[Window.Property(Weekend.1.WindDirection),  &#x2022;  ,]</label>
					</control>
					<control type="label">
						<description>Precipitation</description>
						<include>WeatherWeekendLabel2</include>
						<label>$INFO[Window.Property(Weekend.1.Rain),$LOCALIZE[376] ,]</label>
						<visible>!String.IsEmpty(Window.Property(Weekend.1.Rain))</visible>
					</control>
					<control type="label">
						<description>Precipitation</description>
						<include>WeatherWeekendLabel2</include>
						<label>$INFO[Window.Property(Weekend.1.Snow),$LOCALIZE[375] ,]</label>
						<visible>String.IsEmpty(Window.Property(Weekend.1.Rain)) + !String.IsEmpty(Window.Property(Weekend.1.Snow))</visible>
					</control>
					<control type="label">
						<description>Cloudiness</description>
						<include>WeatherWeekendLabel2</include>
						<label>$INFO[Window.Property(Weekend.1.Cloudiness)]</label>
					</control>
				</control>

				<control type="label">
					<description>Condition</description>
					<top>84</top>
					<left>0</left>
					<width>280</width>
					<align>center</align>
					<font>SettingsCatFont</font>
					<include>WeatherConditionLabel</include>
					<label>$INFO[Window.Property(Weekend.2.Outlook)]</label>
				</control>
				
				<control type="label">
					<description>High</description>
					<top>68</top>
					<left>470</left>
					<width>180</width>
					<include>WeatherReadingLabel</include>
					<label>$LOCALIZE[393]  [COLOR=WeatherHighTemperatureColor]$INFO[Window.Property(Weekend.2.HighTemperature)][/COLOR]</label>
				</control>

				<control type="label">
					<description>Low</description>
					<top>98</top>
					<left>470</left>
					<width>180</width>
					<include>WeatherReadingLabel</include>
					<label>$LOCALIZE[391]  [COLOR=DefaultColor2]$INFO[Window.Property(Weekend.2.LowTemperature)][/COLOR]</label>
				</control>
			</control>
		</control>

		<control type="group">
			<description>Hourly</description>
			<left>589</left>
			<top>115</top>
			<visible>Skin.String(OpenWeatherMap,4) + Weather.IsFetched</visible>
			<include>ControlsOpenCloseAnim</include>
			
			<control type="grouplist" id="990">
				<description>Forecast Area</description>
				<width>652</width>
				<height>547</height>
				<scrolltime tween="sine" easing="inout">300</scrolltime>
				<orientation>vertical</orientation>
				<itemgap>1</itemgap>
				<visible>!String.IsEmpty(Window.Property(Hourly.IsFetched))</visible>
				<include content="OpenWeatherMapHourlyLayout">
					<param name="button" value="9901" />
					<param name="onup" value="104" />
					<param name="ondown" value="9902" />
					<param name="time" value="1" />
				</include>
				<include content="OpenWeatherMapHourlyLayout">
					<param name="button" value="9902" />
					<param name="onup" value="9901" />
					<param name="ondown" value="9903" />
					<param name="time" value="2" />
				</include>
				<include content="OpenWeatherMapHourlyLayout">
					<param name="button" value="9903" />
					<param name="onup" value="9902" />
					<param name="ondown" value="9904" />
					<param name="time" value="3" />
				</include>
				<include content="OpenWeatherMapHourlyLayout">
					<param name="button" value="9904" />
					<param name="onup" value="9903" />
					<param name="ondown" value="9905" />
					<param name="time" value="4" />
				</include>
				<include content="OpenWeatherMapHourlyLayout">
					<param name="button" value="9905" />
					<param name="onup" value="9904" />
					<param name="ondown" value="9906" />
					<param name="time" value="5" />
				</include>
				<include content="OpenWeatherMapHourlyLayout">
					<param name="button" value="9906" />
					<param name="onup" value="9905" />
					<param name="ondown" value="9907" />
					<param name="time" value="6" />
				</include>
				<include content="OpenWeatherMapHourlyLayout">
					<param name="button" value="9907" />
					<param name="onup" value="9906" />
					<param name="ondown" value="9908" />
					<param name="time" value="7" />
				</include>
				<include content="OpenWeatherMapHourlyLayout">
					<param name="button" value="9908" />
					<param name="onup" value="9907" />
					<param name="ondown" value="9909" />
					<param name="time" value="8" />
				</include>
				<include content="OpenWeatherMapHourlyLayout">
					<param name="button" value="9909" />
					<param name="onup" value="9908" />
					<param name="ondown" value="9910" />
					<param name="time" value="9" />
				</include>
				<include content="OpenWeatherMapHourlyLayout">
					<param name="button" value="9910" />
					<param name="onup" value="9909" />
					<param name="ondown" value="9911" />
					<param name="time" value="10" />
				</include>
				<include content="OpenWeatherMapHourlyLayout">
					<param name="button" value="9911" />
					<param name="onup" value="9910" />
					<param name="ondown" value="9912" />
					<param name="time" value="11" />
				</include>
				<include content="OpenWeatherMapHourlyLayout">
					<param name="button" value="9912" />
					<param name="onup" value="9911" />
					<param name="ondown" value="9913" />
					<param name="time" value="12" />
				</include>
				<include content="OpenWeatherMapHourlyLayout">
					<param name="button" value="9913" />
					<param name="onup" value="9912" />
					<param name="ondown" value="9914" />
					<param name="time" value="13" />
				</include>
				<include content="OpenWeatherMapHourlyLayout">
					<param name="button" value="9914" />
					<param name="onup" value="9913" />
					<param name="ondown" value="9915" />
					<param name="time" value="14" />
				</include>
				<include content="OpenWeatherMapHourlyLayout">
					<param name="button" value="9915" />
					<param name="onup" value="9914" />
					<param name="ondown" value="9916" />
					<param name="time" value="15" />
				</include>
				<include content="OpenWeatherMapHourlyLayout">
					<param name="button" value="9916" />
					<param name="onup" value="9915" />
					<param name="ondown" value="9917" />
					<param name="time" value="16" />
				</include>
				<include content="OpenWeatherMapHourlyLayout">
					<param name="button" value="9917" />
					<param name="onup" value="9916" />
					<param name="ondown" value="9918" />
					<param name="time" value="17" />
				</include>
				<include content="OpenWeatherMapHourlyLayout">
					<param name="button" value="9918" />
					<param name="onup" value="9917" />
					<param name="ondown" value="9919" />
					<param name="time" value="18" />
				</include>
				<include content="OpenWeatherMapHourlyLayout">
					<param name="button" value="9919" />
					<param name="onup" value="9918" />
					<param name="ondown" value="9920" />
					<param name="time" value="19" />
				</include>
				<include content="OpenWeatherMapHourlyLayout">
					<param name="button" value="9920" />
					<param name="onup" value="9919" />
					<param name="ondown" value="9921" />
					<param name="time" value="20" />
				</include>
				<include content="OpenWeatherMapHourlyLayout">
					<param name="button" value="9921" />
					<param name="onup" value="9920" />
					<param name="ondown" value="9922" />
					<param name="time" value="21" />
				</include>
				<include content="OpenWeatherMapHourlyLayout">
					<param name="button" value="9922" />
					<param name="onup" value="9921" />
					<param name="ondown" value="9923" />
					<param name="time" value="22" />
				</include>
				<include content="OpenWeatherMapHourlyLayout">
					<param name="button" value="9923" />
					<param name="onup" value="9922" />
					<param name="ondown" value="9924" />
					<param name="time" value="23" />
				</include>
				<include content="OpenWeatherMapHourlyLayout">
					<param name="button" value="9924" />
					<param name="onup" value="9923" />
					<param name="ondown" value="9902" />
					<param name="time" value="24" />
				</include>
			</control>
		</control>

		<control type="group">
			<description>Daily</description>
			<left>589</left>
			<top>115</top>
			<visible>Skin.String(OpenWeatherMap,5) + Weather.IsFetched</visible>
			<include>ControlsOpenCloseAnim</include>
			
			<control type="grouplist" id="991">
				<description>Forecast Area</description>
				<width>652</width>
				<height>547</height>
				<scrolltime tween="sine" easing="inout">300</scrolltime>
				<orientation>vertical</orientation>
				<itemgap>1</itemgap>
				<visible>!String.IsEmpty(Window.Property(Daily.IsFetched))</visible>
				<include content="OpenWeatherMapDailyLayout">
					<param name="button" value="9931" />
					<param name="onup" value="105" />
					<param name="ondown" value="9932" />
					<param name="day" value="1" />
				</include>
				<include content="OpenWeatherMapDailyLayout">
					<param name="button" value="9932" />
					<param name="onup" value="9931" />
					<param name="ondown" value="9933" />
					<param name="day" value="2" />
				</include>
				<include content="OpenWeatherMapDailyLayout">
					<param name="button" value="9933" />
					<param name="onup" value="9932" />
					<param name="ondown" value="9934" />
					<param name="day" value="3" />
				</include>
				<include content="OpenWeatherMapDailyLayout">
					<param name="button" value="9934" />
					<param name="onup" value="9933" />
					<param name="ondown" value="9935" />
					<param name="day" value="4" />
				</include>
				<include content="OpenWeatherMapDailyLayout">
					<param name="button" value="9935" />
					<param name="onup" value="9934" />
					<param name="ondown" value="9936" />
					<param name="day" value="5" />
				</include>
				<include content="OpenWeatherMapDailyLayout">
					<param name="button" value="9936" />
					<param name="onup" value="9935" />
					<param name="ondown" value="9937" />
					<param name="day" value="6" />
				</include>
				<include content="OpenWeatherMapDailyLayout">
					<param name="button" value="9937" />
					<param name="onup" value="9936" />
					<param name="ondown" value="9938" />
					<param name="day" value="7" />
				</include>
				<include content="OpenWeatherMapDailyLayout">
					<param name="button" value="9938" />
					<param name="onup" value="9937" />
					<param name="ondown" value="9939" />
					<param name="day" value="8" />
				</include>
				<include content="OpenWeatherMapDailyLayout">
					<param name="button" value="9939" />
					<param name="onup" value="9938" />
					<param name="ondown" value="9940" />
					<param name="day" value="9" />
				</include>
				<include content="OpenWeatherMapDailyLayout">
					<param name="button" value="9940" />
					<param name="onup" value="9939" />
					<param name="ondown" value="9941" />
					<param name="day" value="10" />
				</include>
				<include content="OpenWeatherMapDailyLayout">
					<param name="button" value="9941" />
					<param name="onup" value="9940" />
					<param name="ondown" value="9942" />
					<param name="day" value="11" />
				</include>
				<include content="OpenWeatherMapDailyLayout">
					<param name="button" value="9942" />
					<param name="onup" value="9941" />
					<param name="ondown" value="9943" />
					<param name="day" value="12" />
				</include>
				<include content="OpenWeatherMapDailyLayout">
					<param name="button" value="9943" />
					<param name="onup" value="9942" />
					<param name="ondown" value="9944" />
					<param name="day" value="13" />
				</include>
				<include content="OpenWeatherMapDailyLayout">
					<param name="button" value="9944" />
					<param name="onup" value="9943" />
					<param name="ondown" value="9945" />
					<param name="day" value="14" />
				</include>
				<include content="OpenWeatherMapDailyLayout">
					<param name="button" value="9945" />
					<param name="onup" value="9944" />
					<param name="ondown" value="9946" />
					<param name="day" value="15" />
				</include>
				<include content="OpenWeatherMapDailyLayout">
					<param name="button" value="9946" />
					<param name="onup" value="9945" />
					<param name="ondown" value="9931" />
					<param name="day" value="16" />
				</include>
			</control>
		</control>

		<control type="group">
			<description>Maps</description>
			<left>589</left>
			<top>115</top>
			<visible>Skin.String(OpenWeatherMap,6) + Weather.IsFetched</visible>
			<include>ControlsOpenCloseAnim</include>
			
			<include>WeekDayBorder</include>
			
			<control type="label">
				<description>Headline</description>
				<include>WeatherWeekDayLabel</include>
				<label>$LOCALIZE[33035]</label>
			</control>
			
			<control type="list" id="992">
				<top>40</top>
				<width>652</width>
				<height>465</height>
				<scrolltime>250</scrolltime>
				<orientation>horizontal</orientation>
				<visible>!String.IsEmpty(Window.Property(Map.IsFetched))</visible>
				<itemlayout height="465" width="652">
					<control type="image">
						<description>area image</description>
						<width>652</width>
						<height>465</height>
						<texture diffuse="covers/list-info-2-fanart-diffuse.png">$INFO[ListItem.Icon]</texture>
						<aspectratio scalediffuse="false" align="center" aligny="center">scale</aspectratio>
					</control>
					<control type="image">
						<description>layer image</description>
						<width>652</width>
						<height>465</height>
						<texture diffuse="covers/list-info-2-fanart-diffuse.png">$INFO[ListItem.Property(Layer)]</texture>
						<aspectratio scalediffuse="false" align="center" aligny="center">scale</aspectratio>
						<colordiffuse>70FFFFFF</colordiffuse>
					</control>
					<control type="image">
						<description>legend image</description>
						<left>418</left>
						<top>420</top>
						<width>224</width>
						<height>35</height>
						<texture>$INFO[ListItem.Label2]</texture>
					</control>
				</itemlayout>
				<focusedlayout height="465" width="652">
					<control type="image">
						<description>layer image</description>
						<width>652</width>
						<height>465</height>
						<texture diffuse="covers/list-info-2-fanart-diffuse.png">$INFO[ListItem.Icon]</texture>
						<aspectratio scalediffuse="false" align="center" aligny="center">scale</aspectratio>
					</control>
					<control type="image">
						<description>area image</description>
						<width>652</width>
						<height>465</height>
						<texture diffuse="covers/list-info-2-fanart-diffuse.png">$INFO[ListItem.Property(Layer)]</texture>
						<aspectratio scalediffuse="false" align="center" aligny="center">scale</aspectratio>
						<colordiffuse>70FFFFFF</colordiffuse>
					</control>
					<control type="image">
						<description>legend image</description>
						<left>418</left>
						<top>420</top>
						<width>224</width>
						<height>35</height>
						<texture>$INFO[ListItem.Label2]</texture>
					</control>
				</focusedlayout>
				<content>
					<item>
						<label>$INFO[Window.Property(Map.1.Heading)]</label>
						<label2>$INFO[Window.Property(Map.1.Legend)]</label2>
						<icon>$INFO[Window.Property(Map.1.Area)]</icon>
						<property name="Layer">$INFO[Window.Property(Map.1.Layer)]</property>
						<onclick>noop</onclick>
						<visible>Weather.IsFetched + !String.IsEmpty(Window.Property(Map.1.Area)) + !String.IsEmpty(Window.Property(Map.IsFetched))</visible>
					</item>
					<item>
						<label>$INFO[Window.Property(Map.2.Heading)]</label>
						<label2>$INFO[Window.Property(Map.2.Legend)]</label2>
						<icon>$INFO[Window.Property(Map.2.Area)]</icon>
						<property name="Layer">$INFO[Window.Property(Map.2.Layer)]</property>
						<onclick>noop</onclick>
						<visible>Weather.IsFetched + !String.IsEmpty(Window.Property(Map.2.Area)) + !String.IsEmpty(Window.Property(Map.IsFetched))</visible>
					</item>
					<item>
						<label>$INFO[Window.Property(Map.3.Heading)]</label>
						<label2>$INFO[Window.Property(Map.3.Legend)]</label2>
						<icon>$INFO[Window.Property(Map.3.Area)]</icon>
						<property name="Layer">$INFO[Window.Property(Map.3.Layer)]</property>
						<onclick>noop</onclick>
						<visible>Weather.IsFetched + !String.IsEmpty(Window.Property(Map.3.Area)) + !String.IsEmpty(Window.Property(Map.IsFetched))</visible>
					</item>
					<item>
						<label>$INFO[Window.Property(Map.4.Heading)]</label>
						<label2>$INFO[Window.Property(Map.4.Legend)]</label2>
						<icon>$INFO[Window.Property(Map.4.Area)]</icon>
						<property name="Layer">$INFO[Window.Property(Map.4.Layer)]</property>
						<onclick>noop</onclick>
						<visible>Weather.IsFetched + !String.IsEmpty(Window.Property(Map.4.Area)) + !String.IsEmpty(Window.Property(Map.IsFetched))</visible>
					</item>
					<item>
						<label>$INFO[Window.Property(Map.5.Heading)]</label>
						<label2>$INFO[Window.Property(Map.5.Legend)]</label2>
						<icon>$INFO[Window.Property(Map.5.Area)]</icon>
						<property name="Layer">$INFO[Window.Property(Map.5.Layer)]</property>
						<onclick>noop</onclick>
						<visible>Weather.IsFetched + !String.IsEmpty(Window.Property(Map.5.Area)) + !String.IsEmpty(Window.Property(Map.IsFetched))</visible>
					</item>
				</content>
			</control>
			
			<control type="group">
				<top>512</top>
				<include>WeekDayBorder</include>
			</control>
			
			<control type="button" id="994">
				<left>620</left>
				<top>515</top>
				<width>20</width>
				<height>28</height>
				<label />
				<texturefocus>controls/nav-arrow-right-focus.png</texturefocus>
				<texturenofocus>controls/nav-arrow-right-nofocus.png</texturenofocus>
				<onleft>993</onleft>
				<onright>993</onright>
				<onup>106</onup>
				<onclick>Control.Move(992,1)</onclick>
			</control>
			
			<control type="button" id="993">
				<left>10</left>
				<top>515</top>
				<width>20</width>
				<height>28</height>
				<label />
				<texturefocus flipx="true">controls/nav-arrow-right-focus.png</texturefocus>
				<texturenofocus flipx="true">controls/nav-arrow-right-nofocus.png</texturenofocus>
				<onleft>106</onleft>
				<onright>994</onright>
				<onup>106</onup>
				<onclick>Control.Move(992,-1)</onclick>
			</control>
			
			<control type="label">
				<description>heading label</description>
				<top>512</top>
				<textcolor>WhiteColor</textcolor>
				<include>WeatherWeekDayLabel</include>
				<label>$INFO[Container(992).ListItem.Label]</label>
			</control>
		</control>
	</include>

	<include name="WeatherCurrentReadingLabel">
		<width>187</width>
		<height>35</height>
		<align>right</align>
		<aligny>center</aligny>
		<font>WeatherCurrentReadingFont2</font>
		<textcolor>DefaultColor2</textcolor>
		<shadowcolor>ShadowColor</shadowcolor>
	</include>

	<include name="WeatherCurrentReadingValue">
		<width>254</width>
		<height>35</height>
		<font>WeatherCurrentReadingFont</font>
		<textcolor>WhiteColor</textcolor>
		<shadowcolor>ShadowColor</shadowcolor>
		<scroll>true</scroll>
	</include>

	<include name="WeatherWeekDayLabel">
		<width>652</width>
		<height>35</height>
		<font>WeatherWeekDayFont</font>
		<textcolor>DefaultColor2</textcolor>
		<shadowcolor>ShadowColor</shadowcolor>
		<align>center</align>
		<aligny>center</aligny>
	</include>

	<include name="WeatherReadingLabel">
		<left>94</left>
		<width>170</width>
		<font>WeatherReadingFont</font>
		<textcolor>GreyColor</textcolor>
		<shadowcolor>ShadowColor</shadowcolor>
		<scroll>true</scroll>
	</include>
	
	<include name="Weather36HourLabel">
		<width>280</width>
		<align>center</align>
		<font>WeatherReadingFont</font>
		<textcolor>GreyColor</textcolor>
		<shadowcolor>ShadowColor</shadowcolor>
		<scroll>true</scroll>
	</include>
	
	<include name="WeatherWeekendLabel">
		<width>320</width>
		<height>24</height>
		<align>right</align>
		<textcolor>DefaultColor2</textcolor>
		<font>font13</font>
		<shadowcolor>ShadowColor</shadowcolor>
		<scroll>true</scroll>
	</include>
	
	<include name="WeatherWeekendLabel2">
		<width>320</width>
		<height>24</height>
		<textcolor>WhiteColor</textcolor>
		<font>font13</font>
		<shadowcolor>ShadowColor</shadowcolor>
		<scroll>true</scroll>
	</include>

	<include name="WeatherConditionLabel">
		<left>375</left>
		<top>65</top>
		<width>276</width>
		<font>WeatherConditionFont</font>
		<textcolor>GreyColor</textcolor>
		<shadowcolor>ShadowColor</shadowcolor>
		<align>center</align>
		<scroll>true</scroll>
	</include>
	
	<include name="HourlyWeatherConditionLabel">
		<width>220</width>
		<align>center</align>
		<font>DialogMediaInfoFont</font>
		<textcolor>GreyColor</textcolor>
		<shadowcolor>ShadowColor</shadowcolor>
		<scroll>true</scroll>
	</include>
	
	<include name="HourlyWeatherIcon">
		<left>215</left>
		<top>45</top>
		<width>80</width>
		<height>80</height>
		<aspectratio>keep</aspectratio>
	</include>

	<include name="WeekDayBorder">
		<control type="image">
			<width>652</width>
			<height>35</height>
			<texture border="5">panels/panel-content-border2.png</texture>
			<include>WeatherHeaderFadeAnim</include>
		</control>
	</include>

	<include name="WeatherHomeIcon">
		<control type="image">
			<description>Cover</description>
			<left>345</left>
			<top>47</top>
			<width>130</width>
			<height>118</height>
			<bordersize>10</bordersize>
			<texture background="true">$VAR[WeatherIconsAddonVar]$INFO[Weather.fanartcode,,.png]</texture>
			<aspectratio>keep</aspectratio>
		</control>
	</include>

	<include name="WeatherAnimHomeIcon">
		<control type="multiimage">
			<left>355</left>
			<top>57</top>
			<width>110</width>
			<height>98</height>
			<imagepath>$VAR[WeatherIconsAddonVar]$INFO[Window(Weather).Property(Current.FanartCode)]</imagepath>
			<timeperimage>100</timeperimage>
			<randomize>false</randomize>
			<fadetime>1</fadetime>
			<aspectratio>keep</aspectratio>
		</control>
	</include>
	
	<include name="WeatherHomeWeekdayIcon">
		<top>45</top>
		<width>84</width>
		<height>80</height>
		<aspectratio align="center">keep</aspectratio>
		<visible>!Skin.HasSetting(WeatherIconsAddon.multi)</visible>
	</include>
	
	<include name="WeatherAnimHomeWeekdayIcon">
		<top>45</top>
		<width>84</width>
		<height>80</height>
		<aspectratio align="center">keep</aspectratio>
		<timeperimage>100</timeperimage>
		<randomize>false</randomize>
		<fadetime>1</fadetime>
		<visible>Skin.HasSetting(WeatherIconsAddon.multi)</visible>
	</include>

	<include name="WeatherNotificationIcon">
		<control type="image" id="5567">
			<top>1</top>
			<width>43</width>
			<height>43</height>
			<texture>$VAR[WeatherIconsAddonVar]$INFO[Weather.fanartcode,,.png]</texture>
			<bordersize>6</bordersize>
			<aspectratio>keep</aspectratio>
			<visible>!String.IsEmpty(Weather.fanartcode)</visible>
		</control>
	</include>

	<include name="WeatherAnimNotificationIcon">
		<control type="multiimage" id="5567">
			<top>8</top>
			<width>30</width>
			<height>30</height>
			<imagepath>$VAR[WeatherIconsAddonVar]$INFO[Window(Weather).Property(Current.FanartCode)]</imagepath>
			<timeperimage>100</timeperimage>
			<randomize>false</randomize>
			<fadetime>1</fadetime>
			<visible>!String.IsEmpty(Weather.Conditions)</visible>
		</control>
	</include>

	<include name="WeatherCurrentIcon">
		<control type="image">
			<left>20</left>
			<top>110</top>
			<width>212</width>
			<height>200</height>
			<aspectratio align="right">keep</aspectratio>
			<texture>$VAR[WeatherIconsAddonVar]$INFO[Window.Property(Current.FanartCode),,.png]</texture>
		</control>
	</include>

	<include name="WeatherAnimCurrentIcon">
		<control type="multiimage">
			<left>20</left>
			<top>110</top>
			<width>212</width>
			<height>200</height>
			<aspectratio align="right">keep</aspectratio>
			<imagepath>$VAR[WeatherIconsAddonVar]$INFO[Window.Property(Current.FanartCode)]</imagepath>
			<timeperimage>100</timeperimage>
			<randomize>false</randomize>
			<fadetime>1</fadetime>
		</control>
	</include>

	<include name="WeatherDayIcon">
		<top>41</top>
		<width>652</width>
		<height>79</height>
		<aspectratio>keep</aspectratio>
	</include>

	<include name="WeatherAnimDayIcon">
		<top>41</top>
		<width>652</width>
		<height>79</height>
		<timeperimage>100</timeperimage>
		<randomize>false</randomize>
		<fadetime>1</fadetime>
	</include>

	<include name="WeatherDay0Icon">
		<control type="image">
			<include>WeatherDayIcon</include>
			<texture>$VAR[WeatherIconsAddonVar]$INFO[Window.Property(Day0.FanartCode),,.png]</texture>
		</control>
	</include>

	<include name="WeatherAnimDay0Icon">
		<control type="multiimage">
			<include>WeatherAnimDayIcon</include>
			<imagepath>$VAR[WeatherIconsAddonVar]$INFO[Window.Property(Day0.FanartCode)]</imagepath>
		</control>
	</include>

	<include name="WeatherDay1Icon">
		<control type="image">
			<include>WeatherDayIcon</include>
			<texture>$VAR[WeatherIconsAddonVar]$INFO[Window.Property(Day1.FanartCode),,.png]</texture>
		</control>
	</include>

	<include name="WeatherAnimDay1Icon">
		<control type="multiimage">
			<include>WeatherAnimDayIcon</include>
			<imagepath>$VAR[WeatherIconsAddonVar]$INFO[Window.Property(Day1.FanartCode)]</imagepath>
		</control>
	</include>

	<include name="WeatherDay2Icon">
		<control type="image">
			<include>WeatherDayIcon</include>
			<texture>$VAR[WeatherIconsAddonVar]$INFO[Window.Property(Day2.FanartCode),,.png]</texture>
		</control>
	</include>

	<include name="WeatherAnimDay2Icon">
		<control type="multiimage">
			<include>WeatherAnimDayIcon</include>
			<imagepath>$VAR[WeatherIconsAddonVar]$INFO[Window.Property(Day2.FanartCode)]</imagepath>
		</control>
	</include>

	<include name="WeatherDay3Icon">
		<control type="image">
			<include>WeatherDayIcon</include>
			<texture>$VAR[WeatherIconsAddonVar]$INFO[Window.Property(Day3.FanartCode),,.png]</texture>
		</control>
	</include>

	<include name="WeatherAnimDay3Icon">
		<control type="multiimage">
			<include>WeatherAnimDayIcon</include>
			<imagepath>$VAR[WeatherIconsAddonVar]$INFO[Window.Property(Day3.FanartCode)]</imagepath>
		</control>
	</include>
	
	<include name="WeatherDay4Icon">
		<control type="image">
			<include>WeatherDayIcon</include>
			<texture>$VAR[WeatherIconsAddonVar]$INFO[Window.Property(Day4.FanartCode),,.png]</texture>
		</control>
	</include>

	<include name="WeatherAnimDay4Icon">
		<control type="multiimage">
			<include>WeatherAnimDayIcon</include>
			<imagepath>$VAR[WeatherIconsAddonVar]$INFO[Window.Property(Day4.FanartCode)]</imagepath>
		</control>
	</include>
	
	<include name="WeatherDay5Icon">
		<control type="image">
			<include>WeatherDayIcon</include>
			<texture>$VAR[WeatherIconsAddonVar]$INFO[Window.Property(Day5.FanartCode),,.png]</texture>
		</control>
	</include>

	<include name="WeatherAnimDay5Icon">
		<control type="multiimage">
			<include>WeatherAnimDayIcon</include>
			<imagepath>$VAR[WeatherIconsAddonVar]$INFO[Window.Property(Day5.FanartCode)]</imagepath>
		</control>
	</include>
	
	<include name="WeatherDay6Icon">
		<control type="image">
			<include>WeatherDayIcon</include>
			<texture>$VAR[WeatherIconsAddonVar]$INFO[Window.Property(Day6.FanartCode),,.png]</texture>
		</control>
	</include>

	<include name="WeatherAnimDay6Icon">
		<control type="multiimage">
			<include>WeatherAnimDayIcon</include>
			<imagepath>$VAR[WeatherIconsAddonVar]$INFO[Window.Property(Day6.FanartCode)]</imagepath>
		</control>
	</include>

	<include name="OpenWeatherMapCurrentIcon">
		<control type="image">
			<left>20</left>
			<top>110</top>
			<width>212</width>
			<height>200</height>
			<aspectratio align="right">keep</aspectratio>
			<texture>$VAR[WeatherIconsAddonVar]$INFO[Window.Property(Current.FanartCode),,.png]</texture>
		</control>
	</include>

	<include name="OpenWeatherMapAnimCurrentIcon">
		<control type="multiimage">
			<left>20</left>
			<top>110</top>
			<width>212</width>
			<height>200</height>
			<aspectratio align="right">keep</aspectratio>
			<imagepath>$VAR[WeatherIconsAddonVar]$INFO[Window.Property(Current.FanartCode)]</imagepath>
			<timeperimage>100</timeperimage>
			<randomize>false</randomize>
			<fadetime>1</fadetime>
		</control>
	</include>

	<include name="OpenWeatherMapDayIcon">
		<top>41</top>
		<width>652</width>
		<height>79</height>
		<aspectratio>keep</aspectratio>
	</include>

	<include name="OpenWeatherMapAnimDayIcon">
		<top>41</top>
		<width>652</width>
		<height>79</height>
		<timeperimage>100</timeperimage>
		<randomize>false</randomize>
		<fadetime>1</fadetime>
		<aspectratio>keep</aspectratio>
	</include>

	<include name="OpenWeatherMapDay1Icon">
		<control type="image">
			<include>OpenWeatherMapDayIcon</include>
			<texture>$VAR[WeatherIconsAddonVar]$INFO[Window.Property(Daily.1.FanartCode),,.png]</texture>
		</control>
	</include>

	<include name="OpenWeatherMapAnimDay1Icon">
		<control type="multiimage">
			<include>OpenWeatherMapAnimDayIcon</include>
			<imagepath>$VAR[WeatherIconsAddonVar]$INFO[Window.Property(Daily.1.FanartCode)]</imagepath>
		</control>
	</include>

	<include name="OpenWeatherMapDay2Icon">
		<control type="image">
			<include>OpenWeatherMapDayIcon</include>
			<texture>$VAR[WeatherIconsAddonVar]$INFO[Window.Property(Daily.2.FanartCode),,.png]</texture>
		</control>
	</include>

	<include name="OpenWeatherMapAnimDay2Icon">
		<control type="multiimage">
			<include>OpenWeatherMapAnimDayIcon</include>
			<imagepath>$VAR[WeatherIconsAddonVar]$INFO[Window.Property(Daily.2.FanartCode)]</imagepath>
		</control>
	</include>

	<include name="OpenWeatherMapDay3Icon">
		<control type="image">
			<include>OpenWeatherMapDayIcon</include>
			<texture>$VAR[WeatherIconsAddonVar]$INFO[Window.Property(Daily.3.FanartCode),,.png]</texture>
		</control>
	</include>

	<include name="OpenWeatherMapAnimDay3Icon">
		<control type="multiimage">
			<include>OpenWeatherMapAnimDayIcon</include>
			<imagepath>$VAR[WeatherIconsAddonVar]$INFO[Window.Property(Daily.3.FanartCode)]</imagepath>
		</control>
	</include>

	<include name="OpenWeatherMapDay4Icon">
		<control type="image">
			<include>OpenWeatherMapDayIcon</include>
			<texture>$VAR[WeatherIconsAddonVar]$INFO[Window.Property(Daily.4.FanartCode),,.png]</texture>
		</control>
	</include>

	<include name="OpenWeatherMapAnimDay4Icon">
		<control type="multiimage">
			<include>OpenWeatherMapAnimDayIcon</include>
			<imagepath>$VAR[WeatherIconsAddonVar]$INFO[Window.Property(Daily.4.FanartCode)]</imagepath>
		</control>
	</include>

	<include name="OpenWeatherMapDay5Icon">
		<control type="image">
			<include>OpenWeatherMapDayIcon</include>
			<texture>$VAR[WeatherIconsAddonVar]$INFO[Window.Property(Daily.5.FanartCode),,.png]</texture>
		</control>
	</include>

	<include name="OpenWeatherMapAnimDay5Icon">
		<control type="multiimage">
			<include>OpenWeatherMapAnimDayIcon</include>
			<imagepath>$VAR[WeatherIconsAddonVar]$INFO[Window.Property(Daily.5.FanartCode)]</imagepath>
		</control>
	</include>

	<include name="OpenWeatherMapDay6Icon">
		<control type="image">
			<include>OpenWeatherMapDayIcon</include>
			<texture>$VAR[WeatherIconsAddonVar]$INFO[Window.Property(Daily.6.FanartCode),,.png]</texture>
		</control>
	</include>

	<include name="OpenWeatherMapAnimDay6Icon">
		<control type="multiimage">
			<include>OpenWeatherMapAnimDayIcon</include>
			<imagepath>$VAR[WeatherIconsAddonVar]$INFO[Window.Property(Daily.6.FanartCode)]</imagepath>
		</control>
	</include>

	<include name="OpenWeatherMapDay7Icon">
		<control type="image">
			<include>OpenWeatherMapDayIcon</include>
			<texture>$VAR[WeatherIconsAddonVar]$INFO[Window.Property(Daily.7.FanartCode),,.png]</texture>
		</control>
	</include>

	<include name="OpenWeatherMapAnimDay7Icon">
		<control type="multiimage">
			<include>OpenWeatherMapAnimDayIcon</include>
			<imagepath>$VAR[WeatherIconsAddonVar]$INFO[Window.Property(Daily.7.FanartCode)]</imagepath>
		</control>
	</include>

	<include name="OpenWeatherMap36HourIcon">
		<top>45</top>
		<width>652</width>
		<height>120</height>
		<aspectratio>keep</aspectratio>
	</include>

	<include name="OpenWeatherMapAnim36HourIcon">
		<top>45</top>
		<width>652</width>
		<height>120</height>
		<aspectratio>keep</aspectratio>
		<timeperimage>100</timeperimage>
		<randomize>false</randomize>
		<fadetime>1</fadetime>
	</include>

	<include name="OpenWeatherMap36Hour1Icon">
		<control type="image">
			<include>OpenWeatherMap36HourIcon</include>
			<texture>$VAR[WeatherIconsAddonVar]$INFO[Window.Property(36Hour.1.FanartCode),,.png]</texture>
		</control>
	</include>

	<include name="OpenWeatherMapAnim36Hour1Icon">
		<control type="multiimage">
			<include>OpenWeatherMapAnim36HourIcon</include>
			<imagepath>$VAR[WeatherIconsAddonVar]$INFO[Window.Property(36Hour.1.FanartCode)]</imagepath>
		</control>
	</include>

	<include name="OpenWeatherMap36Hour2Icon">
		<control type="image">
			<include>OpenWeatherMap36HourIcon</include>
			<texture>$VAR[WeatherIconsAddonVar]$INFO[Window.Property(36Hour.2.FanartCode),,.png]</texture>
		</control>
	</include>

	<include name="OpenWeatherMapAnim36Hour2Icon">
		<control type="multiimage">
			<include>OpenWeatherMapAnim36HourIcon</include>
			<imagepath>$VAR[WeatherIconsAddonVar]$INFO[Window.Property(36Hour.2.FanartCode)]</imagepath>
		</control>
	</include>

	<include name="OpenWeatherMap36Hour3Icon">
		<control type="image">
			<include>OpenWeatherMap36HourIcon</include>
			<texture>$VAR[WeatherIconsAddonVar]$INFO[Window.Property(36Hour.3.FanartCode),,.png]</texture>
		</control>
	</include>

	<include name="OpenWeatherMapAnim36Hour3Icon">
		<control type="multiimage">
			<include>OpenWeatherMapAnim36HourIcon</include>
			<imagepath>$VAR[WeatherIconsAddonVar]$INFO[Window.Property(36Hour.3.FanartCode)]</imagepath>
		</control>
	</include>

	<include name="OpenWeatherMapWeekendIcon">
		<top>35</top>
		<width>652</width>
		<height>120</height>
		<align>center</align>
		<aspectratio>keep</aspectratio>
	</include>

	<include name="OpenWeatherMapAnimWeekendIcon">
		<top>35</top>
		<width>652</width>
		<height>120</height>
		<align>center</align>
		<timeperimage>100</timeperimage>
		<randomize>false</randomize>
		<fadetime>1</fadetime>
		<aspectratio>keep</aspectratio>
	</include>

	<include name="OpenWeatherMapWeekend1Icon">
		<control type="image">
			<include>OpenWeatherMapWeekendIcon</include>
			<texture>$VAR[WeatherIconsAddonVar]$INFO[Window.Property(Weekend.1.FanartCode),,.png]</texture>
		</control>
	</include>

	<include name="OpenWeatherMapAnimWeekend1Icon">
		<control type="multiimage">
			<include>OpenWeatherMapAnimWeekendIcon</include>
			<imagepath>$VAR[WeatherIconsAddonVar]$INFO[Window.Property(Weekend.1.FanartCode)]</imagepath>
		</control>
	</include>

	<include name="OpenWeatherMapWeekend2Icon">
		<control type="image">
			<include>OpenWeatherMapWeekendIcon</include>
			<texture>$VAR[WeatherIconsAddonVar]$INFO[Window.Property(Weekend.2.FanartCode),,.png]</texture>
		</control>
	</include>

	<include name="OpenWeatherMapAnimWeekend2Icon">
		<control type="multiimage">
			<include>OpenWeatherMapAnimWeekendIcon</include>
			<imagepath>$VAR[WeatherIconsAddonVar]$INFO[Window.Property(Weekend.2.FanartCode)]</imagepath>
		</control>
	</include>
</includes>