<?xml version="1.0" encoding="UTF-8"?>
<window>
	<defaultcontrol always="true">11</defaultcontrol>

	<coordinates>
		<left>325</left>
		<top>81</top>
	</coordinates>

	<controls>
		<control type="group">
			<depth>DepthOSD</depth>
			<include>DialogOpenCloseAnim</include>
			
			<include content="DialogWithCloseBtnLabel" condition="!pvr.IsPlayingRadio">
				<param name="width" value="630"/>
				<param name="height" value="558" />
				<param name="left" value="570" />
				<param name="labelwidth" value="550" />
				<param name="label" value="$LOCALIZE[19023] - $INFO[VideoPlayer.ChannelGroup]" />
			</include>
			
			<include content="DialogWithCloseBtnLabel" condition="pvr.IsPlayingRadio">
				<param name="width" value="630"/>
				<param name="height" value="558" />
				<param name="left" value="570" />
				<param name="labelwidth" value="550" />
				<param name="label" value="$LOCALIZE[19023] - $INFO[MusicPlayer.ChannelGroup]" />
			</include>

			<control type="group">
				<left>DialogMarginOffsetX</left>
				<top>DialogMarginOffsetY</top>

				<control type="list" id="11">
					<width>560</width>
					<height>444</height>
					<onright>12</onright>
					<onup>11</onup>
					<ondown>11</ondown>
					<onleft>NextChannelGroup</onleft>
					<pagecontrol>12</pagecontrol>
					<preloaditems>2</preloaditems>
					<scrolltime tween="sine" easing="inout">300</scrolltime>
					<itemlayout height="74">
						<control type="image">
							<width>560</width>
							<height>74</height>
							<texture border="0,0,10,2">views/list-separator.png</texture>
							<aspectratio>stretch</aspectratio>
						</control>
						<control type="image">
							<description>Icon</description>
							<width>73</width>
							<height>73</height>
							<bordersize>5</bordersize>
							<texture background="true" fallback="DefaultVideo.png">$INFO[ListItem.Icon]</texture>
							<aspectratio>keep</aspectratio>
						</control>
						<control type="label">
							<description>Label</description>
							<left>80</left>
							<top>3</top>
							<width>402</width>
							<font>ListFont</font>
							<textcolor>ListColor</textcolor>
							<shadowcolor>ShadowColor</shadowcolor>
							<label>$INFO[ListItem.ChannelNumberLabel] - $INFO[ListItem.Label]</label>
						</control>
						<control type="label">
							<description>Label2</description>
							<left>80</left>
							<width>402</width>
							<height>74</height>
							<font>ListFont2</font>
							<textcolor>ListColor2</textcolor>
							<shadowcolor>ShadowColor</shadowcolor>
							<label>$INFO[ListItem.Title]</label>
							<aligny>center</aligny>
							<scroll>true</scroll>
						</control>
						<control type="label">
							<description>Time</description>
							<left>80</left>
							<top>50</top>
							<width>402</width>
							<font>ListFont3</font>
							<textcolor>ListColor2</textcolor>
							<shadowcolor>ShadowColor</shadowcolor>
							<label>$INFO[ListItem.StartTime]$INFO[ListItem.EndTime, - ,]</label>
						</control>
						<control type="group">
							<description>Progress</description>
							<left>520</left>
							<top>25</top>
							<include>LiveTVProgressImage</include>
						</control>
					</itemlayout>
					<focusedlayout height="74">
						<control type="image">
							<width>560</width>
							<height>74</height>
							<texture border="0,0,10,2">views/list-separator.png</texture>
							<aspectratio>stretch</aspectratio>
						</control>
						<control type="image">
							<width>560</width>
							<height>73</height>
							<texture border="4">views/list-focus.png</texture>
							<aspectratio>stretch</aspectratio>
							<visible>Control.HasFocus(11)</visible>
							<include>ListViewSelectFadeAnim</include>
							<animation type="Focus" condition="Container(11).OnNext + ![Skin.String(LowCPUPowerMode,Animations) | Skin.String(LowCPUPowerMode,Full)]" reversible="false">
								<effect type="Fade" start="40" end="100" time="550" tween="back" easing="in"/>
								<effect type="slide" start="0,-74" time="250" tween="sine" easing="out"/>
							</animation>
							<animation type="Focus" condition="Container(11).OnPrevious + ![Skin.String(LowCPUPowerMode,Animations) | Skin.String(LowCPUPowerMode,Full)]" reversible="false">
								<effect type="Fade" start="40" end="100" time="550" tween="back" easing="in"/>
								<effect type="slide" start="0,74" time="250" tween="sine" easing="out"/>
							</animation>
						</control>
						<control type="image">
							<width>560</width>
							<height>73</height>
							<texture border="4">views/list-alt-focus.png</texture>
							<aspectratio>stretch</aspectratio>
							<visible>!Control.HasFocus(11)</visible>
							<include>ListViewSelectFadeAnim2</include>
						</control>
						<control type="group">
							<include>ListViewFocusAnim</include>
							<control type="image">
								<description>Icon</description>
								<width>73</width>
								<height>73</height>
								<bordersize>5</bordersize>
								<texture background="true" fallback="DefaultVideo.png">$INFO[ListItem.Icon]</texture>
								<aspectratio>keep</aspectratio>
								<include>ListViewCoverFocusAnim</include>
							</control>
							<control type="label">
							<description>Label</description>
								<left>80</left>
								<top>3</top>
								<width>402</width>
								<font>ListFont</font>
								<textcolor>SelectedColor</textcolor>
								<shadowcolor>ShadowColor</shadowcolor>
								<label>$INFO[ListItem.ChannelNumberLabel] - $INFO[ListItem.Label]</label>
							</control>
							<control type="label">
								<description>Label2</description>
								<left>80</left>
								<width>402</width>
								<height>74</height>
								<font>ListFont2</font>
								<textcolor>ListColor2</textcolor>
								<shadowcolor>ShadowColor</shadowcolor>
								<label>$INFO[ListItem.Title]</label>
								<aligny>center</aligny>
								<scroll>true</scroll>
							</control>
							<control type="label">
								<description>Time</description>
								<left>80</left>
								<top>50</top>
								<width>402</width>
								<font>ListFont3</font>
								<textcolor>ListColor2</textcolor>
								<shadowcolor>ShadowColor</shadowcolor>
								<label>$INFO[ListItem.StartTime]$INFO[ListItem.EndTime, - ,]</label>
							</control>
							<control type="group">
								<description>Progress</description>
								<left>520</left>
								<top>25</top>
								<include>LiveTVProgressImage</include>
							</control>
						</control>
					</focusedlayout>
				</control>
			</control>
			
			<control type="button" id="9000">
				<description>Cancel</description>
				<top>504</top>
				<left>230</left>
				<onleft>11</onleft>
				<onright>12</onright>
				<onup>11</onup>
				<include>DialogMenuBarBtn</include>
				<label>$LOCALIZE[15067]</label>
				<onclick>PreviousMenu</onclick>
			</control>

			<control type="spincontrol" id="12">
				<description>Next Page</description>
				<left>550</left>
				<top>513</top>
				<font />
				<onup>11</onup>
				<onleft>9000</onleft>
				<onright>11</onright>
			</control>
		</control>
	</controls>
</window>