<?xml version="1.0" encoding="UTF-8"?>
<window>
	<defaultcontrol always="true">9001</defaultcontrol>
	<coordinates>
		<system>1</system>
		<left>240</left>
		<top>187</top>
	</coordinates>
	<include>dialogeffect</include>
	<controls>
		<control type="image">
			<description>background image</description>
			<width>800</width>
			<height>346</height>
			<texture border="50,100,50,50">Dialog.png</texture>
		</control>
		<control type="label">
			<description>heading label</description>
			<left>50</left>
			<top>50</top>
			<width>700</width>
			<height>35</height>
			<align>center</align>
			<aligny>center</aligny>
			<font>font18</font>
			<label>21421</label>
			<textcolor>orange</textcolor>
		</control>
		<control type="label" id="0">
			<description>Rule match label</description>
			<left>50</left>
			<top>95</top>
			<width>700</width>
			<height>45</height>
			<align>center</align>
			<aligny>center</aligny>
			<font>font12</font>
			<label>21422</label>
		</control>
		<control type="group" id="9001">
			<control type="button" id="15">
				<description>Rule Field</description>
				<left>50</left>
				<top>140</top>
				<width>348</width>
				<height>45</height>
				<font>font3</font>
				<texturefocus border="10">list-focus.png</texturefocus>
				<texturenofocus border="10">list-nofocus.png</texturenofocus>
				<onright>16</onright>
				<onleft>16</onleft>
				<onup>9000</onup>
				<ondown>17</ondown>
			</control>
			<control type="button" id="16">
				<description>Rule operator</description>
				<left>404</left>
				<top>140</top>
				<width>348</width>
				<height>45</height>
				<font>font13</font>
				<texturefocus border="10">list-focus.png</texturefocus>
				<texturenofocus border="10">list-nofocus.png</texturenofocus>
				<onright>15</onright>
				<onleft>15</onleft>
				<onup>9000</onup>
				<ondown>17</ondown>
			</control>
		</control>
		<control type="edit" id="17">
			<description>Value Button</description>
			<left>50</left>
			<top>186</top>
			<width>548</width>
			<height>45</height>
			<font>font12</font>
			<textoffsetx>12</textoffsetx>
			<textwidth>255</textwidth>
			<aligny>center</aligny>
			<texturefocus border="10">list-focus.png</texturefocus>
			<texturenofocus border="10">list-nofocus.png</texturenofocus>
			<label />
			<onup>9001</onup>
			<onleft>20</onleft>
			<onright>20</onright>
			<ondown>9000</ondown>
		</control>
		<control type="button" id="20">
			<description>Browse Button</description>
			<left>604</left>
			<top>186</top>
			<width>148</width>
			<height>45</height>
			<align>center</align>
			<aligny>center</aligny>
			<texturefocus border="10">list-focus.png</texturefocus>
			<texturenofocus border="10">list-nofocus.png</texturenofocus>
			<label>1024</label>
			<font>font12</font>
			<onup>9001</onup>
			<onleft>17</onleft>
			<onright>17</onright>
			<ondown>9000</ondown>
		</control>
		<control type="grouplist" id="9000">
			<left>199</left>
			<top>246</top>
			<width>402</width>
			<align>center</align>
			<itemgap>2</itemgap>
			<orientation>horizontal</orientation>
			<onup>17</onup>
			<ondown>9001</ondown>
			<control type="button" id="18">
				<description>Ok Button</description>
				<label>186</label>
				<include>DialogButton2CommonValues</include>
			</control>
			<control type="button" id="19">
				<description>Cancel Button</description>
				<label>222</label>
				<include>DialogButton2CommonValues</include>
			</control>
		</control>
	</controls>
</window>