<?xml version="1.0" encoding="UTF-8"?>
<includes>
	<!--//// START WRAP LIST INFO VIEW //////////////////////////////////////////////////////////////////////////-->
	<include name="WrapListInfoView">
		<control type="group" id="500">
		    <defaultcontrol always="true">53</defaultcontrol>
			<visible>Control.IsVisible(53)</visible>
			<include>MediaViewOpenCloseAnim</include>
			
			<control type="group" id="254">
				<animation effect="slide" end="0,120" time="500" condition="[Window.IsActive(Videos) + Skin.HasSetting(EnableMoviesWrapListInfoCompactMode)] | [Window.IsActive(Music) + Skin.HasSetting(EnableMusicWrapListInfoCompactMode)] | [Window.IsActive(Programs) + Skin.HasSetting(EnableProgramsWrapListInfoCompactMode)]">Conditional</animation>
				
				<control type="group">
					<visible>Container.Content(Movies) | Container.Content(Sets)</visible>
					<include condition="Window.IsActive(Videos) + [Skin.String(MoviesWrapListInfoStyle,1) | String.IsEmpty(Skin.String(MoviesWrapListInfoStyle))]">MoviesWrapListInfoStyle1</include>
					<include condition="Window.IsActive(Videos) + Skin.String(MoviesWrapListInfoStyle,2)">MoviesWrapListInfoStyle2</include>
				</control>
				
				<control type="group">
					<visible>Container.Content(TVShows)</visible>
					<include condition="Window.IsActive(Videos) + [Skin.String(MoviesWrapListInfoStyle,1) | String.IsEmpty(Skin.String(MoviesWrapListInfoStyle))]">TVShowsWrapListInfoStyle1</include>
					<include condition="Window.IsActive(Videos) + Skin.String(MoviesWrapListInfoStyle,2)">TVShowsWrapListInfoStyle2</include>
				</control>
				
				<include condition="Window.IsActive(Music) + [Skin.String(MusicWrapInfoStyle,1) | String.IsEmpty(Skin.String(MusicWrapInfoStyle))]">MusicWrapListInfoStyle1</include>
				<include condition="Window.IsActive(Music) + Skin.String(MusicWrapInfoStyle,2)">MusicWrapListInfoStyle2</include>
				<include condition="Window.IsActive(Programs) + [Skin.String(ProgramsWrapListInfoStyle,1) | String.IsEmpty(Skin.String(ProgramsWrapListInfoStyle))]">ProgramsWrapListInfoPosterStyle</include>
				<include condition="Window.IsActive(Programs) + Skin.String(ProgramsWrapListInfoStyle,2)">ProgramsWrapListInfoPosterStyleLarge</include>
				<include condition="Window.IsActive(Programs) + Skin.String(ProgramsWrapListInfoStyle,3)">ProgramsWrapListInfoSquareStyle</include>
				<include condition="Window.IsActive(Programs) + Skin.String(ProgramsWrapListInfoStyle,4)">ProgramsWrapListInfoSquareStyleLarge</include>
				<include condition="Window.IsActive(Programs) + Skin.String(ProgramsWrapListInfoStyle,5)">ProgramsWrapListInfoWideStyle</include>
				
				<control type="wraplist" id="53">
					<viewtype label="31106">bigwrap</viewtype>
					<include condition="[Window.IsActive(Videos) + [Skin.String(MoviesWrapListInfoStyle,1) | String.IsEmpty(Skin.String(MoviesWrapListInfoStyle))]] | [Window.IsActive(Programs) + [Skin.String(ProgramsWrapListInfoStyle,1) | String.IsEmpty(Skin.String(ProgramsWrapListInfoStyle))]]">WrapListInfoContainerSpecs1</include>
					<include condition="[Window.IsActive(Videos) + Skin.String(MoviesWrapListInfoStyle,2)] | [Window.IsActive(Programs) + Skin.String(ProgramsWrapListInfoStyle,2)]">WrapListInfoContainerSpecs2</include>
					<include condition="[Window.IsActive(Music) + [Skin.String(MusicWrapInfoStyle,1) | String.IsEmpty(Skin.String(MusicWrapInfoStyle))]] | [Window.IsActive(Programs) + Skin.String(ProgramsWrapListInfoStyle,3)]">WrapListInfoContainerSpecs3</include>
					<include condition="[Window.IsActive(Music) + Skin.String(MusicWrapInfoStyle,2)] | [Window.IsActive(Programs) + Skin.String(ProgramsWrapListInfoStyle,4)]">WrapListInfoContainerSpecs4</include>
					<include condition="Window.IsActive(Programs) + Skin.String(ProgramsWrapListInfoStyle,5)">WrapListInfoContainerSpecs5</include>
					<pagecontrol>91103</pagecontrol>
					<orientation>horizontal</orientation>
					<preloaditems>4</preloaditems>
					<scrolltime tween="sine" easing="inout">401</scrolltime>
					<onup>850</onup>
					<ondown>150</ondown>
					<oninfo condition="Window.IsActive(Programs)">ActivateWindow(1122)</oninfo>
					<visible>Container.Content(Movies) | Container.Content(Sets) | Container.Content(TVShows) | Container.Content(Albums) | String.Contains(Container.FolderPath,plugin://plugin.program)</visible>
					<include condition="[Window.IsActive(Videos) + [Skin.String(MoviesWrapListInfoStyle,1) | String.IsEmpty(Skin.String(MoviesWrapListInfoStyle))]] | [Window.IsActive(Programs) + [Skin.String(ProgramsWrapListInfoStyle,1) | String.IsEmpty(Skin.String(ProgramsWrapListInfoStyle))]]">WrapListInfoPosterStyleLayout</include>
					<include condition="[Window.IsActive(Videos) + Skin.String(MoviesWrapListInfoStyle,2)] | [Window.IsActive(Programs) + Skin.String(ProgramsWrapListInfoStyle,2)]">WrapListInfoPosterStyleLargeLayout</include>
					<include condition="[Window.IsActive(Music) + [Skin.String(MusicWrapInfoStyle,1) | String.IsEmpty(Skin.String(MusicWrapInfoStyle))]] | [Window.IsActive(Programs) + Skin.String(ProgramsWrapListInfoStyle,3)]">WrapListInfoSquareStyleLayout</include>
					<include condition="[Window.IsActive(Music) + Skin.String(MusicWrapInfoStyle,2)] | [Window.IsActive(Programs) + Skin.String(ProgramsWrapListInfoStyle,4)]">WrapListInfoSquareStyleLargeLayout</include>
					<include condition="Window.IsActive(Programs) + Skin.String(ProgramsWrapListInfoStyle,5)">WrapListInfoWideStyleLayout</include>
				</control>
				
				<control type="group">
					<depth>DepthContent+</depth>
					<include content="WrapInfoViewScrollbar">
						<param name="id" value="91103" />
					</include>
				</control>
			</control>
			
			<control type="group">
				<description>Bottom Bar Area</description>
				<top>BottomPaneOffsetY</top>
				<!--<include>InfoPaneImage</include>-->
				<include condition="Window.IsActive(Videos) + !Skin.HasSetting(DisableVideosClearLogo)">InfoPaneClearLogoVideos</include>
				<include condition="Window.IsActive(Music) + !Skin.HasSetting(EnableMusicLibraryClearLogos)">InfoPaneClearLogoMusic</include>
				<include>InfoPaneMediaDetails</include>
				<include>BottomPaneOpenCloseAnim</include>
			</control>

			<include>ViewsDialogPopUpScreenDim</include>
		</control>
	</include>
	<!--//// END LIST VIEW ////////////////////////////////////////////////////////////////////////////-->
	
	<!-- INCLUDES -->
	<include name="WrapListInfoContent">
		<control type="image">
			<description>Bottom Pane Background</description>
			<top>$PARAM[bg_top]</top>
			<width>ScreenWidth</width>
			<height>$PARAM[bg_height]</height>
			<texture border="0,6,0,0">gui/bottom-info-background.png</texture>
		</control>
		
		<control type="image">
			<description>Background Glow</description>
			<top>$PARAM[bg_glow_top]</top>
			<left>492</left>
			<width>755</width>
			<height>$PARAM[bg_glow_height]</height>
			<texture flipy="true">gui/background-glow.png</texture>
			<animation effect="fade" end="20" condition="true">Conditional</animation>
		</control> 
		
		<control type="image">
			<description>Cover Glow</description>
			<top>$PARAM[cover_glow_top]</top>
			<left>$PARAM[cover_glow_left]</left>
			<width>$PARAM[cover_glow_width]</width>
			<height>$PARAM[bg_glow_height]</height>
			<texture>views/cover-glow.png</texture>
			<aspectratio aligny="bottom">center</aspectratio>
			<visible>!Container.OnNext + !Container.OnPrevious</visible>
			<include>WrapListInfoCoverGlowScrollAnim</include>
		</control>
		
		<control type="image">
			<top>$PARAM[header_top]</top>
			<width>ScreenWidth</width>
			<height>$PARAM[header_height]</height>
			<texture border="0,0,0,2">views/wrap-list-header.png</texture>
			<aspectratio>stretch</aspectratio>
		</control>

		<control type="label">
			<description>Title</description>
			<top>$PARAM[header_top]</top>
			<left>485</left>
			<width>765</width>
			<height>33</height>
			<font>WrapListFont</font>
			<textcolor>DefaultColor</textcolor>
			<shadowcolor>ShadowColor</shadowcolor>
			<label>$PARAM[label]</label>
			<aligny>center</aligny>
			<scroll>true</scroll>
		</control>
		
		<control type="image">
			<top>$PARAM[separator_top]</top>
			<width>ScreenWidth</width>
			<height>2</height>
			<texture>panels/panel-separator.png</texture>
		</control>
	</include>
	
	<include name="WrapListInfoCast">
		<control type="group">
			<visible>!Skin.HasSetting(EnableMoviesWrapListInfoCompactMode) + Skin.HasSetting(HideWrapListInfoCast)</visible>
			<depth>DepthContent+</depth>
			
			<control type="label">
				<description>Cast</description>
				<left>30</left>
				<top>472</top>
				<width>177</width>
				<include>WrapInfoViewCatLabel</include>
				<label>$LOCALIZE[206]:</label>
				<visible>Integer.IsGreater(Container($PARAM[id]).NumItems,0)</visible>
			</control>
			
			<control type="list" id="$PARAM[id]">
				<left>25</left>
				<top>500</top>
				<width>187</width>
				<height>134</height>
				<aligny>top</aligny>
				<onup>53</onup>
				<onleft>850</onleft>
				<onright>53</onright>
				<oninfo condition="System.AddonIsEnabled(script.extendedinfo)">RunScript(script.extendedinfo,info=extendedactorinfo,name=$INFO[Container($PARAM[id]).ListItem.Label])</oninfo>
				<oninfo condition="!System.HasAddon(script.extendedinfo)">InstallAddon(script.extendedinfo)</oninfo>
				<oninfo condition="System.HasAddon(script.extendedinfo) + !System.AddonIsEnabled(script.extendedinfo)">EnableAddon(script.extendedinfo)</oninfo>
				<itemlayout height="22">
					<control type="label">
						<left>5</left>
						<width>177</width>
						<height>22</height>
						<aligny>center</aligny>
						<font>MediaInfoFont2</font>
						<textcolor>MediaInfoItemColor2</textcolor>
						<shadowcolor>ShadowColor</shadowcolor>
						<include>WrapInfoViewCatLabel</include>
						<info>ListItem.Label</info>
					</control>
				</itemlayout>
				<focusedlayout height="22">
					<control type="image">
						<width>187</width>
						<height>22</height>
						<texture border="4">views/list-focus.png</texture>
						<visible>Control.HasFocus($PARAM[id])</visible>
						<include>ListViewSelectFadeAnim</include>
						<animation type="Focus" condition="Container($PARAM[id]).OnNext + ![Skin.String(LowCPUPowerMode,Animations) | Skin.String(LowCPUPowerMode,Full)]" reversible="false">
							<effect type="Fade" start="40" end="100" time="500" tween="back" easing="in"/>
							<effect type="slide" start="0,-22" time="200" tween="sine" easing="out"/>
						</animation>
						<animation type="Focus" condition="Container($PARAM[id]).OnPrevious + ![Skin.String(LowCPUPowerMode,Animations) | Skin.String(LowCPUPowerMode,Full)]" reversible="false">
							<effect type="Fade" start="40" end="100" time="500" tween="back" easing="in"/>
							<effect type="slide" start="0,22" time="200" tween="sine" easing="out"/>
						</animation>
					</control>
					<control type="label">
						<left>5</left>
						<width>177</width>
						<height>22</height>
						<aligny>center</aligny>
						<font>MediaInfoFont2</font>
						<textcolor>MediaInfoItemColor2</textcolor>
						<shadowcolor>ShadowColor</shadowcolor>
						<include>WrapInfoViewCatLabel</include>
						<info>ListItem.Label</info>
						<scroll>true</scroll>
					</control>
				</focusedlayout>
				<content>$PARAM[content]</content>
			</control>
		</control>
	</include>
	
	<variable name="WrapListInfoCastVar">
		<value condition="ListItem.IsCollection">plugin://script.embuary.helper?info=getsetcast&amp;dbid=$INFO[ListItem.DBID]</value>
		<value>plugin://script.embuary.helper?info=getcast&amp;type=movie&amp;dbid=$INFO[ListItem.DBID]</value>
	</variable>
	
	<include name="WrapListInfoGrouplistContent">
		<control type="label">
			<width min="0" max="110">auto</width>
			<include>WrapInfoViewCatLabel</include>
			<label>$PARAM[label]</label>
			<visible>$PARAM[visible]</visible>
		</control>
		<control type="label">
			<width min="0" max="$PARAM[maxwidth]">auto</width>
			<include>WrapInfoViewCatValueLabel</include>
			<scroll>true</scroll>
			<label fallback="31001">$PARAM[info]</label>
			<visible>$PARAM[visible]</visible>
		</control>
	</include>
	
	<include name="WrapListInfoMoviesGrouplists">
		<control type="grouplist">
			<description>Media Info</description>
			<depth>DepthContent+</depth>
			<left>485</left>
			<top>472</top>
			<width>765</width>
			<orientation>horizontal</orientation>
			<usecontrolcoords>true</usecontrolcoords>
			<visible>!String.IsEmpty(ListItem.Title) + !ListItem.IsCollection</visible>
			<include content="WrapListInfoGrouplistContent">
				<param name="label" value="$LOCALIZE[20339]:" />
				<param name="maxwidth" value="150" />
				<param name="info" value="$INFO[ListItem.Director]" />
				<param name="visible" value="true" />
			</include>
			<include>WrapInfoViewDot</include>
			<include content="WrapListInfoGrouplistContent">
				<param name="label" value="$LOCALIZE[20417]:" />
				<param name="maxwidth" value="140" />
				<param name="info" value="$INFO[ListItem.Writer]" />
				<param name="visible" value="true" />
			</include>
			<include>WrapInfoViewDot</include>
			<include content="WrapListInfoGrouplistContent">
				<param name="label" value="$LOCALIZE[345]:" />
				<param name="maxwidth" value="110" />
				<param name="info" value="$INFO[ListItem.Year]" />
				<param name="visible" value="true" />
			</include>
			<include>WrapInfoViewDot</include>
			<include content="WrapListInfoGrouplistContent">
				<param name="label" value="$LOCALIZE[2050]:" />
				<param name="maxwidth" value="110" />
				<param name="info" value="$VAR[DurationVar]" />
				<param name="visible" value="true" />
			</include>
		</control>
		
		<control type="grouplist">
			<description>Media Info</description>
			<depth>DepthContent+</depth>
			<left>485</left>
			<top>472</top>
			<width>765</width>
			<orientation>horizontal</orientation>
			<usecontrolcoords>true</usecontrolcoords>
			<visible>!String.IsEmpty(ListItem.Title) + ListItem.IsCollection</visible>
			<include content="WrapListInfoGrouplistContent">
				<param name="label" value="$LOCALIZE[20342]:" />
				<param name="maxwidth" value="110" />
				<param name="info" value="$VAR[MovieSetCount]" />
				<param name="visible" value="true" />
			</include>
			<include>WrapInfoViewDot</include>
			<include content="WrapListInfoGrouplistContent">
				<param name="label" value="$LOCALIZE[345]:" />
				<param name="maxwidth" value="437" />
				<param name="info" value="$VAR[MovieYear]" />
				<param name="visible" value="true" />
			</include>
			<control type="label">
				<height>33</height>
				<width>26</width>
				<align>center</align>
				<aligny>center</aligny>
				<font>PanelTitleFont</font>
				<textcolor>GreyColor3</textcolor>
				<label>&#x2022;</label>
				<visible>System.AddonIsEnabled(script.skin.helper.service)</visible>
			</control>
			<include content="WrapListInfoGrouplistContent">
				<param name="label" value="$LOCALIZE[2050]:" />
				<param name="maxwidth" value="110" />
				<param name="info" value="$VAR[SkinHelperDurationVar]" />
				<param name="visible" value="System.AddonIsEnabled(script.skin.helper.service)" />
			</include>
		</control>
	</include>
	
	<include name="WrapListInfoTVShowsGrouplists">
		<control type="grouplist">
			<description>Media Info</description>
			<depth>DepthContent+</depth>
			<left>485</left>
			<top>472</top>
			<width>765</width>
			<orientation>horizontal</orientation>
			<usecontrolcoords>true</usecontrolcoords>
			<visible>!String.IsEmpty(ListItem.Title)</visible>
			<include content="WrapListInfoGrouplistContent">
				<param name="label" value="$LOCALIZE[33054]:" />
				<param name="maxwidth" value="150" />
				<param name="info" value="$INFO[ListItem.Property(TotalSeasons)]" />
				<param name="visible" value="true" />
			</include>
			<include>WrapInfoViewDot</include>
			<include content="WrapListInfoGrouplistContent">
				<param name="label" value="$LOCALIZE[20360]:" />
				<param name="maxwidth" value="140" />
				<param name="info" value="$INFO[ListItem.Episode]" />
				<param name="visible" value="true" />
			</include>
			<include>WrapInfoViewDot</include>
			<include content="WrapListInfoGrouplistContent">
				<param name="label" value="$LOCALIZE[345]:" />
				<param name="maxwidth" value="110" />
				<param name="info" value="$INFO[ListItem.Year]" />
				<param name="visible" value="true" />
			</include>
			<control type="label">
				<height>33</height>
				<width>26</width>
				<align>center</align>
				<aligny>center</aligny>
				<font>PanelTitleFont</font>
				<textcolor>GreyColor3</textcolor>
				<label>&#x2022;</label>
				<visible>!Skin.HasSetting(DoNotUseStarRatingTVShows)</visible>
			</control>
			<include content="WrapListInfoGrouplistContent">
				<param name="label" value="$LOCALIZE[563]:" />
				<param name="maxwidth" value="110" />
				<param name="info" value="$VAR[RatingType]" />
				<param name="visible" value="!Skin.HasSetting(DoNotUseStarRatingTVShows)" />
			</include>
			<control type="label">
				<height>33</height>
				<width>26</width>
				<align>center</align>
				<aligny>center</aligny>
				<font>PanelTitleFont</font>
				<textcolor>GreyColor3</textcolor>
				<label>&#x2022;</label>
				<visible>Skin.HasSetting(DisableMediaFlags)</visible>
			</control>
			<include content="WrapListInfoGrouplistContent">
				<param name="label" value="$LOCALIZE[572]:" />
				<param name="maxwidth" value="110" />
				<param name="info" value="$INFO[ListItem.Studio]" />
				<param name="visible" value="Skin.HasSetting(DisableMediaFlags)" />
			</include>
		</control>
	</include>
	
	<include name="WrapListInfoMusicGrouplists">
		<control type="grouplist">
			<description>Media Info</description>
			<depth>DepthContent+</depth>
			<left>485</left>
			<top>472</top>
			<width>765</width>
			<orientation>horizontal</orientation>
			<usecontrolcoords>true</usecontrolcoords>
			<visible>!String.IsEmpty(ListItem.Album)</visible>
			<include content="WrapListInfoGrouplistContent">
				<param name="label" value="$LOCALIZE[557]:" />
				<param name="maxwidth" value="220" />
				<param name="info" value="$INFO[ListItem.Artist]" />
				<param name="visible" value="true" />
			</include>
			<include>WrapInfoViewDot</include>
			<include content="WrapListInfoGrouplistContent">
				<param name="label" value="$LOCALIZE[345]:" />
				<param name="maxwidth" value="170" />
				<param name="info" value="$VAR[MusicYearVar]" />
				<param name="visible" value="true" />
			</include>
			<control type="label">
				<height>33</height>
				<width>26</width>
				<align>center</align>
				<aligny>center</aligny>
				<font>PanelTitleFont</font>
				<textcolor>GreyColor3</textcolor>
				<label>&#x2022;</label>
				<visible>ListItem.IsBoxset</visible>
			</control>
			<include content="WrapListInfoGrouplistContent">
				<param name="label" value="$LOCALIZE[14087]:" />
				<param name="maxwidth" value="110" />
				<param name="info" value="$INFO[ListItem.TotalDiscs]" />
				<param name="visible" value="ListItem.IsBoxset" />
			</include>
			<include>WrapInfoViewDot</include>
			<include content="WrapListInfoGrouplistContent">
				<param name="label" value="$VAR[MusicDurationLabelVar]:" />
				<param name="maxwidth" value="110" />
				<param name="info" value="$VAR[MusicDurationLabelValueVar]" />
				<param name="visible" value="true" />
			</include>
		</control>
	</include>
	
	<include name="WrapListInfoProgramsInfo">
		<control type="grouplist">
			<description>Programs Info</description>
			<depth>DepthContent+</depth>
			<left>485</left>
			<top>472</top>
			<width>765</width>
			<orientation>horizontal</orientation>
			<usecontrolcoords>true</usecontrolcoords>
			<visible>!String.IsEmpty(ListItem.Title)</visible>
			<include content="WrapListInfoGrouplistContent">
				<param name="label" value="$LOCALIZE[32027]:" />
				<param name="maxwidth" value="150" />
				<param name="info" value="$INFO[ListItem.Writer]" />
				<param name="visible" value="true" />
			</include>
			<include>WrapInfoViewDot</include>
			<include content="WrapListInfoGrouplistContent">
				<param name="label" value="$LOCALIZE[32028]:" />
				<param name="maxwidth" value="140" />
				<param name="info" value="$INFO[ListItem.Studio]" />
				<param name="visible" value="true" />
			</include>
			<include>WrapInfoViewDot</include>
			<include content="WrapListInfoGrouplistContent">
				<param name="label" value="$LOCALIZE[345]:" />
				<param name="maxwidth" value="110" />
				<param name="info" value="$INFO[ListItem.Premiered]" />
				<param name="visible" value="true" />
			</include>
		</control>
		
		<control type="group">
			<visible>!String.IsEmpty(ListItem.Title) + !Skin.HasSetting(EnableProgramsWrapListInfoCompactMode)</visible>
			<depth>DepthContent+</depth>

			<control type="textbox">
				<description>Plot</description>
				<left>485</left>
				<top>507</top>
				<width>765</width>
				<height>123</height>
				<font>MediaInfoDescFont</font>
				<textcolor>MediaInfoColor</textcolor>
				<shadowcolor>ShadowColor</shadowcolor>
				<align>justify</align>
				<label fallback="31203">$INFO[ListItem.Plot]</label>
				<wrapmultiline>true</wrapmultiline>
				<autoscroll time="2000" delay="6000" repeat="10000">!Skin.HasSetting(DoNotAutoScrollPlot)</autoscroll>
				<visible>!Container.OnNext + !Container.OnPrevious</visible>
				<include>ControlsOpenCloseAnim</include>
			</control>

			<control type="label">
				<description>Genre</description>
				<left>$PARAM[genre_left]</left>
				<top>530</top>
				<width>$PARAM[genre_width]</width>
				<font>MediaInfoFont2</font>
				<textcolor>WhiteColor</textcolor>
				<shadowcolor>ShadowColor</shadowcolor>
				<align>center</align>
				<label>[UPPERCASE]$INFO[ListItem.Genre][/UPPERCASE]</label>
			</control>
		</control>
	</include>
	
	<include name="WrapListInfoBottomInfo">
		<control type="group">
			<visible>$PARAM[visible]</visible>
			<depth>DepthContent+</depth>

			<control type="textbox">
				<description>Plot</description>
				<left>485</left>
				<top>507</top>
				<width>765</width>
				<height>123</height>
				<font>MediaInfoDescFont</font>
				<textcolor>MediaInfoColor</textcolor>
				<shadowcolor>ShadowColor</shadowcolor>
				<align>justify</align>
				<label fallback="$PARAM[fallback]">$PARAM[plot]</label>
				<wrapmultiline>true</wrapmultiline>
				<autoscroll time="2000" delay="6000" repeat="10000">!Skin.HasSetting(DoNotAutoScrollPlot)</autoscroll>
				<visible>!Container.OnNext + !Container.OnPrevious</visible>
				<include>ControlsOpenCloseAnim</include>
			</control>
			
			<control type="group">
				<left>$PARAM[left]</left>
				<top>$PARAM[top]</top>
				
				<control type="label">
					<description>Genre</description>
					<top>10</top>
					<width>$PARAM[width]</width>
					<font>MediaInfoFont2</font>
					<textcolor>WhiteColor</textcolor>
					<shadowcolor>ShadowColor</shadowcolor>
					<align>center</align>
					<label>[UPPERCASE]$VAR[MovieGenre][/UPPERCASE]</label>
				</control>
				
				<control type="label">
					<description>Rating</description>
					<top>30</top>
					<width>$PARAM[width]</width>
					<font>WrapListRatingFont</font>
					<textcolor>DefaultColor</textcolor>
					<shadowcolor>ShadowColor</shadowcolor>
					<align>center</align>
					<label>[UPPERCASE]$VAR[RatingType][/UPPERCASE]</label>
					<visible>Skin.HasSetting(DoNotUseStarRating$PARAM[content]) + ![String.IsEmpty(ListItem.Rating) + String.IsEmpty(ListItem.UserRating)]</visible>
				</control>
				
				<control type="image">
					<description>Star Rating</description>
					<top>35</top>
					<width>$PARAM[width]</width>
					<height>22</height>
					<texture>$VAR[StarRating]</texture>
					<aspectratio align="center">keep</aspectratio>
					<visible>!Skin.HasSetting(DoNotUseStarRating$PARAM[content]) + ![String.IsEmpty(ListItem.Rating) + String.IsEmpty(ListItem.UserRating)]</visible>
					<include>StarRatingFadeAnim</include>
				</control>
			</control>
		</control>
	</include>
	
	<include name="WrapListInfoContainerSpecs1">
		<left>-38</left>
		<top>244</top>
		<width>1350</width>
		<height>330</height>
		<focusposition>2</focusposition>
	</include>
	
	<include name="WrapListInfoContainerSpecs2">
		<left>-3</left>
		<top>170</top>
		<width>ScreenWidth</width>
		<height>470</height>
		<focusposition>1</focusposition>
	</include>
	
	<include name="WrapListInfoContainerSpecs3">
		<left>-38</left>
		<top>303</top>
		<width>1350</width>
		<height>330</height>
		<focusposition>2</focusposition>
	</include>
	
	<include name="WrapListInfoContainerSpecs4">
		<left>-3</left>
		<top>242</top>
		<width>ScreenWidth</width>
		<height>470</height>
		<focusposition>1</focusposition>
	</include>
	
	<include name="WrapListInfoContainerSpecs5">
		<left>-32</left>
		<top>303</top>
		<width>1350</width>
		<height>330</height>
		<focusposition>1</focusposition>
	</include>
	
	<include name="WrapListInfoItemlayout">
		<control type="image">
			<description>Cover Case</description>
			<width>$PARAM[width]</width>
			<height>$PARAM[height]</height>
			<texture border="7">covers/cover-case-nofocus.png</texture>
			<aspectratio>stretch</aspectratio>
		</control>
		<control type="image">
			<description>Default Cover Background</description>
			<width>$PARAM[width]</width>
			<height>$PARAM[height]</height>
			<texture>dim.png</texture>
			<bordersize>$PARAM[bordersize]</bordersize>
			<aspectratio>stretch</aspectratio>
			<visible>String.IsEmpty(ListItem.Thumb)</visible>
		</control>
		<control type="group">
			<include>MissingVideoFadeAnim</include>
			<control type="image">
				<description>Default Cover</description>
				<width>$PARAM[width]</width>
				<height>$PARAM[height]</height>
				<texture background="true">$INFO[ListItem.ActualIcon]</texture>
				<bordersize>$PARAM[actualicon_bordersize]</bordersize>
				<aspectratio>keep</aspectratio>
				<visible>String.IsEmpty(ListItem.Thumb)</visible>
				<animation effect="fade" end="30" condition="true">Conditional</animation>
			</control>
			<control type="image">
				<description>Cover</description>
				<width>$PARAM[width]</width>
				<height>$PARAM[height]</height>
				<texture background="true">$PARAM[image]</texture>
				<bordersize>$PARAM[bordersize]</bordersize>
				<aspectratio>stretch</aspectratio>
			</control>
			<control type="image">
				<description>Reflection</description>
				<left>4</left>
				<top>$PARAM[reflection_top]</top>
				<width>$PARAM[reflection_width]</width>
				<height>$PARAM[height]</height>
				<texture flipy="true" diffuse="views/reflection.png" background="true">$PARAM[image]</texture>
				<bordertexture flipy="true" diffuse="views/reflection.png" border="4">covers/cover-case2.png</bordertexture>
				<bordersize>$PARAM[reflection_bordersize]</bordersize>
				<aspectratio>stretch</aspectratio>
				<animation effect="fade" end="70" condition="true">Conditional</animation>
			</control>
		</control>
		<control type="group">
			<visible>!String.IsEmpty(ListItem.AddonBroken)</visible>
			<control type="image">
				<width>$PARAM[width]</width>
				<height>$PARAM[height]</height>
				<texture colordiffuse="AAFFFFFF">black.png</texture>
				<bordersize>$PARAM[bordersize]</bordersize>
			</control>
			<control type="textbox">
				<top>$PARAM[actualicon_bordersize]</top>
				<left>$PARAM[actualicon_bordersize]</left>
				<width>$PARAM[textbox_size]</width>
				<height>$PARAM[textbox_size]</height>
				<align>center</align>
				<aligny>center</aligny>
				<label>$LOCALIZE[24096]</label>
				<font>FullMediaInfoTaglineFont</font>
				<textcolor>MediaInfoItemColor2</textcolor>
				<shadowcolor>ShadowColor</shadowcolor>
			</control>
		</control>
	</include>
	
	<include name="WrapListInfoFocusedlayout">
		<control type="image">
			<description>Cover Case</description>
			<width>$PARAM[width]</width>
			<height>$PARAM[height]</height>
			<texture border="7">covers/cover-case-focus.png</texture>
			<aspectratio>stretch</aspectratio>
		</control>
		<control type="image">
			<description>Default Cover Background</description>
			<width>$PARAM[width]</width>
			<height>$PARAM[height]</height>
			<texture>dim.png</texture>
			<bordersize>$PARAM[bordersize]</bordersize>
			<aspectratio>stretch</aspectratio>
			<visible>String.IsEmpty(ListItem.Thumb)</visible>
		</control>
		<control type="group">
			<include>MissingVideoFadeAnim</include>
			<control type="image">
				<description>Default Cover</description>
				<width>$PARAM[width]</width>
				<height>$PARAM[height]</height>
				<texture background="true">$INFO[ListItem.ActualIcon]</texture>
				<bordersize>$PARAM[actualicon_bordersize]</bordersize>
				<aspectratio>keep</aspectratio>
				<visible>String.IsEmpty(ListItem.Thumb)</visible>
			</control>
			<control type="image">
				<description>Cover</description>
				<width>$PARAM[width]</width>
				<height>$PARAM[height]</height>
				<texture background="true">$PARAM[image]</texture>
				<bordersize>$PARAM[bordersize]</bordersize>
				<aspectratio>stretch</aspectratio>
			</control>
			<control type="image">
				<description>Reflection</description>
				<left>4</left>
				<top>$PARAM[reflection_top]</top>
				<width>$PARAM[reflection_width]</width>
				<height>$PARAM[height]</height>
				<texture flipy="true" diffuse="views/reflection.png" background="true">$PARAM[image]</texture>
				<bordertexture flipy="true" diffuse="views/reflection.png" border="4">covers/cover-case2.png</bordertexture>
				<bordersize>$PARAM[reflection_bordersize]</bordersize>
				<aspectratio>stretch</aspectratio>
				<animation effect="fade" end="70" condition="true">Conditional</animation>
			</control>
		</control>
		<control type="group">
			<visible>!String.IsEmpty(ListItem.AddonBroken)</visible>
			<control type="image">
				<width>$PARAM[width]</width>
				<height>$PARAM[height]</height>
				<texture colordiffuse="AAFFFFFF">black.png</texture>
				<bordersize>$PARAM[bordersize]</bordersize>
			</control>
			<control type="textbox">
				<top>$PARAM[actualicon_bordersize]</top>
				<left>$PARAM[actualicon_bordersize]</left>
				<width>$PARAM[textbox_size]</width>
				<height>$PARAM[textbox_size]</height>
				<align>center</align>
				<aligny>center</aligny>
				<label>$LOCALIZE[24096]</label>
				<font>FullMediaInfoTaglineFont</font>
				<textcolor>MediaInfoItemColor2</textcolor>
				<shadowcolor>ShadowColor</shadowcolor>
			</control>
		</control>
	</include>
	
	<include name="WrapListInfoMoviesOverlays">
		<control type="group">
			<visible>[Container.Content(Movies) | Container.Content(Sets)] + !Skin.HasSetting(HideMoviesWrapListInfoOverlay)</visible>
			<top>$PARAM[top]</top>
			<left>$PARAM[left]</left>
			<control type="image">
				<description>Overlay</description>
				<width>$PARAM[size]</width>
				<height>$PARAM[size]</height>
				<texture background="true">$INFO[ListItem.Overlay]</texture>
				<aspectratio>keep</aspectratio>
			</control>
			<control type="image">
				<description>Watched Partial</description>
				<width>$PARAM[size]</width>
				<height>$PARAM[size]</height>
				<texture background="true">$VAR[WatchedPartial]</texture>
				<aspectratio>keep</aspectratio>
				<visible>ListItem.IsResumable + !String.IsEqual(ListItem.Overlay,OverlayWatched.png)</visible>
			</control>
		</control>
	</include>
	
	<include name="WrapListInfoTVShowsOverlays">
		<control type="group">
			<visible>Container.Content(TVShows) + !Skin.HasSetting(HideTVShowsWrapListInfoOverlay)</visible>
			<top>$PARAM[top]</top>
			<left>$PARAM[left]</left>
			<control type="label">
				<description>Unwatched Episodes</description>
				<width>26</width>
				<height>26</height>
				<font>ListFont3</font>
				<textcolor>ListColor</textcolor>
				<align>center</align>
				<aligny>center</aligny>
				<label>$INFO[ListItem.Property(UnWatchedEpisodes)]</label>
				<visible>$EXP[UnwatchedEpisodes99-]</visible>
			</control>
			<control type="label">
				<description>Unwatched Episodes</description>
				<width>26</width>
				<height>26</height>
				<font>ListFont4</font>
				<textcolor>ListColor</textcolor>
				<align>center</align>
				<aligny>center</aligny>
				<label>$INFO[ListItem.Property(UnWatchedEpisodes)]</label>
				<visible>$EXP[UnwatchedEpisodes99+]</visible>
			</control>
			<control type="image">
				<description>Unwatched Overlay</description>
				<width>26</width>
				<height>26</height>
				<texture background="true">OverlayClean.png</texture>
				<aspectratio>keep</aspectratio>
				<visible>$EXP[UnwatchedEpisodesOverlay]</visible>
			</control>
			<control type="image">
				<description>Watched Overlay</description>
				<width>26</width>
				<height>26</height>
				<texture background="true">$INFO[ListItem.Overlay]</texture>
				<aspectratio>keep</aspectratio>
				<visible>String.IsEqual(ListItem.Overlay,OverlayWatched.png)</visible>
			</control>
		</control>
	</include>
	
	<include name="WrapListInfoPosterStyleLayout">
		<itemlayout width="150">
			<include content="WrapListInfoItemlayout">
				<param name="width" value="155" />
				<param name="height" value="214" />
				<param name="image" value="$VAR[PosterThumb]" />
				<param name="bordersize" value="9" />
				<param name="actualicon_bordersize" value="12" />
				<param name="reflection_top" value="211" />
				<param name="reflection_width" value="147" />
				<param name="reflection_bordersize" value="5" />
			</include>
			<include content="WrapListInfoMoviesOverlays">
				<param name="top" value="170" />
				<param name="left" value="111" />
				<param name="size" value="24" />
			</include>
			<include content="WrapListInfoTVShowsOverlays">
				<param name="top" value="169" />
				<param name="left" value="110" />
			</include>
		</itemlayout>
		<focusedlayout width="150">
			<control type="group">
				<depth>DepthContent+</depth>
				<animation effect="zoom" start="100" end="145" center="78,90" time="300" tween="back" easing="out" reversible="false" delay="150">Focus</animation>
				<animation effect="zoom" start="145" end="100" center="78,90" time="100" reversible="false">UnFocus</animation>
				<include content="WrapListInfoFocusedlayout">
					<param name="width" value="155" />
					<param name="height" value="214" />
					<param name="image" value="$VAR[PosterThumb]" />
					<param name="bordersize" value="10" />
					<param name="actualicon_bordersize" value="12" />
					<param name="reflection_top" value="211" />
					<param name="reflection_width" value="147" />
					<param name="reflection_bordersize" value="6" />
				</include>
				<include content="WrapListInfoMoviesOverlays">
					<param name="top" value="170" />
					<param name="left" value="111" />
					<param name="size" value="24" />
				</include>
				<include content="WrapListInfoTVShowsOverlays">
					<param name="top" value="169" />
					<param name="left" value="110" />
				</include>
			</control>
		</focusedlayout>
	</include>
	
	<include name="WrapListInfoPosterStyleLargeLayout">
		<itemlayout width="214">
			<include content="WrapListInfoItemlayout">
				<param name="width" value="214" />
				<param name="height" value="288" />
				<param name="image" value="$VAR[PosterThumb]" />
				<param name="bordersize" value="12" />
				<param name="actualicon_bordersize" value="20" />
				<param name="reflection_top" value="285" />
				<param name="reflection_width" value="206" />
				<param name="reflection_bordersize" value="8" />
			</include>
			<include content="WrapListInfoMoviesOverlays">
				<param name="top" value="235" />
				<param name="left" value="161" />
				<param name="size" value="26" />
			</include>
			<include content="WrapListInfoTVShowsOverlays">
				<param name="top" value="243" />
				<param name="left" value="169" />
			</include>
		</itemlayout>
		<focusedlayout width="214">
			<control type="group">
				<depth>DepthContent+</depth>
				<animation effect="zoom" start="100" end="130" center="107,132" time="360" tween="back" easing="out" reversible="false" delay="200">Focus</animation>
				<animation effect="zoom" start="130" end="100" center="107,132" time="200" reversible="false">UnFocus</animation>
				<include content="WrapListInfoFocusedlayout">
					<param name="width" value="214" />
					<param name="height" value="288" />
					<param name="image" value="$VAR[PosterThumb]" />
					<param name="bordersize" value="12" />
					<param name="actualicon_bordersize" value="20" />
					<param name="reflection_top" value="285" />
					<param name="reflection_width" value="206" />
					<param name="reflection_bordersize" value="8" />
				</include>
				<include content="WrapListInfoMoviesOverlays">
					<param name="top" value="235" />
					<param name="left" value="161" />
					<param name="size" value="26" />
				</include>
				<include content="WrapListInfoTVShowsOverlays">
					<param name="top" value="243" />
					<param name="left" value="169" />
				</include>
			</control>
		</focusedlayout>
	</include>
	
	<include name="WrapListInfoSquareStyleLayout">
		<itemlayout width="150">
			<include content="WrapListInfoItemlayout">
				<param name="width" value="155" />
				<param name="height" value="155" />
				<param name="image" value="$INFO[ListItem.Thumb]" />
				<param name="bordersize" value="9" />
				<param name="actualicon_bordersize" value="22" />
				<param name="reflection_top" value="152" />
				<param name="reflection_width" value="147" />
				<param name="reflection_bordersize" value="5" />
				<param name="textbox_size" value="111" />
			</include>
		</itemlayout>
		<focusedlayout width="150">
			<control type="group">
				<depth>DepthContent+</depth>
				<animation effect="zoom" start="100" end="145" center="78,90" time="300" tween="back" easing="out" reversible="false" delay="150">Focus</animation>
				<animation effect="zoom" start="145" end="100" center="78,90" time="100" reversible="false">UnFocus</animation>
				<include content="WrapListInfoFocusedlayout">
					<param name="width" value="155" />
					<param name="height" value="155" />
					<param name="image" value="$INFO[ListItem.Thumb]" />
					<param name="bordersize" value="10" />
					<param name="actualicon_bordersize" value="22" />
					<param name="reflection_top" value="152" />
					<param name="reflection_width" value="147" />
					<param name="reflection_bordersize" value="6" />
					<param name="textbox_size" value="111" />
				</include>
			</control>
		</focusedlayout>
	</include>
	
	<include name="WrapListInfoSquareStyleLargeLayout">
		<itemlayout width="214">
			<include content="WrapListInfoItemlayout">
				<param name="width" value="214" />
				<param name="height" value="214" />
				<param name="image" value="$INFO[ListItem.Thumb]" />
				<param name="bordersize" value="12" />
				<param name="actualicon_bordersize" value="30" />
				<param name="reflection_top" value="211" />
				<param name="reflection_width" value="206" />
				<param name="reflection_bordersize" value="8" />
				<param name="textbox_size" value="154" />
			</include>
		</itemlayout>
		<focusedlayout width="214">
			<control type="group">
				<depth>DepthContent+</depth>
				<animation effect="zoom" start="100" end="130" center="107,132" time="360" tween="back" easing="out" reversible="false" delay="200">Focus</animation>
				<animation effect="zoom" start="130" end="100" center="107,132" time="200" reversible="false">UnFocus</animation>
				<include content="WrapListInfoFocusedlayout">
					<param name="width" value="214" />
					<param name="height" value="214" />
					<param name="image" value="$INFO[ListItem.Thumb]" />
					<param name="bordersize" value="12" />
					<param name="actualicon_bordersize" value="30" />
					<param name="reflection_top" value="211" />
					<param name="reflection_width" value="206" />
					<param name="reflection_bordersize" value="8" />
					<param name="textbox_size" value="154" />
				</include>
			</control>
		</focusedlayout>
	</include>
	
	<include name="WrapListInfoWideStyleLayout">
		<itemlayout width="209">
			<include content="WrapListInfoItemlayout">
				<param name="width" value="214" />
				<param name="height" value="155" />
				<param name="image" value="$INFO[ListItem.Thumb]" />
				<param name="bordersize" value="9" />
				<param name="actualicon_bordersize" value="22" />
				<param name="reflection_top" value="152" />
				<param name="reflection_width" value="206" />
				<param name="reflection_bordersize" value="5" />
			</include>
		</itemlayout>
		<focusedlayout width="209">
			<control type="group">
				<depth>DepthContent+</depth>
				<animation effect="zoom" start="100" end="145" center="78,90" time="300" tween="back" easing="out" reversible="false" delay="150">Focus</animation>
				<animation effect="zoom" start="145" end="100" center="78,90" time="100" reversible="false">UnFocus</animation>
				<include content="WrapListInfoFocusedlayout">
					<param name="width" value="214" />
					<param name="height" value="155" />
					<param name="image" value="$INFO[ListItem.Thumb]" />
					<param name="bordersize" value="10" />
					<param name="actualicon_bordersize" value="22" />
					<param name="reflection_top" value="152" />
					<param name="reflection_width" value="206" />
					<param name="reflection_bordersize" value="6" />
				</include>
			</control>
		</focusedlayout>
	</include>
	
	<include name="MoviesWrapListInfoStyle1">
		<include content="WrapListInfoContent">
			<param name="bg_top" value="378" />
			<param name="bg_height" value="347" />
			<param name="bg_glow_top" value="382" />
			<param name="bg_glow_height" value="345" />
			<param name="cover_glow_top" value="382" />
			<param name="cover_glow_left" value="41" />
			<param name="cover_glow_width" value="600" />
			<param name="header_top" value="211" />
			<param name="header_height" value="171" />
			<param name="label" value="$INFO[ListItem.Label]" />
			<param name="separator_top" value="244" />
		</include>
		
		<include content="WrapListInfoCast">
			<param name="id" value="8000" />
			<param name="content" value="$VAR[WrapListInfoCastVar]" />
		</include>

		<include>WrapListInfoMoviesGrouplists</include>
		
		<include content="WrapListInfoBottomInfo">
			<param name="visible" value="!String.IsEmpty(ListItem.Title) + !Skin.HasSetting(EnableMoviesWrapListInfoCompactMode)" />
			<param name="fallback" value="31203" />
			<param name="plot" value="$VAR[MoviePlot]" />
			<param name="top" value="520" />
			<param name="left" value="239" />
			<param name="width" value="204" />
			<param name="content" value="Movies" />
		</include>
	</include>
	
	<include name="MoviesWrapListInfoStyle2">
		<include content="WrapListInfoContent">
			<param name="bg_top" value="345" />
			<param name="bg_height" value="380" />
			<param name="bg_glow_top" value="349" />
			<param name="bg_glow_height" value="415" />
			<param name="cover_glow_top" value="334" />
			<param name="cover_glow_left" value="-52" />
			<param name="cover_glow_width" value="744" />
			<param name="header_top" value="137" />
			<param name="header_height" value="212" />
			<param name="label" value="$INFO[ListItem.Label]" />
			<param name="separator_top" value="170" />
		</include>
		
		<include>WrapListInfoMoviesGrouplists</include>
		
		<include content="WrapListInfoBottomInfo">
			<param name="visible" value="!String.IsEmpty(ListItem.Title) + !Skin.HasSetting(EnableMoviesWrapListInfoCompactMode)" />
			<param name="fallback" value="31203" />
			<param name="plot" value="$VAR[MoviePlot]" />
			<param name="top" value="520" />
			<param name="left" value="188" />
			<param name="width" value="268" />
			<param name="content" value="Movies" />
		</include>
	</include>
	
	<include name="TVShowsWrapListInfoStyle1">
		<include content="WrapListInfoContent">
			<param name="bg_top" value="378" />
			<param name="bg_height" value="347" />
			<param name="bg_glow_top" value="382" />
			<param name="bg_glow_height" value="345" />
			<param name="cover_glow_top" value="382" />
			<param name="cover_glow_left" value="41" />
			<param name="cover_glow_width" value="600" />
			<param name="header_top" value="211" />
			<param name="header_height" value="171" />
			<param name="label" value="$INFO[ListItem.Label]" />
			<param name="separator_top" value="244" />
		</include>
		
		<include content="WrapListInfoCast">
			<param name="id" value="8001" />
			<param name="content" value="plugin://script.embuary.helper?info=getcast&amp;type=tvshow&amp;dbid=$INFO[ListItem.DBID]" />
		</include>
		
		<include>WrapListInfoTVShowsGrouplists</include>
		
		<include content="WrapListInfoBottomInfo">
			<param name="visible" value="!String.IsEmpty(ListItem.Title) + !Skin.HasSetting(EnableMoviesWrapListInfoCompactMode)" />
			<param name="fallback" value="31203" />
			<param name="plot" value="$VAR[MoviePlot]" />
			<param name="top" value="520" />
			<param name="left" value="239" />
			<param name="width" value="204" />
			<param name="content" value="TVShows" />
		</include>
	</include>
	
	<include name="TVShowsWrapListInfoStyle2">
		<include content="WrapListInfoContent">
			<param name="bg_top" value="345" />
			<param name="bg_height" value="380" />
			<param name="bg_glow_top" value="349" />
			<param name="bg_glow_height" value="415" />
			<param name="cover_glow_top" value="334" />
			<param name="cover_glow_left" value="-52" />
			<param name="cover_glow_width" value="744" />
			<param name="header_top" value="137" />
			<param name="header_height" value="212" />
			<param name="label" value="$INFO[ListItem.Label]" />
			<param name="separator_top" value="170" />
		</include>
		
		<include>WrapListInfoTVShowsGrouplists</include>
		
		<include content="WrapListInfoBottomInfo">
			<param name="visible" value="!String.IsEmpty(ListItem.Title) + !Skin.HasSetting(EnableMoviesWrapListInfoCompactMode)" />
			<param name="fallback" value="31203" />
			<param name="plot" value="$VAR[MoviePlot]" />
			<param name="top" value="520" />
			<param name="left" value="188" />
			<param name="width" value="268" />
			<param name="content" value="TVShows" />
		</include>
	</include>
	
	<variable name="WrapListInfoAlbumLabel">
		<value condition="ListItem.IsBoxset + !String.IsEqual(ListItem.Album,ListItem.Title)">$INFO[ListItem.Title]$INFO[ListItem.Album,  (,)]</value>
		<value condition="!String.IsEmpty(ListItem.Album)">$INFO[ListItem.Album]</value>
		<value>$INFO[ListItem.Label]</value>
	</variable>
	
	<include name="MusicWrapListInfoStyle1">
		<include content="WrapListInfoContent">
			<param name="bg_top" value="397" />
			<param name="bg_height" value="347" />
			<param name="bg_glow_top" value="401" />
			<param name="bg_glow_height" value="326" />
			<param name="cover_glow_top" value="401" />
			<param name="cover_glow_left" value="41" />
			<param name="cover_glow_width" value="600" />
			<param name="header_top" value="270" />
			<param name="header_height" value="131" />
			<param name="label" value="$VAR[WrapListInfoAlbumLabel]" />
			<param name="separator_top" value="303" />
		</include>
		
		<include>WrapListInfoMusicGrouplists</include>
		
		<include content="WrapListInfoBottomInfo">
			<param name="visible" value="!String.IsEmpty(ListItem.Album) + !Skin.HasSetting(EnableMusicWrapListInfoCompactMode)" />
			<param name="fallback" value="31204" />
			<param name="plot" value="$INFO[ListItem.Property(Album_Description)]" />
			<param name="top" value="500" />
			<param name="left" value="239" />
			<param name="width" value="204" />
			<param name="content" value="Music" />
		</include>
	</include>
	
	<include name="MusicWrapListInfoStyle2">
		<include content="WrapListInfoContent">
			<param name="bg_top" value="372" />
			<param name="bg_height" value="353" />
			<param name="bg_glow_top" value="376" />
			<param name="bg_glow_height" value="388" />
			<param name="cover_glow_top" value="360" />
			<param name="cover_glow_left" value="-52" />
			<param name="cover_glow_width" value="744" />
			<param name="header_top" value="209" />
			<param name="header_height" value="167" />
			<param name="label" value="$VAR[WrapListInfoAlbumLabel]" />
			<param name="separator_top" value="242" />
		</include>
		
		<include>WrapListInfoMusicGrouplists</include>
		
		<include content="WrapListInfoBottomInfo">
			<param name="visible" value="!String.IsEmpty(ListItem.Album) + !Skin.HasSetting(EnableMusicWrapListInfoCompactMode)" />
			<param name="fallback" value="31204" />
			<param name="plot" value="$INFO[ListItem.Property(Album_Description)]" />
			<param name="top" value="500" />
			<param name="left" value="188" />
			<param name="width" value="268" />
			<param name="content" value="Music" />
		</include>
	</include>
	
	<include name="ProgramsWrapListInfoPosterStyle">
		<include content="WrapListInfoContent">
			<param name="bg_top" value="378" />
			<param name="bg_height" value="347" />
			<param name="bg_glow_top" value="382" />
			<param name="bg_glow_height" value="345" />
			<param name="cover_glow_top" value="382" />
			<param name="cover_glow_left" value="41" />
			<param name="cover_glow_width" value="600" />
			<param name="header_top" value="211" />
			<param name="header_height" value="171" />
			<param name="label" value="$INFO[ListItem.Label]" />
			<param name="separator_top" value="244" />
		</include>

		<include content="WrapListInfoProgramsInfo">
			<param name="genre_left" value="239" />
			<param name="genre_width" value="204" />
		</include>
	</include>

	<include name="ProgramsWrapListInfoPosterStyleLarge">
		<include content="WrapListInfoContent">
			<param name="bg_top" value="345" />
			<param name="bg_height" value="380" />
			<param name="bg_glow_top" value="349" />
			<param name="bg_glow_height" value="415" />
			<param name="cover_glow_top" value="334" />
			<param name="cover_glow_left" value="-52" />
			<param name="cover_glow_width" value="744" />
			<param name="header_top" value="137" />
			<param name="header_height" value="212" />
			<param name="label" value="$INFO[ListItem.Label]" />
			<param name="separator_top" value="170" />
		</include>
		
		<include content="WrapListInfoProgramsInfo">
			<param name="genre_left" value="188" />
			<param name="genre_width" value="268" />
		</include>
	</include>

	<include name="ProgramsWrapListInfoSquareStyle">
		<include content="WrapListInfoContent">
			<param name="bg_top" value="397" />
			<param name="bg_height" value="347" />
			<param name="bg_glow_top" value="401" />
			<param name="bg_glow_height" value="326" />
			<param name="cover_glow_top" value="401" />
			<param name="cover_glow_left" value="41" />
			<param name="cover_glow_width" value="600" />
			<param name="header_top" value="270" />
			<param name="header_height" value="131" />
			<param name="label" value="$INFO[ListItem.Label]" />
			<param name="separator_top" value="303" />
		</include>

		<include content="WrapListInfoProgramsInfo">
			<param name="genre_left" value="239" />
			<param name="genre_width" value="204" />
		</include>
	</include>

	<include name="ProgramsWrapListInfoSquareStyleLarge">
		<include content="WrapListInfoContent">
			<param name="bg_top" value="372" />
			<param name="bg_height" value="353" />
			<param name="bg_glow_top" value="376" />
			<param name="bg_glow_height" value="388" />
			<param name="cover_glow_top" value="360" />
			<param name="cover_glow_left" value="-52" />
			<param name="cover_glow_width" value="744" />
			<param name="header_top" value="209" />
			<param name="header_height" value="167" />
			<param name="label" value="$INFO[ListItem.Label]" />
			<param name="separator_top" value="242" />
		</include>

		<include content="WrapListInfoProgramsInfo">
			<param name="genre_left" value="188" />
			<param name="genre_width" value="268" />
		</include>
	</include>

	<include name="ProgramsWrapListInfoWideStyle">
		<include content="WrapListInfoContent">
			<param name="bg_top" value="397" />
			<param name="bg_height" value="347" />
			<param name="bg_glow_top" value="401" />
			<param name="bg_glow_height" value="326" />
			<param name="cover_glow_top" value="401" />
			<param name="cover_glow_left" value="-111" />
			<param name="cover_glow_width" value="803" />
			<param name="header_top" value="270" />
			<param name="header_height" value="131" />
			<param name="label" value="$INFO[ListItem.Label]" />
			<param name="separator_top" value="303" />
		</include>

		<include content="WrapListInfoProgramsInfo">
			<param name="genre_left" value="161" />
			<param name="genre_width" value="282" />
		</include>
	</include>
	<!-- END INCLUDES -->
</includes>