<?xml version="1.0" encoding="UTF-8"?>
<window type="dialog" id="1118">
	<defaultcontrol always="true">100</defaultcontrol>

	<coordinates>
		<system>1</system>
		<top>88</top>
		<left>440</left>
	</coordinates>
	
	<controls>
		<control type="group">
			<depth>DepthDialog</depth>
			<include>DialogOpenCloseAnim</include>
			
			<include content="DialogWithCloseBtn">
				<param name="width" value="400"/>
				<param name="height" value="594" />
				<param name="left" value="340" />
			</include>

			<control type="label">
				<width>320</width>
				<label>$LOCALIZE[31165]</label>
				<include>DialogTitle</include>
			</control>

			<control type="grouplist" id="100">
				<left>DialogMarginOffsetX</left>
				<top>DialogMarginOffsetY</top>
				<height>479</height>
				<itemgap>2</itemgap>
				<pagecontrol>9001</pagecontrol>
				<onup>100</onup>
				<ondown>100</ondown>
				<onleft>9000</onleft>
				<onright condition="Control.IsVisible(9001)">9001</onright>
				<onright condition="!Control.IsVisible(9001)">9000</onright>
				<control type="button" id="101">
					<description>Library</description>
					<width>330</width>
					<textwidth>310</textwidth>
					<include>ContextMenuBtn</include>
					<label>$LOCALIZE[14022] ($LOCALIZE[571])</label>
					<onclick condition="Skin.String(CategoryActionsDialog,Music)">Skin.SetString(MusicCategoryActionLabel,$LOCALIZE[14022])</onclick>
					<onclick condition="Skin.String(CategoryActionsDialog,Music)">Skin.SetString(MusicCategoryAction,ActivateWindow(Music,Return))</onclick>
					<onclick condition="Skin.String(CategoryActionsDialog,Videos)">Skin.SetString(VideosCategoryActionLabel,$LOCALIZE[14022])</onclick>
					<onclick condition="Skin.String(CategoryActionsDialog,Videos)">Skin.SetString(VideosCategoryAction,ActivateWindow(Videos,Return))</onclick>
					<onclick>Dialog.Close(1118)</onclick>
					<visible>Skin.String(CategoryActionsDialog,Music) | Skin.String(CategoryActionsDialog,Videos)</visible>
				</control>
				<control type="button" id="102">
					<description>Files</description>
					<width>330</width>
					<textwidth>310</textwidth>
					<include>ContextMenuBtn</include>
					<label>$LOCALIZE[744]</label>
					<onclick condition="Skin.String(CategoryActionsDialog,Music)">Skin.SetString(MusicCategoryActionLabel,$LOCALIZE[744])</onclick>
					<onclick condition="Skin.String(CategoryActionsDialog,Music)">Skin.SetString(MusicCategoryAction,ActivateWindow(Music,sources://music/,Return))</onclick>
					<onclick condition="Skin.String(CategoryActionsDialog,Videos)">Skin.SetString(VideosCategoryActionLabel,$LOCALIZE[744])</onclick>
					<onclick condition="Skin.String(CategoryActionsDialog,Videos)">Skin.SetString(VideosCategoryAction,ActivateWindow(Videos,Files,Return))</onclick>
					<onclick>Dialog.Close(1118)</onclick>
					<visible>Skin.String(CategoryActionsDialog,Music) | Skin.String(CategoryActionsDialog,Videos)</visible>
				</control>
				<control type="button" id="103">
					<description>Library Nodes: Files</description>
					<width>330</width>
					<textwidth>310</textwidth>
					<include>ContextMenuBtn</include>
					<label>$LOCALIZE[31164]: $LOCALIZE[744]</label>
					<onclick condition="Skin.String(CategoryActionsDialog,Music)">Skin.SetString(MusicCategoryActionLabel,$LOCALIZE[31164]: $LOCALIZE[744])</onclick>
					<onclick condition="Skin.String(CategoryActionsDialog,Music)">Skin.SetString(MusicCategoryAction,ActivateWindow(Music,library://music/files.xml,Return))</onclick>
					<onclick condition="Skin.String(CategoryActionsDialog,Videos)">Skin.SetString(VideosCategoryActionLabel,$LOCALIZE[31164]: $LOCALIZE[744])</onclick>
					<onclick condition="Skin.String(CategoryActionsDialog,Videos)">Skin.SetString(VideosCategoryAction,ActivateWindow(Videos,library://video/files.xml,Return))</onclick>
					<onclick>Dialog.Close(1118)</onclick>
					<visible>Skin.String(CategoryActionsDialog,Music) | Skin.String(CategoryActionsDialog,Videos)</visible>
				</control>
				<control type="button" id="104">
					<description>Titles</description>
					<width>330</width>
					<textwidth>310</textwidth>
					<include>ContextMenuBtn</include>
					<label>$LOCALIZE[369] ($LOCALIZE[571])</label>
					<onclick condition="Skin.String(CategoryActionsDialog,Movies)">Skin.SetString(MoviesCategoryActionLabel,$LOCALIZE[369])</onclick>
					<onclick condition="Skin.String(CategoryActionsDialog,Movies)">Skin.SetString(MoviesCategoryAction,ActivateWindow(Videos,videodb://movies/titles/,Return))</onclick>
					<onclick condition="Skin.String(CategoryActionsDialog,TVShows)">Skin.SetString(TVShowsCategoryActionLabel,$LOCALIZE[369])</onclick>
					<onclick condition="Skin.String(CategoryActionsDialog,TVShows)">Skin.SetString(TVShowsCategoryAction,ActivateWindow(Videos,videodb://tvshows/titles/,Return))</onclick>
					<onclick>Dialog.Close(1118)</onclick>
					<visible>Skin.String(CategoryActionsDialog,Movies) | Skin.String(CategoryActionsDialog,TVShows)</visible>
				</control>
				<control type="button" id="105">
					<description>Library Nodes: Titles</description>
					<width>330</width>
					<textwidth>310</textwidth>
					<include>ContextMenuBtn</include>
					<label>$LOCALIZE[31164]: $LOCALIZE[369]</label>
					<onclick condition="Skin.String(CategoryActionsDialog,Movies)">Skin.SetString(MoviesCategoryActionLabel,$LOCALIZE[31164]: $LOCALIZE[369])</onclick>
					<onclick condition="Skin.String(CategoryActionsDialog,Movies)">Skin.SetString(MoviesCategoryAction,ActivateWindow(Videos,library://video/movies/titles.xml,Return))</onclick>
					<onclick condition="Skin.String(CategoryActionsDialog,TVShows)">Skin.SetString(TVShowsCategoryActionLabel,$LOCALIZE[31164]: $LOCALIZE[369])</onclick>
					<onclick condition="Skin.String(CategoryActionsDialog,TVShows)">Skin.SetString(TVShowsCategoryAction,ActivateWindow(Videos,library://video/tvshows/titles.xml,Return))</onclick>
					<onclick>Dialog.Close(1118)</onclick>
					<visible>Skin.String(CategoryActionsDialog,Movies) | Skin.String(CategoryActionsDialog,TVShows)</visible>
				</control>
				<control type="button" id="106">
					<description>Genres</description>
					<width>330</width>
					<textwidth>310</textwidth>
					<include>ContextMenuBtn</include>
					<label>$LOCALIZE[135]</label>
					<onclick condition="Skin.String(CategoryActionsDialog,Music)">Skin.SetString(MusicCategoryActionLabel,$LOCALIZE[135])</onclick>
					<onclick condition="Skin.String(CategoryActionsDialog,Music)">Skin.SetString(MusicCategoryAction,ActivateWindow(Music,musicdb://genres/,Return))</onclick>
					<onclick condition="Skin.String(CategoryActionsDialog,Movies)">Skin.SetString(MoviesCategoryActionLabel,$LOCALIZE[135])</onclick>
					<onclick condition="Skin.String(CategoryActionsDialog,Movies)">Skin.SetString(MoviesCategoryAction,ActivateWindow(Videos,videodb://movies/genres/,Return))</onclick>
					<onclick condition="Skin.String(CategoryActionsDialog,TVShows)">Skin.SetString(TVShowsCategoryActionLabel,$LOCALIZE[135])</onclick>
					<onclick condition="Skin.String(CategoryActionsDialog,TVShows)">Skin.SetString(TVShowsCategoryAction,ActivateWindow(Videos,videodb://tvshows/genres/,Return))</onclick>
					<onclick>Dialog.Close(1118)</onclick>
					<visible>Skin.String(CategoryActionsDialog,Music) | Skin.String(CategoryActionsDialog,Movies) | Skin.String(CategoryActionsDialog,TVShows)</visible>
				</control>
				<control type="button" id="107">
					<description>Library Nodes: Genres</description>
					<width>330</width>
					<textwidth>310</textwidth>
					<include>ContextMenuBtn</include>
					<label>$LOCALIZE[31164]: $LOCALIZE[135]</label>
					<onclick condition="Skin.String(CategoryActionsDialog,Music)">Skin.SetString(MusicCategoryActionLabel,$LOCALIZE[31164]: $LOCALIZE[135])</onclick>
					<onclick condition="Skin.String(CategoryActionsDialog,Music)">Skin.SetString(MusicCategoryAction,ActivateWindow(Music,library://music/genres.xml,Return))</onclick>
					<onclick condition="Skin.String(CategoryActionsDialog,Movies)">Skin.SetString(MoviesCategoryActionLabel,$LOCALIZE[31164]: $LOCALIZE[135])</onclick>
					<onclick condition="Skin.String(CategoryActionsDialog,Movies)">Skin.SetString(MoviesCategoryAction,ActivateWindow(Videos,library://video/movies/genres.xml,Return))</onclick>
					<onclick condition="Skin.String(CategoryActionsDialog,TVShows)">Skin.SetString(TVShowsCategoryActionLabel,$LOCALIZE[31164]: $LOCALIZE[135])</onclick>
					<onclick condition="Skin.String(CategoryActionsDialog,TVShows)">Skin.SetString(TVShowsCategoryAction,ActivateWindow(Videos,library://video/tvshows/genres.xml,Return))</onclick>
					<onclick>Dialog.Close(1118)</onclick>
					<visible>Skin.String(CategoryActionsDialog,Music) | Skin.String(CategoryActionsDialog,Movies) | Skin.String(CategoryActionsDialog,TVShows)</visible>
				</control>
				<control type="button" id="108">
					<description>Year</description>
					<width>330</width>
					<textwidth>310</textwidth>
					<include>ContextMenuBtn</include>
					<label>$LOCALIZE[345]</label>
					<onclick condition="Skin.String(CategoryActionsDialog,Music)">Skin.SetString(MusicCategoryActionLabel,$LOCALIZE[345])</onclick>
					<onclick condition="Skin.String(CategoryActionsDialog,Music)">Skin.SetString(MusicCategoryAction,ActivateWindow(Music,musicdb://years/,Return))</onclick>
					<onclick condition="Skin.String(CategoryActionsDialog,Movies)">Skin.SetString(MoviesCategoryActionLabel,$LOCALIZE[345])</onclick>
					<onclick condition="Skin.String(CategoryActionsDialog,Movies)">Skin.SetString(MoviesCategoryAction,ActivateWindow(Videos,videodb://movies/years/,Return))</onclick>
					<onclick condition="Skin.String(CategoryActionsDialog,TVShows)">Skin.SetString(TVShowsCategoryActionLabel,$LOCALIZE[345])</onclick>
					<onclick condition="Skin.String(CategoryActionsDialog,TVShows)">Skin.SetString(TVShowsCategoryAction,ActivateWindow(Videos,videodb://tvshows/years/,Return))</onclick>
					<onclick>Dialog.Close(1118)</onclick>
					<visible>Skin.String(CategoryActionsDialog,Music) | Skin.String(CategoryActionsDialog,Movies) | Skin.String(CategoryActionsDialog,TVShows)</visible>
				</control>
				<control type="button" id="109">
					<description>Library Nodes: Year</description>
					<width>330</width>
					<textwidth>310</textwidth>
					<include>ContextMenuBtn</include>
					<label>$LOCALIZE[31164]: $LOCALIZE[345]</label>
					<onclick condition="Skin.String(CategoryActionsDialog,Music)">Skin.SetString(MusicCategoryActionLabel,$LOCALIZE[31164]: $LOCALIZE[345])</onclick>
					<onclick condition="Skin.String(CategoryActionsDialog,Music)">Skin.SetString(MusicCategoryAction,ActivateWindow(Music,library://music/years.xml,Return))</onclick>
					<onclick condition="Skin.String(CategoryActionsDialog,Movies)">Skin.SetString(MoviesCategoryActionLabel,$LOCALIZE[31164]: $LOCALIZE[345])</onclick>
					<onclick condition="Skin.String(CategoryActionsDialog,Movies)">Skin.SetString(MoviesCategoryAction,ActivateWindow(Videos,library://video/movies/years.xml,Return))</onclick>
					<onclick condition="Skin.String(CategoryActionsDialog,TVShows)">Skin.SetString(TVShowsCategoryActionLabel,$LOCALIZE[31164]: $LOCALIZE[345])</onclick>
					<onclick condition="Skin.String(CategoryActionsDialog,TVShows)">Skin.SetString(TVShowsCategoryAction,ActivateWindow(Videos,library://video/tvshows/years.xml,Return))</onclick>
					<onclick>Dialog.Close(1118)</onclick>
					<visible>Skin.String(CategoryActionsDialog,Music) | Skin.String(CategoryActionsDialog,Movies) | Skin.String(CategoryActionsDialog,TVShows)</visible>
				</control>
				<control type="button" id="110">
					<description>Actors</description>
					<width>330</width>
					<textwidth>310</textwidth>
					<include>ContextMenuBtn</include>
					<label>$LOCALIZE[344]</label>
					<onclick condition="Skin.String(CategoryActionsDialog,Movies)">Skin.SetString(MoviesCategoryActionLabel,$LOCALIZE[344])</onclick>
					<onclick condition="Skin.String(CategoryActionsDialog,Movies)">Skin.SetString(MoviesCategoryAction,ActivateWindow(Videos,videodb://movies/actors/,Return))</onclick>
					<onclick condition="Skin.String(CategoryActionsDialog,TVShows)">Skin.SetString(TVShowsCategoryActionLabel,$LOCALIZE[344])</onclick>
					<onclick condition="Skin.String(CategoryActionsDialog,TVShows)">Skin.SetString(TVShowsCategoryAction,ActivateWindow(Videos,videodb://tvshows/actors/,Return))</onclick>
					<onclick>Dialog.Close(1118)</onclick>
					<visible>Skin.String(CategoryActionsDialog,Movies) | Skin.String(CategoryActionsDialog,TVShows)</visible>
				</control>
				<control type="button" id="111">
					<description>Library Nodes: Actors</description>
					<width>330</width>
					<textwidth>310</textwidth>
					<include>ContextMenuBtn</include>
					<label>$LOCALIZE[31164]: $LOCALIZE[344]</label>
					<onclick condition="Skin.String(CategoryActionsDialog,Movies)">Skin.SetString(MoviesCategoryActionLabel,$LOCALIZE[31164]: $LOCALIZE[344])</onclick>
					<onclick condition="Skin.String(CategoryActionsDialog,Movies)">Skin.SetString(MoviesCategoryAction,ActivateWindow(Videos,library://video/movies/actors.xml,Return))</onclick>
					<onclick condition="Skin.String(CategoryActionsDialog,TVShows)">Skin.SetString(TVShowsCategoryActionLabel,$LOCALIZE[31164]: $LOCALIZE[344])</onclick>
					<onclick condition="Skin.String(CategoryActionsDialog,TVShows)">Skin.SetString(TVShowsCategoryAction,ActivateWindow(Videos,library://video/tvshows/actors.xml,Return))</onclick>
					<onclick>Dialog.Close(1118)</onclick>
					<visible>Skin.String(CategoryActionsDialog,Movies) | Skin.String(CategoryActionsDialog,TVShows)</visible>
				</control>
				<control type="button" id="112">
					<description>Directors</description>
					<width>330</width>
					<textwidth>310</textwidth>
					<include>ContextMenuBtn</include>
					<label>$LOCALIZE[20348]</label>
					<onclick>Skin.SetString(MoviesCategoryActionLabel,$LOCALIZE[20348])</onclick>
					<onclick>Skin.SetString(MoviesCategoryAction,ActivateWindow(Videos,videodb://movies/directors/,Return))</onclick>
					<onclick>Dialog.Close(1118)</onclick>
					<visible>Skin.String(CategoryActionsDialog,Movies)</visible>
				</control>
				<control type="button" id="113">
					<description>Library Nodes: Directors</description>
					<width>330</width>
					<textwidth>310</textwidth>
					<include>ContextMenuBtn</include>
					<label>$LOCALIZE[31164]: $LOCALIZE[20348]</label>
					<onclick>Skin.SetString(MoviesCategoryActionLabel,$LOCALIZE[31164]: $LOCALIZE[20348])</onclick>
					<onclick>Skin.SetString(MoviesCategoryAction,ActivateWindow(Videos,library://video/movies/directors.xml,Return))</onclick>
					<onclick>Dialog.Close(1118)</onclick>
					<visible>Skin.String(CategoryActionsDialog,Movies)</visible>
				</control>
				<control type="button" id="114">
					<description>Studios</description>
					<width>330</width>
					<textwidth>310</textwidth>
					<include>ContextMenuBtn</include>
					<label>$LOCALIZE[20388]</label>
					<onclick condition="Skin.String(CategoryActionsDialog,Movies)">Skin.SetString(MoviesCategoryActionLabel,$LOCALIZE[20388])</onclick>
					<onclick condition="Skin.String(CategoryActionsDialog,Movies)">Skin.SetString(MoviesCategoryAction,ActivateWindow(Videos,videodb://movies/studios/,Return))</onclick>
					<onclick condition="Skin.String(CategoryActionsDialog,TVShows)">Skin.SetString(TVShowsCategoryActionLabel,$LOCALIZE[20388])</onclick>
					<onclick condition="Skin.String(CategoryActionsDialog,TVShows)">Skin.SetString(TVShowsCategoryAction,ActivateWindow(Videos,videodb://tvshows/studios/,Return))</onclick>
					<onclick>Dialog.Close(1118)</onclick>
					<visible>Skin.String(CategoryActionsDialog,Movies) | Skin.String(CategoryActionsDialog,TVShows)</visible>
				</control>
				<control type="button" id="115">
					<description>Library Nodes: Studios</description>
					<width>330</width>
					<textwidth>310</textwidth>
					<include>ContextMenuBtn</include>
					<label>$LOCALIZE[31164]: $LOCALIZE[20388]</label>
					<onclick condition="Skin.String(CategoryActionsDialog,Movies)">Skin.SetString(MoviesCategoryActionLabel,$LOCALIZE[31164]: $LOCALIZE[20388])</onclick>
					<onclick condition="Skin.String(CategoryActionsDialog,Movies)">Skin.SetString(MoviesCategoryAction,ActivateWindow(Videos,library://video/movies/studios.xml,Return))</onclick>
					<onclick condition="Skin.String(CategoryActionsDialog,TVShows)">Skin.SetString(TVShowsCategoryActionLabel,$LOCALIZE[31164]: $LOCALIZE[20388])</onclick>
					<onclick condition="Skin.String(CategoryActionsDialog,TVShows)">Skin.SetString(TVShowsCategoryAction,ActivateWindow(Videos,library://video/tvshows/studios.xml,Return))</onclick>
					<onclick>Dialog.Close(1118)</onclick>
					<visible>Skin.String(CategoryActionsDialog,Movies) | Skin.String(CategoryActionsDialog,TVShows)</visible>
				</control>
				<control type="button" id="116">
					<description>Countries</description>
					<width>330</width>
					<textwidth>310</textwidth>
					<include>ContextMenuBtn</include>
					<label>$LOCALIZE[20451]</label>
					<onclick>Skin.SetString(MoviesCategoryActionLabel,$LOCALIZE[20451])</onclick>
					<onclick>Skin.SetString(MoviesCategoryAction,ActivateWindow(Videos,videodb://movies/countries/,Return))</onclick>
					<onclick>Dialog.Close(1118)</onclick>
					<visible>Skin.String(CategoryActionsDialog,Movies)</visible>
				</control>
				<control type="button" id="117">
					<description>Library Nodes: Countries</description>
					<width>330</width>
					<textwidth>310</textwidth>
					<include>ContextMenuBtn</include>
					<label>$LOCALIZE[31164]: $LOCALIZE[20451]</label>
					<onclick>Skin.SetString(MoviesCategoryActionLabel,$LOCALIZE[31164]: $LOCALIZE[20451])</onclick>
					<onclick>Skin.SetString(MoviesCategoryAction,ActivateWindow(Videos,library://video/movies/country.xml,Return))</onclick>
					<onclick>Dialog.Close(1118)</onclick>
					<visible>Skin.String(CategoryActionsDialog,Movies)</visible>
				</control>
				<control type="button" id="118">
					<description>Top 250</description>
					<width>330</width>
					<textwidth>310</textwidth>
					<include>ContextMenuBtn</include>
					<label>$LOCALIZE[13409]</label>
					<onclick>Skin.SetString(MoviesCategoryActionLabel,$LOCALIZE[13409])</onclick>
					<onclick>Skin.SetString(MoviesCategoryAction,ActivateWindow(Videos,special://skin/extras/playlists/Top250Movies.xsp,Return))</onclick>
					<onclick>Dialog.Close(1118)</onclick>
					<visible>Skin.String(CategoryActionsDialog,Movies)</visible>
				</control>
				<control type="button" id="119">
					<description>Sets</description>
					<width>330</width>
					<textwidth>310</textwidth>
					<include>ContextMenuBtn</include>
					<label>$LOCALIZE[20434]</label>
					<onclick>Skin.SetString(MoviesCategoryActionLabel,$LOCALIZE[20434])</onclick>
					<onclick>Skin.SetString(MoviesCategoryAction,ActivateWindow(Videos,videodb://movies/sets/,Return))</onclick>
					<onclick>Dialog.Close(1118)</onclick>
					<visible>Skin.String(CategoryActionsDialog,Movies)</visible>
				</control>
				<control type="button" id="120">
					<description>Library Nodes: Sets</description>
					<width>330</width>
					<textwidth>310</textwidth>
					<include>ContextMenuBtn</include>
					<label>$LOCALIZE[31164]: $LOCALIZE[20434]</label>
					<onclick>Skin.SetString(MoviesCategoryActionLabel,$LOCALIZE[31164]: $LOCALIZE[20434])</onclick>
					<onclick>Skin.SetString(MoviesCategoryAction,ActivateWindow(Videos,library://video/movies/sets.xml,Return))</onclick>
					<onclick>Dialog.Close(1118)</onclick>
					<visible>Skin.String(CategoryActionsDialog,Movies)</visible>
				</control>
				<control type="button" id="121">
					<description>Tags</description>
					<width>330</width>
					<textwidth>310</textwidth>
					<include>ContextMenuBtn</include>
					<label>$LOCALIZE[20459]</label>
					<onclick condition="Skin.String(CategoryActionsDialog,Movies)">Skin.SetString(MoviesCategoryActionLabel,$LOCALIZE[20459])</onclick>
					<onclick condition="Skin.String(CategoryActionsDialog,Movies)">Skin.SetString(MoviesCategoryAction,ActivateWindow(Videos,videodb://movies/tags/,Return))</onclick>
					<onclick condition="Skin.String(CategoryActionsDialog,TVShows)">Skin.SetString(TVShowsCategoryActionLabel,$LOCALIZE[20459])</onclick>
					<onclick condition="Skin.String(CategoryActionsDialog,TVShows)">Skin.SetString(TVShowsCategoryAction,ActivateWindow(Videos,videodb://tvshows/tags/,Return))</onclick>
					<onclick>Dialog.Close(1118)</onclick>
					<visible>Skin.String(CategoryActionsDialog,Movies) | Skin.String(CategoryActionsDialog,TVShows)</visible>
				</control>
				<control type="button" id="122">
					<description>Library Nodes: Tags</description>
					<width>330</width>
					<textwidth>310</textwidth>
					<include>ContextMenuBtn</include>
					<label>$LOCALIZE[31164]: $LOCALIZE[20459]</label>
					<onclick condition="Skin.String(CategoryActionsDialog,Movies)">Skin.SetString(MoviesCategoryActionLabel,$LOCALIZE[31164]: $LOCALIZE[20459])</onclick>
					<onclick condition="Skin.String(CategoryActionsDialog,Movies)">Skin.SetString(MoviesCategoryAction,ActivateWindow(Videos,library://video/movies/tags.xml,Return))</onclick>
					<onclick condition="Skin.String(CategoryActionsDialog,TVShows)">Skin.SetString(TVShowsCategoryActionLabel,$LOCALIZE[31164]: $LOCALIZE[20459])</onclick>
					<onclick condition="Skin.String(CategoryActionsDialog,TVShows)">Skin.SetString(TVShowsCategoryAction,ActivateWindow(Videos,library://video/tvshows/tags.xml,Return))</onclick>
					<onclick>Dialog.Close(1118)</onclick>
					<visible>Skin.String(CategoryActionsDialog,Movies) | Skin.String(CategoryActionsDialog,TVShows)</visible>
				</control>
				<control type="button" id="123">
					<description>Recently Added Movies</description>
					<width>330</width>
					<textwidth>310</textwidth>
					<include>ContextMenuBtn</include>
					<label>$LOCALIZE[20386]</label>
					<onclick>Skin.SetString(MoviesCategoryActionLabel,$LOCALIZE[20386])</onclick>
					<onclick>Skin.SetString(MoviesCategoryAction,ActivateWindow(Videos,videodb://recentlyaddedmovies/,Return))</onclick>
					<onclick>Dialog.Close(1118)</onclick>
					<visible>Skin.String(CategoryActionsDialog,Movies)</visible>
				</control>
				<control type="button" id="124">
					<description>Library Nodes: Recently Added Movies</description>
					<width>330</width>
					<textwidth>310</textwidth>
					<include>ContextMenuBtn</include>
					<label>$LOCALIZE[31164]: $LOCALIZE[20386]</label>
					<onclick>Skin.SetString(MoviesCategoryActionLabel,$LOCALIZE[31164]: $LOCALIZE[20386])</onclick>
					<onclick>Skin.SetString(MoviesCategoryAction,ActivateWindow(Videos,library://video/recentlyaddedmovies.xml,Return))</onclick>
					<onclick>Dialog.Close(1118)</onclick>
					<visible>Skin.String(CategoryActionsDialog,Movies)</visible>
				</control>
				<control type="button" id="125">
					<description>In Progress Movies</description>
					<width>330</width>
					<textwidth>310</textwidth>
					<include>ContextMenuBtn</include>
					<label>$LOCALIZE[575]</label>
					<onclick>Skin.SetString(MoviesCategoryActionLabel,$LOCALIZE[575])</onclick>
					<onclick>Skin.SetString(MoviesCategoryAction,ActivateWindow(Videos,special://skin/extras/playlists/InProgressMovies.xsp,Return))</onclick>
					<onclick>Dialog.Close(1118)</onclick>
					<visible>Skin.String(CategoryActionsDialog,Movies)</visible>
				</control>
				<control type="button" id="126">
					<description>Unwatched Movies</description>
					<width>330</width>
					<textwidth>310</textwidth>
					<include>ContextMenuBtn</include>
					<label>$LOCALIZE[16101]</label>
					<onclick>Skin.SetString(MoviesCategoryActionLabel,$LOCALIZE[16101])</onclick>
					<onclick>Skin.SetString(MoviesCategoryAction,ActivateWindow(Videos,special://skin/extras/playlists/UnwatchedMovies.xsp,Return))</onclick>
					<onclick>Dialog.Close(1118)</onclick>
					<visible>Skin.String(CategoryActionsDialog,Movies)</visible>
				</control>
				<control type="button" id="127">
					<description>Recently Added Episodes</description>
					<width>330</width>
					<textwidth>310</textwidth>
					<include>ContextMenuBtn</include>
					<label>$LOCALIZE[20387]</label>
					<onclick>Skin.SetString(TVShowsCategoryActionLabel,$LOCALIZE[20387])</onclick>
					<onclick>Skin.SetString(TVShowsCategoryAction,ActivateWindow(Videos,videodb://recentlyaddedepisodes/,Return))</onclick>
					<onclick>Dialog.Close(1118)</onclick>
					<visible>Skin.String(CategoryActionsDialog,TVShows)</visible>
				</control>
				<control type="button" id="128">
					<description>Library Nodes: Recently Added Episodes</description>
					<width>330</width>
					<textwidth>310</textwidth>
					<include>ContextMenuBtn</include>
					<label>$LOCALIZE[31164]: $LOCALIZE[20387]</label>
					<onclick>Skin.SetString(TVShowsCategoryActionLabel,$LOCALIZE[31164]: $LOCALIZE[20387])</onclick>
					<onclick>Skin.SetString(TVShowsCategoryAction,ActivateWindow(Videos,library://video/recentlyaddedepisodes.xml,Return))</onclick>
					<onclick>Dialog.Close(1118)</onclick>
					<visible>Skin.String(CategoryActionsDialog,TVShows)</visible>
				</control>
				<control type="button" id="129">
					<description>In Progress TV Shows</description>
					<width>330</width>
					<textwidth>310</textwidth>
					<include>ContextMenuBtn</include>
					<label>$LOCALIZE[626]</label>
					<onclick>Skin.SetString(TVShowsCategoryActionLabel,$LOCALIZE[626])</onclick>
					<onclick>Skin.SetString(TVShowsCategoryAction,ActivateWindow(Videos,videodb://inprogresstvshows/,Return))</onclick>
					<onclick>Dialog.Close(1118)</onclick>
					<visible>Skin.String(CategoryActionsDialog,TVShows)</visible>
				</control>
				<control type="button" id="130">
					<description>Library Nodes: In Progress TV Shows</description>
					<width>330</width>
					<textwidth>310</textwidth>
					<include>ContextMenuBtn</include>
					<label>$LOCALIZE[31164]: $LOCALIZE[626]</label>
					<onclick>Skin.SetString(TVShowsCategoryActionLabel,$LOCALIZE[31164]: $LOCALIZE[626])</onclick>
					<onclick>Skin.SetString(TVShowsCategoryAction,ActivateWindow(Videos,library://video/inprogressshows.xml,Return))</onclick>
					<onclick>Dialog.Close(1118)</onclick>
					<visible>Skin.String(CategoryActionsDialog,TVShows)</visible>
				</control>
				<control type="button" id="131">
					<description>Artists</description>
					<width>330</width>
					<textwidth>310</textwidth>
					<include>ContextMenuBtn</include>
					<label>$LOCALIZE[133]</label>
					<onclick>Skin.SetString(MusicCategoryActionLabel,$LOCALIZE[133])</onclick>
					<onclick>Skin.SetString(MusicCategoryAction,ActivateWindow(Music,musicdb://artists/,Return))</onclick>
					<onclick>Dialog.Close(1118)</onclick>
					<visible>Skin.String(CategoryActionsDialog,Music)</visible>
				</control>
				<control type="button" id="132">
					<description>Library Nodes: Artists</description>
					<width>330</width>
					<textwidth>310</textwidth>
					<include>ContextMenuBtn</include>
					<label>$LOCALIZE[31164]: $LOCALIZE[133]</label>
					<onclick>Skin.SetString(MusicCategoryActionLabel,$LOCALIZE[31164]: $LOCALIZE[133])</onclick>
					<onclick>Skin.SetString(MusicCategoryAction,ActivateWindow(Music,library://music/artists.xml,Return))</onclick>
					<onclick>Dialog.Close(1118)</onclick>
					<visible>Skin.String(CategoryActionsDialog,Music)</visible>
				</control>
				<control type="button" id="133">
					<description>Albums</description>
					<width>330</width>
					<textwidth>310</textwidth>
					<include>ContextMenuBtn</include>
					<label>$LOCALIZE[132]</label>
					<onclick>Skin.SetString(MusicCategoryActionLabel,$LOCALIZE[132])</onclick>
					<onclick>Skin.SetString(MusicCategoryAction,ActivateWindow(Music,musicdb://albums/,Return))</onclick>
					<onclick>Dialog.Close(1118)</onclick>
					<visible>Skin.String(CategoryActionsDialog,Music)</visible>
				</control>
				<control type="button" id="134">
					<description>Library Nodes: Albums</description>
					<width>330</width>
					<textwidth>310</textwidth>
					<include>ContextMenuBtn</include>
					<label>$LOCALIZE[31164]: $LOCALIZE[132]</label>
					<onclick>Skin.SetString(MusicCategoryActionLabel,$LOCALIZE[31164]: $LOCALIZE[132])</onclick>
					<onclick>Skin.SetString(MusicCategoryAction,ActivateWindow(Music,library://music/albums.xml,Return))</onclick>
					<onclick>Dialog.Close(1118)</onclick>
					<visible>Skin.String(CategoryActionsDialog,Music)</visible>
				</control>
				<control type="button" id="135">
					<description>Songs</description>
					<width>330</width>
					<textwidth>310</textwidth>
					<include>ContextMenuBtn</include>
					<label>$LOCALIZE[134]</label>
					<onclick>Skin.SetString(MusicCategoryActionLabel,$LOCALIZE[134])</onclick>
					<onclick>Skin.SetString(MusicCategoryAction,ActivateWindow(Music,musicdb://songs/,Return))</onclick>
					<onclick>Dialog.Close(1118)</onclick>
					<visible>Skin.String(CategoryActionsDialog,Music)</visible>
				</control>
				<control type="button" id="136">
					<description>Library Nodes: Songs</description>
					<width>330</width>
					<textwidth>310</textwidth>
					<include>ContextMenuBtn</include>
					<label>$LOCALIZE[31164]: $LOCALIZE[134]</label>
					<onclick>Skin.SetString(MusicCategoryActionLabel,$LOCALIZE[31164]: $LOCALIZE[134])</onclick>
					<onclick>Skin.SetString(MusicCategoryAction,ActivateWindow(Music,library://music/songs.xml,Return))</onclick>
					<onclick>Dialog.Close(1118)</onclick>
					<visible>Skin.String(CategoryActionsDialog,Music)</visible>
				</control>
				<control type="button" id="137">
					<description>Singles</description>
					<width>330</width>
					<textwidth>310</textwidth>
					<include>ContextMenuBtn</include>
					<label>$LOCALIZE[1050]</label>
					<onclick>Skin.SetString(MusicCategoryActionLabel,$LOCALIZE[1050])</onclick>
					<onclick>Skin.SetString(MusicCategoryAction,ActivateWindow(Music,musicdb://singles/,Return))</onclick>
					<onclick>Dialog.Close(1118)</onclick>
					<visible>Skin.String(CategoryActionsDialog,Music)</visible>
				</control>
				<control type="button" id="138">
					<description>Library Nodes: Singles</description>
					<width>330</width>
					<textwidth>310</textwidth>
					<include>ContextMenuBtn</include>
					<label>$LOCALIZE[31164]: $LOCALIZE[1050]</label>
					<onclick>Skin.SetString(MusicCategoryActionLabel,$LOCALIZE[31164]: $LOCALIZE[1050])</onclick>
					<onclick>Skin.SetString(MusicCategoryAction,ActivateWindow(Music,library://music/singles.xml,Return))</onclick>
					<onclick>Dialog.Close(1118)</onclick>
					<visible>Skin.String(CategoryActionsDialog,Music)</visible>
				</control>
				<control type="button" id="139">
					<description>Top 100</description>
					<width>330</width>
					<textwidth>310</textwidth>
					<include>ContextMenuBtn</include>
					<label>$LOCALIZE[271]</label>
					<onclick>Skin.SetString(MusicCategoryActionLabel,$LOCALIZE[271])</onclick>
					<onclick>Skin.SetString(MusicCategoryAction,ActivateWindow(Music,musicdb://top100/,Return))</onclick>
					<onclick>Dialog.Close(1118)</onclick>
					<visible>Skin.String(CategoryActionsDialog,Music)</visible>
				</control>
				<control type="button" id="140">
					<description>Top 100 Songs</description>
					<width>330</width>
					<textwidth>310</textwidth>
					<include>ContextMenuBtn</include>
					<label>$LOCALIZE[10504]</label>
					<onclick>Skin.SetString(MusicCategoryActionLabel,$LOCALIZE[10504])</onclick>
					<onclick>Skin.SetString(MusicCategoryAction,ActivateWindow(Music,musicdb://top100/songs/,Return))</onclick>
					<onclick>Dialog.Close(1118)</onclick>
					<visible>Skin.String(CategoryActionsDialog,Music)</visible>
				</control>
				<control type="button" id="141">
					<description>Library Nodes: Top 100 Songs</description>
					<width>330</width>
					<textwidth>310</textwidth>
					<include>ContextMenuBtn</include>
					<label>$LOCALIZE[31164]: $LOCALIZE[10504]</label>
					<onclick>Skin.SetString(MusicCategoryActionLabel,$LOCALIZE[31164]: $LOCALIZE[10504])</onclick>
					<onclick>Skin.SetString(MusicCategoryAction,ActivateWindow(Music,library://music/top100/top100songs.xml,Return))</onclick>
					<onclick>Dialog.Close(1118)</onclick>
					<visible>Skin.String(CategoryActionsDialog,Music)</visible>
				</control>
				<control type="button" id="142">
					<description>Top 100 Albums</description>
					<width>330</width>
					<textwidth>310</textwidth>
					<include>ContextMenuBtn</include>
					<label>$LOCALIZE[10505]</label>
					<onclick>Skin.SetString(MusicCategoryActionLabel,$LOCALIZE[10505])</onclick>
					<onclick>Skin.SetString(MusicCategoryAction,ActivateWindow(Music,musicdb://top100/albums/,Return))</onclick>
					<onclick>Dialog.Close(1118)</onclick>
					<visible>Skin.String(CategoryActionsDialog,Music)</visible>
				</control>
				<control type="button" id="143">
					<description>Library Nodes: Top 100 Albums</description>
					<width>330</width>
					<textwidth>310</textwidth>
					<include>ContextMenuBtn</include>
					<label>$LOCALIZE[31164]: $LOCALIZE[10505]</label>
					<onclick>Skin.SetString(MusicCategoryActionLabel,$LOCALIZE[31164]: $LOCALIZE[10505])</onclick>
					<onclick>Skin.SetString(MusicCategoryAction,ActivateWindow(Music,library://music/top100/top100albums.xml,Return))</onclick>
					<onclick>Dialog.Close(1118)</onclick>
					<visible>Skin.String(CategoryActionsDialog,Music)</visible>
				</control>
				<control type="button" id="144">
					<description>Recently Added Songs</description>
					<width>330</width>
					<textwidth>310</textwidth>
					<include>ContextMenuBtn</include>
					<label>$LOCALIZE[31984]</label>
					<onclick>Skin.SetString(MusicCategoryActionLabel,$LOCALIZE[31984])</onclick>
					<onclick>Skin.SetString(MusicCategoryAction,ActivateWindow(Music,special://skin/extras/playlists/RecentlyAddedSongs.xsp,Return))</onclick>
					<onclick>Dialog.Close(1118)</onclick>
					<visible>Skin.String(CategoryActionsDialog,Music)</visible>
				</control>
				<control type="button" id="145">
					<description>Recently Added Albums</description>
					<width>330</width>
					<textwidth>310</textwidth>
					<include>ContextMenuBtn</include>
					<label>$LOCALIZE[359]</label>
					<onclick>Skin.SetString(MusicCategoryActionLabel,$LOCALIZE[359])</onclick>
					<onclick>Skin.SetString(MusicCategoryAction,ActivateWindow(Music,musicdb://recentlyaddedalbums/,Return))</onclick>
					<onclick>Dialog.Close(1118)</onclick>
					<visible>Skin.String(CategoryActionsDialog,Music)</visible>
				</control>
				<control type="button" id="146">
					<description>Library Nodes: Recently Added Albums</description>
					<width>330</width>
					<textwidth>310</textwidth>
					<include>ContextMenuBtn</include>
					<label>$LOCALIZE[31164]: $LOCALIZE[359]</label>
					<onclick>Skin.SetString(MusicCategoryActionLabel,$LOCALIZE[31164]: $LOCALIZE[359])</onclick>
					<onclick>Skin.SetString(MusicCategoryAction,ActivateWindow(Music,library://music/recentlyaddedalbums.xml,Return))</onclick>
					<onclick>Dialog.Close(1118)</onclick>
					<visible>Skin.String(CategoryActionsDialog,Music)</visible>
				</control>
				<control type="button" id="147">
					<description>Recently Played Albums</description>
					<width>330</width>
					<textwidth>310</textwidth>
					<include>ContextMenuBtn</include>
					<label>$LOCALIZE[517]</label>
					<onclick>Skin.SetString(MusicCategoryActionLabel,$LOCALIZE[517])</onclick>
					<onclick>Skin.SetString(MusicCategoryAction,ActivateWindow(Music,musicdb://recentlyplayedalbums/,Return))</onclick>
					<onclick>Dialog.Close(1118)</onclick>
					<visible>Skin.String(CategoryActionsDialog,Music)</visible>
				</control>
				<control type="button" id="148">
					<description>Library Nodes: Recently Played Albums</description>
					<width>330</width>
					<textwidth>310</textwidth>
					<include>ContextMenuBtn</include>
					<label>$LOCALIZE[31164]: $LOCALIZE[517]</label>
					<onclick>Skin.SetString(MusicCategoryActionLabel,$LOCALIZE[31164]: $LOCALIZE[517])</onclick>
					<onclick>Skin.SetString(MusicCategoryAction,ActivateWindow(Music,library://music/recentlyplayedalbums.xml,Return))</onclick>
					<onclick>Dialog.Close(1118)</onclick>
					<visible>Skin.String(CategoryActionsDialog,Music)</visible>
				</control>
				<control type="button" id="149">
					<description>Playlists</description>
					<width>330</width>
					<textwidth>310</textwidth>
					<include>ContextMenuBtn</include>
					<label>$LOCALIZE[136]</label>
					<onclick condition="Skin.String(CategoryActionsDialog,Music)">Skin.SetString(MusicCategoryActionLabel,$LOCALIZE[136])</onclick>
					<onclick condition="Skin.String(CategoryActionsDialog,Music)">Skin.SetString(MusicCategoryAction,ActivateWindow(Music,Playlists,Return))</onclick>
					<onclick condition="Skin.String(CategoryActionsDialog,Videos)">Skin.SetString(VideosCategoryActionLabel,$LOCALIZE[136])</onclick>
					<onclick condition="Skin.String(CategoryActionsDialog,Videos)">Skin.SetString(VideosCategoryAction,ActivateWindow(Videos,Playlists,Return))</onclick>
					<onclick>Dialog.Close(1118)</onclick>
					<visible>Skin.String(CategoryActionsDialog,Music) | Skin.String(CategoryActionsDialog,Videos)</visible>
				</control>
				<control type="button" id="150">
					<description>Library Nodes: Playlists</description>
					<width>330</width>
					<textwidth>310</textwidth>
					<include>ContextMenuBtn</include>
					<label>$LOCALIZE[31164]: $LOCALIZE[136]</label>
					<onclick condition="Skin.String(CategoryActionsDialog,Music)">Skin.SetString(MusicCategoryActionLabel,$LOCALIZE[31164]: $LOCALIZE[136])</onclick>
					<onclick condition="Skin.String(CategoryActionsDialog,Music)">Skin.SetString(MusicCategoryAction,ActivateWindow(Music,library://music/playlists.xml,Return))</onclick>
					<onclick condition="Skin.String(CategoryActionsDialog,Videos)">Skin.SetString(VideosCategoryActionLabel,$LOCALIZE[31164]: $LOCALIZE[136])</onclick>
					<onclick condition="Skin.String(CategoryActionsDialog,Videos)">Skin.SetString(VideosCategoryAction,ActivateWindow(Videos,library://video/playlists.xml,Return))</onclick>
					<onclick>Dialog.Close(1118)</onclick>
					<visible>Skin.String(CategoryActionsDialog,Music) | Skin.String(CategoryActionsDialog,Videos)</visible>
				</control>
				<control type="button" id="151">
					<description>My Add-ons</description>
					<width>330</width>
					<textwidth>310</textwidth>
					<include>ContextMenuBtn</include>
					<label>$LOCALIZE[24998] ($LOCALIZE[571])</label>
					<onclick>Skin.SetString(AddonsCategoryActionLabel,$LOCALIZE[24998])</onclick>
					<onclick>Skin.SetString(AddonsCategoryAction,ActivateWindow(1116))</onclick>
					<onclick>Dialog.Close(1118)</onclick>
					<visible>Skin.String(CategoryActionsDialog,Addons)</visible>
				</control>
				<control type="button" id="152">
					<description>Add-on Browser</description>
					<width>330</width>
					<textwidth>310</textwidth>
					<include>ContextMenuBtn</include>
					<label>$LOCALIZE[10040]</label>
					<onclick>Skin.SetString(AddonsCategoryActionLabel,$LOCALIZE[10040])</onclick>
					<onclick>Skin.SetString(AddonsCategoryAction,ActivateWindow(AddonBrowser))</onclick>
					<onclick>Dialog.Close(1118)</onclick>
					<visible>Skin.String(CategoryActionsDialog,Addons)</visible>
				</control>
				<control type="button" id="153">
					<description>Video Add-ons</description>
					<width>330</width>
					<textwidth>310</textwidth>
					<include>ContextMenuBtn</include>
					<label>$LOCALIZE[1037]</label>
					<onclick>Skin.SetString(AddonsCategoryActionLabel,$LOCALIZE[1037])</onclick>
					<onclick condition="!System.Platform.Android">Skin.SetString(AddonsCategoryAction,ActivateWindow(Videos,Addons,Return))</onclick>
					<onclick condition="System.Platform.Android">Skin.SetString(AddonsCategoryAction,ActivateWindow(Videos,AndroidApps,Return))</onclick>
					<onclick>Dialog.Close(1118)</onclick>
					<visible>Skin.String(CategoryActionsDialog,Addons)</visible>
				</control>
				<control type="button" id="154">
					<description>Music Add-ons</description>
					<width>330</width>
					<textwidth>310</textwidth>
					<include>ContextMenuBtn</include>
					<label>$LOCALIZE[1038]</label>
					<onclick>Skin.SetString(AddonsCategoryActionLabel,$LOCALIZE[1038])</onclick>
					<onclick condition="!System.Platform.Android">Skin.SetString(AddonsCategoryAction,ActivateWindow(Music,Addons,Return))</onclick>
					<onclick condition="System.Platform.Android">Skin.SetString(AddonsCategoryAction,ActivateWindow(Music,AndroidApps,Return))</onclick>
					<onclick>Dialog.Close(1118)</onclick>
					<visible>Skin.String(CategoryActionsDialog,Addons)</visible>
				</control>
				<control type="button" id="155">
					<description>Picture Add-ons</description>
					<width>330</width>
					<textwidth>310</textwidth>
					<include>ContextMenuBtn</include>
					<label>$LOCALIZE[1039]</label>
					<onclick>Skin.SetString(AddonsCategoryActionLabel,$LOCALIZE[1039])</onclick>
					<onclick condition="!System.Platform.Android">Skin.SetString(AddonsCategoryAction,ActivateWindow(Pictures,Addons,Return))</onclick>
					<onclick condition="System.Platform.Android">Skin.SetString(AddonsCategoryAction,ActivateWindow(Pictures,AndroidApps,Return))</onclick>
					<onclick>Dialog.Close(1118)</onclick>
					<visible>Skin.String(CategoryActionsDialog,Addons)</visible>
				</control>
				<control type="button" id="156">
					<description>Program Add-ons</description>
					<width>330</width>
					<textwidth>310</textwidth>
					<include>ContextMenuBtn</include>
					<label>$LOCALIZE[1043]</label>
					<onclick>Skin.SetString(AddonsCategoryActionLabel,$LOCALIZE[1043])</onclick>
					<onclick condition="!System.Platform.Android">Skin.SetString(AddonsCategoryAction,ActivateWindow(Programs,Addons,Return))</onclick>
					<onclick condition="System.Platform.Android">Skin.SetString(AddonsCategoryAction,ActivateWindow(Programs,AndroidApps,Return))</onclick>
					<onclick>Dialog.Close(1118)</onclick>
					<visible>Skin.String(CategoryActionsDialog,Addons)</visible>
				</control>
				<control type="button" id="157">
					<description>Programs</description>
					<width>330</width>
					<textwidth>310</textwidth>
					<include>ContextMenuBtn</include>
					<label>$LOCALIZE[0]</label>
					<onclick>Skin.SetString(AddonsCategoryActionLabel,$LOCALIZE[0])</onclick>
					<onclick>Skin.SetString(AddonsCategoryAction,ActivateWindow(Programs,Return))</onclick>
					<onclick>Dialog.Close(1118)</onclick>
					<visible>Skin.String(CategoryActionsDialog,Addons)</visible>
				</control>
				<control type="button" id="158">
					<description>Pictures</description>
					<width>330</width>
					<textwidth>310</textwidth>
					<include>ContextMenuBtn</include>
					<label>$LOCALIZE[1] ($LOCALIZE[571])</label>
					<onclick>Skin.SetString(PicturesCategoryActionLabel,$LOCALIZE[1])</onclick>
					<onclick>Skin.SetString(PicturesCategoryAction,ActivateWindow(Pictures,Return))</onclick>
					<onclick>Dialog.Close(1118)</onclick>
					<visible>Skin.String(CategoryActionsDialog,Pictures)</visible>
				</control>
				<control type="button" id="159">
					<description>Root</description>
					<width>330</width>
					<textwidth>310</textwidth>
					<include>ContextMenuBtn</include>
					<label>$LOCALIZE[20108]</label>
					<onclick condition="Skin.String(CategoryActionsDialog,Addons)">Skin.SetString(AddonsCategoryActionLabel,$LOCALIZE[20108])</onclick>
					<onclick condition="Skin.String(CategoryActionsDialog,Addons)">Skin.SetString(AddonsCategoryAction,ActivateWindow(Programs,root))</onclick>
					<onclick condition="Skin.String(CategoryActionsDialog,Pictures)">Skin.SetString(PicturesCategoryActionLabel,$LOCALIZE[20108])</onclick>
					<onclick condition="Skin.String(CategoryActionsDialog,Pictures)">Skin.SetString(PicturesCategoryAction,ActivateWindow(Pictures,root))</onclick>
					<onclick>Dialog.Close(1118)</onclick>
					<visible>Skin.String(CategoryActionsDialog,Addons) | Skin.String(CategoryActionsDialog,Pictures)</visible>
				</control>
				<control type="button" id="160">
					<description>Add-ons</description>
					<width>330</width>
					<textwidth>310</textwidth>
					<include>ContextMenuBtn</include>
					<label>$LOCALIZE[24001]</label>
					<onclick condition="Skin.String(CategoryActionsDialog,Music)">Skin.SetString(MusicCategoryActionLabel,$LOCALIZE[24001])</onclick>
					<onclick condition="Skin.String(CategoryActionsDialog,Music) + !System.Platform.Android">Skin.SetString(MusicCategoryAction,ActivateWindow(Music,Addons,Return))</onclick>
					<onclick condition="Skin.String(CategoryActionsDialog,Music) + System.Platform.Android">Skin.SetString(MusicCategoryAction,ActivateWindow(Music,AndroidApps,Return))</onclick>
					<onclick condition="Skin.String(CategoryActionsDialog,Videos)">Skin.SetString(VideosCategoryActionLabel,$LOCALIZE[24001])</onclick>
					<onclick condition="Skin.String(CategoryActionsDialog,Videos) + !System.Platform.Android">Skin.SetString(VideosCategoryAction,ActivateWindow(Videos,Addons,Return))</onclick>
					<onclick condition="Skin.String(CategoryActionsDialog,Videos) + System.Platform.Android">Skin.SetString(VideosCategoryAction,ActivateWindow(Videos,AndroidApps,Return))</onclick>
					<onclick condition="Skin.String(CategoryActionsDialog,Pictures)">Skin.SetString(PicturesCategoryActionLabel,$LOCALIZE[24001])</onclick>
					<onclick condition="Skin.String(CategoryActionsDialog,Pictures) + !System.Platform.Android">Skin.SetString(PicturesCategoryAction,ActivateWindow(Pictures,Addons,Return))</onclick>
					<onclick condition="Skin.String(CategoryActionsDialog,Pictures) + System.Platform.Android">Skin.SetString(PicturesCategoryAction,ActivateWindow(Pictures,AndroidApps,Return))</onclick>
					<onclick>Dialog.Close(1118)</onclick>
					<visible>Skin.String(CategoryActionsDialog,Music) | Skin.String(CategoryActionsDialog,Videos) | Skin.String(CategoryActionsDialog,Pictures)</visible>
				</control>
				<control type="button" id="161">
					<description>Library Nodes: Add-ons</description>
					<width>330</width>
					<textwidth>310</textwidth>
					<include>ContextMenuBtn</include>
					<label>$LOCALIZE[31164]: $LOCALIZE[24001]</label>
					<onclick condition="Skin.String(CategoryActionsDialog,Music)">Skin.SetString(MusicCategoryActionLabel,$LOCALIZE[31164]: $LOCALIZE[24001])</onclick>
					<onclick condition="Skin.String(CategoryActionsDialog,Music)">Skin.SetString(MusicCategoryAction,ActivateWindow(Music,library://music/addons.xml,Return))</onclick>
					<onclick condition="Skin.String(CategoryActionsDialog,Videos)">Skin.SetString(VideosCategoryActionLabel,$LOCALIZE[31164]: $LOCALIZE[24001])</onclick>
					<onclick condition="Skin.String(CategoryActionsDialog,Videos)">Skin.SetString(VideosCategoryAction,ActivateWindow(Videos,library://video/addons.xml,Return))</onclick>
					<onclick>Dialog.Close(1118)</onclick>
					<visible>Skin.String(CategoryActionsDialog,Music) | Skin.String(CategoryActionsDialog,Videos)</visible>
				</control>
				<control type="button" id="162">
					<description>Channels</description>
					<width>330</width>
					<textwidth>310</textwidth>
					<include>ContextMenuBtn</include>
					<label>$LOCALIZE[14301] ($LOCALIZE[571])</label>
					<onclick condition="Skin.String(CategoryActionsDialog,PVR)">Skin.SetString(PVRCategoryActionLabel,$LOCALIZE[14301])</onclick>
					<onclick condition="Skin.String(CategoryActionsDialog,PVR)">Skin.SetString(PVRCategoryAction,ActivateWindow(TVChannels))</onclick>
					<onclick condition="Skin.String(CategoryActionsDialog,PVRRadio)">Skin.SetString(PVRRadioCategoryActionLabel,$LOCALIZE[14301])</onclick>
					<onclick condition="Skin.String(CategoryActionsDialog,PVRRadio)">Skin.SetString(PVRRadioCategoryAction,ActivateWindow(RadioChannels))</onclick>
					<onclick>Dialog.Close(1118)</onclick>
					<visible>Skin.String(CategoryActionsDialog,PVR) | Skin.String(CategoryActionsDialog,PVRRadio)</visible>
				</control>
				<control type="button" id="163">
					<description>Guide</description>
					<width>330</width>
					<textwidth>310</textwidth>
					<include>ContextMenuBtn</include>
					<label>$LOCALIZE[22020]</label>
					<onclick condition="Skin.String(CategoryActionsDialog,PVR)">Skin.SetString(PVRCategoryActionLabel,$LOCALIZE[22020])</onclick>
					<onclick condition="Skin.String(CategoryActionsDialog,PVR)">Skin.SetString(PVRCategoryAction,ActivateWindow(TVGuide))</onclick>
					<onclick condition="Skin.String(CategoryActionsDialog,PVRRadio)">Skin.SetString(PVRRadioCategoryActionLabel,$LOCALIZE[22020])</onclick>
					<onclick condition="Skin.String(CategoryActionsDialog,PVRRadio)">Skin.SetString(PVRRadioCategoryAction,ActivateWindow(RadioGuide))</onclick>
					<onclick>Dialog.Close(1118)</onclick>
					<visible>Skin.String(CategoryActionsDialog,PVR) | Skin.String(CategoryActionsDialog,PVRRadio)</visible>
				</control>
				<control type="button" id="164">
					<description>Search</description>
					<width>330</width>
					<textwidth>310</textwidth>
					<include>ContextMenuBtn</include>
					<label>$LOCALIZE[137]</label>
					<onclick condition="Skin.String(CategoryActionsDialog,PVR)">Skin.SetString(PVRCategoryActionLabel,$LOCALIZE[137])</onclick>
					<onclick condition="Skin.String(CategoryActionsDialog,PVR)">Skin.SetString(PVRCategoryAction,ActivateWindow(TVSearch))</onclick>
					<onclick condition="Skin.String(CategoryActionsDialog,PVRRadio)">Skin.SetString(PVRRadioCategoryActionLabel,$LOCALIZE[137])</onclick>
					<onclick condition="Skin.String(CategoryActionsDialog,PVRRadio)">Skin.SetString(PVRRadioCategoryAction,ActivateWindow(RadioSearch))</onclick>
					<onclick>Dialog.Close(1118)</onclick>
					<visible>Skin.String(CategoryActionsDialog,PVR) | Skin.String(CategoryActionsDialog,PVRRadio)</visible>
				</control>
				<control type="button" id="165">
					<description>Recordings</description>
					<width>330</width>
					<textwidth>310</textwidth>
					<include>ContextMenuBtn</include>
					<label>$LOCALIZE[19163]</label>
					<onclick condition="Skin.String(CategoryActionsDialog,PVR)">Skin.SetString(PVRCategoryActionLabel,$LOCALIZE[19163])</onclick>
					<onclick condition="Skin.String(CategoryActionsDialog,PVR)">Skin.SetString(PVRCategoryAction,ActivateWindow(TVRecordings))</onclick>
					<onclick condition="Skin.String(CategoryActionsDialog,PVRRadio)">Skin.SetString(PVRRadioCategoryActionLabel,$LOCALIZE[19163])</onclick>
					<onclick condition="Skin.String(CategoryActionsDialog,PVRRadio)">Skin.SetString(PVRRadioCategoryAction,ActivateWindow(RadioRecordings))</onclick>
					<onclick>Dialog.Close(1118)</onclick>
					<visible>Skin.String(CategoryActionsDialog,PVR) | Skin.String(CategoryActionsDialog,PVRRadio)</visible>
				</control>
				<control type="button" id="166">
					<description>Timers</description>
					<width>330</width>
					<textwidth>310</textwidth>
					<include>ContextMenuBtn</include>
					<label>$LOCALIZE[19040]</label>
					<onclick condition="Skin.String(CategoryActionsDialog,PVR)">Skin.SetString(PVRCategoryActionLabel,$LOCALIZE[19040])</onclick>
					<onclick condition="Skin.String(CategoryActionsDialog,PVR)">Skin.SetString(PVRCategoryAction,ActivateWindow(TVTimers))</onclick>
					<onclick condition="Skin.String(CategoryActionsDialog,PVRRadio)">Skin.SetString(PVRRadioCategoryActionLabel,$LOCALIZE[19040])</onclick>
					<onclick condition="Skin.String(CategoryActionsDialog,PVRRadio)">Skin.SetString(PVRRadioCategoryAction,ActivateWindow(RadioTimers))</onclick>
					<onclick>Dialog.Close(1118)</onclick>
					<visible>Skin.String(CategoryActionsDialog,PVR) | Skin.String(CategoryActionsDialog,PVRRadio)</visible>
				</control>
				<control type="button" id="167">
					<description>Timer Rules</description>
					<width>330</width>
					<textwidth>310</textwidth>
					<include>ContextMenuBtn</include>
					<label>$LOCALIZE[19138]</label>
					<onclick condition="Skin.String(CategoryActionsDialog,PVR)">Skin.SetString(PVRCategoryActionLabel,$LOCALIZE[19138])</onclick>
					<onclick condition="Skin.String(CategoryActionsDialog,PVR)">Skin.SetString(PVRCategoryAction,ActivateWindow(TVTimerRules))</onclick>
					<onclick condition="Skin.String(CategoryActionsDialog,PVRRadio)">Skin.SetString(PVRRadioCategoryActionLabel,$LOCALIZE[19138])</onclick>
					<onclick condition="Skin.String(CategoryActionsDialog,PVRRadio)">Skin.SetString(PVRRadioCategoryAction,ActivateWindow(RadioTimerRules))</onclick>
					<onclick>Dialog.Close(1118)</onclick>
					<visible>Skin.String(CategoryActionsDialog,PVR) | Skin.String(CategoryActionsDialog,PVRRadio)</visible>
				</control>
				<control type="button" id="168">
					<description>Weather</description>
					<width>330</width>
					<textwidth>310</textwidth>
					<include>ContextMenuBtn</include>
					<label>$LOCALIZE[8] ($LOCALIZE[571])</label>
					<onclick>Skin.SetString(WeatherCategoryActionLabel,$LOCALIZE[8])</onclick>
					<onclick>Skin.SetString(WeatherCategoryAction,ActivateWindow(Weather,Return))</onclick>
					<onclick>Dialog.Close(1118)</onclick>
					<visible>Skin.String(CategoryActionsDialog,Weather)</visible>
				</control>
				<control type="button" id="169">
					<description>Next Location</description>
					<width>330</width>
					<textwidth>310</textwidth>
					<include>ContextMenuBtn</include>
					<label>$LOCALIZE[31196]</label>
					<onclick>Skin.SetString(WeatherCategoryActionLabel,$LOCALIZE[31196])</onclick>
					<onclick>Skin.SetString(WeatherCategoryAction,Weather.LocationNext)</onclick>
					<onclick>Dialog.Close(1118)</onclick>
					<visible>Skin.String(CategoryActionsDialog,Weather)</visible>
				</control>
				<control type="button" id="170">
					<description>Previous Location</description>
					<width>330</width>
					<textwidth>310</textwidth>
					<include>ContextMenuBtn</include>
					<label>$LOCALIZE[31197]</label>
					<onclick>Skin.SetString(WeatherCategoryActionLabel,$LOCALIZE[31197])</onclick>
					<onclick>Skin.SetString(WeatherCategoryAction,Weather.LocationPrevious)</onclick>
					<onclick>Dialog.Close(1118)</onclick>
					<visible>Skin.String(CategoryActionsDialog,Weather)</visible>
				</control>
				<control type="button" id="171">
					<description>File Manager</description>
					<width>330</width>
					<textwidth>310</textwidth>
					<include>ContextMenuBtn</include>
					<label>$LOCALIZE[10003] ($LOCALIZE[571])</label>
					<onclick>Skin.SetString(GeneralCategoryActionLabel,$LOCALIZE[10003])</onclick>
					<onclick>Skin.SetString(GeneralCategoryAction,ActivateWindow(Filemanager))</onclick>
					<onclick>Dialog.Close(1118)</onclick>
					<visible>Skin.String(CategoryActionsDialog,General)</visible>
				</control>
				<control type="button" id="172">
					<description>Favourites</description>
					<width>330</width>
					<textwidth>310</textwidth>
					<include>ContextMenuBtn</include>
					<label>$LOCALIZE[1036]</label>
					<onclick>Skin.SetString(GeneralCategoryActionLabel,$LOCALIZE[1036])</onclick>
					<onclick>Skin.SetString(GeneralCategoryAction,ActivateWindow(Favourites))</onclick>
					<onclick>Dialog.Close(1118)</onclick>
					<visible>Skin.String(CategoryActionsDialog,General)</visible>
				</control>
				<control type="button" id="173">
					<description>Search</description>
					<width>330</width>
					<textwidth>310</textwidth>
					<include>ContextMenuBtn</include>
					<label>$LOCALIZE[137]</label>
					<onclick>Skin.SetString(GeneralCategoryActionLabel,$LOCALIZE[137])</onclick>
					<onclick>Skin.SetString(GeneralCategoryAction,ActivateWindow(1107))</onclick>
					<onclick>Dialog.Close(1118)</onclick>
					<visible>Skin.String(CategoryActionsDialog,General)</visible>
				</control>
				<control type="button" id="174">
					<description>Interface Settings</description>
					<width>330</width>
					<textwidth>310</textwidth>
					<include>ContextMenuBtn</include>
					<label>$LOCALIZE[14207] ($LOCALIZE[571])</label>
					<onclick>Skin.SetString(SystemCategoryActionLabel,$LOCALIZE[14207])</onclick>
					<onclick>Skin.SetString(SystemCategoryAction,ActivateWindow(InterfaceSettings))</onclick>
					<onclick>Dialog.Close(1118)</onclick>
					<visible>Skin.String(CategoryActionsDialog,System)</visible>
				</control>
				<control type="button" id="175">
					<description>Skin Settings</description>
					<width>330</width>
					<textwidth>310</textwidth>
					<include>ContextMenuBtn</include>
					<label>$LOCALIZE[20077]</label>
					<onclick>Skin.SetString(SystemCategoryActionLabel,$LOCALIZE[20077])</onclick>
					<onclick>Skin.SetString(SystemCategoryAction,ActivateWindow(SkinSettings))</onclick>
					<onclick>Dialog.Close(1118)</onclick>
					<visible>Skin.String(CategoryActionsDialog,System)</visible>
				</control>
				<control type="button" id="176">
					<description>Player Settings</description>
					<width>330</width>
					<textwidth>310</textwidth>
					<include>ContextMenuBtn</include>
					<label>$LOCALIZE[14201]</label>
					<onclick>Skin.SetString(SystemCategoryActionLabel,$LOCALIZE[14201])</onclick>
					<onclick>Skin.SetString(SystemCategoryAction,ActivateWindow(PlayerSettings))</onclick>
					<onclick>Dialog.Close(1118)</onclick>
					<visible>Skin.String(CategoryActionsDialog,System)</visible>
				</control>
				<control type="button" id="177">
					<description>Media Settings</description>
					<width>330</width>
					<textwidth>310</textwidth>
					<include>ContextMenuBtn</include>
					<label>$LOCALIZE[14212]</label>
					<onclick>Skin.SetString(SystemCategoryActionLabel,$LOCALIZE[14212])</onclick>
					<onclick>Skin.SetString(SystemCategoryAction,ActivateWindow(MediaSettings))</onclick>
					<onclick>Dialog.Close(1118)</onclick>
					<visible>Skin.String(CategoryActionsDialog,System)</visible>
				</control>
				<control type="button" id="178">
					<description>PVR Settings</description>
					<width>330</width>
					<textwidth>310</textwidth>
					<include>ContextMenuBtn</include>
					<label>$LOCALIZE[14205]</label>
					<onclick>Skin.SetString(SystemCategoryActionLabel,$LOCALIZE[14205])</onclick>
					<onclick>Skin.SetString(SystemCategoryAction,ActivateWindow(PVRSettings))</onclick>
					<onclick>Dialog.Close(1118)</onclick>
					<visible>Skin.String(CategoryActionsDialog,System)</visible>
				</control>
				<control type="button" id="179">
					<description>Profiles Settings</description>
					<width>330</width>
					<textwidth>310</textwidth>
					<include>ContextMenuBtn</include>
					<label>$LOCALIZE[14210]</label>
					<onclick>Skin.SetString(SystemCategoryActionLabel,$LOCALIZE[14210])</onclick>
					<onclick>Skin.SetString(SystemCategoryAction,ActivateWindow(Profiles))</onclick>
					<onclick>Dialog.Close(1118)</onclick>
					<visible>Skin.String(CategoryActionsDialog,System)</visible>
				</control>
				<control type="button" id="180">
					<description>Services Settings</description>
					<width>330</width>
					<textwidth>310</textwidth>
					<include>ContextMenuBtn</include>
					<label>$LOCALIZE[14208]</label>
					<onclick>Skin.SetString(SystemCategoryActionLabel,$LOCALIZE[14208])</onclick>
					<onclick>Skin.SetString(SystemCategoryAction,ActivateWindow(ServiceSettings))</onclick>
					<onclick>Dialog.Close(1118)</onclick>
					<visible>Skin.String(CategoryActionsDialog,System)</visible>
				</control>
				<control type="button" id="181">
					<description>System Settings</description>
					<width>330</width>
					<textwidth>310</textwidth>
					<include>ContextMenuBtn</include>
					<label>$LOCALIZE[14209]</label>
					<onclick>Skin.SetString(SystemCategoryActionLabel,$LOCALIZE[14209])</onclick>
					<onclick>Skin.SetString(SystemCategoryAction,ActivateWindow(SystemSettings))</onclick>
					<onclick>Dialog.Close(1118)</onclick>
					<visible>Skin.String(CategoryActionsDialog,System)</visible>
				</control>
				<control type="button" id="182">
					<description>System Info</description>
					<width>330</width>
					<textwidth>310</textwidth>
					<include>ContextMenuBtn</include>
					<label>$LOCALIZE[130]</label>
					<onclick condition="Skin.String(CategoryActionsDialog,System)">Skin.SetString(SystemCategoryActionLabel,$LOCALIZE[130])</onclick>
					<onclick condition="Skin.String(CategoryActionsDialog,System)">Skin.SetString(SystemCategoryAction,ActivateWindow(SystemInfo))</onclick>
					<onclick condition="Skin.String(CategoryActionsDialog,General)">Skin.SetString(GeneralCategoryActionLabel,$LOCALIZE[130])</onclick>
					<onclick condition="Skin.String(CategoryActionsDialog,General)">Skin.SetString(GeneralCategoryAction,ActivateWindow(SystemInfo))</onclick>
					<onclick>Dialog.Close(1118)</onclick>
					<visible>Skin.String(CategoryActionsDialog,System) | Skin.String(CategoryActionsDialog,General)</visible>
				</control>
				<control type="button" id="183">
					<description>Event Log</description>
					<width>330</width>
					<textwidth>310</textwidth>
					<include>ContextMenuBtn</include>
					<label>$LOCALIZE[14111]</label>
					<onclick condition="Skin.String(CategoryActionsDialog,System)">Skin.SetString(SystemCategoryActionLabel,$LOCALIZE[14111])</onclick>
					<onclick condition="Skin.String(CategoryActionsDialog,System)">Skin.SetString(SystemCategoryAction,ActivateWindow(EventLog,events://,return))</onclick>
					<onclick condition="Skin.String(CategoryActionsDialog,General)">Skin.SetString(GeneralCategoryActionLabel,$LOCALIZE[14111])</onclick>
					<onclick condition="Skin.String(CategoryActionsDialog,General)">Skin.SetString(GeneralCategoryAction,ActivateWindow(EventLog,events://,return))</onclick>
					<onclick>Dialog.Close(1118)</onclick>
					<visible>Skin.String(CategoryActionsDialog,System) | Skin.String(CategoryActionsDialog,General)</visible>
				</control>
				<control type="button" id="184">
					<description>Shutdown Menu</description>
					<width>330</width>
					<textwidth>310</textwidth>
					<include>ContextMenuBtn</include>
					<label>$LOCALIZE[31504] ($LOCALIZE[571])</label>
					<onclick>Skin.SetString(PowerCategoryActionLabel,$LOCALIZE[31504])</onclick>
					<onclick>Skin.SetString(PowerCategoryAction,ActivateWindow(ShutdownMenu))</onclick>
					<onclick>Dialog.Close(1118)</onclick>
					<visible>Skin.String(CategoryActionsDialog,Power)</visible>
				</control>
				<control type="button" id="185">
					<description>Quit Kodi</description>
					<width>330</width>
					<textwidth>310</textwidth>
					<include>ContextMenuBtn</include>
					<label>$LOCALIZE[31705]</label>
					<onclick>Skin.SetString(PowerCategoryActionLabel,$LOCALIZE[31705])</onclick>
					<onclick>Skin.SetString(PowerCategoryAction,Quit())</onclick>
					<onclick>Dialog.Close(1118)</onclick>
					<visible>Skin.String(CategoryActionsDialog,Power)</visible>
				</control>
				<control type="button" id="186">
					<description>Restart Kodi</description>
					<width>330</width>
					<textwidth>310</textwidth>
					<include>ContextMenuBtn</include>
					<label>$LOCALIZE[31706]</label>
					<onclick>Skin.SetString(PowerCategoryActionLabel,$LOCALIZE[31706])</onclick>
					<onclick>Skin.SetString(PowerCategoryAction,RestartApp())</onclick>
					<onclick>Dialog.Close(1118)</onclick>
					<visible>Skin.String(CategoryActionsDialog,Power)</visible>
				</control>
				<control type="button" id="187">
					<description>Shutdown</description>
					<width>330</width>
					<textwidth>310</textwidth>
					<include>ContextMenuBtn</include>
					<label>$LOCALIZE[13005]</label>
					<onclick>Skin.SetString(PowerCategoryActionLabel,$LOCALIZE[13005])</onclick>
					<onclick>Skin.SetString(PowerCategoryAction,Shutdown())</onclick>
					<onclick>Dialog.Close(1118)</onclick>
					<visible>Skin.String(CategoryActionsDialog,Power)</visible>
				</control>
				<control type="button" id="188">
					<description>Suspend</description>
					<width>330</width>
					<textwidth>310</textwidth>
					<include>ContextMenuBtn</include>
					<label>$LOCALIZE[13011]</label>
					<onclick>Skin.SetString(PowerCategoryActionLabel,$LOCALIZE[13011])</onclick>
					<onclick>Skin.SetString(PowerCategoryAction,Suspend())</onclick>
					<onclick>Dialog.Close(1118)</onclick>
					<visible>Skin.String(CategoryActionsDialog,Power)</visible>
				</control>
				<control type="button" id="189">
					<description>Hibernate</description>
					<width>330</width>
					<textwidth>310</textwidth>
					<include>ContextMenuBtn</include>
					<label>$LOCALIZE[13010]</label>
					<onclick>Skin.SetString(PowerCategoryActionLabel,$LOCALIZE[13010])</onclick>
					<onclick>Skin.SetString(PowerCategoryAction,Hibernate())</onclick>
					<onclick>Dialog.Close(1118)</onclick>
					<visible>Skin.String(CategoryActionsDialog,Power)</visible>
				</control>
				<control type="button" id="190">
					<description>Reboot</description>
					<width>330</width>
					<textwidth>310</textwidth>
					<include>ContextMenuBtn</include>
					<label>$LOCALIZE[13013]</label>
					<onclick>Skin.SetString(PowerCategoryActionLabel,$LOCALIZE[13013])</onclick>
					<onclick>Skin.SetString(PowerCategoryAction,Reset())</onclick>
					<onclick>Dialog.Close(1118)</onclick>
					<visible>Skin.String(CategoryActionsDialog,Power)</visible>
				</control>
			</control>
				
			<control type="spincontrol" id="9001">
				<left>320</left>
				<top>549</top>
				<font />
				<onup>100</onup>
				<onleft>9000</onleft>
				<onright>100</onright>
				<visible>Integer.IsGreater(Container(100).NumItems,13)</visible>
			</control>
			
			<control type="button" id="9000">
				<description>Cancel</description>
				<top>541</top>
				<left>115</left>
				<include>DialogMenuBarBtn</include>
				<label>$LOCALIZE[222]</label>
				<onup>100</onup>
				<onleft>100</onleft>
				<onright condition="Control.IsVisible(9001)">9001</onright>
				<onright condition="!Control.IsVisible(9001)">100</onright>
				<onclick>Dialog.Close(1118)</onclick>
			</control>
		</control>
	</controls>
</window>