<?xml version="1.0" encoding="UTF-8"?>
<window id="1116">
	<defaultcontrol always="true">560</defaultcontrol>
	<menucontrol>850</menucontrol>
	
	<controls>
		<control type="group">
			<depth>DepthBackground</depth>
			<include>BackgroundDefault</include>
			<include condition="[!String.IsEmpty(Skin.String(CustomAddonsBGPath)) + [Skin.String(CustomAddonsBGType,2) | Skin.String(CustomAddonsBGType,3)]]
			+ Skin.HasSetting(ApplyAllAddonsCustomBG)">BackgroundPrograms</include>
			<include>BackgroundAddonsFanart</include>
			<include condition="!Skin.HasSetting(DisableVideoPlayingBG)">BackgroundVideoPlaying</include>
			<include condition="!Skin.HasSetting(DisableMusicPlayingBG)">BackgroundMusicPlaying</include>
			<include>BackgroundOpenCloseAnim</include>
		</control>
		
		<control type="group">
			<visible>!Window.IsActive(AddonInformation)</visible>
			<depth>DepthContent</depth>
			
			<control type="group" id="500">
				<include>MediaViewOpenCloseAnim</include>
				<include>ViewContentPanel</include>
				
				<control type="group">
					<left>434</left>
					<top>110</top>
					
					<control type="image">
						<description>Content Background</description>
						<width>393</width>
						<height>517</height>
						<texture border="4">panels/panel-content-border2.png</texture>
						<include>ListInfoViewContentBackgroundFadeAnim</include>
					</control>
					
					<control type="group">
						<visible>!String.IsEmpty(Container(561).ListItem.Label)</visible>
						<include>MediaViewOpenCloseAnim</include>
						<top>6</top>
						<left>6</left>
						
						<control type="image">
							<description>Title Background</description>
							<width>381</width>
							<height>30</height>
							<texture background="true" border="4">panels/panel3.png</texture>
							<aspectratio>stretch</aspectratio>
							<include>ListInfoViewMediaInfoBackgroundFadeAnim</include>
						</control>
						
						<control type="image">
							<description>Icon Background</description>
							<top>34</top>
							<width>188.5</width>
							<height>188.5</height>
							<texture background="true" border="4">panels/panel3.png</texture>
							<aspectratio>stretch</aspectratio>
							<include>ListInfoViewMediaInfoBackgroundFadeAnim</include>
						</control>
						
						<control type="image">
							<top>34</top>
							<width>188.5</width>
							<height>188.5</height>
							<texture background="true" diffuse="covers/list-info-thumb-diffuse.png">$INFO[Container(560).ListItem.Icon]</texture>
							<aspectratio scalediffuse="false" align="center">keep</aspectratio>
							<bordersize>1</bordersize>
							<fadetime>FanartCrossfadeTime</fadetime>
							<animation effect="slide" end="0,-14" condition="!String.IsEmpty(Container(561).ListItem.AddonType)">Conditional</animation>
						</control>
						
						<control type="group">
							<visible>!String.IsEmpty(Container(561).ListItem.AddonType)</visible>
							<include>MediaViewOpenCloseAnim</include>
							
							<control type="image">
								<description>Title Background</description>
								<top>193</top>
								<left>4</left>
								<width>182</width>
								<height>27</height>
								<texture border="8">views/genre-background.png</texture>
							</control>
										
							<control type="label">
								<description>Type</description>
								<top>195</top>
								<left>10</left>
								<width>170</width>
								<align>center</align>
								<font>MediaInfoFont3</font>
								<textcolor>WhiteColor</textcolor>
								<shadowcolor>ShadowColor</shadowcolor>
								<label>[UPPERCASE]$INFO[Container(561).ListItem.AddonType][/UPPERCASE]</label>
								<scroll>true</scroll>
								<animation effect="fade" end="90" condition="true">Conditional</animation>
							</control>
						</control>
						
						<control type="image">
							<description>Icon Background</description>
							<top>34</top>
							<left>192.5</left>
							<width>188.5</width>
							<height>188.5</height>
							<texture background="true" border="4">panels/panel3.png</texture>
							<aspectratio>stretch</aspectratio>
							<include>ListInfoViewMediaInfoBackgroundFadeAnim</include>
						</control>
						
						<control type="image">
							<top>34</top>
							<left>192.5</left>
							<width>188.5</width>
							<height>188.5</height>
							<texture background="true" diffuse="covers/list-info-thumb-diffuse.png">$INFO[Container(561).ListItem.Icon]</texture>
							<aspectratio scalediffuse="false" align="center">keep</aspectratio>
							<bordersize>1</bordersize>
							<fadetime>FanartCrossfadeTime</fadetime>
						</control>
						
						<control type="image">
							<description>Media Info Background</description>
							<top>226.5</top>
							<width>381</width>
							<height>58</height>
							<texture border="4">panels/panel3.png</texture>
							<include>ListInfoViewMediaInfoBackgroundFadeAnim</include>
						</control>
						
						<control type="image">
							<description>Description Background</description>
							<top>288.5</top>
							<width>381</width>
							<height>216.5</height>
							<texture border="4">panels/panel3.png</texture>
							<include>ListInfoViewMediaInfoBackgroundFadeAnim</include>
						</control>
						
						<control type="group">
							<left>8</left>
							
							<control type="label">
								<width>363</width>
								<height>30</height>
								<align>center</align>
								<aligny>center</aligny>
								<font>MediaInfoFont</font>
								<textcolor>MediaInfoItemColor2</textcolor>
								<shadowcolor>ShadowColor</shadowcolor>
								<label>$INFO[Container(561).ListItem.Label]</label>
							</control>
							
							<control type="grouplist">
								<top>232</top>
								<width>361</width>
								<orientation>horizontal</orientation>
								<control type="label">
									<width min="0" max="100">auto</width>
									<font>MediaInfoFont</font>
									<textcolor>MediaInfoItemColor</textcolor>
									<shadowcolor>ShadowColor</shadowcolor>
									<label>$LOCALIZE[19114]:</label>
								</control>
								<control type="label">
									<width min="0" max="263">auto</width>
									<font>MediaInfoFont</font>
									<textcolor>MediaInfoItemColor2</textcolor>
									<shadowcolor>ShadowColor</shadowcolor>
									<label fallback="31001">$INFO[Container(561).ListItem.AddonVersion]</label>
								</control>
							</control>
							
							<control type="grouplist">
								<top>257</top>
								<width>361</width>
								<orientation>horizontal</orientation>
								<control type="label">
									<width min="0" max="100">auto</width>
									<font>MediaInfoFont</font>
									<textcolor>MediaInfoItemColor</textcolor>
									<shadowcolor>ShadowColor</shadowcolor>
									<label>$LOCALIZE[21863]:</label>
								</control>
								<control type="label">
									<width min="0" max="263">auto</width>
									<font>MediaInfoFont</font>
									<textcolor>MediaInfoItemColor2</textcolor>
									<shadowcolor>ShadowColor</shadowcolor>
									<label fallback="31001">$INFO[Container(561).ListItem.AddonCreator]</label>
								</control>
							</control>
						</control>
						
						<control type="textbox">
							<description>Plot</description>
							<left>8</left>
							<top>291</top>
							<width>365</width>
							<height>210</height>
							<font>MediaInfoDescFont</font>
							<textcolor>MediaInfoColor</textcolor>
							<shadowcolor>ShadowColor</shadowcolor>
							<align>justify</align>
							<label fallback="31203">$INFO[Container(561).ListItem.AddonDescription]</label>
							<wrapmultiline>true</wrapmultiline>
							<autoscroll time="2000" delay="6000" repeat="10000">!Skin.HasSetting(DoNotAutoScrollPlot)</autoscroll>
							<visible>!Container(561).OnNext + !Container(561).OnPrevious</visible>
							<include>ControlsOpenCloseAnim</include>
						</control>
					</control>
				</control>
				
				<control type="list" id="560">
					<viewtype label="31122">list</viewtype>
					<left>34</left>
					<top>110</top>
					<width>393</width>
					<height>518</height>
					<preloaditems>2</preloaditems>
					<scrolltime tween="sine" easing="inout">300</scrolltime>
					<onup>560</onup>
					<ondown>560</ondown>
					<onleft>850</onleft>
					<onright>561</onright>
					<itemlayout height="74">
						<control type="image">
							<width>393</width>
							<height>74</height>
							<texture border="0,0,10,2">views/list-separator.png</texture>
							<aspectratio>stretch</aspectratio>
						</control>
						<control type="image">
							<description>Cover</description>
							<width>73</width>
							<height>73</height>
							<bordertexture border="7">covers/cover-case-nofocus.png</bordertexture>
							<bordersize>5</bordersize>
							<texture background="true">$INFO[ListItem.Icon]</texture>
							<aspectratio>scale</aspectratio>
						</control>
						<control type="image">
							<description>Dim</description>
							<width>73</width>
							<height>73</height>
							<bordersize>5</bordersize>
							<texture background="true">dim.png</texture>
							<aspectratio>stretch</aspectratio>
							<include>CoverDimAnim</include>
						</control>
						<control type="label">
							<description>Label</description>
							<left>80</left>
							<top>12</top>
							<width>300</width>
							<font>ListFont</font>
							<textcolor>ListColor</textcolor>
							<shadowcolor>ShadowColor</shadowcolor>
							<label>$INFO[ListItem.Label]</label>
						</control>
						<control type="label">
							<description>Label2</description>
							<left>80</left>
							<top>39</top>
							<width>300</width>
							<font>ListFont3</font>
							<textcolor>ListColor2</textcolor>
							<shadowcolor>ShadowColor</shadowcolor>
							<label>$INFO[ListItem.Label2]</label>
							<visible>!String.IsEmpty(ListItem.Label2)</visible>
						</control>
					</itemlayout>
					<focusedlayout height="74">
						<control type="image">
							<width>393</width>
							<height>74</height>
							<texture border="0,0,10,2">views/list-separator.png</texture>
							<aspectratio>stretch</aspectratio>
						</control>
						<control type="image">
							<width>393</width>
							<height>73</height>
							<texture border="4">views/list-focus.png</texture>
							<aspectratio>stretch</aspectratio>
							<visible>Control.HasFocus(560)</visible>
							<include>ListViewSelectFadeAnim</include>
							<animation type="Focus" condition="Container(560).OnNext + ![Skin.String(LowCPUPowerMode,Animations) | Skin.String(LowCPUPowerMode,Full)]" reversible="false">
								<effect type="Fade" start="40" end="100" time="500" tween="back" easing="in"/>
								<effect type="slide" start="0,-74" time="200" tween="sine" easing="out"/>
							</animation>
							<animation type="Focus" condition="Container(560).OnPrevious + ![Skin.String(LowCPUPowerMode,Animations) | Skin.String(LowCPUPowerMode,Full)]" reversible="false">
								<effect type="Fade" start="40" end="100" time="500" tween="back" easing="in"/>
								<effect type="slide" start="0,74" time="200" tween="sine" easing="out"/>
							</animation>
						</control>
						<control type="image">
							<width>393</width>
							<height>73</height>
							<texture border="4">views/list-alt-focus.png</texture>
							<aspectratio>stretch</aspectratio>
							<visible>!Control.HasFocus(560)</visible>
							<include>ListViewSelectFadeAnim2</include>
						</control>
						<control type="image">
							<description>Cover</description>
							<width>73</width>
							<height>73</height>
							<bordertexture border="7">covers/cover-case-nofocus.png</bordertexture>
							<bordersize>5</bordersize>
							<texture background="true">$INFO[ListItem.Icon]</texture>
							<aspectratio>scale</aspectratio>
							<include condition="![Skin.String(LowCPUPowerMode,Animations) | Skin.String(LowCPUPowerMode,Full)]">ListViewCoverFocusAnim</include>
						</control>
						<control type="group">
							<include>ListViewFocusAnim</include>
							<control type="label">
								<description>Label</description>
								<left>80</left>
								<top>12</top>
								<width>300</width>
								<font>ListFont</font>
								<textcolor>SelectedColor</textcolor>
								<shadowcolor>ShadowColor</shadowcolor>
								<label>$INFO[ListItem.Label]</label>
								<scroll>true</scroll>
							</control>
							<control type="label">
								<description>Label2</description>
								<left>80</left>
								<top>39</top>
								<width>300</width>
								<font>ListFont3</font>
								<textcolor>ListColor2</textcolor>
								<shadowcolor>ShadowColor</shadowcolor>
								<label>$INFO[ListItem.Label2]</label>
								<visible>!String.IsEmpty(ListItem.Label2)</visible>
							</control>
						</control>
					</focusedlayout>
					<content>
						<item>
							<label>$LOCALIZE[1037]</label>
							<label2>$INFO[Window(Home).Property(SkinHelper.TotalVideoAddons),, $LOCALIZE[24001]]</label2>
							<icon>DefaultVideo.png</icon>
							<property name="path">addons://sources/video/</property>
							<property name="target">videos</property>
							<onclick>ActivateWindow(videos,addons://sources/video/,return)</onclick>
						</item>
						<item>
							<label>$LOCALIZE[1038]</label>
							<label2>$INFO[Window(Home).Property(SkinHelper.TotalAudioAddons),, $LOCALIZE[24001]]</label2>
							<icon>DefaultAudio.png</icon>
							<property name="path">addons://sources/audio/</property>
							<property name="target">music</property>
							<onclick>ActivateWindow(music,addons://sources/audio/,return)</onclick>
						</item>
						<item>
							<label>$LOCALIZE[1043]</label>
							<label2>$INFO[Window(Home).Property(SkinHelper.TotalProgramAddons),, $LOCALIZE[24001]]</label2>
							<icon>DefaultProgram.png</icon>
							<property name="path">addons://sources/executable/</property>
							<property name="target">programs</property>
							<onclick>ActivateWindow(programs,addons://sources/executable/,return)</onclick>
						</item>
						<item>
							<label>$LOCALIZE[1039]</label>
							<label2>$INFO[Window(Home).Property(SkinHelper.TotalPicturesAddons),, $LOCALIZE[24001]]</label2>
							<icon>DefaultPicture.png</icon>
							<property name="path">addons://sources/image/</property>
							<property name="target">pictures</property>
							<onclick>ActivateWindow(pictures,addons://sources/image/,return)</onclick>
						</item>
						<item>
							<label>$LOCALIZE[20244]</label>
							<icon>DefaultAndroidApps.png</icon>
							<property name="path">androidapp://sources/apps/</property>
							<property name="target">programs</property>
							<onclick>ActivateWindow(programs,androidapp://sources/apps/,return)</onclick>
							<visible>System.Platform.Android</visible>
						</item>
						<item>
							<label>$LOCALIZE[24998]</label>
							<label2>$INFO[Window(Home).Property(SkinHelper.TotalAddons),, $LOCALIZE[24001]]</label2>
							<icon>DefaultAddon.png</icon>
							<property name="path">addons://user/</property>
							<property name="target">addonbrowser</property>
							<onclick>ActivateWindow(addonbrowser,addons://user/,return)</onclick>
						</item>
						<item>
							<label>$LOCALIZE[33003]</label>
							<icon>download.png</icon>
							<property name="path">addons://all/</property>
							<property name="target">addonbrowser</property>
							<onclick>ActivateWindow(addonbrowser,addons://all/,return)</onclick>
						</item>
					</content>
				</control>
				
				<control type="list" id="561">
					<left>834</left>
					<top>110</top>
					<width>393</width>
					<height>518</height>
					<pagecontrol>150</pagecontrol>
					<preloaditems>2</preloaditems>
					<scrolltime tween="sine" easing="inout">300</scrolltime>
					<onup>561</onup>
					<ondown>561</ondown>
					<onleft>560</onleft>
					<onright condition="Control.IsVisible(150)">150</onright>
					<onright condition="!Control.IsVisible(150)">850</onright>
					<itemlayout height="74">
						<control type="image">
							<width>393</width>
							<height>74</height>
							<texture border="0,0,10,2">views/list-separator.png</texture>
							<aspectratio>stretch</aspectratio>
						</control>
						<control type="image">
							<description>Cover</description>
							<width>73</width>
							<height>73</height>
							<bordertexture border="7">covers/cover-case-nofocus.png</bordertexture>
							<bordersize>5</bordersize>
							<texture background="true">$INFO[ListItem.Icon]</texture>
							<aspectratio>scale</aspectratio>
						</control>
						<control type="image">
							<description>Dim</description>
							<width>73</width>
							<height>73</height>
							<bordersize>5</bordersize>
							<texture background="true">dim.png</texture>
							<aspectratio>stretch</aspectratio>
							<include>CoverDimAnim</include>
						</control>
						<control type="label">
							<description>Label</description>
							<left>80</left>
							<top>12</top>
							<width>300</width>
							<font>ListFont</font>
							<textcolor>ListColor</textcolor>
							<shadowcolor>ShadowColor</shadowcolor>
							<label>$INFO[ListItem.Label]</label>
						</control>
						<control type="label">
							<description>Label2</description>
							<left>80</left>
							<top>39</top>
							<width>300</width>
							<font>ListFont3</font>
							<textcolor>ListColor2</textcolor>
							<shadowcolor>ShadowColor</shadowcolor>
							<label>$INFO[ListItem.Property(Addon.ID)]</label>
							<visible>!String.IsEmpty(ListItem.Property(Addon.ID))</visible>
						</control>
					</itemlayout>
					<focusedlayout height="74">
						<control type="image">
							<width>393</width>
							<height>74</height>
							<texture border="0,0,10,2">views/list-separator.png</texture>
							<aspectratio>stretch</aspectratio>
						</control>
						<control type="image">
							<width>393</width>
							<height>73</height>
							<texture border="4">views/list-focus.png</texture>
							<aspectratio>stretch</aspectratio>
							<visible>Control.HasFocus(561)</visible>
							<include>ListViewSelectFadeAnim</include>
							<animation type="Focus" condition="Container(561).OnNext + ![Skin.String(LowCPUPowerMode,Animations) | Skin.String(LowCPUPowerMode,Full)]" reversible="false">
								<effect type="Fade" start="40" end="100" time="500" tween="back" easing="in"/>
								<effect type="slide" start="0,-74" time="200" tween="sine" easing="out"/>
							</animation>
							<animation type="Focus" condition="Container(561).OnPrevious + ![Skin.String(LowCPUPowerMode,Animations) | Skin.String(LowCPUPowerMode,Full)]" reversible="false">
								<effect type="Fade" start="40" end="100" time="500" tween="back" easing="in"/>
								<effect type="slide" start="0,74" time="200" tween="sine" easing="out"/>
							</animation>
						</control>
						<control type="image">
							<width>393</width>
							<height>73</height>
							<texture border="4">views/list-alt-focus.png</texture>
							<aspectratio>stretch</aspectratio>
							<visible>!Control.HasFocus(561)</visible>
							<include>ListViewSelectFadeAnim2</include>
						</control>
						<control type="image">
							<description>Cover</description>
							<width>73</width>
							<height>73</height>
							<bordertexture border="7">covers/cover-case-nofocus.png</bordertexture>
							<bordersize>5</bordersize>
							<texture background="true">$INFO[ListItem.Icon]</texture>
							<aspectratio>scale</aspectratio>
							<include condition="![Skin.String(LowCPUPowerMode,Animations) | Skin.String(LowCPUPowerMode,Full)]">ListViewCoverFocusAnim</include>
						</control>
						<control type="group">
							<include>ListViewFocusAnim</include>
							<control type="label">
								<description>Label</description>
								<left>80</left>
								<top>12</top>
								<width>300</width>
								<font>ListFont</font>
								<textcolor>SelectedColor</textcolor>
								<shadowcolor>ShadowColor</shadowcolor>
								<label>$INFO[ListItem.Label]</label>
								<scroll>true</scroll>
							</control>
							<control type="label">
								<description>Label2</description>
								<left>80</left>
								<top>39</top>
								<width>300</width>
								<font>ListFont3</font>
								<textcolor>ListColor2</textcolor>
								<shadowcolor>ShadowColor</shadowcolor>
								<label>$INFO[ListItem.Property(Addon.ID)]</label>
								<visible>!String.IsEmpty(ListItem.Property(Addon.ID))</visible>
							</control>
						</control>
					</focusedlayout>
					<content target="$INFO[Container(560).ListItem.Property(target)]">$INFO[Container(560).ListItem.Property(path)]</content>
				</control>
				
				<control type="image">
					<left>1234</left>
					<top>110</top>
					<width>12</width>
					<height>517</height>
					<texture border="4">controls/scrollbar-background.png</texture>
				</control>
				
				<control type="scrollbar" id="150">
					<left>1234</left>
					<top>110</top>
					<width>12</width>
					<height>517</height>
					<texturesliderbackground />
					<animation effect="fade" start="100" end="0" time="150" condition="Skin.HasSetting(HideMyAddonsScrollbar) + !Control.HasFocus(150)">Conditional</animation>
					<onup>850</onup>
					<onleft>561</onleft>
					<onright>850</onright>
				</control>
				
				<control type="group">
					<description>Bottom Bar Area</description>
					<top>BottomPaneOffsetY</top>
					<!--<include>InfoPaneImage</include>-->
					<control type="label">
						<left>750</left>
						<width>500</width>
						<align>right</align>
						<include>InfoPaneHeadLabel</include>
						<label>[B]$INFO[Container(561).NumItems,, $LOCALIZE[31202]][/B]</label>
					</control>
					<include>BottomPaneOpenCloseAnim</include>
				</control>

				<include>ViewsDialogPopUpScreenDim</include>
			</control>
		</control>
			
		<control type="group" id="505">
			<description>Menu Bar Area</description>
			<depth>DepthMenuBar</depth>
			<top>MenuBarOffsetY</top>
			<include>MenuBarImage</include>
			<include>MenuBarOpenCloseAnim</include>
			<visible allowhiddenfocus="true">ControlGroup(505).HasFocus | ![Skin.HasSetting(HideMenuBar) | Window.IsActive(AddonInformation)]</visible>
			<control type="group" id="850">
				<control type="grouplist" id="563">
					<description>Menu Bar Icon Buttons</description>
					<left>5</left>
					<width>150</width>
					<height>MenuBarHeight</height>
					<orientation>horizontal</orientation>
					<itemgap>0</itemgap>
					<onup>555</onup>
					<ondown>500</ondown>
					<onleft>212</onleft>
					<onright>212</onright>
					<control type="button" id="345">
						<description>Shutdown</description>
						<include>MenuBarIconBtn</include>
						<texturefocus>gui/menu-bar-power-focus.png</texturefocus>
						<texturenofocus>gui/menu-bar-power-nofocus.png</texturenofocus>
						<onclick>ActivateWindow(ShutdownMenu)</onclick>
					</control>
					<control type="button" id="346">
						<description>Favourites</description>
						<include>MenuBarIconBtn</include>
						<texturefocus>gui/menu-bar-favourites-focus.png</texturefocus>
						<texturenofocus>gui/menu-bar-favourites-nofocus.png</texturenofocus>
						<onclick>ActivateWindow(Favourites)</onclick>
					</control>
					<control type="togglebutton" id="347">
						<description>Extra Options</description>
						<include>MenuBarIconBtn</include>
						<texturefocus>gui/menu-bar-options-focus.png</texturefocus>
						<texturenofocus>gui/menu-bar-options-nofocus.png</texturenofocus>
						<alttexturefocus>gui/menu-bar-options-focus2.png</alttexturefocus>
						<alttexturenofocus>gui/menu-bar-options-nofocus2.png</alttexturenofocus>
						<usealttexture>Skin.HasSetting(ShowMediaExtraOptions)</usealttexture>
						<onclick>noop</onclick>
						<enable>false</enable>
					</control>
				</control>

				<control type="grouplist" id="212">
					<left>99</left>
					<width>ScreenWidth</width>
					<height>MenuBarHeight</height>
					<itemgap>0</itemgap>
					<onup>555</onup>
					<ondown>500</ondown>
					<onleft>346</onleft>
					<onright>345</onright>
					<orientation>horizontal</orientation>
					<usecontrolcoords>true</usecontrolcoords>
					<include>MenuBarBtnOpenCloseAnim</include>
					<visible>ControlGroup(505).HasFocus | !Skin.HasSetting(HideMenuBar)</visible>
					<control type="image" id="100">
						<include>MenuBarSeparator</include>
					</control>
					<control type="button" id="101">
						<description>View Options</description>
						<include>MenuBarArrowBtn</include>
						<label>[UPPERCASE]$LOCALIZE[14018][/UPPERCASE]</label>
						<onclick>ActivateWindow(1113)</onclick>
						<onclick>Control.SetFocus(500)</onclick>
						<enable>!Skin.HasSetting(EnableKioskMode)</enable>
					</control>
					<control type="image" id="102">
						<include>MenuBarSeparator</include>
					</control>
					<control type="button" id="103">
						<description>Add-on Browser</description>
						<include>MenuBarBigBtn</include>
						<label>[UPPERCASE]$LOCALIZE[10040][/UPPERCASE]</label>
						<onclick>ActivateWindow(addonbrowser,root)</onclick>
						<enable>!Skin.HasSetting(EnableKioskMode)</enable>
					</control>
					<control type="image" id="104">
						<include>MenuBarSeparator</include>
					</control>
					<control type="button" id="105">
						<description>Updates</description>
						<include>MenuBarBigBtn</include>
						<label>$LOCALIZE[14303]$VAR[AddonCountLabel, (,)]</label>
						<onclick>ActivateWindow(addonbrowser,addons://outdated/,return)</onclick>
						<enable>Integer.IsGreater(Container(562).NumItems,0) + !Skin.HasSetting(EnableKioskMode)</enable>
					</control>
					<control type="image" id="106">
						<include>MenuBarSeparator</include>
					</control>
					<control type="button" id="107">
						<description>Search</description>
						<include>MenuBarBigBtn</include>
						<label>$LOCALIZE[137]</label>
						<onclick>ActivateWindow(addonbrowser,addons://search/,return)</onclick>
					</control>
					<control type="image" id="108">
						<include>MenuBarSeparator</include>
					</control>
					<control type="button" id="109">
						<description>Settings</description>
						<include>MenuBarBigBtn</include>
						<label>$LOCALIZE[5]</label>
						<onclick>ActivateWindow(systemsettings,addons)</onclick>
						<enable>!Skin.HasSetting(EnableKioskMode)</enable>
					</control>
					<control type="image" id="110">
						<include>MenuBarSeparator</include>
					</control>
				</control>
			</control>
		</control>
		
		<control type="group">
			<description>Top Bar Area</description>
			<depth>DepthTopBar</depth>
			<include>TopBarImage</include>
			<include>TopBarOpenCloseAnim</include>
			<control type="grouplist">
				<left>10</left>
				<top>StatusBartop</top>
				<height>43</height>
				<width>740</width>
				<itemgap>8</itemgap>
				<orientation>horizontal</orientation>
				<usecontrolcoords>true</usecontrolcoords>
				<control type="button" id="555">
					<include>BreadCrumbHomeIcon</include>
					<include>BreadCrumbSlideLvl1Anim</include>
				</control>
				<control type="image">
					<include>BreadCrumbSeparator</include>
					<include>BreadCrumbSlideLvl1Anim</include>
				</control>
				<control type="label" id="5501">
					<description>Add-ons</description>
					<include>BreadCrumbLabel</include>
					<label>[UPPERCASE]$LOCALIZE[24001][/UPPERCASE]</label>
					<include>BreadCrumbSlideLvl2Anim</include>
				</control>
				<control type="image">
					<include>BreadCrumbSeparator</include>
					<include>BreadCrumbSlideLvl2Anim</include>
				</control>
			</control>
			<include>Notifications</include>
			<!--<include>SortLetterNotification</include>-->
			<visible>!Window.IsActive(AddonInformation)</visible>
		</control>
		
		<control type="list" id="562">
			<left>1500</left>
			<itemlayout />
			<focusedlayout />
			<content>addons://outdated/</content>
		</control>
	</controls>
</window>