<?xml version="1.0" encoding="UTF-8"?>
<window>
	<zorder>2</zorder>

	<controls>
		<control type="group">
			<depth>DepthTopBar</depth>
			<left>460</left>
			<visible>![Window.IsActive(FullscreenVideo) | Window.IsActive(Visualisation) | Window.IsActive(notification)]</visible>
			<include>NotifyPanelOpenCloseAnim</include>
			
			<include>NotifyPanel</include>
			
			<control type="image">
				<include>NotifyPanelIcon</include>
				<texture>notification-download.png</texture>
			</control>
			
			<control type="label" id="30">
				<description>Line 1</description>
				<include>NotifyPanelLabel</include>
			</control>
			
			<control type="label" id="31">
				<description>Line 2</description>
				<include>NotifyPanelLabel2</include>
			</control>

			<control type="progress" id="32">
				<description>Progressbar</description>
				<left>60</left>
				<top>19</top>
				<width>275</width>
				<height>4</height>
				<texturebg>controls/progress-scanning-background.png</texturebg>
				<midtexture>controls/scrollbar-slider-horz-focus.png</midtexture>
			</control>
		</control>
	</controls>
</window>