<?xml version="1.0" encoding="UTF-8"?>
<window>	
	<defaultcontrol always="true">10</defaultcontrol>

	<coordinates>
		<system>1</system>
		<origin x="308" y="205">true</origin>
	</coordinates>

	<controls>
		<control type="group">
			<depth>DepthDialog</depth>
			<include>RSSEditorDialogBox</include>
			<include>DialogOpenCloseAnim</include>
			<animation effect="fade" start="100" end="0" time="250" condition="Window.IsActive(VirtualKeyboard)">Conditional</animation>
			
			<control type="label" id="2">
				<include>DialogTitle</include>
			</control>

			<control type="group">
				<left>DialogMarginOffsetX</left>
				<top>DialogMarginOffsetY</top>

				<control type="label" id="3">
					<description>Path</description>
					<width>600</width>
					<include>DialogHeadLabel</include>
					<label>$LOCALIZE[1021]</label>
					<include>DialogHeadLabelFade</include>
				</control>

				<control type="group" id="245">
					<control type="image">
						<description>Paths Background</description>
						<top>20</top>
						<width>475</width>
						<height>115</height>
						<texture border="5">controls/button-nofocus.png</texture>
					</control>

					<control type="list" id="10">
						<description>Paths</description>
						<left>5</left>
						<top>25</top>
						<width>465</width>
						<height>105</height>
						<ondown>9001</ondown>
						<onleft>9001</onleft>
						<onright>9000</onright>
						<itemlayout height="35">
							<control type="label">
								<left>5</left>
								<width>455</width>
								<height>35</height>
								<font>ButtonFont2</font>
								<textcolor>ButtonColor</textcolor>
								<aligny>center</aligny>
								<info>ListItem.Label</info>
							</control>
						</itemlayout>
						<focusedlayout height="35">
							<control type="image">
								<width>465</width>
								<height>35</height>
								<texture border="5">controls/button-focus.png</texture>
								<visible>Control.HasFocus(10)</visible>
							</control>
							<control type="label">
								<left>5</left>
								<width>455</width>
								<height>35</height>
								<font>ButtonFont2</font>
								<textcolor>ButtonFocusColor</textcolor>
								<aligny>center</aligny>
								<info>ListItem.Label</info>
							</control>
						</focusedlayout>
					</control>			

					<control type="grouplist" id="9000">			
						<left>480</left>
						<top>20</top>
						<itemgap>5</itemgap>
						<ondown>9001</ondown>
						<onleft>10</onleft>
						<onright>9001</onright>		
						<control type="button" id="11">
							<description>Change Set Button</description>
							<include>DialogBtn</include>
							<label>$LOCALIZE[1024]</label>	
							<onup>14</onup>
							<onleft>10</onleft>
							<onright>10</onright>
							<ondown>9001</ondown>	    
						</control>		
						<control type="button" id="13">
							<description>Add Path</description>
							<include>DialogBtn</include>
							<label>$LOCALIZE[15019]</label>
							<onup>9001</onup>
							<onleft>10</onleft>
							<onright>10</onright>
							<ondown>14</ondown>	
						</control>					
						<control type="button" id="14">
							<description>Remove Path</description>
							<include>DialogBtn</include>
							<label>$LOCALIZE[1210]</label>
							<onup>13</onup>
							<onleft>10</onleft>
							<onright>10</onright>
							<ondown>11</ondown>
						</control>				
					</control>
				</control>
			</control>

			<control type="grouplist" id="9001">			
				<description>Dialog Button Area</description>			
				<left>165</left>
				<top>197</top>
				<itemgap>0</itemgap>
				<orientation>horizontal</orientation>
				<onup>9000</onup>	
				<control type="button" id="18">
					<description>OK</description>
					<include>DialogMenuBarBtn</include>
					<label>$LOCALIZE[186]</label>
				</control>			
				<control type="button" id="19">
					<description>Cancel</description>
					<left>170</left>
					<include>DialogMenuBarBtn</include>
					<label>$LOCALIZE[222]</label>
				</control>
			</control>
		</control>
	</controls>	
</window>