<?xml version="1.0" encoding="UTF-8"?>
<window type="dialog" id="2901">
	<defaultcontrol always="false">107</defaultcontrol>
	<depth>DepthOSD</depth>

	<coordinates>
		<system>1</system>
		<left>0</left>
		<top>0</top>
	</coordinates>

	<controls>		
		<control type="group">
			<visible>![Window.IsActive(OSDVideoSettings) | Window.IsActive(OSDAudioSettings) | Window.IsActive(VideoBookmarks) | Window.IsActive(SliderDialog)]</visible>
			<top>655</top>
			<include>BottomPaneOpenCloseAnim</include>
			<include>PlayerControlsPanel</include>

			<control type="label">
				<left>30</left>
				<top>-25</top>
				<font>FSInfoFont2</font>
				<textcolor>WhiteColor</textcolor>
				<shadowcolor>ShadowColor</shadowcolor>
				<label>$VAR[VideoOSDCurrentControlLabel]</label>
			</control>

			<control type="grouplist" id="201">
				<description>Player Settings Controls</description>
				<visible>!VideoPlayer.Content(LiveTV)</visible>
				<left>54</left>
				<top>17</top>
				<width>355</width>
				<height>35</height>
				<itemgap>10</itemgap>
				<orientation>horizontal</orientation>	
				<onup>noop</onup>
				<ondown>noop</ondown>
				<onleft>109</onleft>
				<onright>99</onright>
				<control type="button" id="100">
					<description>Exit Fullscreen</description>
					<width>35</width>
					<height>35</height>
					<font>-</font>
					<label>$LOCALIZE[13012]</label>
					<texturefocus>osd/osd-exit-fullscreen-focus.png</texturefocus>
					<texturenofocus>osd/osd-exit-fullscreen-nofocus.png</texturenofocus>
					<onclick>Dialog.Close(VideoOSD,true)</onclick>
					<onclick>FullScreen</onclick>
					<pulseonselect>false</pulseonselect>
				</control>
				<control type="button" id="127">
					<description>Fullscreen Information</description>
					<width>35</width>
					<height>35</height>
					<font>-</font>
					<label>$LOCALIZE[19033]</label>
					<texturefocus>osd/osd-info-focus.png</texturefocus>
					<texturenofocus>osd/osd-info-nofocus.png</texturenofocus>
					<onclick>Info</onclick>
					<pulseonselect>false</pulseonselect>
				</control>
				<control type="button" id="117">
					<description>Playlist</description>
					<width>35</width>
					<height>35</height>
					<font>-</font>
					<label>$LOCALIZE[10522]</label>
					<texturefocus>osd/osd-playlist-focus.png</texturefocus>
					<texturenofocus>osd/osd-playlist-nofocus.png</texturenofocus>
					<onclick>Dialog.Close(VideoOSD,true)</onclick>
					<onclick>ActivateWindow(VideoPlaylist)</onclick>
					<pulseonselect>false</pulseonselect>
				</control>	
				<control type="button" id="101">
					<description>Bookmarks</description>
					<width>35</width>
					<height>35</height>
					<font>-</font>
					<label>$LOCALIZE[298]</label>
					<texturefocus>osd/osd-bookmarks-focus.png</texturefocus>
					<texturenofocus>osd/osd-bookmarks-nofocus.png</texturenofocus>
					<onclick>ActivateWindow(VideoBookmarks)</onclick>
					<pulseonselect>false</pulseonselect>
				</control>
				<control type="button" id="116">
					<description>Subtitles</description>
					<width>35</width>
					<height>35</height>
					<font>-</font>
					<label>$LOCALIZE[287]</label>
					<texturefocus>osd/osd-subtitles-focus.png</texturefocus>
					<texturenofocus>osd/osd-subtitles-nofocus.png</texturenofocus>
					<onclick>Dialog.Close(VideoOSD)</onclick>
					<onclick>ActivateWindow(SubtitleSearch)</onclick>
					<onup>401</onup>
					<pulseonselect>false</pulseonselect>
				</control>
				<control type="button" id="102">
					<description>Audio Settings</description>
					<width>35</width>
					<height>35</height>
					<font>-</font>
					<label>$LOCALIZE[13396]</label>
					<texturefocus>osd/osd-audio-settings-focus.png</texturefocus>
					<texturenofocus>osd/osd-audio-settings-nofocus.png</texturenofocus>
					<onclick>ActivateWindow(OSDAudioSettings)</onclick>
					<pulseonselect>false</pulseonselect>
				</control>		
				<control type="button" id="103">
					<description>Video Settings</description>
					<width>35</width>
					<height>35</height>
					<font>-</font>
					<label>$LOCALIZE[13395]</label>
					<texturefocus>osd/osd-video-settings-focus.png</texturefocus>
					<texturenofocus>osd/osd-video-settings-nofocus.png</texturenofocus>
					<onclick>ActivateWindow(OSDVideoSettings)</onclick>
					<pulseonselect>false</pulseonselect>
				</control>
				<control type="button" id="104">
					<description>3D Settings</description>
					<width>35</width>
					<height>35</height>
					<font>-</font>
					<label>$LOCALIZE[36501]</label>
					<texturefocus>osd/osd-3d-focus.png</texturefocus>
					<texturenofocus>osd/osd-3d-nofocus.png</texturenofocus>
					<pulseonselect>false</pulseonselect>
					<onclick>StereoMode</onclick>
					<onup>400</onup>
					<visible>VideoPlayer.IsStereoscopic</visible>
				</control>
				<control type="button" id="115">
					<description>Video Menu</description>
					<width>35</width>
					<height>35</height>
					<font>-</font>
					<label>$LOCALIZE[31018]</label>
					<texturefocus>osd/osd-dvd-focus.png</texturefocus>
					<texturenofocus>osd/osd-dvd-nofocus.png</texturenofocus>
					<onclick>PlayerControl(ShowVideoMenu)</onclick>
					<pulseonselect>false</pulseonselect>
					<visible>VideoPlayer.HasMenu</visible>
				</control>
			</control>
		
			<control type="grouplist" id="202">
				<description>Player Controls</description>
				<visible>!VideoPlayer.Content(LiveTV)</visible>
				<left>489</left>
				<top>10</top>
				<width>310</width>
				<height>50</height>
				<itemgap>10</itemgap>
				<usecontrolcoords>true</usecontrolcoords>
				<orientation>horizontal</orientation>	
				<onup>noop</onup>
				<ondown>noop</ondown>
				<onleft condition="Control.IsVisible(115)">115</onleft>
				<onleft condition="Control.IsVisible(104)">104</onleft>
				<onleft>103</onleft>
				<onright>100</onright>
				<control type="button" id="99">
					<description>Skip Prev</description>
					<top>5</top>
					<width>40</width>
					<height>40</height>
					<texturefocus>osd/osd-skip-prev-focus.png</texturefocus>
					<texturenofocus>osd/osd-skip-prev-nofocus.png</texturenofocus>
					<onclick>PlayerControl(Previous)</onclick>
					<pulseonselect>false</pulseonselect>
				</control>
				<control type="button" id="98">
					<description>Rewind</description>
					<top>5</top>
					<width>40</width>
					<height>40</height>
					<texturefocus>osd/osd-rewind-focus.png</texturefocus>
					<texturenofocus>osd/osd-rewind-nofocus.png</texturenofocus>
					<onclick>PlayerControl(Rewind)</onclick>
					<pulseonselect>false</pulseonselect>
				</control>
				<control type="button" id="97">
					<description>Stop</description>
					<top>2</top>
					<width>46</width>
					<height>46</height>
					<texturefocus>osd/osd-stop-focus.png</texturefocus>
					<texturenofocus>osd/osd-stop-nofocus.png</texturenofocus>
					<onclick>PlayerControl(Stop)</onclick>
					<pulseonselect>false</pulseonselect>
				</control>
				<control type="togglebutton" id="107">
					<description>Play/Pause</description>
					<top>2</top>
					<width>46</width>
					<height>46</height>
					<texturefocus>osd/osd-pause-focus.png</texturefocus>
					<texturenofocus>osd/osd-pause-nofocus.png</texturenofocus>
					<alttexturefocus>osd/osd-play-focus.png</alttexturefocus>
					<alttexturenofocus>osd/osd-play-nofocus.png</alttexturenofocus>
					<usealttexture>Player.Paused | Player.Forwarding | Player.Rewinding</usealttexture>
					<onclick>PlayerControl(Play)</onclick>
					<pulseonselect>false</pulseonselect>
				</control>
				<control type="button" id="108">
					<description>Forward</description>
					<top>5</top>
					<width>40</width>
					<height>40</height>
					<texturefocus>osd/osd-forward-focus.png</texturefocus>
					<texturenofocus>osd/osd-forward-nofocus.png</texturenofocus>
					<onclick>PlayerControl(Forward)</onclick>
					<pulseonselect>false</pulseonselect>
				</control>
				<control type="button" id="109">
					<description>Skip Next</description>
					<top>5</top>
					<width>40</width>
					<height>40</height>
					<texturefocus>osd/osd-skip-next-focus.png</texturefocus>
					<texturenofocus>osd/osd-skip-next-nofocus.png</texturenofocus>
					<onclick>PlayerControl(Next)</onclick>
					<pulseonselect>false</pulseonselect>
				</control>
			</control>

			<control type="grouplist" id="201">
				<visible>VideoPlayer.Content(LiveTV)</visible>
				<description>Player Settings Controls</description>
				<left>54</left>
				<top>17</top>
				<width>310</width>
				<height>35</height>
				<itemgap>10</itemgap>
				<orientation>horizontal</orientation>	
				<onup>noop</onup>
				<ondown>noop</ondown>
				<onleft>110</onleft>
				<onright>99</onright>
				<control type="button" id="100">
					<description>Exit Fullscreen</description>
					<width>35</width>
					<height>35</height>
					<font>-</font>
					<label>$LOCALIZE[13012]</label>
					<texturefocus>osd/osd-exit-fullscreen-focus.png</texturefocus>
					<texturenofocus>osd/osd-exit-fullscreen-nofocus.png</texturenofocus>
					<onclick>Dialog.Close(VideoOSD,true)</onclick>
					<onclick>FullScreen</onclick>
					<pulseonselect>false</pulseonselect>
				</control>
				<control type="button" id="127">
					<description>Fullscreen Information</description>
					<width>35</width>
					<height>35</height>
					<font>-</font>
					<label>$LOCALIZE[19033]</label>
					<texturefocus>osd/osd-info-focus.png</texturefocus>
					<texturenofocus>osd/osd-info-nofocus.png</texturenofocus>
					<onclick>Info</onclick>
					<pulseonselect>false</pulseonselect>
				</control>
				<control type="button" id="101">
					<description>Teletext</description>
					<width>35</width>
					<height>35</height>
					<font>-</font>
					<label>$LOCALIZE[31002]</label>
					<texturefocus>osd/osd-teletext-focus.png</texturefocus>
					<texturenofocus>osd/osd-teletext-nofocus.png</texturenofocus>
					<onclick>ActivateWindow(Teletext)</onclick>
					<pulseonselect>false</pulseonselect>
				</control>
				<control type="button" id="102">
					<description>Audio Settings</description>
					<width>35</width>
					<height>35</height>
					<font>-</font>
					<label>$LOCALIZE[13396]</label>
					<texturefocus>osd/osd-audio-settings-focus.png</texturefocus>
					<texturenofocus>osd/osd-audio-settings-nofocus.png</texturenofocus>
					<onclick>ActivateWindow(OSDAudioSettings)</onclick>
					<pulseonselect>false</pulseonselect>
				</control>		
				<control type="button" id="103">
					<description>Video Settings</description>
					<width>35</width>
					<height>35</height>
					<font>-</font>
					<label>$LOCALIZE[13395]</label>
					<texturefocus>osd/osd-video-settings-focus.png</texturefocus>
					<texturenofocus>osd/osd-video-settings-nofocus.png</texturenofocus>
					<onclick>ActivateWindow(OSDVideoSettings)</onclick>
					<pulseonselect>false</pulseonselect>
				</control>
				<control type="button" id="104">
					<description>3D Settings</description>
					<width>35</width>
					<height>35</height>
					<font>-</font>
					<label>$LOCALIZE[36501]</label>
					<texturefocus>osd/osd-3d-focus.png</texturefocus>
					<texturenofocus>osd/osd-3d-nofocus.png</texturenofocus>
					<pulseonselect>false</pulseonselect>
					<onclick>StereoMode</onclick>
					<onup>400</onup>
					<visible>VideoPlayer.IsStereoscopic</visible>
				</control>
			</control>

			<control type="grouplist" id="202">
				<visible>VideoPlayer.Content(LiveTV)</visible>
				<description>Player Controls</description>
				<left>339</left>
				<top>10</top>
				<width>455</width>
				<height>50</height>
				<itemgap>10</itemgap>
				<usecontrolcoords>true</usecontrolcoords>
				<orientation>horizontal</orientation>	
				<onup>noop</onup>
				<ondown>noop</ondown>
				<onleft condition="Control.IsVisible(104)">104</onleft>
				<onleft>103</onleft>
				<onright>100</onright>
				<control type="togglebutton" id="99">
					<description>Rec</description>
					<top>5</top>
					<width>40</width>
					<height>40</height>
					<onclick>PlayerControl(Record)</onclick>
					<pulseonselect>false</pulseonselect>					
					<label>264</label>
					<altlabel>265</altlabel>
					<font>-</font>					
					<texturefocus>osd/osd-record-focus.png</texturefocus>
					<texturenofocus>osd/osd-record-nofocus.png</texturenofocus>
					<usealttexture>Player.Recording</usealttexture>
					<alttexturefocus>osd/osd-record-focus.png</alttexturefocus>
					<alttexturenofocus>osd/osd-record-2.png</alttexturenofocus>
					<enable>Player.CanRecord</enable>
					<animation effect="fade" start="100" end="60" time="100" condition="!Player.CanRecord">Conditional</animation>
				</control>
				<control type="button" id="98">
					<description>Guide</description>
					<top>5</top>
					<width>40</width>
					<height>40</height>
					<texturefocus>osd/osd-epg-focus.png</texturefocus>
					<texturenofocus>osd/osd-epg-nofocus.png</texturenofocus>
					<onclick>ActivateWindow(PVROSDGuide)</onclick>
					<onclick>Dialog.Close(VideoOSD)</onclick>
					<pulseonselect>false</pulseonselect>
				</control>
				<control type="button" id="97">
					<description>Channels</description>
					<top>5</top>
					<width>40</width>
					<height>40</height>
					<texturefocus>osd/osd-channel-list-focus.png</texturefocus>
					<texturenofocus>osd/osd-channel-list-nofocus.png</texturenofocus>
					<onclick>ActivateWindow(PVROSDChannels)</onclick>
					<onclick>Dialog.Close(VideoOSD)</onclick>
					<pulseonselect>false</pulseonselect>
				</control>
				<control type="button" id="96">
					<description>Rewind</description>
					<top>5</top>
					<width>40</width>
					<height>40</height>
					<texturefocus>osd/osd-rewind-focus.png</texturefocus>
					<texturenofocus>osd/osd-rewind-nofocus.png</texturenofocus>
					<onclick>PlayerControl(Rewind)</onclick>
					<pulseonselect>false</pulseonselect>
					<enable>Player.SeekEnabled</enable>
					<animation effect="fade" start="100" end="60" time="100" condition="!Player.SeekEnabled">Conditional</animation>
				</control>
				<control type="button" id="95">
					<description>Stop</description>
					<top>2</top>
					<width>46</width>
					<height>46</height>
					<texturefocus>osd/osd-stop-focus.png</texturefocus>
					<texturenofocus>osd/osd-stop-nofocus.png</texturenofocus>
					<onclick>PlayerControl(Stop)</onclick>
					<pulseonselect>false</pulseonselect>
				</control>
				<control type="togglebutton" id="107">
					<description>Play/Pause</description>
					<top>2</top>
					<width>46</width>
					<height>46</height>
					<texturefocus>osd/osd-pause-focus.png</texturefocus>
					<texturenofocus>osd/osd-pause-nofocus.png</texturenofocus>
					<alttexturefocus>osd/osd-play-focus.png</alttexturefocus>
					<alttexturenofocus>osd/osd-play-nofocus.png</alttexturenofocus>
					<usealttexture>Player.Paused | Player.Forwarding | Player.Rewinding</usealttexture>
					<onclick>PlayerControl(Play)</onclick>
					<pulseonselect>false</pulseonselect>
				</control>
				<control type="button" id="108">
					<description>Forward</description>
					<top>5</top>
					<width>40</width>
					<height>40</height>
					<texturefocus>osd/osd-forward-focus.png</texturefocus>
					<texturenofocus>osd/osd-forward-nofocus.png</texturenofocus>
					<onclick>PlayerControl(Forward)</onclick>
					<pulseonselect>false</pulseonselect>
					<enable>Player.SeekEnabled</enable>
					<animation effect="fade" start="100" end="60" time="100" condition="!Player.SeekEnabled">Conditional</animation>
				</control>
				<control type="button" id="109">
					<description>Next Channel</description>
					<top>5</top>
					<width>40</width>
					<height>40</height>
					<texturefocus>osd/osd-channel-up-focus.png</texturefocus>
					<texturenofocus>osd/osd-channel-up-nofocus.png</texturenofocus>
					<onclick>PlayerControl(Next)</onclick>
					<pulseonselect>false</pulseonselect>
				</control>		
				<control type="button" id="110">
					<description>Previous Channel</description>
					<top>5</top>
					<width>40</width>
					<height>40</height>
					<texturefocus>osd/osd-channel-down-focus.png</texturefocus>
					<texturenofocus>osd/osd-channel-down-nofocus.png</texturenofocus>
					<onclick>PlayerControl(Previous)</onclick>
					<pulseonselect>false</pulseonselect>
				</control>
			</control>
		
			<control type="group">
				<left>780</left>
				
				<control type="progress">
					<description>Progressbar Cache</description>
					<left>29</left>
					<top>39</top>
					<width>412</width>
					<midtexture border="2">controls/scrollbar-slider-horz-nofocus.png</midtexture>
					<info>Player.ProgressCache</info>
					<animation effect="fade" end="50" condition="true">Conditional</animation>
				</control>
				
				<control type="progress">
					<description>Progressbar</description>
					<left>29</left>
					<top>39</top>
					<width>412</width>
					<info>Player.Progress</info>
				</control>
				
				<control type="progress">
					<description>Progressbar</description>
					<left>37</left>
					<top>39</top>
					<width>412</width>
					<texturebg colordiffuse="00FFFFFF" border="4">controls/progress-background.png</texturebg>
					<colordiffuse>88FFFFFF</colordiffuse>
					<visible>Player.Seeking</visible>
				</control>
				
				<control type="slider">
					<description>Seek Slider</description>
					<left>29</left>
					<top>39</top>
					<width>412</width>
					<height>12</height>
					<action>seek</action>
					<texturesliderbar border="4">controls/progress-background.png</texturesliderbar>
					<textureslidernib border="2">-</textureslidernib>
					<textureslidernibfocus border="2">controls/progress-nib-focus.png</textureslidernibfocus>
				</control>

				<control type="grouplist">
					<left>29</left>
					<top>6</top>
					<height>40</height>
					<width>260</width>
					<usecontrolcoords>true</usecontrolcoords>
					<orientation>horizontal</orientation>
					<control type="label">
						<description>Elapsed/Duration Time</description>
						<top>5</top>
						<width min="0" max="250">auto</width>
						<font>OSDFont</font>
						<textcolor>ProgressColor</textcolor>
						<label>$INFO[VideoPlayer.Time] $INFO[VideoPlayer.Duration,/ ]</label>
					</control>
					<control type="label">
						<description>SeekbarLabels</description>
						<top>5</top>
						<width min="0" max="250">auto</width>
						<font>OSDFont</font>
						<textcolor>SelectedColor2</textcolor>
						<textoffsetx>5</textoffsetx>
						<label>$VAR[SeekbarLabels]</label>
					</control>
				</control>
							
				<control type="grouplist">
					<description>Finish Time</description>
					<right>59</right>
					<top>6</top>
					<height>40</height>
					<width>200</width>
					<align>right</align>
					<usecontrolcoords>true</usecontrolcoords>
					<orientation>horizontal</orientation>
					<control type="image">
						<top>5</top>
						<width>28</width>
						<height>28</height>	
						<texture>gui/notification-done.png</texture>
						<bordersize>2</bordersize>
					</control>
					<control type="label">
						<top>5</top>
						<width min="0" max="172">auto</width>
						<font>OSDFont</font>
						<textcolor>ProgressColor2</textcolor>
						<label>$INFO[Player.FinishTime]</label>
					</control>
				</control>
			</control>
		</control>
		
		<control type="button" id="402">
			<description>Fake button for mouse control</description>
			<bottom>48</bottom>
			<height>280</height>
			<width>410</width>
			<font>-</font>
			<label>-</label>
			<texturenofocus>-</texturenofocus>
			<texturefocus>-</texturefocus>
			<visible>Control.HasFocus(402) | Control.HasFocus(104) | ControlGroup(400).HasFocus</visible>
		</control>
		
		<control type="button" id="403">
			<description>Fake button for mouse control</description>
			<bottom>48</bottom>
			<height>280</height>
			<width>365</width>
			<font>-</font>
			<label>-</label>
			<texturenofocus>-</texturenofocus>
			<texturefocus>-</texturefocus>
			<visible>Control.HasFocus(403) | Control.HasFocus(116) | ControlGroup(401).HasFocus</visible>
		</control>
		
		<control type="group">
			<visible>![Window.IsActive(2000) | Window.IsActive(OSDVideoSettings) | Window.IsActive(OSDAudioSettings) | Window.IsActive(VideoBookmarks) | Window.IsActive(SliderDialog)] + [Control.HasFocus(104) | ControlGroup(400).HasFocus | Control.HasFocus(116) | ControlGroup(401).HasFocus | Control.HasFocus(402) | Control.HasFocus(403)]</visible>
			<left>22</left>
			<bottom>84</bottom>
			<height>236</height>
			<animation effect="slide" start="0,0" end="0,37" time="0" condition="[Control.HasFocus(104) | Control.HasFocus(402) | ControlGroup(400).HasFocus] | !VideoPlayer.HasSubtitles">Conditional</animation>
			<animation effect="slide" start="0,0" end="0,74" time="0" condition="![Control.HasFocus(104) | Control.HasFocus(402) | ControlGroup(400).HasFocus] + ![VideoPlayer.HasSubtitles + VideoPlayer.SubtitlesEnabled]">Conditional</animation>
			<include>DialogOpenCloseAnim</include>
			<include>DialogOpenCloseAnim2</include>
			
			<control type="grouplist">
				<itemgap>0</itemgap>
				<control type="image">
					<width>340</width>
					<height>54</height>
					<texture border="40,50,40,0">gui/dialog-background3-top.png</texture>	
				</control>
				<control type="image">
					<width>340</width>
					<height>37</height>
					<texture border="40,2,40,2">gui/context-menu-middle.png</texture>
				</control>
				<control type="image">
					<width>340</width>
					<height>37</height>
					<texture border="40,2,40,2">gui/context-menu-middle.png</texture>
					<visible>[VideoPlayer.HasSubtitles + VideoPlayer.SubtitlesEnabled] | [Control.HasFocus(104) | Control.HasFocus(402) | ControlGroup(400).HasFocus]</visible>
				</control>
				<control type="image">
					<width>340</width>
					<height>37</height>
					<texture border="40,2,40,2">gui/context-menu-middle.png</texture>
					<visible>[VideoPlayer.HasSubtitles + VideoPlayer.SubtitlesEnabled] | [Control.HasFocus(104) | Control.HasFocus(402) | ControlGroup(400).HasFocus]</visible>
				</control>
				<control type="image">
					<width>340</width>
					<height>37</height>
					<texture border="40,2,40,2">gui/context-menu-middle.png</texture>
					<visible>![Control.HasFocus(104) | Control.HasFocus(402) | ControlGroup(400).HasFocus] + VideoPlayer.HasSubtitles</visible>
				</control>
				<control type="image">
					<width>340</width>
					<height>32</height>
					<texture flipy="true" border="40,0,40,30">gui/context-menu-top.png</texture>	
				</control>
			</control>
			
			<control type="button">
				<left>280</left>
				<include>DialogCloseBtn</include>
			</control>		

			<control type="group">
				<visible>Control.HasFocus(104) | ControlGroup(400).HasFocus | Control.HasFocus(402)</visible>
		
				<control type="label">
					<width>260</width>
					<include>SettingsDialogTitle</include>
					<label>$LOCALIZE[36501]</label>
				</control>
				
				<control type="grouplist" id="400">
					<left>DialogMarginOffsetX</left>
					<top>DialogMarginOffsetY</top>
					<width>270</width>
					<height>407</height>
					<itemgap>2</itemgap>
					<pagecontrol>-</pagecontrol>
					<onup>104</onup>
					<ondown>104</ondown>
					<onleft>104</onleft>
					<onright>104</onright>
					<control type="radiobutton" id="120">
						<description>Toggle Stereo Mode</description>
						<width>270</width>
						<hitrect x="-10" y="-3" w="290" h="39"/>
						<include>DialogContentLabel</include>
						<label>$LOCALIZE[305]</label>
						<onclick>ToggleStereoMode</onclick>
						<selected>IntegerGreaterThan(System.StereoscopicMode,0)</selected>
					</control>
					<control type="button" id="121">
						<description>Change Mode</description>
						<width>270</width>
						<hitrect x="-10" y="-1" w="290" h="37"/>
						<include>DialogContentLabel</include>
						<label>$LOCALIZE[31947]</label>
						<onclick>StereoMode</onclick>
					</control>
					<control type="radiobutton" id="122">
						<description>Watch in 2D</description>
						<width>270</width>
						<hitrect x="-10" y="-1" w="290" h="39"/>
						<include>DialogContentLabel</include>
						<label>$LOCALIZE[31948]</label>
						<onclick>StereoModeToMono</onclick>
						<selected>StringCompare(System.StereoscopicMode,9)</selected>
					</control>
				</control>
			</control>
			
			<control type="group">
				<visible>Control.HasFocus(116) | ControlGroup(401).HasFocus | Control.HasFocus(403)</visible>
				
				<control type="label">
					<width>260</width>
					<include>SettingsDialogTitle</include>
					<label>$LOCALIZE[24012]</label>
				</control>
				
				<control type="grouplist" id="401">
					<left>DialogMarginOffsetX</left>
					<top>DialogMarginOffsetY</top>
					<width>270</width>
					<height>407</height>
					<itemgap>2</itemgap>
					<pagecontrol>-</pagecontrol>
					<onup>116</onup>
					<ondown>116</ondown>
					<onleft>116</onleft>
					<onright>116</onright>
					<control type="togglebutton" id="123">
						<description>Subtitle Search</description>
						<width>270</width>
						<hitrect x="-10" y="-3" w="290" h="39"/>
						<include>DialogContentLabel</include>
						<label>$LOCALIZE[33003]</label>
						<onclick>Close</onclick>
						<onclick>Dialog.Close(VideoOSD)</onclick>
						<onclick>ActivateWindow(SubtitleSearch)</onclick>
					</control>
					<control type="button" id="124">
						<description>Subtitle Delay</description>
						<width>270</width>
						<hitrect x="-10" y="-1" w="290" h="37"/>
						<include>DialogContentLabel</include>
						<label>$LOCALIZE[22006]</label>
						<onclick>SubtitleDelay</onclick>
						<visible>VideoPlayer.HasSubtitles + VideoPlayer.SubtitlesEnabled</visible>
					</control>
					<control type="button" id="125">
						<description>Next Subtitle</description>
						<width>270</width>
						<hitrect x="-10" y="-1" w="290" h="37"/>
						<include>DialogContentLabel</include>
						<label>$LOCALIZE[209]</label>
						<onclick>CycleSubtitle</onclick>
						<visible>VideoPlayer.HasSubtitles + VideoPlayer.SubtitlesEnabled</visible>
					</control>
					<control type="radiobutton" id="126">
						<description>Enable Subtitles</description>
						<width>270</width>
						<hitrect x="-10" y="-1" w="290" h="39"/>
						<include>DialogContentLabel</include>
						<label>$LOCALIZE[449]</label>
						<onclick>ShowSubtitles</onclick>
						<selected>VideoPlayer.SubtitlesEnabled</selected>
						<visible>VideoPlayer.HasSubtitles</visible>
					</control>
				</control>
			</control>
		</control>
	</controls>
</window>