<?xml version="1.0" encoding="UTF-8"?>
<window>
	<defaultcontrol always="true">500</defaultcontrol>
	<menucontrol>850</menucontrol>
	<views>50,63,52,59,58,93,591,592</views>
	
	<controls>
		<control type="group">
			<depth>DepthBackground</depth>
			<include>BackgroundDefault</include>
			<include condition="[!String.IsEmpty(Skin.String(CustomAddonsBGPath)) + [Skin.String(CustomAddonsBGType,2) | Skin.String(CustomAddonsBGType,3)]]
			+ Skin.HasSetting(ApplyAllAddonsCustomBG)">BackgroundPrograms</include>
			<include>BackgroundAddonsFanart</include>
			<include>BackgroundProgramsFanart</include>
			<include condition="!Skin.HasSetting(DisableVideoPlayingBG)">BackgroundVideoPlaying</include>
			<include condition="!Skin.HasSetting(DisableMusicPlayingBG)">BackgroundMusicPlaying</include>
			<include>BackgroundOpenCloseAnim</include>
		</control>

		<control type="group">
			<visible>!Window.IsActive(AddonInformation)</visible>
			<depth>DepthContent</depth>
			<include>IconView</include> <!-- 50 -->
			<include>ListView</include> <!-- 52 -->
			<include>AlbumThumbsView</include> <!-- 63 -->
			<include condition="!Skin.HasSetting(DisableAddonsListInfoView)">ListInfoView</include> <!-- 58 -->
			<include condition="!Skin.HasSetting(DisableAddonsWrapListInfoView)">AddonsWrapListInfoView</include> <!-- 93 -->
			<include condition="!Skin.HasSetting(DisableProgramsListInfoView2)">ListInfoView2</include> <!-- 59 -->
			<include condition="!Skin.HasSetting(DisableProgramsThumbsInfoView)">ProgramsThumbsInfoView</include> <!-- 591 -->
			<include condition="!Skin.HasSetting(DisableProgramsWrapListInfoView)">ProgramsWrapListInfoView</include> <!-- 592 -->
		</control>
		
		<include>MediaMenuBar</include>
		
		<control type="group">
			<description>Top Bar Area</description>
			<visible>$EXP[HideTopBar]</visible>
			<depth>DepthTopBar</depth>
			<include>TopBarImage</include>
			<include>TopBarOpenCloseAnim</include>
			<include>BreadCrumbPrograms</include>
			<include>Notifications</include>
			<include>SortLetterNotification</include>
		</control>
	</controls>
</window>