<?xml version="1.0" encoding="UTF-8"?>
<window id="502">
	<defaultcontrol always="true">500</defaultcontrol>
	<menucontrol>850</menucontrol>
	<views>50,52,63,77,62,67,96,599,64,70,90,91,93,585</views>
	<onload>Skin.Reset(ShowMediaExtraOptions)</onload>
	
	<controls>	
		<control type="group">
			<depth>DepthBackground</depth>
			<include>BackgroundDefault</include>
			<include condition="[[!String.IsEmpty(Skin.String(CustomMusicBGPath)) + [Skin.String(CustomMusicBGType,2) | Skin.String(CustomMusicBGType,3)]] 
			| Skin.String(CustomMusicBGType,4)] + Skin.HasSetting(ApplyAllMusicCustomBG)">BackgroundMusic</include>
			<include>BackgroundAddonsFanart</include>
			<include>BackgroundMusicFanart</include>
			<include condition="!Skin.HasSetting(DisableVideoPlayingBG)">BackgroundVideoPlaying</include>
			<include condition="!Skin.HasSetting(DisableMusicPlayingBG)">BackgroundMusicPlaying</include>
			<include>BackgroundOpenCloseAnim</include>	
		</control>
		
		<control type="group">
			<visible>![Window.IsActive(script-ExtendedInfo Script-DialogVideoInfo.xml) | Window.IsActive(script-ExtendedInfo Script-DialogInfo.xml)]</visible>
			<control type="group">
				<visible>!Window.IsActive(MusicInformation) + !Window.IsActive(SongInformation) + !Window.IsActive(MovieInformation) + !Window.IsActive(AddonInformation)</visible>
				<depth>DepthContent</depth>
				<include>MediaInfoOpenCloseAnim</include>
				<include>IconView</include> <!-- 50 -->
				<include>ListView</include> <!-- 52 -->
				<include>AlbumThumbsView</include> <!-- 63 -->
				<include>MusicWideListView</include> <!-- 77 -->
				<include>MusicListInfoView</include> <!-- 62 -->
				<include>MusicListInfoView2</include> <!-- 67 -->
				<include>MusicListInfoView3</include> <!-- 96 -->
				<include>MusicThumbsInfoView</include> <!-- 599 -->
				<include>MusicWrapListInfoView</include> <!-- 64 -->
				<include>MusicWallView</include> <!-- 70 -->
				<include>AddonsWideListView</include> <!-- 90 -->
				<include>AddonsListInfoView</include> <!-- 91 -->
				<include>AddonsWrapListInfoView</include> <!-- 93 -->
				<include>ExtendedListView</include> <!-- 585 -->
			</control>	
			
			<include>MediaMenuBar</include>
			
			<control type="group">
				<description>Top Bar Area</description>
				<depth>DepthTopBar</depth>
				<visible>![System.IdleTime(3) + Skin.HasSetting(HideTopBar) + ![Control.IsVisible(70) | Control.IsVisible(505) | Control.HasFocus(555)]]</visible>
				<include>TopBarImage</include>
				<include>TopBarOpenCloseAnim</include>
				<include>BreadCrumbMusicLibrary</include>
				<include>Notifications</include>
				<include>SortLetterNotification</include>
			</control>
		</control>
	</controls>	
</window>
