<?xml version="1.0" encoding="UTF-8"?>
<window type="dialog" id="114">
	<defaultcontrol always="true">107</defaultcontrol>
	<visible>Player.HasMedia + Window.IsActive(PlayerControls) + !Window.IsActive(FullscreenVideo) + !Window.IsActive(Visualisation)</visible>
	<depth>DepthDialog</depth>
	<include>DialogOpenCloseAnim</include>

	<coordinates>
		<system>1</system>
		<top>180</top>
		<left>262</left>
	</coordinates>

	<controls>
		<include>PlayerControlsDialogBox</include>

		<control type="group">
			<visible>Player.HasVideo + !VideoPlayer.Content(Movies) + !VideoPlayer.Content(Episodes) + !VideoPlayer.Content(MusicVideos) + !VideoPlayer.Content(LiveTV)</visible>

			<control type="label">
				<description>Title</description>
				<left>232</left>
				<top>39</top>
				<width>400</width>
				<height>16</height>
				<font>DialogTitleFont</font>
				<textcolor>DialogTitleColor</textcolor>
				<aligny>center</aligny>
				<scroll>true</scroll>
				<label>$INFO[VideoPlayer.Title]</label>
			</control>

			<control type="image">
				<description>Star Rating</description>
				<left>650</left>
				<top>40</top>
				<width>70</width>
				<height>16</height>		
				<texture background="true">$VAR[PlayerStarRating]</texture>
				<aspectratio align="right">keep</aspectratio>
				<include>StarRatingFadeAnim</include>
			</control>

			<control type="image">
				<description>Default Cover Background</description>
				<left>DialogMarginOffsetX</left>
				<top>Dialog4MarginOffsetY</top>
				<width>190</width>
				<height>190</height>
				<texture border="5">panels/panel-content-border.png</texture>
				<aspectratio>stretch</aspectratio>
				<visible>String.IsEmpty(VideoPlayer.Cover)</visible>
				<animation effect="fade" end="75" condition="true">Conditional</animation>
			</control>

			<control type="image">
				<description>Default Cover</description>
				<left>DialogMarginOffsetX</left>
				<top>Dialog4MarginOffsetY</top>
				<width>190</width>
				<height>190</height>
				<texture>DefaultVideo.png</texture>
				<bordersize>25</bordersize>
				<aspectratio>keep</aspectratio>
				<visible>String.IsEmpty(VideoPlayer.Cover)</visible>
			</control>

			<control type="image">
				<description>Cover</description>
				<left>DialogMarginOffsetX</left>
				<top>Dialog4MarginOffsetY</top>
				<width>190</width>
				<height>190</height>
				<texture diffuse="covers/player-control-media-cover-diffuse.png">$INFO[VideoPlayer.Cover]</texture>
				<aspectratio>keep</aspectratio>
			</control>

			<control type="label">
				<description>No Information</description>
				<left>232</left>
				<top>120</top>
				<width>500</width>
				<font>DialogMediaInfoFont</font>
				<textcolor>MediaInfoItemColor2</textcolor>
				<label>$LOCALIZE[20159][CR]$LOCALIZE[416]</label>
				<align>center</align>
			</control>
		</control>

		<control type="group">
			<visible>Player.HasAudio</visible>

			<control type="label">
				<description>Title</description>
				<left>232</left>
				<top>39</top>
				<width>400</width>
				<height>16</height>
				<font>DialogTitleFont</font>
				<textcolor>DialogTitleColor</textcolor>
				<aligny>center</aligny>
				<scroll>true</scroll>
				<label>$INFO[MusicPlayer.Title]</label>
			</control>

			<control type="image">
				<description>Star Rating</description>
				<left>650</left>
				<top>40</top>
				<width>70</width>
				<height>16</height>		
				<texture background="true">$VAR[PlayerStarRating]</texture>
				<aspectratio align="right">keep</aspectratio>
				<include>StarRatingFadeAnim</include>
			</control>

			<control type="group">
				<visible>!Skin.HasSetting(EnableMusicCdArt)</visible>
				<left>DialogMarginOffsetX</left>
				<top>Dialog4MarginOffsetY</top>

				<control type="image">
					<description>Default Cover Background</description>
					<width>190</width>
					<height>190</height>
					<texture border="5">panels/panel-content-border.png</texture>
					<aspectratio>stretch</aspectratio>
					<visible>String.IsEmpty(MusicPlayer.Cover)</visible>
					<animation effect="fade" end="75" condition="true">Conditional</animation>
				</control>

				<control type="image">
					<description>Default Cover</description>
					<width>190</width>
					<height>190</height>
					<texture>DefaultAudio.png</texture>
					<bordersize>25</bordersize>
					<aspectratio>keep</aspectratio>
					<visible>String.IsEmpty(MusicPlayer.Cover)</visible>
				</control>

				<control type="image">
					<description>Cover</description>
					<width>190</width>
					<height>190</height>
					<texture diffuse="covers/player-control-media-cover-diffuse.png">$INFO[MusicPlayer.Cover]</texture>
					<aspectratio>keep</aspectratio>
				</control>
			</control>

			<control type="group">
				<visible>Skin.HasSetting(EnableMusicCdArt)</visible>
				<left>DialogMarginOffsetX</left>
				<top>Dialog4MarginOffsetY</top>
				
				<control type="image">
					<description>Default Cover Background</description>
					<width>190</width>
					<height>190</height>
					<texture border="5">panels/panel-content-border.png</texture>
					<aspectratio>stretch</aspectratio>
					<animation effect="fade" end="75" condition="true">Conditional</animation>
				</control>
				
				<control type="image">
					<description>Default Cover</description>
					<left>5</left>
					<top>5</top>
					<width>180</width>
					<height>180</height>
					<bordertexture>icons/cdart/cdart-mask.png</bordertexture>
					<texture diffuse="icons/cdart/cdart-mask.png">icons/cdart/cdart.png</texture>
					<aspectratio>keep</aspectratio>
					<include>CdArtImageRotateAnim</include>
					<visible>String.IsEmpty(MusicPlayer.Cover)</visible>
				</control>

				<control type="image">
					<description>Cover</description>
					<left>5</left>
					<top>5</top>
					<width>180</width>
					<height>180</height>
					<bordertexture>icons/cdart/cdart-mask.png</bordertexture>
					<texture fallback="icons/cdart/cdart.png" diffuse="icons/cdart/cdart-mask.png">$INFO[MusicPlayer.Cover]</texture>
					<aspectratio>keep</aspectratio>
					<include>CdArtImageRotateAnim</include>
				</control>
			</control>

			<control type="grouplist">
				<description>Media Info Background</description>
				<left>232</left>
				<top>65</top>
				<width>488</width>
				<itemgap>0</itemgap>
				<usecontrolcoords>true</usecontrolcoords>
				<orientation>vertical</orientation>
				<animation effect="fade" end="5" condition="true">Conditional</animation>
				<control type="image">
					<width>488</width>
					<height>32</height>
					<texture border="5">panels/panel-content-border2.png</texture>
				</control>
				<control type="image">
					<height>32</height>
				</control>
				<control type="image">
					<width>488</width>
					<height>32</height>
					<texture border="5">panels/panel-content-border2.png</texture>
				</control>
				<control type="image">
					<height>32</height>
				</control>
				<control type="image">
					<width>488</width>
					<height>32</height>
					<texture border="5">panels/panel-content-border2.png</texture>
				</control>
			</control>

			<control type="panel" id="901">
				<description>Media Info</description>
				<left>232</left>
				<top>65</top>
				<width>488</width>
				<height>280</height>
				<viewtype label="">list</viewtype>
				<scrolltime>200</scrolltime>
				<itemgap>0</itemgap>
				<onleft>202</onleft>
				<onright>202</onright>
				<onup>901</onup>
				<ondown>901</ondown>
				<itemlayout height="32" width="488">	
					<control type="label">
						<left>5</left>
						<top>-1</top>
						<width>85</width>
						<height>32</height>
						<font>DialogMediaInfoFont</font>
						<textcolor>MediaInfoItemColor</textcolor>
						<align>right</align>
						<aligny>center</aligny>
						<info>ListItem.Label</info>
					</control>
					<control type="label">
						<left>100</left>
						<top>-1</top>
						<width>383</width>
						<height>32</height>
						<font>DialogMediaInfoFont</font>
						<textcolor>MediaInfoItemColor2</textcolor>
						<aligny>center</aligny>
						<label fallback="31000">$INFO[ListItem.Label2]</label>
					</control>		
				</itemlayout>				
				<focusedlayout height="32" width="488">
					<control type="image">
						<width>488</width>
						<height>32</height>
						<texture border="4">views/list-focus.png</texture>
						<include>ListViewSelectFadeAnim</include>
					</control>									
					<control type="label">
						<left>5</left>
						<top>-1</top>
						<width>85</width>
						<height>32</height>
						<font>DialogMediaInfoFont</font>
						<textcolor>MediaInfoItemColor</textcolor>
						<align>right</align>
						<aligny>center</aligny>
						<info>ListItem.Label</info>
					</control>
					<control type="label">
						<left>100</left>
						<top>-1</top>
						<width>383</width>
						<height>32</height>
						<font>DialogMediaInfoFont</font>
						<textcolor>SelectedColor</textcolor>
						<aligny>center</aligny>
						<label fallback="31000">$INFO[ListItem.Label2]</label>
					</control>		
				</focusedlayout>
				<content>
					<item id="1">
						<description>Artist</description>
						<label>$LOCALIZE[557]</label>
						<label2>$INFO[MusicPlayer.Artist]</label2>
						<onclick>noop</onclick>
					</item>
					<item id="2">
						<description>Genre</description>
						<label>$LOCALIZE[515]</label>
						<label2>$INFO[MusicPlayer.Genre]</label2>
						<onclick>noop</onclick>
					</item>
					<item id="3">
						<description>Album</description>
						<label>$LOCALIZE[558]</label>
						<label2>$INFO[MusicPlayer.Album]</label2>
						<onclick>noop</onclick>
					</item>
					<item id="4">
						<description>Year</description>
						<label>$LOCALIZE[345]</label>
						<label2>$INFO[MusicPlayer.Year]</label2>
						<onclick>noop</onclick>
					</item>
					<item id="5">
						<description>Next Track</description>
						<label>$LOCALIZE[209]</label>
						<label2>$INFO[MusicPlayer.offset(1).Artist] $INFO[MusicPlayer.offset(1).Title,- ]</label2>
						<onclick>noop</onclick>
					</item>
				</content>
			</control>
		</control>

		<control type="group">
			<visible>VideoPlayer.Content(Movies)</visible>

			<control type="label">
				<description>Title</description>
				<left>232</left>
				<top>39</top>
				<width>400</width>
				<height>16</height>
				<font>DialogTitleFont</font>
				<textcolor>DialogTitleColor</textcolor>
				<aligny>center</aligny>
				<scroll>true</scroll>
				<label>$INFO[VideoPlayer.Title]</label>
			</control>

			<control type="image">
				<description>Star Rating</description>
				<left>650</left>
				<top>40</top>
				<width>70</width>
				<height>16</height>		
				<texture background="true">$VAR[PlayerStarRating]</texture>
				<aspectratio align="right">keep</aspectratio>
				<include>StarRatingFadeAnim</include>
			</control>

			<control type="image">
				<description>Default Cover Background</description>
				<left>DialogMarginOffsetX</left>
				<top>Dialog4MarginOffsetY</top>
				<width>190</width>
				<height>190</height>
				<texture border="5">panels/panel-content-border.png</texture>
				<aspectratio>stretch</aspectratio>
				<visible>String.IsEmpty(VideoPlayer.Cover)</visible>
				<animation effect="fade" end="75" condition="true">Conditional</animation>
			</control>

			<control type="image">
				<description>Default Cover</description>
				<left>DialogMarginOffsetX</left>
				<top>Dialog4MarginOffsetY</top>
				<width>190</width>
				<height>190</height>
				<texture>DefaultVideo.png</texture>
				<bordersize>25</bordersize>
				<aspectratio>keep</aspectratio>
				<visible>String.IsEmpty(VideoPlayer.Cover)</visible>
			</control>

			<control type="image">
				<description>Cover</description>
				<left>DialogMarginOffsetX</left>
				<top>Dialog4MarginOffsetY</top>
				<width>190</width>
				<height>190</height>
				<texture diffuse="covers/player-control-media-cover-diffuse.png">$VAR[ClearImageOSD]</texture>
				<aspectratio>keep</aspectratio>
				<animation effect="slide" end="0,45" condition="Skin.HasSetting(ShowClearArtOSD) + !String.IsEmpty(Player.Art(clearart))">Conditional</animation>
			</control>

			<control type="grouplist">
				<description>Media Info Background</description>
				<left>232</left>
				<top>65</top>
				<width>488</width>
				<itemgap>0</itemgap>
				<usecontrolcoords>true</usecontrolcoords>
				<orientation>vertical</orientation>
				<animation effect="fade" end="5" condition="true">Conditional</animation>
				<control type="image">
					<width>488</width>
					<height>32</height>
					<texture border="5">panels/panel-content-border2.png</texture>
				</control>
				<control type="image">
					<height>32</height>
				</control>
				<control type="image">
					<width>488</width>
					<height>32</height>
					<texture border="5">panels/panel-content-border2.png</texture>
				</control>
				<control type="image">
					<height>32</height>
				</control>
				<control type="image">
					<width>488</width>
					<height>32</height>
					<texture border="5">panels/panel-content-border2.png</texture>
				</control>
			</control>

			<control type="panel" id="901">
				<description>Media Info</description>
				<left>232</left>
				<top>65</top>
				<width>488</width>
				<height>280</height>
				<viewtype label="">list</viewtype>
				<scrolltime>200</scrolltime>
				<itemgap>0</itemgap>
				<onleft>202</onleft>
				<onright>202</onright>
				<onup>901</onup>
				<ondown>901</ondown>
				<itemlayout height="32" width="488">	
					<control type="label">
						<left>5</left>
						<top>-1</top>
						<width>85</width>
						<height>32</height>
						<font>DialogMediaInfoFont</font>
						<textcolor>MediaInfoItemColor</textcolor>
						<align>right</align>
						<aligny>center</aligny>
						<info>ListItem.Label</info>
					</control>
					<control type="label">
						<left>100</left>
						<top>-1</top>
						<width>383</width>
						<height>32</height>
						<font>DialogMediaInfoFont</font>
						<textcolor>MediaInfoItemColor2</textcolor>
						<aligny>center</aligny>
						<label fallback="31000">$INFO[ListItem.Label2]</label>
					</control>		
				</itemlayout>				
				<focusedlayout height="32" width="488">
					<control type="image">
						<width>488</width>
						<height>32</height>
						<texture border="4">views/list-focus.png</texture>
						<include>ListViewSelectFadeAnim</include>
					</control>									
					<control type="label">
						<left>5</left>
						<top>-1</top>
						<width>85</width>
						<height>32</height>
						<font>DialogMediaInfoFont</font>
						<textcolor>MediaInfoItemColor</textcolor>
						<align>right</align>
						<aligny>center</aligny>
						<info>ListItem.Label</info>
					</control>
					<control type="label">
						<left>100</left>
						<top>-1</top>
						<width>383</width>
						<height>32</height>
						<font>DialogMediaInfoFont</font>
						<textcolor>SelectedColor</textcolor>
						<aligny>center</aligny>
						<label fallback="31000">$INFO[ListItem.Label2]</label>
					</control>		
				</focusedlayout>
				<content>
					<item id="1">
						<description>Genre</description>
						<label>$LOCALIZE[515]</label>
						<label2>$INFO[VideoPlayer.Genre]</label2>
						<onclick>noop</onclick>
					</item>
					<item id="2">
						<description>Director</description>
						<label>$LOCALIZE[20339]</label>
						<label2>$INFO[VideoPlayer.Director]</label2>
						<onclick>noop</onclick>
					</item>
					<item id="3">
						<description>Writer</description>
						<label>$LOCALIZE[20417]</label>
						<label2>$INFO[VideoPlayer.Writer]</label2>
						<onclick>noop</onclick>
					</item>
					<item id="4">
						<description>Studio</description>
						<label>$LOCALIZE[572]</label>
						<label2>$INFO[VideoPlayer.Studio]</label2>
						<onclick>noop</onclick>
					</item>
					<item id="5">
						<description>Year</description>
						<label>$LOCALIZE[345]</label>
						<label2>$INFO[VideoPlayer.Year]</label2>
						<onclick>noop</onclick>
					</item>
				</content>
			</control>
		</control>

		<control type="group">
			<visible>VideoPlayer.Content(Episodes)</visible>

			<control type="label">
				<description>Title</description>
				<left>232</left>
				<top>39</top>
				<width>400</width>
				<height>16</height>
				<font>DialogTitleFont</font>
				<textcolor>DialogTitleColor</textcolor>
				<aligny>center</aligny>
				<scroll>true</scroll>
				<label>$INFO[VideoPlayer.Title]</label>
			</control>

			<control type="image">
				<description>Star Rating</description>
				<left>650</left>
				<top>40</top>
				<width>70</width>
				<height>16</height>		
				<texture background="true">$VAR[PlayerStarRating]</texture>
				<aspectratio align="right">keep</aspectratio>
				<include>StarRatingFadeAnim</include>
			</control>

			<control type="image">
				<description>Default Cover Background</description>
				<left>DialogMarginOffsetX</left>
				<top>Dialog4MarginOffsetY</top>
				<width>190</width>
				<height>190</height>
				<texture border="5">panels/panel-content-border.png</texture>
				<aspectratio>stretch</aspectratio>
				<visible>String.IsEmpty(VideoPlayer.Cover)</visible>
				<animation effect="fade" end="75" condition="true">Conditional</animation>
			</control>

			<control type="image">
				<description>Default Cover</description>
				<left>DialogMarginOffsetX</left>
				<top>Dialog4MarginOffsetY</top>
				<width>190</width>
				<height>190</height>
				<texture>DefaultVideo.png</texture>
				<bordersize>25</bordersize>
				<aspectratio>keep</aspectratio>
				<visible>String.IsEmpty(VideoPlayer.Cover)</visible>
			</control>

			<control type="image">
				<description>Cover</description>
				<left>DialogMarginOffsetX</left>
				<top>Dialog4MarginOffsetY</top>
				<width>190</width>
				<height>190</height>
				<texture diffuse="covers/player-control-media-cover-diffuse.png">$VAR[ClearImageOSD]</texture>
				<aspectratio>keep</aspectratio>
				<animation effect="slide" end="0,45" condition="Skin.HasSetting(ShowClearArtOSD) + !String.IsEmpty(Player.Art(tvshow.clearart))">Conditional</animation>
			</control>

			<control type="grouplist">
				<description>Media Info Background</description>
				<left>232</left>
				<top>65</top>
				<width>488</width>
				<itemgap>0</itemgap>
				<usecontrolcoords>true</usecontrolcoords>
				<orientation>vertical</orientation>
				<animation effect="fade" end="5" condition="true">Conditional</animation>
				<control type="image">
					<width>488</width>
					<height>32</height>
					<texture border="5">panels/panel-content-border2.png</texture>
				</control>
				<control type="image">
					<height>32</height>
				</control>
				<control type="image">
					<width>488</width>
					<height>32</height>
					<texture border="5">panels/panel-content-border2.png</texture>
				</control>
				<control type="image">
					<height>32</height>
				</control>
				<control type="image">
					<width>488</width>
					<height>32</height>
					<texture border="5">panels/panel-content-border2.png</texture>
				</control>
			</control>

			<control type="panel" id="901">
				<description>Media Info</description>
				<left>232</left>
				<top>65</top>
				<width>488</width>
				<height>280</height>
				<viewtype label="">list</viewtype>
				<scrolltime>200</scrolltime>
				<itemgap>0</itemgap>
				<onleft>202</onleft>
				<onright>202</onright>
				<onup>901</onup>
				<ondown>901</ondown>
				<itemlayout height="32" width="488">	
					<control type="label">
						<left>5</left>
						<top>-1</top>
						<width>85</width>
						<height>32</height>
						<font>DialogMediaInfoFont</font>
						<textcolor>MediaInfoItemColor</textcolor>
						<align>right</align>
						<aligny>center</aligny>
						<info>ListItem.Label</info>
					</control>
					<control type="label">
						<left>100</left>
						<top>-1</top>
						<width>383</width>
						<height>32</height>
						<font>DialogMediaInfoFont</font>
						<textcolor>MediaInfoItemColor2</textcolor>
						<aligny>center</aligny>
						<label fallback="31000">$INFO[ListItem.Label2]</label>
					</control>		
				</itemlayout>				
				<focusedlayout height="32" width="488">
					<control type="image">
						<width>488</width>
						<height>32</height>
						<texture border="4">views/list-focus.png</texture>
						<include>ListViewSelectFadeAnim</include>
					</control>									
					<control type="label">
						<left>5</left>
						<top>-1</top>
						<width>85</width>
						<height>32</height>
						<font>DialogMediaInfoFont</font>
						<textcolor>MediaInfoItemColor</textcolor>
						<align>right</align>
						<aligny>center</aligny>
						<info>ListItem.Label</info>
					</control>
					<control type="label">
						<left>100</left>
						<top>-1</top>
						<width>383</width>
						<height>32</height>
						<font>DialogMediaInfoFont</font>
						<textcolor>SelectedColor</textcolor>
						<aligny>center</aligny>
						<label fallback="31000">$INFO[ListItem.Label2]</label>
					</control>		
				</focusedlayout>
				<content>
					<item id="1">
						<description>TV Show</description>
						<label>$LOCALIZE[20364]</label>
						<label2>$INFO[VideoPlayer.TVShowTitle]</label2>
						<onclick>noop</onclick>
					</item>
					<item id="2">
						<description>Episode</description>
						<label>$LOCALIZE[20359]</label>
						<label2>$VAR[VideoPlayerSeasonVal]$VAR[VideoPlayerEpisodeVal]</label2>
						<onclick>noop</onclick>
					</item>
					<item id="3">
						<description>Director</description>
						<label>$LOCALIZE[20339]</label>
						<label2>$INFO[VideoPlayer.Director]</label2>
						<onclick>noop</onclick>
					</item>
					<item id="4">
						<description>Writer</description>
						<label>$LOCALIZE[20417]</label>
						<label2>$INFO[VideoPlayer.Writer]</label2>
						<onclick>noop</onclick>
					</item>
					<item id="5">
						<description>Studio</description>
						<label>$LOCALIZE[572]</label>
						<label2>$INFO[VideoPlayer.Studio]</label2>
						<onclick>noop</onclick>
					</item>
				</content>
			</control>
		</control>

		<control type="group">
			<visible>VideoPlayer.Content(MusicVideos)</visible>

			<control type="label">
				<description>Title</description>
				<left>232</left>
				<top>39</top>
				<width>400</width>
				<height>16</height>
				<font>DialogTitleFont</font>
				<textcolor>DialogTitleColor</textcolor>
				<aligny>center</aligny>
				<scroll>true</scroll>
				<label>$INFO[VideoPlayer.Title]</label>
			</control>

			<control type="image">
				<description>Star Rating</description>
				<left>650</left>
				<top>40</top>
				<width>70</width>
				<height>16</height>		
				<texture background="true">$VAR[PlayerStarRating]</texture>
				<aspectratio align="right">keep</aspectratio>
				<include>StarRatingFadeAnim</include>
			</control>

			<control type="image">
				<description>Default Cover Background</description>
				<left>DialogMarginOffsetX</left>
				<top>Dialog4MarginOffsetY</top>
				<width>190</width>
				<height>190</height>
				<texture border="5">panels/panel-content-border.png</texture>
				<aspectratio>stretch</aspectratio>
				<visible>String.IsEmpty(VideoPlayer.Cover)</visible>
				<animation effect="fade" end="75" condition="true">Conditional</animation>
			</control>

			<control type="image">
				<description>Default Cover</description>
				<left>DialogMarginOffsetX</left>
				<top>Dialog4MarginOffsetY</top>
				<width>190</width>
				<height>190</height>
				<texture>DefaultVideo.png</texture>
				<bordersize>25</bordersize>
				<aspectratio>keep</aspectratio>
				<visible>String.IsEmpty(VideoPlayer.Cover)</visible>
			</control>

			<control type="image">
				<description>Cover</description>
				<left>DialogMarginOffsetX</left>
				<top>Dialog4MarginOffsetY</top>
				<width>190</width>
				<height>190</height>
				<texture diffuse="covers/player-control-media-cover-diffuse.png">$INFO[VideoPlayer.Cover]</texture>
				<aspectratio>keep</aspectratio>
			</control>

			<control type="grouplist">
				<description>Media Info Background</description>
				<left>232</left>
				<top>65</top>
				<width>488</width>
				<itemgap>0</itemgap>
				<usecontrolcoords>true</usecontrolcoords>
				<orientation>vertical</orientation>
				<animation effect="fade" end="5" condition="true">Conditional</animation>
				<control type="image">
					<width>488</width>
					<height>32</height>
					<texture border="5">panels/panel-content-border2.png</texture>
				</control>
				<control type="image">
					<height>32</height>
				</control>
				<control type="image">
					<width>488</width>
					<height>32</height>
					<texture border="5">panels/panel-content-border2.png</texture>
				</control>
				<control type="image">
					<height>32</height>
				</control>
				<control type="image">
					<width>488</width>
					<height>32</height>
					<texture border="5">panels/panel-content-border2.png</texture>
				</control>
			</control>

			<control type="panel" id="901">
				<description>Media Info</description>
				<left>232</left>
				<top>65</top>
				<width>488</width>
				<height>280</height>
				<viewtype label="">list</viewtype>
				<scrolltime>200</scrolltime>
				<itemgap>0</itemgap>
				<onleft>202</onleft>
				<onright>202</onright>
				<onup>901</onup>
				<ondown>901</ondown>
				<itemlayout height="32" width="488">	
					<control type="label">
						<left>5</left>
						<top>-1</top>
						<width>85</width>
						<height>32</height>
						<font>DialogMediaInfoFont</font>
						<textcolor>MediaInfoItemColor</textcolor>
						<align>right</align>
						<aligny>center</aligny>
						<info>ListItem.Label</info>
					</control>
					<control type="label">
						<left>100</left>
						<top>-1</top>
						<width>383</width>
						<height>32</height>
						<font>DialogMediaInfoFont</font>
						<textcolor>MediaInfoItemColor2</textcolor>
						<aligny>center</aligny>
						<label fallback="31000">$INFO[ListItem.Label2]</label>
					</control>		
				</itemlayout>				
				<focusedlayout height="32" width="488">
					<control type="image">
						<width>488</width>
						<height>32</height>
						<texture border="4">views/list-focus.png</texture>
						<include>ListViewSelectFadeAnim</include>
					</control>									
					<control type="label">
						<left>5</left>
						<top>-1</top>
						<width>85</width>
						<height>32</height>
						<font>DialogMediaInfoFont</font>
						<textcolor>MediaInfoItemColor</textcolor>
						<align>right</align>
						<aligny>center</aligny>
						<info>ListItem.Label</info>
					</control>
					<control type="label">
						<left>100</left>
						<top>-1</top>
						<width>383</width>
						<height>32</height>
						<font>DialogMediaInfoFont</font>
						<textcolor>SelectedColor</textcolor>
						<aligny>center</aligny>
						<label fallback="31000">$INFO[ListItem.Label2]</label>
					</control>		
				</focusedlayout>
				<content>
					<item id="1">
						<description>Genre</description>
						<label>$LOCALIZE[515]</label>
						<label2>$INFO[VideoPlayer.Genre]</label2>
						<onclick>noop</onclick>
					</item>
					<item id="2">
						<description>Artist</description>
						<label>$LOCALIZE[557]</label>
						<label2>$INFO[VideoPlayer.Artist]</label2>
						<onclick>noop</onclick>
					</item>
					<item id="3">
						<description>Album</description>
						<label>$LOCALIZE[558]</label>
						<label2>$INFO[VideoPlayer.Album]</label2>
						<onclick>noop</onclick>
					</item>
					<item id="4">
						<description>Director</description>
						<label>$LOCALIZE[20339]</label>
						<label2>$INFO[VideoPlayer.Director]</label2>
						<onclick>noop</onclick>
					</item>
					<item id="5">
						<description>Year</description>
						<label>$LOCALIZE[345]</label>
						<label2>$INFO[VideoPlayer.Year]</label2>
						<onclick>noop</onclick>
					</item>
				</content>
			</control>
		</control>

		<control type="group">
			<visible>!Player.HasAudio + VideoPlayer.Content(LiveTV)</visible>

			<control type="label">
				<description>Title</description>
				<left>232</left>
				<top>39</top>
				<width>400</width>
				<height>16</height>
				<font>DialogTitleFont</font>
				<textcolor>DialogTitleColor</textcolor>
				<aligny>center</aligny>
				<scroll>true</scroll>
				<label>$INFO[VideoPlayer.Title]</label>
			</control>

			<control type="image">
				<description>Star Rating</description>
				<left>650</left>
				<top>40</top>
				<width>70</width>
				<height>16</height>		
				<texture background="true">$VAR[PlayerStarRating]</texture>
				<aspectratio align="right">keep</aspectratio>
				<include>StarRatingFadeAnim</include>
			</control>

			<control type="image">
				<description>Default Cover Background</description>
				<left>DialogMarginOffsetX</left>
				<top>Dialog4MarginOffsetY</top>
				<width>190</width>
				<height>190</height>
				<texture border="5">panels/panel-content-border.png</texture>
				<aspectratio>stretch</aspectratio>
				<visible>String.IsEmpty(VideoPlayer.Cover)</visible>
				<animation effect="fade" end="75" condition="true">Conditional</animation>
			</control>

			<control type="image">
				<description>Default Cover</description>
				<left>DialogMarginOffsetX</left>
				<top>Dialog4MarginOffsetY</top>
				<width>190</width>
				<height>190</height>
				<texture>DefaultVideo.png</texture>
				<bordersize>25</bordersize>
				<aspectratio>keep</aspectratio>
				<visible>String.IsEmpty(VideoPlayer.Cover)</visible>
			</control>

			<control type="image">
				<description>Cover</description>
				<left>DialogMarginOffsetX</left>
				<top>Dialog4MarginOffsetY</top>
				<width>190</width>
				<height>190</height>
				<texture diffuse="covers/player-control-media-cover-diffuse.png">$INFO[VideoPlayer.Cover]</texture>
				<aspectratio>keep</aspectratio>
			</control>

			<control type="grouplist">
				<description>Media Info Background</description>
				<left>232</left>
				<top>65</top>
				<width>488</width>
				<itemgap>0</itemgap>
				<usecontrolcoords>true</usecontrolcoords>
				<orientation>vertical</orientation>
				<animation effect="fade" end="5" condition="true">Conditional</animation>
				<control type="image">
					<width>488</width>
					<height>32</height>
					<texture border="5">panels/panel-content-border2.png</texture>
				</control>
				<control type="image">
					<height>32</height>
				</control>
				<control type="image">
					<width>488</width>
					<height>32</height>
					<texture border="5">panels/panel-content-border2.png</texture>
				</control>
				<control type="image">
					<height>32</height>
				</control>
				<control type="image">
					<width>488</width>
					<height>32</height>
					<texture border="5">panels/panel-content-border2.png</texture>
				</control>
			</control>

			<control type="panel" id="901">
				<description>Media Info</description>
				<left>232</left>
				<top>65</top>
				<width>488</width>
				<height>280</height>
				<viewtype label="">list</viewtype>
				<scrolltime>200</scrolltime>
				<itemgap>0</itemgap>
				<onleft>202</onleft>
				<onright>202</onright>
				<onup>901</onup>
				<ondown>901</ondown>
				<itemlayout height="32" width="488">	
					<control type="label">
						<left>5</left>
						<top>-1</top>
						<width>95</width>
						<height>32</height>
						<font>DialogMediaInfoFont</font>
						<textcolor>MediaInfoItemColor</textcolor>
						<align>right</align>
						<aligny>center</aligny>
						<info>ListItem.Label</info>
					</control>
					<control type="label">
						<left>110</left>
						<top>-1</top>
						<width>373</width>
						<height>32</height>
						<font>DialogMediaInfoFont</font>
						<textcolor>MediaInfoItemColor2</textcolor>
						<aligny>center</aligny>
						<label fallback="31000">$INFO[ListItem.Label2]</label>
					</control>		
				</itemlayout>				
				<focusedlayout height="32" width="488">
					<control type="image">
						<width>488</width>
						<height>32</height>
						<texture border="4">views/list-focus.png</texture>
						<include>ListViewSelectFadeAnim</include>
					</control>									
					<control type="label">
						<left>5</left>
						<top>-1</top>
						<width>95</width>
						<height>32</height>
						<font>DialogMediaInfoFont</font>
						<textcolor>MediaInfoItemColor</textcolor>
						<align>right</align>
						<aligny>center</aligny>
						<info>ListItem.Label</info>
					</control>
					<control type="label">
						<left>110</left>
						<top>-1</top>
						<width>373</width>
						<height>32</height>
						<font>DialogMediaInfoFont</font>
						<textcolor>SelectedColor</textcolor>
						<aligny>center</aligny>
						<label fallback="31000">$INFO[ListItem.Label2]</label>
					</control>		
				</focusedlayout>
				<content>
					<item id="1">
						<description>Now</description>
						<label>$LOCALIZE[19030]</label>
						<label2>$INFO[VideoPlayer.Title]</label2>
						<onclick>noop</onclick>
					</item>
					<item id="2">
						<description>Genre</description>
						<label>$LOCALIZE[515]</label>
						<label2>$INFO[VideoPlayer.Genre]</label2>
						<onclick>noop</onclick>
					</item>
					<item id="3">
						<description>Channel Name</description>
						<label>$LOCALIZE[19029]</label>
						<label2>$INFO[VideoPlayer.ChannelName]</label2>
						<onclick>noop</onclick>
					</item>
					<item id="4">
						<description>Channel Number</description>
						<label>$LOCALIZE[549]</label>
						<label2>$INFO[VideoPlayer.ChannelNumber]</label2>
						<onclick>noop</onclick>
					</item>
					<item id="5">
						<description>Next</description>
						<label>$LOCALIZE[19031]</label>
						<label2>$INFO[VideoPlayer.NextTitle]</label2>
						<onclick>noop</onclick>
					</item>
				</content>
			</control>
		</control>

		<control type="image">
			<description>Player Controls Background</description>
			<left>DialogMarginOffsetX</left>
			<top>232</top>
			<width>685</width>
			<height>50</height>
			<texture border="5">panels/panel-content-border2.png</texture>
			<animation effect="fade" end="8" condition="true">Conditional</animation>
		</control>

		<control type="group">
			<left>DialogMarginOffsetX</left>
			<top>232</top>

			<control type="label">
				<description>Duration</description>
				<left>5</left>
				<top>3</top>
				<width>185</width>
				<font>OSDFont</font>
				<textcolor>WhiteColor</textcolor>
				<label>[COLOR=GreyColor]$INFO[VideoPlayer.Time][/COLOR] $INFO[Player.Duration,/ ]</label>
				<align>center</align>
			</control>

			<control type="progress">
				<description>Progressbar Cache</description>
				<left>5</left>
				<top>29</top>
				<width>185</width>
				<midtexture border="2">controls/scrollbar-slider-horz-nofocus.png</midtexture>
				<info>Player.ProgressCache</info>
				<animation effect="fade" end="20" condition="true">Conditional</animation>
			</control>

			<control type="progress">
				<description>Progressbar</description>
				<left>5</left>
				<top>29</top>
				<width>185</width>
				<info>Player.Progress</info>
			</control>

			<control type="slider">
				<description>Seek Slider</description>
				<left>5</left>
				<top>29</top>
				<width>185</width>
				<height>12</height>
				<action>seek</action>
				<texturesliderbar border="4">controls/progress-background.png</texturesliderbar>
				<textureslidernib border="2">-</textureslidernib>
				<textureslidernibfocus border="2">controls/progress-nib-focus.png</textureslidernibfocus>
			</control>
		</control>

		<control type="grouplist" id="202">
			<description>Player Controls</description>
			<visible>Player.HasAudio | !VideoPlayer.Content(LiveTV)</visible>
			<left>230</left>
			<top>238</top>
			<width>492</width>
			<height>50</height>
			<itemgap>10</itemgap>
			<align>center</align>
			<usecontrolcoords>true</usecontrolcoords>
			<orientation>horizontal</orientation>
			<onup>901</onup>
			<ondown>noop</ondown>
			<onleft>202</onleft>
			<onright>202</onright>
			<control type="button" id="106">
				<description>Skip Prev</description>
				<width>38</width>
				<height>38</height>
				<texturefocus>osd/osd-skip-prev-focus.png</texturefocus>
				<texturenofocus>osd/osd-skip-prev-nofocus.png</texturenofocus>
				<onclick>PlayerControl(Previous)</onclick>
				<pulseonselect>false</pulseonselect>
			</control>
			<control type="button" id="105">
				<description>Rewind</description>
				<width>38</width>
				<height>38</height>
				<texturefocus>osd/osd-rewind-focus.png</texturefocus>
				<texturenofocus>osd/osd-rewind-nofocus.png</texturenofocus>
				<onclick>PlayerControl(Rewind)</onclick>
				<pulseonselect>false</pulseonselect>
			</control>
			<control type="button" id="104">
				<description>Stop</description>
				<width>38</width>
				<height>38</height>
				<texturefocus>osd/osd-stop-focus.png</texturefocus>
				<texturenofocus>osd/osd-stop-nofocus.png</texturenofocus>
				<onclick>PlayerControl(Stop)</onclick>
				<pulseonselect>false</pulseonselect>
			</control>
			<control type="togglebutton" id="107">
				<description>Pause/Play</description>
				<width>38</width>
				<height>38</height>
				<texturefocus>osd/osd-pause-focus.png</texturefocus>
				<texturenofocus>osd/osd-pause-nofocus.png</texturenofocus>
				<alttexturefocus>osd/osd-play-focus.png</alttexturefocus>
				<alttexturenofocus>osd/osd-play-nofocus.png</alttexturenofocus>
				<usealttexture>Player.Paused | Player.Forwarding | Player.Rewinding</usealttexture>
				<onclick>PlayerControl(Play)</onclick>
				<pulseonselect>false</pulseonselect>
			</control>
			<control type="button" id="108">
				<description>Forward</description>
				<width>38</width>
				<height>38</height>
				<texturefocus>osd/osd-forward-focus.png</texturefocus>
				<texturenofocus>osd/osd-forward-nofocus.png</texturenofocus>
				<onclick>PlayerControl(Forward)</onclick>
				<pulseonselect>false</pulseonselect>
			</control>		
			<control type="button" id="109">
				<description>Skip Next</description>
				<width>38</width>
				<height>38</height>
				<texturefocus>osd/osd-skip-next-focus.png</texturefocus>
				<texturenofocus>osd/osd-skip-next-nofocus.png</texturenofocus>
				<onclick>PlayerControl(Next)</onclick>
				<pulseonselect>false</pulseonselect>
			</control>
			<control type="togglebutton" id="110">
				<description>Rec</description>
				<width>38</width>
				<height>38</height>
				<onclick>PlayerControl(Record)</onclick>
				<pulseonselect>false</pulseonselect>					
				<label>264</label>
				<altlabel>265</altlabel>
				<font>-</font>					
				<texturefocus>osd/osd-record-focus.png</texturefocus>
				<texturenofocus>osd/osd-record-nofocus.png</texturenofocus>
				<usealttexture>Player.Recording</usealttexture>
				<alttexturefocus>osd/osd-record-focus.png</alttexturefocus>
				<alttexturenofocus>osd/osd-record-2.png</alttexturenofocus>
				<visible>Player.CanRecord</visible>
			</control>
			<control type="button" id="250">
				<description>Repeat</description>
				<width>38</width>
				<height>38</height>
				<texturefocus>-</texturefocus>
				<texturenofocus>-</texturenofocus>
				<onclick>PlayerControl(Repeat)</onclick>
				<pulseonselect>false</pulseonselect>
			</control>
			<control type="image" id="251">
				<description>Repeat No Focus</description>
				<left>-48</left>
				<width>38</width>
				<height>38</height>
				<texture>osd/osd-repeat-nofocus.png</texture>
				<visible>!Playlist.IsRepeat + !Playlist.IsRepeatOne</visible>
				<visible>!Control.HasFocus(250)</visible>
			</control>
			<control type="image" id="252">
				<description>Repeat Focus</description>
				<left>-48</left>
				<width>38</width>
				<height>38</height>
				<texture>osd/osd-repeat-focus.png</texture>
				<visible>!Playlist.IsRepeat + !Playlist.IsRepeatOne</visible>
				<visible>Control.HasFocus(250)</visible>
			</control>
			<control type="image" id="253">
				<description>Repeat One No Focus</description>
				<left>-48</left>
				<width>38</width>
				<height>38</height>
				<texture>osd/osd-repeat-one-nofocus.png</texture>
				<visible>Playlist.IsRepeatOne</visible>
				<visible>!Control.HasFocus(250)</visible>
			</control>
			<control type="image" id="254">
				<description>Repeat One Focus</description>
				<left>-48</left>
				<width>38</width>
				<height>38</height>
				<texture>osd/osd-repeat-one-focus.png</texture>
				<visible>Playlist.IsRepeatOne</visible>
				<visible>Control.HasFocus(250)</visible>
			</control>
			<control type="image" id="255">
				<description>Repeat All No Focus</description>
				<left>-48</left>
				<width>38</width>
				<height>38</height>
				<texture>osd/osd-repeat-all-nofocus.png</texture>
				<visible>Playlist.IsRepeat</visible>
				<visible>!Control.HasFocus(250)</visible>
			</control>
			<control type="image" id="256">
				<description>Repeat All Focus</description>
				<left>-48</left>
				<width>38</width>
				<height>38</height>
				<texture>osd/osd-repeat-all-focus.png</texture>
				<visible>Playlist.IsRepeat</visible>
				<visible>Control.HasFocus(250)</visible>
			</control>
			<control type="togglebutton" id="257">
				<description>Random</description>
				<width>38</width>
				<height>38</height>
				<texturefocus>osd/osd-random-off-focus.png</texturefocus>
				<texturenofocus>osd/osd-random-off-nofocus.png</texturenofocus>
				<usealttexture>Playlist.IsRandom</usealttexture>
				<alttexturefocus>osd/osd-random-on-focus.png</alttexturefocus>
				<alttexturenofocus>osd/osd-random-on-nofocus.png</alttexturenofocus>
				<onclick>PlayerControl(Random)</onclick>
				<pulseonselect>false</pulseonselect>
			</control>
		</control>

		<control type="grouplist" id="202">
			<description>Player Controls</description>
			<visible>Player.HasVideo + VideoPlayer.Content(LiveTV)</visible>
			<left>230</left>
			<top>238</top>
			<width>492</width>
			<height>50</height>
			<itemgap>10</itemgap>
			<align>center</align>
			<usecontrolcoords>true</usecontrolcoords>
			<orientation>horizontal</orientation>
			<onup>901</onup>
			<ondown>noop</ondown>
			<onleft>202</onleft>
			<onright>202</onright>
			<control type="button" id="106">
				<visible>false</visible>
			</control>
			<control type="button" id="105">
				<visible>false</visible>
			</control>
			<control type="button" id="104">
				<description>Stop</description>
				<width>38</width>
				<height>38</height>
				<texturefocus>osd/osd-stop-focus.png</texturefocus>
				<texturenofocus>osd/osd-stop-nofocus.png</texturenofocus>
				<onclick>PlayerControl(Stop)</onclick>
				<pulseonselect>false</pulseonselect>
			</control>
			<control type="togglebutton" id="107">
				<description>Pause/Play</description>
				<width>38</width>
				<height>38</height>
				<texturefocus>osd/osd-pause-focus.png</texturefocus>
				<texturenofocus>osd/osd-pause-nofocus.png</texturenofocus>
				<alttexturefocus>osd/osd-play-focus.png</alttexturefocus>
				<alttexturenofocus>osd/osd-play-nofocus.png</alttexturenofocus>
				<usealttexture>Player.Paused | Player.Forwarding | Player.Rewinding</usealttexture>
				<onclick>PlayerControl(Play)</onclick>
				<pulseonselect>false</pulseonselect>
			</control>
			<control type="button" id="108">
				<description>Next Channel</description>
				<width>38</width>
				<height>38</height>
				<texturefocus>osd/osd-channel-up-focus.png</texturefocus>
				<texturenofocus>osd/osd-channel-up-nofocus.png</texturenofocus>
				<onclick>PlayerControl(Next)</onclick>
				<pulseonselect>false</pulseonselect>
			</control>		
			<control type="button" id="109">
				<description>Previous Channel</description>
				<width>38</width>
				<height>38</height>
				<texturefocus>osd/osd-channel-down-focus.png</texturefocus>
				<texturenofocus>osd/osd-channel-down-nofocus.png</texturenofocus>
				<onclick>PlayerControl(Previous)</onclick>
				<pulseonselect>false</pulseonselect>
			</control>
			<control type="togglebutton" id="110">
				<description>Rec</description>
				<width>38</width>
				<height>38</height>
				<onclick>PlayerControl(Record)</onclick>
				<pulseonselect>false</pulseonselect>					
				<label>264</label>
				<altlabel>265</altlabel>
				<font>-</font>					
				<texturefocus>osd/osd-record-focus.png</texturefocus>
				<texturenofocus>osd/osd-record-nofocus.png</texturenofocus>
				<usealttexture>Player.Recording</usealttexture>
				<alttexturefocus>osd/osd-record-focus.png</alttexturefocus>
				<alttexturenofocus>osd/osd-record-2.png</alttexturenofocus>
				<visible>Player.CanRecord</visible>
			</control>
			<control type="button" id="250">
				<visible>false</visible>
			</control>
			<control type="image" id="251">
				<visible>false</visible>
			</control>
			<control type="image" id="252">
				<visible>false</visible>
			</control>
			<control type="image" id="253">
				<visible>false</visible>
			</control>
			<control type="image" id="254">
				<visible>false</visible>
			</control>
			<control type="image" id="255">
				<visible>false</visible>
			</control>
			<control type="image" id="256">
				<visible>false</visible>
			</control>
			<control type="togglebutton" id="257">
				<visible>false</visible>
			</control>
		</control>
	</controls>
</window>