<?xml version="1.0" encoding="UTF-8"?>
<includes>
	<!--//// START ICON VIEW //////////////////////////////////////////////////////////////////////////-->
	<include name="IconView">
		<control type="group" id="500">
		    <defaultcontrol always="true">50</defaultcontrol>
			<visible>Control.IsVisible(50)</visible>
			<include>MediaViewOpenCloseAnim</include>
			<include>IconViewScrollbar</include>
			
			<control type="panel" id="50">
				<viewtype label="31103">icon</viewtype>
				<left>31</left>
				<top>85</top>
				<width>1218</width>
				<height>555</height>
				<pagecontrol>90102</pagecontrol>
				<preloaditems>2</preloaditems>
				<scrolltime tween="sine" easing="inout">404</scrolltime>
				<onup>50</onup>
				<ondown>50</ondown>
				<onleft>850</onleft>
				<onright>150</onright>
				<oninfo condition="System.HasAddon(script.extendedinfo) + [Container.Content(Actors) | Container.Content(Directors)]">RunScript(script.extendedinfo,info=extendedactorinfo,name=$INFO[ListItem.Label])</oninfo>
				<oninfo condition="Window.IsActive(Programs)">ActivateWindow(1122)</oninfo>
				<visible>![Container.Content(Movies) | Container.Content(Sets) | Container.Content(TVShows) | Container.Content(Seasons) | Container.Content(Albums) | Container.Content(Songs) | Container.Content(Addons) | Container.Content(Games)]</visible>
				<itemlayout height="185" width="203" condition="Container.Content(Countries)">
					<include content="IconPanelCountriesLayout">
						<param name="case_texture" value="covers/cover-case-thumbnail2-nofocus.png" />
						<param name="label_textcolor" value="GreyColor" />
					</include>
				</itemlayout>
				<itemlayout height="185" width="203">
					<include content="IconPanelLayout">
						<param name="case_texture" value="covers/cover-case-thumbnail2-nofocus.png" />
						<param name="label_textcolor" value="GreyColor" />
						<param name="label_visible" value="![Container.Content(Albums) + Skin.HasSetting(HideMusicIconLabel)] + ![Window.IsActive(Pictures) + Skin.HasSetting(HidePicturesIconLabel)]" />
					</include>
				</itemlayout>
				<focusedlayout height="185" width="203" condition="Container.Content(Countries)">
					<include content="IconPanelCountriesLayout">
						<param name="case_texture" value="covers/cover-case-thumbnail2-focus.png" />
						<param name="label_textcolor" value="SelectedColor" />
					</include>
				</focusedlayout>
				<focusedlayout height="185" width="203">
					<include content="IconPanelLayout">
						<param name="case_texture" value="covers/cover-case-thumbnail2-focus.png" />
						<param name="label_textcolor" value="SelectedColor" />
						<param name="label_visible" value="true" />
					</include>
				</focusedlayout>
			</control>
			
			<control type="group">
				<description>Bottom Bar Area</description>
				<top>BottomPaneOffsetY</top>
				<!--<include>InfoPaneImage</include>-->
				<include>InfoPaneMediaDetails</include>
				<include condition="!Skin.HasSetting(DisableVideosClearLogo)">InfoPaneClearLogoVideos</include>
				<include condition="!Skin.HasSetting(EnableMusicLibraryClearLogos)">InfoPaneClearLogoMusic</include>
				<include condition="!Skin.HasSetting(DisableStudioLogo)">InfoPaneStudioLogo</include>
				<include>BottomPaneOpenCloseAnim</include>
			</control>

			<include>ViewsDialogPopUpScreenDim</include>
		</control>
	</include>
	<!--//// END ICON VIEW ////////////////////////////////////////////////////////////////////////////-->
	
	<!-- INCLUDES -->
	<include name="IconPanelLayout">
		<control type="image">
			<description>Cover Case</description>
			<width>204</width>
			<height>162</height>
			<texture background="true" border="4,5,4,5">$PARAM[case_texture]</texture>
			<aspectratio>stretch</aspectratio>
		</control>
		<control type="image">
			<description>Default Cover</description>
			<left>6</left> 
			<top>5</top>
			<width>192</width>
			<height>153</height>
			<texture background="true" fallback="DefaultVideo.png">$VAR[MovieGenreIconsAddonContainerVar]</texture>
			<bordersize>6</bordersize>
			<aspectratio>keep</aspectratio>
			<visible>Window.IsActive(Videos) + Container.Content(Genres) + String.IsEmpty(ListItem.Thumb) + !ListItem.IsParentFolder + !String.IsEmpty(Skin.String(MovieGenreIconsAddon.path))</visible>
		</control>
		<control type="image">
			<description>Default Cover</description>
			<left>6</left> 
			<top>5</top>
			<width>192</width>
			<height>153</height>
			<texture background="true" fallback="DefaultAudio.png">$VAR[MusicGenreIconsAddonContainerVar]</texture>
			<bordersize>6</bordersize>
			<aspectratio>keep</aspectratio>
			<visible>[String.Contains(Container.FolderPath,musicdb://genres/) | String.Contains(Container.FolderPath,videodb://musicvideos/genres/)] + String.IsEmpty(ListItem.Thumb) + !ListItem.IsParentFolder + !String.IsEmpty(Skin.String(MusicGenreIconsAddon.path))</visible>
		</control>
		<control type="image">
			<description>Default Cover</description>
			<left>6</left> 
			<top>5</top>
			<width>192</width>
			<height>153</height>
			<texture background="true">$INFO[ListItem.ActualIcon]</texture>
			<bordersize>10</bordersize>
			<aspectratio>keep</aspectratio>
			<visible>String.IsEmpty(ListItem.Thumb) + ![Container.Content(Genres) + !ListItem.IsParentFolder]</visible>
		</control>
		<control type="image">
			<description>Cover</description>
			<left>6</left> 
			<top>5</top>
			<width>192</width>
			<height>153</height>
			<texture background="true">$VAR[PosterThumb]</texture>
			<aspectratio>keep</aspectratio>
			<bordersize>6</bordersize>
		</control>
		<control type="image">
			<description>Watched Partial</description>
			<left>161</left>
			<top>123</top>
			<width>24</width>
			<height>24</height>
			<texture background="true">$VAR[WatchedPartial]</texture>
			<aspectratio>keep</aspectratio>
			<visible>ListItem.IsResumable + !String.IsEqual(ListItem.Overlay,OverlayWatched.png) + !Skin.HasSetting(HideEpisodesIconOverlay)</visible>
			<animation effect="fade" end="70" condition="true">Conditional</animation>
		</control>
		<control type="image">
			<description>Overlay</description>
			<left>161</left>
			<top>123</top>
			<width>24</width>
			<height>24</height>
			<texture>$INFO[ListItem.Overlay]</texture>
			<aspectratio>keep</aspectratio>
			<animation effect="fade" end="70" condition="true">Conditional</animation>
			<visible>String.IsEqual(ListItem.Overlay,OverlayWatched.png) + !Skin.HasSetting(HideEpisodesIconOverlay)</visible>
		</control>
		<control type="label">
			<description>Label</description>
			<left>19</left>
			<top>160</top>
			<width>165</width>
			<font>IconFont</font>
			<textcolor>$PARAM[label_textcolor]</textcolor>
			<shadowcolor>ShadowColor</shadowcolor>
			<align>center</align>
			<info>ListItem.Label</info>
			<visible>$PARAM[label_visible]</visible>
		</control>
	</include>
	
	<include name="IconPanelCountriesLayout">
		<control type="image">
			<description>Cover Case</description>
			<left>20</left>
			<width>162</width>
			<height>162</height>
			<texture background="true" border="4,5,4,5">$PARAM[case_texture]</texture>
			<aspectratio>stretch</aspectratio>
		</control>
		<control type="image">
			<description>Default Cover</description>
			<left>24</left> 
			<top>5</top>
			<width>154</width>
			<height>153</height>
			<texture background="true">$INFO[ListItem.ActualIcon]</texture>
			<bordersize>10</bordersize>
			<aspectratio>keep</aspectratio>
			<visible>ListItem.IsParentFolder</visible>
		</control>
		<control type="image">
			<description>Countries Cover</description>
			<left>24</left> 
			<top>5</top>
			<width>154</width>
			<height>153</height>
			<texture background="true" fallback="studios/default-studio.png">$INFO[ListItem.Label,flagging/countries/,.png]</texture>
			<bordersize>6</bordersize>
			<aspectratio>scale</aspectratio>
			<visible>!ListItem.IsParentFolder</visible>
		</control>
		<control type="label">
			<description>Label</description>
			<left>19</left>
			<top>160</top>
			<width>165</width>
			<font>IconFont</font>
			<textcolor>$PARAM[label_textcolor]</textcolor>
			<shadowcolor>ShadowColor</shadowcolor>
			<align>center</align>
			<info>ListItem.Label</info>
		</control>
	</include>
	<!-- END INCLUDES -->
</includes>