<?xml version="1.0" encoding="UTF-8"?>
<window id="145">
	<defaultcontrol always="true">11</defaultcontrol>
	<depth>DepthOSD</depth>
	<include>DialogSliderOpenCloseAnim</include>
	
	<coordinates>
		<system>1</system>
		<origin x="532" y="-5">true</origin>
	</coordinates>
	
	<controls>		
		<control type="image">
			<width>216</width>
			<height>96</height>
			<texture border="8">panels/panel.png</texture>
			<aspectratio>stretch</aspectratio>
		</control>
		
		<control type="label" id="10">
			<description>Slider Label</description>
			<left>6</left>
			<top>7</top>
			<width>204</width>
			<align>center</align>
			<font>RSSFont</font>
			<textcolor>GreyColor2</textcolor>
			<shadowcolor>ShadowColor</shadowcolor>
		</control>
		
		<control type="label" id="12">
			<description>Slider Value</description>
			<left>18</left>
			<top>31</top>
			<width>180</width>
			<align>center</align>
			<font>OSDFont2</font>
			<textcolor>DefaultColor</textcolor>
			<shadowcolor>ShadowColor</shadowcolor>
		</control>
		
		<control type="slider" id="11">
			<description>Slider</description>
			<left>28</left>
			<top>59</top>
			<width>160</width>
			<height>24</height>
			<texturesliderbar>controls/slider-background.png</texturesliderbar>
			<textureslidernibfocus>controls/slider-nib-focus.png</textureslidernibfocus>
			<textureslidernib>controls/slider-nib-nofocus.png</textureslidernib>
		</control>	
	</controls>
</window>
