<?xml version="1.0" encoding="UTF-8"?>
<includes>
	<!--//// START LIST INFO VIEW /////////////////////////////////////////////////////////////////////-->
	<include name="ProgramsListInfoView">
		<control type="group" id="500">
			<defaultcontrol always="true">590</defaultcontrol>
			<visible>Control.IsVisible(590)</visible>
			<include>MediaViewOpenCloseAnim</include>
			<include>ViewContentPanel</include>
			<include>ListInfo2MediaInfoPanelCommon</include>
			<include>ProgramsListInfoViewCommon</include>

			<control type="list" id="590">
				<viewtype label="31111">list</viewtype>
				<left>595</left>
				<top>110</top>
				<width>630</width>
				<height>518</height>
				<pagecontrol>920</pagecontrol>
				<preloaditems>2</preloaditems>
				<scrolltime tween="sine" easing="inout">300</scrolltime>
				<onup>590</onup>
				<ondown>590</ondown>
				<onleft>850</onleft>
				<onright condition="Control.IsVisible(920) | Control.IsVisible(970)">150</onright>
				<onright condition="![Control.IsVisible(920) | Control.IsVisible(970)]">ActivateWindow(1122)</onright>
				<oninfo>ActivateWindow(1122)</oninfo>
				<visible>String.Contains(Container.FolderPath,plugin://plugin.program)</visible>
				<include condition="Skin.String(ProgramsListInfoStyle,1) | Skin.String(ProgramsListInfoStyle,3)">ProgramsListInfoItemLayout</include>
				<include condition="String.IsEmpty(Skin.String(ProgramsListInfoStyle)) | Skin.String(ProgramsListInfoStyle,2)">ProgramsListInfoTallStyleItemLayout</include>
				<include condition="Skin.String(ProgramsListInfoStyle,1)">ProgramsListInfoFocusedLayout</include>
				<include condition="String.IsEmpty(Skin.String(ProgramsListInfoStyle)) | Skin.String(ProgramsListInfoStyle,2) | Skin.String(ProgramsListInfoStyle,3)">ProgramsListInfoTallStyleFocusedLayout</include>
			</control>

			<include>ProgramsListInfoViewScrollbar</include>

			<control type="group">
				<description>Bottom Bar Area</description>
				<top>BottomPaneOffsetY</top>
				<!--<include>InfoPaneImage</include>-->
				<include>InfoPaneMediaDetails</include>
				<include>BottomPaneOpenCloseAnim</include>
			</control>

			<include>ViewsDialogPopUpScreenDim</include>
		</control>
	</include>

	<include name="ProgramsListInfoView2">
		<control type="group" id="500">
			<defaultcontrol always="true">591</defaultcontrol>
			<visible>Control.IsVisible(591)</visible>
			<include>MediaViewOpenCloseAnim</include>
			<include>ViewContentPanel</include>
			<include>ListInfo2MediaInfoPanelCommon</include>
			<include>ProgramsListInfoViewCommon</include>

			<control type="list" id="591">
				<viewtype label="31112">list</viewtype>
				<left>595</left>
				<top>110</top>
				<width>630</width>
				<height>518</height>
				<pagecontrol>921</pagecontrol>
				<preloaditems>2</preloaditems>
				<scrolltime tween="sine" easing="inout">300</scrolltime>
				<onup>591</onup>
				<ondown>591</ondown>
				<onleft>850</onleft>
				<onright condition="Control.IsVisible(921) | Control.IsVisible(971)">150</onright>
				<onright condition="![Control.IsVisible(921) | Control.IsVisible(971)]">ActivateWindow(1122)</onright>
				<oninfo>ActivateWindow(1122)</oninfo>
				<visible>String.Contains(Container.FolderPath,plugin://plugin.program)</visible>
				<include condition="Skin.String(ProgramsListInfo2Style,1) | Skin.String(ProgramsListInfo2Style,3)">ProgramsListInfoItemLayout</include>
				<include condition="String.IsEmpty(Skin.String(ProgramsListInfo2Style)) | Skin.String(ProgramsListInfo2Style,2)">ProgramsListInfo2TallStyleItemLayout</include>
				<include condition="Skin.String(ProgramsListInfo2Style,1)">ProgramsListInfoFocusedLayout</include>
				<include condition="String.IsEmpty(Skin.String(ProgramsListInfo2Style)) | Skin.String(ProgramsListInfo2Style,2) | Skin.String(ProgramsListInfo2Style,3)">ProgramsListInfo2TallStyleFocusedLayout</include>
			</control>

			<include>ProgramsListInfo2ViewScrollbar</include>

			<control type="group">
				<description>Bottom Bar Area</description>
				<top>BottomPaneOffsetY</top>
				<!--<include>InfoPaneImage</include>-->
				<include>InfoPaneMediaDetails</include>
				<include>BottomPaneOpenCloseAnim</include>
			</control>

			<include>ViewsDialogPopUpScreenDim</include>
		</control>
	</include>

	<include name="ProgramsListInfoView3">
		<control type="group" id="500">
			<defaultcontrol always="true">592</defaultcontrol>
			<visible>Control.IsVisible(592)</visible>
			<include>MediaViewOpenCloseAnim</include>
			<include>ViewContentPanel</include>
			<include>ListInfo2MediaInfoPanelCommon</include>
			<include>ProgramsListInfoViewCommon</include>

			<control type="list" id="592">
				<viewtype label="31115">list</viewtype>
				<left>595</left>
				<top>110</top>
				<width>630</width>
				<height>518</height>
				<pagecontrol>922</pagecontrol>
				<preloaditems>2</preloaditems>
				<scrolltime tween="sine" easing="inout">300</scrolltime>
				<onup>592</onup>
				<ondown>592</ondown>
				<onleft>850</onleft>
				<onright condition="Control.IsVisible(922) | Control.IsVisible(972)">150</onright>
				<onright condition="![Control.IsVisible(922) | Control.IsVisible(972)]">ActivateWindow(1122)</onright>
				<oninfo>ActivateWindow(1122)</oninfo>
				<visible>String.Contains(Container.FolderPath,plugin://plugin.program)</visible>
				<include condition="Skin.String(ProgramsListInfo3Style,1) | Skin.String(ProgramsListInfo3Style,3)">ProgramsListInfoItemLayout</include>
				<include condition="String.IsEmpty(Skin.String(ProgramsListInfo3Style)) | Skin.String(ProgramsListInfo3Style,2)">ProgramsListInfo3TallStyleItemLayout</include>
				<include condition="Skin.String(ProgramsListInfo3Style,1)">ProgramsListInfoFocusedLayout</include>
				<include condition="String.IsEmpty(Skin.String(ProgramsListInfo3Style)) | Skin.String(ProgramsListInfo3Style,2) | Skin.String(ProgramsListInfo3Style,3)">ProgramsListInfo3TallStyleFocusedLayout</include>
			</control>

			<include>ProgramsListInfo3ViewScrollbar</include>

			<control type="group">
				<description>Bottom Bar Area</description>
				<top>BottomPaneOffsetY</top>
				<!--<include>InfoPaneImage</include>-->
				<include>InfoPaneMediaDetails</include>
				<include>BottomPaneOpenCloseAnim</include>
			</control>

			<include>ViewsDialogPopUpScreenDim</include>
		</control>
	</include>

	<!-- COMMON -->
	<include name="ProgramsListInfoViewCommon">
		<control type="group">
			<visible>!String.IsEmpty(ListItem.Title)</visible>
			<include>ListInfo2PanelFanart</include>
			
			<include content="ListInfo2MediaInfoArea">
				<param name="visible" value="true" />
				<param name="Grouplist1LabelWidth" value="110" />
				<param name="Grouplist1Label" value="$LOCALIZE[32028]" />
				<param name="Grouplist1InfoWidth" value="310" />
				<param name="Grouplist1Info" value="$INFO[ListItem.Studio]" />
				<param name="Grouplist2LabelWidth" value="110" />
				<param name="Grouplist2Label" value="$LOCALIZE[32027]" />
				<param name="Grouplist2InfoWidth" value="310" />
				<param name="Grouplist2Info" value="$INFO[ListItem.Writer]" />
				<param name="Grouplist3LabelWidth" value="110" />
				<param name="Grouplist3Label" value="$LOCALIZE[345]" />
				<param name="Grouplist3InfoWidth" value="110" />
				<param name="Grouplist3Info" value="$INFO[ListItem.Year]" />
				<param name="Grouplist4LabelWidth" value="110" />
				<param name="Grouplist4Label" value="$LOCALIZE[563]" />
				<param name="Grouplist4InfoWidth" value="110" />
				<param name="Grouplist4Info" value="$INFO[ListItem.Rating]" />
			</include>
			
			<include content="ListInfo2Plot">
				<param name="fallback" value="31203" />
				<param name="label" value="$INFO[ListItem.Plot]" />
				<param name="visible" value="!Container.OnNext + !Container.OnPrevious" />
			</include>
		</control>
	</include>

	<!-- NORMAL LIST -->
	<include name="ProgramsListInfoItemLayout">
		<itemlayout height="37">
			<control type="image">
				<width>630</width>
				<height>37</height>
				<texture border="0,0,10,2">views/list-separator.png</texture>
				<aspectratio>stretch</aspectratio>
			</control>
			<control type="image">
				<description>Icon</description>
				<left>5</left>
				<top>6</top>
				<width>24</width>
				<height>24</height>
				<texture background="true">$INFO[ListItem.ActualIcon].png</texture>
				<aspectratio>stretch</aspectratio>
				<include>ListViewOverlayFadeAnim</include>
			</control>
			<control type="label">
				<description>Label</description>
				<left>35</left>
				<width>490</width>
				<height>37</height>
				<font>ListFont</font>
				<textcolor>ListColor</textcolor>
				<shadowcolor>ShadowColor</shadowcolor>
				<aligny>center</aligny>
				<info>ListItem.Title</info>
			</control>
		</itemlayout>
	</include>

	<include name="ProgramsListInfoFocusedLayout">
		<focusedlayout height="37">
			<control type="image">
				<width>630</width>
				<height>37</height>
				<texture border="0,0,10,2">views/list-separator.png</texture>
				<aspectratio>stretch</aspectratio>
			</control>
			<control type="image">
				<width>630</width>
				<height>36</height>
				<texture border="4">views/list-focus.png</texture>
				<aspectratio>stretch</aspectratio>
				<visible>[Control.IsVisible(590) + Control.HasFocus(590)] 
				| [Control.IsVisible(591) + Control.HasFocus(591)] 
				| [Control.IsVisible(592) + Control.HasFocus(592)]</visible>
				<include>ListViewSelectFadeAnim</include>
				<include condition="![Skin.String(LowCPUPowerMode,Animations) | Skin.String(LowCPUPowerMode,Full)]">ListViewScrollAnim</include>
			</control>
			<control type="image">
				<width>630</width>
				<height>36</height>
				<texture border="4">views/list-alt-focus.png</texture>
				<aspectratio>stretch</aspectratio>
				<visible>[Control.IsVisible(590) + !Control.HasFocus(590)] 
				| [Control.IsVisible(591) + !Control.HasFocus(591)] 
				| [Control.IsVisible(592) + !Control.HasFocus(592)]</visible>
				<include>ListViewSelectFadeAnim2</include>
			</control>
			<control type="group">
				<include>ListViewFocusAnim</include>
				<control type="image">
					<description>Icon</description>
					<left>5</left>
					<top>6</top>
					<width>24</width>
					<height>24</height>
					<texture background="true">$INFO[ListItem.ActualIcon].png</texture>
					<aspectratio>stretch</aspectratio>
				</control>
				<control type="label">
					<description>Label</description>
					<left>35</left>
					<width>490</width>
					<height>37</height>
					<font>ListFont</font>
					<textcolor>SelectedColor</textcolor>
					<shadowcolor>ShadowColor</shadowcolor>
					<aligny>center</aligny>
					<info>ListItem.Title</info>
					<scroll>true</scroll>
				</control>
			</control>
		</focusedlayout>
	</include>

	<!-- LIST INFO 1 -->
	<include name="ProgramsListInfoTallStyleItemLayout">
		<itemlayout height="74">
			<control type="image">
				<width>630</width>
				<height>74</height>
				<texture border="0,0,10,2">views/list-separator.png</texture>
				<aspectratio>stretch</aspectratio>
			</control>
			<control type="image">
				<description>Cover</description>
				<width>53</width>
				<height>73</height>
				<bordertexture border="7">covers/cover-case-nofocus.png</bordertexture>
				<bordersize>5</bordersize>
				<texture background="true">$INFO[ListItem.Thumb]</texture>
				<aspectratio>scale</aspectratio>
			</control>
			<control type="image">
				<description>Dim</description>
				<width>53</width>
				<height>73</height>
				<bordersize>5</bordersize>
				<texture background="true">dim.png</texture>
				<aspectratio>stretch</aspectratio>
				<visible>!String.IsEmpty(ListItem.Thumb)</visible>
				<include>CoverDimAnim</include>
			</control>
			<control type="image">
				<description>Default Cover</description>
				<width>53</width>
				<height>73</height>
				<bordersize>5</bordersize>
				<texture background="true">$INFO[ListItem.ActualIcon]</texture>
				<aspectratio>keep</aspectratio>
				<visible>String.IsEmpty(ListItem.Thumb)</visible>
				<animation effect="fade" end="40" condition="true">Conditional</animation>
			</control>
			<control type="label">
				<description>Label</description>
				<left>60</left>
				<top>12</top>
				<width>465</width>
				<font>ListFont</font>
				<textcolor>ListColor</textcolor>
				<shadowcolor>ShadowColor</shadowcolor>
				<label>$INFO[ListItem.Title]</label>
			</control>
			<control type="label">
				<description>Label2</description>
				<left>60</left>
				<top>38</top>
				<width>465</width>
				<font>ListFont2</font>
				<textcolor>ListColor2</textcolor>
				<shadowcolor>ShadowColor</shadowcolor>
				<label>$INFO[ListItem.Premiered]$INFO[ListItem.Genre,  -  ,]</label>
			</control>
		</itemlayout>
	</include>

	<include name="ProgramsListInfoTallStyleFocusedLayout">
		<focusedlayout height="74">
			<control type="image">
				<width>630</width>
				<height>74</height>
				<texture border="0,0,10,2">views/list-separator.png</texture>
				<aspectratio>stretch</aspectratio>
			</control>
			<control type="image">
				<width>630</width>
				<height>73</height>
				<texture border="4">views/list-focus.png</texture>
				<aspectratio>stretch</aspectratio>
				<visible>Control.HasFocus(590)</visible>
				<include>ListViewSelectFadeAnim</include>
				<include condition="![Skin.String(LowCPUPowerMode,Animations) | Skin.String(LowCPUPowerMode,Full)] + ![String.IsEmpty(Skin.String(ProgramsListInfoStyle)) | Skin.String(ProgramsListInfoStyle,3)]">ListViewScrollAnim2</include>
				<include condition="![Skin.String(LowCPUPowerMode,Animations) | Skin.String(LowCPUPowerMode,Full)] + [String.IsEmpty(Skin.String(ProgramsListInfoStyle)) | Skin.String(ProgramsListInfoStyle,3)]">ListViewScrollAnim</include>
			</control>
			<control type="image">
				<width>630</width>
				<height>73</height>
				<texture border="4">views/list-alt-focus.png</texture>
				<aspectratio>stretch</aspectratio>
				<visible>!Control.HasFocus(590)</visible>
				<include>ListViewSelectFadeAnim2</include>
			</control>
			<control type="image">
				<description>Cover</description>
				<width>53</width>
				<height>73</height>
				<bordertexture border="7">covers/cover-case-nofocus.png</bordertexture>
				<bordersize>5</bordersize>
				<texture background="true">$INFO[ListItem.Thumb]</texture>
				<aspectratio>scale</aspectratio>
				<include condition="![Skin.String(LowCPUPowerMode,Animations) | Skin.String(LowCPUPowerMode,Full)]">ListViewCoverFocusAnim</include>
			</control>
			<control type="group">
				<include>ListViewFocusAnim</include>
				<control type="image">
					<description>Default Cover</description>
					<width>53</width>
					<height>73</height>
					<bordersize>5</bordersize>
					<texture background="true">$INFO[ListItem.ActualIcon]</texture>
					<aspectratio>keep</aspectratio>
					<visible>String.IsEmpty(ListItem.Thumb)</visible>
				</control>
				<control type="label">
					<description>Label</description>
					<left>60</left>
					<top>12</top>
					<width>465</width>
					<font>ListFont</font>
					<textcolor>SelectedColor</textcolor>
					<shadowcolor>ShadowColor</shadowcolor>
					<label>$INFO[ListItem.Title]</label>
					<scroll>true</scroll>
				</control>
				<control type="label">
					<description>Label2</description>
					<left>60</left>
					<top>38</top>
					<width>465</width>
					<font>ListFont2</font>
					<textcolor>ListColor2</textcolor>
					<shadowcolor>ShadowColor</shadowcolor>
					<label>$INFO[ListItem.Premiered]$INFO[ListItem.Genre,  -  ,]</label>
				</control>
			</control>
		</focusedlayout>
	</include>

	<!-- LIST INFO 2 -->
	<include name="ProgramsListInfo2TallStyleItemLayout">
		<itemlayout height="74">
			<control type="image">
				<width>630</width>
				<height>74</height>
				<texture border="0,0,10,2">views/list-separator.png</texture>
				<aspectratio>stretch</aspectratio>
			</control>
			<control type="image">
				<description>Cover</description>
				<width>73</width>
				<height>73</height>
				<bordertexture border="7">covers/cover-case-nofocus.png</bordertexture>
				<bordersize>5</bordersize>
				<texture background="true">$INFO[ListItem.Thumb]</texture>
				<aspectratio>scale</aspectratio>
			</control>
			<control type="image">
				<description>Dim</description>
				<width>73</width>
				<height>73</height>
				<bordersize>5</bordersize>
				<texture background="true">dim.png</texture>
				<aspectratio>stretch</aspectratio>
				<visible>!String.IsEmpty(ListItem.Thumb)</visible>
				<include>CoverDimAnim</include>
			</control>
			<control type="image">
				<description>Default Cover</description>
				<width>73</width>
				<height>73</height>
				<bordersize>5</bordersize>
				<texture background="true">$INFO[ListItem.ActualIcon]</texture>
				<aspectratio>keep</aspectratio>
				<visible>String.IsEmpty(ListItem.Thumb)</visible>
				<animation effect="fade" end="40" condition="true">Conditional</animation>
			</control>
			<control type="label">
				<description>Label</description>
				<left>80</left>
				<top>12</top>
				<width>445</width>
				<font>ListFont</font>
				<textcolor>ListColor</textcolor>
				<shadowcolor>ShadowColor</shadowcolor>
				<label>$INFO[ListItem.Label]</label>
				<visible>String.IsEmpty(ListItem.Title)</visible>
			</control>
			<control type="label">
				<description>Label</description>
				<left>80</left>
				<top>12</top>
				<width>445</width>
				<font>ListFont</font>
				<textcolor>ListColor</textcolor>
				<shadowcolor>ShadowColor</shadowcolor>
				<label>$INFO[ListItem.Title]</label>
				<visible>!String.IsEmpty(ListItem.Title)</visible>
			</control>
			<control type="label">
				<description>Label2</description>
				<left>80</left>
				<top>38</top>
				<width>445</width>
				<font>ListFont2</font>
				<textcolor>ListColor2</textcolor>
				<shadowcolor>ShadowColor</shadowcolor>
				<label>$INFO[ListItem.Premiered]$INFO[ListItem.Genre,  -  ,]</label>
			</control>
		</itemlayout>
	</include>

	<include name="ProgramsListInfo2TallStyleFocusedLayout">
		<focusedlayout height="74">
			<control type="image">
				<width>630</width>
				<height>74</height>
				<texture border="0,0,10,2">views/list-separator.png</texture>
				<aspectratio>stretch</aspectratio>
			</control>
			<control type="image">
				<width>630</width>
				<height>73</height>
				<texture border="4">views/list-focus.png</texture>
				<aspectratio>stretch</aspectratio>
				<visible>Control.HasFocus(591)</visible>
				<include>ListViewSelectFadeAnim</include>
				<include condition="![Skin.String(LowCPUPowerMode,Animations) | Skin.String(LowCPUPowerMode,Full)] + ![String.IsEmpty(Skin.String(ProgramsListInfo2Style)) | Skin.String(ProgramsListInfo2Style,3)]">ListViewScrollAnim2</include>
				<include condition="![Skin.String(LowCPUPowerMode,Animations) | Skin.String(LowCPUPowerMode,Full)] + [String.IsEmpty(Skin.String(ProgramsListInfo2Style)) | Skin.String(ProgramsListInfo2Style,3)]">ListViewScrollAnim</include>
			</control>
			<control type="image">
				<width>630</width>
				<height>73</height>
				<texture border="4">views/list-alt-focus.png</texture>
				<aspectratio>stretch</aspectratio>
				<visible>!Control.HasFocus(591)</visible>
				<include>ListViewSelectFadeAnim2</include>
			</control>
			<control type="image">
				<description>Cover</description>
				<width>73</width>
				<height>73</height>
				<bordertexture border="7">covers/cover-case-nofocus.png</bordertexture>
				<bordersize>5</bordersize>
				<texture background="true">$INFO[ListItem.Thumb]</texture>
				<aspectratio>scale</aspectratio>
				<include condition="![Skin.String(LowCPUPowerMode,Animations) | Skin.String(LowCPUPowerMode,Full)]">ListViewCoverFocusAnim</include>
			</control>
			<control type="group">
				<include>ListViewFocusAnim</include>
				<control type="image">
					<description>Default Cover</description>
					<width>73</width>
					<height>73</height>
					<bordersize>5</bordersize>
					<texture background="true">$INFO[ListItem.ActualIcon]</texture>
					<aspectratio>keep</aspectratio>
					<visible>String.IsEmpty(ListItem.Thumb)</visible>
				</control>
				<control type="label">
					<description>Label</description>
					<left>80</left>
					<top>12</top>
					<width>445</width>
					<font>ListFont</font>
					<textcolor>SelectedColor</textcolor>
					<shadowcolor>ShadowColor</shadowcolor>
					<label>$INFO[ListItem.Label]</label>
					<scroll>true</scroll>
					<visible>String.IsEmpty(ListItem.Title)</visible>
				</control>
				<control type="label">
					<description>Label</description>
					<left>80</left>
					<top>12</top>
					<width>445</width>
					<font>ListFont</font>
					<textcolor>SelectedColor</textcolor>
					<shadowcolor>ShadowColor</shadowcolor>
					<label>$INFO[ListItem.Title]</label>
					<scroll>true</scroll>
					<visible>!String.IsEmpty(ListItem.Title)</visible>
				</control>
				<control type="label">
					<description>Label2</description>
					<left>80</left>
					<top>38</top>
					<width>445</width>
					<font>ListFont2</font>
					<textcolor>ListColor2</textcolor>
					<shadowcolor>ShadowColor</shadowcolor>
					<label>$INFO[ListItem.Premiered]$INFO[ListItem.Genre,  -  ,]</label>
				</control>
			</control>
		</focusedlayout>
	</include>

	<!-- LIST INFO 3 -->
	<include name="ProgramsListInfo3TallStyleItemLayout">
		<itemlayout height="74">
			<control type="image">
				<width>630</width>
				<height>74</height>
				<texture border="0,0,10,2">views/list-separator.png</texture>
				<aspectratio>stretch</aspectratio>
			</control>
			<control type="image">
				<description>Cover</description>
				<width>97</width>
				<height>73</height>
				<bordertexture border="7">covers/cover-case-nofocus.png</bordertexture>
				<bordersize>5</bordersize>
				<texture background="true">$INFO[ListItem.Thumb]</texture>
				<aspectratio>scale</aspectratio>
			</control>
			<control type="image">
				<description>Dim</description>
				<width>97</width>
				<height>73</height>
				<bordersize>5</bordersize>
				<texture background="true">dim.png</texture>
				<aspectratio>stretch</aspectratio>
				<visible>!String.IsEmpty(ListItem.Thumb)</visible>
				<include>CoverDimAnim</include>
			</control>
			<control type="image">
				<description>Default Cover</description>
				<width>97</width>
				<height>73</height>
				<bordersize>5</bordersize>
				<texture background="true">$INFO[ListItem.ActualIcon]</texture>
				<aspectratio>keep</aspectratio>
				<visible>String.IsEmpty(ListItem.Thumb)</visible>
				<animation effect="fade" end="40" condition="true">Conditional</animation>
			</control>
			<control type="label">
				<description>Label</description>
				<left>104</left>
				<top>12</top>
				<width>411</width>
				<font>ListFont</font>
				<textcolor>ListColor</textcolor>
				<shadowcolor>ShadowColor</shadowcolor>
				<label>$INFO[ListItem.Title]</label>
			</control>
			<control type="label">
				<description>Label2</description>
				<left>104</left>
				<top>38</top>
				<width>411</width>
				<font>ListFont2</font>
				<textcolor>ListColor2</textcolor>
				<shadowcolor>ShadowColor</shadowcolor>
				<label>$INFO[ListItem.Premiered]$INFO[ListItem.Genre,  -  ,]</label>
			</control>
		</itemlayout>
	</include>

	<include name="ProgramsListInfo3TallStyleFocusedLayout">
		<focusedlayout height="74">
			<control type="image">
				<width>630</width>
				<height>74</height>
				<texture border="0,0,10,2">views/list-separator.png</texture>
				<aspectratio>stretch</aspectratio>
			</control>
			<control type="image">
				<width>630</width>
				<height>73</height>
				<texture border="4">views/list-focus.png</texture>
				<aspectratio>stretch</aspectratio>
				<visible>Control.HasFocus(592)</visible>
				<include>ListViewSelectFadeAnim</include>
				<include condition="![Skin.String(LowCPUPowerMode,Animations) | Skin.String(LowCPUPowerMode,Full)] + ![String.IsEmpty(Skin.String(ProgramsListInfo3Style)) | Skin.String(ProgramsListInfo3Style,3)]">ListViewScrollAnim2</include>
				<include condition="![Skin.String(LowCPUPowerMode,Animations) | Skin.String(LowCPUPowerMode,Full)] + [String.IsEmpty(Skin.String(ProgramsListInfo3Style)) | Skin.String(ProgramsListInfo3Style,3)]">ListViewScrollAnim</include>
			</control>
			<control type="image">
				<width>630</width>
				<height>73</height>
				<texture border="4">views/list-alt-focus.png</texture>
				<aspectratio>stretch</aspectratio>
				<visible>!Control.HasFocus(592)</visible>
				<include>ListViewSelectFadeAnim2</include>
			</control>
			<control type="image">
				<description>Cover</description>
				<width>97</width>
				<height>73</height>
				<bordertexture border="7">covers/cover-case-nofocus.png</bordertexture>
				<bordersize>5</bordersize>
				<texture background="true">$INFO[ListItem.Thumb]</texture>
				<aspectratio>scale</aspectratio>
				<include condition="![Skin.String(LowCPUPowerMode,Animations) | Skin.String(LowCPUPowerMode,Full)]">ListViewCoverFocusAnim</include>
			</control>
			<control type="group">
				<include>ListViewFocusAnim</include>
				<control type="image">
					<description>Default Cover</description>
					<width>97</width>
					<height>73</height>
					<bordersize>5</bordersize>
					<texture background="true">$INFO[ListItem.ActualIcon]</texture>
					<aspectratio>keep</aspectratio>
					<visible>String.IsEmpty(ListItem.Thumb)</visible>
				</control>
				<control type="label">
					<description>Label</description>
					<left>104</left>
					<top>12</top>
					<width>411</width>
					<font>ListFont</font>
					<textcolor>SelectedColor</textcolor>
					<shadowcolor>ShadowColor</shadowcolor>
					<label>$INFO[ListItem.Title]</label>
					<scroll>true</scroll>
				</control>
				<control type="label">
					<description>Label2</description>
					<left>104</left>
					<top>38</top>
					<width>411</width>
					<font>ListFont2</font>
					<textcolor>ListColor2</textcolor>
					<shadowcolor>ShadowColor</shadowcolor>
					<label>$INFO[ListItem.Premiered]$INFO[ListItem.Genre,  -  ,]</label>
				</control>
			</control>
		</focusedlayout>
	</include>
	<!--//// END LIST INFO VIEW  //////////////////////////////////////////////////////////////////////-->

	<!--//// START THUMBS INFO VIEW ///////////////////////////////////////////////////////////////////-->
	<include name="ProgramsThumbsInfoView">
		<control type="group" id="500">
			<defaultcontrol always="true">593</defaultcontrol>
			<visible>Control.IsVisible(593)</visible>
			<include>MediaViewOpenCloseAnim</include>
			<include>ProgramsThumbsInfoViewCommon</include>

			<control type="panel" id="593">
				<viewtype label="31116">icon</viewtype>
				<left>454</left>
				<top>111</top>
				<width>774</width>
				<height>516</height>
				<pagecontrol>923</pagecontrol>
				<orientation>vertical</orientation>
				<preloaditems>2</preloaditems>
				<scrolltime tween="sine" easing="inout">350</scrolltime>
				<onleft>850</onleft>
				<onright>150</onright>
				<onup>593</onup>
				<ondown>593</ondown>
				<oninfo>ActivateWindow(1122)</oninfo>
				<visible>String.Contains(Container.FolderPath,plugin://plugin.program)</visible>
				<itemlayout width="129" height="172">
					<control type="image">
						<description>Default Cover Case</description>
						<width>129</width>
						<height>172</height>
						<texture background="true" border="4">covers/cover-case2.png</texture>
						<aspectratio>stretch</aspectratio>
						<bordersize>6</bordersize>
						<animation effect="fade" end="50" condition="true">Conditional</animation>
					</control>
					<control type="image">
						<description>Cover</description>
						<width>129</width>
						<height>172</height>
						<texture background="true">$INFO[ListItem.Thumb]</texture>
						<aspectratio>stretch</aspectratio>
						<bordersize>10</bordersize>
					</control>
					<control type="image">
						<description>Dim</description>
						<width>129</width>
						<height>172</height>
						<texture background="true">dim.png</texture>
						<aspectratio>stretch</aspectratio>
						<bordersize>10</bordersize>
						<visible>!String.IsEmpty(ListItem.Thumb)</visible>
						<include>CoverDimAnim</include>
					</control>
					<control type="image">
						<description>Default Cover</description>
						<width>129</width>
						<height>172</height>
						<bordersize>12</bordersize>
						<texture background="true">$INFO[ListItem.ActualIcon]</texture>
						<aspectratio>keep</aspectratio>
						<visible>String.IsEmpty(ListItem.Thumb)</visible>
						<animation effect="fade" end="50" condition="true">Conditional</animation>
					</control>
				</itemlayout>
				<focusedlayout width="129" height="172" condition="Container.Column(0) + Container.Row(0)">
					<control type="group">
						<description>Top Left Corner Cover</description>
						<include>StraitThumbsStyleCoverImage</include>
						<include condition="![Skin.String(LowCPUPowerMode,Animations) | Skin.String(LowCPUPowerMode,Full)]">StraitThumbsStyleTopLeftCornerFocusAnim</include>
					</control>
				</focusedlayout>
				<focusedlayout width="129" height="172" condition="!Container.Column(0) + !Container.Column(5) + Container.Row(0)">
					<control type="group">
						<description>Top Edge Cover</description>
						<include>StraitThumbsStyleCoverImage</include>
						<include condition="![Skin.String(LowCPUPowerMode,Animations) | Skin.String(LowCPUPowerMode,Full)]">StraitThumbsStyleTopEdgeFocusAnim</include>
					</control>
				</focusedlayout>
				<focusedlayout width="129" height="172" condition="Container.Column(5) + Container.Row(0)">
					<control type="group">
						<description>Top Right Corner Cover</description>
						<include>StraitThumbsStyleCoverImage</include>
						<include condition="![Skin.String(LowCPUPowerMode,Animations) | Skin.String(LowCPUPowerMode,Full)]">StraitThumbsStyleTopRightCornerFocusAnim</include>
					</control>
				</focusedlayout>
				<focusedlayout width="129" height="172" condition="Container.Column(0) + Container.Row(1)">
					<control type="group">
						<description>Left Edge Cover</description>
						<include>StraitThumbsStyleCoverImage</include>
						<include condition="![Skin.String(LowCPUPowerMode,Animations) | Skin.String(LowCPUPowerMode,Full)]">StraitThumbsStyleLeftEdgeFocusAnim</include>
					</control>
				</focusedlayout>
				<focusedlayout width="129" height="172" condition="!Container.Row(0) + !Container.Row(2) + !Container.Column(0) + !Container.Column(5)">
					<control type="group">
						<description>Mid Row Cover</description>
						<include>StraitThumbsStyleCoverImage</include>
						<include condition="![Skin.String(LowCPUPowerMode,Animations) | Skin.String(LowCPUPowerMode,Full)]">StraitThumbsStyleMidRowFocusAnim</include>
					</control>
				</focusedlayout>
				<focusedlayout width="129" height="172" condition="Container.Column(5) + Container.Row(1)">
					<control type="group">
						<description>Right Edge Cover</description>
						<include>StraitThumbsStyleCoverImage</include>
						<include condition="![Skin.String(LowCPUPowerMode,Animations) | Skin.String(LowCPUPowerMode,Full)]">StraitThumbsStyleRightEdgeFocusAnim</include>
					</control>
				</focusedlayout>
				<focusedlayout width="129" height="172" condition="Container.Column(0) + Container.Row(2)">
					<control type="group">
						<description>Bottom Left Corner Cover</description>
						<include>StraitThumbsStyleCoverImage</include>
						<include condition="![Skin.String(LowCPUPowerMode,Animations) | Skin.String(LowCPUPowerMode,Full)]">StraitThumbsStyleBottomLeftCornerFocusAnim</include>
					</control>
				</focusedlayout>
				<focusedlayout width="129" height="172" condition="!Container.Column(0) + !Container.Column(5) + Container.Row(2)">
					<control type="group">
						<description>Bottom Edge Cover</description>
						<include>StraitThumbsStyleCoverImage</include>
						<include condition="![Skin.String(LowCPUPowerMode,Animations) | Skin.String(LowCPUPowerMode,Full)]">StraitThumbsStyleBottomEdgeFocusAnim</include>
					</control>
				</focusedlayout>
				<focusedlayout width="129" height="172" condition="Container.Column(5) + Container.Row(2)">
					<control type="group">
						<description>Bottom Right Corner Cover</description>
						<include>StraitThumbsStyleCoverImage</include>
						<include condition="![Skin.String(LowCPUPowerMode,Animations) | Skin.String(LowCPUPowerMode,Full)]">StraitThumbsStyleBottomRightCornerFocusAnim</include>
					</control>
				</focusedlayout>
			</control>

			<include>ProgramsThumbsInfoViewScrollbar</include>

			<control type="group">
				<description>Bottom Bar Area</description>
				<top>BottomPaneOffsetY</top>
				<!--<include>InfoPaneImage</include>-->
				<include>InfoPaneMediaDetails</include>
				<include>BottomPaneOpenCloseAnim</include>

				<control type="group">
					<visible>!Skin.HasSetting(HideProgramsThumbsInfoLabel)</visible>

					<control type="label">
						<include>InfoPaneItemTitle</include>
						<label>[B]$INFO[ListItem.Label][/B]</label>
					</control>

					<control type="label">
						<include>InfoPaneItemTitle2</include>
						<label>$INFO[ListItem.Premiered]</label>
					</control>
				</control>
			</control>

			<include>ViewsDialogPopUpScreenDim</include>
		</control>
	</include>

	<include name="ProgramsThumbsInfoView2">
		<control type="group" id="500">
			<defaultcontrol always="true">594</defaultcontrol>
			<visible>Control.IsVisible(594)</visible>
			<include>MediaViewOpenCloseAnim</include>
			<include>ProgramsThumbsInfoViewCommon</include>

			<control type="panel" id="594">
				<viewtype label="31119">icon</viewtype>
				<left>454</left>
				<top>111</top>
				<width>774</width>
				<height>516</height>
				<pagecontrol>924</pagecontrol>
				<orientation>vertical</orientation>
				<preloaditems>2</preloaditems>
				<scrolltime tween="sine" easing="inout">350</scrolltime>
				<onleft>850</onleft>
				<onright>150</onright>
				<onup>594</onup>
				<ondown>594</ondown>
				<oninfo>ActivateWindow(1122)</oninfo>
				<visible>String.Contains(Container.FolderPath,plugin://plugin.program)</visible>
				<itemlayout width="129" height="129">
					<control type="image">
						<description>Default Cover Case</description>
						<width>129</width>
						<height>129</height>
						<texture background="true" border="4">covers/cover-case2.png</texture>
						<aspectratio>stretch</aspectratio>
						<bordersize>6</bordersize>
						<animation effect="fade" end="50" condition="true">Conditional</animation>
					</control>
					<control type="image">
						<description>Cover</description>
						<width>129</width>
						<height>129</height>
						<texture background="true">$INFO[ListItem.Thumb]</texture>
						<aspectratio>stretch</aspectratio>
						<bordersize>10</bordersize>
					</control>
					<control type="image">
						<description>Dim</description>
						<width>129</width>
						<height>129</height>
						<texture background="true">dim.png</texture>
						<aspectratio>stretch</aspectratio>
						<bordersize>10</bordersize>
						<visible>!String.IsEmpty(ListItem.Thumb)</visible>
						<include>CoverDimAnim</include>
					</control>
					<control type="image">
						<description>Default Cover</description>
						<width>129</width>
						<height>129</height>
						<bordersize>20</bordersize>
						<texture background="true">$INFO[ListItem.ActualIcon]</texture>
						<aspectratio>keep</aspectratio>
						<visible>String.IsEmpty(ListItem.Thumb)</visible>
						<animation effect="fade" end="50" condition="true">Conditional</animation>
					</control>
				</itemlayout>
				<focusedlayout width="129" height="129" condition="Container.Column(0) + Container.Row(0)">
					<control type="group">
						<description>Top Left Corner Cover</description>
						<include>SquareThumbsStyleCoverImage</include>
						<include condition="![Skin.String(LowCPUPowerMode,Animations) | Skin.String(LowCPUPowerMode,Full)]">SquareThumbsStyleTopLeftCornerFocusAnim</include>
					</control>
				</focusedlayout>
				<focusedlayout width="129" height="129" condition="!Container.Column(0) + !Container.Column(5) + Container.Row(0)">
					<control type="group">
						<description>Top Edge Cover</description>
						<include>SquareThumbsStyleCoverImage</include>
						<include condition="![Skin.String(LowCPUPowerMode,Animations) | Skin.String(LowCPUPowerMode,Full)]">SquareThumbsStyleTopEdgeFocusAnim</include>
					</control>
				</focusedlayout>
				<focusedlayout width="129" height="129" condition="Container.Column(5) + Container.Row(0)">
					<control type="group">
						<description>Top Right Corner Cover</description>
						<include>SquareThumbsStyleCoverImage</include>
						<include condition="![Skin.String(LowCPUPowerMode,Animations) | Skin.String(LowCPUPowerMode,Full)]">SquareThumbsStyleTopRightCornerFocusAnim</include>
					</control>
				</focusedlayout>
				<focusedlayout width="129" height="129" condition="Container.Column(0) + [Container.Row(1) | Container.Row(2)]">
					<control type="group">
						<description>Left Edge Cover</description>
						<include>SquareThumbsStyleCoverImage</include>
						<include condition="![Skin.String(LowCPUPowerMode,Animations) | Skin.String(LowCPUPowerMode,Full)]">SquareThumbsStyleLeftEdgeFocusAnim</include>
					</control>
				</focusedlayout>
				<focusedlayout width="129" height="129" condition="!Container.Row(0) + !Container.Row(3) + !Container.Column(0) + !Container.Column(5)">
					<control type="group">
						<description>Mid Row Cover</description>
						<include>SquareThumbsStyleCoverImage</include>
						<include condition="![Skin.String(LowCPUPowerMode,Animations) | Skin.String(LowCPUPowerMode,Full)]">SquareThumbsStyleMidRowFocusAnim</include>
					</control>
				</focusedlayout>
				<focusedlayout width="129" height="129" condition="Container.Column(5) + [Container.Row(1) | Container.Row(2)]">
					<control type="group">
						<description>Right Edge Cover</description>
						<include>SquareThumbsStyleCoverImage</include>
						<include condition="![Skin.String(LowCPUPowerMode,Animations) | Skin.String(LowCPUPowerMode,Full)]">SquareThumbsStyleRightEdgeFocusAnim</include>
					</control>
				</focusedlayout>
				<focusedlayout width="129" height="129" condition="Container.Column(0) + Container.Row(3)">
					<control type="group">
						<description>Bottom Left Corner Cover</description>
						<include>SquareThumbsStyleCoverImage</include>
						<include condition="![Skin.String(LowCPUPowerMode,Animations) | Skin.String(LowCPUPowerMode,Full)]">SquareThumbsStyleBottomLeftCornerFocusAnim</include>
					</control>
				</focusedlayout>
				<focusedlayout width="129" height="129" condition="!Container.Column(0) + !Container.Column(5) + Container.Row(3)">
					<control type="group">
						<description>Bottom Edge Cover</description>
						<include>SquareThumbsStyleCoverImage</include>
						<include condition="![Skin.String(LowCPUPowerMode,Animations) | Skin.String(LowCPUPowerMode,Full)]">SquareThumbsStyleBottomEdgeFocusAnim</include>
					</control>
				</focusedlayout>
				<focusedlayout width="129" height="129" condition="Container.Column(5) + Container.Row(3)">
					<control type="group">
						<description>Bottom Right Corner Cover</description>
						<include>SquareThumbsStyleCoverImage</include>
						<include condition="![Skin.String(LowCPUPowerMode,Animations) | Skin.String(LowCPUPowerMode,Full)]">SquareThumbsStyleBottomRightCornerFocusAnim</include>
					</control>
				</focusedlayout>
			</control>

			<include>ProgramsThumbsInfo2ViewScrollbar</include>

			<control type="group">
				<description>Bottom Bar Area</description>
				<top>BottomPaneOffsetY</top>
				<!--<include>InfoPaneImage</include>-->
				<include>InfoPaneMediaDetails</include>
				<include>BottomPaneOpenCloseAnim</include>

				<control type="group">
					<visible>!Skin.HasSetting(HideProgramsThumbsInfo2Label)</visible>

					<control type="label">
						<include>InfoPaneItemTitle</include>
						<label>[B]$INFO[ListItem.Label][/B]</label>
					</control>

					<control type="label">
						<include>InfoPaneItemTitle2</include>
						<label>$INFO[ListItem.Premiered]</label>
					</control>
				</control>
			</control>

			<include>ViewsDialogPopUpScreenDim</include>
		</control>
	</include>

	<include name="ProgramsThumbsInfoView3">
		<control type="group" id="500">
			<defaultcontrol always="true">595</defaultcontrol>
			<visible>Control.IsVisible(595)</visible>
			<include>MediaViewOpenCloseAnim</include>
			<include>ProgramsThumbsInfoViewCommon</include>

			<control type="panel" id="595">
				<viewtype label="31120">icon</viewtype>
				<left>454</left>
				<top>111</top>
				<width>775</width>
				<height>516</height>
				<pagecontrol>925</pagecontrol>
				<orientation>vertical</orientation>
				<preloaditems>2</preloaditems>
				<scrolltime tween="sine" easing="inout">350</scrolltime>
				<onleft>850</onleft>
				<onright>150</onright>
				<onup>595</onup>
				<ondown>595</ondown>
				<oninfo>ActivateWindow(1122)</oninfo>
				<visible>String.Contains(Container.FolderPath,plugin://plugin.program)</visible>
				<itemlayout width="155" height="129">
					<control type="image">
						<description>Default Cover Case</description>
						<width>155</width>
						<height>129</height>
						<texture background="true" border="4">covers/cover-case2.png</texture>
						<aspectratio>stretch</aspectratio>
						<bordersize>6</bordersize>
						<animation effect="fade" end="50" condition="true">Conditional</animation>
					</control>
					<control type="image">
						<description>Cover</description>
						<width>155</width>
						<height>129</height>
						<texture background="true">$INFO[ListItem.Thumb]</texture>
						<aspectratio>stretch</aspectratio>
						<bordersize>10</bordersize>
					</control>
					<control type="image">
						<description>Dim</description>
						<width>155</width>
						<height>129</height>
						<texture background="true">dim.png</texture>
						<aspectratio>stretch</aspectratio>
						<bordersize>10</bordersize>
						<visible>!String.IsEmpty(ListItem.Thumb)</visible>
						<include>CoverDimAnim</include>
					</control>
					<control type="image">
						<description>Default Cover</description>
						<width>155</width>
						<height>129</height>
						<bordersize>20</bordersize>
						<texture background="true">$INFO[ListItem.ActualIcon]</texture>
						<aspectratio>keep</aspectratio>
						<visible>String.IsEmpty(ListItem.Thumb)</visible>
						<animation effect="fade" end="50" condition="true">Conditional</animation>
					</control>
				</itemlayout>
				<focusedlayout width="155" height="129" condition="Container.Column(0) + Container.Row(0)">
					<control type="group">
						<description>Top Left Corner Cover</description>
						<include>WideThumbsStyleCoverImage</include>
						<include condition="![Skin.String(LowCPUPowerMode,Animations) | Skin.String(LowCPUPowerMode,Full)]">WideThumbsStyleTopLeftCornerFocusAnim</include>
					</control>
				</focusedlayout>
				<focusedlayout width="155" height="129" condition="!Container.Column(0) + !Container.Column(4) + Container.Row(0)">
					<control type="group">
						<description>Top Edge Cover</description>
						<include>WideThumbsStyleCoverImage</include>
						<include condition="![Skin.String(LowCPUPowerMode,Animations) | Skin.String(LowCPUPowerMode,Full)]">WideThumbsStyleTopEdgeFocusAnim</include>
					</control>
				</focusedlayout>
				<focusedlayout width="155" height="129" condition="Container.Column(4) + Container.Row(0)">
					<control type="group">
						<description>Top Right Corner Cover</description>
						<include>WideThumbsStyleCoverImage</include>
						<include condition="![Skin.String(LowCPUPowerMode,Animations) | Skin.String(LowCPUPowerMode,Full)]">WideThumbsStyleTopRightCornerFocusAnim</include>
					</control>
				</focusedlayout>
				<focusedlayout width="155" height="129" condition="Container.Column(0) + [Container.Row(1) | Container.Row(2)]">
					<control type="group">
						<description>Left Edge Cover</description>
						<include>WideThumbsStyleCoverImage</include>
						<include condition="![Skin.String(LowCPUPowerMode,Animations) | Skin.String(LowCPUPowerMode,Full)]">WideThumbsStyleLeftEdgeFocusAnim</include>
					</control>
				</focusedlayout>
				<focusedlayout width="155" height="129" condition="!Container.Row(0) + !Container.Row(3) + !Container.Column(0) + !Container.Column(4)">
					<control type="group">
						<description>Mid Row Cover</description>
						<include>WideThumbsStyleCoverImage</include>
						<include condition="![Skin.String(LowCPUPowerMode,Animations) | Skin.String(LowCPUPowerMode,Full)]">WideThumbsStyleMidRowFocusAnim</include>
					</control>
				</focusedlayout>
				<focusedlayout width="155" height="129" condition="Container.Column(4) + [Container.Row(1) | Container.Row(2)]">
					<control type="group">
						<description>Right Edge Cover</description>
						<include>WideThumbsStyleCoverImage</include>
						<include condition="![Skin.String(LowCPUPowerMode,Animations) | Skin.String(LowCPUPowerMode,Full)]">WideThumbsStyleRightEdgeFocusAnim</include>
					</control>
				</focusedlayout>
				<focusedlayout width="155" height="129" condition="Container.Column(0) + Container.Row(3)">
					<control type="group">
						<description>Bottom Left Corner Cover</description>
						<include>WideThumbsStyleCoverImage</include>
						<include condition="![Skin.String(LowCPUPowerMode,Animations) | Skin.String(LowCPUPowerMode,Full)]">WideThumbsStyleBottomLeftCornerFocusAnim</include>
					</control>
				</focusedlayout>
				<focusedlayout width="155" height="129" condition="!Container.Column(0) + !Container.Column(4) + Container.Row(3)">
					<control type="group">
						<description>Bottom Edge Cover</description>
						<include>WideThumbsStyleCoverImage</include>
						<include condition="![Skin.String(LowCPUPowerMode,Animations) | Skin.String(LowCPUPowerMode,Full)]">WideThumbsStyleBottomEdgeFocusAnim</include>
					</control>
				</focusedlayout>
				<focusedlayout width="155" height="129" condition="Container.Column(4) + Container.Row(3)">
					<control type="group">
						<description>Bottom Right Corner Cover</description>
						<include>WideThumbsStyleCoverImage</include>
						<include condition="![Skin.String(LowCPUPowerMode,Animations) | Skin.String(LowCPUPowerMode,Full)]">WideThumbsStyleBottomRightCornerFocusAnim</include>
					</control>
				</focusedlayout>
			</control>

			<include>ProgramsThumbsInfo3ViewScrollbar</include>

			<control type="group">
				<description>Bottom Bar Area</description>
				<top>BottomPaneOffsetY</top>
				<!--<include>InfoPaneImage</include>-->
				<include>InfoPaneMediaDetails</include>
				<include>BottomPaneOpenCloseAnim</include>

				<control type="group">
					<visible>!Skin.HasSetting(HideProgramsThumbsInfo3Label)</visible>

					<control type="label">
						<include>InfoPaneItemTitle</include>
						<label>[B]$INFO[ListItem.Label][/B]</label>
					</control>

					<control type="label">
						<include>InfoPaneItemTitle2</include>
						<label>$INFO[ListItem.Premiered]</label>
					</control>
				</control>
			</control>

			<include>ViewsDialogPopUpScreenDim</include>
		</control>
	</include>

	<!-- COMMON -->
	<include name="ProgramsThumbsInfoViewCommon">
		<include>ViewContentPanel</include>
		<include>ListInfo3MediaInfoPanelCommon</include>

		<control type="group">
			<visible>!String.IsEmpty(ListItem.Title)</visible>
			<include>ListInfo3PanelFanart</include>
			
			<include content="ThumbsInfoMediaInfoArea">
				<param name="visible" value="true" />
				<param name="Grouplist1LabelWidth" value="110" />
				<param name="Grouplist1Label" value="$LOCALIZE[32028]" />
				<param name="Grouplist1InfoWidth" value="190" />
				<param name="Grouplist1Info" value="$INFO[ListItem.Studio]" />
				<param name="Grouplist2LabelWidth" value="110" />
				<param name="Grouplist2Label" value="$LOCALIZE[32027]" />
				<param name="Grouplist2InfoWidth" value="140" />
				<param name="Grouplist2Info" value="$INFO[ListItem.Writer]" />
				<param name="Grouplist3LabelWidth" value="110" />
				<param name="Grouplist3Label" value="$LOCALIZE[345]" />
				<param name="Grouplist3InfoWidth" value="110" />
				<param name="Grouplist3Info" value="$INFO[ListItem.Premiered]" />
				<param name="Grouplist4LabelWidth" value="110" />
				<param name="Grouplist4Label" value="$LOCALIZE[563]" />
				<param name="Grouplist4InfoWidth" value="110" />
				<param name="Grouplist4Info" value="$INFO[ListItem.Rating]" />
			</include>
			
			<include content="ThumbsInfoPlot">
				<param name="fallback" value="31203" />
				<param name="label" value="$INFO[ListItem.Plot]" />
			</include>
		</control>
	</include>
	<!--//// END THUMBS INFO VIEW /////////////////////////////////////////////////////////////////////-->

	<!--//// START WRAP LIST INFO VIEW ////////////////////////////////////////////////////////////////-->
	<include name="ProgramsWrapListInfoView">
		<control type="group" id="500">
			<defaultcontrol always="true">596</defaultcontrol>
			<visible>Control.IsVisible(596)</visible>
			<include>MediaViewOpenCloseAnim</include>

			<control type="group" id="254">
				<animation effect="slide" end="0,120" time="500" condition="Skin.HasSetting(EnableProgramsWrapListInfoCompactMode)">Conditional</animation>
				<include condition="Skin.String(ProgramsWrapListInfoStyle,1) | String.IsEmpty(Skin.String(ProgramsWrapListInfoStyle))">ProgramsWrapListInfoStyle1</include>
				<include condition="Skin.String(ProgramsWrapListInfoStyle,2)">ProgramsWrapListInfoStyle2</include>
			</control>

			<control type="group">
				<description>Bottom Bar Area</description>
				<top>BottomPaneOffsetY</top>
				<!--<include>InfoPaneImage</include>-->
				<include>InfoPaneMediaDetails</include>
				<include>BottomPaneOpenCloseAnim</include>
			</control>

			<include>ViewsDialogPopUpScreenDim</include>
		</control>
	</include>

	<include name="ProgramsWrapListInfoView2">
		<control type="group" id="500">
			<defaultcontrol always="true">597</defaultcontrol>
			<visible>Control.IsVisible(597)</visible>
			<include>MediaViewOpenCloseAnim</include>

			<control type="group" id="254">
				<animation effect="slide" end="0,120" time="500" condition="Skin.HasSetting(EnableProgramsWrapListInfo2CompactMode)">Conditional</animation>
				<include condition="Skin.String(ProgramsWrapListInfo2Style,1) | String.IsEmpty(Skin.String(ProgramsWrapListInfo2Style))">ProgramsWrapListInfo2Style1</include>
				<include condition="Skin.String(ProgramsWrapListInfo2Style,2)">ProgramsWrapListInfo2Style2</include>
			</control>

			<control type="group">
				<description>Bottom Bar Area</description>
				<top>BottomPaneOffsetY</top>
				<!--<include>InfoPaneImage</include>-->
				<include>InfoPaneMediaDetails</include>
				<include>BottomPaneOpenCloseAnim</include>
			</control>

			<include>ViewsDialogPopUpScreenDim</include>
		</control>
	</include>

	<include name="ProgramsWrapListInfoView3">
		<control type="group" id="500">
			<defaultcontrol always="true">598</defaultcontrol>
			<visible>Control.IsVisible(598)</visible>
			<include>MediaViewOpenCloseAnim</include>

			<control type="group" id="254">
				<animation effect="slide" end="0,120" time="500" condition="Skin.HasSetting(EnableProgramsWrapListInfo3CompactMode)">Conditional</animation>
				<include>ProgramsWrapListInfo3Style1</include>
			</control>

			<control type="group">
				<description>Bottom Bar Area</description>
				<top>BottomPaneOffsetY</top>
				<!--<include>InfoPaneImage</include>-->
				<include>InfoPaneMediaDetails</include>
				<include>BottomPaneOpenCloseAnim</include>
			</control>

			<include>ViewsDialogPopUpScreenDim</include>
		</control>
	</include>

	<!-- WRAP INFO 1 -->
	<include name="ProgramsWrapListInfoStyle1">
		<control type="image">
			<description>Bottom Pane Background</description>
			<top>378</top>
			<width>ScreenWidth</width>
			<height>347</height>
			<texture border="0,6,0,0">gui/bottom-info-background.png</texture>
		</control>

		<control type="image">
			<description>Background Glow</description>
			<left>492</left>
			<top>382</top>
			<width>755</width>
			<height>345</height>
			<texture flipy="true">gui/background-glow.png</texture>
			<animation effect="fade" end="20" condition="true">Conditional</animation>
		</control> 

		<control type="image">
			<description>Cover Glow</description>
			<left>41</left>
			<top>382</top>
			<width>600</width>
			<height>345</height>
			<texture>views/cover-glow.png</texture>
			<aspectratio aligny="bottom">center</aspectratio>
			<visible>!Container.OnNext + !Container.OnPrevious</visible>
			<include>WrapListInfoCoverGlowScrollAnim</include>
		</control>

		<control type="image">
			<top>211</top>
			<width>ScreenWidth</width>
			<height>171</height>
			<texture border="0,0,0,2">views/wrap-list-header.png</texture>
			<aspectratio>stretch</aspectratio>
		</control>

		<control type="label">
			<description>Title</description>
			<left>485</left>
			<top>211</top>
			<width>765</width>
			<height>33</height>
			<font>WrapListFont</font>
			<textcolor>DefaultColor</textcolor>
			<shadowcolor>ShadowColor</shadowcolor>
			<label>$INFO[ListItem.Label]</label>
			<visible>!String.IsEmpty(ListItem.Title)</visible>
			<aligny>center</aligny>
			<scroll>true</scroll>
		</control>

		<control type="image">
			<top>244</top>
			<width>ScreenWidth</width>
			<height>2</height>
			<texture>panels/panel-separator.png</texture>
		</control>

		<control type="grouplist">
			<description>Programs Info</description>
			<depth>DepthContent+</depth>
			<left>485</left>
			<top>472</top>
			<width>765</width>
			<orientation>horizontal</orientation>
			<usecontrolcoords>true</usecontrolcoords>
			<visible>!String.IsEmpty(ListItem.Title)</visible>
			<control type="label">
				<description>Platform</description>
				<width min="0" max="110">auto</width>
				<include>WrapInfoViewCatLabel</include>
				<label>$LOCALIZE[32027]:</label>
			</control>
			<control type="label">
				<description>Platform Value</description>
				<width min="0" max="150">auto</width>
				<include>WrapInfoViewCatValueLabel</include>
				<label fallback="31001">$INFO[ListItem.Writer]</label>
			</control>
			<include>WrapInfoViewDot</include>
			<control type="label">
				<description>Publisher</description>
				<width min="0" max="110">auto</width>
				<include>WrapInfoViewCatLabel</include>
				<label>$LOCALIZE[32028]:</label>
			</control>
			<control type="label">
				<description>Publisher Value</description>
				<width min="0" max="140">auto</width>
				<include>WrapInfoViewCatValueLabel</include>
				<label fallback="31001">$INFO[ListItem.Studio]</label>
			</control>
			<include>WrapInfoViewDot</include>
			<control type="label">
				<description>Year</description>
				<width min="0" max="110">auto</width>
				<include>WrapInfoViewCatLabel</include>
				<label>$LOCALIZE[345]:</label>
			</control>
			<control type="label">
				<description>Year Value</description>
				<width min="0" max="110">auto</width>
				<include>WrapInfoViewCatValueLabel</include>
				<label fallback="31001">$INFO[ListItem.Premiered]</label>
			</control>
		</control>

		<control type="group">
			<visible>!String.IsEmpty(ListItem.Title) + !Skin.HasSetting(EnableProgramsWrapListInfoCompactMode)</visible>
			<depth>DepthContent+</depth>

			<control type="textbox">
				<description>Plot</description>
				<left>485</left>
				<top>507</top>
				<width>765</width>
				<height>123</height>
				<font>MediaInfoDescFont</font>
				<textcolor>MediaInfoColor</textcolor>
				<shadowcolor>ShadowColor</shadowcolor>
				<align>justify</align>
				<label fallback="31203">$INFO[ListItem.Plot]</label>
				<wrapmultiline>true</wrapmultiline>
				<autoscroll time="2000" delay="6000" repeat="10000">!Skin.HasSetting(DoNotAutoScrollPlot)</autoscroll>
				<visible>!Container.OnNext + !Container.OnPrevious</visible>
				<include>ControlsOpenCloseAnim</include>
			</control>

			<control type="group">
				<left>239</left>
				<top>520</top>

				<control type="label">
					<description>Genre</description>
					<top>10</top>
					<width>204</width>
					<font>MediaInfoFont2</font>
					<textcolor>WhiteColor</textcolor>
					<shadowcolor>ShadowColor</shadowcolor>
					<align>center</align>
					<label>[UPPERCASE]$INFO[ListItem.Genre][/UPPERCASE]</label>
				</control>
			</control>
		</control>

		<control type="wraplist" id="596">
			<viewtype label="31106">bigwrap</viewtype>
			<left>-38</left>
			<top>244</top>
			<width>1350</width>
			<height>330</height>
			<focusposition>2</focusposition>
			<pagecontrol>926</pagecontrol>
			<orientation>horizontal</orientation>
			<preloaditems>4</preloaditems>
			<scrolltime tween="sine" easing="inout">401</scrolltime>
			<onup>850</onup>
			<ondown condition="Control.IsVisible(926) | Control.IsVisible(976)">150</ondown>
			<ondown condition="![Control.IsVisible(926) | Control.IsVisible(976)]">ActivateWindow(1122)</ondown>
			<oninfo>ActivateWindow(1122)</oninfo>
			<visible>String.Contains(Container.FolderPath,plugin://plugin.program)</visible>
			<itemlayout width="150">
				<control type="image">
					<description>Cover Case</description>
					<width>155</width>
					<height>214</height>
					<texture border="7">covers/cover-case-nofocus.png</texture>
					<aspectratio>stretch</aspectratio>
				</control>
				<control type="image">
					<description>Cover</description>
					<width>155</width>
					<height>214</height>
					<texture background="true">$INFO[ListItem.Thumb]</texture>
					<bordersize>9</bordersize>
					<aspectratio>stretch</aspectratio>
				</control>
				<control type="image">
					<description>Default Cover Background</description>
					<width>155</width>
					<height>214</height>
					<texture>dim.png</texture>
					<bordersize>9</bordersize>
					<aspectratio>stretch</aspectratio>
					<visible>String.IsEmpty(ListItem.Thumb)</visible>
				</control>
				<control type="image">
					<description>Default Cover</description>
					<width>155</width>
					<height>214</height>
					<texture background="true">$INFO[ListItem.ActualIcon]</texture>
					<bordersize>12</bordersize>
					<aspectratio>keep</aspectratio>
					<visible>String.IsEmpty(ListItem.Thumb)</visible>
					<animation effect="fade" end="30" condition="true">Conditional</animation>
				</control>
				<control type="image">
					<description>Reflection</description>
					<left>4</left>
					<top>211</top>
					<width>147</width>
					<height>214</height>
					<texture flipy="true" diffuse="views/reflection.png" background="true">$INFO[ListItem.Icon]</texture>
					<bordertexture flipy="true" diffuse="views/reflection.png" border="4">covers/cover-case2.png</bordertexture>
					<bordersize>5</bordersize>
					<aspectratio>stretch</aspectratio>
					<animation effect="fade" end="70" condition="true">Conditional</animation>
				</control>
			</itemlayout>
			<focusedlayout width="150">
				<control type="group">
					<depth>DepthContent+</depth>
					<animation effect="zoom" start="100" end="145" center="78,90" time="300" tween="back" easing="out" reversible="false" delay="150">Focus</animation>
					<animation effect="zoom" start="145" end="100" center="78,90" time="100" reversible="false">UnFocus</animation>
					<control type="image">
						<description>Cover Case</description>
						<width>155</width>
						<height>214</height>
						<texture border="7">covers/cover-case-focus.png</texture>
						<aspectratio>stretch</aspectratio>
					</control>
					<control type="image">
						<description>Cover</description>
						<width>155</width>
						<height>214</height>
						<texture background="true">$INFO[ListItem.Thumb]</texture>
						<bordersize>10</bordersize>
						<aspectratio>stretch</aspectratio>
					</control>
					<control type="image">
						<description>Default Cover Background</description>
						<width>155</width>
						<height>214</height>
						<texture>dim.png</texture>
						<bordersize>10</bordersize>
						<aspectratio>stretch</aspectratio>
						<visible>String.IsEmpty(ListItem.Thumb)</visible>
					</control>
					<control type="image">
						<description>Default Cover</description>
						<width>155</width>
						<height>214</height>
						<texture background="true">$INFO[ListItem.ActualIcon]</texture>
						<bordersize>12</bordersize>
						<aspectratio>keep</aspectratio>
						<visible>String.IsEmpty(ListItem.Thumb)</visible>
					</control>
					<control type="image">
						<description>Reflection</description>
						<left>4</left>
						<top>211</top>
						<width>147</width>
						<height>214</height>
						<texture flipy="true" diffuse="views/reflection.png" background="true">$INFO[ListItem.Icon]</texture>
						<bordertexture flipy="true" diffuse="views/reflection.png" border="4">covers/cover-case2.png</bordertexture>
						<bordersize>6</bordersize>
						<aspectratio>stretch</aspectratio>
						<animation effect="fade" end="70" condition="true">Conditional</animation>
					</control>
				</control>
			</focusedlayout>
		</control>

		<control type="group">
			<depth>DepthContent+</depth>
			<include>ProgramsWrapInfoViewScrollbar</include>
		</control>
	</include>

	<include name="ProgramsWrapListInfoStyle2">
		<control type="image">
			<description>Bottom Pane Background</description>
			<top>345</top>
			<width>ScreenWidth</width>
			<height>380</height>
			<texture border="0,6,0,0">gui/bottom-info-background.png</texture>
		</control>

		<control type="image">
			<description>Background Glow</description>
			<left>492</left>
			<top>349</top>
			<width>755</width>
			<height>415</height>
			<texture flipy="true">gui/background-glow.png</texture>
			<animation effect="fade" end="20" condition="true">Conditional</animation>
		</control> 

		<control type="image">
			<description>Cover Glow</description>
			<left>-52</left>
			<top>334</top>
			<width>744</width>
			<height>415</height>
			<texture>views/cover-glow.png</texture>
			<aspectratio aligny="bottom">center</aspectratio>
			<visible>!Container.OnNext + !Container.OnPrevious</visible>
			<include>WrapListInfoCoverGlowScrollAnim2</include>
		</control>

		<control type="image">
			<top>137</top>
			<width>ScreenWidth</width>
			<height>212</height>
			<texture border="0,0,0,2">views/wrap-list-header.png</texture>
			<aspectratio>stretch</aspectratio>
		</control>

		<control type="label">
			<description>Title</description>
			<left>485</left>
			<top>137</top>
			<width>765</width>
			<height>33</height>
			<font>WrapListFont</font>
			<textcolor>DefaultColor</textcolor>
			<shadowcolor>ShadowColor</shadowcolor>
			<label>$INFO[ListItem.Label]</label>
			<visible>!String.IsEmpty(ListItem.Title)</visible>
			<aligny>center</aligny>
			<scroll>true</scroll>
		</control>

		<control type="image">
			<top>170</top>
			<width>ScreenWidth</width>
			<height>2</height>
			<texture>panels/panel-separator.png</texture>
		</control>

		<control type="grouplist">
			<description>Programs Info</description>
			<depth>DepthContent+</depth>
			<left>485</left>
			<top>472</top>
			<width>765</width>
			<orientation>horizontal</orientation>
			<usecontrolcoords>true</usecontrolcoords>
			<visible>!String.IsEmpty(ListItem.Title)</visible>
			<control type="label">
				<description>Platform</description>
				<width min="0" max="110">auto</width>
				<include>WrapInfoViewCatLabel</include>
				<label>$LOCALIZE[32027]:</label>
			</control>
			<control type="label">
				<description>Platform Value</description>
				<width min="0" max="200">auto</width>
				<include>WrapInfoViewCatValueLabel</include>
				<label fallback="31001">$INFO[ListItem.Writer]</label>
			</control>
			<include>WrapInfoViewDot</include>
			<control type="label">
				<description>Publisher</description>
				<width min="0" max="110">auto</width>
				<include>WrapInfoViewCatLabel</include>
				<label>$LOCALIZE[32028]:</label>
			</control>
			<control type="label">
				<description>Publisher Value</description>
				<width min="0" max="200">auto</width>
				<include>WrapInfoViewCatValueLabel</include>
				<label fallback="31001">$INFO[ListItem.Studio]</label>
			</control>
			<include>WrapInfoViewDot</include>
			<control type="label">
				<description>Year</description>
				<width min="0" max="110">auto</width>
				<include>WrapInfoViewCatLabel</include>
				<label>$LOCALIZE[345]:</label>
			</control>
			<control type="label">
				<description>Year Value</description>
				<width min="0" max="110">auto</width>
				<include>WrapInfoViewCatValueLabel</include>
				<label fallback="31001">$INFO[ListItem.Premiered]</label>
			</control>
		</control>

		<control type="group">
			<visible>!String.IsEmpty(ListItem.Title) + !Skin.HasSetting(EnableProgramsWrapListInfoCompactMode)</visible>
			<depth>DepthContent+</depth>

			<control type="textbox">
				<description>Plot</description>
				<left>485</left>
				<top>507</top>
				<width>765</width>
				<height>123</height>
				<font>MediaInfoDescFont</font>
				<textcolor>MediaInfoColor</textcolor>
				<shadowcolor>ShadowColor</shadowcolor>
				<align>justify</align>
				<label fallback="31203">$INFO[ListItem.Plot]</label>
				<wrapmultiline>true</wrapmultiline>
				<autoscroll time="2000" delay="6000" repeat="10000">!Skin.HasSetting(DoNotAutoScrollPlot)</autoscroll>
				<visible>!Container.OnNext + !Container.OnPrevious</visible>
				<include>ControlsOpenCloseAnim</include>
			</control>

			<control type="group">
				<left>188</left>
				<top>520</top>

				<control type="label">
					<description>Genre</description>
					<top>10</top>
					<width>268</width>
					<font>MediaInfoFont2</font>
					<textcolor>WhiteColor</textcolor>
					<shadowcolor>ShadowColor</shadowcolor>
					<align>center</align>
					<label>[UPPERCASE]$INFO[ListItem.Genre][/UPPERCASE]</label>
				</control>
			</control>
		</control>

		<control type="wraplist" id="596">
			<viewtype label="31106">bigwrap</viewtype>
			<left>-3</left>
			<top>170</top>
			<width>ScreenWidth</width>
			<height>470</height>
			<focusposition>1</focusposition>
			<pagecontrol>926</pagecontrol>
			<orientation>horizontal</orientation>
			<preloaditems>4</preloaditems>
			<scrolltime tween="sine" easing="inout">500</scrolltime>
			<onup>850</onup>
			<ondown condition="Control.IsVisible(926) | Control.IsVisible(976)">150</ondown>
			<ondown condition="![Control.IsVisible(926) | Control.IsVisible(976)]">ActivateWindow(1122)</ondown>
			<oninfo>ActivateWindow(1122)</oninfo>
			<visible>String.Contains(Container.FolderPath,plugin://plugin.program)</visible>
			<itemlayout width="214">
				<control type="image">
					<description>Cover Case</description>
					<width>214</width>
					<height>288</height>
					<texture border="7">covers/cover-case-nofocus.png</texture>
					<aspectratio>stretch</aspectratio>
				</control>
				<control type="image">
					<description>Cover</description>
					<width>214</width>
					<height>288</height>
					<texture background="true">$INFO[ListItem.Thumb]</texture>
					<bordersize>12</bordersize>
					<aspectratio>stretch</aspectratio>
				</control>
				<control type="image">
					<description>Default Cover Background</description>
					<width>214</width>
					<height>288</height>
					<texture>dim.png</texture>
					<bordersize>12</bordersize>
					<aspectratio>stretch</aspectratio>
					<visible>String.IsEmpty(ListItem.Thumb)</visible>
				</control>
				<control type="image">
					<description>Default Cover</description>
					<width>214</width>
					<height>288</height>
					<texture background="true">$INFO[ListItem.ActualIcon]</texture>
					<bordersize>20</bordersize>
					<aspectratio>keep</aspectratio>
					<animation effect="fade" end="30" condition="true">Conditional</animation>
					<visible>String.IsEmpty(ListItem.Thumb)</visible>
				</control>
				<control type="image">
					<description>Reflection</description>
					<left>4</left>
					<top>285</top>
					<width>206</width>
					<height>288</height>
					<texture flipy="true" diffuse="views/reflection.png" background="true">$INFO[ListItem.Icon]</texture>
					<bordertexture flipy="true" diffuse="views/reflection.png" border="4">covers/cover-case2.png</bordertexture>
					<bordersize>8</bordersize>
					<aspectratio>stretch</aspectratio>
					<animation effect="fade" end="70" condition="true">Conditional</animation>
				</control>
			</itemlayout>
			<focusedlayout width="214">
				<control type="group">
					<depth>DepthContent+</depth>
					<animation effect="zoom" start="100" end="130" center="107,132" time="360" tween="back" easing="out" reversible="false" delay="200">Focus</animation>
					<animation effect="zoom" start="130" end="100" center="107,132" time="200" reversible="false">UnFocus</animation>
					<control type="image">
						<description>Cover Case</description>
						<width>214</width>
						<height>288</height>
						<texture border="7">covers/cover-case-focus.png</texture>
						<aspectratio>stretch</aspectratio>
					</control>
					<control type="image">
						<description>Cover</description>
						<width>214</width>
						<height>288</height>
						<texture background="true">$INFO[ListItem.Thumb]</texture>
						<bordersize>12</bordersize>
						<aspectratio>stretch</aspectratio>
					</control>
					<control type="image">
						<description>Default Cover Background</description>
						<width>214</width>
						<height>288</height>
						<texture>dim.png</texture>
						<bordersize>12</bordersize>
						<aspectratio>stretch</aspectratio>
						<visible>String.IsEmpty(ListItem.Thumb)</visible>
					</control>
					<control type="image">
						<description>Default Cover</description>
						<width>214</width>
						<height>288</height>
						<texture background="true">$INFO[ListItem.ActualIcon]</texture>
						<bordersize>20</bordersize>
						<aspectratio>keep</aspectratio>
						<visible>String.IsEmpty(ListItem.Thumb)</visible>
					</control>
					<control type="image">
						<description>Reflection</description>
						<left>4</left>
						<top>285</top>
						<width>206</width>
						<height>288</height>
						<texture flipy="true" diffuse="views/reflection.png" background="true">$INFO[ListItem.Icon]</texture>
						<bordertexture flipy="true" diffuse="views/reflection.png" border="4">covers/cover-case2.png</bordertexture>
						<bordersize>8</bordersize>
						<aspectratio>stretch</aspectratio>
						<animation effect="fade" end="70" condition="true">Conditional</animation>
					</control>
					<control type="image">
						<description>Overlay</description>
						<left>161</left>
						<top>235</top>
						<width>26</width>
						<height>26</height>
						<texture background="true">$INFO[ListItem.Overlay]</texture>
						<aspectratio>stretch</aspectratio>
						<visible>!Skin.HasSetting(HideMoviesWrapListInfoOverlay)</visible>
					</control>
				</control>
			</focusedlayout>
		</control>

		<control type="group">
			<depth>DepthContent+</depth>
			<include>ProgramsWrapInfoViewScrollbar</include>
		</control>
	</include>

	<!-- WRAP INFO 2 -->
	<include name="ProgramsWrapListInfo2Style1">
		<control type="image">
			<description>Bottom Pane Background</description>
			<top>397</top>
			<width>ScreenWidth</width>
			<height>347</height>
			<texture border="0,6,0,0">gui/bottom-info-background.png</texture>
		</control>

		<control type="image">
			<description>Background Glow</description>
			<left>492</left>
			<top>401</top>
			<width>755</width>
			<height>326</height>
			<texture flipy="true">gui/background-glow.png</texture>
			<animation effect="fade" end="20" condition="true">Conditional</animation>
		</control> 

		<control type="image">
			<description>Cover Glow</description>
			<left>41</left>
			<top>401</top>
			<width>600</width>
			<height>326</height>
			<texture>views/cover-glow.png</texture>
			<aspectratio aligny="bottom">center</aspectratio>
			<visible>!Container.OnNext + !Container.OnPrevious</visible>
			<include>WrapListInfoCoverGlowScrollAnim</include>
		</control>

		<control type="image">
			<top>270</top>
			<width>ScreenWidth</width>
			<height>131</height>
			<texture border="0,0,0,2">views/wrap-list-header.png</texture>
			<aspectratio>stretch</aspectratio>
		</control>

		<control type="label">
			<description>Title</description>
			<left>485</left>
			<top>270</top>
			<width>765</width>
			<height>33</height>
			<font>WrapListFont</font>
			<textcolor>DefaultColor</textcolor>
			<shadowcolor>ShadowColor</shadowcolor>
			<label>$INFO[ListItem.Label]</label>
			<visible>!String.IsEmpty(ListItem.Title)</visible>
			<aligny>center</aligny>
			<scroll>true</scroll>
		</control>

		<control type="image">
			<top>303</top>
			<width>ScreenWidth</width>
			<height>2</height>
			<texture>panels/panel-separator.png</texture>
		</control>

		<control type="grouplist">
			<description>Programs Info</description>
			<depth>DepthContent+</depth>
			<left>485</left>
			<top>472</top>
			<width>765</width>
			<orientation>horizontal</orientation>
			<usecontrolcoords>true</usecontrolcoords>
			<visible>!String.IsEmpty(ListItem.Title)</visible>
			<control type="label">
				<description>Platform</description>
				<width min="0" max="110">auto</width>
				<include>WrapInfoViewCatLabel</include>
				<label>$LOCALIZE[32027]:</label>
			</control>
			<control type="label">
				<description>Platform Value</description>
				<width min="0" max="200">auto</width>
				<include>WrapInfoViewCatValueLabel</include>
				<label fallback="31001">$INFO[ListItem.Writer]</label>
			</control>
			<include>WrapInfoViewDot</include>
			<control type="label">
				<description>Publisher</description>
				<width min="0" max="110">auto</width>
				<include>WrapInfoViewCatLabel</include>
				<label>$LOCALIZE[32028]:</label>
			</control>
			<control type="label">
				<description>Publisher Value</description>
				<width min="0" max="200">auto</width>
				<include>WrapInfoViewCatValueLabel</include>
				<label fallback="31001">$INFO[ListItem.Studio]</label>
			</control>
			<include>WrapInfoViewDot</include>
			<control type="label">
				<description>Year</description>
				<width min="0" max="110">auto</width>
				<include>WrapInfoViewCatLabel</include>
				<label>$LOCALIZE[345]:</label>
			</control>
			<control type="label">
				<description>Year Value</description>
				<width min="0" max="110">auto</width>
				<include>WrapInfoViewCatValueLabel</include>
				<label fallback="31001">$INFO[ListItem.Premiered]</label>
			</control>
		</control>

		<control type="group">
			<visible>!String.IsEmpty(ListItem.Title) + !Skin.HasSetting(EnableProgramsWrapListInfo2CompactMode)</visible>
			<depth>DepthContent+</depth>

			<control type="textbox">
				<description>Plot</description>
				<left>485</left>
				<top>507</top>
				<width>765</width>
				<height>123</height>
				<font>MediaInfoDescFont</font>
				<textcolor>MediaInfoColor</textcolor>
				<shadowcolor>ShadowColor</shadowcolor>
				<align>justify</align>
				<label fallback="31203">$INFO[ListItem.Plot]</label>
				<wrapmultiline>true</wrapmultiline>
				<autoscroll time="2000" delay="6000" repeat="10000">!Skin.HasSetting(DoNotAutoScrollPlot)</autoscroll>
				<visible>!Container.OnNext + !Container.OnPrevious</visible>
				<include>ControlsOpenCloseAnim</include>
			</control>

			<control type="group">
				<left>239</left>
				<top>500</top>

				<control type="label">
					<description>Genre</description>
					<top>10</top>
					<width>204</width>
					<font>MediaInfoFont2</font>
					<textcolor>WhiteColor</textcolor>
					<shadowcolor>ShadowColor</shadowcolor>
					<align>center</align>
					<label>[UPPERCASE]$INFO[ListItem.Genre]$INFO[ListItem.Genre]$INFO[ListItem.Genre]$INFO[ListItem.Genre][/UPPERCASE]</label>
				</control>
			</control>
		</control>

		<control type="wraplist" id="597">
			<viewtype label="31117">bigwrap</viewtype>
			<left>-38</left>
			<top>303</top>
			<width>1350</width>
			<height>330</height>
			<focusposition>2</focusposition>
			<pagecontrol>927</pagecontrol>
			<orientation>horizontal</orientation>
			<preloaditems>4</preloaditems>
			<scrolltime tween="sine" easing="inout">401</scrolltime>
			<onup>850</onup>
			<ondown condition="Control.IsVisible(927) | Control.IsVisible(977)">150</ondown>
			<ondown condition="![Control.IsVisible(927) | Control.IsVisible(977)]">ActivateWindow(1122)</ondown>
			<oninfo>ActivateWindow(1122)</oninfo>
			<visible>String.Contains(Container.FolderPath,plugin://plugin.program)</visible>
			<itemlayout width="150">
				<control type="image">
					<description>Cover Case</description>
					<width>155</width>
					<height>155</height>
					<texture border="7">covers/cover-case-nofocus.png</texture>
					<aspectratio>stretch</aspectratio>
				</control>
				<control type="image">
					<description>Cover</description>
					<width>155</width>
					<height>155</height>
					<texture background="true">$INFO[ListItem.Thumb]</texture>
					<bordersize>9</bordersize>
					<aspectratio>stretch</aspectratio>
				</control>
				<control type="image">
					<description>Default Cover Background</description>
					<width>155</width>
					<height>155</height>
					<texture>dim.png</texture>
					<bordersize>9</bordersize>
					<aspectratio>stretch</aspectratio>
					<visible>String.IsEmpty(ListItem.Thumb)</visible>
				</control>
				<control type="image">
					<description>Default Cover</description>
					<width>155</width>
					<height>155</height>
					<texture background="true">$INFO[ListItem.ActualIcon]</texture>
					<bordersize>22</bordersize>
					<aspectratio>keep</aspectratio>
					<visible>String.IsEmpty(ListItem.Thumb)</visible>
					<animation effect="fade" end="30" condition="true">Conditional</animation>
				</control>
				<control type="image">
					<description>Reflection</description>
					<left>4</left>
					<top>152</top>
					<width>147</width>
					<height>155</height>
					<texture flipy="true" diffuse="views/reflection.png" background="true">$INFO[ListItem.Icon]</texture>
					<bordertexture flipy="true" diffuse="views/reflection.png" border="4">covers/cover-case2.png</bordertexture>
					<bordersize>5</bordersize>
					<aspectratio>stretch</aspectratio>
					<animation effect="fade" end="70" condition="true">Conditional</animation>
				</control>
			</itemlayout>
			<focusedlayout width="150">
				<control type="group">
					<depth>DepthContent+</depth>
					<animation effect="zoom" start="100" end="145" center="78,90" time="300" tween="back" easing="out" reversible="false" delay="150">Focus</animation>
					<animation effect="zoom" start="145" end="100" center="78,90" time="100" reversible="false">UnFocus</animation>
					<control type="image">
						<description>Cover Case</description>
						<width>155</width>
						<height>155</height>
						<texture border="7">covers/cover-case-focus.png</texture>
						<aspectratio>stretch</aspectratio>
					</control>
					<control type="image">
						<description>Cover</description>
						<width>155</width>
						<height>155</height>
						<texture background="true">$INFO[ListItem.Thumb]</texture>
						<bordersize>10</bordersize>
						<aspectratio>stretch</aspectratio>
					</control>
					<control type="image">
						<description>Default Cover Background</description>
						<width>155</width>
						<height>155</height>
						<texture>dim.png</texture>
						<bordersize>10</bordersize>
						<aspectratio>stretch</aspectratio>
						<visible>String.IsEmpty(ListItem.Thumb)</visible>
					</control>
					<control type="image">
						<description>Default Cover</description>
						<width>155</width>
						<height>155</height>
						<texture background="true">$INFO[ListItem.ActualIcon]</texture>
						<bordersize>22</bordersize>
						<aspectratio>keep</aspectratio>
						<visible>String.IsEmpty(ListItem.Thumb)</visible>
					</control>
					<control type="image">
						<description>Reflection</description>
						<left>4</left>
						<top>152</top>
						<width>147</width>
						<height>155</height>
						<texture flipy="true" diffuse="views/reflection.png" background="true">$INFO[ListItem.Icon]</texture>
						<bordertexture flipy="true" diffuse="views/reflection.png" border="4">covers/cover-case2.png</bordertexture>
						<bordersize>6</bordersize>
						<aspectratio>stretch</aspectratio>
						<animation effect="fade" end="70" condition="true">Conditional</animation>
					</control>
				</control>
			</focusedlayout>
		</control>

		<control type="group">
			<depth>DepthContent+</depth>
			<include>ProgramsWrapInfo2ViewScrollbar</include>
		</control>
	</include>

	<include name="ProgramsWrapListInfo2Style2">
		<control type="image">
			<description>Bottom Pane Background</description>
			<top>372</top>
			<width>ScreenWidth</width>
			<height>353</height>
			<texture border="0,6,0,0">gui/bottom-info-background.png</texture>
		</control>

		<control type="image">
			<description>Background Glow</description>
			<left>492</left>
			<top>376</top>
			<width>755</width>
			<height>388</height>
			<texture flipy="true">gui/background-glow.png</texture>
			<animation effect="fade" end="20" condition="true">Conditional</animation>
		</control> 

		<control type="image">
			<description>Cover Glow</description>
			<left>-52</left>
			<top>360</top>
			<width>744</width>
			<height>388</height>
			<texture>views/cover-glow.png</texture>
			<aspectratio aligny="bottom">center</aspectratio>
			<visible>!Container.OnNext + !Container.OnPrevious</visible>
			<include>WrapListInfoCoverGlowScrollAnim2</include>
		</control>

		<control type="image">
			<top>209</top>
			<width>ScreenWidth</width>
			<height>167</height>
			<texture border="0,0,0,2">views/wrap-list-header.png</texture>
			<aspectratio>stretch</aspectratio>
		</control>

		<control type="label">
			<description>Title</description>
			<left>485</left>
			<top>209</top>
			<width>765</width>
			<height>33</height>
			<font>WrapListFont</font>
			<textcolor>DefaultColor</textcolor>
			<shadowcolor>ShadowColor</shadowcolor>
			<label>$INFO[ListItem.Label]</label>
			<visible>!String.IsEmpty(ListItem.Title)</visible>
			<aligny>center</aligny>
			<scroll>true</scroll>
		</control>

		<control type="image">
			<top>242</top>
			<width>ScreenWidth</width>
			<height>2</height>
			<texture>panels/panel-separator.png</texture>
		</control>

		<control type="grouplist">
			<description>Programs Info</description>
			<depth>DepthContent+</depth>
			<left>485</left>
			<top>472</top>
			<width>765</width>
			<orientation>horizontal</orientation>
			<usecontrolcoords>true</usecontrolcoords>
			<visible>!String.IsEmpty(ListItem.Title)</visible>
			<control type="label">
				<description>Platform</description>
				<width min="0" max="110">auto</width>
				<include>WrapInfoViewCatLabel</include>
				<label>$LOCALIZE[32027]:</label>
			</control>
			<control type="label">
				<description>Platform Value</description>
				<width min="0" max="200">auto</width>
				<include>WrapInfoViewCatValueLabel</include>
				<label fallback="31001">$INFO[ListItem.Writer]</label>
			</control>
			<include>WrapInfoViewDot</include>
			<control type="label">
				<description>Publisher</description>
				<width min="0" max="110">auto</width>
				<include>WrapInfoViewCatLabel</include>
				<label>$LOCALIZE[32028]:</label>
			</control>
			<control type="label">
				<description>Publisher Value</description>
				<width min="0" max="200">auto</width>
				<include>WrapInfoViewCatValueLabel</include>
				<label fallback="31001">$INFO[ListItem.Studio]</label>
			</control>
			<include>WrapInfoViewDot</include>
			<control type="label">
				<description>Year</description>
				<width min="0" max="110">auto</width>
				<include>WrapInfoViewCatLabel</include>
				<label>$LOCALIZE[345]:</label>
			</control>
			<control type="label">
				<description>Year Value</description>
				<width min="0" max="110">auto</width>
				<include>WrapInfoViewCatValueLabel</include>
				<label fallback="31001">$INFO[ListItem.Premiered]</label>
			</control>
		</control>

		<control type="group">
			<visible>!String.IsEmpty(ListItem.Title) + !Skin.HasSetting(EnableProgramsWrapListInfo2CompactMode)</visible>
			<depth>DepthContent+</depth>

			<control type="textbox">
				<description>Plot</description>
				<left>485</left>
				<top>507</top>
				<width>765</width>
				<height>123</height>
				<font>MediaInfoDescFont</font>
				<textcolor>MediaInfoColor</textcolor>
				<shadowcolor>ShadowColor</shadowcolor>
				<align>justify</align>
				<label fallback="31203">$INFO[ListItem.Plot]</label>
				<wrapmultiline>true</wrapmultiline>
				<autoscroll time="2000" delay="6000" repeat="10000">!Skin.HasSetting(DoNotAutoScrollPlot)</autoscroll>
				<visible>!Container.OnNext + !Container.OnPrevious</visible>
				<include>ControlsOpenCloseAnim</include>
			</control>

			<control type="group">
				<left>188</left>
				<top>500</top>

				<control type="label">
					<description>Genre</description>
					<top>10</top>
					<width>268</width>
					<font>MediaInfoFont2</font>
					<textcolor>WhiteColor</textcolor>
					<shadowcolor>ShadowColor</shadowcolor>
					<align>center</align>
					<label>[UPPERCASE]$INFO[ListItem.Genre][/UPPERCASE]</label>
				</control>
			</control>
		</control>

		<control type="wraplist" id="597">
			<viewtype label="31117">bigwrap</viewtype>
			<left>-3</left>
			<top>242</top>
			<width>ScreenWidth</width>
			<height>470</height>
			<focusposition>1</focusposition>
			<pagecontrol>927</pagecontrol>
			<orientation>horizontal</orientation>
			<preloaditems>4</preloaditems>
			<scrolltime tween="sine" easing="inout">500</scrolltime>
			<onup>850</onup>
			<ondown condition="Control.IsVisible(927) | Control.IsVisible(977)">150</ondown>
			<ondown condition="![Control.IsVisible(927) | Control.IsVisible(977)]">ActivateWindow(1122)</ondown>
			<oninfo>ActivateWindow(1122)</oninfo>
			<visible>String.Contains(Container.FolderPath,plugin://plugin.program)</visible>
			<itemlayout width="214">
				<control type="image">
					<description>Cover Case</description>
					<width>214</width>
					<height>214</height>
					<texture border="7">covers/cover-case-nofocus.png</texture>
					<aspectratio>stretch</aspectratio>
				</control>
				<control type="image">
					<description>Cover</description>
					<width>214</width>
					<height>214</height>
					<texture background="true">$INFO[ListItem.Thumb]</texture>
					<bordersize>12</bordersize>
					<aspectratio>stretch</aspectratio>
				</control>
				<control type="image">
					<description>Default Cover Background</description>
					<width>214</width>
					<height>214</height>
					<texture>dim.png</texture>
					<bordersize>12</bordersize>
					<aspectratio>stretch</aspectratio>
					<visible>String.IsEmpty(ListItem.Thumb)</visible>
				</control>
				<control type="image">
					<description>Default Cover</description>
					<width>214</width>
					<height>214</height>
					<texture background="true">$INFO[ListItem.ActualIcon]</texture>
					<bordersize>30</bordersize>
					<aspectratio>keep</aspectratio>
					<animation effect="fade" end="30" condition="true">Conditional</animation>
					<visible>String.IsEmpty(ListItem.Thumb)</visible>
				</control>
				<control type="image">
					<description>Reflection</description>
					<left>4</left>
					<top>211</top>
					<width>206</width>
					<height>214</height>
					<texture flipy="true" diffuse="views/reflection.png" background="true">$INFO[ListItem.Icon]</texture>
					<bordertexture flipy="true" diffuse="views/reflection.png" border="4">covers/cover-case2.png</bordertexture>
					<bordersize>8</bordersize>
					<aspectratio>stretch</aspectratio>
					<animation effect="fade" end="70" condition="true">Conditional</animation>
				</control>
			</itemlayout>
			<focusedlayout width="214">
				<control type="group">
					<depth>DepthContent+</depth>
					<animation effect="zoom" start="100" end="130" center="107,132" time="360" tween="back" easing="out" reversible="false" delay="200">Focus</animation>
					<animation effect="zoom" start="130" end="100" center="107,132" time="200" reversible="false">UnFocus</animation>
					<control type="image">
						<description>Cover Case</description>
						<width>214</width>
						<height>214</height>
						<texture border="7">covers/cover-case-focus.png</texture>
						<aspectratio>stretch</aspectratio>
					</control>
					<control type="image">
						<description>Cover</description>
						<width>214</width>
						<height>214</height>
						<texture background="true">$INFO[ListItem.Thumb]</texture>
						<bordersize>12</bordersize>
						<aspectratio>stretch</aspectratio>
					</control>
					<control type="image">
						<description>Default Cover Background</description>
						<width>214</width>
						<height>214</height>
						<texture>dim.png</texture>
						<bordersize>12</bordersize>
						<aspectratio>stretch</aspectratio>
						<visible>String.IsEmpty(ListItem.Thumb)</visible>
					</control>
					<control type="image">
						<description>Default Cover</description>
						<width>214</width>
						<height>214</height>
						<texture background="true">$INFO[ListItem.ActualIcon]</texture>
						<bordersize>30</bordersize>
						<aspectratio>keep</aspectratio>
						<visible>String.IsEmpty(ListItem.Thumb)</visible>
					</control>
					<control type="image">
						<description>Reflection</description>
						<left>4</left>
						<top>211</top>
						<width>206</width>
						<height>214</height>
						<texture flipy="true" diffuse="views/reflection.png" background="true">$INFO[ListItem.Icon]</texture>
						<bordertexture flipy="true" diffuse="views/reflection.png" border="4">covers/cover-case2.png</bordertexture>
						<bordersize>8</bordersize>
						<aspectratio>stretch</aspectratio>
						<animation effect="fade" end="70" condition="true">Conditional</animation>
					</control>
				</control>
			</focusedlayout>
		</control>

		<control type="group">
			<depth>DepthContent+</depth>
			<include>ProgramsWrapInfo2ViewScrollbar</include>
		</control>
	</include>

	<!-- WRAP INFO 3 -->
	<include name="ProgramsWrapListInfo3Style1">
		<control type="image">
			<description>Bottom Pane Background</description>
			<top>397</top>
			<width>ScreenWidth</width>
			<height>347</height>
			<texture border="0,6,0,0">gui/bottom-info-background.png</texture>
		</control>

		<control type="image">
			<description>Background Glow</description>
			<left>492</left>
			<top>401</top>
			<width>755</width>
			<height>326</height>
			<texture flipy="true">gui/background-glow.png</texture>
			<animation effect="fade" end="20" condition="true">Conditional</animation>
		</control> 

		<control type="image">
			<description>Cover Glow</description>
			<left>-111</left>
			<top>401</top>
			<width>803</width>
			<height>326</height>
			<texture>views/cover-glow.png</texture>
			<aspectratio aligny="bottom">center</aspectratio>
			<visible>!Container.OnNext + !Container.OnPrevious</visible>
			<include>WrapListInfoCoverGlowScrollAnim</include>
		</control>

		<control type="image">
			<top>270</top>
			<width>ScreenWidth</width>
			<height>131</height>
			<texture border="0,0,0,2">views/wrap-list-header.png</texture>
			<aspectratio>stretch</aspectratio>
		</control>

		<control type="label">
			<description>Title</description>
			<left>485</left>
			<top>270</top>
			<width>765</width>
			<height>33</height>
			<font>WrapListFont</font>
			<textcolor>DefaultColor</textcolor>
			<shadowcolor>ShadowColor</shadowcolor>
			<label>$INFO[ListItem.Label]</label>
			<visible>!String.IsEmpty(ListItem.Title)</visible>
			<aligny>center</aligny>
			<scroll>true</scroll>
		</control>

		<control type="image">
			<top>303</top>
			<width>ScreenWidth</width>
			<height>2</height>
			<texture>panels/panel-separator.png</texture>
		</control>

		<control type="grouplist">
			<description>Programs Info</description>
			<depth>DepthContent+</depth>
			<left>485</left>
			<top>472</top>
			<width>765</width>
			<orientation>horizontal</orientation>
			<usecontrolcoords>true</usecontrolcoords>
			<visible>!String.IsEmpty(ListItem.Title)</visible>
			<control type="label">
				<description>Platform</description>
				<width min="0" max="110">auto</width>
				<include>WrapInfoViewCatLabel</include>
				<label>$LOCALIZE[32027]:</label>
			</control>
			<control type="label">
				<description>Platform Value</description>
				<width min="0" max="200">auto</width>
				<include>WrapInfoViewCatValueLabel</include>
				<label fallback="31001">$INFO[ListItem.Writer]</label>
			</control>
			<include>WrapInfoViewDot</include>
			<control type="label">
				<description>Publisher</description>
				<width min="0" max="110">auto</width>
				<include>WrapInfoViewCatLabel</include>
				<label>$LOCALIZE[32028]:</label>
			</control>
			<control type="label">
				<description>Publisher Value</description>
				<width min="0" max="200">auto</width>
				<include>WrapInfoViewCatValueLabel</include>
				<label fallback="31001">$INFO[ListItem.Studio]</label>
			</control>
			<include>WrapInfoViewDot</include>
			<control type="label">
				<description>Year</description>
				<width min="0" max="110">auto</width>
				<include>WrapInfoViewCatLabel</include>
				<label>$LOCALIZE[345]:</label>
			</control>
			<control type="label">
				<description>Year Value</description>
				<width min="0" max="110">auto</width>
				<include>WrapInfoViewCatValueLabel</include>
				<label fallback="31001">$INFO[ListItem.Premiered]</label>
			</control>
		</control>

		<control type="group">
			<visible>!String.IsEmpty(ListItem.Title) + !Skin.HasSetting(EnableProgramsWrapListInfo3CompactMode)</visible>
			<depth>DepthContent+</depth>

			<control type="textbox">
				<description>Plot</description>
				<left>485</left>
				<top>507</top>
				<width>765</width>
				<height>123</height>
				<font>MediaInfoDescFont</font>
				<textcolor>MediaInfoColor</textcolor>
				<shadowcolor>ShadowColor</shadowcolor>
				<align>justify</align>
				<label fallback="31203">$INFO[ListItem.Plot]</label>
				<wrapmultiline>true</wrapmultiline>
				<autoscroll time="2000" delay="6000" repeat="10000">!Skin.HasSetting(DoNotAutoScrollPlot)</autoscroll>
				<visible>!Container.OnNext + !Container.OnPrevious</visible>
				<include>ControlsOpenCloseAnim</include>
			</control>

			<control type="group">
				<left>161</left>
				<top>500</top>

				<control type="label">
					<description>Genre</description>
					<top>10</top>
					<width>282</width>
					<font>MediaInfoFont2</font>
					<textcolor>WhiteColor</textcolor>
					<shadowcolor>ShadowColor</shadowcolor>
					<align>center</align>
					<label>[UPPERCASE]$INFO[ListItem.Genre][/UPPERCASE]</label>
				</control>
			</control>
		</control>

		<control type="wraplist" id="598">
			<viewtype label="31118">bigwrap</viewtype>
			<left>-32</left>
			<top>303</top>
			<width>1350</width>
			<height>330</height>
			<focusposition>1</focusposition>
			<pagecontrol>928</pagecontrol>
			<orientation>horizontal</orientation>
			<preloaditems>4</preloaditems>
			<scrolltime tween="sine" easing="inout">401</scrolltime>
			<onup>850</onup>
			<ondown condition="Control.IsVisible(928) | Control.IsVisible(978)">150</ondown>
			<ondown condition="![Control.IsVisible(928) | Control.IsVisible(978)]">ActivateWindow(1122)</ondown>
			<oninfo>ActivateWindow(1122)</oninfo>
			<visible>String.Contains(Container.FolderPath,plugin://plugin.program)</visible>
			<itemlayout width="209">
				<control type="image">
					<description>Cover Case</description>
					<width>214</width>
					<height>155</height>
					<texture border="7">covers/cover-case-nofocus.png</texture>
					<aspectratio>stretch</aspectratio>
				</control>
				<control type="image">
					<description>Cover</description>
					<width>214</width>
					<height>155</height>
					<texture background="true">$INFO[ListItem.Thumb]</texture>
					<bordersize>9</bordersize>
					<aspectratio>stretch</aspectratio>
				</control>
				<control type="image">
					<description>Default Cover Background</description>
					<width>214</width>
					<height>155</height>
					<texture>dim.png</texture>
					<bordersize>9</bordersize>
					<aspectratio>stretch</aspectratio>
					<visible>String.IsEmpty(ListItem.Thumb)</visible>
				</control>
				<control type="image">
					<description>Default Cover</description>
					<width>214</width>
					<height>155</height>
					<texture background="true">$INFO[ListItem.ActualIcon]</texture>
					<bordersize>22</bordersize>
					<aspectratio>keep</aspectratio>
					<visible>String.IsEmpty(ListItem.Thumb)</visible>
					<animation effect="fade" end="30" condition="true">Conditional</animation>
				</control>
				<control type="image">
					<description>Reflection</description>
					<left>4</left>
					<top>152</top>
					<width>206</width>
					<height>155</height>
					<texture flipy="true" diffuse="views/reflection.png" background="true">$INFO[ListItem.Icon]</texture>
					<bordertexture flipy="true" diffuse="views/reflection.png" border="4">covers/cover-case2.png</bordertexture>
					<bordersize>5</bordersize>
					<aspectratio>stretch</aspectratio>
					<animation effect="fade" end="70" condition="true">Conditional</animation>
				</control>
			</itemlayout>
			<focusedlayout width="209">
				<control type="group">
					<depth>DepthContent+</depth>
					<animation effect="zoom" start="100" end="145" center="78,90" time="300" tween="back" easing="out" reversible="false" delay="150">Focus</animation>
					<animation effect="zoom" start="145" end="100" center="78,90" time="100" reversible="false">UnFocus</animation>
					<control type="image">
						<description>Cover Case</description>
						<width>214</width>
						<height>155</height>
						<texture border="7">covers/cover-case-focus.png</texture>
						<aspectratio>stretch</aspectratio>
					</control>
					<control type="image">
						<description>Cover</description>
						<width>214</width>
						<height>155</height>
						<texture background="true">$INFO[ListItem.Thumb]</texture>
						<bordersize>10</bordersize>
						<aspectratio>stretch</aspectratio>
					</control>
					<control type="image">
						<description>Default Cover Background</description>
						<width>214</width>
						<height>155</height>
						<texture>dim.png</texture>
						<bordersize>10</bordersize>
						<aspectratio>stretch</aspectratio>
						<visible>String.IsEmpty(ListItem.Thumb)</visible>
					</control>
					<control type="image">
						<description>Default Cover</description>
						<width>214</width>
						<height>155</height>
						<texture background="true">$INFO[ListItem.ActualIcon]</texture>
						<bordersize>22</bordersize>
						<aspectratio>keep</aspectratio>
						<visible>String.IsEmpty(ListItem.Thumb)</visible>
					</control>
					<control type="image">
						<description>Reflection</description>
						<left>4</left>
						<top>152</top>
						<width>206</width>
						<height>155</height>
						<texture flipy="true" diffuse="views/reflection.png" background="true">$INFO[ListItem.Icon]</texture>
						<bordertexture flipy="true" diffuse="views/reflection.png" border="4">covers/cover-case2.png</bordertexture>
						<bordersize>6</bordersize>
						<aspectratio>stretch</aspectratio>
						<animation effect="fade" end="70" condition="true">Conditional</animation>
					</control>
				</control>
			</focusedlayout>
		</control>

		<control type="group">
			<depth>DepthContent+</depth>
			<include>ProgramsWrapInfo3ViewScrollbar</include>
		</control>
	</include>
	<!--//// END WRAP LIST INFO VIEW //////////////////////////////////////////////////////////////////-->
</includes>