<?xml version="1.0" encoding="UTF-8"?>
<window>
	<defaultcontrol>120</defaultcontrol>
	<allowoverlay>no</allowoverlay>

	<coordinates>
		<system>1</system>
		<origin x="305" y="150">true</origin>
	</coordinates>

	<controls>
		<control type="group">
			<include>PseudotvAdvancedConfigDialogBox</include>
			<include>DialogOpenCloseAnim</include>

			<control type="label">
				<include>DialogTitle</include>
				<label>$LOCALIZE[31123]</label>
			</control>

			<control type="grouplist">		
				<description>Dialog Button Area</description>			
				<left>250</left>
				<top>337</top>
				<itemgap>0</itemgap>
				<orientation>horizontal</orientation>
				<onup>104</onup>
				<ondown>104</ondown>
				<control type="button" id="113">
					<description>OK</description>
					<include>DialogMenuBarBtn</include>
					<onclick>PreviousMenu</onclick>
					<label>$LOCALIZE[15067]</label>
				</control>			
			</control>

			<control type="group">
				<left>DialogMarginOffsetX</left>
				<top>DialogMarginOffsetY</top>
				<width>600</width>
				<height>320</height>

				<control type="group" id="104">	

					<control type="group">
						<description>Rule Entry area</description>
						<width>600</width>
						<height>310</height>
						<control type="button" id="120">
							<description>Entry 1</description>
							<width>600</width>
							<ondown>121</ondown>
							<onright>113</onright>
							<onleft>113</onleft>
							<visible allowhiddenfocus="true">Control.HasFocus(120) | ![StringCompare(Window.Property(itempress),120) | StringCompare(Window.Property(itempress),121) | StringCompare(Window.Property(itempress),122) | StringCompare(Window.Property(itempress),123) | StringCompare(Window.Property(itempress),124) | StringCompare(Window.Property(itempress),125) | StringCompare(Window.Property(itempress),126)]</visible>
							<onclick>SetProperty(itempress,120)</onclick>
							<onclick>SetFocus(130)</onclick>
						</control>

						<control type="button" id="121">
							<description>Entry 2</description>
							<top>40</top>
							<width>600</width>
							<onup>120</onup>
							<ondown>122</ondown>
							<onright>113</onright>
							<onleft>113</onleft>
							<visible>![StringCompare(Window.Property(itempress),120) | StringCompare(Window.Property(itempress),121) | StringCompare(Window.Property(itempress),122) | StringCompare(Window.Property(itempress),123) | StringCompare(Window.Property(itempress),124) | StringCompare(Window.Property(itempress),125) | StringCompare(Window.Property(itempress),126)]</visible>
							<onclick>SetProperty(itempress,121)</onclick>
							<onclick>SetFocus(130)</onclick>
						</control>

						<control type="button" id="122">
							<description>Entry 3</description>
							<top>80</top>
							<width>600</width>
							<onup>121</onup>
							<ondown>123</ondown>
							<onright>113</onright>
							<onleft>113</onleft>
							<visible>![StringCompare(Window.Property(itempress),120) | StringCompare(Window.Property(itempress),121) | StringCompare(Window.Property(itempress),122) | StringCompare(Window.Property(itempress),123) | StringCompare(Window.Property(itempress),124) | StringCompare(Window.Property(itempress),125) | StringCompare(Window.Property(itempress),126)]</visible>
							<onclick>SetProperty(itempress,122)</onclick>
							<onclick>SetFocus(130)</onclick>
						</control>

						<control type="button" id="123">
							<description>Entry 4</description>
							<top>120</top>
							<width>600</width>
							<onup>122</onup>
							<ondown>124</ondown>
							<onright>113</onright>
							<onleft>113</onleft>
							<visible>![StringCompare(Window.Property(itempress),120) | StringCompare(Window.Property(itempress),121) | StringCompare(Window.Property(itempress),122) | StringCompare(Window.Property(itempress),123) | StringCompare(Window.Property(itempress),124) | StringCompare(Window.Property(itempress),125) | StringCompare(Window.Property(itempress),126)]</visible>
							<onclick>SetProperty(itempress,123)</onclick>
							<onclick>SetFocus(130)</onclick>
						</control>

						<control type="button" id="124">
							<description>Entry 5</description>
							<top>160</top>
							<width>600</width>
							<onup>123</onup>
							<ondown>125</ondown>
							<onright>113</onright>
							<onleft>113</onleft>
							<visible>![StringCompare(Window.Property(itempress),120) | StringCompare(Window.Property(itempress),121) | StringCompare(Window.Property(itempress),122) | StringCompare(Window.Property(itempress),123) | StringCompare(Window.Property(itempress),124) | StringCompare(Window.Property(itempress),125) | StringCompare(Window.Property(itempress),126)]</visible>
							<onclick>SetProperty(itempress,124)</onclick>
							<onclick>SetFocus(130)</onclick>
						</control>

						<control type="button" id="125">
							<description>Entry 6</description>
							<top>200</top>
							<width>600</width>
							<onup>124</onup>
							<ondown>126</ondown>
							<onright>113</onright>
							<onleft>113</onleft>
							<visible>![StringCompare(Window.Property(itempress),120) | StringCompare(Window.Property(itempress),121) | StringCompare(Window.Property(itempress),122) | StringCompare(Window.Property(itempress),123) | StringCompare(Window.Property(itempress),124) | StringCompare(Window.Property(itempress),125) | StringCompare(Window.Property(itempress),126)]</visible>
							<onclick>SetProperty(itempress,125)</onclick>
							<onclick>SetFocus(130)</onclick>
						</control>

						<control type="button" id="126">
							<description>Entry 7</description>
							<top>240</top>
							<width>600</width>
							<onup>125</onup>
							<onright>113</onright>
							<onleft>113</onleft>
							<visible>![StringCompare(Window.Property(itempress),120) | StringCompare(Window.Property(itempress),121) | StringCompare(Window.Property(itempress),122) | StringCompare(Window.Property(itempress),123) | StringCompare(Window.Property(itempress),124) | StringCompare(Window.Property(itempress),125) | StringCompare(Window.Property(itempress),126)]</visible>
							<onclick>SetProperty(itempress,126)</onclick>
							<onclick>SetFocus(130)</onclick>
						</control>
					</control>

					<control type="button" id="130">
						<description>Rule for editing</description>
						<ondown>102</ondown>
						<onright>113</onright>
						<onleft>113</onleft>
						<width>600</width>
						<onclick>SetProperty(itempress,100)</onclick>
						<onclick>SetFocus(120)</onclick>
						<visible allowhiddenfocus="true">Control.HasFocus(130) | StringCompare(Window.Property(itempress),120) | StringCompare(Window.Property(itempress),121) | StringCompare(Window.Property(itempress),122) | StringCompare(Window.Property(itempress),123) | StringCompare(Window.Property(itempress),124) | StringCompare(Window.Property(itempress),125) | StringCompare(Window.Property(itempress),126)</visible>
						<animation condition="StringCompare(Window.Property(itempress),121)" reversible="false">
							<effect type="slide" start="0,40" time="500" />
						</animation>
						<animation condition="StringCompare(Window.Property(itempress),122)" reversible="false">
							<effect type="slide" start="0,80" time="500" />
						</animation>
						<animation condition="StringCompare(Window.Property(itempress),123)" reversible="false">
							<effect type="slide" start="0,120" time="500" />
						</animation>
						<animation condition="StringCompare(Window.Property(itempress),124)" reversible="false">
							<effect type="slide" start="0,160" time="500" />
						</animation>
						<animation condition="StringCompare(Window.Property(itempress),125)" reversible="false">
							<effect type="slide" start="0,200" time="500" />
						</animation>
						<animation condition="StringCompare(Window.Property(itempress),126)" reversible="false">
							<effect type="slide" start="0,240" time="500" />
						</animation>
					</control>

					<control type="group" id="102">
						<description>Controls for editing</description>
						<top>40</top>
						<width>600</width>
						<height>240</height>
						<visible>StringCompare(Window.Property(itempress),120) | StringCompare(Window.Property(itempress),121) | StringCompare(Window.Property(itempress),122) | StringCompare(Window.Property(itempress),123) | StringCompare(Window.Property(itempress),124) | StringCompare(Window.Property(itempress),125) | StringCompare(Window.Property(itempress),126)</visible>
						<animation condition="StringCompare(Window.Property(itempress),120)" reversible="false">
							<effect type="slide" start="0,35" time="500" />
							<effect type="zoom" start="100,0" time="500" />
						</animation>
						<animation condition="StringCompare(Window.Property(itempress),121)" reversible="false">
							<effect type="slide" start="0,75" time="500" />
							<effect type="zoom" start="100,0" time="500" />
						</animation>
						<animation condition="StringCompare(Window.Property(itempress),122)" reversible="false">
							<effect type="slide" start="0,115" time="500" />
							<effect type="zoom" start="100,0" time="500" />
						</animation>
						<animation condition="StringCompare(Window.Property(itempress),123)" reversible="false">
							<effect type="slide" start="0,155" time="500" />
							<effect type="zoom" start="100,0" time="500" />
						</animation>
						<animation condition="StringCompare(Window.Property(itempress),124)" reversible="false">
							<effect type="slide" start="0,195" time="500" />
							<effect type="zoom" start="100,0" time="500" />
						</animation>
						<animation condition="StringCompare(Window.Property(itempress),125)" reversible="false">
							<effect type="slide" start="0,235" time="500" />
							<effect type="zoom" start="100,0" time="500" />
						</animation>
						<animation condition="StringCompare(Window.Property(itempress),126)" reversible="false">
							<effect type="slide" start="0,275" time="500" />
							<effect type="zoom" start="100,0" time="500" />
						</animation>

						<control type="button" id="131">
							<width>600</width>
							<onup>130</onup>
							<ondown>160</ondown>
						</control>

						<control type="group">
							<left>30</left>
							<top>10</top>
							<control type="label" id="150">
								<left>10</left>
								<top>50</top>
								<width>260</width>
								<height>30</height>
								<align>center</align>
							</control>

							<control type="button" id="160">
								<left>30</left>
								<top>90</top>
								<width>230</width>
								<height>30</height>
								<align>center</align>
								<onup>131</onup>
								<ondown>162</ondown>
								<onright>161</onright>
							</control>

							<control type="label" id="151">
								<left>270</left>
								<top>50</top>
								<width>260</width>
								<height>30</height>
								<align>center</align>
							</control>

							<control type="button" id="161">
								<left>280</left>
								<top>90</top>
								<width>230</width>
								<height>30</height>
								<align>center</align>
								<onup>131</onup>
								<ondown>163</ondown>
								<onleft>160</onleft>
								<onright>162</onright>
							</control>

							<control type="label" id="152">
								<left>10</left>
								<top>130</top>
								<width>260</width>
								<height>30</height>
								<align>center</align>
							</control>

							<control type="button" id="162">
								<left>30</left>
								<top>170</top>
								<width>230</width>
								<height>30</height>
								<align>center</align>
								<onup>160</onup>
								<onright>163</onright>
								<onleft>161</onleft>
							</control>

							<control type="label" id="153">
								<left>270</left>
								<top>130</top>
								<width>260</width>
								<height>30</height>
								<align>center</align>
							</control>

							<control type="button" id="163">
								<left>280</left>
								<top>170</top>
								<width>230</width>
								<height>30</height>
								<align>center</align>
								<onup>161</onup>
								<onleft>162</onleft>
							</control>
						</control>						
					</control>
				</control>
			</control>
		</control>
	</controls>
</window>
