<?xml version="1.0" encoding="UTF-8"?>
<window id="110">
	<defaultcontrol>0</defaultcontrol>
	<allowoverlay>no</allowoverlay>

	<coordinates>
		<system>1</system>
		<origin x="395" y="180">true</origin>
	</coordinates>
	
	<controls>
		<control type="group">
			<include>GamepadDialogBox</include>
			<include>DialogOpenCloseAnim</include>
			
			<control type="label" id="1">
				<include>DialogTitle2</include>
				<label>$LOCALIZE[13406]</label>
			</control>
			
			<control type="grouplist">
				<left>DialogMarginOffsetX</left>
				<top>DialogMarginOffsetY</top>
				<width>420</width>
				<itemgap>35</itemgap>
				<control type="label" id="2">
					<description>Line 1</description>
					<top>DialogMarginOffsetY</top>
					<width>420</width>
					<font>DefaultFontB</font>
					<textcolor>ButtonColor</textcolor>
					<align>center</align>
					<scroll>true</scroll>
				</control>		
				<control type="label" id="3">
					<description>Line 2</description>
					<top>100</top>
					<width>420</width>
					<font>DefaultFontB</font>
					<textcolor>ButtonColor</textcolor>
					<align>center</align>
					<scroll>true</scroll>
				</control>			
				<control type="label" id="4">
					<description>Line 3</description>
					<top>100</top>
					<width>420</width>
					<font>DefaultFontB</font>
					<textcolor>ButtonColor</textcolor>
					<align>center</align>
					<scroll>true</scroll>
				</control>
			</control>
		</control>
	</controls>
</window>