<?xml version="1.0" encoding="UTF-8"?>
<window id="130">
	<allowoverlay>no</allowoverlay>

	<coordinates>
		<system>1</system>
		<origin x="305" y="120">true</origin>
	</coordinates>
	
	<controls>
		<control type="group">
			<include>ProfileSettingsDialogBox</include>
			<include>DialogOpenCloseAnim</include>
			<animation effect="fade" start="100" end="0" time="250" condition="Window.IsActive(FileBrowser) | Window.IsActive(VirtualKeyboard) | Window.IsActive(LockSettings)">Conditional</animation>
			
			<control type="label" id="2">
				<include>DialogTitle</include>
				<label>-</label>
			</control>
			
			<control type="group">			
				<left>DialogMarginOffsetX</left>
				<top>DialogMarginOffsetY</top>
				
				<control type="image">
					<description>Profile Background</description>
					<width>600</width>
					<height>110</height>
					<texture border="5">controls/button-nofocus.png</texture>
				</control>
						
				<control type="image" id="101">
					<description>Profile Cover</description>
					<left>20</left>
					<top>5</top>
					<width>100</width>
					<height>100</height>
					<texture>unknown-user.png</texture>
					<aspectratio>stretch</aspectratio>
				</control>
				
				<control type="label" id="102">
					<description>Profile Name Value</description>
					<left>140</left>
					<top>25</top>
					<width>460</width>
					<font>ProfileNameFont</font>
					<textcolor>DefaultColor</textcolor>
					<scroll>true</scroll>
				</control>
				
				<control type="label" id="103">
					<description>Profile Directory Value</description>
					<left>140</left>
					<top>55</top>
					<width>460</width>
					<scroll>true</scroll>
					<include>DialogHeadLabel</include>
				</control>
				
				<control type="grouplist" id="5">
					<description>Control Area</description>
					<top>115</top>
					<width>600</width>
					<height>350</height>
					<itemgap>5</itemgap>
					<onleft>9001</onleft>
					<onright>9001</onright>
					<ondown>9001</ondown>
				</control>
				
				<control type="button" id="7">
					<description>Default Button</description>
					<width>600</width>
					<include>DialogContentLabel</include>
				</control>
			
				<control type="radiobutton" id="8">
					<description>Default RadioButton</description>
					<width>600</width>
					<include>DialogContentLabel</include>
				</control>
				
				<control type="spincontrolex" id="9">
					<description>Default SpinControlex</description>
					<width>600</width>
					<include>DialogContentLabel</include>
				</control>
			</control>
			
			<control type="grouplist" id="9001">		
				<description>Dialog Button Area</description>			
				<left>165</left>
				<top>412</top>
				<itemgap>0</itemgap>
				<orientation>horizontal</orientation>
				<onup>5</onup>
				<control type="button" id="28">
					<description>OK</description>
					<include>DialogMenuBarBtn</include>
					<label>$LOCALIZE[186]</label>
				</control>			
				<control type="button" id="29">
					<description>Cancel</description>
					<left>170</left>
					<include>DialogMenuBarBtn</include>
					<label>$LOCALIZE[222]</label>
				</control>				
			</control>
		</control>
	</controls>
</window>