<?xml version="1.0" encoding="UTF-8"?>
<window>
	<defaultcontrol always="true">50</defaultcontrol>
	<views>50</views>
	
	<controls>
		<control type="group">
			<depth>DepthBackground</depth>
			<include>BackgroundDefault</include>
			<include condition="[[!String.IsEmpty(Skin.String(CustomMusicBGPath)) + [Skin.String(CustomMusicBGType,2) | Skin.String(CustomMusicBGType,3)]] 
			| Skin.String(CustomMusicBGType,4)] + Skin.HasSetting(ApplyAllMusicCustomBG)">BackgroundMusic</include>
			<include condition="!Skin.HasSetting(DisableVideoPlayingBG)">BackgroundVideoPlaying</include>
			<include condition="!Skin.HasSetting(DisableMusicPlayingBG)">BackgroundMusicPlaying</include>
			<include>BackgroundOpenCloseAnim</include>
		</control>
		
		<control type="group">
			<depth>DepthContent</depth>
			<include>MediaViewOpenCloseAnim</include>
			<include>ViewContentPanel</include>
			
			<control type="image">
				<description>Divider</description>
				<left>540</left>
				<top>115</top>
				<width>200</width>
				<height>429</height>
				<texture border="4">panels/panel-content-border2.png</texture>
				<include>ListInfoViewContentBackgroundFadeAnim</include>
			</control>
			
			<control type="image">
				<description>Media Info Background</description>
				<left>546</left>
				<top>313</top>
				<width>188</width>
				<height>225</height>
				<texture border="4">panels/panel3.png</texture>
				<include>ListInfoViewMediaInfoBackgroundFadeAnim</include>
				<include>MediaViewOpenCloseAnim</include>
				<visible>[Control.HasFocus(50) + ![String.IsEmpty(ListItem.Title) + String.IsEmpty(ListItem.Artist) + String.IsEmpty(ListItem.Album) + String.IsEmpty(ListItem.Year) + String.IsEmpty(ListItem.Duration) + String.IsEmpty(ListItem.Genre)]] | [Control.HasFocus(100) + ![String.IsEmpty(Container(100).ListItem.Title) + String.IsEmpty(Container(100).ListItem.Artist) + String.IsEmpty(Container(100).ListItem.Album) + String.IsEmpty(Container(100).ListItem.Year) + String.IsEmpty(Container(100).ListItem.Duration) + String.IsEmpty(Container(100).ListItem.Genre)]]</visible>
			</control>
			
			<control type="label">
				<description>Path Left</description>
				<left>65</left>
				<top>118</top>
				<width>465</width>
				<font>MenuBarBtnFont</font>
				<textcolor>DefaultColor</textcolor>
				<label>$LOCALIZE[13000] $LOCALIZE[2]</label>
				<scroll>true</scroll>
			</control>
			
			<control type="label">
				<description>Path Right</description>
				<left>755</left>
				<top>118</top>
				<width>465</width>
				<font>MenuBarBtnFont</font>
				<textcolor>DefaultColor</textcolor>
				<label>$LOCALIZE[559]</label>
				<scroll>true</scroll>
			</control>

			<control type="list" id="50">
				<description>Left List</description>
				<left>60</left>
				<top>147</top>
				<width>470</width>
				<height>481</height>
				<pagecontrol>915</pagecontrol>
				<onup>50</onup>
				<ondown>50</ondown>
				<onleft>150</onleft>
				<onright>285</onright>
				<itemlayout height="37">
					<control type="image">
						<width>470</width>
						<height>37</height>
						<texture border="0,0,10,2">views/list-separator.png</texture>
						<aspectratio>stretch</aspectratio>
					</control>
					<control type="image">
						<left>5</left>
						<top>6</top>
						<width>24</width>
						<height>24</height>
						<texture background="true">$INFO[ListItem.ActualIcon].png</texture>
						<aspectratio>stretch</aspectratio>
					</control>
					<control type="label">
						<left>35</left>
						<width>430</width>
						<height>37</height>
						<font>ListFont</font>
						<textcolor>ListColor</textcolor>
						<shadowcolor>ShadowColor</shadowcolor>
						<aligny>center</aligny>
						<info>ListItem.Label</info>
					</control>
					<control type="label">
						<left>180</left>
						<width>280</width>
						<height>37</height>
						<font>ListFont2</font>
						<textcolor>ListColor3</textcolor>
						<shadowcolor>ShadowColor</shadowcolor>
						<align>right</align>
						<aligny>center</aligny>
						<info>ListItem.Label2</info>
					</control> 
				</itemlayout>
				<focusedlayout height="37">
					<control type="image">
						<width>470</width>
						<height>37</height>
						<texture border="0,0,10,2">views/list-separator.png</texture>
						<aspectratio>stretch</aspectratio>
					</control>
					<control type="image">
						<width>470</width>
						<height>36</height>
						<texture border="4">views/list-focus.png</texture>
						<aspectratio>stretch</aspectratio>
						<visible>Control.HasFocus(50)</visible>
						<include>ListViewSelectFadeAnim</include>
						<include>ListViewPlaylistEditorScrollAnim</include>
					</control>
					<control type="image">
						<width>470</width>
						<height>36</height>
						<texture border="4">views/list-alt-focus.png</texture>
						<aspectratio>stretch</aspectratio>
						<visible>!Control.HasFocus(50)</visible>
						<include>ListViewSelectFadeAnim2</include>
					</control>
					<control type="group">
						<include>ListViewFocusAnim</include>
						<control type="image">
							<left>5</left>
							<top>6</top>
							<width>24</width>
							<height>24</height>
							<texture background="true">$INFO[ListItem.ActualIcon].png</texture>
							<aspectratio>stretch</aspectratio>
						</control>
						<control type="label">
							<left>35</left>
							<width>430</width>
							<height>37</height>
							<font>ListFont</font>
							<textcolor>SelectedColor</textcolor>
							<shadowcolor>ShadowColor</shadowcolor>
							<aligny>center</aligny>
							<info>ListItem.Label</info>
						</control>
						<control type="label">
							<left>180</left>
							<width>280</width>
							<height>37</height>
							<font>ListFont2</font>
							<textcolor>ListColor3</textcolor>
							<shadowcolor>ShadowColor</shadowcolor>
							<align>right</align>
							<aligny>center</aligny>
							<info>ListItem.Label2</info>
						</control>
					</control>
				</focusedlayout>
			</control>

			<control type="list" id="100">
				<description>Right List</description>
				<left>750</left>
				<top>147</top>
				<width>470</width>
				<height>481</height>
				<pagecontrol>151</pagecontrol>
				<onup>100</onup>
				<ondown>100</ondown>
				<onleft>285</onleft>
				<onright>151</onright>
				<itemlayout height="37">
					<control type="image">
						<width>470</width>
						<height>37</height>
						<texture border="0,0,10,2">views/list-separator.png</texture>
						<aspectratio>stretch</aspectratio>
					</control>
					<control type="image">
						<left>5</left>
						<top>6</top>
						<width>24</width>
						<height>24</height>
						<texture background="true">DefaultAudio.png.png</texture>
						<aspectratio>stretch</aspectratio>
					</control>
					<control type="label">
						<left>35</left>
						<width>430</width>
						<height>37</height>
						<font>ListFont</font>
						<textcolor>ListColor</textcolor>
						<shadowcolor>ShadowColor</shadowcolor>
						<aligny>center</aligny>
						<info>ListItem.Label</info>
					</control>
					<control type="label">
						<left>180</left>
						<width>280</width>
						<height>37</height>
						<font>ListFont2</font>
						<textcolor>ListColor3</textcolor>
						<shadowcolor>ShadowColor</shadowcolor>
						<align>right</align>
						<aligny>center</aligny>
						<info>ListItem.Label2</info>
					</control> 
				</itemlayout>
				<focusedlayout height="37">
					<control type="image">
						<width>470</width>
						<height>37</height>
						<texture border="0,0,10,2">views/list-separator.png</texture>
						<aspectratio>stretch</aspectratio>
					</control>
					<control type="image">
						<width>470</width>
						<height>36</height>
						<texture border="4">views/list-focus.png</texture>
						<aspectratio>stretch</aspectratio>
						<visible>Control.HasFocus(100)</visible>
						<include>ListViewSelectFadeAnim</include>
						<include>ListViewPlaylistEditorScrollAnim2</include>
					</control>
					<control type="image">
						<width>470</width>
						<height>36</height>
						<texture border="4">views/list-alt-focus.png</texture>
						<aspectratio>stretch</aspectratio>
						<visible>!Control.HasFocus(100)</visible>
						<include>ListViewSelectFadeAnim2</include>
					</control>
					<control type="group">
						<include>ListViewFocusAnim</include>
						<control type="image">
							<left>5</left>
							<top>6</top>
							<width>24</width>
							<height>24</height>
							<texture background="true">DefaultAudio.png.png</texture>
							<aspectratio>stretch</aspectratio>
						</control>
						<control type="label">
							<left>35</left>
							<width>430</width>
							<height>37</height>
							<font>ListFont</font>
							<textcolor>SelectedColor</textcolor>
							<shadowcolor>ShadowColor</shadowcolor>
							<aligny>center</aligny>
							<info>ListItem.Label</info>
						</control>
						<control type="label">
							<left>180</left>
							<width>280</width>
							<height>37</height>
							<font>ListFont2</font>
							<textcolor>ListColor3</textcolor>
							<shadowcolor>ShadowColor</shadowcolor>
							<align>right</align>
							<aligny>center</aligny>
							<info>ListItem.Label2</info>
						</control>
					</control>
				</focusedlayout>
			</control>
			
			<include>PlaylistEditorScrollbar</include>
			
			<control type="group">
				<description>Music Info Area</description>
				<left>540</left>
				<top>90</top>
				
				<control type="image">
					<description>Left Preview Icon</description>
					<left>6</left>
					<top>31</top>
					<width>188</width>
					<height>186</height>
					<aspectratio>keep</aspectratio>
					<texture>$INFO[Container(50).ListItem.ActualIcon]</texture>
					<fadetime>IconCrossfadeTime</fadetime>
					<include>MediaViewOpenCloseAnim</include>
					<visible>Control.HasFocus(50) + String.IsEmpty(Container(50).ListItem.Icon)</visible>
				</control>
				
				<control type="image">
					<description>Right Preview Icon</description>
					<left>6</left>
					<top>31</top>
					<width>188</width>
					<height>186</height>
					<aspectratio>keep</aspectratio>
					<texture>$INFO[Container(100).ListItem.ActualIcon]</texture>
					<fadetime>IconCrossfadeTime</fadetime>
					<include>MediaViewOpenCloseAnim</include>
					<visible>Control.HasFocus(100) + String.IsEmpty(Container(100).ListItem.Icon)</visible>
				</control>

				<control type="image">
					<description>Left Preview</description>
					<left>6</left>
					<top>31</top>
					<width>188</width>
					<height>186</height>
					<aspectratio scalediffuse="false">scale</aspectratio>
					<texture background="true" diffuse="covers/player-control-media-cover-diffuse.png">$INFO[Container(50).ListItem.Icon]</texture>
					<fadetime>IconCrossfadeTime</fadetime>
					<include>MediaViewOpenCloseAnim</include>
					<visible>Control.HasFocus(50) + !String.IsEmpty(Container(50).ListItem.Icon)</visible>
				</control>
				
				<control type="image">
					<description>Right Preview</description>
					<left>6</left>
					<top>31</top>
					<width>188</width>
					<height>186</height>
					<aspectratio scalediffuse="false">scale</aspectratio>
					<texture background="true" diffuse="covers/player-control-media-cover-diffuse.png">$INFO[Container(100).ListItem.Icon]</texture>
					<fadetime>IconCrossfadeTime</fadetime>
					<include>MediaViewOpenCloseAnim</include>
					<visible>Control.HasFocus(100) + !String.IsEmpty(Container(100).ListItem.Icon)</visible>
				</control>
				
				<control type="grouplist">
					<description>Music Info Labels</description>
					<left>12</left>
					<top>226</top>
					<width>176</width>
					<height>216</height>
					<orientation>vertical</orientation>
					<itemgap>6</itemgap>
					<include>MediaViewOpenCloseAnim</include>
					<visible>Control.HasFocus(50)</visible>
					<control type="label">
						<include>PlaylistEditorInfoLabel1</include>
						<label>$LOCALIZE[556]</label>
						<visible>!String.IsEmpty(ListItem.Title)</visible>
					</control>
					<control type="label">
						<include>PlaylistEditorInfoLabel2</include>
						<label>$INFO[ListItem.Title]</label>
						<visible>!String.IsEmpty(ListItem.Title)</visible>
					</control>
					<control type="label">
						<include>PlaylistEditorInfoLabel1</include>
						<label>$LOCALIZE[557]</label>
						<visible>!String.IsEmpty(ListItem.Artist)</visible>
					</control>
					<control type="label">
						<include>PlaylistEditorInfoLabel2</include>
						<label>$INFO[ListItem.Artist]</label>
						<visible>!String.IsEmpty(ListItem.Artist)</visible>
					</control>
					<control type="label">
						<include>PlaylistEditorInfoLabel1</include>
						<label>$LOCALIZE[558]</label>
						<visible>!String.IsEmpty(ListItem.Album)</visible>
					</control>
					<control type="label">
						<include>PlaylistEditorInfoLabel2</include>
						<label>$INFO[ListItem.Album]</label>
						<visible>!String.IsEmpty(ListItem.Album)</visible>
					</control>
					<control type="label">
						<include>PlaylistEditorInfoLabel1</include>
						<label>$LOCALIZE[345]</label>
						<visible>!String.IsEmpty(ListItem.Year)</visible>
					</control>
					<control type="label">
						<include>PlaylistEditorInfoLabel2</include>
						<label>$INFO[ListItem.Year]</label>
						<visible>!String.IsEmpty(ListItem.Year)</visible>
					</control>
					<control type="label">
						<include>PlaylistEditorInfoLabel1</include>
						<label>$LOCALIZE[180]</label>
						<visible>!String.IsEmpty(ListItem.Duration)</visible>
					</control>
					<control type="label">
						<include>PlaylistEditorInfoLabel2</include>
						<label>$INFO[ListItem.Duration] $LOCALIZE[12391]</label>
						<visible>!String.IsEmpty(ListItem.Duration)</visible>
					</control>
					<control type="label">
						<include>PlaylistEditorInfoLabel1</include>
						<label>$LOCALIZE[515]</label>
						<visible>!String.IsEmpty(ListItem.Genre)</visible>
					</control>
					<control type="label">
						<include>PlaylistEditorInfoLabel2</include>
						<label>$INFO[ListItem.Genre]</label>
						<visible>!String.IsEmpty(ListItem.Genre)</visible>
					</control>
				</control>
				
				<control type="grouplist">
					<description>Music Info Labels</description>
					<left>12</left>
					<top>226</top>
					<width>176</width>
					<height>216</height>
					<orientation>vertical</orientation>
					<itemgap>6</itemgap>
					<include>MediaViewOpenCloseAnim</include>
					<visible>Control.HasFocus(100)</visible>
					<control type="label">
						<include>PlaylistEditorInfoLabel1</include>
						<label>$LOCALIZE[556]</label>
						<visible>!String.IsEmpty(Container(100).ListItem.Title)</visible>
					</control>
					<control type="label">
						<include>PlaylistEditorInfoLabel2</include>
						<label>$INFO[Container(100).ListItem.Title]</label>
						<visible>!String.IsEmpty(Container(100).ListItem.Title)</visible>
					</control>
					<control type="label">
						<include>PlaylistEditorInfoLabel1</include>
						<label>$LOCALIZE[557]</label>
						<visible>!String.IsEmpty(Container(100).ListItem.Artist)</visible>
					</control>
					<control type="label">
						<include>PlaylistEditorInfoLabel2</include>
						<label>$INFO[Container(100).ListItem.Artist]</label>
						<visible>!String.IsEmpty(Container(100).ListItem.Artist)</visible>
					</control>
					<control type="label">
						<include>PlaylistEditorInfoLabel1</include>
						<label>$LOCALIZE[558]</label>
						<visible>!String.IsEmpty(Container(100).ListItem.Album)</visible>
					</control>
					<control type="label">
						<include>PlaylistEditorInfoLabel2</include>
						<label>$INFO[Container(100).ListItem.Album]</label>
						<visible>!String.IsEmpty(Container(100).ListItem.Album)</visible>
					</control>
					<control type="label">
						<include>PlaylistEditorInfoLabel1</include>
						<label>$LOCALIZE[345]</label>
						<visible>!String.IsEmpty(Container(100).ListItem.Year)</visible>
					</control>
					<control type="label">
						<include>PlaylistEditorInfoLabel2</include>
						<label>$INFO[Container(100).ListItem.Year]</label>
						<visible>!String.IsEmpty(Container(100).ListItem.Year)</visible>
					</control>
					<control type="label">
						<include>PlaylistEditorInfoLabel1</include>
						<label>$LOCALIZE[180]</label>
						<visible>!String.IsEmpty(Container(100).ListItem.Duration)</visible>
					</control>
					<control type="label">
						<include>PlaylistEditorInfoLabel2</include>
						<label>$INFO[Container(100).ListItem.Duration] $LOCALIZE[12391]</label>
						<visible>!String.IsEmpty(Container(100).ListItem.Duration)</visible>
					</control>
					<control type="label">
						<include>PlaylistEditorInfoLabel1</include>
						<label>$LOCALIZE[515]</label>
						<visible>!String.IsEmpty(Container(100).ListItem.Genre)</visible>
					</control>
					<control type="label">
						<include>PlaylistEditorInfoLabel2</include>
						<label>$INFO[Container(100).ListItem.Genre]</label>
						<visible>!String.IsEmpty(Container(100).ListItem.Genre)</visible>
					</control>
				</control>
			</control>
			
			<control type="group" id="285">
				<description>Options Button Area</description>
				<left>540</left>
				<top>550</top>
				
				<control type="group" id="286">
					<control type="button" id="6">
						<description>Open</description>
						<width>98</width>
						<height>34</height>
						<label>$LOCALIZE[502]</label>
						<ondown>8</ondown>
						<onleft>50</onleft>
						<onright>7</onright>
					</control>
					<control type="button" id="7">
						<description>Save</description>
						<left>102</left>
						<width>98</width>
						<height>34</height>
						<label>$LOCALIZE[190]</label>
						<ondown>8</ondown>
						<onleft>6</onleft>
						<onright>100</onright>
					</control>
				</control>
				
				<control type="button" id="8">
					<description>Clear</description>
					<top>38</top>
					<width>200</width>
					<height>34</height>
					<label>$LOCALIZE[192]</label>
					<onup>286</onup>
					<onleft>50</onleft>
					<onright>100</onright>
				</control>
			</control>
		</control>
	
		<control type="group">
			<description>Top Bar Area</description>
			<visible>![System.IdleTime(3) + Skin.HasSetting(HideTopBar) + !Control.HasFocus(555)]</visible>
			<depth>DepthTopBar</depth>
			<include>TopBarImage</include>
			<include>TopBarOpenCloseAnim</include>
			<include>BreadCrumbMusicPlaylistEditor</include>
			<include>Notifications</include>
			<include>SortLetterNotification2</include>
		</control>
		
		<control type="group">
			<description>Bottom Bar Area</description>
			<depth>DepthContent</depth>
			<top>BottomPaneOffsetY</top>
			<include>InfoPaneMusicPlaylistEditorDetails</include>
			<include>BottomPaneOpenCloseAnim</include>
		</control>
	</controls>
</window>