<?xml version="1.0" encoding="UTF-8"?>
<window type="dialog" id="1103">
	<defaultcontrol>610</defaultcontrol>
	<include>BladesRunnerRightAnimation1</include>
	<coordinates>
		<system>1</system>
		<left>730</left>
		<top>0</top>
	</coordinates>
	<controls>
		<control type="group">
			<include>BladesRunnerRight</include>
			<animation type="Conditional" condition="![Window.IsActive(Favourites) | Window.IsActive(ShutdownMenu)]">
				<effect type="fade" start="0" end="100" time="100" />
				<effect type="slide" start="550,0" end="0,0" delay="100" time="400" tween="quadratic" easing="out" />
			</animation>
			<animation type="Conditional" condition="Window.IsActive(Favourites) | Window.IsActive(ShutdownMenu)">
				<effect type="slide" start="0,0" end="550,0" delay="DialogVisibleFadeAnimationSpeed" time="400" tween="quadratic" easing="in"/>
				<effect type="fade" start="100" end="0" delay="600" time="100" />
			</animation>
			<control type="label">
				<description>Header label</description>
				<left>200</left>
				<label>33063</label>
				<include>DialogHeaderTextCommons</include>
			</control>
			<control type="group">
				<left>180</left>
				<animation effect="fade" delay="500" time="DialogVisibleFadeAnimationSpeed">WindowOpen</animation>
				<animation effect="fade" delay="100" time="DialogVisibleFadeAnimationSpeed">WindowClose</animation>
				<control type="list" id="610">
					<left>0</left>
					<top>140</top>
					<width>340</width>
					<height>400</height>
					<onleft>Dialog.Close(1103)</onleft>
					<ondown condition="Control.IsVisible(603)">603</ondown>
					<ondown condition="!Control.IsVisible(603)">610</ondown>
					<pagecontrol>60</pagecontrol>
					<scrolltime>200</scrolltime>
					<itemlayout height="50">
						<control type="label">
							<left>25</left>
							<width>290</width>
							<height>47</height>
							<font>font16</font>
							<aligny>center</aligny>
							<textcolor>white</textcolor>
							<align>left</align>
							<info>ListItem.Label</info>
						</control>
					</itemlayout>
					<focusedlayout height="50">
						<control type="image">
							<description>Button focus</description>
							<width>340</width>
							<height>50</height>
							<texture>buttons/button.png</texture>
							<animation effect="slide" start="0,-52" time="200" tween="sine" easing="out" condition="Container(610).OnNext" reversible="false">Focus</animation>
							<animation effect="slide" start="0,52" time="200" tween="sine" easing="out" condition="Container(610).OnPrevious" reversible="false">Focus</animation>
							<animation effect="fade" start="100" end="25" time="200" condition="!Control.HasFocus(610)">Conditional</animation>
						</control>
						<control type="label">
							<left>25</left>
							<width>290</width>
							<height>47</height>
							<font>font16</font>
							<aligny>center</aligny>
							<textcolor>white</textcolor>
							<align>left</align>
							<info>ListItem.Label</info>
							<animation effect="slide" end="ButtonSlideBackDistance,0" time="ButtonSlideBackTime" reversible="false">focus</animation>
						</control>
						<control type="image">
							<description>Button shine animation</description>
							<top>2</top>
							<width>70</width>
							<height>46</height>
							<texture>shine-animation.png</texture>
							<visible>System.IdleTime(5) + Control.HasFocus(610)</visible>
							<animation type="visible" reversible="false">
								<effect type="fade" start="0" end="100" time="200"/>
								<effect type="fade" start="100" end="0" delay="800" time="200"/>
								<effect type="slide" start="0,0" end="290,0" delay="0" time="1000"/>
							</animation>
						</control>
					</focusedlayout>
					<content>
						<item>
							<label>31507</label>
							<onclick condition="System.AddonIsEnabled(script.globalsearch)">Dialog.Close(1103)</onclick>
							<onclick condition="System.AddonIsEnabled(script.globalsearch)">RunScript(script.globalsearch)</onclick>
							<onclick condition="!System.HasAddon(script.globalsearch)">InstallAddon(script.globalsearch)</onclick>
							<onclick condition="System.HasAddon(script.globalsearch) + !System.AddonIsEnabled(script.globalsearch)">EnableAddon(script.globalsearch)</onclick>
						</item>
						<item>
							<label>31508</label>
							<onclick condition="System.AddonIsEnabled(plugin.video.youtube)">Dialog.Close(1107)</onclick>
							<onclick condition="System.AddonIsEnabled(plugin.video.youtube)">ActivateWindow(videos,plugin://plugin.video.youtube/kodion/search/input/,return)</onclick>
							<onclick condition="!System.HasAddon(plugin.video.youtube)">InstallAddon(plugin.video.youtube)</onclick>
							<onclick condition="System.HasAddon(plugin.video.youtube) + !System.AddonIsEnabled(plugin.video.youtube)">EnableAddon(plugin.video.youtube)</onclick>
						</item>
						<item>
							<label>31509</label>
							<onclick>Dialog.Close(1107)</onclick>
							<onclick>ActivateWindow(addonbrowser,addons://search/,return)</onclick>
						</item>
						<item>
							<label>1036</label>
							<onclick>ActivateWindow(Favourites)</onclick>
						</item>
						<item>
							<label>13005</label>
							<onclick>ActivateWindow(ShutdownMenu)</onclick>
						</item>
					</content>
				</control>
				<include content="CommonPlayerControls">
					<param name="left" value="20" />
					<param name="top" value="140" />
				</include>
			</control>
		</control>
	</controls>
</window>