<?xml version="1.0" encoding="UTF-8"?>
<window type="dialog" id="1109">
	<defaultcontrol always="true">900</defaultcontrol>
	
	<controls>
		<control type="button">
			<onclick>Dialog.Close(1109)</onclick>
			<include>DropDownMenuCloseHitRect</include>
		</control>
		
		<control type="grouplist" id="900">
			<description>View Options Menu</description>
			<depth>DepthMenuBar</depth>
			<left>320</left>
			<top>80</top>
			<width>350</width>
			<itemgap>0</itemgap>
			<orientation>vertical</orientation>
			<onup>900</onup>
			<ondown>900</ondown>
			<onleft>Dialog.Close(1109)</onleft>
			<onright>Dialog.Close(1109)</onright>
			<include>MenuOpenCloseAnim</include>
			<visible>!String.IsEqual(Weather.Plugin,weather.openweathermap.extended)</visible>
			<control type="image" id="780">
				<width>176</width>
				<include>DropDownMenuTopBorder</include>
			</control>
			<control type="button" id="781">
				<description>Weather Icons</description>
				<width>176</width>
				<textwidth>140</textwidth>
				<include>DropDownMenuBtn</include>
				<label>$LOCALIZE[536]</label>
				<onclick condition="System.HasAddon(script.image.resource.select)">Dialog.Close(1109)</onclick>
				<onclick condition="System.HasAddon(script.image.resource.select)">RunScript(script.image.resource.select,property=WeatherIconsAddon&amp;type=resource.images.weathericons)</onclick>
				<onclick condition="!System.HasAddon(script.image.resource.select)">InstallAddon(script.image.resource.select)</onclick>
				<enable>!String.IsEmpty(Weather.Plugin)</enable>
			</control>
			<control type="button" id="782">
				<description>Weather Fanart</description>
				<width>176</width>
				<textwidth>140</textwidth>
				<include>DropDownMenuBtn</include>
				<label>$LOCALIZE[31207]: $LOCALIZE[20445]</label>
				<onclick condition="System.HasAddon(script.image.resource.select)">Dialog.Close(1109)</onclick>
				<onclick condition="System.HasAddon(script.image.resource.select)">Skin.SetString(CustomWeatherBGType,5)</onclick>
				<onclick condition="System.HasAddon(script.image.resource.select)">RunScript(script.image.resource.select,property=CustomWeatherBGPath&amp;type=resource.images.weatherfanart)</onclick>
				<onclick condition="!System.HasAddon(script.image.resource.select)">InstallAddon(script.image.resource.select)</onclick>
				<enable>!String.IsEmpty(Weather.Plugin)</enable>
			</control>
			<control type="button" id="783">
				<description>Settings</description>
				<width>176</width>
				<textwidth>140</textwidth>
				<include>DropDownMenuBtn</include>
				<label>$LOCALIZE[5]</label>
				<onclick>Dialog.Close(1109)</onclick>
				<onclick>ActivateWindow(ServiceSettings,weather)</onclick>
			</control>
			<control type="button" id="784">
				<description>Add-on Settings</description>
				<width>147</width>
				<textwidth>111</textwidth>
				<include>DropDownMenuBtn</include>
				<label>$LOCALIZE[10140]</label>
				<onclick>Dialog.Close(1109)</onclick>
				<onclick>Addon.OpenSettings($INFO[Weather.Plugin])</onclick>
			</control>
			<control type="image" id="785">
				<width>176</width>
				<include>DropDownMenuBottomBorder</include>
			</control>
		</control>
		
		<control type="grouplist" id="900">
			<description>View Options Menu</description>
			<depth>DepthMenuBar</depth>
			<left>1138</left>
			<top>80</top>
			<width>350</width>
			<itemgap>0</itemgap>
			<orientation>vertical</orientation>
			<onup>900</onup>
			<ondown>900</ondown>
			<onleft>Dialog.Close(1109)</onleft>
			<onright>Dialog.Close(1109)</onright>
			<include>MenuOpenCloseAnim</include>
			<visible>String.IsEqual(Weather.Plugin,weather.openweathermap.extended)</visible>
			<control type="image" id="786">
				<width>147</width>
				<include>DropDownMenuTopBorder</include>
			</control>
			<control type="button" id="787">
				<description>Weather Icons</description>
				<width>147</width>
				<textwidth>111</textwidth>
				<include>DropDownMenuBtn</include>
				<label>$LOCALIZE[536]</label>
				<onclick condition="System.HasAddon(script.image.resource.select)">Dialog.Close(1109)</onclick>
				<onclick condition="System.HasAddon(script.image.resource.select)">RunScript(script.image.resource.select,property=WeatherIconsAddon&amp;type=resource.images.weathericons)</onclick>
				<onclick condition="!System.HasAddon(script.image.resource.select)">InstallAddon(script.image.resource.select)</onclick>
				<enable>!String.IsEmpty(Weather.Plugin)</enable>
			</control>
			<control type="button" id="788">
				<description>Weather Fanart</description>
				<width>147</width>
				<textwidth>111</textwidth>
				<include>DropDownMenuBtn</include>
				<label>$LOCALIZE[31207]: $LOCALIZE[20445]</label>
				<onclick condition="System.HasAddon(script.image.resource.select)">Dialog.Close(1109)</onclick>
				<onclick condition="System.HasAddon(script.image.resource.select)">Skin.SetString(CustomWeatherBGType,5)</onclick>
				<onclick condition="System.HasAddon(script.image.resource.select)">RunScript(script.image.resource.select,property=CustomWeatherBGPath&amp;type=resource.images.weatherfanart)</onclick>
				<onclick condition="!System.HasAddon(script.image.resource.select)">InstallAddon(script.image.resource.select)</onclick>
				<enable>!String.IsEmpty(Weather.Plugin)</enable>
			</control>
			<control type="button" id="789">
				<description>Settings</description>
				<width>147</width>
				<textwidth>111</textwidth>
				<include>DropDownMenuBtn</include>
				<label>$LOCALIZE[5]</label>
				<onclick>Dialog.Close(1109)</onclick>
				<onclick>ActivateWindow(ServiceSettings,weather)</onclick>
			</control>
			<control type="button" id="790">
				<description>Add-on Settings</description>
				<width>147</width>
				<textwidth>111</textwidth>
				<include>DropDownMenuBtn</include>
				<label>$LOCALIZE[10140]</label>
				<onclick>Dialog.Close(1109)</onclick>
				<onclick>Addon.OpenSettings($INFO[Weather.Plugin])</onclick>
			</control>
			<control type="image" id="791">
				<width>147</width>
				<include>DropDownMenuBottomBorder</include>
			</control>
		</control>
	</controls>
</window>