<?xml version="1.0" encoding="UTF-8"?>
<window>
	<defaultcontrol always="true">450</defaultcontrol>

	<coordinates>
		<system>1</system>
		<top>140</top>
		<left>271</left>
	</coordinates>

	<controls>
		<control type="group">
			<depth>DepthDialog</depth>
			<animation effect="slide" end="0,-30" condition="Window.IsActive(Home)">Conditional</animation>
			<include>DialogOpenCloseAnim</include>
			
			<include content="DialogWithCloseBtnLabel">
				<param name="width" value="738"/>
				<param name="height" value="440" />
				<param name="left" value="678" />
				<param name="labelwidth" value="658" />
				<param name="label" value="$LOCALIZE[1036]" />
			</include>
			
			<control type="group">		
				<left>DialogMarginOffsetX</left>
				<top>DialogMarginOffsetY</top>
				
				<control type="image">
					<description>Paths Background</description>
					<width>354</width>
					<height>325</height>
					<texture border="5">controls/button-nofocus.png</texture>
				</control>
				
				<control type="list" id="450">
					<description>Paths</description>
					<left>5</left>
					<top>5</top>
					<width>344</width>
					<height>315</height>
					<pagecontrol>912</pagecontrol>
					<scrolltime tween="sine" easing="inout">300</scrolltime>
					<onup>450</onup>
					<ondown>450</ondown>
					<onleft>9001</onleft>
					<onright>150</onright>
					<itemlayout height="35">
						<control type="image">
							<left>5</left>
							<top>6</top>
							<width>24</width>
							<height>24</height>
							<texture fallback="DefaultFavourites.png.png">$INFO[ListItem.Icon].png</texture>
						</control>
						<control type="label">
							<left>37</left>
							<width>302</width>
							<height>35</height>
							<font>ButtonFont2</font>
							<textcolor>ButtonColor</textcolor>
							<aligny>center</aligny>
							<info>ListItem.Label</info>
						</control>
					</itemlayout>
					<focusedlayout height="35">
						<control type="image">
							<width>344</width>
							<height>35</height>
							<texture border="4">views/list-focus.png</texture>
							<visible>Control.HasFocus(450)</visible>
							<include>ListViewSelectFadeAnim</include>
							<include condition="![Skin.String(LowCPUPowerMode,Animations) | Skin.String(LowCPUPowerMode,Full)]">ListViewDialogScrollAnim</include>
						</control>
						<control type="image">
							<width>344</width>
							<height>35</height>
							<texture border="4">views/list-alt-focus.png</texture>
							<visible>!Control.HasFocus(450)</visible>
							<include>ListViewSelectFadeAnim2</include>
						</control>
						<control type="group">
							<include>ListViewFocusAnim</include>
							<control type="image">
								<left>5</left>
								<top>6</top>
								<width>24</width>
								<height>24</height>
								<texture fallback="DefaultFavourites.png.png">$INFO[ListItem.Icon].png</texture>
							</control>
							<control type="label">
								<left>37</left>
								<width>302</width>
								<height>35</height>
								<font>ButtonFont2</font>
								<textcolor>ButtonFocusColor</textcolor>
								<aligny>center</aligny>
								<info>ListItem.Label</info>
							</control>
						</control>
					</focusedlayout>
				</control>	
				
				<include>FavouritesScrollbar</include>
				
				<control type="image">
					<description>Thumbnail</description>
					<left>394</left>
					<top>20</top>
					<width>260</width>
					<height>295</height>
					<texture fallback="DefaultFavourites.png">$INFO[ListItem.Icon]</texture>
					<aspectratio align="center">keep</aspectratio>
					<fadetime>IconCrossfadeTime</fadetime>
					<include>ControlsOpenCloseAnim</include>
				</control>
			</control>
			
			<control type="grouplist" id="9001">			
				<description>Dialog Button Area</description>
				<top>387</top>
				<width>738</width>
				<itemgap>0</itemgap>
				<align>center</align>
				<orientation>horizontal</orientation>	
				<onup>450</onup>			
				<control type="button" id="414">
					<description>Cancel</description>
					<include>DialogMenuBarBtn</include>
					<label>$LOCALIZE[222]</label>
					<onclick>PreviousMenu</onclick>
				</control>
			</control>
		</control>
	</controls>	
</window>