<?xml version="1.0" encoding="UTF-8"?>
<window type="window" id="3010">
	<defaultcontrol always="true">-</defaultcontrol>
	<allowoverlay>no</allowoverlay>
	
	<controls>
		<control type="group">					
    		<include>BackgroundDefault</include>
			<include condition="!Skin.HasSetting(DisableVideoPlayingBG)">BackgroundVideoPlaying</include>
			<include condition="!Skin.HasSetting(DisableMusicPlayingBG)">BackgroundMusicPlaying</include>   
			<include>BackgroundOpenCloseAnim</include>
		</control>
		
		<control type="group">
			<left>30</left>
			<top>110</top>
			<include>ControlsOpenCloseAnim</include>
			<animation effect="fade" end="70" condition="true">Conditional</animation>
			
			<control type="group">
				<top>-20</top>
				
				<control type="image">
					<width>200</width>
					<texture>license/by-nc-sa.png</texture>
					<aspectratio aligny="top">keep</aspectratio>
				</control>
				
				<control type="textbox">
					<left>210</left>
					<width>1010</width>
					<height>100</height>
					<font>DefaultHeadFont</font>
					<textcolor>WhiteColor</textcolor>
					<shadowcolor>ShadowColor</shadowcolor>
					<label>This work is licensed under a Creative Commons Attribution-NonCommercial-ShareAlike 3.0 Unported License. (http://creativecommons.org/licenses/by-nc-sa/3.0/)</label>
				</control>
			</control>

			<control type ="group">
				<top>100</top>
				
				<control type="label">
					<top>-10</top>
					<width>600</width>
					<font>DefaultHeadFont</font>
					<textcolor>WhiteColor</textcolor>
					<shadowcolor>ShadowColor</shadowcolor>
					<label>You are free:</label>
				</control>
				
				<control type="label">
					<top>30</top>
					<width>600</width>
					<font>DefaultFont</font>
					<textcolor>WhiteColor</textcolor>
					<shadowcolor>ShadowColor</shadowcolor>
					<label>[B]to Share[/B] -- to copy, distribute and transmit the work</label>
				</control>
				
				<control type="label">
					<top>70</top>
					<width>600</width>
					<font>DefaultFont</font>
					<textcolor>WhiteColor</textcolor>
					<shadowcolor>ShadowColor</shadowcolor>
					<label>[B]to Remix[/B] -- to adapt the work</label>
				</control>
			</control>
			
			<control type ="group">
				<top>235</top>
				
				<control type="label">
					<top>-15</top>
					<width>600</width>
					<font>DefaultHeadFont</font>
					<textcolor>WhiteColor</textcolor>
					<shadowcolor>ShadowColor</shadowcolor>
					<label>Under the following conditions:</label>
				</control>
				
				<control type="image">
					<top>27</top>
					<width>64</width>
					<height>64</height>
					<aspectratio>keep</aspectratio>
					<texture>license/by.png</texture>
				</control>
				
				<control type="textbox">
					<left>74</left>
					<top>25</top>
					<width>526</width>
					<height>70</height>
					<font>DefaultFont</font>
					<textcolor>WhiteColor</textcolor>
					<shadowcolor>ShadowColor</shadowcolor>
					<label>[B]Attribution[/B] -- You must attribute the work in the manner specified by the author or licensor (but not in any way that suggests that they endorse you or your use of the work).</label>
				</control>
				
				<control type="image">
					<top>120</top>
					<width>64</width>
					<height>64</height>
					<aspectratio>keep</aspectratio>
					<texture>license/nc.png</texture>
				</control>
				
				<control type="textbox">
					<left>74</left>
					<top>125</top>
					<width>526</width>
					<height>70</height>
					<font>DefaultFont</font>
					<textcolor>WhiteColor</textcolor>
					<shadowcolor>ShadowColor</shadowcolor>
					<label>[B]Noncommercial[/B] -- You may not use this work for commercial purposes.</label>
				</control>
				
				<control type="image">
					<top>208</top>
					<width>64</width>
					<height>64</height>
					<aspectratio>keep</aspectratio>
					<texture>license/sa.png</texture>
				</control>
				
				<control type="textbox">
					<left>74</left>
					<top>205</top>
					<width>526</width>
					<height>70</height>
					<font>DefaultFont</font>
					<textcolor>WhiteColor</textcolor>
					<shadowcolor>ShadowColor</shadowcolor>
					<label>[B]Share Alike[/B] -- If you alter, transform, or build upon this work, you may distribute the resulting work only under the same or similar license to this one.</label>
				</control>
			</control>
			
			<control type ="group">
				<left>620</left>
				<top>100</top>
				
				<control type="label">
					<top>-10</top>
					<width>600</width>
					<font>DefaultHeadFont</font>
					<textcolor>WhiteColor</textcolor>
					<shadowcolor>ShadowColor</shadowcolor>
					<label>With the understanding that:</label>
				</control>
				
				<control type="textbox">
					<top>30</top>
					<width>600</width>
					<height>70</height>
					<font>DefaultFont</font>
					<textcolor>WhiteColor</textcolor>
					<shadowcolor>ShadowColor</shadowcolor>
					<label>[B]Waiver[/B] -- Any of the above conditions can be waived if you get permission from the copyright holder.</label>
				</control>
				
				<control type="textbox">
					<top>110</top>
					<width>600</width>
					<height>70</height>
					<font>DefaultFont</font>
					<textcolor>WhiteColor</textcolor>
					<shadowcolor>ShadowColor</shadowcolor>
					<label>[B]Public Domain[/B] -- Where the work or any of its elements is in the public domain under applicable law, that status is in no way affected by the license.</label>
				</control>
				
				<control type="textbox">
					<top>200</top>
					<width>600</width>
					<height>70</height>
					<font>DefaultFont</font>
					<textcolor>WhiteColor</textcolor>
					<shadowcolor>ShadowColor</shadowcolor>
					<label>[B]Other Rights[/B] -- In no way are any of the following rights affected by the license:</label>
				</control>
				
				<control type="textbox">
					<top>260</top>
					<width>600</width>
					<height>70</height>
					<font>DefaultFont</font>
					<textcolor>WhiteColor</textcolor>
					<shadowcolor>ShadowColor</shadowcolor>
					<label>-  Your fair dealing or fair use rights, or other applicable copyright exceptions and limitations;</label>
				</control>
				
				<control type="textbox">
					<top>320</top>
					<width>600</width>
					<height>70</height>
					<font>DefaultFont</font>
					<textcolor>WhiteColor</textcolor>
					<shadowcolor>ShadowColor</shadowcolor>
					<label>-  The author's moral rights;</label>
				</control>
				
				<control type="textbox">
					<top>360</top>
					<width>600</width>
					<height>70</height>
					<font>DefaultFont</font>
					<textcolor>WhiteColor</textcolor>
					<shadowcolor>ShadowColor</shadowcolor>
					<label>-  Rights other persons may have either in the work itself or in how the work is used, such as publicity or privacy rights.</label>
				</control>
			</control>
		</control>

		<control type="group">
			<description>Top Bar Area</description>
			<include>TopBarImage</include>
			<include>TopBarOpenCloseAnim</include>
			<include>BreadCrumbAbout</include>
			<include>Notifications</include>
		</control>
		
		<control type="group">
			<description>Bottom Bar Area</description>
			<top>BottomPaneOffsetY</top>	
			<include>InfoPaneAboutDetails</include>
			<control type="textbox">
				<left>650</left>
				<top>-1</top>
				<width>600</width>
				<height>40</height>
				<align>center</align>
				<textcolor>GreyColor</textcolor>
				<include>InfoPaneHeadLabel2</include>
				<label>[UPPERCASE]For the full license, contributions made to this work, and any pertinent information, please refer to the license.txt and readme.txt[/UPPERCASE]</label>
			</control>
			<include>BottomPaneOpenCloseAnim</include>
		</control>
	</controls>
</window>