<?xml version="1.0" encoding="UTF-8"?>
<window>
	<defaultcontrol always="true">500</defaultcontrol>
	<menucontrol>850</menucontrol>
	<views>50,63,52,91,93</views>
	
	<controls>
		<control type="group">
			<depth>DepthBackground</depth>
			<include>BackgroundDefault</include>
			<include condition="[!String.IsEmpty(Skin.String(CustomGamesBGPath)) + [Skin.String(CustomGamesBGType,2) | Skin.String(CustomGamesBGType,3)]] + Skin.HasSetting(ApplyAllGamesCustomBG)">BackgroundGames</include>
			<include>BackgroundAddonsFanart</include>
			<include condition="!Skin.HasSetting(DisableVideoPlayingBG)">BackgroundVideoPlaying</include>
			<include condition="!Skin.HasSetting(DisableMusicPlayingBG)">BackgroundMusicPlaying</include>
			<include>BackgroundOpenCloseAnim</include>
		</control>
		
		<control type="group">
			<visible>!Window.IsActive(AddonInformation)</visible>
			<depth>DepthContent</depth>
			<include>MediaInfoOpenCloseAnim</include>
			<include>IconView</include> <!-- 50 -->
			<include>ListView</include> <!-- 52 -->
			<include>AlbumThumbsView</include> <!-- 63 -->
			<include condition="!Skin.HasSetting(DisableAddonsListInfoView)">AddonsListInfoView</include> <!-- 91 -->
			<include condition="!Skin.HasSetting(DisableAddonsWrapListInfoView)">AddonsWrapListInfoView</include> <!-- 93 -->
		</control>
			
		<include>MediaMenuBar</include>
		
		<control type="group">
			<description>Top Bar Area</description>
			<depth>DepthTopBar</depth>
			<include>TopBarImage</include>
			<include>TopBarOpenCloseAnim</include>
			<include>BreadCrumbGames</include>
			<include>Notifications</include>
			<include>SortLetterNotification</include>
			<visible>!Window.IsActive(AddonInformation)</visible>
		</control>
	</controls>
</window>