<?xml version="1.0" encoding="UTF-8"?>
<window>
	<defaultcontrol>11</defaultcontrol>
	<coordinates>
		<system>1</system>
		<left>420</left>
		<top>7</top>
	</coordinates>
	<include>dialogeffect</include>
	<controls>
		<control type="image">
			<width>400</width>
			<height>85</height>
			<texture border="20,20,20,30">dialogs/Dialog2.png</texture>
		</control>
		<control type="label" id="10">
			<description>Dialog header</description>
			<left>20</left>
			<top>15</top>
			<width>180</width>
			<height>16</height>
			<align>left</align>
			<font>font12</font>
			<textcolor>white</textcolor>
		</control>
		<control type="label" id="12">
			<description>Slider Value</description>
			<left>200</left>
			<top>15</top>
			<width>180</width>
			<height>16</height>
			<align>right</align>
			<font>font12</font>
			<textcolor>white</textcolor>
		</control>
		<control type="slider" id="11">
			<description>Slider</description>
			<left>20</left>
			<top>42</top>
			<width>360</width>
			<height>15</height>
			<texturesliderbar>osd_slider_bg_2.png</texturesliderbar>
			<onup>11</onup>
			<ondown>11</ondown>
			<onleft>11</onleft>
			<onright>11</onright>
		</control>
	</controls>
</window>
