<?xml version="1.0" encoding="UTF-8"?>
<window type="dialog" id="1105">
	<defaultcontrol always="true">981</defaultcontrol>

	<coordinates>
		<system>1</system>
		<origin x="458" y="279">true</origin>
	</coordinates>

	<controls>
		<control type="group">
			<depth>DepthDialog</depth>
			<animation effect="slide" end="0,-18" condition="[System.HasAddon(script.extendedinfo) + System.HasAddon(script.libraryeditor) + Skin.String(DialogVideoInfoButtonMenu,director)] | Skin.String(DialogVideoInfoButtonMenu,top250) | Skin.String(DialogVideoInfoButtonMenu,CustomWidgetsAspectTop) | Skin.String(DialogVideoInfoButtonMenu,CustomWidgetsAspectBottom)">Conditional</animation>
			<animation effect="slide" end="-80,0" condition="Skin.String(DialogVideoInfoButtonMenu,LowCPUPowerMode)">Conditional</animation>
			<include>DialogOpenCloseAnim</include>
			
			<include content="DialogWithCloseBtn2" condition="[[System.HasAddon(script.extendedinfo) | System.HasAddon(script.libraryeditor)] + Skin.String(DialogVideoInfoButtonMenu,director)] | Skin.String(DialogVideoInfoButtonMenu,rating) | Skin.String(DialogVideoInfoButtonMenu,writer) | Skin.String(DialogVideoInfoButtonMenu,artist)">
				<param name="width" value="364"/>
				<param name="height" value="162" />
				<param name="left" value="302" />
			</include>
			
			<include content="DialogWithCloseBtn2" condition="[System.HasAddon(script.extendedinfo) + System.HasAddon(script.libraryeditor) + Skin.String(DialogVideoInfoButtonMenu,director)] | Skin.String(DialogVideoInfoButtonMenu,top250) | Skin.String(DialogVideoInfoButtonMenu,CustomWidgetsAspectTop) | Skin.String(DialogVideoInfoButtonMenu,CustomWidgetsAspectBottom)">
				<param name="width" value="364"/>
				<param name="height" value="199" />
				<param name="left" value="302" />
			</include>
			
			<include content="DialogWithCloseBtn2" condition="Skin.String(DialogVideoInfoButtonMenu,LowCPUPowerMode)">
				<param name="width" value="524"/>
				<param name="height" value="162" />
				<param name="left" value="462" />
			</include>
			
			<include content="DialogWithCloseBtn2" condition="Skin.String(DialogVideoInfoButtonMenu,CustomWidgets)">
				<param name="width" value="364"/>
				<param name="height" value="162" />
				<param name="left" value="302" />
			</include>
			
			<control type="grouplist" id="981">
				<top>32</top>
				<left>32</left>
				<onright>999</onright>
				<onleft>999</onleft>
				<ondown>999</ondown>
				<onup>999</onup>
				<itemgap>2</itemgap>
				<control type="button" id="982">
					<description>Show Related Movies and TV Shows</description>
					<label>$LOCALIZE[31301]</label>
					<onclick>Dialog.Close(1105)</onclick>
					<onclick>SendClick(2003,13)</onclick>
					<width>300</width>
					<textwidth>290</textwidth>
					<include>ContextMenuBtn</include>
					<visible>Skin.String(DialogVideoInfoButtonMenu,director)</visible>
				</control>
				<control type="button" id="983">
					<description>Edit Database</description>
					<label>$LOCALIZE[21435] $LOCALIZE[15101]</label>
					<onclick>Dialog.Close(1105)</onclick>
					<onclick condition="String.IsEqual(ListItem.DBTYPE,movie) + Skin.String(DialogVideoInfoButtonMenu,director)">RunScript(script.libraryeditor,DBID=$INFO[ListItem.DBID]&amp;tag=director&amp;type=Movie)</onclick>
					<onclick condition="String.IsEqual(ListItem.DBTYPE,movie) + Skin.String(DialogVideoInfoButtonMenu,writer)">RunScript(script.libraryeditor,DBID=$INFO[ListItem.DBID]&amp;tag=writer&amp;type=Movie)</onclick>
					<onclick condition="String.IsEqual(ListItem.DBTYPE,episode) + Skin.String(DialogVideoInfoButtonMenu,director)">RunScript(script.libraryeditor,DBID=$INFO[ListItem.DBID]&amp;tag=director&amp;type=Episode)</onclick>
					<onclick condition="String.IsEqual(ListItem.DBTYPE,episode) + Skin.String(DialogVideoInfoButtonMenu,writer)">RunScript(script.libraryeditor,DBID=$INFO[ListItem.DBID]&amp;tag=writer&amp;type=Episode)</onclick>
					<onclick condition="String.IsEqual(ListItem.DBTYPE,musicvideo) + Skin.String(DialogVideoInfoButtonMenu,director)">RunScript(script.libraryeditor,DBID=$INFO[ListItem.DBID]&amp;tag=director&amp;type=MusicVideo)</onclick>
					<onclick condition="String.IsEqual(ListItem.DBTYPE,musicvideo) + Skin.String(DialogVideoInfoButtonMenu,artist)">RunScript(script.libraryeditor,DBID=$INFO[ListItem.DBID]&amp;tag=arr_artist&amp;type=MusicVideo)</onclick>
					<onclick condition="String.IsEqual(ListItem.DBTYPE,album) + Skin.String(DialogVideoInfoButtonMenu,artist)">RunScript(script.libraryeditor,DBID=$INFO[ListItem.DBID]&amp;tag=arr_artist&amp;type=Album)</onclick>
					<width>300</width>
					<textwidth>290</textwidth>
					<include>ContextMenuBtn</include>
					<visible>[Skin.String(DialogVideoInfoButtonMenu,director) | Skin.String(DialogVideoInfoButtonMenu,writer) | Skin.String(DialogVideoInfoButtonMenu,artist)] + System.HasAddon(script.libraryeditor)</visible>
				</control>
				<control type="button" id="984">
					<description>Director / Writer / Artist Information</description>
					<label>$VAR[DialogVideoInfoLabel]</label>
					<onclick condition="System.HasAddon(script.extendedinfo)">Dialog.Close(1105)</onclick>
					<onclick condition="System.HasAddon(script.extendedinfo) + [String.IsEqual(ListItem.DBTYPE,movie) | String.IsEqual(ListItem.DBTYPE,episode) | String.IsEqual(ListItem.DBTYPE,musicvideo)] + Skin.String(DialogVideoInfoButtonMenu,director)">RunScript(script.extendedinfo,info=extendedactorinfo,name=$INFO[ListItem.Director])</onclick>
					<onclick condition="System.HasAddon(script.extendedinfo) + [String.IsEqual(ListItem.DBTYPE,movie) | String.IsEqual(ListItem.DBTYPE,episode)] + Skin.String(DialogVideoInfoButtonMenu,writer)">RunScript(script.extendedinfo,info=extendedactorinfo,name=$INFO[ListItem.Writer])</onclick>
					<onclick condition="System.HasAddon(script.extendedinfo) + [String.IsEqual(ListItem.DBTYPE,musicvideo) | String.IsEqual(ListItem.DBTYPE,album)] + Skin.String(DialogVideoInfoButtonMenu,artist)">RunScript(script.extendedinfo,info=extendedactorinfo,name=$INFO[ListItem.Artist])</onclick>
					<onclick condition="!System.HasAddon(script.extendedinfo)">InstallAddon(script.extendedinfo)</onclick>
					<width>300</width>
					<textwidth>290</textwidth>
					<include>ContextMenuBtn</include>
					<visible>Skin.String(DialogVideoInfoButtonMenu,director) | Skin.String(DialogVideoInfoButtonMenu,writer) | Skin.String(DialogVideoInfoButtonMenu,artist)</visible>
				</control>
				<control type="button" id="985">
					<description>Set My Rating</description>
					<label>$LOCALIZE[38023]</label>
					<onclick>Dialog.Close(1105)</onclick>
					<onclick>SendClick(2003,7)</onclick>
					<width>300</width>
					<textwidth>290</textwidth>
					<include>ContextMenuBtn</include>
					<visible>Skin.String(DialogVideoInfoButtonMenu,rating) | Skin.String(DialogVideoInfoButtonMenu,top250)</visible>
				</control>
				<control type="button" id="986">
					<description>Edit Rating</description>
					<label>$LOCALIZE[31975]</label>
					<onclick>Dialog.Close(1105)</onclick>
					<onclick condition="String.IsEqual(ListItem.DBTYPE,movie)">RunScript(script.libraryeditor,DBID=$INFO[ListItem.DBID]&amp;tag=rating&amp;type=Movie)</onclick>
					<onclick condition="String.IsEqual(ListItem.DBTYPE,tvshow)">RunScript(script.libraryeditor,DBID=$INFO[ListItem.DBID]&amp;tag=rating&amp;type=TVShow)</onclick>
					<onclick condition="String.IsEqual(ListItem.DBTYPE,episode)">RunScript(script.libraryeditor,DBID=$INFO[ListItem.DBID]&amp;tag=rating&amp;type=Episode)</onclick>
					<width>300</width>
					<textwidth>290</textwidth>
					<include>ContextMenuBtn</include>
					<visible>[Skin.String(DialogVideoInfoButtonMenu,rating) | Skin.String(DialogVideoInfoButtonMenu,top250)] + System.HasAddon(script.libraryeditor)</visible>
				</control>
				<control type="button" id="987">
					<description>Edit Top 250</description>
					<label>$LOCALIZE[31976]</label>
					<onclick>Dialog.Close(1105)</onclick>
					<onclick>RunScript(script.libraryeditor,DBID=$INFO[ListItem.DBID]&amp;tag=top250&amp;type=Movie)</onclick>
					<width>300</width>
					<textwidth>290</textwidth>
					<include>ContextMenuBtn</include>
					<visible>Skin.String(DialogVideoInfoButtonMenu,top250) + System.HasAddon(script.libraryeditor)</visible>
				</control>
				<control type="button" id="988">
					<description>Disable Animations Only</description>
					<label>$LOCALIZE[31430]</label>
					<onclick>Skin.SetString(LowCPUPowerMode,Animations)</onclick>
					<onclick>Dialog.Close(1105)</onclick>
					<width>460</width>
					<textwidth>450</textwidth>
					<include>ContextMenuBtn</include>
					<visible>Skin.String(DialogVideoInfoButtonMenu,LowCPUPowerMode)</visible>
				</control>
				<control type="button" id="989">
					<description>Disable Animations and CPU Demanding Skin Settings</description>
					<label>$LOCALIZE[31431]</label>
					<onclick>Skin.SetString(LowCPUPowerMode,Full)</onclick>
					<onclick>Skin.Reset(PlayTrailerWindowed)</onclick>
					<onclick>Skin.Reset(EnableMusicCdArt)</onclick>
					<onclick>Skin.Reset(AnimateFanartMusicPlayingBG)</onclick>
					<onclick>Skin.Reset(AnimateBackground)</onclick>
					<onclick>Skin.Reset(AnimateFanart)</onclick>
					<onclick condition="!Skin.HasSetting(DisableVideoPlayingBG)">Skin.ToggleSetting(DisableVideoPlayingBG)</onclick>
					<onclick condition="!Skin.HasSetting(DisableMusicPlayingBG)">Skin.ToggleSetting(DisableMusicPlayingBG)</onclick>
					<onclick>Dialog.Close(1105)</onclick>
					<width>460</width>
					<textwidth>450</textwidth>
					<include>ContextMenuBtn</include>
					<visible>Skin.String(DialogVideoInfoButtonMenu,LowCPUPowerMode)</visible>
				</control>
				<control type="button" id="990">
					<description>Top Custom Widget</description>
					<label>$LOCALIZE[31619]</label>
					<onclick>Skin.SetString(CustomWidget,top)</onclick>
					<onclick condition="Skin.HasSetting(ExpandAddMoreCategorySettings) + Skin.String(SelectedExpandedBtn,1)">RunScript(script.skinshortcuts,type=widgets&amp;showNone=False&amp;skinWidgetName=Custom1PanelCustomTopWidgetName&amp;skinWidgetTarget=Custom1PanelCustomTopWidgetTarget&amp;skinWidgetPath=Custom1PanelCustomTopWidgetPath)</onclick>
					<onclick condition="Skin.HasSetting(ExpandAddMoreCategorySettings) + Skin.String(SelectedExpandedBtn,2)">RunScript(script.skinshortcuts,type=widgets&amp;showNone=False&amp;skinWidgetName=Custom2PanelCustomTopWidgetName&amp;skinWidgetTarget=Custom2PanelCustomTopWidgetTarget&amp;skinWidgetPath=Custom2PanelCustomTopWidgetPath)</onclick>
					<onclick condition="Skin.HasSetting(ExpandAddMoreCategorySettings) + Skin.String(SelectedExpandedBtn,3)">RunScript(script.skinshortcuts,type=widgets&amp;showNone=False&amp;skinWidgetName=Custom3PanelCustomTopWidgetName&amp;skinWidgetTarget=Custom3PanelCustomTopWidgetTarget&amp;skinWidgetPath=Custom3PanelCustomTopWidgetPath)</onclick>
					<onclick condition="Skin.HasSetting(ExpandAddMoreCategorySettings) + Skin.String(SelectedExpandedBtn,4)">RunScript(script.skinshortcuts,type=widgets&amp;showNone=False&amp;skinWidgetName=Custom4PanelCustomTopWidgetName&amp;skinWidgetTarget=Custom4PanelCustomTopWidgetTarget&amp;skinWidgetPath=Custom4PanelCustomTopWidgetPath)</onclick>
					<onclick condition="Skin.HasSetting(ExpandAddMoreCategorySettings2) + Skin.String(SelectedExpandedBtn,1)">RunScript(script.skinshortcuts,type=widgets&amp;showNone=False&amp;skinWidgetName=Custom5PanelCustomTopWidgetName&amp;skinWidgetTarget=Custom5PanelCustomTopWidgetTarget&amp;skinWidgetPath=Custom5PanelCustomTopWidgetPath)</onclick>
					<onclick condition="Skin.HasSetting(ExpandAddMoreCategorySettings2) + Skin.String(SelectedExpandedBtn,2)">RunScript(script.skinshortcuts,type=widgets&amp;showNone=False&amp;skinWidgetName=Custom6PanelCustomTopWidgetName&amp;skinWidgetTarget=Custom6PanelCustomTopWidgetTarget&amp;skinWidgetPath=Custom6PanelCustomTopWidgetPath)</onclick>
					<onclick condition="Skin.HasSetting(ExpandAddMoreCategorySettings2) + Skin.String(SelectedExpandedBtn,3)">RunScript(script.skinshortcuts,type=widgets&amp;showNone=False&amp;skinWidgetName=Custom7PanelCustomTopWidgetName&amp;skinWidgetTarget=Custom7PanelCustomTopWidgetTarget&amp;skinWidgetPath=Custom7PanelCustomTopWidgetPath)</onclick>
					<onclick condition="Skin.HasSetting(ExpandAddMoreCategorySettings2) + Skin.String(SelectedExpandedBtn,4)">RunScript(script.skinshortcuts,type=widgets&amp;showNone=False&amp;skinWidgetName=Custom8PanelCustomTopWidgetName&amp;skinWidgetTarget=Custom8PanelCustomTopWidgetTarget&amp;skinWidgetPath=Custom8PanelCustomTopWidgetPath)</onclick>
					<onclick condition="Skin.HasSetting(ExpandAddMoreCategorySettings3) + Skin.String(SelectedExpandedBtn,1)">RunScript(script.skinshortcuts,type=widgets&amp;showNone=False&amp;skinWidgetName=Custom9PanelCustomTopWidgetName&amp;skinWidgetTarget=Custom9PanelCustomTopWidgetTarget&amp;skinWidgetPath=Custom9PanelCustomTopWidgetPath)</onclick>
					<onclick condition="Skin.HasSetting(ExpandAddMoreCategorySettings3) + Skin.String(SelectedExpandedBtn,2)">RunScript(script.skinshortcuts,type=widgets&amp;showNone=False&amp;skinWidgetName=Custom10PanelCustomTopWidgetName&amp;skinWidgetTarget=Custom10PanelCustomTopWidgetTarget&amp;skinWidgetPath=Custom10PanelCustomTopWidgetPath)</onclick>
					<onclick condition="Skin.HasSetting(ExpandAddMoreCategorySettings3) + Skin.String(SelectedExpandedBtn,3)">RunScript(script.skinshortcuts,type=widgets&amp;showNone=False&amp;skinWidgetName=Custom11PanelCustomTopWidgetName&amp;skinWidgetTarget=Custom11PanelCustomTopWidgetTarget&amp;skinWidgetPath=Custom11PanelCustomTopWidgetPath)</onclick>
					<onclick condition="Skin.HasSetting(ExpandAddMoreCategorySettings3) + Skin.String(SelectedExpandedBtn,4)">RunScript(script.skinshortcuts,type=widgets&amp;showNone=False&amp;skinWidgetName=Custom12PanelCustomTopWidgetName&amp;skinWidgetTarget=Custom12PanelCustomTopWidgetTarget&amp;skinWidgetPath=Custom12PanelCustomTopWidgetPath)</onclick>
					<onclick condition="Skin.HasSetting(ExpandAddMoreCategorySettings4) + Skin.String(SelectedExpandedBtn,1)">RunScript(script.skinshortcuts,type=widgets&amp;showNone=False&amp;skinWidgetName=Custom13PanelCustomTopWidgetName&amp;skinWidgetTarget=Custom13PanelCustomTopWidgetTarget&amp;skinWidgetPath=Custom13PanelCustomTopWidgetPath)</onclick>
					<onclick condition="Skin.HasSetting(ExpandAddMoreCategorySettings4) + Skin.String(SelectedExpandedBtn,2)">RunScript(script.skinshortcuts,type=widgets&amp;showNone=False&amp;skinWidgetName=Custom14PanelCustomTopWidgetName&amp;skinWidgetTarget=Custom14PanelCustomTopWidgetTarget&amp;skinWidgetPath=Custom14PanelCustomTopWidgetPath)</onclick>
					<onclick condition="Skin.HasSetting(ExpandAddMoreCategorySettings4) + Skin.String(SelectedExpandedBtn,3)">RunScript(script.skinshortcuts,type=widgets&amp;showNone=False&amp;skinWidgetName=Custom15PanelCustomTopWidgetName&amp;skinWidgetTarget=Custom15PanelCustomTopWidgetTarget&amp;skinWidgetPath=Custom15PanelCustomTopWidgetPath)</onclick>
					<onclick condition="Skin.HasSetting(ExpandAddMoreCategorySettings4) + Skin.String(SelectedExpandedBtn,4)">RunScript(script.skinshortcuts,type=widgets&amp;showNone=False&amp;skinWidgetName=Custom16PanelCustomTopWidgetName&amp;skinWidgetTarget=Custom16PanelCustomTopWidgetTarget&amp;skinWidgetPath=Custom16PanelCustomTopWidgetPath)</onclick>
					<onclick>Dialog.Close(1105)</onclick>
					<width>300</width>
					<textwidth>290</textwidth>
					<include>ContextMenuBtn</include>
					<visible>Skin.String(DialogVideoInfoButtonMenu,CustomWidgets)</visible>
				</control>
				<control type="button" id="991">
					<description>Bottom Custom Widget</description>
					<label>$LOCALIZE[31620]</label>
					<onclick>Skin.SetString(CustomWidget,bottom)</onclick>
					<onclick condition="Skin.HasSetting(ExpandAddMoreCategorySettings) + Skin.String(SelectedExpandedBtn,1)">RunScript(script.skinshortcuts,type=widgets&amp;showNone=False&amp;skinWidgetName=Custom1PanelCustomBottomWidgetName&amp;skinWidgetTarget=Custom1PanelCustomBottomWidgetTarget&amp;skinWidgetPath=Custom1PanelCustomBottomWidgetPath)</onclick>
					<onclick condition="Skin.HasSetting(ExpandAddMoreCategorySettings) + Skin.String(SelectedExpandedBtn,2)">RunScript(script.skinshortcuts,type=widgets&amp;showNone=False&amp;skinWidgetName=Custom2PanelCustomBottomWidgetName&amp;skinWidgetTarget=Custom2PanelCustomBottomWidgetTarget&amp;skinWidgetPath=Custom2PanelCustomBottomWidgetPath)</onclick>
					<onclick condition="Skin.HasSetting(ExpandAddMoreCategorySettings) + Skin.String(SelectedExpandedBtn,3)">RunScript(script.skinshortcuts,type=widgets&amp;showNone=False&amp;skinWidgetName=Custom3PanelCustomBottomWidgetName&amp;skinWidgetTarget=Custom3PanelCustomBottomWidgetTarget&amp;skinWidgetPath=Custom3PanelCustomBottomWidgetPath)</onclick>
					<onclick condition="Skin.HasSetting(ExpandAddMoreCategorySettings) + Skin.String(SelectedExpandedBtn,4)">RunScript(script.skinshortcuts,type=widgets&amp;showNone=False&amp;skinWidgetName=Custom4PanelCustomBottomWidgetName&amp;skinWidgetTarget=Custom4PanelCustomBottomWidgetTarget&amp;skinWidgetPath=Custom4PanelCustomBottomWidgetPath)</onclick>
					<onclick condition="Skin.HasSetting(ExpandAddMoreCategorySettings2) + Skin.String(SelectedExpandedBtn,1)">RunScript(script.skinshortcuts,type=widgets&amp;showNone=False&amp;skinWidgetName=Custom5PanelCustomBottomWidgetName&amp;skinWidgetTarget=Custom5PanelCustomBottomWidgetTarget&amp;skinWidgetPath=Custom5PanelCustomBottomWidgetPath)</onclick>
					<onclick condition="Skin.HasSetting(ExpandAddMoreCategorySettings2) + Skin.String(SelectedExpandedBtn,2)">RunScript(script.skinshortcuts,type=widgets&amp;showNone=False&amp;skinWidgetName=Custom6PanelCustomBottomWidgetName&amp;skinWidgetTarget=Custom6PanelCustomBottomWidgetTarget&amp;skinWidgetPath=Custom6PanelCustomBottomWidgetPath)</onclick>
					<onclick condition="Skin.HasSetting(ExpandAddMoreCategorySettings2) + Skin.String(SelectedExpandedBtn,3)">RunScript(script.skinshortcuts,type=widgets&amp;showNone=False&amp;skinWidgetName=Custom7PanelCustomBottomWidgetName&amp;skinWidgetTarget=Custom7PanelCustomBottomWidgetTarget&amp;skinWidgetPath=Custom7PanelCustomBottomWidgetPath)</onclick>
					<onclick condition="Skin.HasSetting(ExpandAddMoreCategorySettings2) + Skin.String(SelectedExpandedBtn,4)">RunScript(script.skinshortcuts,type=widgets&amp;showNone=False&amp;skinWidgetName=Custom8PanelCustomBottomWidgetName&amp;skinWidgetTarget=Custom8PanelCustomBottomWidgetTarget&amp;skinWidgetPath=Custom8PanelCustomBottomWidgetPath)</onclick>
					<onclick condition="Skin.HasSetting(ExpandAddMoreCategorySettings3) + Skin.String(SelectedExpandedBtn,1)">RunScript(script.skinshortcuts,type=widgets&amp;showNone=False&amp;skinWidgetName=Custom9PanelCustomBottomWidgetName&amp;skinWidgetTarget=Custom9PanelCustomBottomWidgetTarget&amp;skinWidgetPath=Custom9PanelCustomBottomWidgetPath)</onclick>
					<onclick condition="Skin.HasSetting(ExpandAddMoreCategorySettings3) + Skin.String(SelectedExpandedBtn,2)">RunScript(script.skinshortcuts,type=widgets&amp;showNone=False&amp;skinWidgetName=Custom10PanelCustomBottomWidgetName&amp;skinWidgetTarget=Custom10PanelCustomBottomWidgetTarget&amp;skinWidgetPath=Custom10PanelCustomBottomWidgetPath)</onclick>
					<onclick condition="Skin.HasSetting(ExpandAddMoreCategorySettings3) + Skin.String(SelectedExpandedBtn,3)">RunScript(script.skinshortcuts,type=widgets&amp;showNone=False&amp;skinWidgetName=Custom11PanelCustomBottomWidgetName&amp;skinWidgetTarget=Custom11PanelCustomBottomWidgetTarget&amp;skinWidgetPath=Custom11PanelCustomBottomWidgetPath)</onclick>
					<onclick condition="Skin.HasSetting(ExpandAddMoreCategorySettings3) + Skin.String(SelectedExpandedBtn,4)">RunScript(script.skinshortcuts,type=widgets&amp;showNone=False&amp;skinWidgetName=Custom12PanelCustomBottomWidgetName&amp;skinWidgetTarget=Custom12PanelCustomBottomWidgetTarget&amp;skinWidgetPath=Custom12PanelCustomBottomWidgetPath)</onclick>
					<onclick condition="Skin.HasSetting(ExpandAddMoreCategorySettings4) + Skin.String(SelectedExpandedBtn,1)">RunScript(script.skinshortcuts,type=widgets&amp;showNone=False&amp;skinWidgetName=Custom13PanelCustomBottomWidgetName&amp;skinWidgetTarget=Custom13PanelCustomBottomWidgetTarget&amp;skinWidgetPath=Custom13PanelCustomBottomWidgetPath)</onclick>
					<onclick condition="Skin.HasSetting(ExpandAddMoreCategorySettings4) + Skin.String(SelectedExpandedBtn,2)">RunScript(script.skinshortcuts,type=widgets&amp;showNone=False&amp;skinWidgetName=Custom14PanelCustomBottomWidgetName&amp;skinWidgetTarget=Custom14PanelCustomBottomWidgetTarget&amp;skinWidgetPath=Custom14PanelCustomBottomWidgetPath)</onclick>
					<onclick condition="Skin.HasSetting(ExpandAddMoreCategorySettings4) + Skin.String(SelectedExpandedBtn,3)">RunScript(script.skinshortcuts,type=widgets&amp;showNone=False&amp;skinWidgetName=Custom15PanelCustomBottomWidgetName&amp;skinWidgetTarget=Custom15PanelCustomBottomWidgetTarget&amp;skinWidgetPath=Custom15PanelCustomBottomWidgetPath)</onclick>
					<onclick condition="Skin.HasSetting(ExpandAddMoreCategorySettings4) + Skin.String(SelectedExpandedBtn,4)">RunScript(script.skinshortcuts,type=widgets&amp;showNone=False&amp;skinWidgetName=Custom16PanelCustomBottomWidgetName&amp;skinWidgetTarget=Custom16PanelCustomBottomWidgetTarget&amp;skinWidgetPath=Custom16PanelCustomBottomWidgetPath)</onclick>
					<onclick>Dialog.Close(1105)</onclick>
					<width>300</width>
					<textwidth>290</textwidth>
					<include>ContextMenuBtn</include>
					<visible>Skin.String(DialogVideoInfoButtonMenu,CustomWidgets)</visible>
				</control>
				<control type="button" id="992">
					<description>Top Custom Widget Poster Aspect</description>
					<label>$LOCALIZE[20021]</label>
					<onclick condition="Skin.HasSetting(ExpandAddMoreCategorySettings) + Skin.String(SelectedExpandedBtn,1) + Skin.String(DialogVideoInfoButtonMenu,CustomWidgetsAspectTop)">Skin.SetString(Custom1PanelTopAspect,poster)</onclick>
					<onclick condition="Skin.HasSetting(ExpandAddMoreCategorySettings) + Skin.String(SelectedExpandedBtn,1) + Skin.String(DialogVideoInfoButtonMenu,CustomWidgetsAspectBottom)">Skin.SetString(Custom1PanelBottomAspect,poster)</onclick>
					<onclick condition="Skin.HasSetting(ExpandAddMoreCategorySettings) + Skin.String(SelectedExpandedBtn,2) + Skin.String(DialogVideoInfoButtonMenu,CustomWidgetsAspectTop)">Skin.SetString(Custom2PanelTopAspect,poster)</onclick>
					<onclick condition="Skin.HasSetting(ExpandAddMoreCategorySettings) + Skin.String(SelectedExpandedBtn,2) + Skin.String(DialogVideoInfoButtonMenu,CustomWidgetsAspectBottom)">Skin.SetString(Custom2PanelBottomAspect,poster)</onclick>
					<onclick condition="Skin.HasSetting(ExpandAddMoreCategorySettings) + Skin.String(SelectedExpandedBtn,3) + Skin.String(DialogVideoInfoButtonMenu,CustomWidgetsAspectTop)">Skin.SetString(Custom3PanelTopAspect,poster)</onclick>
					<onclick condition="Skin.HasSetting(ExpandAddMoreCategorySettings) + Skin.String(SelectedExpandedBtn,3) + Skin.String(DialogVideoInfoButtonMenu,CustomWidgetsAspectBottom)">Skin.SetString(Custom3PanelBottomAspect,poster)</onclick>
					<onclick condition="Skin.HasSetting(ExpandAddMoreCategorySettings) + Skin.String(SelectedExpandedBtn,4) + Skin.String(DialogVideoInfoButtonMenu,CustomWidgetsAspectTop)">Skin.SetString(Custom4PanelTopAspect,poster)</onclick>
					<onclick condition="Skin.HasSetting(ExpandAddMoreCategorySettings) + Skin.String(SelectedExpandedBtn,4) + Skin.String(DialogVideoInfoButtonMenu,CustomWidgetsAspectBottom)">Skin.SetString(Custom4PanelBottomAspect,poster)</onclick>
					<onclick condition="Skin.HasSetting(ExpandAddMoreCategorySettings2) + Skin.String(SelectedExpandedBtn,1) + Skin.String(DialogVideoInfoButtonMenu,CustomWidgetsAspectTop)">Skin.SetString(Custom5PanelTopAspect,poster)</onclick>
					<onclick condition="Skin.HasSetting(ExpandAddMoreCategorySettings2) + Skin.String(SelectedExpandedBtn,1) + Skin.String(DialogVideoInfoButtonMenu,CustomWidgetsAspectBottom)">Skin.SetString(Custom5PanelBottomAspect,poster)</onclick>
					<onclick condition="Skin.HasSetting(ExpandAddMoreCategorySettings2) + Skin.String(SelectedExpandedBtn,2) + Skin.String(DialogVideoInfoButtonMenu,CustomWidgetsAspectTop)">Skin.SetString(Custom6PanelTopAspect,poster)</onclick>
					<onclick condition="Skin.HasSetting(ExpandAddMoreCategorySettings2) + Skin.String(SelectedExpandedBtn,2) + Skin.String(DialogVideoInfoButtonMenu,CustomWidgetsAspectBottom)">Skin.SetString(Custom6PanelBottomAspect,poster)</onclick>
					<onclick condition="Skin.HasSetting(ExpandAddMoreCategorySettings2) + Skin.String(SelectedExpandedBtn,3) + Skin.String(DialogVideoInfoButtonMenu,CustomWidgetsAspectTop)">Skin.SetString(Custom7PanelTopAspect,poster)</onclick>
					<onclick condition="Skin.HasSetting(ExpandAddMoreCategorySettings2) + Skin.String(SelectedExpandedBtn,3) + Skin.String(DialogVideoInfoButtonMenu,CustomWidgetsAspectBottom)">Skin.SetString(Custom7PanelBottomAspect,poster)</onclick>
					<onclick condition="Skin.HasSetting(ExpandAddMoreCategorySettings2) + Skin.String(SelectedExpandedBtn,4) + Skin.String(DialogVideoInfoButtonMenu,CustomWidgetsAspectTop)">Skin.SetString(Custom8PanelTopAspect,poster)</onclick>
					<onclick condition="Skin.HasSetting(ExpandAddMoreCategorySettings2) + Skin.String(SelectedExpandedBtn,4) + Skin.String(DialogVideoInfoButtonMenu,CustomWidgetsAspectBottom)">Skin.SetString(Custom8PanelBottomAspect,poster)</onclick>
					<onclick condition="Skin.HasSetting(ExpandAddMoreCategorySettings3) + Skin.String(SelectedExpandedBtn,1) + Skin.String(DialogVideoInfoButtonMenu,CustomWidgetsAspectTop)">Skin.SetString(Custom9PanelTopAspect,poster)</onclick>
					<onclick condition="Skin.HasSetting(ExpandAddMoreCategorySettings3) + Skin.String(SelectedExpandedBtn,1) + Skin.String(DialogVideoInfoButtonMenu,CustomWidgetsAspectBottom)">Skin.SetString(Custom9PanelBottomAspect,poster)</onclick>
					<onclick condition="Skin.HasSetting(ExpandAddMoreCategorySettings3) + Skin.String(SelectedExpandedBtn,2) + Skin.String(DialogVideoInfoButtonMenu,CustomWidgetsAspectTop)">Skin.SetString(Custom10PanelTopAspect,poster)</onclick>
					<onclick condition="Skin.HasSetting(ExpandAddMoreCategorySettings3) + Skin.String(SelectedExpandedBtn,2) + Skin.String(DialogVideoInfoButtonMenu,CustomWidgetsAspectBottom)">Skin.SetString(Custom10PanelBottomAspect,poster)</onclick>
					<onclick condition="Skin.HasSetting(ExpandAddMoreCategorySettings3) + Skin.String(SelectedExpandedBtn,3) + Skin.String(DialogVideoInfoButtonMenu,CustomWidgetsAspectTop)">Skin.SetString(Custom11PanelTopAspect,poster)</onclick>
					<onclick condition="Skin.HasSetting(ExpandAddMoreCategorySettings3) + Skin.String(SelectedExpandedBtn,3) + Skin.String(DialogVideoInfoButtonMenu,CustomWidgetsAspectBottom)">Skin.SetString(Custom11PanelBottomAspect,poster)</onclick>
					<onclick condition="Skin.HasSetting(ExpandAddMoreCategorySettings3) + Skin.String(SelectedExpandedBtn,4) + Skin.String(DialogVideoInfoButtonMenu,CustomWidgetsAspectTop)">Skin.SetString(Custom12PanelTopAspect,poster)</onclick>
					<onclick condition="Skin.HasSetting(ExpandAddMoreCategorySettings3) + Skin.String(SelectedExpandedBtn,4) + Skin.String(DialogVideoInfoButtonMenu,CustomWidgetsAspectBottom)">Skin.SetString(Custom12PanelBottomAspect,poster)</onclick>
					<onclick condition="Skin.HasSetting(ExpandAddMoreCategorySettings4) + Skin.String(SelectedExpandedBtn,1) + Skin.String(DialogVideoInfoButtonMenu,CustomWidgetsAspectTop)">Skin.SetString(Custom13PanelTopAspect,poster)</onclick>
					<onclick condition="Skin.HasSetting(ExpandAddMoreCategorySettings4) + Skin.String(SelectedExpandedBtn,1) + Skin.String(DialogVideoInfoButtonMenu,CustomWidgetsAspectBottom)">Skin.SetString(Custom13PanelBottomAspect,poster)</onclick>
					<onclick condition="Skin.HasSetting(ExpandAddMoreCategorySettings4) + Skin.String(SelectedExpandedBtn,2) + Skin.String(DialogVideoInfoButtonMenu,CustomWidgetsAspectTop)">Skin.SetString(Custom14PanelTopAspect,poster)</onclick>
					<onclick condition="Skin.HasSetting(ExpandAddMoreCategorySettings4) + Skin.String(SelectedExpandedBtn,2) + Skin.String(DialogVideoInfoButtonMenu,CustomWidgetsAspectBottom)">Skin.SetString(Custom14PanelBottomAspect,poster)</onclick>
					<onclick condition="Skin.HasSetting(ExpandAddMoreCategorySettings4) + Skin.String(SelectedExpandedBtn,3) + Skin.String(DialogVideoInfoButtonMenu,CustomWidgetsAspectTop)">Skin.SetString(Custom15PanelTopAspect,poster)</onclick>
					<onclick condition="Skin.HasSetting(ExpandAddMoreCategorySettings4) + Skin.String(SelectedExpandedBtn,3) + Skin.String(DialogVideoInfoButtonMenu,CustomWidgetsAspectBottom)">Skin.SetString(Custom15PanelBottomAspect,poster)</onclick>
					<onclick condition="Skin.HasSetting(ExpandAddMoreCategorySettings4) + Skin.String(SelectedExpandedBtn,4) + Skin.String(DialogVideoInfoButtonMenu,CustomWidgetsAspectTop)">Skin.SetString(Custom16PanelTopAspect,poster)</onclick>
					<onclick condition="Skin.HasSetting(ExpandAddMoreCategorySettings4) + Skin.String(SelectedExpandedBtn,4) + Skin.String(DialogVideoInfoButtonMenu,CustomWidgetsAspectBottom)">Skin.SetString(Custom16PanelBottomAspect,poster)</onclick>
					<onclick>Dialog.Close(1105)</onclick>
					<width>300</width>
					<textwidth>290</textwidth>
					<include>ContextMenuBtn</include>
					<visible>Skin.String(DialogVideoInfoButtonMenu,CustomWidgetsAspectTop) | Skin.String(DialogVideoInfoButtonMenu,CustomWidgetsAspectBottom)</visible>
				</control>
				<control type="button" id="993">
					<description>Top Custom Widget Wide Aspect</description>
					<label>$LOCALIZE[539]</label>
					<onclick condition="Skin.HasSetting(ExpandAddMoreCategorySettings) + Skin.String(SelectedExpandedBtn,1) + Skin.String(DialogVideoInfoButtonMenu,CustomWidgetsAspectTop)">Skin.SetString(Custom1PanelTopAspect,wide)</onclick>
					<onclick condition="Skin.HasSetting(ExpandAddMoreCategorySettings) + Skin.String(SelectedExpandedBtn,1) + Skin.String(DialogVideoInfoButtonMenu,CustomWidgetsAspectBottom)">Skin.SetString(Custom1PanelBottomAspect,wide)</onclick>
					<onclick condition="Skin.HasSetting(ExpandAddMoreCategorySettings) + Skin.String(SelectedExpandedBtn,2) + Skin.String(DialogVideoInfoButtonMenu,CustomWidgetsAspectTop)">Skin.SetString(Custom2PanelTopAspect,wide)</onclick>
					<onclick condition="Skin.HasSetting(ExpandAddMoreCategorySettings) + Skin.String(SelectedExpandedBtn,2) + Skin.String(DialogVideoInfoButtonMenu,CustomWidgetsAspectBottom)">Skin.SetString(Custom2PanelBottomAspect,wide)</onclick>
					<onclick condition="Skin.HasSetting(ExpandAddMoreCategorySettings) + Skin.String(SelectedExpandedBtn,3) + Skin.String(DialogVideoInfoButtonMenu,CustomWidgetsAspectTop)">Skin.SetString(Custom3PanelTopAspect,wide)</onclick>
					<onclick condition="Skin.HasSetting(ExpandAddMoreCategorySettings) + Skin.String(SelectedExpandedBtn,3) + Skin.String(DialogVideoInfoButtonMenu,CustomWidgetsAspectBottom)">Skin.SetString(Custom3PanelBottomAspect,wide)</onclick>
					<onclick condition="Skin.HasSetting(ExpandAddMoreCategorySettings) + Skin.String(SelectedExpandedBtn,4) + Skin.String(DialogVideoInfoButtonMenu,CustomWidgetsAspectTop)">Skin.SetString(Custom4PanelTopAspect,wide)</onclick>
					<onclick condition="Skin.HasSetting(ExpandAddMoreCategorySettings) + Skin.String(SelectedExpandedBtn,4) + Skin.String(DialogVideoInfoButtonMenu,CustomWidgetsAspectBottom)">Skin.SetString(Custom4PanelBottomAspect,wide)</onclick>
					<onclick condition="Skin.HasSetting(ExpandAddMoreCategorySettings2) + Skin.String(SelectedExpandedBtn,1) + Skin.String(DialogVideoInfoButtonMenu,CustomWidgetsAspectTop)">Skin.SetString(Custom5PanelTopAspect,wide)</onclick>
					<onclick condition="Skin.HasSetting(ExpandAddMoreCategorySettings2) + Skin.String(SelectedExpandedBtn,1) + Skin.String(DialogVideoInfoButtonMenu,CustomWidgetsAspectBottom)">Skin.SetString(Custom5PanelBottomAspect,wide)</onclick>
					<onclick condition="Skin.HasSetting(ExpandAddMoreCategorySettings2) + Skin.String(SelectedExpandedBtn,2) + Skin.String(DialogVideoInfoButtonMenu,CustomWidgetsAspectTop)">Skin.SetString(Custom6PanelTopAspect,wide)</onclick>
					<onclick condition="Skin.HasSetting(ExpandAddMoreCategorySettings2) + Skin.String(SelectedExpandedBtn,2) + Skin.String(DialogVideoInfoButtonMenu,CustomWidgetsAspectBottom)">Skin.SetString(Custom6PanelBottomAspect,wide)</onclick>
					<onclick condition="Skin.HasSetting(ExpandAddMoreCategorySettings2) + Skin.String(SelectedExpandedBtn,3) + Skin.String(DialogVideoInfoButtonMenu,CustomWidgetsAspectTop)">Skin.SetString(Custom7PanelTopAspect,wide)</onclick>
					<onclick condition="Skin.HasSetting(ExpandAddMoreCategorySettings2) + Skin.String(SelectedExpandedBtn,3) + Skin.String(DialogVideoInfoButtonMenu,CustomWidgetsAspectBottom)">Skin.SetString(Custom7PanelBottomAspect,wide)</onclick>
					<onclick condition="Skin.HasSetting(ExpandAddMoreCategorySettings2) + Skin.String(SelectedExpandedBtn,4) + Skin.String(DialogVideoInfoButtonMenu,CustomWidgetsAspectTop)">Skin.SetString(Custom8PanelTopAspect,wide)</onclick>
					<onclick condition="Skin.HasSetting(ExpandAddMoreCategorySettings2) + Skin.String(SelectedExpandedBtn,4) + Skin.String(DialogVideoInfoButtonMenu,CustomWidgetsAspectBottom)">Skin.SetString(Custom8PanelBottomAspect,wide)</onclick>
					<onclick condition="Skin.HasSetting(ExpandAddMoreCategorySettings3) + Skin.String(SelectedExpandedBtn,1) + Skin.String(DialogVideoInfoButtonMenu,CustomWidgetsAspectTop)">Skin.SetString(Custom9PanelTopAspect,wide)</onclick>
					<onclick condition="Skin.HasSetting(ExpandAddMoreCategorySettings3) + Skin.String(SelectedExpandedBtn,1) + Skin.String(DialogVideoInfoButtonMenu,CustomWidgetsAspectBottom)">Skin.SetString(Custom9PanelBottomAspect,wide)</onclick>
					<onclick condition="Skin.HasSetting(ExpandAddMoreCategorySettings3) + Skin.String(SelectedExpandedBtn,2) + Skin.String(DialogVideoInfoButtonMenu,CustomWidgetsAspectTop)">Skin.SetString(Custom10PanelTopAspect,wide)</onclick>
					<onclick condition="Skin.HasSetting(ExpandAddMoreCategorySettings3) + Skin.String(SelectedExpandedBtn,2) + Skin.String(DialogVideoInfoButtonMenu,CustomWidgetsAspectBottom)">Skin.SetString(Custom10PanelBottomAspect,wide)</onclick>
					<onclick condition="Skin.HasSetting(ExpandAddMoreCategorySettings3) + Skin.String(SelectedExpandedBtn,3) + Skin.String(DialogVideoInfoButtonMenu,CustomWidgetsAspectTop)">Skin.SetString(Custom11PanelTopAspect,wide)</onclick>
					<onclick condition="Skin.HasSetting(ExpandAddMoreCategorySettings3) + Skin.String(SelectedExpandedBtn,3) + Skin.String(DialogVideoInfoButtonMenu,CustomWidgetsAspectBottom)">Skin.SetString(Custom11PanelBottomAspect,wide)</onclick>
					<onclick condition="Skin.HasSetting(ExpandAddMoreCategorySettings3) + Skin.String(SelectedExpandedBtn,4) + Skin.String(DialogVideoInfoButtonMenu,CustomWidgetsAspectTop)">Skin.SetString(Custom12PanelTopAspect,wide)</onclick>
					<onclick condition="Skin.HasSetting(ExpandAddMoreCategorySettings3) + Skin.String(SelectedExpandedBtn,4) + Skin.String(DialogVideoInfoButtonMenu,CustomWidgetsAspectBottom)">Skin.SetString(Custom12PanelBottomAspect,wide)</onclick>
					<onclick condition="Skin.HasSetting(ExpandAddMoreCategorySettings4) + Skin.String(SelectedExpandedBtn,1) + Skin.String(DialogVideoInfoButtonMenu,CustomWidgetsAspectTop)">Skin.SetString(Custom13PanelTopAspect,wide)</onclick>
					<onclick condition="Skin.HasSetting(ExpandAddMoreCategorySettings4) + Skin.String(SelectedExpandedBtn,1) + Skin.String(DialogVideoInfoButtonMenu,CustomWidgetsAspectBottom)">Skin.SetString(Custom13PanelBottomAspect,wide)</onclick>
					<onclick condition="Skin.HasSetting(ExpandAddMoreCategorySettings4) + Skin.String(SelectedExpandedBtn,2) + Skin.String(DialogVideoInfoButtonMenu,CustomWidgetsAspectTop)">Skin.SetString(Custom14PanelTopAspect,wide)</onclick>
					<onclick condition="Skin.HasSetting(ExpandAddMoreCategorySettings4) + Skin.String(SelectedExpandedBtn,2) + Skin.String(DialogVideoInfoButtonMenu,CustomWidgetsAspectBottom)">Skin.SetString(Custom14PanelBottomAspect,wide)</onclick>
					<onclick condition="Skin.HasSetting(ExpandAddMoreCategorySettings4) + Skin.String(SelectedExpandedBtn,3) + Skin.String(DialogVideoInfoButtonMenu,CustomWidgetsAspectTop)">Skin.SetString(Custom15PanelTopAspect,wide)</onclick>
					<onclick condition="Skin.HasSetting(ExpandAddMoreCategorySettings4) + Skin.String(SelectedExpandedBtn,3) + Skin.String(DialogVideoInfoButtonMenu,CustomWidgetsAspectBottom)">Skin.SetString(Custom15PanelBottomAspect,wide)</onclick>
					<onclick condition="Skin.HasSetting(ExpandAddMoreCategorySettings4) + Skin.String(SelectedExpandedBtn,4) + Skin.String(DialogVideoInfoButtonMenu,CustomWidgetsAspectTop)">Skin.SetString(Custom16PanelTopAspect,wide)</onclick>
					<onclick condition="Skin.HasSetting(ExpandAddMoreCategorySettings4) + Skin.String(SelectedExpandedBtn,4) + Skin.String(DialogVideoInfoButtonMenu,CustomWidgetsAspectBottom)">Skin.SetString(Custom16PanelBottomAspect,wide)</onclick>
					<onclick>Dialog.Close(1105)</onclick>
					<width>300</width>
					<textwidth>290</textwidth>
					<include>ContextMenuBtn</include>
					<visible>Skin.String(DialogVideoInfoButtonMenu,CustomWidgetsAspectTop) | Skin.String(DialogVideoInfoButtonMenu,CustomWidgetsAspectBottom)</visible>
				</control>
				<control type="button" id="994">
					<description>Top Custom Widget Square Aspect</description>
					<label>$LOCALIZE[31623]</label>
					<onclick condition="Skin.HasSetting(ExpandAddMoreCategorySettings) + Skin.String(SelectedExpandedBtn,1) + Skin.String(DialogVideoInfoButtonMenu,CustomWidgetsAspectTop)">Skin.SetString(Custom1PanelTopAspect,square)</onclick>
					<onclick condition="Skin.HasSetting(ExpandAddMoreCategorySettings) + Skin.String(SelectedExpandedBtn,1) + Skin.String(DialogVideoInfoButtonMenu,CustomWidgetsAspectBottom)">Skin.SetString(Custom1PanelBottomAspect,square)</onclick>
					<onclick condition="Skin.HasSetting(ExpandAddMoreCategorySettings) + Skin.String(SelectedExpandedBtn,2) + Skin.String(DialogVideoInfoButtonMenu,CustomWidgetsAspectTop)">Skin.SetString(Custom2PanelTopAspect,square)</onclick>
					<onclick condition="Skin.HasSetting(ExpandAddMoreCategorySettings) + Skin.String(SelectedExpandedBtn,2) + Skin.String(DialogVideoInfoButtonMenu,CustomWidgetsAspectBottom)">Skin.SetString(Custom2PanelBottomAspect,square)</onclick>
					<onclick condition="Skin.HasSetting(ExpandAddMoreCategorySettings) + Skin.String(SelectedExpandedBtn,3) + Skin.String(DialogVideoInfoButtonMenu,CustomWidgetsAspectTop)">Skin.SetString(Custom3PanelTopAspect,square)</onclick>
					<onclick condition="Skin.HasSetting(ExpandAddMoreCategorySettings) + Skin.String(SelectedExpandedBtn,3) + Skin.String(DialogVideoInfoButtonMenu,CustomWidgetsAspectBottom)">Skin.SetString(Custom3PanelBottomAspect,square)</onclick>
					<onclick condition="Skin.HasSetting(ExpandAddMoreCategorySettings) + Skin.String(SelectedExpandedBtn,4) + Skin.String(DialogVideoInfoButtonMenu,CustomWidgetsAspectTop)">Skin.SetString(Custom4PanelTopAspect,square)</onclick>
					<onclick condition="Skin.HasSetting(ExpandAddMoreCategorySettings) + Skin.String(SelectedExpandedBtn,4) + Skin.String(DialogVideoInfoButtonMenu,CustomWidgetsAspectBottom)">Skin.SetString(Custom4PanelBottomAspect,square)</onclick>
					<onclick condition="Skin.HasSetting(ExpandAddMoreCategorySettings2) + Skin.String(SelectedExpandedBtn,1) + Skin.String(DialogVideoInfoButtonMenu,CustomWidgetsAspectTop)">Skin.SetString(Custom5PanelTopAspect,square)</onclick>
					<onclick condition="Skin.HasSetting(ExpandAddMoreCategorySettings2) + Skin.String(SelectedExpandedBtn,1) + Skin.String(DialogVideoInfoButtonMenu,CustomWidgetsAspectBottom)">Skin.SetString(Custom5PanelBottomAspect,square)</onclick>
					<onclick condition="Skin.HasSetting(ExpandAddMoreCategorySettings2) + Skin.String(SelectedExpandedBtn,2) + Skin.String(DialogVideoInfoButtonMenu,CustomWidgetsAspectTop)">Skin.SetString(Custom6PanelTopAspect,square)</onclick>
					<onclick condition="Skin.HasSetting(ExpandAddMoreCategorySettings2) + Skin.String(SelectedExpandedBtn,2) + Skin.String(DialogVideoInfoButtonMenu,CustomWidgetsAspectBottom)">Skin.SetString(Custom6PanelBottomAspect,square)</onclick>
					<onclick condition="Skin.HasSetting(ExpandAddMoreCategorySettings2) + Skin.String(SelectedExpandedBtn,3) + Skin.String(DialogVideoInfoButtonMenu,CustomWidgetsAspectTop)">Skin.SetString(Custom7PanelTopAspect,square)</onclick>
					<onclick condition="Skin.HasSetting(ExpandAddMoreCategorySettings2) + Skin.String(SelectedExpandedBtn,3) + Skin.String(DialogVideoInfoButtonMenu,CustomWidgetsAspectBottom)">Skin.SetString(Custom7PanelBottomAspect,square)</onclick>
					<onclick condition="Skin.HasSetting(ExpandAddMoreCategorySettings2) + Skin.String(SelectedExpandedBtn,4) + Skin.String(DialogVideoInfoButtonMenu,CustomWidgetsAspectTop)">Skin.SetString(Custom8PanelTopAspect,square)</onclick>
					<onclick condition="Skin.HasSetting(ExpandAddMoreCategorySettings2) + Skin.String(SelectedExpandedBtn,4) + Skin.String(DialogVideoInfoButtonMenu,CustomWidgetsAspectBottom)">Skin.SetString(Custom8PanelBottomAspect,square)</onclick>
					<onclick condition="Skin.HasSetting(ExpandAddMoreCategorySettings3) + Skin.String(SelectedExpandedBtn,1) + Skin.String(DialogVideoInfoButtonMenu,CustomWidgetsAspectTop)">Skin.SetString(Custom9PanelTopAspect,square)</onclick>
					<onclick condition="Skin.HasSetting(ExpandAddMoreCategorySettings3) + Skin.String(SelectedExpandedBtn,1) + Skin.String(DialogVideoInfoButtonMenu,CustomWidgetsAspectBottom)">Skin.SetString(Custom9PanelBottomAspect,square)</onclick>
					<onclick condition="Skin.HasSetting(ExpandAddMoreCategorySettings3) + Skin.String(SelectedExpandedBtn,2) + Skin.String(DialogVideoInfoButtonMenu,CustomWidgetsAspectTop)">Skin.SetString(Custom10PanelTopAspect,square)</onclick>
					<onclick condition="Skin.HasSetting(ExpandAddMoreCategorySettings3) + Skin.String(SelectedExpandedBtn,2) + Skin.String(DialogVideoInfoButtonMenu,CustomWidgetsAspectBottom)">Skin.SetString(Custom10PanelBottomAspect,square)</onclick>
					<onclick condition="Skin.HasSetting(ExpandAddMoreCategorySettings3) + Skin.String(SelectedExpandedBtn,3) + Skin.String(DialogVideoInfoButtonMenu,CustomWidgetsAspectTop)">Skin.SetString(Custom11PanelTopAspect,square)</onclick>
					<onclick condition="Skin.HasSetting(ExpandAddMoreCategorySettings3) + Skin.String(SelectedExpandedBtn,3) + Skin.String(DialogVideoInfoButtonMenu,CustomWidgetsAspectBottom)">Skin.SetString(Custom11PanelBottomAspect,square)</onclick>
					<onclick condition="Skin.HasSetting(ExpandAddMoreCategorySettings3) + Skin.String(SelectedExpandedBtn,4) + Skin.String(DialogVideoInfoButtonMenu,CustomWidgetsAspectTop)">Skin.SetString(Custom12PanelTopAspect,square)</onclick>
					<onclick condition="Skin.HasSetting(ExpandAddMoreCategorySettings3) + Skin.String(SelectedExpandedBtn,4) + Skin.String(DialogVideoInfoButtonMenu,CustomWidgetsAspectBottom)">Skin.SetString(Custom12PanelBottomAspect,square)</onclick>
					<onclick condition="Skin.HasSetting(ExpandAddMoreCategorySettings4) + Skin.String(SelectedExpandedBtn,1) + Skin.String(DialogVideoInfoButtonMenu,CustomWidgetsAspectTop)">Skin.SetString(Custom13PanelTopAspect,square)</onclick>
					<onclick condition="Skin.HasSetting(ExpandAddMoreCategorySettings4) + Skin.String(SelectedExpandedBtn,1) + Skin.String(DialogVideoInfoButtonMenu,CustomWidgetsAspectBottom)">Skin.SetString(Custom13PanelBottomAspect,square)</onclick>
					<onclick condition="Skin.HasSetting(ExpandAddMoreCategorySettings4) + Skin.String(SelectedExpandedBtn,2) + Skin.String(DialogVideoInfoButtonMenu,CustomWidgetsAspectTop)">Skin.SetString(Custom14PanelTopAspect,square)</onclick>
					<onclick condition="Skin.HasSetting(ExpandAddMoreCategorySettings4) + Skin.String(SelectedExpandedBtn,2) + Skin.String(DialogVideoInfoButtonMenu,CustomWidgetsAspectBottom)">Skin.SetString(Custom14PanelBottomAspect,square)</onclick>
					<onclick condition="Skin.HasSetting(ExpandAddMoreCategorySettings4) + Skin.String(SelectedExpandedBtn,3) + Skin.String(DialogVideoInfoButtonMenu,CustomWidgetsAspectTop)">Skin.SetString(Custom15PanelTopAspect,square)</onclick>
					<onclick condition="Skin.HasSetting(ExpandAddMoreCategorySettings4) + Skin.String(SelectedExpandedBtn,3) + Skin.String(DialogVideoInfoButtonMenu,CustomWidgetsAspectBottom)">Skin.SetString(Custom15PanelBottomAspect,square)</onclick>
					<onclick condition="Skin.HasSetting(ExpandAddMoreCategorySettings4) + Skin.String(SelectedExpandedBtn,4) + Skin.String(DialogVideoInfoButtonMenu,CustomWidgetsAspectTop)">Skin.SetString(Custom16PanelTopAspect,square)</onclick>
					<onclick condition="Skin.HasSetting(ExpandAddMoreCategorySettings4) + Skin.String(SelectedExpandedBtn,4) + Skin.String(DialogVideoInfoButtonMenu,CustomWidgetsAspectBottom)">Skin.SetString(Custom16PanelBottomAspect,square)</onclick>
					<onclick>Dialog.Close(1105)</onclick>
					<width>300</width>
					<textwidth>290</textwidth>
					<include>ContextMenuBtn</include>
					<visible>Skin.String(DialogVideoInfoButtonMenu,CustomWidgetsAspectTop) | Skin.String(DialogVideoInfoButtonMenu,CustomWidgetsAspectBottom)</visible>
				</control>
			</control>
			
			<control type="button" id="999">
				<description>Close</description>
				<left>97</left>
				<top>110</top>
				<include>DialogMenuBarBtn</include>
				<label>$LOCALIZE[222]</label>
				<onclick>Dialog.Close(1105)</onclick>
				<onup condition="Skin.String(DialogVideoInfoButtonMenu,director) | Skin.String(DialogVideoInfoButtonMenu,writer) | Skin.String(DialogVideoInfoButtonMenu,artist)">984</onup>
				<onup condition="Skin.String(DialogVideoInfoButtonMenu,rating)">986</onup>
				<onup condition="Skin.String(DialogVideoInfoButtonMenu,top250)">987</onup>
				<onup condition="Skin.String(DialogVideoInfoButtonMenu,LowCPUPowerMode)">989</onup>
				<onup condition="Skin.String(DialogVideoInfoButtonMenu,CustomWidgets)">991</onup>
				<onup condition="Skin.String(DialogVideoInfoButtonMenu,CustomWidgetsAspectTop) | Skin.String(DialogVideoInfoButtonMenu,CustomWidgetsAspectBottom)">994</onup>
				<ondown condition="Skin.String(DialogVideoInfoButtonMenu,director) | Skin.String(DialogVideoInfoButtonMenu,writer) | Skin.String(DialogVideoInfoButtonMenu,artist)">982</ondown>
				<ondown condition="Skin.String(DialogVideoInfoButtonMenu,rating) | Skin.String(DialogVideoInfoButtonMenu,top250)">985</ondown>
				<ondown condition="Skin.String(DialogVideoInfoButtonMenu,LowCPUPowerMode)">988</ondown>
				<ondown condition="Skin.String(DialogVideoInfoButtonMenu,CustomWidgets)">990</ondown>
				<ondown condition="Skin.String(DialogVideoInfoButtonMenu,CustomWidgetsAspectTop) | Skin.String(DialogVideoInfoButtonMenu,CustomWidgetsAspectBottom)">992</ondown>
				<onleft>981</onleft>
				<onright>981</onright>
				<animation effect="slide" end="0,37" condition="[System.HasAddon(script.extendedinfo) + System.HasAddon(script.libraryeditor) + Skin.String(DialogVideoInfoButtonMenu,director)] | Skin.String(DialogVideoInfoButtonMenu,top250) | Skin.String(DialogVideoInfoButtonMenu,CustomWidgetsAspectTop) | Skin.String(DialogVideoInfoButtonMenu,CustomWidgetsAspectBottom)">Conditional</animation>
				<animation effect="slide" end="80,0" condition="Skin.String(DialogVideoInfoButtonMenu,LowCPUPowerMode)">Conditional</animation>
			</control>
		</control>
	</controls>
</window>