<?xml version="1.0" encoding="UTF-8"?>
<window type="dialog" id="3004">
	<defaultcontrol always="true">200</defaultcontrol>
	<allowoverlay>no</allowoverlay>

	<controls>
		<control type="button">
			<onclick>Dialog.Close(3004)</onclick>
			<include>DropDownMenuCloseHitRect</include>
		</control>
		
		<control type="grouplist" id="200">
			<description>Movies Library Menu</description>
			<left>908</left>
			<top>80</top>
			<width>212</width>
			<itemgap>0</itemgap>
			<orientation>vertical</orientation>
			<visible>Substring(Container.FolderPath,videodb://movies/) | Substring(Container.FolderPath,videodb://recentlyaddedmovies/)</visible>
			<onup>200</onup>
			<ondown>200</ondown>
			<onleft>Dialog.Close(3004)</onleft>
			<onright>Dialog.Close(3004)</onright>
			<include>MenuOpenCloseAnim</include>
			<control type="image" id="780">
				<include>DropDownMenuTopBorder</include>
			</control>
			<control type="button" id="1">
				<description>Genres</description>
				<include>DropDownMenuBtn</include>
				<label>$LOCALIZE[135]</label>
				<onclick>Dialog.Close(3004)</onclick>
				<onclick>ActivateWindow(Videos,MovieGenres)</onclick>				
			</control>
			<control type="button" id="2">
				<description>Title</description>
				<include>DropDownMenuBtn</include>
				<label>$LOCALIZE[556]</label>
				<onclick>Dialog.Close(3004)</onclick>
				<onclick>ActivateWindow(Videos,MovieTitles)</onclick>
			</control>	
			<control type="button" id="3">
				<description>Year</description>
				<include>DropDownMenuBtn</include>
				<label>$LOCALIZE[345]</label>
				<onclick>Dialog.Close(3004)</onclick>
				<onclick>ActivateWindow(Videos,MovieYears)</onclick>
			</control>
			<control type="button" id="4">
				<description>Actors</description>
				<include>DropDownMenuBtn</include>
				<label>$LOCALIZE[344]</label>
				<onclick>Dialog.Close(3004)</onclick>
				<onclick>ActivateWindow(Videos,MovieActors)</onclick>
			</control>
			<control type="button" id="5">
				<description>Directors</description>
				<include>DropDownMenuBtn</include>
				<label>$LOCALIZE[20348]</label>
				<onclick>Dialog.Close(3004)</onclick>
				<onclick>ActivateWindow(Videos,MovieDirectors)</onclick>
			</control>	
			<control type="button" id="6">
				<description>Studios</description>
				<include>DropDownMenuBtn</include>
				<label>$LOCALIZE[20388]</label>
				<onclick>Dialog.Close(3004)</onclick>
				<onclick>ActivateWindow(Videos,MovieStudios)</onclick>
			</control>
			<control type="button" id="8">
				<description>Countries</description>
				<include>DropDownMenuBtn</include>
				<label>$LOCALIZE[20451]</label>
				<onclick>Dialog.Close(3004)</onclick>
				<onclick>ActivateWindow(Videos,MovieCountries)</onclick>
			</control>	
			<control type="button" id="26">
				<description>Top 250</description>
				<include>DropDownMenuBtn</include>
				<label>$LOCALIZE[13409]</label>
				<onclick>Dialog.Close(3004)</onclick>
				<onclick>ActivateWindow(Videos,special://skin/extras/playlists/Top250Movies.xsp)</onclick>
			</control>
			<control type="button" id="7">
				<description>Recently Added Movies</description>
				<include>DropDownMenuBtn</include>
				<label>$LOCALIZE[20386]</label>
				<onclick>Dialog.Close(3004)</onclick>
				<onclick>ActivateWindow(Videos,RecentlyAddedMovies)</onclick>
			</control>
			<control type="button" id="27">
				<description>In Progress Movies</description>
				<include>DropDownMenuBtn</include>
				<label>$LOCALIZE[575]</label>
				<onclick>Dialog.Close(3004)</onclick>
				<onclick>ActivateWindow(Videos,special://skin/extras/playlists/InProgressMovies.xsp)</onclick>
			</control>
			<control type="button" id="24">
				<description>Movie Sets</description>
				<include>DropDownMenuBtn</include>
				<label>$LOCALIZE[20434]</label>
				<onclick>Dialog.Close(3004)</onclick>
				<onclick>ActivateWindow(Videos,MovieSets)</onclick>
			</control>
			<control type="button" id="25">
				<description>Movie Tags</description>
				<include>DropDownMenuBtn</include>
				<label>$LOCALIZE[31907]</label>
				<onclick>Dialog.Close(3004)</onclick>
				<onclick>ActivateWindow(Videos,MovieTags)</onclick>
			</control>
			<control type="button" id="22">
				<description>Playlists</description>
				<include>DropDownMenuBtn</include>
				<label>$LOCALIZE[136]</label>
				<onclick>Dialog.Close(3004)</onclick>
				<onclick>ActivateWindow(Videos,Playlists)</onclick>
			</control>
			<control type="button" id="23">
				<description>Video Add-ons</description>
				<include>DropDownMenuBtn</include>
				<label>$LOCALIZE[1037]</label>
				<onclick>Dialog.Close(3004)</onclick>
				<onclick>ActivateWindow(Videos,Plugins)</onclick>
			</control>
			<control type="image" id="781">
				<include>DropDownMenuBottomBorder</include>
			</control>
		</control>

		<control type="grouplist" id="200">
			<description>TVShows Library Menu</description>
			<left>908</left>
			<top>80</top>
			<width>212</width>
			<itemgap>0</itemgap>
			<orientation>vertical</orientation>
			<visible>Substring(Container.FolderPath,videodb://tvshows/) | Substring(Container.FolderPath,videodb://recentlyaddedepisodes/)</visible>
			<onup>200</onup>
			<ondown>200</ondown>
			<onleft>Dialog.Close(3004)</onleft>
			<onright>Dialog.Close(3004)</onright>
			<include>MenuOpenCloseAnim</include>
			<control type="image" id="780">
				<include>DropDownMenuTopBorder</include>
			</control>
			<control type="button" id="1">
				<description>Genres</description>
				<include>DropDownMenuBtn</include>
				<label>$LOCALIZE[135]</label>
				<onclick>Dialog.Close(3004)</onclick>
				<onclick>ActivateWindow(Videos,TVShowGenres)</onclick>
			</control>
			<control type="button" id="2">
				<description>Title</description>
				<include>DropDownMenuBtn</include>
				<label>$LOCALIZE[556]</label>
				<onclick>Dialog.Close(3004)</onclick>
				<onclick>ActivateWindow(Videos,TVShowTitles)</onclick>
			</control>
			<control type="button" id="3">
				<description>Year</description>
				<include>DropDownMenuBtn</include>
				<label>$LOCALIZE[345]</label>
				<onclick>Dialog.Close(3004)</onclick>
				<onclick>ActivateWindow(Videos,TVShowYears)</onclick>
			</control>
			<control type="button" id="4">
				<description>Actors</description>
				<include>DropDownMenuBtn</include>
				<label>$LOCALIZE[344]</label>
				<onclick>Dialog.Close(3004)</onclick>
				<onclick>ActivateWindow(Videos,TVShowActors)</onclick>
			</control>
			<control type="button" id="5">
				<description>Studios</description>
				<include>DropDownMenuBtn</include>
				<label>$LOCALIZE[20388]</label>
				<onclick>Dialog.Close(3004)</onclick>
				<onclick>ActivateWindow(Videos,TVShowStudios)</onclick>
			</control>
			<control type="button" id="6">
				<description>Recently Added Episodes</description>
				<include>DropDownMenuBtn</include>
				<label>$LOCALIZE[20387]</label>
				<onclick>Dialog.Close(3004)</onclick>
				<onclick>ActivateWindow(Videos,RecentlyAddedEpisodes)</onclick>
			</control>
			<control type="button" id="26">
				<description>In Progress TV Shows</description>
				<include>DropDownMenuBtn</include>
				<label>$LOCALIZE[626]</label>
				<onclick>Dialog.Close(3004)</onclick>
				<onclick>ActivateWindow(Videos,library://video/inprogressshows.xml/)</onclick>
			</control>
			<control type="button" id="25">
				<description>TVShow Tags</description>
				<include>DropDownMenuBtn</include>
				<label>$LOCALIZE[31907]</label>
				<onclick>Dialog.Close(3004)</onclick>
				<onclick>ActivateWindow(Videos,TVShowTags)</onclick>
			</control>
			<control type="button" id="22">
				<description>Playlists</description>
				<include>DropDownMenuBtn</include>
				<label>$LOCALIZE[136]</label>
				<onclick>Dialog.Close(3004)</onclick>
				<onclick>ActivateWindow(Videos,Playlists)</onclick>
			</control>
			<control type="button" id="23">
				<description>Video Plugins</description>
				<include>DropDownMenuBtn</include>
				<label>$LOCALIZE[1037]</label>
				<onclick>Dialog.Close(3004)</onclick>
				<onclick>ActivateWindow(Videos,Plugins)</onclick>
			</control>
			<control type="image" id="781">
				<include>DropDownMenuBottomBorder</include>
			</control>
		</control>
		
		<control type="grouplist" id="200">
			<description>Music Videos Library Menu</description>
			<left>908</left>
			<top>80</top>
			<width>212</width>
			<itemgap>0</itemgap>
			<orientation>vertical</orientation>
			<visible>Substring(Container.FolderPath,videodb://musicvideos/) | Substring(Container.FolderPath,videodb://recentlyaddedmusicvideos/)</visible>
			<onup>200</onup>
			<ondown>200</ondown>
			<onleft>Dialog.Close(3004)</onleft>
			<onright>Dialog.Close(3004)</onright>
			<include>MenuOpenCloseAnim</include>
			<control type="image" id="780">
				<include>DropDownMenuTopBorder</include>
			</control>
			<control type="button" id="1">
				<description>Genres</description>
				<include>DropDownMenuBtn</include>
				<label>$LOCALIZE[135]</label>
				<onclick>Dialog.Close(3004)</onclick>
				<onclick>ActivateWindow(Videos,MusicVideoGenres)</onclick>
			</control>
			<control type="button" id="2">
				<description>Title</description>
				<include>DropDownMenuBtn</include>
				<label>$LOCALIZE[556]</label>
				<onclick>Dialog.Close(3004)</onclick>
				<onclick>ActivateWindow(Videos,MusicVideoTitles)</onclick>
			</control>	
			<control type="button" id="3">
				<description>Year</description>
				<include>DropDownMenuBtn</include>
				<label>$LOCALIZE[345]</label>
				<onclick>Dialog.Close(3004)</onclick>
				<onclick>ActivateWindow(Videos,MusicVideoYears)</onclick>
			</control>
			<control type="button" id="4">
				<description>Artists</description>
				<include>DropDownMenuBtn</include>
				<label>$LOCALIZE[133]</label>
				<onclick>Dialog.Close(3004)</onclick>
				<onclick>ActivateWindow(Videos,MusicVideoArtists)</onclick>
			</control>
			<control type="button" id="5">
				<description>Albums</description>
				<include>DropDownMenuBtn</include>
				<label>$LOCALIZE[132]</label>
				<onclick>Dialog.Close(3004)</onclick>
				<onclick>ActivateWindow(Videos,MusicVideoAlbums)</onclick>
			</control>
			<control type="button" id="6">
				<description>Directors</description>
				<include>DropDownMenuBtn</include>
				<label>$LOCALIZE[20348]</label>
				<onclick>Dialog.Close(3004)</onclick>
				<onclick>ActivateWindow(Videos,MusicVideoDirectors)</onclick>
			</control>	
			<control type="button" id="7">
				<description>Studios</description>
				<include>DropDownMenuBtn</include>
				<label>$LOCALIZE[20388]</label>
				<onclick>Dialog.Close(3004)</onclick>
				<onclick>ActivateWindow(Videos,MusicVideoStudios)</onclick>
			</control>	
			<control type="button" id="8">
				<description>Recently Added Music Videos</description>
				<include>DropDownMenuBtn</include>
				<label>$LOCALIZE[20390]</label>
				<onclick>Dialog.Close(3004)</onclick>
				<onclick>ActivateWindow(Videos,RecentlyAddedMusicVideos)</onclick>
			</control>
			<control type="button" id="22">
				<description>Playlists</description>
				<include>DropDownMenuBtn</include>
				<label>$LOCALIZE[136]</label>
				<onclick>Dialog.Close(3004)</onclick>
				<onclick>ActivateWindow(Videos,Playlists)</onclick>
			</control>
			<control type="button" id="23">
				<description>Video Add-ons</description>
				<include>DropDownMenuBtn</include>
				<label>$LOCALIZE[1037]</label>
				<onclick>Dialog.Close(3004)</onclick>
				<onclick>ActivateWindow(Videos,Plugins)</onclick>
			</control>
			<control type="image" id="781">
				<include>DropDownMenuBottomBorder</include>
			</control>
		</control>
		
		<control type="grouplist" id="200">
			<description>Music Library Menu</description>
			<left>908</left>
			<top>80</top>
			<width>212</width>
			<itemgap>0</itemgap>
			<orientation>vertical</orientation>
			<visible>Substring(Container.FolderPath,musicdb)</visible>
			<onup>200</onup>
			<ondown>200</ondown>
			<onleft>Dialog.Close(3004)</onleft>
			<onright>Dialog.Close(3004)</onright>
			<include>MenuOpenCloseAnim</include>
			<control type="image" id="780">
				<include>DropDownMenuTopBorder</include>
			</control>
			<control type="button" id="1">
				<description>Genres</description>
				<include>DropDownMenuBtn</include>
				<label>$LOCALIZE[135]</label>
				<onclick>Dialog.Close(3004)</onclick>
				<onclick>ActivateWindow(MusicLibrary,Genres)</onclick>
			</control>
			<control type="button" id="2">
				<description>Artists</description>
				<include>DropDownMenuBtn</include>
				<label>$LOCALIZE[133]</label>
				<onclick>Dialog.Close(3004)</onclick>
				<onclick>ActivateWindow(MusicLibrary,Artists)</onclick>
			</control>
			<control type="button" id="3">
				<description>Albums</description>
				<include>DropDownMenuBtn</include>
				<label>$LOCALIZE[132]</label>
				<onclick>Dialog.Close(3004)</onclick>
				<onclick>ActivateWindow(MusicLibrary,Albums)</onclick>
			</control>
			<control type="button" id="5">
				<description>Songs</description>
				<include>DropDownMenuBtn</include>
				<label>$LOCALIZE[134]</label>
				<onclick>Dialog.Close(3004)</onclick>
				<onclick>ActivateWindow(MusicLibrary,Songs)</onclick>
			</control>
			<control type="button" id="6">
				<description>Years</description>
				<include>DropDownMenuBtn</include>
				<label>$LOCALIZE[652]</label>
				<onclick>Dialog.Close(3004)</onclick>
				<onclick>ActivateWindow(MusicLibrary,Years)</onclick>
			</control>
			<control type="button" id="7">
				<description>Top 100</description>
				<include>DropDownMenuBtn</include>
				<label>$LOCALIZE[271]</label>
				<onclick>Dialog.Close(3004)</onclick>
				<onclick>ActivateWindow(MusicLibrary,Top100)</onclick>
			</control>
			<control type="button" id="24">
				<description>Top 100 Songs</description>
				<include>DropDownMenuBtn</include>
				<label>$LOCALIZE[10504]</label>
				<onclick>Dialog.Close(3004)</onclick>
				<onclick>ActivateWindow(MusicLibrary,Top100Songs)</onclick>
			</control>
			<control type="button" id="25">
				<description>Top 100 Albums</description>
				<include>DropDownMenuBtn</include>
				<label>$LOCALIZE[10505]</label>
				<onclick>Dialog.Close(3004)</onclick>
				<onclick>ActivateWindow(MusicLibrary,Top100Albums)</onclick>
			</control>
			<control type="button" id="26">
				<description>Recently Added Songs</description>
				<include>DropDownMenuBtn</include>
				<label>$LOCALIZE[31984]</label>
				<onclick>Dialog.Close(3004)</onclick>
				<onclick>ActivateWindow(MusicLibrary,special://skin/extras/playlists/RecentlyAddedSongs.xsp)</onclick>
			</control>
			<control type="button" id="8">
				<description>Recently Added Albums</description>
				<include>DropDownMenuBtn</include>
				<label>$LOCALIZE[359]</label>
				<onclick>Dialog.Close(3004)</onclick>
				<onclick>ActivateWindow(MusicLibrary,RecentlyAddedAlbums)</onclick>
			</control>
			<control type="button" id="9">
				<description>Recently Played Albums</description>
				<include>DropDownMenuBtn</include>
				<label>$LOCALIZE[517]</label>
				<onclick>Dialog.Close(3004)</onclick>
				<onclick>ActivateWindow(MusicLibrary,RecentlyPlayedAlbums)</onclick>
			</control>
			<control type="button" id="10">
				<description>Compilations</description>
				<include>DropDownMenuBtn</include>
				<label>$LOCALIZE[521]</label>
				<onclick>Dialog.Close(3004)</onclick>
				<onclick>ActivateWindow(MusicLibrary,Compilations)</onclick>
			</control>
			<control type="button" id="11">
				<description>Playlists</description>
				<include>DropDownMenuBtn</include>
				<label>$LOCALIZE[136]</label>
				<onclick>Dialog.Close(3004)</onclick>
				<onclick>ActivateWindow(MusicLibrary,Playlists)</onclick>
			</control>
			<control type="button" id="23">
				<description>Music Add-ons</description>
				<include>DropDownMenuBtn</include>
				<label>$LOCALIZE[1038]</label>
				<onclick>Dialog.Close(3004)</onclick>
				<onclick>ActivateWindow(MusicLibrary,Plugins)</onclick>
			</control>
			<control type="image" id="781">
				<include>DropDownMenuBottomBorder</include>
			</control>
		</control>
	</controls>	
</window>