<?xml version="1.0" encoding="UTF-8"?>
<window id="123">
	<defaultcontrol>5</defaultcontrol>
	<allowoverlay>no</allowoverlay>

	<coordinates>
		<system>1</system>
		<origin x="311" y="120">true</origin>
	</coordinates>

	<controls>
		<control type="group">
			<include>ContentSettingsDialogBox</include>
			<include>DialogOpenCloseAnim</include>
			
			<control type="label" id="1">
				<include>DialogTitle</include>
				<label>$LOCALIZE[5]</label>
			</control>
			
			<control type="label" id="4">
				<description>No Settings Title</description>
				<left>DialogMarginOffsetX</left>
				<top>200</top>
				<width>600</width>
				<align>center</align>
				<include>DialogHeadLabel</include>
				<label>$LOCALIZE[35004]</label>
			</control>
		
			<control type="group">			
				<left>DialogMarginOffsetX</left>
				<top>DialogMarginOffsetY</top>						

				<control type="grouplist" id="5">
					<width>600</width>
					<height>372</height>
					<itemgap>2</itemgap>
					<onup>5</onup>
					<ondown>5</ondown>
					<onleft>9001</onleft>
					<onright>9001</onright>
				</control>
			
				<control type="button" id="7">
					<description>Default Button</description>
					<width>600</width>
					<include>DialogContentLabel</include>
				</control>
			
				<control type="radiobutton" id="8">
					<description>Default RadioButton</description>
					<width>600</width>
					<include>DialogContentLabel</include>
				</control>
				
				<control type="spincontrolex" id="9">
					<description>Default SpinControlex</description>
					<width>600</width>
					<include>DialogContentLabel</include>
				</control>
				
				<control type="sliderex" id="13">
					<description>Default Slider</description>
					<width>600</width>
					<include>DialogContentLabel</include>
				</control>
				
				<control type="image" id="11">
					<description>Separator</description>
					<width>600</width>
					<height>4</height>
					<texture>-</texture>
				</control>
			</control>
			
			<control type="grouplist" id="9001">	
				<description>Dialog Button Area</description>			
				<left>80</left>
				<top>434</top>
				<itemgap>0</itemgap>
				<orientation>horizontal</orientation>
				<onup>5</onup>
				<control type="button" id="28">
					<description>OK</description>
					<include>DialogMenuBarBtn</include>
					<label>$LOCALIZE[186]</label>			
				</control>			
				<control type="button" id="29">
					<description>Cancel</description>
					<left>170</left>
					<include>DialogMenuBarBtn</include>
					<label>$LOCALIZE[222]</label>		
				</control>			
				<control type="button" id="50">
					<description>Defaults</description>
					<left>340</left>
					<include>DialogMenuBarBtn</include>
					<label>$LOCALIZE[409]</label>
				</control>		
			</control>	
		</control>
	</controls>	
</window>