<?xml version="1.0" encoding="utf-8"?>
<window>
	<include>Fade_In_WindowOpen</include>
	<include>Fade_Out_WindowClose</include>
	<coordinates>
		<system>1</system>
		<left>0</left>
		<top>0</top>
	</coordinates>
	<controls>
		<control type="group">
			<left>0</left>
			<top>0</top>
			<width>1920</width>
			<height>75</height>
			<animation effect="slide" start="-75" end="0" time="300" tween="sine" easing="out" reversible="false">WindowOpen</animation>
			<animation effect="slide" start="0" end="-75" time="300" tween="sine" easing="in" reversible="false">WindowClose</animation>
			<control type="image">
				<left>-200</left>
				<top>-50</top>
				<width>2500</width>
				<height>175</height>
				<texture>dialogs\dialog-background-medium.png</texture>
			</control>
			<control type="image" id="400">
				<description>avatar</description>
				<animation type="Conditional" condition="true" pulse="true">
					<effect type="fade" start="75" end="100" center="auto" time="1000"/>
				</animation>
				<left>100</left>
				<top>8</top>
				<width>90</width>
				<height>90</height>
			</control>
			<control type="fadelabel" id="401">
				<description>Caption Label</description>
				<left>235</left>
				<top>8</top>
				<height>90</height>
				<width>1725</width>
				<label/>
				<font>Toast_Heading</font>
				<align>left</align>
				<aligny>center</aligny>
			</control>
			<control type="fadelabel" id="402">
				<description>Description</description>
				<left>300</left>
				<top>8</top>
				<height>90</height>
				<width>1420</width>
				<label/>
				<font>Toast_Heading</font>
				<align>right</align>
				<aligny>center</aligny>
			</control>
		</control>
		<include>Debug</include>
	</controls>
</window>
