<?xml version="1.0" encoding="utf-8"?>
<includes>
	<!-- Dock Common -->
	<include name="Dock_Layout">
		<focusposition>0</focusposition>
		<orientation>horizontal</orientation>
		<scrolltime>250</scrolltime>
		<itemlayout height="135" width="150">
			<control type="label">
				<left>0</left>
				<top>0</top>
				<width>150</width>
				<height>135</height>
				<font>Default</font>
				<align>center</align>
				<info>ListItem.label</info>
				<visible>false</visible>
			</control>
		</itemlayout>
		<focusedlayout height="135" width="150">
			<control type="label">
				<left>0</left>
				<top>0</top>
				<width>150</width>
				<height>135</height>
				<font>Default</font>
				<align>center</align>
				<info>ListItem.label</info>
				<visible>false</visible>
			</control>
		</focusedlayout>
	</include>
	<include name="Dock_Elipsis">
		<control type="image">
			<left>-68</left>
			<top>0</top>
			<width>135</width>
			<height>135</height>
			<texture>button_ex_idle.png</texture>
			<animation type="WindowOpen" condition="true" reversible="false">
				<effect type="zoom" start="150" center="auto" time="400"/>
				<effect type="fade" end="100" time="600"/>
			</animation>
			<animation type="WindowClose" condition="true" reversible="false">
				<effect type="zoom" end="150" center="auto" time="400"/>
				<effect type="fade" end="0" time="600"/>
			</animation>
		</control>
	</include>
	<include name="Dock_Elipsis_Home">
		<control type="group">
			<top>-68</top>
			<include>Dock_Elipsis</include>
			<control type="image">
				<left>-68</left>
				<top>0</top>
				<width>136</width>
				<height>68</height>
				<texture flipy="true">dock_reveal_icon.png</texture>
				<animation effect="fade" time="600">WindowOpen</animation>
				<animation effect="fade" time="600">WindowClose</animation>
			</control>
		</control>
	</include>
	<include name="Dock_Shadow">
		<control type="image">
			<left>-960</left>
			<top>-930</top>
			<width>1920</width>
			<height>1080</height>
			<texture>filter_dockshadow2.png</texture>
			<animation effect="fade" time="200">WindowOpen</animation>
			<animation effect="fade" time="200">WindowClose</animation>
			<visible>!Window.IsActive(FullScreenVideo)</visible>
		</control>
	</include>
	<include name="Dock_Label">
		<control type="label">
			<description>Current Selection</description>
			<left>-960</left>
			<top>-87</top>
			<width>1920</width>
			<align>center</align>
			<label>[UPPERCASE]$INFO[Container(9500).ListItem.Label][/UPPERCASE]</label>
			<font>Selected_Item</font>
			<textcolor>TextSelectedItem</textcolor>
			<shadowcolor>TextShadow</shadowcolor>
			<visible>!Window.IsActive(123) + !Window.IsActive(125)</visible>
			<visible>!Container(9500).HasFocus(31000) + !Container(9500).HasFocus(31001)</visible>
			<visible>!Skin.HasSetting(Disable_Icon_Labels)</visible>
			<animation effect="fade" time="300">Visible</animation>
			<animation effect="fade" time="300">Hidden</animation>
			<animation effect="fade" time="300">WindowOpen</animation>
			<animation effect="fade" time="300">WindowClose</animation>
		</control>
		<control type="label">
			<description>Current Selection - View As</description>
			<left>-960</left>
			<top>-90</top>
			<width>1920</width>
			<align>center</align>
			<label>[UPPERCASE]$LOCALIZE[50143] $INFO[Container.Viewmode][/UPPERCASE]</label>
			<font>Selected_Item</font>
			<textcolor>TextSelectedItem</textcolor>
			<shadowcolor>TextShadow</shadowcolor>
			<visible>Container(9500).HasFocus(31000)</visible>
			<visible>!Skin.HasSetting(Disable_Icon_Labels)</visible>
			<animation effect="fade" time="300">Visible</animation>
			<animation effect="fade" time="300">Hidden</animation>
			<animation effect="fade" time="300">WindowOpen</animation>
			<animation effect="fade" time="300">WindowClose</animation>
		</control>
		<control type="label">
			<description>Current Selection - Sort As</description>
			<left>-960</left>
			<top>-87</top>
			<width>1920</width>
			<align>center</align>
			<label>[UPPERCASE]$LOCALIZE[50142] $INFO[Container.Sortmethod][/UPPERCASE]</label>
			<font>Selected_Item</font>
			<textcolor>TextSelectedItem</textcolor>
			<shadowcolor>TextShadow</shadowcolor>
			<visible>Container(9500).HasFocus(31001)</visible>
			<visible>!Skin.HasSetting(Disable_Icon_Labels)</visible>
			<animation effect="fade" time="300">Visible</animation>
			<animation effect="fade" time="300">Hidden</animation>
			<animation effect="fade" time="300">WindowOpen</animation>
			<animation effect="fade" time="300">WindowClose</animation>
		</control>
	</include>
	<include name="Dock_Carousel">
		<control type="button" id="6">
			<left>0</left>
			<top>0</top>
			<height>15</height>
			<width>15</width>
			<label/>
			<visible>false</visible>
		</control>
		<control type="radiobutton" id="7">
			<left>0</left>
			<top>0</top>
			<height>15</height>
			<width>15</width>
			<label/>
			<visible>false</visible>
		</control>
		<control type="radiobutton" id="14">
			<left>0</left>
			<top>0</top>
			<height>15</height>
			<width>15</width>
			<label/>
			<visible>false</visible>
		</control>
		<control type="button" id="8">
			<left>0</left>
			<top>0</top>
			<height>15</height>
			<width>15</width>
			<label/>
			<visible>false</visible>
		</control>
		<control type="button" id="21">
			<left>0</left>
			<top>0</top>
			<height>15</height>
			<width>15</width>
			<label/>
			<visible>false</visible>
		</control>
		<control type="radiobutton" id="9">
			<left>0</left>
			<top>0</top>
			<height>15</height>
			<width>15</width>
			<label/>
			<visible>false</visible>
		</control>
		<control type="togglebutton" id="4">
			<left>0</left>
			<top>0</top>
			<height>15</height>
			<width>15</width>
			<label/>
			<visible>false</visible>
		</control>
		<control type="togglebutton" id="20">
			<description>Update library</description>
			<left>0</left>
			<top>0</top>
			<height>15</height>
			<width>15</width>
			<label/>
			<visible>false</visible>
		</control>
		<control type="radiobutton" id="16">
			<left>0</left>
			<top>0</top>
			<height>15</height>
			<width>15</width>
			<label/>
			<visible>false</visible>
		</control>
		<control type="radiobutton" id="17">
			<left>0</left>
			<top>0</top>
			<height>15</height>
			<width>15</width>
			<label/>
			<visible>false</visible>
		</control>
		<control type="spincontrol" id="503">
			<left>0</left>
			<top>0</top>
			<width>15</width>
			<height>15</height>
			<label/>
			<font/>
			<textcolor/>
			<texturefocus/>
			<texturenofocus/>
			<textureup/>
			<texturedown/>
			<textureupfocus/>
			<texturedownfocus/>
			<visible>false</visible>
		</control>
		<control type="group">
			<left>0</left>
			<top>22</top>
			<!-- Dock Scroller Icons - Counter Clockwise Mothion -->
			<control type="group" id="7501">
				<visible>Container(9500).OnPrevious</visible>
				<animation effect="slide" end="0,0" time="250" reversible="false">Hidden</animation>
				<!-- Show Far Left Icon On Move Next -->
				<control type="group">
					<visible>Container(9500).OnPrevious</visible>
					<animation type="Hidden" reversible="false">
						<effect type="fade" start="0" end="60" time="250"/>
						<effect type="slide" start="0,0" end="258,0" time="250"/>
					</animation>
					<animation effect="fade" start="0" end="0" time="0" reversible="false">Visible</animation>
					<left>-843</left>
					<top>22</top>
					<width>90</width>
					<height>90</height>
					<control type="image">
						<left>0</left>
						<top>0</top>
						<width>90</width>
						<height>90</height>
						<info>Container(9500).ListItem(-2).ActualIcon</info>
					</control>
				</control>
				<!-- Move Icon 1 To Icon 2 Position On Move Next -->
				<control type="group">
					<visible>Container(9500).OnPrevious</visible>
					<animation effect="slide" start="0,0" end="270,0" time="250" reversible="false">Hidden</animation>
					<left>-585</left>
					<top>22</top>
					<width>90</width>
					<height>90</height>
					<control type="image">
						<left>0</left>
						<top>0</top>
						<width>90</width>
						<height>90</height>
						<info>Container(9500).ListItem(-1).ActualIcon</info>
					</control>
				</control>
				<!-- Move Icon 2 To Icon 3 Position On Move Next -->
				<control type="group">
					<visible>Container(9500).OnPrevious</visible>
					<animation effect="slide" start="0,0" end="270,-22" time="250" reversible="false">Hidden</animation>
					<left>-315</left>
					<top>22</top>
					<width>90</width>
					<height>90</height>
					<control type="image">
						<left>0</left>
						<top>0</top>
						<width>90</width>
						<height>90</height>
						<info>Container(9500).ListItem(0).ActualIcon</info>
					</control>
				</control>
				<!-- Move Icon 3 To Icon 4 Position On Move Next -->
				<control type="group">
					<visible>Container(9500).OnPrevious</visible>
					<animation effect="slide" start="0,0" end="270,22" time="250" reversible="false">Hidden</animation>
					<left>-45</left>
					<top>0</top>
					<width>90</width>
					<height>90</height>
					<control type="image">
						<left>0</left>
						<top>0</top>
						<width>90</width>
						<height>90</height>
						<info>Container(9500).ListItem(1).ActualIcon</info>
					</control>
				</control>
				<!-- Move Icon 4 To Icon 5 Position On Move Next -->
				<control type="group">
					<visible>Container(9500).OnPrevious</visible>
					<animation effect="slide" start="0,0" end="270,0" time="250" reversible="false">Hidden</animation>
					<left>225</left>
					<top>22</top>
					<width>90</width>
					<height>90</height>
					<control type="image">
						<left>0</left>
						<top>0</top>
						<width>90</width>
						<height>90</height>
						<info>Container(9500).ListItem(2).ActualIcon</info>
					</control>
				</control>
				<!-- Hide Far Right Icon On Move Next -->
				<control type="group">
					<visible>Container(9500).OnPrevious</visible>
					<animation type="Hidden" reversible="false">
						<effect type="fade" start="60" end="0" time="250"/>
						<effect type="slide" start="0,0" end="258,0" time="250"/>
					</animation>
					<left>495</left>
					<top>22</top>
					<width>90</width>
					<height>90</height>
					<control type="image">
						<left>0</left>
						<top>0</top>
						<width>90</width>
						<height>90</height>
						<info>Container(9500).ListItem(3).ActualIcon</info>
					</control>
				</control>
			</control>
			<!-- Dock Scroller Icons - Clockwise Mothion -->
			<control type="group" id="7502">
				<visible>Container(9500).OnNext</visible>
				<animation effect="slide" end="0,0" time="250" reversible="false">Hidden</animation>
				<!-- Hide Far Left Icon On Move Next -->
				<control type="group">
					<visible>Container(9500).OnNext</visible>
					<animation type="Hidden" reversible="false">
						<effect type="fade" start="60" end="0" time="250"/>
						<effect type="slide" start="0,0" end="-258,0" time="250"/>
					</animation>
					<left>-585</left>
					<top>22</top>
					<width>90</width>
					<height>90</height>
					<control type="image">
						<left>0</left>
						<top>0</top>
						<width>90</width>
						<height>90</height>
						<info>Container(9500).ListItem(-3).ActualIcon</info>
					</control>
				</control>
				<!-- Move Icon 2 To Icon 1 Position On Move Next -->
				<control type="group">
					<visible>Container(9500).OnNext</visible>
					<animation effect="slide" start="0,0" end="-270,0" time="250" reversible="false">Hidden</animation>
					<left>-315</left>
					<top>22</top>
					<width>90</width>
					<height>90</height>
					<control type="image">
						<left>0</left>
						<top>0</top>
						<width>90</width>
						<height>90</height>
						<info>Container(9500).ListItem(-2).ActualIcon</info>
					</control>
				</control>
				<!-- Move Icon 3 To Icon 2 Position On Move Next -->
				<control type="group">
					<visible>Container(9500).OnNext</visible>
					<animation effect="slide" start="0,0" end="-270,22" time="250" reversible="false">Hidden</animation>
					<left>-45</left>
					<top>0</top>
					<width>90</width>
					<height>90</height>
					<control type="image">
						<left>0</left>
						<top>0</top>
						<width>90</width>
						<height>90</height>
						<info>Container(9500).ListItem(-1).ActualIcon</info>
					</control>
				</control>
				<!-- Move Icon 4 To Icon 3 Position On Move Next -->
				<control type="group">
					<visible>Container(9500).OnNext</visible>
					<animation effect="slide" start="0,0" end="-270,-22" time="250" reversible="false">Hidden</animation>
					<left>225</left>
					<top>22</top>
					<width>90</width>
					<height>90</height>
					<control type="image">
						<left>0</left>
						<top>0</top>
						<width>90</width>
						<height>90</height>
						<info>Container(9500).ListItem(0).ActualIcon</info>
					</control>
				</control>
				<!-- Move Icon 5 To Icon 4 Position On Move Next -->
				<control type="group">
					<visible>Container(9500).OnNext</visible>
					<animation effect="slide" start="0,0" end="-270,0" time="250" reversible="false">Hidden</animation>
					<left>495</left>
					<top>22</top>
					<width>90</width>
					<height>90</height>
					<control type="image">
						<left>0</left>
						<top>0</top>
						<width>90</width>
						<height>90</height>
						<info>Container(9500).ListItem(1).ActualIcon</info>
					</control>
				</control>
				<!-- Show Far Right Icon On Move Next -->
				<control type="group">
					<visible>Container(9500).OnNext</visible>
					<animation type="Hidden" reversible="false">
						<effect type="fade" start="0" end="60" time="250"/>
						<effect type="slide" start="258,0" end="0,0" time="250"/>
					</animation>
					<animation effect="fade" start="0" end="0" time="0" reversible="false">Visible</animation>
					<left>495</left>
					<top>22</top>
					<width>90</width>
					<height>90</height>
					<control type="image">
						<left>0</left>
						<top>0</top>
						<width>90</width>
						<height>90</height>
						<info>Container(9500).ListItem(2).ActualIcon</info>
					</control>
				</control>
			</control>
			<!-- Dock Scroller Static Icons -->
			<control type="group" id="7500">
				<visible>!Control.IsVisible(7501)  + !Control.IsVisible(7502)</visible>
				<animation type="WindowOpen" reversible="false">
					<effect type="slide" start="0,128" time="300" tween="elastic" easing="out"/>
					<effect type="fade" start="0" end="100" time="300" tween="sine" easing="out"/>
				</animation>
				<animation type="WindowClose" reversible="false">
					<effect type="slide" end="0,128" time="300" tween="back" easing="in"/>
					<effect type="fade" start="100" end="0" time="300" tween="sine" easing="in"/>
				</animation>
				<!-- Icon 1 -->
				<control type="group">
					<left>-585</left>
					<top>22</top>
					<width>90</width>
					<height>90</height>
					<control type="image">
						<left>0</left>
						<top>0</top>
						<width>90</width>
						<height>90</height>
						<info>Container(9500).ListItem(-2).ActualIcon</info>
					</control>
				</control>
				<!-- Icon 2 -->
				<control type="group">
					<left>-315</left>
					<top>22</top>
					<width>90</width>
					<height>90</height>
					<control type="image">
						<left>0</left>
						<top>0</top>
						<width>90</width>
						<height>90</height>
						<info>Container(9500).ListItem(-1).ActualIcon</info>
					</control>
				</control>
				<!-- Icon 3 -->
				<control type="group">
					<left>-45</left>
					<top>0</top>
					<width>90</width>
					<height>90</height>
					<control type="image">
						<left>0</left>
						<top>0</top>
						<width>90</width>
						<height>90</height>
						<info>Container(9500).ListItem(0).ActualIcon</info>
						<animation type="Conditional" condition="Control.HasFocus(9500)">
							<effect type="zoom" start="95" end="100" center="auto" time="250"/>
							<effect type="fade" start="90" end="100" center="auto" time="250"/>
						</animation>
					</control>
				</control>
				<!-- Icon 4 -->
				<control type="group">
					<left>225</left>
					<top>22</top>
					<width>90</width>
					<height>90</height>
					<control type="image">
						<left>0</left>
						<top>0</top>
						<width>90</width>
						<height>90</height>
						<info>Container(9500).ListItem(1).ActualIcon</info>
					</control>
				</control>
				<!-- Icon 5 -->
				<control type="group">
					<left>495</left>
					<top>22</top>
					<width>90</width>
					<height>90</height>
					<control type="image">
						<left>0</left>
						<top>0</top>
						<width>90</width>
						<height>90</height>
						<info>Container(9500).ListItem(2).ActualIcon</info>
					</control>
				</control>
			</control>
		</control>
	</include>
	<include name="Dock_Home">
		<control type="group">
			<left>960</left>
			<top>930</top>
			<control type="wraplist" id="9500">
				<left>0</left>
				<top>952</top>
				<height>135</height>
				<width>1350</width>
				<onup>Dialog.Close(1200)</onup>
				<onup>9000</onup>
				<ondown>Dialog.Close(1200)</ondown>
				<ondown>9000</ondown>
				<include>Dock_Layout</include>
				<content>
					<include>Dock_Settings</include>
					<include>Dock_Logout</include>
					<include>Dock_Exit</include>
					<include>Dock_Power_Options_1200</include>
					<include>Dock_Nav_1200</include>
					<include>Dock_Now_Playing_1200</include>
					<include>Dock_System_Info</include>
					<include>Dock_Favourites</include>
				</content>
			</control>
			<include>Dock_Shadow</include>
			<include>Dock_Elipsis</include>
			<include>Dock_Carousel</include>
			<include>Dock_Label</include>
		</control>
	</include>
	<include name="Dock_Content">
		<control type="group">
			<left>960</left>
			<top>930</top>
			<control type="wraplist" id="9500">
				<left>0</left>
				<top>0</top>
				<height>135</height>
				<width>1350</width>
				<onup>Dialog.Close(1201)</onup>
				<ondown>9500</ondown>
				<include>Dock_Layout</include>
				<content>
					<include>Dock_ViewAs</include>
					<include>Dock_SortAs</include>
					<include>Dock_SortDirection</include>
					<include>Dock_Live_TV</include>
					<include>Dock_HideForeignAddons</include>
					<include>Dock_AutoupdateAddons</include>
					<include>Dock_Update_CleanLibrary</include>
					<include>Dock_Watched</include>
					<include>Dock_Search</include>
					<include>Dock_Filter</include>
					<include>Dock_PartyMode</include>
					<include>Dock_UnlockSources</include>
					<include>Dock_Slideshow</include>
					<include>Dock_SlideshowRecursive</include>
					<include>Dock_Randomize</include>
					<include>Dock_Random</include>
					<include>Dock_Repeat</include>
					<include>Dock_Playlist_Save_1201</include>
					<include>Dock_Playlist_Clear_Music</include>
					<include>Dock_Playlist_Clear_Video</include>
					<include>Dock_Power_Options_1201</include>
					<include>Dock_Nav_1201</include>
					<include>Dock_Now_Playing_1201</include>
				</content>
			</control>
			<include>Dock_Shadow</include>
			<include>Dock_Elipsis</include>
			<include>Dock_Carousel</include>
			<include>Dock_Label</include>
		</control>
	</include>
	<include name="Dock_Weather">
		<control type="group">
			<left>960</left>
			<top>930</top>
			<control type="wraplist" id="9500">
				<left>0</left>
				<top>0</top>
				<height>135</height>
				<width>1350</width>
				<onup>Dialog.Close(1202)</onup>
				<ondown>9500</ondown>
				<include>Dock_Layout</include>
				<content>
					<include>Dock_Weather_Addon</include>
					<include>Dock_Weather_Settings</include>
					<include>Dock_Weather_Location</include>
					<include>Dock_Weather_Refresh</include>
					<include>Dock_Power_Options_1202</include>
					<include>Dock_Nav_1202</include>
					<include>Dock_Now_Playing_1202</include>
				</content>
			</control>
			<include>Dock_Shadow</include>
			<include>Dock_Elipsis</include>
			<include>Dock_Carousel</include>
			<include>Dock_Label</include>
		</control>
	</include>
	<include name="Dock_MusicPlaylist">
		<control type="group">
			<left>960</left>
			<top>930</top>
			<control type="wraplist" id="9500">
				<left>0</left>
				<top>0</top>
				<height>135</height>
				<width>1350</width>
				<onup>Dialog.Close(1203)</onup>
				<ondown>9500</ondown>
				<include>Dock_Layout</include>
				<content>
					<include>Dock_Playlist_Open</include>
					<include>Dock_Playlist_Save</include>
					<include>Dock_Playlist_Clear</include>
					<include>Dock_Power_Options_1203</include>
					<include>Dock_Nav_1203</include>
					<include>Dock_Now_Playing_1203</include>
				</content>
			</control>
			<include>Dock_Shadow</include>
			<include>Dock_Elipsis</include>
			<include>Dock_Carousel</include>
			<include>Dock_Label</include>
		</control>
	</include>
</includes>
