<?xml version="1.0" encoding="utf-8"?>
<includes>
	<include name="Show_Case_Vinyl_View">
		<control type="list" id="50">
			<left>0</left>
			<top>297</top>
			<width>1920</width>
			<height>486</height>
			<onup>9000</onup>
			<ondown>ActivateWindow(1201)</ondown>
			<viewtype label="50138">list</viewtype>
			<focusposition>2</focusposition>
			<orientation>horizontal</orientation>
			<scrolltime>250</scrolltime>
			<itemlayout height="486" width="384">
				<control type="label">
					<left>0</left>
					<top>0</top>
					<width>384</width>
					<height>486</height>
					<font>Default</font>
					<align>center</align>
					<info>ListItem.label</info>
					<visible>false</visible>
				</control>
			</itemlayout>
			<focusedlayout height="486" width="384">
				<control type="label">
					<left>0</left>
					<top>0</top>
					<width>384</width>
					<height>486</height>
					<font>Default</font>
					<align>center</align>
					<info>ListItem.label</info>
					<visible>false</visible>
				</control>
			</focusedlayout>
		</control>
		<control type="group">
			<left>960</left>
			<top>207</top>
			<visible>Control.IsVisible(50)</visible>
			<!-- Snaps View Scroller Icons - Counter Clockwise Mothion -->
			<control type="group" id="5301">
				<visible>Container(50).OnPrevious</visible>
				<animation effect="slide" end="0,0" time="250" reversible="false">Hidden</animation>
				<!-- Show Far Left Icon On Move Previous -->
				<control type="group">
					<left>-1404</left>
					<top>88</top>
					<width>444</width>
					<height>262</height>
					<visible>!String.IsEmpty(Container(50).ListItemNoWrap(-2).Label)</visible>
					<control type="group">
						<left>0</left>
						<top>0</top>
						<width>444</width>
						<height>262</height>
						<visible>Container(50).OnPrevious</visible>
						<animation type="Hidden" reversible="false">
							<effect type="fade" start="0" end="100" time="250"/>
							<effect type="slide" start="0,0" end="438,0" time="250"/>
							<effect type="rotate" start="-6" end="4" center="222,130" time="250"/>
						</animation>
						<animation effect="rotate" start="4" end="4" time="250" center="222,130" reversible="false">Visible</animation>
						<control type="image">
							<left>80</left>
							<top>0</top>
							<width>262</width>
							<height>262</height>
							<texture>record.png</texture>
						</control>
						<control type="image">
							<left>0</left>
							<top>0</top>
							<width>262</width>
							<height>262</height>
							<aspectratio align="center" scalediffuse="false">keep</aspectratio>
							<texture diffuse="record-diffuse.png"/>
							<info>Container(50).ListItem(-2).ActualIcon</info>
							<visible>String.IsEmpty(Container(50).ListItem(-2).Thumb)</visible>
						</control>
						<control type="image">
							<left>0</left>
							<top>0</top>
							<width>262</width>
							<height>262</height>
							<aspectratio align="center" scalediffuse="false">scale</aspectratio>
							<texture diffuse="record-diffuse.png"/>
							<info>Container(50).ListItem(-2).Thumb</info>
							<visible>!String.IsEmpty(Container(50).ListItem(-2).Thumb)</visible>
						</control>
						<control type="image">
							<left>0</left>
							<top>0</top>
							<width>262</width>
							<height>262</height>
							<texture>record-front.png</texture>
						</control>
					</control>
				</control>
				<!-- Move Icon 1 To Icon 2 Position On Move Previous -->
				<control type="group">
					<left>-966</left>
					<top>88</top>
					<width>444</width>
					<height>262</height>
					<visible>!String.IsEmpty(Container(50).ListItemNoWrap(-1).Label)</visible>
					<control type="group">
						<left>0</left>
						<top>0</top>
						<width>444</width>
						<height>262</height>
						<visible>Container(50).OnPrevious</visible>
						<animation type="Hidden" reversible="false">
							<effect type="slide" start="0,0" end="375,0" time="250"/>
							<effect type="rotate" start="4" end="-6" center="222,130" time="250"/>
						</animation>
						<animation effect="rotate" start="4" end="4" time="250" center="222,130" reversible="false">Visible</animation>
						<control type="image">
							<left>80</left>
							<top>0</top>
							<width>262</width>
							<height>262</height>
							<texture>record.png</texture>
						</control>
						<control type="image">
							<left>0</left>
							<top>0</top>
							<width>262</width>
							<height>262</height>
							<aspectratio align="center" scalediffuse="false">keep</aspectratio>
							<texture diffuse="record-diffuse.png"/>
							<info>Container(50).ListItem(-1).ActualIcon</info>
							<visible>String.IsEmpty(Container(50).ListItem(-1).Thumb)</visible>
						</control>
						<control type="image">
							<left>0</left>
							<top>0</top>
							<width>262</width>
							<height>262</height>
							<aspectratio align="center" scalediffuse="false">scale</aspectratio>
							<texture diffuse="record-diffuse.png"/>
							<info>Container(50).ListItem(-1).Thumb</info>
							<visible>!String.IsEmpty(Container(50).ListItem(-1).Thumb)</visible>
						</control>
						<control type="image">
							<left>0</left>
							<top>0</top>
							<width>262</width>
							<height>262</height>
							<texture>record-front.png</texture>
						</control>
					</control>
				</control>
				<!-- Move Icon 2 To Icon 3 Position On Move Previous -->
				<control type="group">
					<left>-591</left>
					<top>88</top>
					<width>444</width>
					<height>262</height>
					<control type="group">
						<left>0</left>
						<top>0</top>
						<width>444</width>
						<height>262</height>
						<visible>Container(50).OnPrevious</visible>
						<animation type="Hidden" reversible="false">
							<effect type="zoom" start="0,0,444,262" end="336,-88,680,402" time="250"/>
							<effect type="rotate" start="-6" end="3" center="222,130" time="250"/>
						</animation>
						<animation effect="rotate" start="-6" end="-6" time="250" center="222,130" reversible="false">Visible</animation>
						<control type="image">
							<left>80</left>
							<top>0</top>
							<width>262</width>
							<height>262</height>
							<texture>record.png</texture>
						</control>
						<control type="image">
							<left>0</left>
							<top>0</top>
							<width>262</width>
							<height>262</height>
							<aspectratio align="center" scalediffuse="false">keep</aspectratio>
							<texture diffuse="record-diffuse.png"/>
							<info>Container(50).ListItem(0).ActualIcon</info>
							<visible>String.IsEmpty(Container(50).ListItem(0).Thumb)</visible>
						</control>
						<control type="image">
							<left>0</left>
							<top>0</top>
							<width>262</width>
							<height>262</height>
							<aspectratio align="center" scalediffuse="false">scale</aspectratio>
							<texture diffuse="record-diffuse.png"/>
							<info>Container(50).ListItem(0).Thumb</info>
							<visible>!String.IsEmpty(Container(50).ListItem(0).Thumb)</visible>
						</control>
						<control type="image">
							<left>0</left>
							<top>0</top>
							<width>262</width>
							<height>262</height>
							<texture>record-front.png</texture>
						</control>
					</control>
				</control>
				<!-- Move Icon 3 To Icon 4 Position On Move Previous -->
				<control type="group">
					<left>-255</left>
					<top>0</top>
					<width>680</width>
					<height>402</height>
					<visible>!String.IsEmpty(Container(50).ListItemNoWrap(1).Label)</visible>
					<control type="group">
						<left>0</left>
						<top>0</top>
						<width>680</width>
						<height>402</height>
						<visible>Container(50).OnPrevious</visible>
						<animation type="Hidden" reversible="false">
							<effect type="zoom" start="0,0,680,402" end="546,88,444,262" time="250"/>
							<effect type="rotate" start="3" end="-7" center="339,201" time="250"/>
						</animation>
						<animation effect="rotate" start="3" end="3" time="250" center="339,201" reversible="false">Visible</animation>
						<control type="image">
							<left>124</left>
							<top>0</top>
							<width>402</width>
							<height>402</height>
							<texture>record.png</texture>
						</control>
						<control type="image">
							<left>0</left>
							<top>0</top>
							<width>402</width>
							<height>402</height>
							<aspectratio align="center" scalediffuse="false">keep</aspectratio>
							<texture diffuse="record-diffuse.png"/>
							<info>Container(50).ListItem(1).ActualIcon</info>
							<visible>String.IsEmpty(Container(50).ListItem(1).Thumb)</visible>
						</control>
						<control type="image">
							<left>0</left>
							<top>0</top>
							<width>402</width>
							<height>402</height>
							<aspectratio align="center" scalediffuse="false">scale</aspectratio>
							<texture diffuse="record-diffuse.png"/>
							<info>Container(50).ListItem(1).Thumb</info>
							<visible>!String.IsEmpty(Container(50).ListItem(1).Thumb)</visible>
						</control>
						<control type="image">
							<left>0</left>
							<top>0</top>
							<width>402</width>
							<height>402</height>
							<texture>record-front.png</texture>
						</control>
					</control>
				</control>
				<!-- Move Icon 4 To Icon 5 Position On Move Previous -->
				<control type="group">
					<left>291</left>
					<top>88</top>
					<width>444</width>
					<height>262</height>
					<visible>!String.IsEmpty(Container(50).ListItemNoWrap(2).Label)</visible>
					<control type="group">
						<left>0</left>
						<top>0</top>
						<width>444</width>
						<height>262</height>
						<visible>Container(50).OnPrevious</visible>
						<animation type="Hidden" reversible="false">
							<effect type="slide" start="0,0" end="375,0" time="250"/>
							<effect type="rotate" start="-7" end="8" center="222,130" time="250"/>
						</animation>
						<animation effect="rotate" start="-7" end="-7" time="250" center="222,130" reversible="false">Visible</animation>
						<control type="image">
							<left>80</left>
							<top>0</top>
							<width>262</width>
							<height>262</height>
							<texture>record.png</texture>
						</control>
						<control type="image">
							<left>0</left>
							<top>0</top>
							<width>262</width>
							<height>262</height>
							<aspectratio align="center" scalediffuse="false">keep</aspectratio>
							<texture diffuse="record-diffuse.png"/>
							<info>Container(50).ListItem(2).ActualIcon</info>
							<visible>String.IsEmpty(Container(50).ListItem(2).Thumb)</visible>
						</control>
						<control type="image">
							<left>0</left>
							<top>0</top>
							<width>262</width>
							<height>262</height>
							<aspectratio align="center" scalediffuse="false">scale</aspectratio>
							<texture diffuse="record-diffuse.png"/>
							<info>Container(50).ListItem(2).Thumb</info>
							<visible>!String.IsEmpty(Container(50).ListItem(2).Thumb)</visible>
						</control>
						<control type="image">
							<left>0</left>
							<top>0</top>
							<width>262</width>
							<height>262</height>
							<texture>record-front.png</texture>
						</control>
					</control>
				</control>
				<!-- Hide Far Right Icon On Move Previous -->
				<control type="group">
					<left>666</left>
					<top>88</top>
					<width>444</width>
					<height>262</height>
					<visible>!String.IsEmpty(Container(50).ListItemNoWrap(3).Label)</visible>
					<control type="group">
						<left>0</left>
						<top>0</top>
						<width>444</width>
						<height>262</height>
						<visible>Container(50).OnPrevious</visible>
						<animation type="Hidden" reversible="false">
							<effect type="slide" start="0,0" end="294,0" time="250"/>
							<effect type="rotate" start="8" end="-2" center="222,130" time="250"/>
						</animation>
						<animation effect="rotate" start="8" end="8" time="250" center="222,130" reversible="false">Visible</animation>
						<control type="image">
							<left>80</left>
							<top>0</top>
							<width>262</width>
							<height>262</height>
							<texture>record.png</texture>
						</control>
						<control type="image">
							<left>0</left>
							<top>0</top>
							<width>262</width>
							<height>262</height>
							<aspectratio align="center" scalediffuse="false">keep</aspectratio>
							<texture diffuse="record-diffuse.png"/>
							<info>Container(50).ListItem(3).ActualIcon</info>
							<visible>String.IsEmpty(Container(50).ListItem(3).Thumb)</visible>
						</control>
						<control type="image">
							<left>0</left>
							<top>0</top>
							<width>262</width>
							<height>262</height>
							<aspectratio align="center" scalediffuse="false">scale</aspectratio>
							<texture diffuse="record-diffuse.png"/>
							<info>Container(50).ListItem(3).Thumb</info>
							<visible>!String.IsEmpty(Container(50).ListItem(3).Thumb)</visible>
						</control>
						<control type="image">
							<left>0</left>
							<top>0</top>
							<width>262</width>
							<height>262</height>
							<texture>record-front.png</texture>
						</control>
					</control>
				</control>
			</control>
			<!-- Snaps View Scroller Icons - Clockwise Mothion -->
			<control type="group" id="5302">
				<visible>Container(50).OnNext</visible>
				<animation effect="slide" end="0,0" time="250" reversible="false">Hidden</animation>
				<!-- Hide Far Left Icon On Move Next -->
				<control type="group">
					<left>-966</left>
					<top>88</top>
					<width>444</width>
					<height>262</height>
					<visible>!String.IsEmpty(Container(50).ListItemNoWrap(-3).Label)</visible>
					<control type="group">
						<left>0</left>
						<top>0</top>
						<width>444</width>
						<height>262</height>
						<visible>Container(50).OnNext</visible>
						<animation type="Hidden" reversible="false">
							<effect type="slide" start="0,0" end="-438,0" time="250"/>
							<effect type="rotate" start="4" end="6" center="222,130" time="250"/>
						</animation>
						<animation effect="rotate" start="4" end="4" time="250" center="222,130" reversible="false">Visible</animation>
						<control type="image">
							<left>80</left>
							<top>0</top>
							<width>262</width>
							<height>262</height>
							<texture>record.png</texture>
						</control>
						<control type="image">
							<left>0</left>
							<top>0</top>
							<width>262</width>
							<height>262</height>
							<aspectratio align="center" scalediffuse="false">keep</aspectratio>
							<texture diffuse="record-diffuse.png"/>
							<info>Container(50).ListItem(-3).ActualIcon</info>
							<visible>String.IsEmpty(Container(50).ListItem(-3).Thumb)</visible>
						</control>
						<control type="image">
							<left>0</left>
							<top>0</top>
							<width>262</width>
							<height>262</height>
							<aspectratio align="center" scalediffuse="false">scale</aspectratio>
							<texture diffuse="record-diffuse.png"/>
							<info>Container(50).ListItem(-3).Thumb</info>
							<visible>!String.IsEmpty(Container(50).ListItem(-3).Thumb)</visible>
						</control>
						<control type="image">
							<left>0</left>
							<top>0</top>
							<width>262</width>
							<height>262</height>
							<texture>record-front.png</texture>
						</control>
					</control>
				</control>
				<!-- Move Icon 2 To Icon 1 Position On Move Next -->
				<control type="group">
					<left>-591</left>
					<top>88</top>
					<width>444</width>
					<height>262</height>
					<visible>!String.IsEmpty(Container(50).ListItemNoWrap(-2).Label)</visible>
					<control type="group">
						<left>0</left>
						<top>0</top>
						<width>444</width>
						<height>262</height>
						<visible>Container(50).OnNext</visible>
						<animation type="Hidden" reversible="false">
							<effect type="slide" start="0,0" end="-375,0" time="250"/>
							<effect type="rotate" start="-6" end="4" center="222,130" time="250"/>
						</animation>
						<animation effect="rotate" start="-6" end="-6" time="250" center="222,130" reversible="false">Visible</animation>
						<control type="image">
							<left>80</left>
							<top>0</top>
							<width>262</width>
							<height>262</height>
							<texture>record.png</texture>
						</control>
						<control type="image">
							<left>0</left>
							<top>0</top>
							<width>262</width>
							<height>262</height>
							<aspectratio align="center" scalediffuse="false">keep</aspectratio>
							<texture diffuse="record-diffuse.png"/>
							<info>Container(50).ListItem(-2).ActualIcon</info>
							<visible>String.IsEmpty(Container(50).ListItem(-2).Thumb)</visible>
						</control>
						<control type="image">
							<left>0</left>
							<top>0</top>
							<width>262</width>
							<height>262</height>
							<aspectratio align="center" scalediffuse="false">scale</aspectratio>
							<texture diffuse="record-diffuse.png"/>
							<info>Container(50).ListItem(-2).Thumb</info>
							<visible>!String.IsEmpty(Container(50).ListItem(-2).Thumb)</visible>
						</control>
						<control type="image">
							<left>0</left>
							<top>0</top>
							<width>262</width>
							<height>262</height>
							<texture>record-front.png</texture>
						</control>
					</control>
				</control>
				<!-- Move Icon 3 To Icon 2 Position On Move Next -->
				<control type="group">
					<left>-255</left>
					<top>0</top>
					<width>680</width>
					<height>402</height>
					<visible>!String.IsEmpty(Container(50).ListItemNoWrap(-1).Label)</visible>
					<control type="group">
						<left>0</left>
						<top>0</top>
						<width>680</width>
						<height>402</height>
						<visible>Container(50).OnNext</visible>
						<animation type="Hidden" reversible="false">
							<effect type="zoom" start="0,0,680,402" end="-336,88,444,262" time="250"/>
							<effect type="rotate" start="3" end="-6" center="339,201" time="250"/>
						</animation>
						<animation effect="rotate" start="3" end="3" time="250" center="339,201" reversible="false">Visible</animation>
						<control type="image">
							<left>124</left>
							<top>0</top>
							<width>402</width>
							<height>402</height>
							<texture>record.png</texture>
						</control>
						<control type="image">
							<left>0</left>
							<top>0</top>
							<width>402</width>
							<height>402</height>
							<aspectratio align="center" scalediffuse="false">keep</aspectratio>
							<texture diffuse="record-diffuse.png"/>
							<info>Container(50).ListItem(-1).ActualIcon</info>
							<visible>String.IsEmpty(Container(50).ListItem(-1).Thumb)</visible>
						</control>
						<control type="image">
							<left>0</left>
							<top>0</top>
							<width>402</width>
							<height>402</height>
							<aspectratio align="center" scalediffuse="false">scale</aspectratio>
							<texture diffuse="record-diffuse.png"/>
							<info>Container(50).ListItem(-1).Thumb</info>
							<visible>!String.IsEmpty(Container(50).ListItem(-1).Thumb)</visible>
						</control>
						<control type="image">
							<left>0</left>
							<top>0</top>
							<width>402</width>
							<height>402</height>
							<texture>record-front.png</texture>
						</control>
					</control>
				</control>
				<!-- Move Icon 4 To Icon 3 Position On Move Previous -->
				<control type="group">
					<left>291</left>
					<top>88</top>
					<width>444</width>
					<height>262</height>
					<control type="group">
						<left>0</left>
						<top>0</top>
						<width>444</width>
						<height>262</height>
						<visible>Container(50).OnNext</visible>
						<animation type="Hidden" reversible="false">
							<effect type="zoom" start="0,0,444,262" end="-546,-88,680,402" time="250"/>
							<effect type="rotate" start="-7" end="3" center="222,130" time="250"/>
						</animation>
						<animation effect="rotate" start="-7" end="-7" time="250" center="222,130" reversible="false">Visible</animation>
						<control type="image">
							<left>80</left>
							<top>0</top>
							<width>262</width>
							<height>262</height>
							<texture>record.png</texture>
						</control>
						<control type="image">
							<left>0</left>
							<top>0</top>
							<width>262</width>
							<height>262</height>
							<aspectratio align="center" scalediffuse="false">keep</aspectratio>
							<texture diffuse="record-diffuse.png"/>
							<info>Container(50).ListItem(0).ActualIcon</info>
							<visible>String.IsEmpty(Container(50).ListItem(0).Thumb)</visible>
						</control>
						<control type="image">
							<left>0</left>
							<top>0</top>
							<width>262</width>
							<height>262</height>
							<aspectratio align="center" scalediffuse="false">scale</aspectratio>
							<texture diffuse="record-diffuse.png"/>
							<info>Container(50).ListItem(0).Thumb</info>
							<visible>!String.IsEmpty(Container(50).ListItem(0).Thumb)</visible>
						</control>
						<control type="image">
							<left>0</left>
							<top>0</top>
							<width>262</width>
							<height>262</height>
							<texture>record-front.png</texture>
						</control>
					</control>
				</control>
				<!-- Move Icon 5 To Icon 4 Position On Move Previous -->
				<control type="group">
					<left>666</left>
					<top>88</top>
					<width>444</width>
					<height>262</height>
					<visible>!String.IsEmpty(Container(50).ListItemNoWrap(1).Label)</visible>
					<control type="group">
						<left>0</left>
						<top>0</top>
						<width>444</width>
						<height>262</height>
						<visible>Container(50).OnNext</visible>
						<animation type="Hidden" reversible="false">
							<effect type="slide" start="0,0" end="-375,0" time="250"/>
							<effect type="rotate" start="8" end="-7" center="222,130" time="250"/>
						</animation>
						<animation effect="rotate" start="8" end="8" time="250" center="222,130" reversible="false">Visible</animation>
						<control type="image">
							<left>80</left>
							<top>0</top>
							<width>262</width>
							<height>262</height>
							<texture>record.png</texture>
						</control>
						<control type="image">
							<left>0</left>
							<top>0</top>
							<width>262</width>
							<height>262</height>
							<aspectratio align="center" scalediffuse="false">keep</aspectratio>
							<texture diffuse="record-diffuse.png"/>
							<info>Container(50).ListItem(1).ActualIcon</info>
							<visible>String.IsEmpty(Container(50).ListItem(1).Thumb)</visible>
						</control>
						<control type="image">
							<left>0</left>
							<top>0</top>
							<width>262</width>
							<height>262</height>
							<aspectratio align="center" scalediffuse="false">scale</aspectratio>
							<texture diffuse="record-diffuse.png"/>
							<info>Container(50).ListItem(1).Thumb</info>
							<visible>!String.IsEmpty(Container(50).ListItem(1).Thumb)</visible>
						</control>
						<control type="image">
							<left>0</left>
							<top>0</top>
							<width>262</width>
							<height>262</height>
							<texture>record-front.png</texture>
						</control>
					</control>
				</control>
				<!-- Show Far Right Icon On Move Next -->
				<control type="group">
					<left>960</left>
					<top>88</top>
					<width>444</width>
					<height>262</height>
					<visible>!String.IsEmpty(Container(50).ListItemNoWrap(2).Label)</visible>
					<control type="group">
						<left>0</left>
						<top>0</top>
						<width>444</width>
						<height>262</height>
						<visible>Container(50).OnNext</visible>
						<animation type="Hidden" reversible="false">
							<effect type="fade" start="0" end="100" time="250"/>
							<effect type="slide" start="0,0" end="-294,0" time="250"/>
							<effect type="rotate" start="-2" end="8" center="222,130" time="250"/>
						</animation>
						<animation effect="rotate" start="8" end="8" time="250" center="222,130" reversible="false">Visible</animation>
						<control type="image">
							<left>80</left>
							<top>0</top>
							<width>262</width>
							<height>262</height>
							<texture>record.png</texture>
						</control>
						<control type="image">
							<left>0</left>
							<top>0</top>
							<width>262</width>
							<height>262</height>
							<aspectratio align="center" scalediffuse="false">keep</aspectratio>
							<texture diffuse="record-diffuse.png"/>
							<info>Container(50).ListItem(2).ActualIcon</info>
							<visible>String.IsEmpty(Container(50).ListItem(2).Thumb)</visible>
						</control>
						<control type="image">
							<left>0</left>
							<top>0</top>
							<width>262</width>
							<height>262</height>
							<aspectratio align="center" scalediffuse="false">scale</aspectratio>
							<texture diffuse="record-diffuse.png"/>
							<info>Container(50).ListItem(2).Thumb</info>
							<visible>!String.IsEmpty(Container(50).ListItem(2).Thumb)</visible>
						</control>
						<control type="image">
							<left>0</left>
							<top>0</top>
							<width>262</width>
							<height>262</height>
							<texture>record-front.png</texture>
						</control>
					</control>
				</control>
			</control>
			<!-- Snaps View Scroller Static Icons -->
			<control type="group" id="5300">
				<visible>!Control.IsVisible(5301)  + !Control.IsVisible(5302)</visible>
				<!-- Icon 1 -->
				<control type="group">
					<left>-966</left>
					<top>88</top>
					<width>444</width>
					<height>262</height>
					<visible>!String.IsEmpty(Container(50).ListItemNoWrap(-2).Label)</visible>
					<control type="group">
						<left>0</left>
						<top>0</top>
						<width>444</width>
						<height>262</height>
						<control type="image">
							<left>80</left>
							<top>0</top>
							<width>262</width>
							<height>262</height>
							<texture>record.png</texture>
						</control>
						<control type="image">
							<left>0</left>
							<top>0</top>
							<width>262</width>
							<height>262</height>
							<aspectratio align="center" scalediffuse="false">keep</aspectratio>
							<texture diffuse="record-diffuse.png"/>
							<info>Container(50).ListItem(-2).ActualIcon</info>
							<visible>String.IsEmpty(Container(50).ListItem(-2).Thumb)</visible>
						</control>
						<control type="image">
							<left>0</left>
							<top>0</top>
							<width>262</width>
							<height>262</height>
							<aspectratio align="center" scalediffuse="false">scale</aspectratio>
							<texture diffuse="record-diffuse.png"/>
							<info>Container(50).ListItem(-2).Thumb</info>
							<visible>!String.IsEmpty(Container(50).ListItem(-2).Thumb)</visible>
						</control>
						<control type="image">
							<left>0</left>
							<top>0</top>
							<width>262</width>
							<height>262</height>
							<texture>record-front.png</texture>
						</control>
						<animation type="WindowOpen" reversible="false">
							<effect type="fade" start="0" end="100" time="200"/>
							<effect type="zoom" start="200" end="100" center="auto" time="200"/>
							<effect type="rotate" start="-6" end="4" center="222,130" time="200"/>
						</animation>
						<animation type="WindowClose" reversible="false">
							<effect type="fade" start="100" end="0" time="200"/>
							<effect type="zoom" start="100" end="200" center="auto" time="200"/>
							<effect type="rotate" start="4" end="-6" center="222,130" time="200"/>
						</animation>
					</control>
				</control>
				<!-- Icon 2 -->
				<control type="group">
					<left>-591</left>
					<top>88</top>
					<width>444</width>
					<height>262</height>
					<visible>!String.IsEmpty(Container(50).ListItemNoWrap(-1).Label)</visible>
					<control type="group">
						<left>0</left>
						<top>0</top>
						<width>444</width>
						<height>262</height>
						<control type="image">
							<left>80</left>
							<top>0</top>
							<width>262</width>
							<height>262</height>
							<texture>record.png</texture>
						</control>
						<control type="image">
							<left>0</left>
							<top>0</top>
							<width>262</width>
							<height>262</height>
							<aspectratio align="center" scalediffuse="false">keep</aspectratio>
							<texture diffuse="record-diffuse.png"/>
							<info>Container(50).ListItem(-1).ActualIcon</info>
							<visible>String.IsEmpty(Container(50).ListItem(-1).Thumb)</visible>
						</control>
						<control type="image">
							<left>0</left>
							<top>0</top>
							<width>262</width>
							<height>262</height>
							<aspectratio align="center" scalediffuse="false">scale</aspectratio>
							<texture diffuse="record-diffuse.png"/>
							<info>Container(50).ListItem(-1).Thumb</info>
							<visible>!String.IsEmpty(Container(50).ListItem(-1).Thumb)</visible>
						</control>
						<control type="image">
							<left>0</left>
							<top>0</top>
							<width>262</width>
							<height>262</height>
							<texture>record-front.png</texture>
						</control>
						<animation type="WindowOpen" reversible="false">
							<effect type="fade" start="0" end="100" time="200" delay="100"/>
							<effect type="zoom" start="200" end="100" center="auto" time="200" delay="100"/>
							<effect type="rotate" start="4" end="-6" center="222,130" time="200" delay="100"/>
						</animation>
						<animation type="WindowClose" reversible="false">
							<effect type="fade" start="100" end="0" time="200" delay="100"/>
							<effect type="zoom" start="100" end="200" center="auto" time="200" delay="100"/>
							<effect type="rotate" start="-6" end="4" center="222,130" time="200" delay="100"/>
						</animation>
					</control>
				</control>
				<!-- Icon 3 -->
				<control type="group">
					<left>-255</left>
					<top>0</top>
					<width>680</width>
					<height>402</height>
					<control type="group">
						<left>0</left>
						<top>0</top>
						<width>680</width>
						<height>402</height>
						<control type="image">
							<left>124</left>
							<top>0</top>
							<width>402</width>
							<height>402</height>
							<texture>record.png</texture>
						</control>
						<control type="image">
							<left>0</left>
							<top>0</top>
							<width>402</width>
							<height>402</height>
							<aspectratio align="center" scalediffuse="false">keep</aspectratio>
							<texture diffuse="record-diffuse.png"/>
							<info>Container(50).ListItem(0).ActualIcon</info>
							<visible>String.IsEmpty(Container(50).ListItem(0).Thumb)</visible>
						</control>
						<control type="image">
							<left>0</left>
							<top>0</top>
							<width>402</width>
							<height>402</height>
							<aspectratio align="center" scalediffuse="false">scale</aspectratio>
							<texture diffuse="record-diffuse.png"/>
							<info>Container(50).ListItem(0).Thumb</info>
							<visible>!String.IsEmpty(Container(50).ListItem(0).Thumb)</visible>
						</control>
						<control type="image">
							<left>0</left>
							<top>0</top>
							<width>402</width>
							<height>402</height>
							<texture>record-front.png</texture>
						</control>
						<animation type="WindowOpen" reversible="false">
							<effect type="fade" start="0" end="100" time="200" delay="200"/>
							<effect type="zoom" start="200" end="100" center="auto" time="200" delay="200"/>
							<effect type="rotate" start="-7" end="3" center="339,201" time="200" delay="200"/>
						</animation>
						<animation type="WindowClose" reversible="false">
							<effect type="fade" start="100" end="0" time="200" delay="200"/>
							<effect type="zoom" start="100" end="200" center="auto" time="200" delay="200"/>
							<effect type="rotate" start="3" end="-7" center="339,201" time="200" delay="200"/>
						</animation>
					</control>
				</control>
				<!-- Icon 4 -->
				<control type="group">
					<left>291</left>
					<top>88</top>
					<width>444</width>
					<height>262</height>
					<visible>!String.IsEmpty(Container(50).ListItemNoWrap(1).Label)</visible>
					<control type="group">
						<left>0</left>
						<top>0</top>
						<width>444</width>
						<height>262</height>
						<control type="image">
							<left>80</left>
							<top>0</top>
							<width>262</width>
							<height>262</height>
							<texture>record.png</texture>
						</control>
						<control type="image">
							<left>0</left>
							<top>0</top>
							<width>262</width>
							<height>262</height>
							<aspectratio align="center" scalediffuse="false">keep</aspectratio>
							<texture diffuse="record-diffuse.png"/>
							<info>Container(50).ListItem(1).ActualIcon</info>
							<visible>String.IsEmpty(Container(50).ListItem(1).Thumb)</visible>
						</control>
						<control type="image">
							<left>0</left>
							<top>0</top>
							<width>262</width>
							<height>262</height>
							<aspectratio align="center" scalediffuse="false">scale</aspectratio>
							<texture diffuse="record-diffuse.png"/>
							<info>Container(50).ListItem(1).Thumb</info>
							<visible>!String.IsEmpty(Container(50).ListItem(1).Thumb)</visible>
						</control>
						<control type="image">
							<left>0</left>
							<top>0</top>
							<width>262</width>
							<height>262</height>
							<texture>record-front.png</texture>
						</control>
						<animation type="WindowOpen" reversible="false">
							<effect type="fade" start="0" end="100" time="200" delay="300"/>
							<effect type="zoom" start="200" end="100" center="auto" time="200" delay="300"/>
							<effect type="rotate" start="3" end="-7" center="222,130" time="200" delay="300"/>
						</animation>
						<animation type="WindowClose" reversible="false">
							<effect type="fade" start="100" end="0" time="200" delay="300"/>
							<effect type="zoom" start="100" end="200" center="auto" time="200" delay="300"/>
							<effect type="rotate" start="-7" end="3" center="222,130" time="200" delay="300"/>
						</animation>
					</control>
				</control>
				<!-- Icon 5 -->
				<control type="group">
					<left>666</left>
					<top>88</top>
					<width>444</width>
					<height>262</height>
					<visible>!String.IsEmpty(Container(50).ListItemNoWrap(2).Label)</visible>
					<control type="group">
						<left>0</left>
						<top>0</top>
						<width>444</width>
						<height>262</height>
						<control type="image">
							<left>80</left>
							<top>0</top>
							<width>262</width>
							<height>262</height>
							<texture>record.png</texture>
						</control>
						<control type="image">
							<left>0</left>
							<top>0</top>
							<width>262</width>
							<height>262</height>
							<aspectratio align="center" scalediffuse="false">keep</aspectratio>
							<texture diffuse="record-diffuse.png"/>
							<info>Container(50).ListItem(2).ActualIcon</info>
							<visible>String.IsEmpty(Container(50).ListItem(2).Thumb)</visible>
						</control>
						<control type="image">
							<left>0</left>
							<top>0</top>
							<width>262</width>
							<height>262</height>
							<aspectratio align="center" scalediffuse="false">scale</aspectratio>
							<texture diffuse="record-diffuse.png"/>
							<info>Container(50).ListItem(2).Thumb</info>
							<visible>!String.IsEmpty(Container(50).ListItem(2).Thumb)</visible>
						</control>
						<control type="image">
							<left>0</left>
							<top>0</top>
							<width>262</width>
							<height>262</height>
							<texture>record-front.png</texture>
						</control>
						<animation type="WindowOpen" reversible="false">
							<effect type="fade" start="0" end="100" time="200" delay="400"/>
							<effect type="zoom" start="200" end="100" center="auto" time="200" delay="400"/>
							<effect type="rotate" start="-2" end="8" center="222,130" time="200" delay="400"/>
						</animation>
						<animation type="WindowClose" reversible="false">
							<effect type="fade" start="100" end="0" time="200" delay="400"/>
							<effect type="zoom" start="100" end="200" center="auto" time="200" delay="400"/>
							<effect type="rotate" start="8" end="-2" center="222,130" time="200" delay="400"/>
						</animation>
					</control>
				</control>
			</control>
		</control>
		<control type="group">
			<visible>Control.IsVisible(50)</visible>
			<visible>!Container.Content(Episodes) + !Container.Content(MusicVideos) + !Container.Content(Seasons) + !Container.Content(TVShows) + !Container.Content(Movies)</visible>
			<control type="image">
				<left>93</left>
				<top>606</top>
				<width>96</width>
				<height>96</height>
				<texture>menu\nav\nav_arrow_left_NF.png</texture>
				<animation effect="fade" time="600">Visible</animation>
				<visible>!Container(50).OnPrevious</visible>
			</control>
			<control type="image">
				<left>93</left>
				<top>606</top>
				<width>96</width>
				<height>96</height>
				<texture>menu\nav\nav_arrow_left_FO.png</texture>
				<animation type="Hidden" reversible="false">
					<effect type="slide" start="-15" end="0" center="auto" time="300"/>
					<effect type="fade" start="100" end="0" time="300"/>
				</animation>
				<visible>Container(50).OnPrevious</visible>
			</control>
			<control type="image">
				<left>1732</left>
				<top>606</top>
				<width>96</width>
				<height>96</height>
				<texture>menu\nav\nav_arrow_right_NF.png</texture>
				<animation effect="fade" time="600">Visible</animation>
				<visible>!Container(50).OnNext</visible>
			</control>
			<control type="image">
				<left>1732</left>
				<top>606</top>
				<width>96</width>
				<height>96</height>
				<texture>menu\nav\nav_arrow_right_FO.png</texture>
				<animation type="Hidden" reversible="false">
					<effect type="slide" start="15" end="0" center="auto" time="300"/>
					<effect type="fade" start="100" end="0" time="300"/>
				</animation>
				<visible>Container(50).OnNext</visible>
			</control>
			<control type="label">
				<visible>!ListItem.IsParentFolder</visible>
				<left>600</left>
				<top>950</top>
				<width>1200</width>
				<align>right</align>
				<font>Medium_Large</font>
				<scroll>true</scroll>
				<label>$INFO[Container(50).CurrentItem] $LOCALIZE[20163] $INFO[Container(50).NumItems] $LOCALIZE[50129] - $LOCALIZE[50130] $INFO[Container(50).CurrentPage] $LOCALIZE[20163] $INFO[Container(50).NumPages]</label>
			</control>
		</control>
		<include>Library_Info</include>
		<control type="group">
			<left>854</left>
			<top>500</top>
			<visible>Control.IsVisible(50)</visible>
			<include>Sort_Letter</include>
		</control>
	</include>
</includes>