<?xml version="1.0" encoding="utf-8"?>
<window>
	<defaultcontrol>9000</defaultcontrol>
	<controls>
		<!-- Backgrounds -->
		<include>Background</include>
		<control type="grouplist" id="9000">
			<description>button area</description>
			<left>660</left>
			<top>195</top>
			<width>600</width>
			<height>45</height>
			<itemgap>0</itemgap>
			<onleft>9000</onleft>
			<onright>9000</onright>
			<onup>9000</onup>
			<ondown>9001</ondown>
			<orientation>horizontal</orientation>
			<control type="button" id="30">
				<description>Hidden Tab 1 Control</description>
				<left>0</left>
				<top>0</top>
				<width>90</width>
				<height>75</height>
				<label/>
				<align>center</align>
				<textcolor/>
				<texturefocus/>
				<texturenofocus/>
			</control>
			<control type="button" id="31">
				<description>Hidden Tab 2 Control</description>
				<left>0</left>
				<top>0</top>
				<width>90</width>
				<height>75</height>
				<label/>
				<align>center</align>
				<textcolor/>
				<texturefocus/>
				<texturenofocus/>
			</control>
			<control type="button" id="32">
				<description>Hidden Tab 3 Control</description>
				<left>0</left>
				<top>0</top>
				<width>90</width>
				<height>75</height>
				<label/>
				<align>center</align>
				<textcolor/>
				<texturefocus/>
				<texturenofocus/>
			</control>
			<control type="button" id="33">
				<description>Hidden Tab 4 Control</description>
				<left>0</left>
				<top>0</top>
				<width>90</width>
				<height>75</height>
				<label/>
				<align>center</align>
				<textcolor/>
				<texturefocus/>
				<texturenofocus/>
			</control>
			<control type="button" id="34">
				<description>Hidden Tab 5 Control</description>
				<left>0</left>
				<top>0</top>
				<width>90</width>
				<height>75</height>
				<label/>
				<align>center</align>
				<textcolor/>
				<texturefocus/>
				<texturenofocus/>
			</control>
		</control>
		<control type="group">
			<left>920</left>
			<top>202</top>
			<control type="group">
				<control type="image">
					<left>-194</left>
					<top>0</top>
					<width>90</width>
					<height>75</height>
					<texture>settings\tabs\skinsettings_visuals_nf.png</texture>
					<visible>!ControlGroup(9000).HasFocus(30)</visible>
				</control>
				<control type="image">
					<left>-94</left>
					<top>0</top>
					<width>90</width>
					<height>75</height>
					<texture>settings\tabs\skinsettings_customs_nf.png</texture>
					<visible>!ControlGroup(9000).HasFocus(31)</visible>
				</control>
				<control type="image">
					<left>4</left>
					<top>0</top>
					<width>90</width>
					<height>75</height>
					<texture>settings\tabs\skinsettings_homepage_nf.png</texture>
					<visible>!ControlGroup(9000).HasFocus(32)</visible>
				</control>
				<control type="image">
					<left>104</left>
					<top>0</top>
					<width>90</width>
					<height>75</height>
					<texture>settings\tabs\skinsettings_debug_nf.png</texture>
					<visible>!ControlGroup(9000).HasFocus(33)</visible>
				</control>
				<control type="image">
					<left>204</left>
					<top>0</top>
					<width>90</width>
					<height>75</height>
					<texture>settings\tabs\sysinfo_default_nf.png</texture>
					<visible>!ControlGroup(9000).HasFocus(34)</visible>
				</control>
				<control type="image">
					<left>-194</left>
					<top>0</top>
					<width>90</width>
					<height>75</height>
					<texture>settings\tabs\skinsettings_visuals_f.png</texture>
					<visible>ControlGroup(9000).HasFocus(30)</visible>
					<animation type="Conditional" condition="!ControlGroup(9001).HasFocus">
						<effect type="zoom" start="-194,0,90,75" end="-196,-3,96,81" time="200"/>
					</animation>
				</control>
				<control type="image">
					<left>-94</left>
					<top>0</top>
					<width>90</width>
					<height>75</height>
					<texture>settings\tabs\skinsettings_customs_f.png</texture>
					<visible>ControlGroup(9000).HasFocus(31)</visible>
					<animation type="Conditional" condition="!ControlGroup(9001).HasFocus">
						<effect type="zoom" start="-94,0,90,75" end="-98,-3,96,81" time="200"/>
					</animation>
				</control>
				<control type="image">
					<left>4</left>
					<top>0</top>
					<width>90</width>
					<height>75</height>
					<texture>settings\tabs\skinsettings_homepage_f.png</texture>
					<visible>ControlGroup(9000).HasFocus(32)</visible>
					<animation type="Conditional" condition="!ControlGroup(9001).HasFocus">
						<effect type="zoom" start="4,0,90,75" end="1,-3,96,81" time="200"/>
					</animation>
				</control>
				<control type="image">
					<left>104</left>
					<top>0</top>
					<width>90</width>
					<height>75</height>
					<texture>settings\tabs\skinsettings_debug_f.png</texture>
					<visible>ControlGroup(9000).HasFocus(33)</visible>
					<animation type="Conditional" condition="!ControlGroup(9001).HasFocus">
						<effect type="zoom" start="104,0,90,75" end="100,-3,96,81" time="200"/>
					</animation>
				</control>
				<control type="image">
					<left>204</left>
					<top>0</top>
					<width>90</width>
					<height>75</height>
					<texture>settings\tabs\sysinfo_default_fo.png</texture>
					<visible>ControlGroup(9000).HasFocus(34)</visible>
					<animation type="Conditional" condition="!ControlGroup(9001).HasFocus">
						<effect type="zoom" start="204,0,90,75" end="200,-3,96,81" time="200"/>
					</animation>
				</control>
			</control>
		</control>
		<control type="grouplist" id="9001">
			<left>162</left>
			<top>298</top>
			<width>1596</width>
			<height>483</height>
			<itemgap>0</itemgap>
			<pagecontrol/>
			<onleft>9000</onleft>
			<onright>9000</onright>
			<onup>9001</onup>
			<ondown>9001</ondown>
			<control type="radiobutton" id="100">
				<visible>ControlGroup(9000).HasFocus(30)</visible>
				<label>$LOCALIZE[50000]</label>
				<left>0</left>
				<top>0</top>
				<width>1596</width>
				<height>69</height>
				<textoffsetx>22</textoffsetx>
				<font>Default</font>
				<texturefocus border="4,5,6,8">controls\button_f.png</texturefocus>
				<texturenofocus/>
				<textureradioonfocus>controls\radiobutton_f.png</textureradioonfocus>
				<textureradioonnofocus>controls\radiobutton_nf.png</textureradioonnofocus>
				<onclick>Skin.ToggleSetting(Disable_Intro)</onclick>
				<selected>Skin.HasSetting(Disable_Intro)</selected>
				<pulseonselect>false</pulseonselect>
			</control>
			<control type="radiobutton" id="101">
				<visible>ControlGroup(9000).HasFocus(30)</visible>
				<label>$LOCALIZE[50145]</label>
				<left>0</left>
				<top>0</top>
				<width>1596</width>
				<height>69</height>
				<textoffsetx>22</textoffsetx>
				<font>Default</font>
				<texturefocus border="4,5,6,8">controls\button_f.png</texturefocus>
				<texturenofocus/>
				<textureradioonfocus>controls\radiobutton_f.png</textureradioonfocus>
				<textureradioonnofocus>controls\radiobutton_nf.png</textureradioonnofocus>
				<onclick>Skin.ToggleSetting(Disable_Clock_Animation)</onclick>
				<selected>Skin.HasSetting(Disable_Clock_Animation)</selected>
				<pulseonselect>false</pulseonselect>
			</control>
			<control type="radiobutton" id="102">
				<visible>ControlGroup(9000).HasFocus(30)</visible>
				<label>$LOCALIZE[50146]</label>
				<left>0</left>
				<top>0</top>
				<width>1596</width>
				<height>69</height>
				<textoffsetx>22</textoffsetx>
				<font>Default</font>
				<texturefocus border="4,5,6,8">controls\button_f.png</texturefocus>
				<texturenofocus/>
				<textureradioonfocus>controls\radiobutton_f.png</textureradioonfocus>
				<textureradioonnofocus>controls\radiobutton_nf.png</textureradioonnofocus>
				<onclick>Skin.ToggleSetting(Disable_Clock_Second_Hand)</onclick>
				<selected>Skin.HasSetting(Disable_Clock_Second_Hand)</selected>
				<enable>!Skin.HasSetting(Disable_Clock_Animation)</enable>
				<pulseonselect>false</pulseonselect>
			</control>
			<control type="radiobutton" id="105">
				<visible>ControlGroup(9000).HasFocus(30)</visible>
				<label>$LOCALIZE[50002]</label>
				<left>0</left>
				<top>0</top>
				<width>1596</width>
				<height>69</height>
				<textoffsetx>22</textoffsetx>
				<font>Default</font>
				<texturefocus border="4,5,6,8">controls\button_f.png</texturefocus>
				<texturenofocus/>
				<textureradioonfocus>controls\radiobutton_f.png</textureradioonfocus>
				<textureradioonnofocus>controls\radiobutton_nf.png</textureradioonnofocus>
				<onclick>Skin.ToggleSetting(Disable_Fanart)</onclick>
				<selected>Skin.HasSetting(Disable_Fanart)</selected>
				<pulseonselect>false</pulseonselect>
			</control>
			<control type="radiobutton" id="116">
				<visible>ControlGroup(9000).HasFocus(30)</visible>
				<label>$LOCALIZE[20189]</label>
				<left>0</left>
				<top>0</top>
				<width>1596</width>
				<height>69</height>
				<textoffsetx>22</textoffsetx>
				<font>Default</font>
				<texturefocus border="4,5,6,8">controls\button_f.png</texturefocus>
				<texturenofocus/>
				<textureradioonfocus>controls\radiobutton_f.png</textureradioonfocus>
				<textureradioonnofocus>controls\radiobutton_nf.png</textureradioonnofocus>
				<onclick>Skin.ToggleSetting(Enable.AutoScroll)</onclick>
				<selected>Skin.HasSetting(Enable.AutoScroll)</selected>
				<pulseonselect>false</pulseonselect>
			</control>
			<control type="radiobutton" id="106">
				<visible>ControlGroup(9000).HasFocus(30)</visible>
				<label>$LOCALIZE[50155]</label>
				<left>0</left>
				<top>0</top>
				<width>1596</width>
				<height>69</height>
				<textoffsetx>22</textoffsetx>
				<font>Default</font>
				<texturefocus border="4,5,6,8">controls\button_f.png</texturefocus>
				<texturenofocus/>
				<textureradioonfocus>controls\radiobutton_f.png</textureradioonfocus>
				<textureradioonnofocus>controls\radiobutton_nf.png</textureradioonnofocus>
				<onclick>Skin.ToggleSetting(Hide_MusicInfo_Visualisation)</onclick>
				<selected>Skin.HasSetting(Hide_MusicInfo_Visualisation)</selected>
				<pulseonselect>false</pulseonselect>
			</control>
			<control type="radiobutton" id="107">
				<visible>ControlGroup(9000).HasFocus(30)</visible>
				<label>$LOCALIZE[50003]</label>
				<left>0</left>
				<top>0</top>
				<width>1596</width>
				<height>69</height>
				<textoffsetx>22</textoffsetx>
				<font>Default</font>
				<texturefocus border="4,5,6,8">controls\button_f.png</texturefocus>
				<texturenofocus/>
				<textureradioonfocus>controls\radiobutton_f.png</textureradioonfocus>
				<textureradioonnofocus>controls\radiobutton_nf.png</textureradioonnofocus>
				<onclick>Skin.ToggleSetting(Disable_Visualisation)</onclick>
				<selected>Skin.HasSetting(Disable_Visualisation)</selected>
				<pulseonselect>false</pulseonselect>
			</control>
			<control type="radiobutton" id="108">
				<visible>ControlGroup(9000).HasFocus(30)</visible>
				<label>$LOCALIZE[50004]</label>
				<left>0</left>
				<top>0</top>
				<width>1596</width>
				<height>69</height>
				<textoffsetx>22</textoffsetx>
				<font>Default</font>
				<texturefocus border="4,5,6,8">controls\button_f.png</texturefocus>
				<texturenofocus/>
				<textureradioonfocus>controls\radiobutton_f.png</textureradioonfocus>
				<textureradioonnofocus>controls\radiobutton_nf.png</textureradioonnofocus>
				<onclick>Skin.ToggleSetting(Disable_Background_Video)</onclick>
				<selected>Skin.HasSetting(Disable_Background_Video)</selected>
				<pulseonselect>false</pulseonselect>
			</control>
			<control type="radiobutton" id="109">
				<visible>ControlGroup(9000).HasFocus(30)</visible>
				<label>$LOCALIZE[50005]</label>
				<left>0</left>
				<top>0</top>
				<width>1596</width>
				<height>69</height>
				<textoffsetx>22</textoffsetx>
				<font>Default</font>
				<texturefocus border="4,5,6,8">controls\button_f.png</texturefocus>
				<texturenofocus/>
				<textureradioonfocus>controls\radiobutton_f.png</textureradioonfocus>
				<textureradioonnofocus>controls\radiobutton_nf.png</textureradioonnofocus>
				<onclick>Skin.ToggleSetting(Disable_Visor)</onclick>
				<selected>Skin.HasSetting(Disable_Visor)</selected>
				<pulseonselect>false</pulseonselect>
			</control>
			<control type="radiobutton" id="110">
				<visible>ControlGroup(9000).HasFocus(30)</visible>
				<label>$LOCALIZE[50006]</label>
				<left>0</left>
				<top>0</top>
				<width>1596</width>
				<height>69</height>
				<textoffsetx>22</textoffsetx>
				<font>Default</font>
				<texturefocus border="4,5,6,8">controls\button_f.png</texturefocus>
				<texturenofocus/>
				<textureradioonfocus>controls\radiobutton_f.png</textureradioonfocus>
				<textureradioonnofocus>controls\radiobutton_nf.png</textureradioonnofocus>
				<onclick>Skin.ToggleSetting(Disable_Edge_Filter)</onclick>
				<selected>Skin.HasSetting(Disable_Edge_Filter)</selected>
				<pulseonselect>false</pulseonselect>
			</control>
			<control type="radiobutton" id="111">
				<visible>ControlGroup(9000).HasFocus(30)</visible>
				<label>$LOCALIZE[50007]</label>
				<left>0</left>
				<top>0</top>
				<width>1596</width>
				<height>69</height>
				<textoffsetx>22</textoffsetx>
				<font>Default</font>
				<texturefocus border="4,5,6,8">controls\button_f.png</texturefocus>
				<texturenofocus/>
				<textureradioonfocus>controls\radiobutton_f.png</textureradioonfocus>
				<textureradioonnofocus>controls\radiobutton_nf.png</textureradioonnofocus>
				<onclick>Skin.ToggleSetting(Disable_Icon_Labels)</onclick>
				<selected>Skin.HasSetting(Disable_Icon_Labels)</selected>
				<pulseonselect>false</pulseonselect>
			</control>
			<control type="radiobutton" id="112">
				<visible>ControlGroup(9000).HasFocus(30)</visible>
				<label>$LOCALIZE[50008]</label>
				<left>0</left>
				<top>0</top>
				<width>1596</width>
				<height>69</height>
				<textoffsetx>22</textoffsetx>
				<font>Default</font>
				<texturefocus border="4,5,6,8">controls\button_f.png</texturefocus>
				<texturenofocus/>
				<textureradioonfocus>controls\radiobutton_f.png</textureradioonfocus>
				<textureradioonnofocus>controls\radiobutton_nf.png</textureradioonnofocus>
				<onclick>Skin.ToggleSetting(Disable_Current_Folder_Section_Widget)</onclick>
				<selected>Skin.HasSetting(Disable_Current_Folder_Section_Widget)</selected>
				<pulseonselect>false</pulseonselect>
			</control>
			<control type="radiobutton" id="113">
				<visible>ControlGroup(9000).HasFocus(30)</visible>
				<label>$LOCALIZE[50009]</label>
				<left>0</left>
				<top>0</top>
				<width>1596</width>
				<height>69</height>
				<textoffsetx>22</textoffsetx>
				<font>Default</font>
				<texturefocus border="4,5,6,8">controls\button_f.png</texturefocus>
				<texturenofocus/>
				<textureradioonfocus>controls\radiobutton_f.png</textureradioonfocus>
				<textureradioonnofocus>controls\radiobutton_nf.png</textureradioonnofocus>
				<onclick>Skin.ToggleSetting(Disable_Watched_Overlay)</onclick>
				<selected>Skin.HasSetting(Disable_Watched_Overlay)</selected>
				<pulseonselect>false</pulseonselect>
			</control>
			<control type="radiobutton" id="200">
				<visible>ControlGroup(9000).HasFocus(31)</visible>
				<label>$LOCALIZE[33070]</label>
				<left>0</left>
				<top>0</top>
				<width>1596</width>
				<height>69</height>
				<textoffsetx>22</textoffsetx>
				<font>Default</font>
				<texturefocus border="4,5,6,8">controls\button_f.png</texturefocus>
				<texturenofocus/>
				<textureradioonfocus>controls\radiobutton_f.png</textureradioonfocus>
				<textureradioonnofocus>controls\radiobutton_nf.png</textureradioonnofocus>
				<onclick>Skin.ToggleSetting(Enable_Custom_Background)</onclick>
				<onclick>Skin.Reset(Enable_Custom_Background_Folder)</onclick>
				<onclick>Skin.Reset(Enable_Time_Of_Day_Background)</onclick>
				<selected>Skin.HasSetting(Enable_Custom_Background)</selected>
				<pulseonselect>false</pulseonselect>
			</control>
			<control type="button" id="201">
				<visible>ControlGroup(9000).HasFocus(31)</visible>
				<label>$LOCALIZE[50010]</label>
				<label2>$INFO[Skin.String(Custom_Background)]</label2>
				<left>0</left>
				<top>0</top>
				<width>1596</width>
				<height>69</height>
				<font>Default</font>
				<textoffsetx>22</textoffsetx>
				<texturefocus border="4,5,6,8">controls\button_f.png</texturefocus>
				<texturenofocus/>
				<onclick>Skin.SetImage(Custom_Background)</onclick>
				<enable>Skin.HasSetting(Enable_Custom_Background)</enable>
				<pulseonselect>false</pulseonselect>
			</control>
			<control type="radiobutton" id="202">
				<visible>ControlGroup(9000).HasFocus(31)</visible>
				<label>$LOCALIZE[50011]</label>
				<left>0</left>
				<top>0</top>
				<width>1596</width>
				<height>69</height>
				<textoffsetx>22</textoffsetx>
				<font>Default</font>
				<texturefocus border="4,5,6,8">controls\button_f.png</texturefocus>
				<texturenofocus/>
				<textureradioonfocus>controls\radiobutton_f.png</textureradioonfocus>
				<textureradioonnofocus>controls\radiobutton_nf.png</textureradioonnofocus>
				<onclick>Skin.ToggleSetting(Enable_Custom_Background_Folder)</onclick>
				<onclick>Skin.Reset(Enable_Custom_Background)</onclick>
				<onclick>Skin.Reset(Enable_Time_Of_Day_Background)</onclick>
				<selected>Skin.HasSetting(Enable_Custom_Background_Folder)</selected>
				<pulseonselect>false</pulseonselect>
			</control>
			<control type="button" id="203">
				<visible>ControlGroup(9000).HasFocus(31)</visible>
				<label>- $LOCALIZE[15311]</label>
				<label2>$INFO[Skin.String(Custom_Background_Folder)]</label2>
				<left>0</left>
				<top>0</top>
				<width>1596</width>
				<height>69</height>
				<font>Default</font>
				<textoffsetx>22</textoffsetx>
				<texturefocus border="4,5,6,8">controls\button_f.png</texturefocus>
				<texturenofocus/>
				<onclick>Skin.SetPath(Custom_Background_Folder)</onclick>
				<enable>Skin.HasSetting(Enable_Custom_Background_Folder)</enable>
				<pulseonselect>false</pulseonselect>
			</control>
			<control type="radiobutton" id="204">
				<visible>ControlGroup(9000).HasFocus(31)</visible>
				<label>$LOCALIZE[50123]</label>
				<left>0</left>
				<top>0</top>
				<width>1596</width>
				<height>69</height>
				<textoffsetx>22</textoffsetx>
				<font>Default</font>
				<texturefocus border="4,5,6,8">controls\button_f.png</texturefocus>
				<texturenofocus/>
				<textureradioonfocus>controls\radiobutton_f.png</textureradioonfocus>
				<textureradioonnofocus>controls\radiobutton_nf.png</textureradioonnofocus>
				<onclick>Skin.ToggleSetting(Enable_Time_Of_Day_Background)</onclick>
				<onclick>Skin.Reset(Enable_Custom_Background)</onclick>
				<onclick>Skin.Reset(Enable_Custom_Background_Folder)</onclick>
				<onclick>Skin.SetString(Changed_1,true)</onclick>
				<selected>Skin.HasSetting(Enable_Time_Of_Day_Background)</selected>
				<pulseonselect>false</pulseonselect>
			</control>
			<control type="radiobutton" id="104">
				<visible>ControlGroup(9000).HasFocus(31)</visible>
				<label>$LOCALIZE[50001]</label>
				<left>0</left>
				<top>0</top>
				<width>1596</width>
				<height>69</height>
				<textoffsetx>22</textoffsetx>
				<font>Default</font>
				<texturefocus border="4,5,6,8">controls\button_f.png</texturefocus>
				<texturenofocus/>
				<textureradioonfocus>controls\radiobutton_f.png</textureradioonfocus>
				<textureradioonnofocus>controls\radiobutton_nf.png</textureradioonnofocus>
				<onclick>Skin.SetString(Changed_2,true)</onclick>
				<onclick>Skin.ToggleSetting(Enable_Cerberus_Background_Effect)</onclick>
				<selected>Skin.HasSetting(Enable_Cerberus_Background_Effect)</selected>
				<pulseonselect>false</pulseonselect>
			</control>
			<control type="radiobutton" id="301">
				<visible>ControlGroup(9000).HasFocus(32)</visible>
				<label>$LOCALIZE[50012]</label>
				<left>0</left>
				<top>0</top>
				<width>1596</width>
				<height>69</height>
				<textoffsetx>22</textoffsetx>
				<font>Default</font>
				<texturefocus border="4,5,6,8">controls\button_f.png</texturefocus>
				<texturenofocus/>
				<textureradioonfocus>controls\radiobutton_f.png</textureradioonfocus>
				<textureradioonnofocus>controls\radiobutton_nf.png</textureradioonnofocus>
				<onclick>Skin.ToggleSetting(Disable_Videos_Home_Icon)</onclick>
				<selected>Skin.HasSetting(Disable_Videos_Home_Icon)</selected>
				<pulseonselect>false</pulseonselect>
			</control>
			<control type="radiobutton" id="303">
				<visible>ControlGroup(9000).HasFocus(32)</visible>
				<label>$LOCALIZE[50014]</label>
				<left>0</left>
				<top>0</top>
				<width>1596</width>
				<height>69</height>
				<textoffsetx>22</textoffsetx>
				<font>Default</font>
				<texturefocus border="4,5,6,8">controls\button_f.png</texturefocus>
				<texturenofocus/>
				<textureradioonfocus>controls\radiobutton_f.png</textureradioonfocus>
				<textureradioonnofocus>controls\radiobutton_nf.png</textureradioonnofocus>
				<onclick>Skin.ToggleSetting(Disable_Tv_Library_Home_Icon)</onclick>
				<selected>Skin.HasSetting(Disable_Tv_Library_Home_Icon)</selected>
				<pulseonselect>false</pulseonselect>
			</control>
			<control type="radiobutton" id="304">
				<visible>ControlGroup(9000).HasFocus(32)</visible>
				<label>$LOCALIZE[50015]</label>
				<left>0</left>
				<top>0</top>
				<width>1596</width>
				<height>69</height>
				<textoffsetx>22</textoffsetx>
				<font>Default</font>
				<texturefocus border="4,5,6,8">controls\button_f.png</texturefocus>
				<texturenofocus/>
				<textureradioonfocus>controls\radiobutton_f.png</textureradioonfocus>
				<textureradioonnofocus>controls\radiobutton_nf.png</textureradioonnofocus>
				<onclick>Skin.ToggleSetting(Disable_Movie_Library_Home_Icon)</onclick>
				<selected>Skin.HasSetting(Disable_Movie_Library_Home_Icon)</selected>
				<pulseonselect>false</pulseonselect>
			</control>
			<control type="radiobutton" id="313">
				<visible>ControlGroup(9000).HasFocus(32)</visible>
				<label>$LOCALIZE[50177]</label>
				<left>0</left>
				<top>0</top>
				<width>1596</width>
				<height>69</height>
				<textoffsetx>22</textoffsetx>
				<font>Default</font>
				<texturefocus border="4,5,6,8">controls\button_f.png</texturefocus>
				<texturenofocus/>
				<textureradioonfocus>controls\radiobutton_f.png</textureradioonfocus>
				<textureradioonnofocus>controls\radiobutton_nf.png</textureradioonnofocus>
				<onclick>Skin.ToggleSetting(Disable_PVR_Home_Icon)</onclick>
				<selected>Skin.HasSetting(Disable_PVR_Home_Icon)</selected>
				<pulseonselect>false</pulseonselect>
			</control>
			<control type="radiobutton" id="305">
				<visible>ControlGroup(9000).HasFocus(32)</visible>
				<label>$LOCALIZE[50016]</label>
				<left>0</left>
				<top>0</top>
				<width>1596</width>
				<height>69</height>
				<textoffsetx>22</textoffsetx>
				<font>Default</font>
				<texturefocus border="4,5,6,8">controls\button_f.png</texturefocus>
				<texturenofocus/>
				<textureradioonfocus>controls\radiobutton_f.png</textureradioonfocus>
				<textureradioonnofocus>controls\radiobutton_nf.png</textureradioonnofocus>
				<onclick>Skin.ToggleSetting(Disable_Music_Video_Library_Home_Icon)</onclick>
				<selected>Skin.HasSetting(Disable_Music_Video_Library_Home_Icon)</selected>
				<pulseonselect>false</pulseonselect>
			</control>
			<control type="radiobutton" id="317">
				<visible>ControlGroup(9000).HasFocus(32)</visible>
				<label>$LOCALIZE[50174]</label>
				<left>0</left>
				<top>0</top>
				<width>1596</width>
				<height>69</height>
				<textoffsetx>22</textoffsetx>
				<font>Default</font>
				<texturefocus border="4,5,6,8">controls\button_f.png</texturefocus>
				<texturenofocus/>
				<textureradioonfocus>controls\radiobutton_f.png</textureradioonfocus>
				<textureradioonnofocus>controls\radiobutton_nf.png</textureradioonnofocus>
				<onclick>Skin.ToggleSetting(Disable_Games_Home_Icon)</onclick>
				<selected>Skin.HasSetting(Disable_Games_Home_Icon)</selected>
				<pulseonselect>false</pulseonselect>
			</control>
			<control type="radiobutton" id="306">
				<visible>ControlGroup(9000).HasFocus(32)</visible>
				<label>$LOCALIZE[50017]</label>
				<left>0</left>
				<top>0</top>
				<width>1596</width>
				<height>69</height>
				<textoffsetx>22</textoffsetx>
				<font>Default</font>
				<texturefocus border="4,5,6,8">controls\button_f.png</texturefocus>
				<texturenofocus/>
				<textureradioonfocus>controls\radiobutton_f.png</textureradioonfocus>
				<textureradioonnofocus>controls\radiobutton_nf.png</textureradioonnofocus>
				<onclick>Skin.ToggleSetting(Disable_Pictures_Home_Icon)</onclick>
				<selected>Skin.HasSetting(Disable_Pictures_Home_Icon)</selected>
				<pulseonselect>false</pulseonselect>
			</control>
			<control type="radiobutton" id="308">
				<visible>ControlGroup(9000).HasFocus(32)</visible>
				<label>$LOCALIZE[50019]</label>
				<left>0</left>
				<top>0</top>
				<width>1596</width>
				<height>69</height>
				<textoffsetx>22</textoffsetx>
				<font>Default</font>
				<texturefocus border="4,5,6,8">controls\button_f.png</texturefocus>
				<texturenofocus/>
				<textureradioonfocus>controls\radiobutton_f.png</textureradioonfocus>
				<textureradioonnofocus>controls\radiobutton_nf.png</textureradioonnofocus>
				<onclick>Skin.ToggleSetting(Disable_File_Manager_Home_Icon)</onclick>
				<selected>Skin.HasSetting(Disable_File_Manager_Home_Icon)</selected>
				<pulseonselect>false</pulseonselect>
			</control>
			<control type="radiobutton" id="309">
				<visible>ControlGroup(9000).HasFocus(32)</visible>
				<label>$LOCALIZE[50020]</label>
				<left>0</left>
				<top>0</top>
				<width>1596</width>
				<height>69</height>
				<textoffsetx>22</textoffsetx>
				<font>Default</font>
				<texturefocus border="4,5,6,8">controls\button_f.png</texturefocus>
				<texturenofocus/>
				<textureradioonfocus>controls\radiobutton_f.png</textureradioonfocus>
				<textureradioonnofocus>controls\radiobutton_nf.png</textureradioonnofocus>
				<onclick>Skin.ToggleSetting(Disable_Weather_Home_Icon)</onclick>
				<selected>Skin.HasSetting(Disable_Weather_Home_Icon)</selected>
				<pulseonselect>false</pulseonselect>
			</control>
			<control type="radiobutton" id="310">
				<visible>ControlGroup(9000).HasFocus(32)</visible>
				<label>$LOCALIZE[50018]</label>
				<left>0</left>
				<top>0</top>
				<width>1596</width>
				<height>69</height>
				<textoffsetx>22</textoffsetx>
				<font>Default</font>
				<texturefocus border="4,5,6,8">controls\button_f.png</texturefocus>
				<texturenofocus/>
				<textureradioonfocus>controls\radiobutton_f.png</textureradioonfocus>
				<textureradioonnofocus>controls\radiobutton_nf.png</textureradioonnofocus>
				<onclick>Skin.ToggleSetting(Disable_Scripts_Home_Icon)</onclick>
				<selected>Skin.HasSetting(Disable_Scripts_Home_Icon)</selected>
				<pulseonselect>false</pulseonselect>
			</control>
			<control type="radiobutton" id="311">
				<visible>ControlGroup(9000).HasFocus(32)</visible>
				<label>$LOCALIZE[50022]</label>
				<left>0</left>
				<top>0</top>
				<width>1596</width>
				<height>69</height>
				<textoffsetx>22</textoffsetx>
				<font>Default</font>
				<texturefocus border="4,5,6,8">controls\button_f.png</texturefocus>
				<texturenofocus/>
				<textureradioonfocus>controls\radiobutton_f.png</textureradioonfocus>
				<textureradioonnofocus>controls\radiobutton_nf.png</textureradioonnofocus>
				<onclick>Skin.ToggleSetting(Disable_Music_Home_Icon)</onclick>
				<selected>Skin.HasSetting(Disable_Music_Home_Icon)</selected>
				<pulseonselect>false</pulseonselect>
			</control>
			<control type="radiobutton" id="302">
				<visible>ControlGroup(9000).HasFocus(32)</visible>
				<label>$LOCALIZE[50013]</label>
				<left>0</left>
				<top>0</top>
				<width>1596</width>
				<height>69</height>
				<textoffsetx>22</textoffsetx>
				<font>Default</font>
				<texturefocus border="4,5,6,8">controls\button_f.png</texturefocus>
				<texturenofocus/>
				<textureradioonfocus>controls\radiobutton_f.png</textureradioonfocus>
				<textureradioonnofocus>controls\radiobutton_nf.png</textureradioonnofocus>
				<onclick>Skin.ToggleSetting(Disable_Play_DVD_Home_Icon)</onclick>
				<selected>Skin.HasSetting(Disable_Play_DVD_Home_Icon)</selected>
				<pulseonselect>false</pulseonselect>
			</control>
			<control type="radiobutton" id="312">
				<visible>ControlGroup(9000).HasFocus(32)</visible>
				<label>$LOCALIZE[50023]</label>
				<left>0</left>
				<top>0</top>
				<width>1596</width>
				<height>69</height>
				<textoffsetx>22</textoffsetx>
				<font>Default</font>
				<texturefocus border="4,5,6,8">controls\button_f.png</texturefocus>
				<texturenofocus/>
				<textureradioonfocus>controls\radiobutton_f.png</textureradioonfocus>
				<textureradioonnofocus>controls\radiobutton_nf.png</textureradioonnofocus>
				<onclick>Skin.ToggleSetting(Disable_Now_Playing_Widget)</onclick>
				<selected>Skin.HasSetting(Disable_Now_Playing_Widget)</selected>
				<pulseonselect>false</pulseonselect>
			</control>
			<control type="radiobutton" id="401">
				<visible>ControlGroup(9000).HasFocus(33)</visible>
				<label>$LOCALIZE[50147]</label>
				<left>0</left>
				<top>0</top>
				<width>1596</width>
				<height>69</height>
				<textoffsetx>22</textoffsetx>
				<font>Default</font>
				<texturefocus border="4,5,6,8">controls\button_f.png</texturefocus>
				<texturenofocus/>
				<textureradioonfocus>controls\radiobutton_f.png</textureradioonfocus>
				<textureradioonnofocus>controls\radiobutton_nf.png</textureradioonnofocus>
				<onclick>Skin.ToggleSetting(Enable_Debug_Grid_Overlay)</onclick>
				<selected>Skin.HasSetting(Enable_Debug_Grid_Overlay)</selected>
				<pulseonselect>false</pulseonselect>
			</control>
			<control type="radiobutton" id="402">
				<visible>ControlGroup(9000).HasFocus(33)</visible>
				<label>$LOCALIZE[50148]</label>
				<left>0</left>
				<top>0</top>
				<width>1596</width>
				<height>69</height>
				<textoffsetx>22</textoffsetx>
				<font>Default</font>
				<texturefocus border="4,5,6,8">controls\button_f.png</texturefocus>
				<texturenofocus/>
				<textureradioonfocus>controls\radiobutton_f.png</textureradioonfocus>
				<textureradioonnofocus>controls\radiobutton_nf.png</textureradioonnofocus>
				<onclick>Skin.ToggleSetting(Enable_Debug_Info)</onclick>
				<selected>Skin.HasSetting(Enable_Debug_Info)</selected>
				<pulseonselect>false</pulseonselect>
			</control>
		</control>
		<control type="group">
			<visible>ControlGroup(9000).HasFocus(34)</visible>
			<control type="image">
				<left>40</left>
				<top>430</top>
				<width>500</width>
				<height>125</height>
				<texture>tbb_logo_large.png</texture>
			</control>
			<control type="label">
				<left>250</left>
				<top>540</top>
				<height>100</height>
				<width>790</width>
				<align>left</align>
				<aligny>center</aligny>
				<textcolor>grey</textcolor>
				<font>Default</font>
				<label>$INFO[System.AddonVersion(skin.ellipsisui)]</label>
			</control>
			<control type="textbox">
				<left>490</left>
				<top>350</top>
				<height>380</height>
				<width>850</width>
				<align>center</align>
				<aligny>center</aligny>
				<font>Large</font>
				<label>$LOCALIZE[50175]</label>
			</control>
			<control type="image">
				<left>1410</left>
				<top>390</top>
				<width>300</width>
				<height>300</height>
				<texture>donate_ellipsisui.png</texture>
			</control>
		</control>
		<control type="group">
			<visible>!Skin.HasSetting(Disable_Icon_Labels)</visible>
			<animation effect="fade" time="300">Visible</animation>
			<animation effect="fade" time="300">Hidden</animation>
			<animation effect="fade" time="300">WindowOpen</animation>
			<animation effect="fade" time="300">WindowClose</animation>
			<control type="label">
				<description>Current Selection</description>
				<left>0</left>
				<top>906</top>
				<width>1920</width>
				<height>72</height>
				<font>Selected_Item</font>
				<align>center</align>
				<aligny>center</aligny>
				<textcolor>TextSelectedItem</textcolor>
				<shadowcolor>TextShadow</shadowcolor>
				<label>$LOCALIZE[50024]</label>
			</control>
		</control>
		<control type="image">
			<left>681</left>
			<top>780</top>
			<width>558</width>
			<height>558</height>
			<texture>settings-big-cog.png</texture>
			<aspectratio>keep</aspectratio>
			<animation type="Conditional" reversible="false" condition="ControlGroup(9000).HasFocus(30)">
				<effect type="rotate" start="0" end="-45" center="auto" time="200"/>
			</animation>
			<animation type="Conditional" reversible="false" condition="ControlGroup(9000).HasFocus(31)">
				<effect type="rotate" start="0" end="-45" center="auto" time="200"/>
			</animation>
			<animation type="Conditional" reversible="false" condition="ControlGroup(9000).HasFocus(32)">
				<effect type="rotate" start="0" end="-45" center="auto" time="200"/>
			</animation>
			<animation type="Conditional" reversible="false" condition="ControlGroup(9000).HasFocus(33)">
				<effect type="rotate" start="0" end="-45" center="auto" time="200"/>
			</animation>
			<animation type="Conditional" reversible="false" condition="ControlGroup(9000).HasFocus(34)">
				<effect type="rotate" start="0" end="-45" center="auto" time="200"/>
			</animation>
		</control>
		<!-- Elipsis Visor -->
		<include>Visor_Filter</include>
		<!-- Edge Filter -->
		<include>Edge_Filter</include>
		<!-- Clock -->
		<include>Clock</include>
		<!-- Now Playing Widget -->
		<include>Now_Playing_Widget</include>
		<!-- Elipsis Button -->
		<control type="group">
			<left>960</left>
			<top>1080</top>
			<include>Dock_Elipsis_Home</include>
		</control>
		<include>Debug</include>
	</controls>
</window>
