<?xml version="1.0" encoding="UTF-8"?>
<window>
	<defaultcontrol>20</defaultcontrol>
	
	<controls>
		<control type="group">
			<depth>DepthBackground</depth>
			<include>BackgroundDefault</include>
			<include condition="!Skin.HasSetting(DisableVideoPlayingBG)">BackgroundVideoPlaying</include>
			<include condition="!Skin.HasSetting(DisableMusicPlayingBG)">BackgroundMusicPlaying</include>
			<include>BackgroundOpenCloseAnim</include>
		</control>
			
		<control type="group">
			<depth>DepthContent</depth>
			<include>MediaViewOpenCloseAnim</include>
			<include>ViewContentPanel</include>
			
			<control type="image">
				<description>Divider</description>
				<left>540</left>
				<top>115</top>
				<width>200</width>
				<height>507</height>
				<texture border="5">controls/button-nofocus.png</texture>				
			</control>

			<control type="label" id="101">
				<description>Path Left</description>
				<left>65</left>
				<top>124</top>
				<width>465</width>
				<height>34</height>	
				<font>MenuBarBtnFont</font>
				<textcolor>DefaultColor</textcolor>
				<aligny>center</aligny>
				<scroll>true</scroll>
			</control>	
			
			<control type="label" id="102">
				<description>Path Right</description>
				<left>755</left>
				<top>124</top>
				<width>465</width>
				<height>34</height>	
				<font>MenuBarBtnFont</font>
				<textcolor>DefaultColor</textcolor>
				<aligny>center</aligny>
				<scroll>true</scroll>
			</control>		

			<control type="list" id="20">
				<description>Left List</description>
				<left>60</left>
				<top>170</top>
				<width>470</width>
				<height>444</height>
				<pagecontrol>150</pagecontrol>
				<onup>20</onup>
				<ondown>20</ondown>
				<onleft>150</onleft>
				<onright>21</onright>
				<itemlayout height="37">
					<control type="image">
						<width>470</width>
						<height>37</height>	
						<texture border="0,0,10,2">views/list-separator.png</texture>
						<aspectratio>stretch</aspectratio>
					</control>
					<control type="image">
						<left>5</left>
						<width>24</width>
						<height>37</height>
						<aligny>center</aligny>
						<texture background="true">$INFO[ListItem.ActualIcon].png</texture>
						<aspectratio>keep</aspectratio>
					</control>
					<control type="label">
						<left>35</left>
						<width>430</width>
						<height>37</height>
						<font>ListFont</font>
						<textcolor>ListColor</textcolor>
						<shadowcolor>ShadowColor</shadowcolor>
						<aligny>center</aligny>				
						<info>ListItem.Label</info>
					</control>
					<control type="label">
						<left>180</left>
						<width>280</width>
						<height>37</height>
						<font>ListFont2</font>
						<textcolor>ListColor3</textcolor>
						<shadowcolor>ShadowColor</shadowcolor>
						<align>right</align>
						<aligny>center</aligny>				
						<info>ListItem.Label2</info>
					</control> 
				</itemlayout>		
				<focusedlayout height="37">	
					<control type="image">
						<width>470</width>
						<height>37</height>	
						<texture border="0,0,10,2">views/list-separator.png</texture>
						<aspectratio>stretch</aspectratio>
					</control>
					<control type="image">
						<width>470</width>
						<height>36</height>	
						<texture border="4">views/list-focus.png</texture>
						<aspectratio>stretch</aspectratio>
						<visible>Control.HasFocus(20)</visible>
						<include>ListViewSelectFadeAnim</include>
						<include>ListViewFileManagerScrollAnim</include>
					</control>
					<control type="image">
						<width>470</width>
						<height>36</height>	
						<texture border="4">views/list-alt-focus.png</texture>
						<aspectratio>stretch</aspectratio>
						<visible>!Control.HasFocus(20)</visible>
						<include>ListViewSelectFadeAnim2</include>
					</control>
					<control type="group">
						<include>ListViewFocusAnim</include>
						<control type="image">
							<left>5</left>
							<width>24</width>
							<height>37</height>
							<aligny>center</aligny>
							<texture background="true">$INFO[ListItem.ActualIcon].png</texture>
							<aspectratio>keep</aspectratio>
						</control>	
						<control type="label">
							<left>35</left>
							<width>430</width>
							<height>37</height>
							<font>ListFont</font>
							<textcolor>SelectedColor</textcolor>
							<shadowcolor>ShadowColor</shadowcolor>
							<aligny>center</aligny>
							<info>ListItem.Label</info>
						</control>
						<control type="label">
							<left>180</left>
							<width>280</width>
							<height>37</height>
							<font>ListFont2</font>
							<textcolor>ListColor3</textcolor>
							<shadowcolor>ShadowColor</shadowcolor>
							<align>right</align>
							<aligny>center</aligny>				
							<info>ListItem.Label2</info>
						</control>
					</control>
				</focusedlayout>		
			</control>
				
			<control type="list" id="21">
				<description>Right List</description>
				<left>750</left>
				<top>170</top>
				<width>470</width>
				<height>444</height>	
				<pagecontrol>151</pagecontrol>
				<onup>21</onup>
				<ondown>21</ondown>
				<onleft>20</onleft>
				<onright>151</onright>
				<itemlayout height="37">
					<control type="image">
						<width>470</width>
						<height>37</height>	
						<texture border="0,0,10,2">views/list-separator.png</texture>
						<aspectratio>stretch</aspectratio>
					</control>
					<control type="image">
						<left>5</left>
						<width>24</width>
						<height>37</height>
						<aligny>center</aligny>
						<texture background="true">$INFO[ListItem.ActualIcon].png</texture>
						<aspectratio>keep</aspectratio>
					</control>
					<control type="label">
						<left>35</left>
						<width>430</width>
						<height>37</height>
						<font>ListFont</font>
						<textcolor>ListColor</textcolor>
						<shadowcolor>ShadowColor</shadowcolor>
						<aligny>center</aligny>				
						<info>ListItem.Label</info>
					</control>
					<control type="label">
						<left>180</left>
						<width>280</width>
						<height>37</height>
						<font>ListFont2</font>
						<textcolor>ListColor3</textcolor>
						<shadowcolor>ShadowColor</shadowcolor>
						<align>right</align>
						<aligny>center</aligny>				
						<info>ListItem.Label2</info>
					</control> 
				</itemlayout>		
				<focusedlayout height="37">	
					<control type="image">
						<width>470</width>
						<height>37</height>	
						<texture border="0,0,10,2">views/list-separator.png</texture>
						<aspectratio>stretch</aspectratio>
					</control>
					<control type="image">
						<width>470</width>
						<height>36</height>	
						<texture border="4">views/list-focus.png</texture>
						<aspectratio>stretch</aspectratio>
						<visible>Control.HasFocus(21)</visible>
						<include>ListViewSelectFadeAnim</include>
						<include>ListViewFileManagerScrollAnim2</include>
					</control>
					<control type="image">
						<width>470</width>
						<height>36</height>	
						<texture border="4">views/list-alt-focus.png</texture>
						<aspectratio>stretch</aspectratio>
						<visible>!Control.HasFocus(21)</visible>
						<include>ListViewSelectFadeAnim2</include>
					</control>
					<control type="group">
						<include>ListViewFocusAnim</include>
						<control type="image">
							<left>5</left>
							<width>24</width>
							<height>37</height>
							<aligny>center</aligny>
							<texture background="true">$INFO[ListItem.ActualIcon].png</texture>
							<aspectratio>keep</aspectratio>
						</control>	
						<control type="label">
							<left>35</left>
							<width>430</width>
							<height>37</height>
							<font>ListFont</font>
							<textcolor>SelectedColor</textcolor>
							<shadowcolor>ShadowColor</shadowcolor>
							<aligny>center</aligny>
							<info>ListItem.Label</info>
						</control>
						<control type="label">
							<left>180</left>
							<width>280</width>
							<height>37</height>
							<font>ListFont2</font>
							<textcolor>ListColor3</textcolor>
							<shadowcolor>ShadowColor</shadowcolor>
							<align>right</align>
							<aligny>center</aligny>				
							<info>ListItem.Label2</info>
						</control>
					</control>
				</focusedlayout>		
			</control>
			
			<include>FileManagerScrollbar</include>

			<control type="group">
				<description>Info Area</description>
				<left>540</left>
				<top>90</top>
					
				<control type="image">
					<description>Left Preview</description>
					<left>10</left>
					<top>30</top>
					<width>180</width>
					<height>180</height>
					<aspectratio>stretch</aspectratio>
					<texture background="true">$INFO[Container(20).ListItem.Icon]</texture>
					<fadetime>IconCrossfadeTime</fadetime>
					<visible>Control.HasFocus(20)</visible>
					<include>ControlsOpenCloseAnim</include>
				</control>
				
				<control type="image">
					<description>Right Preview</description>
					<left>10</left>
					<top>30</top>
					<width>180</width>
					<height>180</height>
					<aspectratio>stretch</aspectratio>
					<texture background="true">$INFO[Container(21).ListItem.Icon]</texture>
					<fadetime>IconCrossfadeTime</fadetime>
					<visible>Control.HasFocus(21)</visible>
					<include>ControlsOpenCloseAnim</include>
				</control>
		
				<control type="grouplist">
					<left>10</left>
					<top>220</top>
					<width>180</width>
					<height>300</height>
					<itemgap>14</itemgap>
					<control type="label">
						<description>Total Space</description>
						<include>FileManagerInfoLabel</include>
						<label>$INFO[System.Totalspace]</label>
						<visible>!String.IsEmpty(System.Totalspace)</visible>
					</control>
					<control type="textbox">
						<description>Free Space</description>
						<include>FileManagerInfoLabel2</include>
						<label fallback="31000">$INFO[System.Freespace]</label>
						<visible>!String.IsEmpty(System.Freespace)</visible>
					</control>
				</control> 
			</control>
		</control>
		
		<control type="group">	
			<description>Top Bar Area</description>
			<depth>DepthTopBar</depth>
			<include>TopBarImage</include>
			<include>TopBarOpenCloseAnim</include>
			<include>BreadCrumbFileManager</include>
			<include>Notifications</include>
			<include>SortLetterNotification2</include>
		</control>
		
		<control type="group">
			<description>Bottom Bar Area</description>
			<depth>DepthContent</depth>
			<top>BottomPaneOffsetY</top>	
			<include>InfoPaneFileManagerDetails</include>
			<include>BottomPaneOpenCloseAnim</include>
		</control>
	</controls>	
</window>