<?xml version="1.0" encoding="UTF-8"?>
<window id="503">
	<defaultcontrol always="true">50</defaultcontrol>
	
	<controls>
		<control type="group">
			<depth>DepthBackground</depth>
			<include>BackgroundDefault</include>
			<include condition="[[!IsEmpty(Skin.String(CustomMusicBGPath)) + [Skin.String(CustomMusicBGType,2) | Skin.String(CustomMusicBGType,3)]] 
			| Skin.String(CustomMusicBGType,4)] + Skin.HasSetting(ApplyAllMusicCustomBG)">BackgroundMusic</include>
			<include condition="!Skin.HasSetting(DisableVideoPlayingBG)">BackgroundVideoPlaying</include>
			<include condition="!Skin.HasSetting(DisableMusicPlayingBG)">BackgroundMusicPlaying</include>
			<include>BackgroundOpenCloseAnim</include>		
		</control>
		
		<control type="group">	
			<depth>DepthContent</depth>
			<include>MediaViewOpenCloseAnim</include>
			<include>ViewContentPanel</include>
			
			<control type="image">
				<description>Divider</description>
				<left>540</left>
				<top>115</top>
				<width>200</width>
				<height>507</height>
				<texture border="5">controls/button-nofocus.png</texture>				
			</control>
			
			<control type="label">
				<description>Path Left</description>
				<left>65</left>
				<top>124</top>
				<width>465</width>
				<height>34</height>	
				<font>MenuBarBtnFont</font>
				<textcolor>DefaultColor</textcolor>
				<aligny>center</aligny>
				<label>$LOCALIZE[13000] $LOCALIZE[2]</label>
				<scroll>true</scroll>
			</control>	
			
			<control type="label">
				<description>Path Right</description>
				<left>755</left>
				<top>124</top>
				<width>465</width>
				<height>34</height>	
				<font>MenuBarBtnFont</font>
				<textcolor>DefaultColor</textcolor>
				<aligny>center</aligny>
				<label>$LOCALIZE[559]</label>
				<scroll>true</scroll>
			</control>

			<control type="list" id="50">	
				<description>Left List</description>
				<left>60</left>
				<top>170</top>
				<width>470</width>
				<height>444</height>
				<pagecontrol>150</pagecontrol>	
				<onup>50</onup>
				<ondown>50</ondown>
				<onleft>150</onleft>
				<onright>285</onright>
				<itemlayout height="37">
					<control type="image">
						<width>470</width>
						<height>37</height>	
						<texture border="0,0,10,2">views/list-separator.png</texture>
						<aspectratio>stretch</aspectratio>
					</control>
					<control type="image">
						<left>5</left>
						<top>6</top>
						<width>24</width>
						<height>24</height>
						<texture background="true">$INFO[ListItem.ActualIcon].png</texture>
						<aspectratio>stretch</aspectratio>
					</control>
					<control type="label">
						<left>35</left>
						<width>430</width>
						<height>37</height>
						<font>ListFont</font>
						<textcolor>ListColor</textcolor>
						<shadowcolor>ShadowColor</shadowcolor>
						<aligny>center</aligny>
						<info>ListItem.Label</info>
					</control>
					<control type="label">
						<left>180</left>
						<width>280</width>
						<height>37</height>
						<font>ListFont2</font>
						<textcolor>ListColor3</textcolor>
						<shadowcolor>ShadowColor</shadowcolor>
						<align>right</align>
						<aligny>center</aligny>				
						<info>ListItem.Label2</info>
					</control> 
				</itemlayout>		
				<focusedlayout height="37">
					<control type="image">
						<width>470</width>
						<height>37</height>	
						<texture border="0,0,10,2">views/list-separator.png</texture>
						<aspectratio>stretch</aspectratio>
					</control>
					<control type="image">
						<left>0</left>
						<width>470</width>
						<height>36</height>	
						<texture border="4">views/list-focus.png</texture>
						<aspectratio>stretch</aspectratio>
						<visible>Control.HasFocus(50)</visible>
						<include>ListViewSelectFadeAnim</include>
						<include>ListViewPlaylistEditorScrollAnim</include>
					</control>
					<control type="image">
						<left>0</left>
						<width>470</width>
						<height>36</height>	
						<texture border="4">views/list-alt-focus.png</texture>
						<aspectratio>stretch</aspectratio>
						<visible>!Control.HasFocus(50)</visible>
						<include>ListViewSelectFadeAnim2</include>
					</control>
					<control type="group">
						<include>ListViewFocusAnim</include>
						<control type="image">
							<left>5</left>
							<top>6</top>
							<width>24</width>
							<height>24</height>
							<texture background="true">$INFO[ListItem.ActualIcon].png</texture>
							<aspectratio>stretch</aspectratio>
						</control>	
						<control type="label">
							<left>35</left>
							<width>430</width>
							<height>37</height>
							<font>ListFont</font>
							<textcolor>SelectedColor</textcolor>
							<shadowcolor>ShadowColor</shadowcolor>
							<aligny>center</aligny>
							<info>ListItem.Label</info>
						</control>
						<control type="label">
							<left>180</left>
							<width>280</width>
							<height>37</height>
							<font>ListFont2</font>
							<textcolor>ListColor3</textcolor>
							<shadowcolor>ShadowColor</shadowcolor>
							<align>right</align>
							<aligny>center</aligny>				
							<info>ListItem.Label2</info>
						</control>
					</control>
				</focusedlayout>		
			</control>

			<control type="list" id="100">	
				<description>Right List</description>
				<left>750</left>
				<top>170</top>
				<width>470</width>
				<height>444</height>	
				<pagecontrol>151</pagecontrol>
				<onup>100</onup>
				<ondown>100</ondown>
				<onleft>285</onleft>
				<onright>151</onright>
				<itemlayout height="37">
					<control type="image">
						<width>470</width>
						<height>37</height>	
						<texture border="0,0,10,2">views/list-separator.png</texture>
						<aspectratio>stretch</aspectratio>
					</control>
					<control type="image">
						<left>5</left>
						<top>6</top>
						<width>24</width>
						<height>24</height>
						<texture background="true">DefaultAudio.png.png</texture>
						<aspectratio>stretch</aspectratio>
					</control>
					<control type="label">
						<left>35</left>
						<width>430</width>
						<height>37</height>
						<font>ListFont</font>
						<textcolor>ListColor</textcolor>
						<shadowcolor>ShadowColor</shadowcolor>
						<aligny>center</aligny>				
						<info>ListItem.Label</info>
					</control>
					<control type="label">
						<left>180</left>
						<width>280</width>
						<height>37</height>
						<font>ListFont2</font>
						<textcolor>ListColor3</textcolor>
						<shadowcolor>ShadowColor</shadowcolor>
						<align>right</align>
						<aligny>center</aligny>				
						<info>ListItem.Label2</info>
					</control> 
				</itemlayout>		
				<focusedlayout height="37">	
					<control type="image">
						<width>470</width>
						<height>37</height>	
						<texture border="0,0,10,2">views/list-separator.png</texture>
						<aspectratio>stretch</aspectratio>
					</control>
					<control type="image">
						<left>0</left>
						<width>470</width>
						<height>36</height>	
						<texture border="4">views/list-focus.png</texture>
						<aspectratio>stretch</aspectratio>
						<visible>Control.HasFocus(100)</visible>
						<include>ListViewSelectFadeAnim</include>
						<include>ListViewPlaylistEditorScrollAnim2</include>
					</control>
					<control type="image">
						<left>0</left>
						<width>470</width>
						<height>36</height>	
						<texture border="4">views/list-alt-focus.png</texture>
						<aspectratio>stretch</aspectratio>
						<visible>!Control.HasFocus(100)</visible>
						<include>ListViewSelectFadeAnim2</include>
					</control>
					<control type="group">
						<include>ListViewFocusAnim</include>
						<control type="image">
							<left>5</left>
							<top>6</top>
							<width>24</width>
							<height>24</height>
							<texture background="true">DefaultAudio.png.png</texture>
							<aspectratio>stretch</aspectratio>
						</control>	
						<control type="label">
							<left>35</left>
							<width>430</width>
							<height>37</height>
							<font>ListFont</font>
							<textcolor>SelectedColor</textcolor>
							<shadowcolor>ShadowColor</shadowcolor>
							<aligny>center</aligny>
							<info>ListItem.Label</info>
						</control>
						<control type="label">
							<left>180</left>
							<width>280</width>
							<height>37</height>
							<font>ListFont2</font>
							<textcolor>ListColor3</textcolor>
							<shadowcolor>ShadowColor</shadowcolor>
							<align>right</align>
							<aligny>center</aligny>				
							<info>ListItem.Label2</info>
						</control>
					</control>
				</focusedlayout>		
			</control>
			
			<include>PlaylistEditorScrollbar</include>
			
			<control type="group">
				<description>Music Info Area</description>
				<left>540</left>
				<top>90</top>

				<control type="image">
					<description>Left Preview</description>
					<left>10</left>
					<top>30</top>
					<width>180</width>
					<height>180</height>
					<aspectratio>stretch</aspectratio>
					<texture background="true">$INFO[Container(50).ListItem.Icon]</texture>
					<fadetime>IconCrossfadeTime</fadetime>
					<visible>Control.HasFocus(50)</visible>
					<include>ControlsOpenCloseAnim</include>
				</control>
				
				<control type="image">
					<description>Right Preview</description>
					<left>10</left>
					<top>30</top>
					<width>180</width>
					<height>180</height>
					<aspectratio>stretch</aspectratio>
					<texture background="true">$INFO[Container(100).ListItem.Icon]</texture>
					<fadetime>IconCrossfadeTime</fadetime>
					<visible>Control.HasFocus(100)</visible>
					<include>ControlsOpenCloseAnim</include>
				</control>
				
				<control type="textbox">
					<description>Music Info Labels</description>
					<left>10</left>
					<top>222</top>
					<width>180</width>
					<height>228</height>
					<font>FileManagerInfoFont</font>
					<textcolor>MediaInfoItemColor2</textcolor>
					<shadowcolor>ShadowColor</shadowcolor>
					<label>$INFO[Container(50).ListItem.Title,[COLOR=MediaInfoItemColor]$LOCALIZE[556][/COLOR][CR],[CR][CR]]$INFO[Container(50).ListItem.Artist,[COLOR=MediaInfoItemColor]$LOCALIZE[557][/COLOR][CR],[CR][CR]]$INFO[Container(50).ListItem.Album,[COLOR=MediaInfoItemColor]$LOCALIZE[558][/COLOR][CR],[CR][CR]]$INFO[Container(50).ListItem.Genre,[COLOR=MediaInfoItemColor]$LOCALIZE[515][/COLOR][CR],[CR][CR]]</label>
					<align>center</align>
				</control>
			</control>
			
			<control type="group" id="285">
				<description>Options Button Area</description>
				<left>540</left>
				<top>546</top>
				
				<control type="group" id="286">			
					<control type="button" id="6">
						<description>Open</description>	
						<left>4</left>
						<width>94</width>
						<height>34</height>
						<label>$LOCALIZE[502]</label>	
						<ondown>8</ondown>
						<onleft>50</onleft>
						<onright>7</onright>	
					</control>		
					<control type="button" id="7">
						<description>Save</description>	
						<left>102</left>
						<width>94</width>
						<height>34</height>
						<label>$LOCALIZE[190]</label>
						<ondown>8</ondown>
						<onleft>6</onleft>
						<onright>100</onright>
					</control>
				</control>		
				
				<control type="button" id="8">
					<description>Clear</description>
					<left>4</left>
					<top>38</top>
					<width>192</width>
					<height>34</height>
					<label>$LOCALIZE[192]</label>
					<onup>286</onup>
					<onleft>50</onleft>
					<onright>100</onright>
				</control>
			</control>		
		</control>
	
		<control type="group">	
			<description>Top Bar Area</description>
			<visible>![System.IdleTime(3) + Skin.HasSetting(HideTopBar) + !Control.HasFocus(555)]</visible>
			<depth>DepthTopBar</depth>
			<include>TopBarImage</include>
			<include>TopBarOpenCloseAnim</include>
			<include>BreadCrumbMusicPlaylistEditor</include>
			<include>Notifications</include>
			<include>SortLetterNotification</include>
		</control>
		
		<control type="group">
			<description>Bottom Bar Area</description>
			<depth>DepthContent</depth>
			<top>BottomPaneOffsetY</top>	
			<include>InfoPaneMusicPlaylistEditorDetails</include>
			<include>BottomPaneOpenCloseAnim</include>
		</control>
	</controls>	
</window>