<?xml version="1.0" encoding="UTF-8"?>
<window type="dialog" id="1120">
	<defaultcontrol always="true">11102</defaultcontrol>
	
	<coordinates>
		<system>1</system>
		<origin x="0" y="0">true</origin>
	</coordinates>
	
	<controls>		
		<control type="group">
			<visible>!Window.IsActive(GameVideoFilter) + !Window.IsActive(GameViewMode) + !Window.IsActive(GameVideoRotation) + !Window.IsActive(GameControllers) + !Window.IsActive(AddonSettings) + !Window.IsActive(OKDialog)</visible>
			<depth>DepthDialog+</depth>
			<include>DialogOpenCloseAnim</include>
			<top>211</top>
			<left>311.5</left>
			
			<control type="group">
				<include content="DialogWithCloseBtnLabelID">
					<param name="width" value="657"/>
					<param name="height" value="298" />
					<param name="left" value="597" />
					<param name="labelwidth" value="577" />
					<param name="label" value="$LOCALIZE[31155]$INFO[VideoPlayer.Title,:  ,]" />
					<param name="id" value="1" />
				</include>
			</control>
			
			<control type="panel" id="11102">
				<left>DialogMarginOffsetX</left>
				<top>DialogMarginOffsetY</top>
				<width>400</width>
				<height>185</height>
				<scrolltime>200</scrolltime>
				<onup>11102</onup>
				<ondown>11102</ondown>
				<onleft>9002</onleft>
				<onright>9002</onright>
				<itemlayout height="37">
					<control type="image">
						<width>400</width>
						<height>35</height>
						<texture border="5">controls/button-nofocus.png</texture>
					</control>
					<control type="label">
						<left>8</left>
						<width>229</width>
						<height>35</height>
						<font>ButtonFont2</font>
						<textcolor>ButtonColor</textcolor>
						<aligny>center</aligny>
						<info>ListItem.Label</info>
					</control>
					<control type="label">
						<left>242</left>
						<width>150</width>
						<height>35</height>
						<align>right</align>
						<font>ButtonFont2</font>
						<textcolor>DefaultColor2</textcolor>
						<aligny>center</aligny>
						<info>ListItem.Label2</info>
					</control>
				</itemlayout>
				<focusedlayout height="37">
					<control type="image">
						<width>400</width>
						<height>35</height>
						<texture border="5">controls/button-nofocus.png</texture>
					</control>
					<control type="image">
						<width>400</width>
						<height>35</height>
						<texture border="5">controls/button-focus.png</texture>
						<animation type="Focus" condition="Container(11102).OnNext + ![Skin.String(LowCPUPowerMode,Animations) | Skin.String(LowCPUPowerMode,Full)]" reversible="false">
							<effect type="Fade" start="40" end="100" time="500" tween="back" easing="in"/>
							<effect type="slide" start="0,-35" time="200" tween="sine" easing="out"/>
						</animation>
						<animation type="Focus" condition="Container(11102).OnPrevious + ![Skin.String(LowCPUPowerMode,Animations) | Skin.String(LowCPUPowerMode,Full)]" reversible="false">
							<effect type="Fade" start="40" end="100" time="500" tween="back" easing="in"/>
							<effect type="slide" start="0,35" time="200" tween="sine" easing="out"/>
						</animation>
					</control>
					<control type="label">
						<left>8</left>
						<width>229</width>
						<height>35</height>
						<font>ButtonFont2</font>
						<textcolor>ButtonFocusColor</textcolor>
						<aligny>center</aligny>
						<info>ListItem.Label</info>
					</control>
					<control type="label">
						<left>242</left>
						<width>150</width>
						<height>35</height>
						<align>right</align>
						<font>ButtonFont2</font>
						<textcolor>DefaultColor2</textcolor>
						<aligny>center</aligny>
						<info>ListItem.Label2</info>
					</control>
				</focusedlayout>
				<content>
					<item>
						<label>$LOCALIZE[35225]</label>
						<onclick>ActivateWindow(GameVideoFilter)</onclick>
					</item>
					<item>
						<label>$LOCALIZE[629]</label>
						<onclick>ActivateWindow(GameViewMode)</onclick>
					</item>
					<item>
						<label>$LOCALIZE[35227]</label>
						<onclick>ActivateWindow(GameVideoRotation)</onclick>
					</item>
					<item>
						<label>$LOCALIZE[35223]</label>
						<onclick>ActivateWindow(GameControllers)</onclick>
					</item>
					<item>
						<label>$LOCALIZE[10140]</label>
						<onclick>ActivateWindow(GameAdvancedSettings)</onclick>
					</item>
				</content>
			</control>
			
			<control type="image">
				<top>DialogMarginOffsetY</top>
				<left>439</left>
				<width>183</width>
				<height>183</height>
				<texture border="5">controls/button-nofocus.png</texture>
			</control>
			
			<control type="image">
				<description>Icon</description>
				<left>444</left>
				<top>58</top>
				<width>173</width>
				<height>173</height>
				<texture diffuse="covers/player-control-media-cover-diffuse.png" fallback="DefaultGameAddons.png">$INFO[VideoPlayer.Cover]</texture>
				<aspectratio align="center" aligny="center" scalediffuse="false">scale</aspectratio>
				<include>ControlsOpenCloseAnim</include>
			</control>
			
			<control type="button" id="9002">
				<description>Cancel</description>
				<top>245</top>
				<left>243.5</left>
				<include>DialogMenuBarBtn</include>
				<label>$LOCALIZE[222]</label>
				<onclick>PreviousMenu</onclick>
				<onup>11102</onup>
				<onleft>11102</onleft>
				<onright>11102</onright>
			</control>
		</control>
	</controls>
</window>