<?xml version="1.0" encoding="UTF-8"?>
<window>
	<defaultcontrol always="true">3012</defaultcontrol>
	<include>FSMediaInfoOpenCloseAnim</include>
	
	<controls>
		<control type="group">
			<depth>DepthOSD</depth>
			
			<control type="group">
				<left>778</left>
				<top>540</top>
				
				<control type="image">
					<width>474</width>
					<height>107</height>
					<texture border="8">panels/panel.png</texture>
				</control>
				
				<control type="image">
					<top>4</top>
					<left>4</left>
					<width>466</width>
					<height>30</height>
					<texture border="5">panels/panel-content-border2.png</texture>
					<animation effect="fade" end="5" condition="true">Conditional</animation>
				</control>
				
				<control type="label">
					<description>Still There?</description>
					<top>4</top>
					<width>474</width>
					<height>30</height>
					<align>center</align>
					<aligny>center</aligny>
					<font>PanelTitleFont</font>
					<textcolor>MediaInfoItemColor</textcolor>
					<shadowcolor>ShadowColor</shadowcolor>
					<label>[UPPERCASE]$ADDON[service.upnext 30024][/UPPERCASE]</label>
				</control>

				<control type="grouplist">
					<description>Controls</description>
					<top>53</top>
					<width>474</width>
					<height>35</height>
					<itemgap>10</itemgap>
					<align>center</align>
					<orientation>horizontal</orientation>
					<control type="button" id="3012">
						<description>Next Episode</description>
						<width>285</width>
						<label>$ADDON[service.upnext 30010] $ADDON[service.upnext 30036] $INFO[Player.TimeRemaining(ss),,] $ADDON[service.upnext 30035]</label>
						<pulseonselect>false</pulseonselect>
					</control>
					<control type="button" id="3013">
						<description>Cancel</description>
						<width>116</width>
						<label>222</label>
						<pulseonselect>false</pulseonselect>
					</control>
				</control>
			</control>
		</control>
	</controls>
</window>