<?xml version="1.0" encoding="UTF-8"?>
<window>

	<coordinates>
		<system>1</system>
		<origin x="395" y="180">true</origin>
	</coordinates>
	
	<controls>
		<control type="group">
			<depth>DepthDialog+</depth>
			<include>ProgressDialogBox</include>
			<include>DialogOpenCloseAnim</include>

			<control type="group">
				<left>2000</left>
				<control type="label" id="1">
					<label>-</label>
				</control>
				
				<control type="textbox" id="9">
					<label>-</label>
				</control>
			</control>
			
			<control type="label">
				<include>DialogTitle2</include>
				<label>$INFO[Control.GetLabel(1)]</label>
				<visible>!Control.IsVisible(20)</visible>
			</control>
			
			<control type="label">
				<include>DialogTitle2</include>
				<label>$INFO[Control.GetLabel(1)] $INFO[System.Progressbar, ,%]</label>
				<visible>Control.IsVisible(20)</visible>
			</control>
			
			<control type="textbox">
				<description>Text</description>
				<left>DialogMarginOffsetX</left>
				<top>54</top>
				<width>420</width>
				<height>98</height>
				<align>center</align>
				<aligny>center</aligny>
				<label>$INFO[Control.GetLabel(9)]</label>
				<font>DefaultFontB</font>
				<textcolor>ButtonColor</textcolor>
				<autoscroll time="3000" delay="4000" repeat="10000">true</autoscroll>
				<visible>!Control.IsVisible(20)</visible>
			</control>
			
			<control type="textbox">
				<description>Text</description>
				<left>DialogMarginOffsetX</left>
				<top>52</top>
				<width>420</width>
				<height>88</height>
				<align>center</align>
				<aligny>center</aligny>
				<label>$INFO[Control.GetLabel(9)]</label>
				<font>DefaultFontB</font>
				<textcolor>ButtonColor</textcolor>
				<autoscroll time="3000" delay="4000" repeat="10000">true</autoscroll>
				<visible>Control.IsVisible(20)</visible>
			</control>
			
			<control type="progress" id="20">
				<description>Progressbar</description>
				<left>DialogMarginOffsetX</left>
				<top>140</top>
				<width>420</width>
				<info>System.Progressbar</info>
			</control>

			<control type="grouplist" id="9000">
				<top>164</top>
				<width>490</width>
				<align>center</align>
				<itemgap>0</itemgap>
				<orientation>horizontal</orientation>
				<control type="button" id="11">
					<description>OK Button</description>
					<include>DialogMenuBarBtn</include>
					<label>$LOCALIZE[107]</label>
				</control>
				<control type="button" id="10">
					<description>Cancel Button</description>
					<include>DialogMenuBarBtn</include>
					<label>$LOCALIZE[106]</label>
				</control>
				<control type="button" id="12">
					<description>Custom Button</description>
					<include>DialogMenuBarBtn</include>
					<label>$LOCALIZE[106]</label>
				</control>
			</control>
		</control>
	</controls>	
</window>