<?xml version="1.0" encoding="UTF-8"?>
<window>
	<defaultcontrol>5</defaultcontrol>
	
	<coordinates>
		<left>400</left>
		<top>79</top>
	</coordinates>

	<controls>
		<control type="group">
			<visible>![Window.IsActive(SliderDialog) | Window.IsActive(DialogParametricEQ.xml) | Window.IsActive(DialogSpeakerGain.xml) | Window.IsActive(DialogSpeakerDistance.xml) | Window.IsActive(DialogMasterModeFreeSurround.xml)]</visible>
			<depth>DepthOSD</depth>
			<include>DialogOpenCloseAnim</include>
			<animation effect="slide" end="-378,0" condition="Window.IsActive(FullScreenVideo) | Window.IsActive(Visualisation)">Conditional</animation>

			<include>SettingsDialogBox</include>

			<control type="label" id="2">
				<width>450</width>
				<include>SettingsDialogTitle</include>
				<label>-</label>
			</control>
			
			<control type="grouplist" id="5">
				<description>Control Area</description>
				<left>DialogMarginOffsetX</left>
				<top>DialogMarginOffsetY</top>
				<width>460</width>
				<height>407</height>
				<itemgap>2</itemgap>
				<pagecontrol>60</pagecontrol>
				<onup>5</onup>
				<ondown>5</ondown>
				<onleft>60</onleft>
				<onright>60</onright>	
			</control>
			
			<control type="label">
				<top>463</top>
				<left>40</left>
				<width>450</width>
				<height>37</height>
				<align>center</align>
				<font>ListFont5</font>
				<textcolor>DefaultColor2</textcolor>
				<include>DialogContentLabel</include>
				<label>[UPPERCASE]$LOCALIZE[15042] $INFO[ADSP.DetectedStreamType]$INFO[ADSP.MasterInfo,  &#x2022;  ,]$INFO[VideoPlayer.AudioCodec,  &#x2022;  ,]$INFO[VideoPlayer.AudioChannels, , $LOCALIZE[19019]]$INFO[MusicPlayer.Codec,  &#x2022;  ,][/UPPERCASE]</label>
			</control>
			
			<control type="button" id="7">
				<description>Default Button</description>
				<include>DialogContentLabel</include>
			</control>
			
			<control type="radiobutton" id="8">
				<description>Default RadioButton</description>
				<include>DialogContentLabel</include>
			</control>
			
			<control type="spincontrolex" id="9">
				<description>Default SpinControlex</description>
				<include>DialogContentLabel</include>
			</control>
			
			<control type="edit" id="12">
				<description>Default Edit</description>
				<include>DialogContentLabel</include>
			</control>
			
			<control type="sliderex" id="13">
				<description>Default Slider</description>
				<include>DialogContentLabel</include>
			</control>
			
			<control type="label" id="14">
				<height>35</height>
				<align>center</align>
				<include>DialogContentLabel</include>
			</control>
			
			<control type="spincontrol" id="60">
				<description>Next Page</description>
				<left>450</left>
				<top>510</top>
				<font>-</font>
				<onup>5</onup>
				<onleft>5</onleft>
			</control>
		</control>
	</controls>
</window>
