<?xml version="1.0" encoding="utf-8"?>
<window type="dialog" id="1204">
	<onload>PlayMedia(special://skin/extras/credits.mp3)</onload>
	<defaultcontrol always="true">10</defaultcontrol>
	<coordinates>
		<system>1</system>
		<left>0</left>
		<top>0</top>
	</coordinates>
	<controls>
		<control type="image">
			<left>0</left>
			<top>0</top>
			<width>1920</width>
			<height>1080</height>
			<texture>background.png</texture>
		</control>
		<control type="image">
			<left>0</left>
			<top>0</top>
			<width>1920</width>
			<height>1080</height>
			<texture>credits_splatter.png</texture>
			<animation type="WindowOpen" reversible="false">
				<effect type="fade" start="0" end="100" time="1000" delay="10000"/>
				<effect type="fade" start="100" end="0" time="1000" delay="129000"/>
			</animation>
		</control>
		<control type="label">
			<left>0</left>
			<top>0</top>
			<width>1920</width>
			<height>1080</height>
			<label>$LOCALIZE[50162]</label>
			<textcolor>Highlight</textcolor>
			<font>Credits_Intro</font>
			<align>center</align>
			<aligny>center</aligny>
			<animation type="WindowOpen" reversible="false">
				<effect type="fade" start="0" end="100" time="2000"/>
				<effect type="fade" start="100" end="0" time="2000" delay="3000"/>
			</animation>
		</control>
		<control type="image">
			<left>189</left>
			<top>358</top>
			<width>1540</width>
			<height>363</height>
			<texture>tbb_logo_large.png</texture>
			<animation type="WindowOpen" reversible="false">
				<effect type="zoom" start="150" end="100" center="auto" tween="sine" easing="out" time="3000" delay="5000"/>
				<effect type="slide" start="0,0" end="0,-358" time="2000" delay="10000"/>
				<effect type="zoom" start="100" end="10" center="auto" tween="sine" easing="in" time="2000" delay="10000"/>
				<effect type="rotatex" center="0,363" start="0" end="20" time="2000" delay="10000"/>
				<effect type="fade" start="100" end="0" time="2000" delay="10000"/>
			</animation>
		</control>
		<control type="group">
			<camera x="960" y="0"/>
			<animation type="WindowOpen" reversible="false">
				<effect type="rotatex" center="0,0" start="40" end="40"/>
			</animation>
			<control type="grouplist" id="9000">
				<animation type="WindowOpen" reversible="false">
					<effect type="slide" start="0,1080" end="0,-11523" time="121000" delay="10000"/>
				</animation>
				<left>0</left>
				<top>0</top>
				<width>1920</width>
				<height>11523</height>
				<itemgap>0</itemgap>
				<orientation>vertical</orientation>
				<control type="label">
					<width>1920</width>
					<height>120</height>
					<label>GRAPHICS &amp; DESIGN</label>
					<textcolor>Highlight</textcolor>
					<font>Credits_Title</font>
					<align>center</align>
					<aligny>center</aligny>
				</control>
				<control type="label">
					<width>1920</width>
					<height>120</height>
					<label>BLACKBOLT</label>
					<textcolor>Text</textcolor>
					<font>Credits_Info</font>
					<align>center</align>
					<aligny>center</aligny>
				</control>
				<control type="label">
					<width>1920</width>
					<height>120</height>
					<label/>
					<textcolor>Text</textcolor>
					<font>Credits_Info</font>
					<align>center</align>
					<aligny>center</aligny>
				</control>
				<control type="label">
					<width>1920</width>
					<height>120</height>
					<label>CODE &amp; DEVELOPMENT</label>
					<textcolor>Highlight</textcolor>
					<font>Credits_Title</font>
					<align>center</align>
					<aligny>center</aligny>
				</control>
				<control type="label">
					<width>1920</width>
					<height>120</height>
					<label>EQUINOX</label>
					<textcolor>Text</textcolor>
					<font>Credits_Info</font>
					<align>center</align>
					<aligny>center</aligny>
				</control>
				<control type="label">
					<width>1920</width>
					<height>120</height>
					<label/>
					<textcolor>Text</textcolor>
					<font>Credits_Info</font>
					<align>center</align>
					<aligny>center</aligny>
				</control>
				<control type="label">
					<width>1920</width>
					<height>120</height>
					<label>ADDITIONAL CODE</label>
					<textcolor>Highlight</textcolor>
					<font>Credits_Title</font>
					<align>center</align>
					<aligny>center</aligny>
				</control>
				<control type="label">
					<width>1920</width>
					<height>120</height>
					<label>HITCHER</label>
					<textcolor>Text</textcolor>
					<font>Credits_Info</font>
					<align>center</align>
					<aligny>center</aligny>
				</control>
				<control type="label">
					<width>1920</width>
					<height>120</height>
					<label/>
					<textcolor>Text</textcolor>
					<font>Credits_Info</font>
					<align>center</align>
					<aligny>center</aligny>
				</control>
				<control type="label">
					<width>1920</width>
					<height>120</height>
					<label>BETA TESTERS</label>
					<textcolor>Highlight</textcolor>
					<font>Credits_Title</font>
					<align>center</align>
					<aligny>center</aligny>
				</control>
				<control type="label">
					<width>1920</width>
					<height>120</height>
					<label>BLACKBOLT</label>
					<textcolor>Text</textcolor>
					<font>Credits_Info</font>
					<align>center</align>
					<aligny>center</aligny>
				</control>
				<control type="label">
					<width>1920</width>
					<height>120</height>
					<label>EQUINOX</label>
					<textcolor>Text</textcolor>
					<font>Credits_Info</font>
					<align>center</align>
					<aligny>center</aligny>
				</control>
				<control type="label">
					<width>1920</width>
					<height>120</height>
					<label>ROCKY5</label>
					<textcolor>Text</textcolor>
					<font>Credits_Info</font>
					<align>center</align>
					<aligny>center</aligny>
				</control>
				<control type="label">
					<width>1920</width>
					<height>120</height>
					<label>ARCANTHUR</label>
					<textcolor>Text</textcolor>
					<font>Credits_Info</font>
					<align>center</align>
					<aligny>center</aligny>
				</control>
				<control type="label">
					<width>1920</width>
					<height>120</height>
					<label>HITCHER</label>
					<textcolor>Text</textcolor>
					<font>Credits_Info</font>
					<align>center</align>
					<aligny>center</aligny>
				</control>
				<control type="label">
					<width>1920</width>
					<height>120</height>
					<label>SETH CHEEK</label>
					<textcolor>Text</textcolor>
					<font>Credits_Info</font>
					<align>center</align>
					<aligny>center</aligny>
				</control>
				<control type="label">
					<width>1920</width>
					<height>120</height>
					<label>DEAN ELLIOTT</label>
					<textcolor>Text</textcolor>
					<font>Credits_Info</font>
					<align>center</align>
					<aligny>center</aligny>
				</control>
				<control type="label">
					<width>1920</width>
					<height>120</height>
					<label>BIZZEH</label>
					<textcolor>Text</textcolor>
					<font>Credits_Info</font>
					<align>center</align>
					<aligny>center</aligny>
				</control>
				<control type="label">
					<width>1920</width>
					<height>120</height>
					<label>CHRIS SOLIMO</label>
					<textcolor>Text</textcolor>
					<font>Credits_Info</font>
					<align>center</align>
					<aligny>center</aligny>
				</control>
				<control type="label">
					<width>1920</width>
					<height>120</height>
					<label>BEN SCOTT</label>
					<textcolor>Text</textcolor>
					<font>Credits_Info</font>
					<align>center</align>
					<aligny>center</aligny>
				</control>
				<control type="label">
					<width>1920</width>
					<height>120</height>
					<label>PIET CREEMERS</label>
					<textcolor>Text</textcolor>
					<font>Credits_Info</font>
					<align>center</align>
					<aligny>center</aligny>
				</control>
				<control type="label">
					<width>1920</width>
					<height>120</height>
					<label>MARKUS GUNTNER</label>
					<textcolor>Text</textcolor>
					<font>Credits_Info</font>
					<align>center</align>
					<aligny>center</aligny>
				</control>
				<control type="label">
					<width>1920</width>
					<height>120</height>
					<label>DANIEL SCHOLL</label>
					<textcolor>Text</textcolor>
					<font>Credits_Info</font>
					<align>center</align>
					<aligny>center</aligny>
				</control>
				<control type="label">
					<width>1920</width>
					<height>120</height>
					<label>NICK GOEDHALS</label>
					<textcolor>Text</textcolor>
					<font>Credits_Info</font>
					<align>center</align>
					<aligny>center</aligny>
				</control>
				<control type="label">
					<width>1920</width>
					<height>120</height>
					<label>LARS STEPPUTT</label>
					<textcolor>Text</textcolor>
					<font>Credits_Info</font>
					<align>center</align>
					<aligny>center</aligny>
				</control>
				<control type="label">
					<width>1920</width>
					<height>120</height>
					<label>FRINGUELLI FABRIZIO</label>
					<textcolor>Text</textcolor>
					<font>Credits_Info</font>
					<align>center</align>
					<aligny>center</aligny>
				</control>
				<control type="label">
					<width>1920</width>
					<height>120</height>
					<label>JEROEN CAMP</label>
					<textcolor>Text</textcolor>
					<font>Credits_Info</font>
					<align>center</align>
					<aligny>center</aligny>
				</control>
				<control type="label">
					<width>1920</width>
					<height>120</height>
					<label>SAM VON NEEFE</label>
					<textcolor>Text</textcolor>
					<font>Credits_Info</font>
					<align>center</align>
					<aligny>center</aligny>
				</control>
				<control type="label">
					<width>1920</width>
					<height>120</height>
					<label>PHILIPP SCHADINGER</label>
					<textcolor>Text</textcolor>
					<font>Credits_Info</font>
					<align>center</align>
					<aligny>center</aligny>
				</control>
				<control type="label">
					<width>1920</width>
					<height>120</height>
					<label>DANIEL PAHL</label>
					<textcolor>Text</textcolor>
					<font>Credits_Info</font>
					<align>center</align>
					<aligny>center</aligny>
				</control>
				<control type="label">
					<width>1920</width>
					<height>120</height>
					<label>DERRICK SAMUELS</label>
					<textcolor>Text</textcolor>
					<font>Credits_Info</font>
					<align>center</align>
					<aligny>center</aligny>
				</control>
				<control type="label">
					<width>1920</width>
					<height>120</height>
					<label>MICHAL GRABOWSKI</label>
					<textcolor>Text</textcolor>
					<font>Credits_Info</font>
					<align>center</align>
					<aligny>center</aligny>
				</control>
				<control type="label">
					<width>1920</width>
					<height>120</height>
					<label>DAVID PURPLE</label>
					<textcolor>Text</textcolor>
					<font>Credits_Info</font>
					<align>center</align>
					<aligny>center</aligny>
				</control>
				<control type="label">
					<width>1920</width>
					<height>120</height>
					<label>ALEXIS VINCENT</label>
					<textcolor>Text</textcolor>
					<font>Credits_Info</font>
					<align>center</align>
					<aligny>center</aligny>
				</control>
				<control type="label">
					<width>1920</width>
					<height>120</height>
					<label>JEFF SMITH</label>
					<textcolor>Text</textcolor>
					<font>Credits_Info</font>
					<align>center</align>
					<aligny>center</aligny>
				</control>
				<control type="label">
					<width>1920</width>
					<height>120</height>
					<label>OLIVER OWEN</label>
					<textcolor>Text</textcolor>
					<font>Credits_Info</font>
					<align>center</align>
					<aligny>center</aligny>
				</control>
				<control type="label">
					<width>1920</width>
					<height>120</height>
					<label>STEVEN WHYTE</label>
					<textcolor>Text</textcolor>
					<font>Credits_Info</font>
					<align>center</align>
					<aligny>center</aligny>
				</control>
				<control type="label">
					<width>1920</width>
					<height>120</height>
					<label>CLIFF STEPHENS</label>
					<textcolor>Text</textcolor>
					<font>Credits_Info</font>
					<align>center</align>
					<aligny>center</aligny>
				</control>
				<control type="label">
					<width>1920</width>
					<height>120</height>
					<label>WALID SADFI</label>
					<textcolor>Text</textcolor>
					<font>Credits_Info</font>
					<align>center</align>
					<aligny>center</aligny>
				</control>
				<control type="label">
					<width>1920</width>
					<height>120</height>
					<label>STAVROS LABROU</label>
					<textcolor>Text</textcolor>
					<font>Credits_Info</font>
					<align>center</align>
					<aligny>center</aligny>
				</control>
				<control type="label">
					<width>1920</width>
					<height>120</height>
					<label>BRANDON SYLVESTER</label>
					<textcolor>Text</textcolor>
					<font>Credits_Info</font>
					<align>center</align>
					<aligny>center</aligny>
				</control>
				<control type="label">
					<width>1920</width>
					<height>120</height>
					<label>MICHAEL OSTERGAARD SOREBSEN</label>
					<textcolor>Text</textcolor>
					<font>Credits_Info</font>
					<align>center</align>
					<aligny>center</aligny>
				</control>
				<control type="label">
					<width>1920</width>
					<height>120</height>
					<label>RYAN FLAGLER</label>
					<textcolor>Text</textcolor>
					<font>Credits_Info</font>
					<align>center</align>
					<aligny>center</aligny>
				</control>
				<control type="label">
					<width>1920</width>
					<height>120</height>
					<label>LYNDON WEST</label>
					<textcolor>Text</textcolor>
					<font>Credits_Info</font>
					<align>center</align>
					<aligny>center</aligny>
				</control>
				<control type="label">
					<width>1920</width>
					<height>120</height>
					<label>TYRONE PETERSEN</label>
					<textcolor>Text</textcolor>
					<font>Credits_Info</font>
					<align>center</align>
					<aligny>center</aligny>
				</control>
				<control type="label">
					<width>1920</width>
					<height>120</height>
					<label/>
					<label>KAREN WARANIS</label>
					<textcolor>Text</textcolor>
					<font>Credits_Info</font>
					<align>center</align>
					<aligny>center</aligny>
				</control>
				<control type="label">
					<width>1920</width>
					<height>120</height>
					<label/>
					<label>AONGHUS FRASER</label>
					<textcolor>Text</textcolor>
					<font>Credits_Info</font>
					<align>center</align>
					<aligny>center</aligny>
				</control>
				<control type="label">
					<width>1920</width>
					<height>120</height>
					<label/>
					<label>ALEXANDRE PILLOUD</label>
					<textcolor>Text</textcolor>
					<font>Credits_Info</font>
					<align>center</align>
					<aligny>center</aligny>
				</control>
				<control type="label">
					<width>1920</width>
					<height>120</height>
					<label/>
					<label>BOB KRATTLI</label>
					<textcolor>Text</textcolor>
					<font>Credits_Info</font>
					<align>center</align>
					<aligny>center</aligny>
				</control>
				<control type="label">
					<width>1920</width>
					<height>120</height>
					<label/>
					<label>BJARTE ROLLAND</label>
					<textcolor>Text</textcolor>
					<font>Credits_Info</font>
					<align>center</align>
					<aligny>center</aligny>
				</control>
				<control type="label">
					<width>1920</width>
					<height>120</height>
					<label/>
					<label>GEORGE WELSH</label>
					<textcolor>Text</textcolor>
					<font>Credits_Info</font>
					<align>center</align>
					<aligny>center</aligny>
				</control>
				<control type="label">
					<width>1920</width>
					<height>120</height>
					<label/>
					<label>MARTY McFLY JR.</label>
					<textcolor>Text</textcolor>
					<font>Credits_Info</font>
					<align>center</align>
					<aligny>center</aligny>
				</control>
				<control type="label">
					<width>1920</width>
					<height>120</height>
					<label/>
					<label>JAMIE SOARES SILVA</label>
					<textcolor>Text</textcolor>
					<font>Credits_Info</font>
					<align>center</align>
					<aligny>center</aligny>
				</control>
				<control type="label">
					<width>1920</width>
					<height>120</height>
					<label/>
					<label>ENRICO ACKERMANN</label>
					<textcolor>Text</textcolor>
					<font>Credits_Info</font>
					<align>center</align>
					<aligny>center</aligny>
				</control>
				<control type="label">
					<width>1920</width>
					<height>120</height>
					<label/>
					<textcolor>Text</textcolor>
					<font>Credits_Info</font>
					<align>center</align>
					<aligny>center</aligny>
				</control>
				<control type="label">
					<width>1920</width>
					<height>120</height>
					<label/>
					<label>NICK GIBSON</label>
					<textcolor>Text</textcolor>
					<font>Credits_Info</font>
					<align>center</align>
					<aligny>center</aligny>
				</control>
				<control type="label">
					<width>1920</width>
					<height>120</height>
					<label/>
					<label>PATRICK GRUBER</label>
					<textcolor>Text</textcolor>
					<font>Credits_Info</font>
					<align>center</align>
					<aligny>center</aligny>
				</control>
				<control type="label">
					<width>1920</width>
					<height>120</height>
					<label/>
					<label>NICHOLAS WHITE</label>
					<textcolor>Text</textcolor>
					<font>Credits_Info</font>
					<align>center</align>
					<aligny>center</aligny>
				</control>
				<control type="label">
					<width>1920</width>
					<height>120</height>
					<label/>
					<label>MARKUS KAHLE</label>
					<textcolor>Text</textcolor>
					<font>Credits_Info</font>
					<align>center</align>
					<aligny>center</aligny>
				</control>
				<control type="label">
					<width>1920</width>
					<height>120</height>
					<label/>
					<label>DEAN MOILER</label>
					<textcolor>Text</textcolor>
					<font>Credits_Info</font>
					<align>center</align>
					<aligny>center</aligny>
				</control>
				<control type="label">
					<width>1920</width>
					<height>120</height>
					<label/>
					<label>ALAN HAWKINS</label>
					<textcolor>Text</textcolor>
					<font>Credits_Info</font>
					<align>center</align>
					<aligny>center</aligny>
				</control>
				<control type="label">
					<width>1920</width>
					<height>120</height>
					<label/>
					<label>BARRY WILLIAMS</label>
					<textcolor>Text</textcolor>
					<font>Credits_Info</font>
					<align>center</align>
					<aligny>center</aligny>
				</control>
				<control type="label">
					<width>1920</width>
					<height>120</height>
					<label/>
					<label>JOHAN WESSBERG</label>
					<textcolor>Text</textcolor>
					<font>Credits_Info</font>
					<align>center</align>
					<aligny>center</aligny>
				</control>
				<control type="label">
					<width>1920</width>
					<height>120</height>
					<label/>
					<label>MIKE HERTEL</label>
					<textcolor>Text</textcolor>
					<font>Credits_Info</font>
					<align>center</align>
					<aligny>center</aligny>
				</control>
				<control type="label">
					<width>1920</width>
					<height>120</height>
					<label/>
					<label>KENNY JOHANSSON</label>
					<textcolor>Text</textcolor>
					<font>Credits_Info</font>
					<align>center</align>
					<aligny>center</aligny>
				</control>
				<control type="label">
					<width>1920</width>
					<height>120</height>
					<label/>
					<label>STUART MCLEAN</label>
					<textcolor>Text</textcolor>
					<font>Credits_Info</font>
					<align>center</align>
					<aligny>center</aligny>
				</control>
				<control type="label">
					<width>1920</width>
					<height>120</height>
					<label/>
					<label>WILLIAM O'NEILL</label>
					<textcolor>Text</textcolor>
					<font>Credits_Info</font>
					<align>center</align>
					<aligny>center</aligny>
				</control>
				<control type="label">
					<width>1920</width>
					<height>120</height>
					<label/>
					<label>ROBERT SCHUELER</label>
					<textcolor>Text</textcolor>
					<font>Credits_Info</font>
					<align>center</align>
					<aligny>center</aligny>
				</control>
				<control type="label">
					<width>1920</width>
					<height>120</height>
					<label/>
					<label>STEPHAN MARX</label>
					<textcolor>Text</textcolor>
					<font>Credits_Info</font>
					<align>center</align>
					<aligny>center</aligny>
				</control>
				<control type="label">
					<width>1920</width>
					<height>120</height>
					<label/>
					<label>RICHARD DOBOSZ</label>
					<textcolor>Text</textcolor>
					<font>Credits_Info</font>
					<align>center</align>
					<aligny>center</aligny>
				</control>
				<control type="label">
					<width>1920</width>
					<height>120</height>
					<label/>
					<label>NEIL BURGOYNE</label>
					<textcolor>Text</textcolor>
					<font>Credits_Info</font>
					<align>center</align>
					<aligny>center</aligny>
				</control>
				<control type="label">
					<width>1920</width>
					<height>120</height>
					<label/>
					<textcolor>Text</textcolor>
					<font>Credits_Info</font>
					<align>center</align>
					<aligny>center</aligny>
				</control>
				<control type="label">
					<width>1920</width>
					<height>120</height>
					<label>SPECIAL THANKS</label>
					<textcolor>Highlight</textcolor>
					<font>Credits_Title</font>
					<align>center</align>
					<aligny>center</aligny>
				</control>
				<control type="label">
					<width>1920</width>
					<height>120</height>
					<label>JEZZ_X</label>
					<textcolor>Text</textcolor>
					<font>Credits_Info</font>
					<align>center</align>
					<aligny>center</aligny>
				</control>
				<control type="label">
					<width>1920</width>
					<height>120</height>
					<label>JMARSHALL</label>
					<textcolor>Text</textcolor>
					<font>Credits_Info</font>
					<align>center</align>
					<aligny>center</aligny>
				</control>
				<control type="label">
					<width>1920</width>
					<height>120</height>
					<label>THE UNI</label>
					<textcolor>Text</textcolor>
					<font>Credits_Info</font>
					<align>center</align>
					<aligny>center</aligny>
				</control>
				<control type="label">
					<width>1920</width>
					<height>120</height>
					<label>ACTIONCORP TV</label>
					<textcolor>Text</textcolor>
					<font>Credits_Info</font>
					<align>center</align>
					<aligny>center</aligny>
				</control>
				<control type="label">
					<width>1920</width>
					<height>120</height>
					<label/>
					<textcolor>Text</textcolor>
					<font>Credits_Info</font>
					<align>center</align>
					<aligny>center</aligny>
				</control>
				<control type="label">
					<width>1920</width>
					<height>120</height>
					<label>MUSIC BY</label>
					<textcolor>Highlight</textcolor>
					<font>Credits_Title</font>
					<align>center</align>
					<aligny>center</aligny>
				</control>
				<control type="label">
					<width>1920</width>
					<height>120</height>
					<label>EQUINOX</label>
					<textcolor>Text</textcolor>
					<font>Credits_Info</font>
					<align>center</align>
					<aligny>center</aligny>
				</control>
				<control type="label">
					<width>1920</width>
					<height>120</height>
					<label/>
					<textcolor>Text</textcolor>
					<font>Credits_Info</font>
					<align>center</align>
					<aligny>center</aligny>
				</control>
				<control type="label">
					<width>1920</width>
					<height>120</height>
					<label>THE FORCE BY</label>
					<textcolor>Text</textcolor>
					<font>Credits_Info</font>
					<align>center</align>
					<aligny>center</aligny>
				</control>
				<control type="label">
					<width>1920</width>
					<height>120</height>
					<label>THE DROIDS</label>
					<textcolor>Text</textcolor>
					<font>Credits_Info</font>
					<align>center</align>
					<aligny>center</aligny>
				</control>
				<control type="label">
					<width>1920</width>
					<height>120</height>
					<label/>
					<textcolor>Text</textcolor>
					<font>Credits_Info</font>
					<align>center</align>
					<aligny>center</aligny>
				</control>
				<control type="label">
					<width>1920</width>
					<height>120</height>
					<label>VISIT US ON THE WEB:</label>
					<textcolor>Text</textcolor>
					<font>Credits_Small</font>
					<align>center</align>
					<aligny>center</aligny>
				</control>
				<control type="label">
					<width>1920</width>
					<height>120</height>
					<label>http://www.teamblackbolt.co.uk</label>
					<textcolor>Text</textcolor>
					<font>Credits_Small</font>
					<align>center</align>
					<aligny>center</aligny>
				</control>
				<control type="label">
					<width>1920</width>
					<height>120</height>
					<label/>
					<textcolor>Text</textcolor>
					<font>Credits_Info</font>
					<align>center</align>
					<aligny>center</aligny>
				</control>
				<control type="label">
					<width>1920</width>
					<height>120</height>
					<label>ALL RIGHTS RESERVED</label>
					<textcolor>Text</textcolor>
					<font>Credits_Small</font>
					<align>center</align>
					<aligny>center</aligny>
				</control>
				<control type="label">
					<width>1920</width>
					<height>120</height>
					<label>© COPYRIGHT TEAM BLACKBOLT 2011</label>
					<textcolor>Text</textcolor>
					<font>Credits_Small</font>
					<align>center</align>
					<aligny>center</aligny>
				</control>
				<control type="label">
					<width>1920</width>
					<height>120</height>
					<label/>
					<textcolor>Text</textcolor>
					<font>Credits_Info</font>
					<align>center</align>
					<aligny>center</aligny>
				</control>
				<control type="label">
					<width>1920</width>
					<height>120</height>
					<label/>
					<textcolor>Text</textcolor>
					<font>Credits_Info</font>
					<align>center</align>
					<aligny>center</aligny>
				</control>
				<control type="group">
					<width>1920</width>
					<height>363</height>
					<control type="image">
						<left>189</left>
						<top>0</top>
						<width>1540</width>
						<height>363</height>
						<texture>tbb_logo_large.png</texture>
					</control>
				</control>
				<control type="label">
					<width>1920</width>
					<height>120</height>
					<label/>
					<textcolor>Text</textcolor>
					<font>Credits_Info</font>
					<align>center</align>
					<aligny>center</aligny>
				</control>
			</control>
		</control>
		<control type="button" id="10">
			<onfocus>PlayerControl(stop)</onfocus>
			<onfocus>Dialog.Close(1204)</onfocus>
			<onclick>PlayerControl(stop)</onclick>
			<onclick>Dialog.Close(1204)</onclick>
			<texturenofocus/>
			<texturefocus/>
			<animation effect="fade" start="0" end="0" time="0" delay="132000">Focus</animation>
		</control>
		<include>Debug</include>
	</controls>
</window>
