<?xml version="1.0" encoding="UTF-8"?>
<window>
	<defaultcontrol always="true">9000</defaultcontrol>
	<controls>
		<control type="image">
			<width>1920</width>
			<height>1080</height>
			<texture>background.png</texture>
			<animation effect="fade" time="200">Visible</animation>
			<animation effect="fade" time="200">Hidden</animation>
		</control>
		<include>Background</include>
		<!-- Elipsis Visor -->
		<include>Visor_Filter</include>
		<!-- Edge Filter -->
		<include>Edge_Filter</include>
		<control type="group">
			<animation effect="fade" start="0" end="100" time="100">WindowOpen</animation>
			<animation effect="fade" start="100" end="0" time="100">WindowClose</animation>
			<visible>!Window.IsActive(fullscreenvideo)</visible>
		</control>
		<control type="group">
			<centertop>50%</centertop>
			<height>1080</height>
			<centerleft>50%</centerleft>
			<width>1920</width>
			<control type="textbox">
				<left>40</left>
				<top>20</top>
				<width>1840</width>
				<font>Larger</font>
				<height>90</height>
				<align>center</align>
				<label>[B]$INFO[ListItem.Title] $INFO[ListItem.Year,([COLOR grey],[/COLOR])][/B]</label>
			</control>
			<control type="image">
				<left>114</left>
				<top>236</top>
				<width>461</width>
				<height>461</height>
				<aspectratio>keep</aspectratio>
				<texture fallback="DefaultTVShows.png">$INFO[ListItem.Icon]</texture>
			</control>
			<control type="group">
				<top>230</top>
				<left>50</left>
				<control type="textbox" id="400">
					<left>660</left>
					<top>20</top>
					<width>1050</width>
					<height>444</height>
					<label>$INFO[ListItem.ChannelName,[B],[/B][CR]]$INFO[ListItem.Date,[COLOR grey]$LOCALIZE[552]:[/COLOR] ,[CR]]$INFO[ListItem.Duration,[COLOR grey]$LOCALIZE[180]:[/COLOR] ,[CR]]$INFO[ListItem.Genre,[COLOR grey]$LOCALIZE[515]:[/COLOR] ,[CR]]$INFO[ListItem.Writer,[COLOR grey]$LOCALIZE[20417]:[/COLOR] ,[CR]]$INFO[ListItem.Director,[COLOR grey]$LOCALIZE[20339]:[/COLOR] ,[CR]]$INFO[ListItem.Cast,[COLOR grey]$LOCALIZE[206]:[/COLOR] ,[CR]][CR]$INFO[ListItem.Plot]</label>
					<autoscroll delay="4000" time="3000" repeat="5000">Skin.HasSetting(Enable.AutoScroll)</autoscroll>
				</control>
				<control type="grouplist" id="9000">
					<left>150</left>
					<top>600</top>
					<width>1520</width>
					<height>160</height>
					<itemgap>10</itemgap>
					<align>center</align>
					<orientation>horizontal</orientation>
					<defaultcontrol always="true">5</defaultcontrol>
					<onleft>9000</onleft>
					<onright>9000</onright>
					<include content="DefaultDialogButton">
						<param name="width" value="275"/>
						<param name="id" value="5"/>
						<param name="label" value="$LOCALIZE[19165]"/>
						<param name="focus" value="controls\button_f.png"/>
						<param name="nofocus" value="controls\button_nf.png"/>
					</include>
					<include content="DefaultDialogButton">
						<param name="width" value="275"/>
						<param name="id" value="10"/>
						<param name="label" value="$LOCALIZE[19190]"/>
						<param name="focus" value="controls\button_f.png"/>
						<param name="nofocus" value="controls\button_nf.png"/>
					</include>
					<include content="DefaultDialogButton">
						<param name="width" value="275"/>
						<param name="id" value="8"/>
						<param name="label" value="$LOCALIZE[19687]"/>
						<param name="focus" value="controls\button_f.png"/>
						<param name="nofocus" value="controls\button_nf.png"/>
					</include>
					<include content="DefaultDialogButton">
						<param name="width" value="275"/>
						<param name="id" value="6"/>
						<param name="focus" value="controls\button_f.png"/>
						<param name="nofocus" value="controls\button_nf.png"/>
					</include>
					<include content="DefaultDialogButton">
						<param name="width" value="275"/>
						<param name="id" value="9"/>
						<param name="label" value="$LOCALIZE[19061]"/>
						<param name="focus" value="controls\button_f.png"/>
						<param name="nofocus" value="controls\button_nf.png"/>
					</include>
					<include content="DefaultDialogButton">
						<param name="width" value="275"/>
						<param name="id" value="11"/>
						<param name="label" value="$LOCALIZE[826]"/>
						<param name="focus" value="controls\button_f.png"/>
						<param name="nofocus" value="controls\button_nf.png"/>
					</include>
					<include content="DefaultDialogButton">
						<param name="width" value="275"/>
						<param name="id" value="4"/>
						<param name="label" value="$LOCALIZE[19003]"/>
						<param name="focus" value="controls\button_f.png"/>
						<param name="nofocus" value="controls\button_nf.png"/>
					</include>
				</control>
			</control>
		</control>
	</controls>
</window>
