<?xml version="1.0" encoding="utf-8"?>
<window>
	<defaultcontrol>1</defaultcontrol>
	<coordinates>
		<system>1</system>
		<left>0</left>
		<top>0</top>
	</coordinates>
	<visible>Window.IsActive(videoosd) | Window.IsActive(fullscreeninfo) | Player.Seeking | Player.DisplayAfterSeek | Player.Paused | Player.Forwarding | Player.Rewinding</visible>
	<controls>
		<control type="group">
			<visible>!VideoPlayer.Content(LiveTV)</visible>
			<left>820</left>
			<top>58</top>
			<animation effect="slide" start="0,-117" end="0" time="300" tween="sine" easing="out" reversible="false">WindowOpen</animation>
			<animation effect="slide" start="0" end="0,-117" time="300" tween="sine" easing="in" reversible="false">WindowClose</animation>
			<animation effect="slide" start="0,-117" end="0" time="300" tween="sine" easing="out" reversible="false" condition="Control.IsVisible(175)">Conditional</animation>
			<animation effect="slide" start="0" end="0,-117" time="300" tween="sine" easing="in" reversible="false" condition="!Control.IsVisible(175)">Conditional</animation>
			<control type="image">
				<left>-180</left>
				<top>-2</top>
				<width>639</width>
				<height>58</height>
				<texture>dialogs\tab-seek-sub.png</texture>
			</control>
			<control type="label">
				<left>-125</left>
				<top>-4</top>
				<width>529</width>
				<height>58</height>
				<font>Seek</font>
				<textcolor>TextSeek</textcolor>
				<align>center</align>
				<label>$INFO[MusicPlayer.TimeSpeed,,   ]$INFO[Player.SeekStepSize,,   ]$INFO[Player.Chapter,$LOCALIZE[21396] ]$INFO[Player.Chaptercount, / ]</label>
				<visible>Integer.IsGreater(Player.ChapterCount,0)</visible>
			</control>
			<control type="label">
				<left>-125</left>
				<top>-4</top>
				<width>529</width>
				<height>58</height>
				<font>Seek</font>
				<textcolor>TextSeek</textcolor>
				<align>center</align>
				<label>$INFO[MusicPlayer.TimeSpeed,,   ]$INFO[Player.SeekStepSize]</label>
				<visible>!Integer.IsGreater(Player.ChapterCount,0)</visible>
			</control>
		</control>
		<control type="group">
			<visible>!VideoPlayer.Content(LiveTV)</visible>
			<left>549</left>
			<top>0</top>
			<animation effect="slide" start="0,-80" end="0" time="300" tween="sine" easing="out" reversible="false">WindowOpen</animation>
			<animation effect="slide" start="0" end="0,-80" time="300" tween="sine" easing="in" reversible="false">WindowClose</animation>
			<animation effect="slide" start="0,-80" end="0" time="300" tween="sine" easing="out" reversible="false" condition="Control.IsVisible(175)">Conditional</animation>
			<animation effect="slide" start="0" end="0,-80" time="300" tween="sine" easing="in" reversible="false" condition="!Control.IsVisible(175)">Conditional</animation>
			<control type="image">
				<left>0</left>
				<top>0</top>
				<width>822</width>
				<height>80</height>
				<texture>dialogs\tab-seek-main.png</texture>
			</control>
			<control type="progress" id="24">
				<description>Progressbar</description>
				<left>172</left>
				<top>20</top>
				<width>477</width>
				<height>16</height>
				<info>Player.Progress</info>
				<texturebg>controls\progress_back.png</texturebg>
				<lefttexture>controls\progress_left.png</lefttexture>
				<midtexture>controls\progress_middle.png</midtexture>
				<righttexture>controls\progress_right</righttexture>
				<overlaytexture/>
			</control>
			<control type="slider" id="401">
				<description>Seek Slider</description>
				<left>172</left>
				<top>36</top>
				<width>477</width>
				<height>14</height>
				<texturesliderbar>controls\progress_transparent.png</texturesliderbar>
				<textureslidernib>controls\progress_nib.png</textureslidernib>
				<textureslidernibfocus>controls\progress_nib.png</textureslidernibfocus>
				<info>Player.Progress</info>
				<onup>1</onup>
				<ondown>1</ondown>
				<onleft>1</onleft>
				<onright>1</onright>
			</control>
			<control type="label" id="22">
				<description>Elapsed Time Label</description>
				<left>45</left>
				<top>6</top>
				<width>128</width>
				<height>60</height>
				<font>Seek</font>
				<textcolor>TextSeek</textcolor>
				<align>center</align>
				<label>$INFO[Player.Time]</label>
				<visible>!Player.Seeking</visible>
			</control>
			<control type="label" id="22">
				<description>Seek Time Label</description>
				<left>45</left>
				<top>6</top>
				<width>128</width>
				<height>60</height>
				<font>Seek</font>
				<textcolor>TextSeek</textcolor>
				<align>center</align>
				<label>$INFO[Player.SeekTime]</label>
				<visible>Player.Seeking</visible>
			</control>
			<control type="label" id="23">
				<description>Elapsed Time Label</description>
				<left>650</left>
				<top>6</top>
				<width>128</width>
				<height>60</height>
				<font>Seek</font>
				<textcolor>TextSeek</textcolor>
				<align>center</align>
				<label>$INFO[Player.Duration]</label>
				<visible>!Player.Seeking</visible>
			</control>
		</control>
		<control type="group">
			<left>-144</left>
			<top>0</top>
			<animation effect="slide" start="-207" end="0" time="300" tween="sine" easing="out" reversible="false">WindowOpen</animation>
			<animation effect="slide" start="0" end="-207" time="300" tween="sine" easing="in" reversible="false">WindowClose</animation>
			<animation effect="slide" start="-207" end="0" time="300" tween="sine" easing="out" reversible="false" condition="Control.IsVisible(175)">Conditional</animation>
			<animation effect="slide" start="0" end="-207" time="300" tween="sine" easing="in" reversible="false" condition="!Control.IsVisible(175)">Conditional</animation>
			<animation effect="slide" start="0" end="144" time="300" tween="sine" easing="out" reversible="false" condition="Player.Caching">Conditional</animation>
			<animation effect="slide" start="144" end="" time="300" tween="sine" easing="in" reversible="false" condition="!Player.Caching">Conditional</animation>
			<control type="image">
				<left>0</left>
				<top>0</top>
				<width>351</width>
				<height>80</height>
				<texture>dialogs\tab-topleft.png</texture>
				<animation effect="fade" start="0" end="100" time="150" reversible="false">Visible</animation>
				<animation effect="fade" start="100" end="0" time="150" reversible="false">Hidden</animation>
				<visible>![[Player.Paused + !Player.Caching] + !Player.Seeking]</visible>
			</control>
			<control type="image">
				<left>0</left>
				<top>0</top>
				<width>351</width>
				<height>80</height>
				<texture>dialogs\tab-topleft-red.png</texture>
				<animation effect="fade" start="0" end="100" time="150" reversible="false">Visible</animation>
				<animation effect="fade" start="100" end="0" time="150" reversible="false">Hidden</animation>
				<visible>[Player.Paused + !Player.Caching] + !Player.Seeking</visible>
			</control>
			<control type="group">
				<visible>Player.Caching</visible>
				<animation effect="fade" start="0" end="100" time="150" reversible="false">Visible</animation>
				<animation effect="fade" start="100" end="0" time="150" reversible="false">Hidden</animation>
				<control type="image">
					<left>15</left>
					<top>12</top>
					<width>42</width>
					<height>39</height>
					<texture>cache_icon.png</texture>
				</control>
				<control type="progress">
					<description>Progressbar</description>
					<left>75</left>
					<top>22</top>
					<width>207</width>
					<height>16</height>
					<info>Player.CacheLevel</info>
					<texturebg>controls\cache-slider-bkgd.png</texturebg>
					<lefttexture/>
					<midtexture>controls\cache-slider-full.png</midtexture>
					<righttexture/>
					<overlaytexture/>
					<reveal>true</reveal>
				</control>
			</control>
			<control type="group">
				<visible>!Player.Caching</visible>
				<animation effect="fade" start="0" end="100" time="150" reversible="false">Visible</animation>
				<animation effect="fade" start="100" end="0" time="150" reversible="false">Hidden</animation>
				<control type="image">
					<left>144</left>
					<top>0</top>
					<width>207</width>
					<height>80</height>
					<visible>Player.Seeking</visible>
					<texture>video_seek.png</texture>
				</control>
				<control type="image">
					<left>144</left>
					<top>0</top>
					<width>207</width>
					<height>80</height>
					<visible>Player.Playing + !Player.Seeking</visible>
					<texture>video_play.png</texture>
				</control>
				<control type="image">
					<left>144</left>
					<top>0</top>
					<width>207</width>
					<height>80</height>
					<visible>Player.Paused + !Player.Seeking</visible>
					<texture>video_pause.png</texture>
					<animation effect="fade" start="100" end="50" pulse="true" time="2000" reversible="false" tween="sine" easing="inout" condition="true">Conditional</animation>
				</control>
				<control type="image">
					<left>144</left>
					<top>0</top>
					<width>207</width>
					<height>80</height>
					<visible>Player.Forwarding2x + !Player.Seeking</visible>
					<texture>video-2x.png</texture>
				</control>
				<control type="image">
					<left>144</left>
					<top>0</top>
					<width>207</width>
					<height>80</height>
					<visible>Player.Rewinding2x + !Player.Seeking</visible>
					<texture>video-2xr.png</texture>
				</control>
				<control type="image">
					<left>144</left>
					<top>0</top>
					<width>207</width>
					<height>80</height>
					<visible>Player.Forwarding4x + !Player.Seeking</visible>
					<texture>video-4x.png</texture>
				</control>
				<control type="image">
					<left>144</left>
					<top>0</top>
					<width>207</width>
					<height>80</height>
					<visible>Player.Rewinding4x + !Player.Seeking</visible>
					<texture>video-4xr.png</texture>
				</control>
				<control type="image">
					<left>144</left>
					<top>0</top>
					<width>207</width>
					<height>80</height>
					<visible>Player.Forwarding8x + !Player.Seeking</visible>
					<texture>video-8x.png</texture>
				</control>
				<control type="image">
					<left>144</left>
					<top>0</top>
					<width>207</width>
					<height>80</height>
					<visible>Player.Rewinding8x + !Player.Seeking</visible>
					<texture>video-8xr.png</texture>
				</control>
				<control type="image">
					<left>144</left>
					<top>0</top>
					<width>207</width>
					<height>80</height>
					<visible>Player.Forwarding16x + !Player.Seeking</visible>
					<texture>video-16x.png</texture>
				</control>
				<control type="image">
					<left>144</left>
					<top>0</top>
					<width>207</width>
					<height>80</height>
					<visible>Player.Rewinding16x + !Player.Seeking</visible>
					<texture>video-16xr.png</texture>
				</control>
				<control type="image">
					<left>144</left>
					<top>0</top>
					<width>207</width>
					<height>80</height>
					<visible>Player.Forwarding32x + !Player.Seeking</visible>
					<texture>video-32x.png</texture>
				</control>
				<control type="image">
					<left>144</left>
					<top>0</top>
					<width>207</width>
					<height>80</height>
					<visible>Player.Rewinding32x + !Player.Seeking</visible>
					<texture>video-32xr.png</texture>
				</control>
			</control>
		</control>
		<control type="group" id="175">
			<description>Fake group</description>
			<visible>Window.IsActive(FullScreenVideo) | Window.IsActive(visualisation)</visible>
		</control>
		<control type="group" id="176">
			<description>Fake group</description>
			<visible>Window.IsActive(FullScreenVideo) | Window.IsActive(visualisation)</visible>
			<visible>Player.ChapterCount</visible>
		</control>
		<control type="group">
			<visible>VideoPlayer.Content(LiveTV) + !Window.IsVisible(pvrosdguide)</visible>
			<animation effect="fade" start="0" end="100" time="400">WindowOpen</animation>
			<animation effect="fade" start="100" end="0" time="400">WindowClose</animation>
			<top>600</top>
			<control type="group">
				<height>260</height>
				<width>1870</width>
				<control type="image">
					<top>-4</top>
					<left>25</left>
					<width>1870</width>
					<height>288</height>
					<texture border="5">dialogs\dialog-background-new.png</texture>
					<animation effect="fade" end="80" condition="true">Conditional</animation>
				</control>
				<control type="image">
					<top>90</top>
					<left>380</left>
					<width>1480</width>
					<height>3</height>
					<texture border="0">new_pvr/osd_line_white.png</texture>
					<colordiffuse>white</colordiffuse>
				</control>
			</control>
			<control type="group" id="2">
				<control type="image" id="3">
					<left>100</left>
					<top>26</top>
					<width>220</width>
					<height>190</height>
					<align>center</align>
					<texture>$INFO[Player.Art(thumb)]</texture>
					<aspectratio>keep</aspectratio>
				</control>
			</control>
			<control type="group">
				<top>1</top>
				<control type="label">
					<left>380</left>
					<width>120</width>
					<height>68</height>
					<font>Extra_Large</font>
					<label>[B]$INFO[VideoPlayer.ChannelNumberLabel][/B]</label>
					<scroll>true</scroll>
				</control>
				<control type="label">
					<top>3</top>
					<left>515</left>
					<width>615</width>
					<height>68</height>
					<font>Library_Normal_43</font>
					<label>$INFO[VideoPlayer.ChannelName]</label>
					<scroll>true</scroll>
				</control>
				<control type="group">
					<top>30</top>
					<left>1170</left>
					<height>70</height>
					<control type="image">
						<left>10</left>
						<width>82</width>
						<height>45</height>
						<aspectratio align="center" aligny="center">keep</aspectratio>
						<texture colordiffuse="white">$INFO[VideoPlayer.VideoAspect,flags\videoaspect\,.png]</texture>
					</control>
					<control type="image">
						<left>110</left>
						<width>82</width>
						<height>45</height>
						<aspectratio align="center" aligny="center">keep</aspectratio>
						<texture colordiffuse="white">$INFO[VideoPlayer.AudioChannels,flags\audiochannels\,.png]</texture>
					</control>
					<control type="image">
						<left>210</left>
						<width>82</width>
						<height>50</height>
						<aspectratio align="center" aligny="center">keep</aspectratio>
						<texture colordiffuse="white">$INFO[VideoPlayer.AudioCodec,flags\audiocodec\,.png]</texture>
					</control>
					<control type="image">
						<left>310</left>
						<width>82</width>
						<height>45</height>
						<aspectratio align="center" aligny="center">keep</aspectratio>
						<texture colordiffuse="white">$INFO[VideoPlayer.VideoCodec,flags\videocodec\,.png]</texture>
					</control>
					<control type="image">
						<left>410</left>
						<width>82</width>
						<height>48</height>
						<aspectratio align="center" aligny="center">keep</aspectratio>
						<texture colordiffuse="white">$INFO[VideoPlayer.VideoResolution,flags\videoresolution\,.png]</texture>
					</control>
				</control>
				<control type="label">
					<left>1610</left>
					<top>28</top>
					<width>250</width>
					<height>60</height>
					<align>right</align>
					<textcolor>white</textcolor>
					<label>[B]$INFO[System.Time(hh:mm xx)][/B]</label>
				</control>
			</control>
			<control type="group">
				<visible>VideoPlayer.HasEpg</visible>
				<top>100</top>
				<control type="label">
					<left>380</left>
					<width>150</width>
					<height>38</height>
					<label>[B]$INFO[VideoPlayer.StartTime][/B]</label>
					<visible>!String.IsEmpty(VideoPlayer.Title)</visible>
				</control>
				<control type="label">
					<left>600</left>
					<width>1075</width>
					<height>38</height>
					<scroll>true</scroll>
					<label>[B]$INFO[VideoPlayer.Title][/B]</label>
					<visible>!String.IsEmpty(VideoPlayer.Title)</visible>
				</control>
				<control type="label">
					<left>1610</left>
					<width>250</width>
					<height>38</height>
					<align>right</align>
					<label>[B]$INFO[VideoPlayer.EndTime][/B]</label>
					<visible>!String.IsEmpty(VideoPlayer.Title)</visible>
				</control>
				<control type="group">
					<visible>VideoPlayer.Content(LiveTV) + Player.Recording</visible>
					<control type="image">
						<left>550</left>
						<top>6</top>
						<width>40</width>
						<height>40</height>
						<texture>new_pvr/record.png</texture>
						<animation effect="fade" start="100" end="30" time="960" pulse="true" condition="true">conditional</animation>
					</control>
				</control>
				<control type="label">
					<left>380</left>
					<top>123</top>
					<width>1480</width>
					<height>38</height>
					<scroll>true</scroll>
					<textcolor>grey</textcolor>
					<align>left</align>
					<label>[B]$LOCALIZE[209]: [/B]$INFO[VideoPlayer.NextStartTime] $INFO[VideoPlayer.NextTitle,  -  ,  -  ]$INFO[VideoPlayer.NextEndTime]</label>
					<visible>!String.IsEmpty(VideoPlayer.NextTitle)</visible>
				</control>
				<control type="group">
					<top>15</top>
					<control type="ranges">
						<left>378</left>
						<top>39.5</top>
						<width>1482</width>
						<height>22</height>
						<texturebg border="3" colordiffuse="black">new_pvr/white50.png</texturebg>
						<righttexture border="3" colordiffuse="E6ff001e">new_pvr/white.png</righttexture>
						<info>Player.Chapters</info>
					</control>
					<control type="progress">
						<left>379</left>
						<top>39.5</top>
						<width>1480</width>
						<height>22</height>
						<info2>PVR.TimeshiftProgressBufferStart</info2>
						<info>PVR.TimeshiftProgressBufferEnd</info>
						<texturebg border="3" colordiffuse="60FFFFFF">new_pvr/white.png</texturebg>
						<midtexture border="3" colordiffuse="99FFA200">new_pvr/white.png</midtexture>
						<visible>Player.SeekEnabled</visible>
					</control>
					<control type="progress">
						<left>380</left>
						<top>44.5</top>
						<width>1477</width>
						<height>11</height>
						<info>PVR.TimeshiftProgressEpgEnd</info>
						<info2>PVR.TimeshiftProgressPlayPos</info2>
						<texturebg border="0" colordiffuse="FF0110FA">new_pvr/white50.png</texturebg>
						<lefttexture>new_pvr/white50.png</lefttexture>
						<midtexture/>
						<texturebg/>
						<lefttexture/>
						<righttexture/>
					</control>
					<control type="progress">
						<left>380</left>
						<top>44.5</top>
						<width>1477</width>
						<height>11</height>
						<info>PVR.TimeshiftProgressPlayPos</info>
						<info2>PVR.TimeshiftProgressEpgStart</info2>
						<texturebg border="-1" colordiffuse="grey">new_pvr/white50.png</texturebg>
						<midtexture border="-1" colordiffuse="Highlight">new_pvr/white.png</midtexture>
					</control>
					<control type="slider">
						<left>380</left>
						<top>42.5</top>
						<width>1477</width>
						<height>16</height>
						<texturesliderbar colordiffuse="00FFFFFF">new_pvr/nub_bar.png</texturesliderbar>
						<textureslidernib colordiffuse="FF1B00FF">new_pvr/nub_bar.png</textureslidernib>
						<textureslidernibfocus colordiffuse="FF13bfbf">new_pvr/white.png</textureslidernibfocus>
						<info>PVR.TimeShiftSeekbar</info>
						<visible>VideoPlayer.Content(LiveTV) + [Player.Seeking | Player.DisplayAfterSeek] + !Player.ChannelPreviewActive</visible>
					</control>
					<control type="label">
						<top>60</top>
						<left>380</left>
						<width>1480</width>
						<height>38</height>
						<align>right</align>
						<textcolor>Highlight</textcolor>
						<label>$INFO[PVR.TimeshiftCur,[B]$LOCALIZE[50186]:[/B] [COLOR grey], [/COLOR]][B] $INFO[PVR.TimeshiftOffset, [COLOR grey](-,)[/COLOR]][/B]</label>
						<visible>!Player.ChannelPreviewActive + Pvr.IsTimeShift</visible>
					</control>
					<control type="label">
						<left>380</left>
						<top>60</top>
						<width>1480</width>
						<height>38</height>
						<scroll>true</scroll>
						<align>left</align>
						<label>[B]$INFO[PVR.EpgEventElapsedTime][/B] / [B]$INFO[PVR.EpgEventDuration][/B]</label>
					</control>
				</control>
			</control>
			<control type="group">
				<visible>!VideoPlayer.HasEpg</visible>
				<top>100</top>
				<left>380</left>
				<control type="label">
					<width>865</width>
					<height>38</height>
					<scroll>true</scroll>
					<label>[B]No EPG[/B]</label>
					<visible>!String.IsEmpty(VideoPlayer.Title)</visible>
					<visible>![VideoPlayer.Content(LiveTV) + Player.Recording]</visible>
				</control>
			</control>
		</control>
		<include>Debug</include>
	</controls>
</window>
