<?xml version="1.0" encoding="UTF-8"?>
<window>
	<defaultcontrol always="true">11</defaultcontrol>
	<controls>
		<control type="image">
			<width>1920</width>
			<height>1080</height>
			<texture>background.png</texture>
			<animation effect="fade" time="200">Visible</animation>
			<animation effect="fade" time="200">Hidden</animation>
		</control>
		<include>Background</include>
		<!-- Elipsis Visor -->
		<include>Visor_Filter</include>
		<!-- Edge Filter -->
		<include>Edge_Filter</include>
		<control type="group">
			<control type="image">
				<left>53</left>
				<top>93</top>
				<width>950</width>
				<height>894</height>
				<texture colordiffuse="bbFFFFFF">background2.png</texture>
			</control>
			<control type="group">
				<control type="fixedlist" id="11">
					<left>50</left>
					<top>90</top>
					<width>1900</width>
					<bottom>90</bottom>
					<onleft>Dialog.Close(all)</onleft>
					<onright>60</onright>
					<onup>11</onup>
					<ondown>11</ondown>
					<pagecontrol>60</pagecontrol>
					<scrolltime tween="cubic" easing="out">500</scrolltime>
					<movement>4</movement>
					<focusposition>4</focusposition>
					<itemlayout height="90" width="1900">
						<control type="image">
							<left>0</left>
							<width>955</width>
							<height>90</height>
							<texture border="4,5,6,8">controls\button_nf.png</texture>
						</control>
						<control type="label">
							<left>20</left>
							<width>200</width>
							<bottom>0</bottom>
							<aligny>center</aligny>
							<textcolor>grey</textcolor>
							<label>$INFO[ListItem.StartTime]</label>
						</control>
						<control type="label">
							<left>220</left>
							<width>710</width>
							<bottom>0</bottom>
							<textcolor>grey</textcolor>
							<align>right</align>
							<aligny>center</aligny>
							<label>$INFO[ListItem.EpgEventTitle]</label>
						</control>
					</itemlayout>
					<focusedlayout height="90" width="1900">
						<control type="image">
							<left>0</left>
							<width>955</width>
							<height>90</height>
							<texture border="4,5,6,8">controls\button_f.png</texture>
						</control>
						<control type="label">
							<left>20</left>
							<width>200</width>
							<bottom>0</bottom>
							<aligny>center</aligny>
							<label>$INFO[ListItem.StartTime]</label>
						</control>
						<control type="label">
							<left>220</left>
							<width>710</width>
							<bottom>0</bottom>
							<align>right</align>
							<aligny>center</aligny>
							<label>$INFO[ListItem.EpgEventTitle]</label>
							<scroll>true</scroll>
						</control>
					</focusedlayout>
				</control>
				<control type="group">
					<top>73</top>
					<left>90</left>
					<control type="image">
						<left>921</left>
						<top>15</top>
						<width>50</width>
						<height>50</height>
						<texture>menu\nav\nav_arrow_up_NF.png</texture>
						<animation effect="fade" time="600">Visible</animation>
						<visible>!Container(11).OnPrevious</visible>
					</control>
					<control type="image">
						<left>921</left>
						<top>15</top>
						<width>50</width>
						<height>50</height>
						<texture>menu\nav\nav_arrow_up_FO.png</texture>
						<animation type="Hidden" reversible="false">
							<effect type="slide" start="0,-15" end="0" center="auto" time="300"/>
							<effect type="fade" start="100" end="0" time="300"/>
						</animation>
						<visible>Container(11).OnPrevious</visible>
					</control>
					<control type="scrollbar" id="60">
						<left>938</left>
						<top>65</top>
						<height>800</height>
						<width>15</width>
						<onleft>11</onleft>
						<orientation>vertical</orientation>
						<ondown>60</ondown>
						<onup>60</onup>
						<showonepage>false</showonepage>
						<onright>Dialog.Close(all)</onright>
					</control>
					<control type="image">
						<left>921</left>
						<top>867</top>
						<width>50</width>
						<height>50</height>
						<texture>menu\nav\nav_arrow_down_NF.png</texture>
						<animation effect="fade" time="600">Visible</animation>
						<visible>!Container(11).OnNext</visible>
					</control>
					<control type="image">
						<left>921</left>
						<top>867</top>
						<width>50</width>
						<height>50</height>
						<texture>menu\nav\nav_arrow_down_FO.png</texture>
						<animation type="Hidden" reversible="false">
							<effect type="slide" start="0,15" end="0" center="auto" time="300"/>
							<effect type="fade" start="100" end="0" time="300"/>
						</animation>
						<visible>Container(11).OnNext</visible>
					</control>
					<control type="label">
						<visible>!ListItem.IsParentFolder</visible>
						<left>550</left>
						<top>890</top>
						<width>1200</width>
						<align>right</align>
						<font>Medium_Large</font>
						<scroll>true</scroll>
						<label>$INFO[Container(11).CurrentItem] $LOCALIZE[20163] $INFO[Container(11).NumItems] $LOCALIZE[50129] - $LOCALIZE[50130] $INFO[Container(11).CurrentPage] $LOCALIZE[20163] $INFO[Container(11).NumPages]</label>
					</control>
				</control>
			</control>
			<control type="label" id="2">
				<description>header label</description>
				<textcolor>Highlight</textcolor>
				<textoffsetx>40</textoffsetx>
				<width>1920</width>
				<height>70</height>
				<font>Default</font>
				<aligny>center</aligny>
				<align>center</align>
				<label>[B]$LOCALIZE[19069]$INFO[Container(11).ListItem.StartDate, - ][/B]</label>
				<shadowcolor>black</shadowcolor>
			</control>
			<control type="image">
				<left>1180</left>
				<top>100</top>
				<width>570</width>
				<height>225</height>
				<aspectratio align="center" aligny="center">keep</aspectratio>
				<texture fallback="DefaultTVShows.png">$INFO[Container(11).Listitem.Icon]</texture>
			</control>
			<control type="group">
				<left>375</left>
				<top>340</top>
				<control type="textbox">
					<left>715</left>
					<top>50</top>
					<width>760</width>
					<height>525</height>
					<label>$INFO[Container(11).ListItem.Duration,[COLOR grey]$LOCALIZE[180]: [/COLOR],[CR]]$INFO[Container(11).ListItem.Genre,[COLOR grey]$LOCALIZE[515]: [/COLOR],[CR]]$INFO[Container(11).ListItem.Plot]</label>
					<autoscroll time="3000" delay="4000" repeat="5000">Skin.HasSetting(Enable.AutoScroll)</autoscroll>
				</control>
			</control>
		</control>
	</controls>
</window>
