<?xml version="1.0" encoding="UTF-8"?>
<window>
	<defaultcontrol always="true">570</defaultcontrol>
	<views>570</views>
	<include>Fade_In_WindowOpen</include>
	<include>Fade_Out_WindowClose</include>
	<coordinates>
		<system>2</system>
		<left>0</left>
		<top>0</top>
	</coordinates>
	<controls>
		<include>Background</include>
		<control type="image">
			<left>0</left>
			<top>0</top>
			<width>1920</width>
			<height>1080</height>
			<texture>filter_keyboard_shadow.png</texture>
		</control>
		<control type="group">
			<include>Zoom_In_WindowOpen</include>
			<include>Zoom_Out_WindowClose</include>
			<control type="image">
				<left>50</left>
				<top>1</top>
				<width>1813</width>
				<height>850</height>
				<texture>dialogs\dialog-background-nav.png</texture>
			</control>
			<!-- view id = 570 -->
			<control type="group">
				<visible>Control.IsVisible(570) + !Window.IsActive(addoninformation)</visible>
				<control type="group">
					<left>100</left>
					<top>-40</top>
					<right>100</right>
					<control type="list" id="570">
						<top>120</top>
						<height>720</height>
						<onright>20</onright>
						<onleft>21</onleft>
						<onup>570</onup>
						<ondown>570</ondown>
						<viewtype label="535">list</viewtype>
						<scrolltime tween="quadratic" easing="out">200</scrolltime>
						<itemlayout height="120">
							<control type="image">
								<left>5</left>
								<height>120</height>
								<width>1705</width>
								<texture border="4,5,6,8">controls\button_nf.png</texture>
							</control>
							<control type="image">
								<left>15</left>
								<top>8</top>
								<width>100</width>
								<height>100</height>
								<colordiffuse>AAFFFFFF</colordiffuse>
								<aspectratio>keep</aspectratio>
								<texture>$INFO[Listitem.Icon]</texture>
							</control>
							<control type="label">
								<left>135</left>
								<right>20</right>
								<height>50</height>
								<top>0</top>
								<width>1560</width>
								<font>Heading</font>
								<aligny>center</aligny>
								<textcolor>TextMedium</textcolor>
								<align>left</align>
								<selectedcolor>Highlight</selectedcolor>
								<label>$INFO[ListItem.Label]</label>
							</control>
							<control type="textbox">
								<left>135</left>
								<top>45</top>
								<align>left</align>
								<aligny>top</aligny>
								<width>1560</width>
								<right>20</right>
								<height>70</height>
								<font>Medium</font>
								<textcolor>TextMedium</textcolor>
								<selectedcolor>Highlight</selectedcolor>
								<label>$INFO[ListItem.Property(Event.Description)]</label>
							</control>
							<control type="label">
								<left>135</left>
								<top>75</top>
								<height>30</height>
								<width>1560</width>
								<font>Medium</font>
								<align>right</align>
								<textcolor>TextMedium</textcolor>
								<aligny>top</aligny>
								<selectedcolor>Highlight</selectedcolor>
								<label>$INFO[ListItem.Label2]</label>
							</control>
						</itemlayout>
						<focusedlayout height="120">
							<control type="image">
								<left>5</left>
								<height>120</height>
								<width>1705</width>
								<texture border="4,5,6,8">controls\button_nf.png</texture>
								<visible>!Control.HasFocus(570)</visible>
							</control>
							<control type="image">
								<left>5</left>
								<height>120</height>
								<width>1705</width>
								<texture border="4,5,6,8">controls\button_f.png</texture>
								<visible>Control.HasFocus(570)</visible>
							</control>
							<control type="image">
								<left>15</left>
								<top>8</top>
								<width>100</width>
								<height>100</height>
								<aspectratio>keep</aspectratio>
								<texture>$INFO[Listitem.Icon]</texture>
							</control>
							<control type="label">
								<left>135</left>
								<right>20</right>
								<height>50</height>
								<top>0</top>
								<width>1560</width>
								<font>Heading</font>
								<aligny>center</aligny>
								<textcolor>Text</textcolor>
								<align>left</align>
								<selectedcolor>Highlight</selectedcolor>
								<label>$INFO[ListItem.Label]</label>
							</control>
							<control type="textbox">
								<left>135</left>
								<top>45</top>
								<align>left</align>
								<aligny>top</aligny>
								<width>1560</width>
								<right>20</right>
								<height>70</height>
								<font>Medium</font>
								<textcolor>Text</textcolor>
								<selectedcolor>Highlight</selectedcolor>
								<label>$INFO[ListItem.Property(Event.Description)]</label>
							</control>
							<control type="label">
								<left>135</left>
								<top>75</top>
								<height>30</height>
								<width>1560</width>
								<font>Medium</font>
								<align>right</align>
								<textcolor>Text</textcolor>
								<aligny>top</aligny>
								<selectedcolor>Highlight</selectedcolor>
								<label>$INFO[ListItem.Label2]</label>
							</control>
						</focusedlayout>
					</control>
				</control>
			</control>
			<control type="button" id="21">
				<description>Log level</description>
				<onleft>570</onleft>
				<onright>20</onright>
				<onup>570</onup>
				<ondown>22</ondown>
				<label/>
				<align>left</align>
				<aligny>center</aligny>
				<left>90</left>
				<top>840</top>
				<width>865</width>
				<height>64</height>
				<font>Default</font>
				<textoffsetx>22</textoffsetx>
				<texturefocus border="4,5,6,8">controls\button_f.png</texturefocus>
				<pulseonselect>false</pulseonselect>
			</control>
			<control type="radiobutton" id="22">
				<description>Only show current level</description>
				<onleft>570</onleft>
				<onright>4</onright>
				<onup>21</onup>
				<ondown>570</ondown>
				<texturefocus border="4,5,6,8">controls\button_f.png</texturefocus>
				<left>90</left>
				<top>910</top>
				<width>865</width>
				<height>64</height>
				<align>left</align>
				<aligny>center</aligny>
			</control>
			<control type="button" id="20">
				<description>Clear Log</description>
				<onleft>21</onleft>
				<onright>570</onright>
				<onup>570</onup>
				<ondown>4</ondown>
				<label>192</label>
				<align>left</align>
				<aligny>center</aligny>
				<left>958</left>
				<top>840</top>
				<width>865</width>
				<height>64</height>
				<font>Default</font>
				<textoffsetx>22</textoffsetx>
				<texturefocus border="4,5,6,8">controls\button_f.png</texturefocus>
				<pulseonselect>false</pulseonselect>
			</control>
			<control type="togglebutton" id="4">
				<description>Sort Order</description>
				<onleft>22</onleft>
				<onright>570</onright>
				<onup>20</onup>
				<ondown>570</ondown>
				<label>580</label>
				<texturefocus border="4,5,6,8">controls\button_f.png</texturefocus>
				<left>958</left>
				<top>910</top>
				<width>865</width>
				<height>64</height>
				<align>left</align>
				<aligny>center</aligny>
			</control>
			<control type="image">
				<left>1760</left>
				<top>912</top>
				<width>60</width>
				<height>60</height>
				<texture>dock\icons\sort-direction-asc.png</texture>
				<visible>String.IsEqual(Container.SortOrder,$LOCALIZE[584])</visible>
			</control>
			<control type="image">
				<left>1760</left>
				<top>912</top>
				<width>60</width>
				<height>60</height>
				<texture>dock\icons\sort-direction-des.png</texture>
				<visible>String.IsEqual(Container.SortOrder,$LOCALIZE[585])</visible>
			</control>
		</control>
		<include>Debug</include>
	</controls>
</window>
