<?xml version="1.0" encoding="utf-8"?>
<includes>
	<!-- Dock Common -->
	<include name="Dock_LayoutOSD">
		<focusposition>0</focusposition>
		<orientation>horizontal</orientation>
		<scrolltime>250</scrolltime>
		<itemlayout height="135" width="150">
			<control type="label">
				<left>0</left>
				<top>0</top>
				<width>150</width>
				<height>135</height>
				<font>Default</font>
				<align>center</align>
				<info>ListItem.label</info>
				<visible>false</visible>
			</control>
		</itemlayout>
		<focusedlayout height="135" width="150">
			<control type="label">
				<left>0</left>
				<top>0</top>
				<width>150</width>
				<height>135</height>
				<font>Default</font>
				<align>center</align>
				<info>ListItem.label</info>
				<visible>false</visible>
			</control>
		</focusedlayout>
	</include>
	<include name="Dock_TabOSD">
		<control type="image">
		<left>-960</left>
			<top>-930</top>
			<width>1920</width>
			<height>1080</height>
			<texture>filter_dockshadow2.png</texture>
			<animation effect="slide" start="0,98" end="0" time="300" tween="sine" easing="out" reversible="false">WindowOpen</animation>
			<animation effect="slide" start="0" end="0,98" time="300" tween="sine" easing="in" reversible="false">WindowClose</animation>
		</control>
	</include>
	<include name="Dock_ElipsisOSD">
		<control type="image">
			<left>-48</left>
			<top>0</top>
			<width>96</width>
			<height>96</height>
			<texture>button_ex_idle.png</texture>
			<animation type="WindowOpen" condition="true" reversible="false">
				<effect type="zoom" start="150" center="auto" time="200"/>
				<effect type="fade" end="100" time="400"/>
			</animation>
			<animation type="WindowClose" condition="true" reversible="false">
				<effect type="zoom" end="150" center="auto" time="200"/>
				<effect type="fade" end="0" time="200"/>
			</animation>
		</control>
	</include>
	<include name="Dock_LabelOSD">
		<control type="label">
			<description>Current Selection</description>
			<left>-960</left>
			<top>-90</top>
			<width>1920</width>
			<align>center</align>
			<label>[UPPERCASE]$INFO[Container(9500).ListItem.Label][/UPPERCASE]</label>
			<font>Selected_Item</font>
			<textcolor>TextSelectedItem</textcolor>
			<shadowcolor>TextShadow</shadowcolor>
			<visible>!Skin.HasSetting(Disable_Icon_Labels)</visible>
			<animation effect="fade" time="300">Visible</animation>
			<animation effect="fade" time="300">Hidden</animation>
			<animation effect="fade" time="300">WindowOpen</animation>
			<animation effect="fade" time="300">WindowClose</animation>
		</control>
	</include>
	<include name="Dock_CarouselOSD">
		<control type="button" id="6">
			<left>0</left>
			<top>0</top>
			<height>15</height>
			<width>15</width>
			<label/>
			<visible>false</visible>
		</control>
		<control type="radiobutton" id="7">
			<left>0</left>
			<top>0</top>
			<height>15</height>
			<width>15</width>
			<label/>
			<visible>false</visible>
		</control>
		<control type="radiobutton" id="14">
			<left>0</left>
			<top>0</top>
			<height>15</height>
			<width>15</width>
			<label/>
			<visible>false</visible>
		</control>
		<control type="button" id="8">
			<left>0</left>
			<top>0</top>
			<height>15</height>
			<width>15</width>
			<label/>
			<visible>false</visible>
		</control>
		<control type="button" id="21">
			<left>0</left>
			<top>0</top>
			<height>15</height>
			<width>15</width>
			<label/>
			<visible>false</visible>
		</control>
		<control type="radiobutton" id="9">
			<left>0</left>
			<top>0</top>
			<height>15</height>
			<width>15</width>
			<label/>
			<visible>false</visible>
		</control>
		<control type="togglebutton" id="4">
			<left>0</left>
			<top>0</top>
			<height>15</height>
			<width>15</width>
			<label/>
			<visible>false</visible>
		</control>
		<control type="radiobutton" id="16">
			<left>0</left>
			<top>0</top>
			<height>15</height>
			<width>15</width>
			<label/>
			<visible>false</visible>
		</control>
		<control type="radiobutton" id="17">
			<left>0</left>
			<top>0</top>
			<height>15</height>
			<width>15</width>
			<label/>
			<visible>false</visible>
		</control>
		<control type="spincontrol" id="503">
			<left>0</left>
			<top>0</top>
			<width>15</width>
			<height>15</height>
			<label/>
			<font/>
			<textcolor/>
			<texturefocus/>
			<texturenofocus/>
			<textureup/>
			<texturedown/>
			<textureupfocus/>
			<texturedownfocus/>
			<visible>false</visible>
		</control>
		<!-- Dock Scroller Icons - Counter Clockwise Mothion -->
		<control type="group" id="7501">
			<visible>Container(9500).OnPrevious</visible>
			<animation effect="slide" end="0,0" time="250" reversible="false">Hidden</animation>
			<!-- Show Far Left Icon On Move Next -->
			<control type="group">
				<visible>Container(9500).OnPrevious</visible>
				<animation type="Hidden" reversible="false">
					<effect type="fade" start="0" end="100" time="250"/>
					<effect type="slide" start="0,0" end="99,0" time="250"/>
				</animation>
				<animation effect="fade" start="0" end="0" time="0" reversible="false">Visible</animation>
				<left>-388</left>
				<top>28</top>
				<width>63</width>
				<height>63</height>
				<control type="image">
					<left>0</left>
					<top>0</top>
					<width>63</width>
					<height>63</height>
					<info>Container(9500).ListItem(-2).ActualIcon</info>
				</control>
			</control>
			<!-- Move Icon 1 To Icon 2 Position On Move Next -->
			<control type="group">
				<visible>Container(9500).OnPrevious</visible>
				<animation effect="slide" start="0,0" end="129,0" time="250" reversible="false">Hidden</animation>
				<left>-290</left>
				<top>28</top>
				<width>63</width>
				<height>63</height>
				<control type="image">
					<left>0</left>
					<top>0</top>
					<width>63</width>
					<height>63</height>
					<info>Container(9500).ListItem(-1).ActualIcon</info>
				</control>
			</control>
			<!-- Move Icon 2 To Icon 3 Position On Move Next -->
			<control type="group">
				<visible>Container(9500).OnPrevious</visible>
				<animation effect="slide" start="0,0" end="129,-12" time="250" reversible="false">Hidden</animation>
				<left>-160</left>
				<top>28</top>
				<width>63</width>
				<height>63</height>
				<control type="image">
					<left>0</left>
					<top>0</top>
					<width>63</width>
					<height>63</height>
					<info>Container(9500).ListItem(0).ActualIcon</info>
				</control>
			</control>
			<!-- Move Icon 3 To Icon 4 Position On Move Next -->
			<control type="group">
				<visible>Container(9500).OnPrevious</visible>
				<animation effect="slide" start="0,0" end="129,12" time="250" reversible="false">Hidden</animation>
				<left>-32</left>
				<top>16</top>
				<width>63</width>
				<height>63</height>
				<control type="image">
					<left>0</left>
					<top>0</top>
					<width>63</width>
					<height>63</height>
					<info>Container(9500).ListItem(1).ActualIcon</info>
				</control>
			</control>
			<!-- Move Icon 4 To Icon 5 Position On Move Next -->
			<control type="group">
				<visible>Container(9500).OnPrevious</visible>
				<animation effect="slide" start="0,0" end="129,0" time="250" reversible="false">Hidden</animation>
				<left>98</left>
				<top>28</top>
				<width>63</width>
				<height>63</height>
				<control type="image">
					<left>0</left>
					<top>0</top>
					<width>63</width>
					<height>63</height>
					<info>Container(9500).ListItem(2).ActualIcon</info>
				</control>
			</control>
			<!-- Hide Far Right Icon On Move Next -->
			<control type="group">
				<visible>Container(9500).OnPrevious</visible>
				<animation type="Hidden" reversible="false">
					<effect type="fade" start="100" end="0" time="250"/>
					<effect type="slide" start="0,0" end="99,0" time="250"/>
				</animation>
				<left>226</left>
				<top>28</top>
				<width>63</width>
				<height>63</height>
				<control type="image">
					<left>0</left>
					<top>0</top>
					<width>63</width>
					<height>63</height>
					<info>Container(9500).ListItem(3).ActualIcon</info>
				</control>
			</control>
		</control>
		<!-- Dock Scroller Icons - Clockwise Mothion -->
		<control type="group" id="7502">
			<visible>Container(9500).OnNext</visible>
			<animation effect="slide" end="0,0" time="250" reversible="false">Hidden</animation>
			<!-- Hide Far Left Icon On Move Next -->
			<control type="group">
				<visible>Container(9500).OnNext</visible>
				<animation type="Hidden" reversible="false">
					<effect type="fade" start="100" end="0" time="250"/>
					<effect type="slide" start="0,0" end="-99,0" time="250"/>
				</animation>
				<left>-290</left>
				<top>28</top>
				<width>63</width>
				<height>63</height>
				<control type="image">
					<left>0</left>
					<top>0</top>
					<width>63</width>
					<height>63</height>
					<info>Container(9500).ListItem(-3).ActualIcon</info>
				</control>
			</control>
			<!-- Move Icon 2 To Icon 1 Position On Move Next -->
			<control type="group">
				<visible>Container(9500).OnNext</visible>
				<animation effect="slide" start="0,0" end="-129,0" time="250" reversible="false">Hidden</animation>
				<left>-160</left>
				<top>28</top>
				<width>63</width>
				<height>63</height>
				<control type="image">
					<left>0</left>
					<top>0</top>
					<width>63</width>
					<height>63</height>
					<info>Container(9500).ListItem(-2).ActualIcon</info>
				</control>
			</control>
			<!-- Move Icon 3 To Icon 2 Position On Move Next -->
			<control type="group">
				<visible>Container(9500).OnNext</visible>
				<animation effect="slide" start="0,0" end="-129,12" time="250" reversible="false">Hidden</animation>
				<left>-32</left>
				<top>16</top>
				<width>63</width>
				<height>63</height>
				<control type="image">
					<left>0</left>
					<top>0</top>
					<width>63</width>
					<height>63</height>
					<info>Container(9500).ListItem(-1).ActualIcon</info>
				</control>
			</control>
			<!-- Move Icon 4 To Icon 3 Position On Move Next -->
			<control type="group">
				<visible>Container(9500).OnNext</visible>
				<animation effect="slide" start="0,0" end="-129,-12" time="250" reversible="false">Hidden</animation>
				<left>98</left>
				<top>28</top>
				<width>63</width>
				<height>63</height>
				<control type="image">
					<left>0</left>
					<top>0</top>
					<width>63</width>
					<height>63</height>
					<info>Container(9500).ListItem(0).ActualIcon</info>
				</control>
			</control>
			<!-- Move Icon 5 To Icon 4 Position On Move Next -->
			<control type="group">
				<visible>Container(9500).OnNext</visible>
				<animation effect="slide" start="0,0" end="-129,0" time="250" reversible="false">Hidden</animation>
				<left>226</left>
				<top>28</top>
				<width>63</width>
				<height>63</height>
				<control type="image">
					<left>0</left>
					<top>0</top>
					<width>63</width>
					<height>63</height>
					<info>Container(9500).ListItem(1).ActualIcon</info>
				</control>
			</control>
			<!-- Show Far Right Icon On Move Next -->
			<control type="group">
				<visible>Container(9500).OnNext</visible>
				<animation type="Hidden" reversible="false">
					<effect type="fade" start="0" end="100" time="250"/>
					<effect type="slide" start="99,0" end="0,0" time="250"/>
				</animation>
				<animation effect="fade" start="0" end="0" time="0" reversible="false">Visible</animation>
				<left>226</left>
				<top>28</top>
				<width>63</width>
				<height>63</height>
				<control type="image">
					<left>0</left>
					<top>0</top>
					<width>63</width>
					<height>63</height>
					<info>Container(9500).ListItem(2).ActualIcon</info>
				</control>
			</control>
		</control>
		<!-- Dock Scroller Static Icons -->
		<control type="group" id="7500">
			<visible>!Control.IsVisible(7501)  + !Control.IsVisible(7502)</visible>
			<animation effect="slide" start="0,98" end="0" time="300" tween="sine" easing="out" reversible="false">WindowOpen</animation>
			<animation effect="slide" start="0" end="0,98" time="300" tween="sine" easing="in" reversible="false">WindowClose</animation>
			<!-- Icon 1 -->
			<control type="group">
				<left>-290</left>
				<top>28</top>
				<width>63</width>
				<height>63</height>
				<control type="image">
					<left>0</left>
					<top>0</top>
					<width>63</width>
					<height>63</height>
					<info>Container(9500).ListItem(-2).ActualIcon</info>
				</control>
			</control>
			<!-- Icon 2 -->
			<control type="group">
				<left>-160</left>
				<top>28</top>
				<width>63</width>
				<height>63</height>
				<control type="image">
					<left>0</left>
					<top>0</top>
					<width>63</width>
					<height>63</height>
					<info>Container(9500).ListItem(-1).ActualIcon</info>
				</control>
			</control>
			<!-- Icon 3 -->
			<control type="group">
				<left>-32</left>
				<top>16</top>
				<width>63</width>
				<height>63</height>
				<control type="image">
					<left>0</left>
					<top>0</top>
					<width>63</width>
					<height>63</height>
					<info>Container(9500).ListItem(0).ActualIcon</info>
					<animation type="Conditional" condition="Control.HasFocus(9500)">
						<effect type="zoom" start="95" end="100" center="auto" time="250"/>
						<effect type="fade" start="90" end="100" center="auto" time="250"/>
					</animation>
				</control>
			</control>
			<!-- Icon 4 -->
			<control type="group">
				<left>98</left>
				<top>28</top>
				<width>63</width>
				<height>63</height>
				<control type="image">
					<left>0</left>
					<top>0</top>
					<width>63</width>
					<height>63</height>
					<info>Container(9500).ListItem(1).ActualIcon</info>
				</control>
			</control>
			<!-- Icon 5 -->
			<control type="group">
				<left>226</left>
				<top>28</top>
				<width>63</width>
				<height>63</height>
				<control type="image">
					<left>0</left>
					<top>0</top>
					<width>63</width>
					<height>63</height>
					<info>Container(9500).ListItem(2).ActualIcon</info>
				</control>
			</control>
		</control>
	</include>
	<include name="Dock_VideoOSD">
		<control type="group">
			<left>960</left>
			<top>982</top>
			<control type="wraplist" id="9500">
				<left>0</left>
				<top>0</top>
				<height>135</height>
				<width>1350</width>
				<onup>Dialog.Close(2901)</onup>
				<ondown>9500</ondown>
				<include>Dock_LayoutOSD</include>
				<content>
					<include>Dock_Play</include>
					<include>Dock_Stop</include>
					<include>Dock_FastForward</include>
					<include>Dock_SkipForward</include>
					<include>Dock_Random</include>
					<include>Dock_Repeat</include>
					<include>Dock_DVD_Menu</include>
					<include>Dock_Bookmark</include>
					<include>Dock_Audio</include>
					<include>Dock_Video</include>
					<include>Dock_Subtitle</include>
					<include>Dock_SkipBack</include>
					<include>Dock_Rewind</include>
				</content>
			</control>
			<include>Dock_TabOSD</include>
			<include>Dock_ElipsisOSD</include>
			<include>Dock_CarouselOSD</include>
			<include>Dock_LabelOSD</include>
		</control>
	</include>
	<include name="Dock_MusicOSD">
		<control type="group">
			<left>960</left>
			<top>982</top>
			<control type="wraplist" id="9500">
				<left>0</left>
				<top>0</top>
				<height>135</height>
				<width>1350</width>
				<onup>Dialog.Close(120)</onup>
				<ondown>9500</ondown>
				<include>Dock_LayoutOSD</include>
				<content>
					<include>Dock_Play</include>
					<include>Dock_FastForward</include>
					<include>Dock_SkipForward</include>
					<include>Dock_Random</include>
					<include>Dock_Repeat</include>
					<include>Dock_Rate</include>
					<include>Dock_Visualisation</include>
					<include>Dock_Visualisation_Settings</include>
					<include>Dock_Visualisation_Presets</include>
					<include>Dock_SkipBack</include>
					<include>Dock_Rewind</include>
					<include>Dock_Stop</include>
				</content>
			</control>
			<include>Dock_TabOSD</include>
			<include>Dock_ElipsisOSD</include>
			<include>Dock_CarouselOSD</include>
			<include>Dock_LabelOSD</include>
		</control>
	</include>
</includes>
