<?xml version="1.0" encoding="utf-8"?>
<window>
	<defaultcontrol>95</defaultcontrol>
	<controls>
		<!-- Backgrounds -->
		<include>Background</include>
		<control type="grouplist" id="9000">
			<description>button area</description>
			<left>0</left>
			<top>202</top>
			<width>1920</width>
			<height>75</height>
			<itemgap>9</itemgap>
			<onleft>9000</onleft>
			<onright>9000</onright>
			<onup>9000</onup>
			<ondown>9000</ondown>
			<align>center</align>
			<orientation>horizontal</orientation>
			<control type="button" id="95">
				<description>Hidden Tab 1 Control</description>
				<left>0</left>
				<top>0</top>
				<width>90</width>
				<height>75</height>
				<label/>
				<align>center</align>
				<textcolor></textcolor>
				<texturefocus></texturefocus>
				<texturenofocus></texturenofocus>
				<onfocus>SendClick(95)</onfocus>
			</control>
			<control type="button" id="94">
				<description>Hidden Tab 2 Control</description>
				<left>0</left>
				<top>0</top>
				<width>90</width>
				<height>75</height>
				<label/>
				<align>center</align>
				<textcolor></textcolor>
				<texturefocus></texturefocus>
				<texturenofocus></texturenofocus>
				<onfocus>SendClick(94)</onfocus>
			</control>
			<control type="button" id="92">
				<description>Hidden Tab 3 Control</description>
				<left>0</left>
				<top>0</top>
				<width>90</width>
				<height>75</height>
				<label/>
				<align>center</align>
				<textcolor></textcolor>
				<texturefocus></texturefocus>
				<texturenofocus></texturenofocus>
				<onfocus>SendClick(92)</onfocus>
				<visible>System.Platform.Xbox</visible>
			</control>
			<control type="button" id="93">
				<description>Hidden Tab 4 Control</description>
				<left>0</left>
				<top>0</top>
				<width>90</width>
				<height>75</height>
				<label/>
				<align>center</align>
				<textcolor></textcolor>
				<texturefocus></texturefocus>
				<texturenofocus></texturenofocus>
				<onfocus>SendClick(93)</onfocus>
				<visible>System.Platform.Xbox</visible>
			</control>
			<control type="button" id="96">
				<description>Hidden Tab 5 Control</description>
				<left>0</left>
				<top>0</top>
				<width>90</width>
				<height>75</height>
				<label/>
				<align>center</align>
				<textcolor></textcolor>
				<texturefocus></texturefocus>
				<texturenofocus></texturenofocus>
				<onfocus>SendClick(96)</onfocus>
			</control>
			<control type="button" id="97">
				<description>Hidden Tab 6 Control</description>
				<left>0</left>
				<top>0</top>
				<width>90</width>
				<height>75</height>
				<label/>
				<align>center</align>
				<textcolor></textcolor>
				<texturefocus></texturefocus>
				<texturenofocus></texturenofocus>
				<onfocus>SendClick(97)</onfocus>
			</control>
			<control type="button" id="98">
				<description>Hidden Tab 7 Control</description>
				<left>0</left>
				<top>0</top>
				<width>90</width>
				<height>75</height>
				<label/>
				<align>center</align>
				<textcolor></textcolor>
				<texturefocus></texturefocus>
				<texturenofocus></texturenofocus>
				<onfocus>SendClick(98)</onfocus>
			</control>
		</control>
		<control type="group">
			<left>960</left>
			<top>202</top>
			<control type="group">
				<visible>System.Platform.Xbox</visible>
				<control type="image">
					<left>-342</left>
					<top>0</top>
					<width>90</width>
					<height>75</height>
					<texture>settings\tabs\sysinfo_default_nf.png</texture>
					<visible>!ControlGroup(9000).HasFocus(95)</visible>
				</control>
				<control type="image">
					<left>-243</left>
					<top>0</top>
					<width>90</width>
					<height>75</height>
					<texture>settings\tabs\sysinfo_storage_nf.png</texture>
					<visible>!ControlGroup(9000).HasFocus(94)</visible>
				</control>
				<control type="image">
					<left>-144</left>
					<top>0</top>
					<width>90</width>
					<height>75</height>
					<texture>settings\tabs\sysinfo_hdd_nf.png</texture>
					<visible>!ControlGroup(9000).HasFocus(92)</visible>
				</control>
				<control type="image">
					<left>-45</left>
					<top>0</top>
					<width>90</width>
					<height>75</height>
					<texture>settings\tabs\sysinfo_dvd_nf.png</texture>
					<visible>!ControlGroup(9000).HasFocus(93)</visible>
				</control>
				<control type="image">
					<left>54</left>
					<top>0</top>
					<width>90</width>
					<height>75</height>
					<texture>settings\tabs\sysinfo_network_nf.png</texture>
					<visible>!ControlGroup(9000).HasFocus(96)</visible>
				</control>
				<control type="image">
					<left>153</left>
					<top>0</top>
					<width>90</width>
					<height>75</height>
					<texture>settings\tabs\sysinfo_video_nf.png</texture>
					<visible>!ControlGroup(9000).HasFocus(97)</visible>
				</control>
				<control type="image">
					<left>252</left>
					<top>0</top>
					<width>90</width>
					<height>75</height>
					<texture>settings\tabs\sysinfo_hardware_nf.png</texture>
					<visible>!ControlGroup(9000).HasFocus(98)</visible>
				</control>
				<control type="image">
					<left>-342</left>
					<top>0</top>
					<width>90</width>
					<height>75</height>
					<texture>settings\tabs\sysinfo_default_fo.png</texture>
					<visible>ControlGroup(9000).HasFocus(95)</visible>
					<animation type="Conditional" condition="!ControlGroup(9001).HasFocus">
						<effect type="zoom" start="-342,0,90,75" end="-345,-3,96,81" time="200"/>
					</animation>
				</control>
				<control type="image">
					<left>-243</left>
					<top>0</top>
					<width>90</width>
					<height>75</height>
					<texture>settings\tabs\sysinfo_storage_fo.png</texture>
					<visible>ControlGroup(9000).HasFocus(94)</visible>
					<animation type="Conditional" condition="!ControlGroup(9001).HasFocus">
						<effect type="zoom" start="-243,0,90,75" end="-246,-3,96,81" time="200"/>
					</animation>
				</control>
				<control type="image">
					<left>-144</left>
					<top>0</top>
					<width>90</width>
					<height>75</height>
					<texture>settings\tabs\sysinfo_hdd_fo.png</texture>
					<visible>ControlGroup(9000).HasFocus(92)</visible>
					<animation type="Conditional" condition="!ControlGroup(9001).HasFocus">
						<effect type="zoom" start="-144,0,90,75" end="-147,-3,96,81" time="200"/>
					</animation>
				</control>
				<control type="image">
					<left>-45</left>
					<top>0</top>
					<width>90</width>
					<height>75</height>
					<texture>settings\tabs\sysinfo_dvd_fo.png</texture>
					<visible>ControlGroup(9000).HasFocus(93)</visible>
					<animation type="Conditional" condition="!ControlGroup(9001).HasFocus">
						<effect type="zoom" start="-45,0,90,75" end="-48,-3,96,81" time="200"/>
					</animation>
				</control>
				<control type="image">
					<left>54</left>
					<top>0</top>
					<width>90</width>
					<height>75</height>
					<texture>settings\tabs\sysinfo_network_fo.png</texture>
					<visible>ControlGroup(9000).HasFocus(96)</visible>
					<animation type="Conditional" condition="!ControlGroup(9001).HasFocus">
						<effect type="zoom" start="54,0,90,75" end="51,-3,96,81" time="200"/>
					</animation>
				</control>
				<control type="image">
					<left>153</left>
					<top>0</top>
					<width>90</width>
					<height>75</height>
					<texture>settings\tabs\sysinfo_video_fo.png</texture>
					<visible>ControlGroup(9000).HasFocus(97)</visible>
					<animation type="Conditional" condition="!ControlGroup(9001).HasFocus">
						<effect type="zoom" start="153,0,90,75" end="150,-3,96,81" time="200"/>
					</animation>
				</control>
				<control type="image">
					<left>252</left>
					<top>0</top>
					<width>90</width>
					<height>75</height>
					<texture>settings\tabs\sysinfo_hardware_fo.png</texture>
					<visible>ControlGroup(9000).HasFocus(98)</visible>
					<animation type="Conditional" condition="!ControlGroup(9001).HasFocus">
						<effect type="zoom" start="252,0,90,75" end="249,-3,96,81" time="200"/>
					</animation>
				</control>
			</control>
			<control type="group">
				<visible>!System.Platform.Xbox</visible>
				<control type="image">
					<left>-243</left>
					<top>0</top>
					<width>90</width>
					<height>75</height>
					<texture>settings\tabs\sysinfo_default_nf.png</texture>
					<visible>!ControlGroup(9000).HasFocus(95)</visible>
				</control>
				<control type="image">
					<left>-144</left>
					<top>0</top>
					<width>90</width>
					<height>75</height>
					<texture>settings\tabs\sysinfo_storage_nf.png</texture>
					<visible>!ControlGroup(9000).HasFocus(94)</visible>
				</control>
				<control type="image">
					<left>-45</left>
					<top>0</top>
					<width>90</width>
					<height>75</height>
					<texture>settings\tabs\sysinfo_network_nf.png</texture>
					<visible>!ControlGroup(9000).HasFocus(96)</visible>
				</control>
				<control type="image">
					<left>54</left>
					<top>0</top>
					<width>90</width>
					<height>75</height>
					<texture>settings\tabs\sysinfo_video_nf.png</texture>
					<visible>!ControlGroup(9000).HasFocus(97)</visible>
				</control>
				<control type="image">
					<left>153</left>
					<top>0</top>
					<width>90</width>
					<height>75</height>
					<texture>settings\tabs\sysinfo_hardware_nf.png</texture>
					<visible>!ControlGroup(9000).HasFocus(98)</visible>
				</control>
				<control type="image">
					<left>-243</left>
					<top>0</top>
					<width>90</width>
					<height>75</height>
					<texture>settings\tabs\sysinfo_default_fo.png</texture>
					<visible>ControlGroup(9000).HasFocus(95)</visible>
					<animation type="Conditional" condition="!ControlGroup(9001).HasFocus">
						<effect type="zoom" start="-243,0,90,75" end="-246,-3,96,81" time="200"/>
					</animation>
				</control>
				<control type="image">
					<left>-144</left>
					<top>0</top>
					<width>90</width>
					<height>75</height>
					<texture>settings\tabs\sysinfo_storage_f.png</texture>
					<visible>ControlGroup(9000).HasFocus(94)</visible>
					<animation type="Conditional" condition="!ControlGroup(9001).HasFocus">
						<effect type="zoom" start="-144,0,90,75" end="-147,-3,96,81" time="200"/>
					</animation>
				</control>
				<control type="image">
					<left>-45</left>
					<top>0</top>
					<width>90</width>
					<height>75</height>
					<texture>settings\tabs\sysinfo_network_fo.png</texture>
					<visible>ControlGroup(9000).HasFocus(96)</visible>
					<animation type="Conditional" condition="!ControlGroup(9001).HasFocus">
						<effect type="zoom" start="-45,0,90,75" end="-48,-3,96,81" time="200"/>
					</animation>
				</control>
				<control type="image">
					<left>54</left>
					<top>0</top>
					<width>90</width>
					<height>75</height>
					<texture>settings\tabs\sysinfo_video_fo.png</texture>
					<visible>ControlGroup(9000).HasFocus(97)</visible>
					<animation type="Conditional" condition="!ControlGroup(9001).HasFocus">
						<effect type="zoom" start="54,0,90,75" end="51,-3,96,81" time="200"/>
					</animation>
				</control>
				<control type="image">
					<left>153</left>
					<top>0</top>
					<width>90</width>
					<height>75</height>
					<texture>settings\tabs\sysinfo_hardware_fo.png</texture>
					<visible>ControlGroup(9000).HasFocus(98)</visible>
					<animation type="Conditional" condition="!ControlGroup(9001).HasFocus">
						<effect type="zoom" start="153,0,90,75" end="150,-3,96,81" time="200"/>
					</animation>
				</control>
			</control>
		</control>
		<control type="group">
			<left>278</left>
			<top>300</top>
			<control type="label" id="2">
				<description>Label 2</description>
				<left>0</left>
				<top>0</top>
				<width>1365</width>
				<label/>
				<font>Default</font>
			</control>
			<control type="label" id="3">
				<description>Label 3</description>
				<left>0</left>
				<top>45</top>
				<width>1365</width>
				<label/>
				<font>Default</font>
			</control>
			<control type="label" id="4">
				<description>Label 4</description>
				<left>0</left>
				<top>90</top>
				<width>1365</width>
				<label/>
				<font>Default</font>
			</control>
			<control type="label" id="5">
				<description>Label 5</description>
				<left>0</left>
				<top>135</top>
				<width>1365</width>
				<label/>
				<font>Default</font>
			</control>
			<control type="label" id="6">
				<description>Label 6</description>
				<left>0</left>
				<top>180</top>
				<width>1365</width>
				<label/>
				<font>Default</font>
			</control>
			<control type="label" id="7">
				<description>Label 7</description>
				<left>0</left>
				<top>225</top>
				<width>1365</width>
				<label/>
				<font>Default</font>
			</control>
			<control type="label" id="8">
				<description>Label 8</description>
				<left>0</left>
				<top>270</top>
				<width>1365</width>
				<label/>
				<font>Default</font>
			</control>
			<control type="label" id="9">
				<description>Label 9</description>
				<left>0</left>
				<top>315</top>
				<width>1365</width>
				<label/>
				<font>Default</font>
			</control>
			<control type="label" id="10">
				<description>Label 10</description>
				<left>0</left>
				<top>360</top>
				<width>1365</width>
				<label/>
				<font>Default</font>
			</control>
			<control type="label" id="11">
				<description>Label 11</description>
				<left>0</left>
				<top>405</top>
				<width>1365</width>
				<label/>
				<font>Default</font>
			</control>
		</control>
		<control type="label" id="52">
			<description>Kodi XBE BUILD Version</description>
			<left>0</left>
			<top>780</top>
			<width>1920</width>
			<label>144</label>
			<textcolor>Text</textcolor>
			<font>Default</font>
			<align>center</align>
		</control>
		<control type="label">
			<description>Current Selection</description>
			<left>0</left>
			<top>906</top>
			<width>1920</width>
			<height>72</height>
			<align>center</align>
			<aligny>center</aligny>
			<font>Selected_Item</font>
			<textcolor>TextSelectedItem</textcolor>
			<shadowcolor>TextShadow</shadowcolor>
			<label>$LOCALIZE[50120]</label>
			<visible>!Skin.HasSetting(Disable_Icon_Labels)</visible>
		</control>
		<control type="image">
			<left>681</left>
			<top>780</top>
			<width>558</width>
			<height>558</height>
			<texture>settings-big-cog.png</texture>
			<aspectratio>keep</aspectratio>
			<animation type="Conditional" reversible="false" condition="ControlGroup(9000).HasFocus(95)">
				<effect type="rotate" start="0" end="-45" center="auto" time="200"/>
			</animation>
			<animation type="Conditional" reversible="false" condition="ControlGroup(9000).HasFocus(94)">
				<effect type="rotate" start="0" end="-45" center="auto" time="200"/>
			</animation>
			<animation type="Conditional" reversible="false" condition="ControlGroup(9000).HasFocus(92)">
				<effect type="rotate" start="0" end="-45" center="auto" time="200"/>
			</animation>
			<animation type="Conditional" reversible="false" condition="ControlGroup(9000).HasFocus(93)">
				<effect type="rotate" start="0" end="-45" center="auto" time="200"/>
			</animation>
			<animation type="Conditional" reversible="false" condition="ControlGroup(9000).HasFocus(96)">
				<effect type="rotate" start="0" end="-45" center="auto" time="200"/>
			</animation>
			<animation type="Conditional" reversible="false" condition="ControlGroup(9000).HasFocus(97)">
				<effect type="rotate" start="0" end="-45" center="auto" time="200"/>
			</animation>
			<animation type="Conditional" reversible="false" condition="ControlGroup(9000).HasFocus(98)">
				<effect type="rotate" start="0" end="-45" center="auto" time="200"/>
			</animation>
		</control>
		<!-- Elipsis Visor -->
		<include>Visor_Filter</include>
		<!-- Edge Filter -->
		<include>Edge_Filter</include>
		<!-- Clock -->
		<include>Clock</include>
		<!-- Now Playing Widget -->
		<include>Now_Playing_Widget</include>
		<!-- Elipsis Button -->
		<control type="group">
			<left>960</left>
			<top>1080</top>
			<include>Dock_Elipsis_Home</include>
		</control>
		<include>Debug</include>
	</controls>
</window>
