<?xml version="1.0" encoding="utf-8"?>
<window>
	<defaultcontrol always="true">22</defaultcontrol>
	<include>Fade_In_WindowOpen</include>
	<include>Fade_Out_WindowClose</include>
	<controls>
		<control type="image">
			<left>0</left>
			<top>0</top>
			<width>1920</width>
			<height>1080</height>
			<texture>filter_keyboard_shadow.png</texture>
		</control>
		<control type="image">
			<left>15</left>
			<top>100</top>
			<width>1895</width>
			<height>920</height>
			<texture>dialogs\dialog-background-tall.png</texture>
		</control>
		<control type="group">
			<top>180</top>
			<left>110</left>
			<width>1700</width>
			<control type="group">
				<width>1520</width>
				<height>870</height>
				<control type="label" id="2">
					<left>100</left>
					<height>70</height>
					<width>1520</width>
					<font>Heading</font>
					<label/>
					<align>center</align>
					<aligny>center</aligny>
				</control>
				<control type="button" id="22002">
					<description>button overlay to avoid closing in dialog area</description>
					<left>0</left>
					<top>0</top>
					<right>0</right>
					<bottom>0</bottom>
					<texturefocus/>
					<texturenofocus/>
				</control>
			</control>
			<control type="grouplist" id="500">
				<orientation>vertical</orientation>
				<left>10</left>
				<top>95</top>
				<onright>10</onright>
				<onleft>9001</onleft>
				<itemgap>1</itemgap>
				<control type="button" id="22">
					<description>Set Playlist type</description>
					<width>700</width>
					<include>SettingsItemCommon</include>
					<label>$LOCALIZE[467]</label>
				</control>
				<control type="button" id="12">
					<description>Name Button</description>
					<label>$LOCALIZE[21433]</label>
					<width>700</width>
					<include>SettingsItemCommon</include>
				</control>
				<control type="label" id="1101">
					<description>Name Label</description>
					<width>700</width>
					<height>69</height>
					<label>$LOCALIZE[31042]</label>
				</control>
				<control type="button" id="16">
					<width>700</width>
					<label>$LOCALIZE[21424]</label>
					<include>SettingsItemCommon</include>
				</control>
				<control type="button" id="17">
					<width>700</width>
					<label>$LOCALIZE[21427]</label>
					<include>SettingsItemCommon</include>
				</control>
				<control type="button" id="18">
					<label>$LOCALIZE[21429]</label>
					<width>700</width>
					<include>SettingsItemCommon</include>
				</control>
				<control type="button" id="19">
					<width>700</width>
					<include>SettingsItemCommon</include>
					<label>$LOCALIZE[31032]</label>
				</control>
				<control type="button" id="23">
					<width>700</width>
					<label>$LOCALIZE[21458]</label>
					<include>SettingsItemCommon</include>
				</control>
				<control type="radiobutton" id="24">
					<width>700</width>
					<include>SettingsItemCommon</include>
					<label>$LOCALIZE[467]: $LOCALIZE[21459]</label>
				</control>
			</control>
			<control type="image">
				<left>720</left>
				<top>95</top>
				<width>640</width>
				<height>629</height>
				<texture border="4,5,6,8">controls\button_nf.png</texture>
			</control>
			<control type="list" id="10">
				<description>Rules List Control</description>
				<left>720</left>
				<top>95</top>
				<width>640</width>
				<height>631</height>
				<onleft>500</onleft>
				<onright>9001</onright>
				<orientation>vertical</orientation>
				<itemlayout width="640" height="70">
					<control type="label">
						<left>20</left>
						<top>0</top>
						<right>20</right>
						<bottom>0</bottom>
						<width>620</width>
						<height>69</height>
						<align>left</align>
						<aligny>center</aligny>
						<label>$INFO[ListItem.Label]</label>
					</control>
				</itemlayout>
				<focusedlayout width="640" height="70">
					<control type="image">
						<left>0</left>
						<top>0</top>
						<right>0</right>
						<bottom>0</bottom>
						<width>640</width>
						<height>69</height>
						<texture border="4,5,6,8">controls\button_f.png</texture>
						<visible>Control.HasFocus(10)</visible>
					</control>
					<control type="label">
						<left>20</left>
						<top>0</top>
						<right>20</right>
						<bottom>0</bottom>
						<align>left</align>
						<width>620</width>
						<height>69</height>
						<aligny>center</aligny>
						<label>$INFO[ListItem.Label]</label>
						<scroll>true</scroll>
					</control>
				</focusedlayout>
			</control>
			<control type="textbox">
				<left>740</left>
				<top>620</top>
				<width>610</width>
				<height>348</height>
				<aligny>top</aligny>
				<label>$LOCALIZE[31043]</label>
			</control>
			<control type="grouplist" id="9001">
				<orientation>vertical</orientation>
				<left>1380</left>
				<width>1300</width>
				<itemgap>5</itemgap>
				<top>100</top>
				<onleft>10</onleft>
				<onright>500</onright>
				<include content="DefaultDialogButton">
					<param name="id" value="20"/>
					<param name="label" value="$LOCALIZE[186]"/>
					<param name="focus" value="controls\button_green_f.png"/>
					<param name="nofocus" value="controls\button_green_nf.png"/>
				</include>
				<include content="DefaultDialogButton">
					<param name="id" value="21"/>
					<param name="label" value="$LOCALIZE[222]"/>
					<param name="focus" value="controls\button_red_f.png"/>
					<param name="nofocus" value="controls\button_red_nf.png"/>
				</include>
			</control>
		</control>
		<include>Debug</include>
	</controls>
</window>
