<?xml version="1.0" encoding="utf-8"?>
<window>
    <include>Fade_In_WindowOpen</include>
    <include>Fade_Out_WindowClose</include>
    <defaultcontrol>2</defaultcontrol>
    <coordinates>
        <system>1</system>
        <left>0</left>
        <top>0</top>
    </coordinates>
    <controls>
        <control type="group">
            <include>Zoom_In_WindowOpen</include>
            <include>Zoom_Out_WindowClose</include>
            <control type="image">
                <description>background image</description>
                <left>406</left>
                <top>160</top>
                <width>1107</width>
                <height>758</height>
                <texture>dialogs\video-osd-dialogbackground.png</texture>
            </control>
            <control type="group">
                <left>406</left>
                <top>160</top>
                <control type="label">
                    <description>heading label</description>
                    <left>0</left>
                    <top>45</top>
                    <width>1107</width>
                    <align>center</align>
                    <font>Heading</font>
                    <label>[UPPERCASE]$LOCALIZE[298][/UPPERCASE]$INFO[Container(11).NumItems, - , ITEMS]</label>
                    <textcolor>Text</textcolor>
                </control>
                <control type="image">
                    <left>45</left>
                    <top>279</top>
                    <width>96</width>
                    <height>96</height>
                    <texture>menu\nav\nav_arrow_left_NF.png</texture>
                    <animation effect="fade" time="600">Visible</animation>
                    <visible>!Container(11).OnPrevious</visible>
                </control>
                <control type="image">
                    <left>45</left>
                    <top>279</top>
                    <width>96</width>
                    <height>96</height>
                    <texture>menu\nav\nav_arrow_left_FO.png</texture>
                    <animation type="Hidden" reversible="false">
                        <effect type="slide" start="-15" end="0" center="auto" time="300" />
                        <effect type="fade" start="100" end="0" time="300" />
                    </animation>
                    <visible>Container(11).OnPrevious</visible>
                </control>
                <control type="image">
                    <left>966</left>
                    <top>279</top>
                    <width>96</width>
                    <height>96</height>
                    <texture>menu\nav\nav_arrow_right_NF.png</texture>
                    <animation effect="fade" time="600">Visible</animation>
                    <visible>!Container(11).OnNext</visible>
                </control>
                <control type="image">
                    <left>966</left>
                    <top>279</top>
                    <width>96</width>
                    <height>96</height>
                    <texture>menu\nav\nav_arrow_right_FO.png</texture>
                    <animation type="Hidden" reversible="false">
                        <effect type="slide" start="15" end="0" center="auto" time="300" />
                        <effect type="fade" start="100" end="0" time="300" />
                    </animation>
                    <visible>Container(11).OnNext</visible>
                </control>
                <control type="panel" id="11">
                    <left>159</left>
                    <top>105</top>
                    <width>789</width>
                    <height>459</height>
                    <onleft>11</onleft>
                    <onright>11</onright>
                    <ondown>200</ondown>
                    <onup>200</onup>
                    <scrolltime>200</scrolltime>
                    <viewtype label="536">icon</viewtype>
                    <pagecontrol></pagecontrol>
                    <orientation>horizontal</orientation>
                    <itemlayout width="429" height="230">
                        <control type="image">
                            <left>0</left>
                            <top>0</top>
                            <width>357</width>
                            <height>214</height>
                            <texture border="4,5,6,8">controls\button_nf.png</texture>
                        </control>
                        <control type="image">
                            <left>26</left>
                            <top>10</top>
                            <width>306</width>
                            <height>168</height>
                            <texture>$INFO[ListItem.Icon]</texture>
                        </control>
                        <control type="label">
                            <left>178</left>
                            <top>170</top>
                            <width>357</width>
                            <height>30</height>
                            <font>Medium</font>
                            <align>center</align>
							<label>$INFO[ListItem.Label]$INFO[ListItem.Label2, (,)]</label>
                        </control>
                    </itemlayout>
                    <focusedlayout width="429" height="230">
                        <control type="image">
                            <left>0</left>
                            <top>0</top>
                            <width>357</width>
                            <height>214</height>
                            <texture border="4,5,6,8">controls\button_f.png</texture>
                        </control>
                        <control type="image">
                            <left>26</left>
                            <top>10</top>
                            <width>306</width>
                            <height>168</height>
                            <texture>$INFO[ListItem.Icon]</texture>
                        </control>
                        <control type="label">
                            <left>178</left>
                            <top>170</top>
                            <width>357</width>
                            <height>30</height>
                            <font>Medium</font>
                            <align>center</align>
							<label>$INFO[ListItem.Label]$INFO[ListItem.Label2, (,)]</label>
                        </control>
                    </focusedlayout>
                </control>
                <control type="grouplist" id="200">
                    <left>0</left>
                    <top>592</top>
                    <width>1107</width>
                    <height>69</height>
                    <onleft>200</onleft>
                    <onright>200</onright>
                    <onup>11</onup>
                    <ondown>11</ondown>
                    <itemgap>15</itemgap>
                    <align>center</align>
                    <orientation>horizontal</orientation>
                    <control type="button" id="2">
                        <description>Create Bookmark button</description>
                        <width>330</width>
                        <height>69</height>
                        <label>294</label>
                        <font>Medium_Large</font>
                        <align>center</align>
                        <onleft>4</onleft>
                        <onright>3</onright>
                        <ondown>11</ondown>
                        <onup>11</onup>
                    </control>
                    <control type="button" id="3">
                        <description>Clear Bookmark button</description>
                        <width>330</width>
                        <height>69</height>
                        <label>296</label>
                        <font>Medium_Large</font>
                        <align>center</align>
                        <onleft>2</onleft>
                        <onright>4</onright>
                        <ondown>11</ondown>
                        <onup>11</onup>
                    </control>
                    <control type="button" id="4">
                        <description>Episode Bookmark button</description>
                        <width>330</width>
                        <height>69</height>
                        <label>20406</label>
                        <font>Medium_Large</font>
                        <align>center</align>
                        <onleft>3</onleft>
                        <onright>2</onright>
                        <ondown>11</ondown>
                        <onup>11</onup>
                        <visible>videoplayer.content(episodes)</visible>
                    </control>
                </control>
            </control>
        </control>
        <include>Debug</include>
    </controls>
</window>
