<?xml version="1.0" encoding="UTF-8"?>
<fonts>
	<fontset id="Default" idloc="571">
		<!-- Home screen categories -->
		<font>
			<name>HomeCategoryLabelUnfocusFont</name>
			<filename>homizio nova.ttf</filename>
			<size>37</size>
			<style>uppercase bold</style>
		</font>
		<font>
			<name>HomeCategoryLabelFocusFont</name>
			<filename>homizio nova.ttf</filename>
			<size>50</size>
			<style>uppercase bold</style>
		</font>
		<font>
			<name>HomeCategoryLabel2Font</name>
			<filename>homizio nova.ttf</filename>
			<size>16</size>
			<style>uppercase bold</style>
		</font>
		
		<font>
			<name>font13</name>
			<filename>default.ttf</filename>
			<size>16</size>
		</font>
		<font>
			<name>font18</name>
			<filename>default.ttf</filename>
			<size>17</size>
		</font>
		<font>
			<name>DefaultHeadFont</name>
			<filename>default-bold-caps.ttf</filename>
			<size>16</size>
		</font>
		<font>
			<name>DefaultHeadFont2</name>
			<filename>default-bold-caps.ttf</filename>
			<size>32</size>
		</font>
		<font>
			<name>DefaultFont</name>
			<filename>default.ttf</filename>
			<size>16</size>
		</font>
		<font>
			<name>DefaultFontB</name>
			<filename>default-bold.ttf</filename>
			<size>16</size>
		</font>
		
		<font>
			<name>IconFont</name>
			<filename>default-bold.ttf</filename>
			<size>16</size>
		</font>
		<font>
			<name>ListFont</name>
			<filename>default-bold.ttf</filename>
			<size>16</size>
		</font>
		<font>
			<name>ListFont2</name>
			<filename>default.ttf</filename>
			<size>16</size>
		</font>
		<font>
			<name>ListFont3</name>
			<filename>default.ttf</filename>
			<size>13</size>
		</font>
		<font>
			<name>ListFont4</name>
			<filename>default.ttf</filename>
			<size>10</size>
		</font>
		<font>
			<name>ListFont5</name>
			<filename>default.ttf</filename>
			<size>14</size>
		</font>
		<font>
			<name>ListFont6</name>
			<filename>default.ttf</filename>
			<size>9</size>
		</font>
		<font>
			<name>ListFont7</name>
			<filename>default.ttf</filename>
			<size>12</size>
		</font>
		<font>
			<name>ListFont8</name>
			<filename>default.ttf</filename>
			<size>11</size>
		</font>
		<font>
			<name>WideListFont</name>
			<filename>default-bold-caps.ttf</filename>
			<size>16</size>
		</font>
		<font>
			<name>WideListFont2</name>
			<filename>default-caps.ttf</filename>
			<size>16</size>
		</font>
		<font>
			<name>WideListFont3</name>
			<filename>default.ttf</filename>
			<size>17</size>
		</font>
		<font>
			<name>WrapListFont</name>
			<filename>default-bold-caps.ttf</filename>
			<size>19</size>
		</font>
		<font>
			<name>WrapListRatingFont</name>
			<filename>default-bold-caps.ttf</filename>
			<size>26</size>
		</font>
		
		<font>
			<name>BreadCrumbFont</name>
			<filename>default-bold-caps.ttf</filename>
			<size>18</size>
		</font>
		<font>
			<name>BreadCrumbFontBold</name>
			<filename>default-bold-caps.ttf</filename>
			<size>18</size>
			<style>bold</style>
		</font>
		<font>
			<name>NowPlayingFont</name>
			<filename>default-bold-caps.ttf</filename>
			<size>14</size>
		</font>
		<font>
			<name>NowPlayingFont2</name>
			<filename>default-bold-caps.ttf</filename>
			<size>14</size>
		</font>
		
		<font>
			<name>MenuBarBtnFont</name>
			<filename>gui.ttf</filename>
			<size>12</size>
		</font>
		<font>
			<name>MenuItemFont</name>
			<filename>gui.ttf</filename>
			<size>12</size>
		</font>
		<font>
			<name>MusicPlayingHomeFont</name>
			<filename>default-bold-caps.ttf</filename>
			<size>65</size>
		</font>
		
		<font>
			<name>FullMediaInfoTitleFont</name>
			<filename>default-caps.ttf</filename>
			<size>25</size>
		</font>
		<font>
			<name>FullMediaInfoTitleFont2</name>
			<filename>default-caps.ttf</filename>
			<size>19</size>
		</font>
		<font>
			<name>FullMediaInfoTitleFont3</name>
			<filename>default-caps.ttf</filename>
			<size>30</size>
		</font>
		<font>
			<name>FullMediaInfoFont</name>
			<filename>default-caps.ttf</filename>
			<size>17</size>
		</font>
		<font>
			<name>FullMediaInfoFont2</name>
			<filename>default-caps.ttf</filename>
			<size>17</size>
		</font>
		<font>
			<name>FullMediaInfoTaglineFont</name>
			<filename>default-caps.ttf</filename>
			<size>14</size>
		</font>
		<font>
			<name>FullMediaInfoDescFont</name>
			<filename>default.ttf</filename>
			<size>17</size>
		</font>
			
		<font>
			<name>MediaInfoFont</name>
			<filename>default-bold-caps.ttf</filename>
			<size>16</size>
		</font>
		<font>
			<name>MediaInfoFont2</name>
			<filename>default-caps.ttf</filename>
			<size>16</size>
		</font>
		<font>
			<name>MediaInfoFont3</name>
			<filename>default-caps.ttf</filename>
			<aspect>0.85</aspect>
			<size>15</size>
		</font>
		<font>
			<name>MediaFlagSubtitleFont</name>
			<filename>default-bold-caps.ttf</filename>
			<aspect>0.90</aspect>
			<size>16</size>
		</font>
		<font>
			<name>MediaInfoDescFont</name>
			<filename>default.ttf</filename>
			<size>17</size>
		</font>
		<font>
			<name>DialogMediaInfoFont</name>
			<filename>default-bold-caps.ttf</filename>
			<size>15</size>
		</font>
		
		<font>
			<name>PanelTitleFont</name>
			<filename>default-bold-caps.ttf</filename>
			<size>19</size>
		</font>
		<font>
			<name>PanelInfoHeadFont</name>
			<filename>default-bold-caps.ttf</filename>
			<size>17</size>
		</font>
		<font>
			<name>PanelInfoFont</name>
			<filename>default-bold-caps.ttf</filename>
			<size>15</size>
		</font>
		<font>
			<name>PanelStatsFont</name>
			<filename>default-bold-caps.ttf</filename>
			<size>13</size>
		</font>
			
		<font>
			<name>FSInfoTitleFont</name>
			<filename>default-bold-caps.ttf</filename>
			<size>25</size>
		</font>
		<font>
			<name>PausedFont</name>
			<filename>default-bold-caps.ttf</filename>
			<size>85</size>
		</font>
		<font>
			<name>FSInfoFont</name>
			<filename>default-caps.ttf</filename>
			<size>16</size>
		</font>
		<font>
			<name>FSInfoFont2</name>
			<filename>default-caps.ttf</filename>
			<size>16</size>
		</font>
		<font>
			<name>OSDFont</name>
			<filename>default-bold.ttf</filename>
			<size>19</size>
		</font>
		
		<font>
			<name>InfoPaneFont</name>
			<filename>default-bold-caps.ttf</filename>
			<size>15</size>
		</font>
		<font>
			<name>InfoPaneFont2</name>
			<filename>default-bold-caps.ttf</filename>
			<size>15</size>
		</font>
		
		<font>
			<name>WeatherCurrentDayFont</name>
			<filename>default-bold-caps.ttf</filename>
			<size>24</size>
		</font>
		<font>
			<name>WeatherWeekDayFont</name>
			<filename>default-bold-caps.ttf</filename>
			<size>18</size>
		</font>
		<font>
			<name>WeatherCurrentTempFont</name>
			<filename>default-bold-caps.ttf</filename>
			<size>56</size>
		</font>
		<font>
			<name>WeatherCurrentConditionFont</name>
			<filename>default-bold-caps.ttf</filename>
			<size>22</size>
		</font>
		<font>
			<name>WeatherCurrentReadingFont</name>
			<filename>default-bold.ttf</filename>
			<size>20</size>
		</font>
		<font>
			<name>WeatherCurrentReadingFont2</name>
			<filename>default.ttf</filename>
			<size>20</size>
		</font>
		<font>
			<name>WeatherReadingFont</name>
			<filename>default-bold.ttf</filename>
			<size>18</size>
		</font>
		<font>
			<name>WeatherConditionFont</name>
			<filename>default-bold.ttf</filename>
			<size>18</size>
		</font>
		
		<font>
			<name>SlideShowCaptionFont</name>
			<filename>default-bold.ttf</filename>
			<size>21</size>
		</font>
		
		<font>
			<name>NextAiredDayFont</name>
			<filename>default-bold-caps.ttf</filename>
			<size>22</size>
		</font>
		<font>
			<name>NextAiredDateFont</name>
			<filename>default-bold-caps.ttf</filename>
			<size>16</size>
		</font>
		<font>
			<name>NextAiredTimeFont</name>
			<filename>default-bold-caps.ttf</filename>
			<size>14</size>
		</font>
		
		<font>
			<name>HomeSubMenuBtnFont</name>
			<filename>gui.ttf</filename>
			<size>13</size>
		</font>
		<font>
			<name>DialogTitleFont</name>
			<filename>gui.ttf</filename>
			<size>16</size>
		</font>
		<font>
			<name>DialogHeadFont</name>
			<filename>default-bold-caps.ttf</filename>
			<size>14</size>
		</font>
		<font>
			<name>ButtonFont</name>
			<filename>gui.ttf</filename>
			<size>12</size>
		</font>
		<font>
			<name>ButtonFont2</name>
			<filename>default-bold.ttf</filename>
			<size>16</size>
		</font>
		<font>
			<name>ProfileNameFont</name>
			<filename>gui.ttf</filename>
			<size>24</size>
		</font>
		<font>
			<name>YoutubeBrowserFont</name>
			<filename>gui.ttf</filename>
			<aspect>0.96</aspect>
			<size>13</size>
		</font>
		<font>
			<name>SubMenuArrowFont</name>
			<filename>default-caps.ttf</filename>
			<size>12</size>
		</font>
		<font>
			<name>SettingsCatFont</name>
			<filename>default-bold-caps.ttf</filename>
			<size>18</size>
		</font>
		<font>
			<name>SettingsHeadFont</name>
			<filename>default-bold-caps.ttf</filename>
			<size>16</size>
		</font>
		<font>
			<name>SettingsContentFont</name>
			<filename>default-caps.ttf</filename>
			<size>15</size>
		</font>
		<font>
			<name>SettingsContentFont2</name>
			<filename>default.ttf</filename>
			<size>15</size>
		</font>
		<font>
			<name>ScreenCalibrationFont</name>
			<filename>gui.ttf</filename>
			<size>20</size>
		</font>
		<font>
			<name>KaraokeFont</name>
			<filename>default-caps.ttf</filename>
			<size>20</size>
		</font>
		<font>
			<name>SpinControlFont</name>
			<filename>gui.ttf</filename>
			<size>12</size>
		</font>
		<font>
			<name>RSSFont</name>
			<filename>default-caps.ttf</filename>
			<size>18</size>
		</font>
		<font>
			<name>FileManagerInfoFont</name>
			<filename>default.ttf</filename>
			<size>17</size>
		</font>
		<!-- Lyrics -->
		<font>
			<name>lyrics1</name>
			<filename>lyrics/SF Distant Galaxy.ttf</filename>
			<style>lowercase</style>
			<linespacing>0.9</linespacing>
			<size>80</size>
		</font>
		<font>
			<name>lyrics1b</name>
			<filename>lyrics/Blogger_Sans-Bold.ttf</filename>
			<linespacing>0.8</linespacing>
			<size>50</size>
		</font>
		<font>
			<name>lyrics2</name>
			<filename>lyrics/theboldfont.ttf</filename>
			<linespacing>0.9</linespacing>
			<size>80</size>
		</font>
		<font>
			<name>lyrics2b</name>
			<filename>lyrics/Days.ttf</filename>
			<linespacing>0.85</linespacing>
			<size>41</size>
		</font>
		<font>
			<name>lyrics3</name>
			<filename>lyrics/Geomancy - Extra Bold.ttf</filename>
			<linespacing>0.9</linespacing>
			<size>80</size>
		</font>
		<font>
			<name>lyrics3b</name>
			<filename>lyrics/Exo2-BlackItalic.ttf</filename>
			<linespacing>0.85</linespacing>
			<size>41</size>
		</font>
		<font>
			<name>lyrics4</name>
			<filename>lyrics/HighlandGothicFLF.ttf</filename>
			<linespacing>0.8</linespacing>
			<size>40</size>
		</font>
		<font>
			<name>lyrics4b</name>
			<filename>lyrics/theboldfont.ttf</filename>
			<linespacing>0.9</linespacing>
			<size>80</size>
		</font>
		<font>
			<name>lyrics5</name>
			<style>uppercase</style>
			<filename>lyrics/Digitalt.ttf</filename>
			<size>93</size>
		</font>
		<font>
			<name>lyrics5b</name>
			<filename>lyrics/Blogger_Sans-Bold.ttf</filename>
			<linespacing>0.8</linespacing>
			<size>50</size>
		</font>
		<font>
			<name>lyrics6</name>
			<filename>lyrics/BOXING.ttf</filename>
			<aspect>1.3</aspect>
			<style>lowercase</style>
			<linespacing>0.9</linespacing>
			<size>69</size>
		</font>
		<font>
			<name>lyrics6b</name>
			<filename>lyrics/HighlandGothicFLF.ttf</filename>
			<linespacing>0.8</linespacing>
			<size>40</size>
		</font>
		<font>
			<name>lyrics7</name>
			<filename>lyrics/SF Distant Galaxy.ttf</filename>
			<style>lowercase</style>
			<linespacing>0.9</linespacing>
			<size>80</size>
		</font>
		<font>
			<name>lyrics7b</name>
			<filename>lyrics/Exo2-BlackItalic.ttf</filename>
			<linespacing>0.85</linespacing>
			<size>41</size>
		</font>
		<font>
			<name>lyrics8</name>
			<filename>lyrics/Geomancy - Extra Bold.ttf</filename>
			<linespacing>0.9</linespacing>
			<size>80</size>
		</font>
		<font>
			<name>lyrics8b</name>
			<filename>lyrics/BubblegumSans-Regular.ttf</filename>
			<linespacing>0.85</linespacing>
			<size>47</size>
		</font>
		<font>
			<name>lyrics9</name>
			<filename>lyrics/BOXING.ttf</filename>
			<style>lowercase</style>
			<linespacing>0.9</linespacing>
			<size>183</size>
		</font>
		<font>
			<name>lyrics9b</name>
			<filename>lyrics/BOXING.ttf</filename>
			<style>lowercase</style>
			<linespacing>0.9</linespacing>
			<size>110</size>
		</font>
		<font>
			<name>lyrics9c</name>
			<filename>lyrics/BOXING.ttf</filename>
			<style>lowercase</style>
			<linespacing>0.9</linespacing>
			<size>147</size>
		</font>
		<font>
			<name>lyrics9d</name>
			<filename>lyrics/Days.ttf</filename>
			<linespacing>0.85</linespacing>
			<size>40</size>
		</font>
		<font>
			<name>lyrics0</name>
			<style>uppercase</style>
			<filename>lyrics/Digitalt.ttf</filename>
			<size>83</size>
		</font>
		<font>
			<name>lyrics0a</name>
			<style>uppercase</style>
			<filename>lyrics/Digitalt.ttf</filename>
			<size>117</size>
		</font>
		<font>
			<name>lyrics0b</name>
			<style>uppercase</style>
			<filename>lyrics/Digitalt.ttf</filename>
			<size>150</size>
		</font>
		<font>
			<name>lyrics0c</name>
			<filename>lyrics/BubblegumSans-Regular.ttf</filename>
			<linespacing>0.85</linespacing>
			<size>47</size>
		</font>
		<font>
			<name>lyrics1s</name>
			<filename>lyrics/BubblegumSans-Regular.ttf</filename>
			<linespacing>1.15</linespacing>
			<size>51</size>
		</font>
		<font>
			<name>lyrics3s</name>
			<filename>lyrics/Blogger_Sans-Bold.ttf</filename>
			<linespacing>0.80</linespacing>
			<aspect>1.1</aspect>
			<size>61</size>
		</font>
		<font>
			<name>lyrics5s</name>
			<filename>lyrics/Days.ttf</filename>
			<linespacing>0.8</linespacing>
			<size>53</size>
		</font>
		<font>
			<name>lyrics7s</name>
			<filename>lyrics/HighlandGothicFLF.ttf</filename>
			<style>bold</style>
			<linespacing>0.75</linespacing>
			<size>48</size>
		</font>
		<font>
			<name>lyrics9s</name>
			<filename>lyrics/Exo2-BlackItalic.ttf</filename>
			<linespacing>0.85</linespacing>
			<size>53</size>
		</font>
	</fontset>

	<fontset id="Arial" unicode="true">
		<!-- Home screen categories -->
		<font>
			<name>HomeCategoryLabelUnfocusFont</name>
			<filename>arial-caps.ttf</filename>
			<size>38</size>
			<style>lighten</style>
			<aspect>0.88</aspect>
		</font>
		<font>
			<name>HomeCategoryLabelFocusFont</name>
			<filename>arial-caps.ttf</filename>
			<size>50</size>
			<style>lighten</style>
			<aspect>0.88</aspect>
		</font>
		<font>
			<name>HomeCategoryLabel2Font</name>
			<filename>arial-caps.ttf</filename>
			<size>15</size>
			<aspect>0.85</aspect>
		</font>
		
		<font>
			<name>font13</name>
			<filename>arial.ttf</filename>
			<size>15</size>
		</font>
		<font>
			<name>font18</name>
			<filename>arial.ttf</filename>
			<size>16</size>
		</font>
		<font>
			<name>DefaultHeadFont</name>
			<filename>arial-caps.ttf</filename>
			<style>bold</style>
			<size>15</size>
		</font>
		<font>
			<name>DefaultHeadFont2</name>
			<filename>arial-caps.ttf</filename>
			<size>31</size>
		</font>
		<font>
			<name>DefaultFont</name>
			<filename>arial.ttf</filename>
			<size>15</size>
		</font>
		<font>
			<name>DefaultFontB</name>
			<filename>arial.ttf</filename>
			<style>bold</style>
			<size>15</size>
		</font>
		
		<font>
			<name>IconFont</name>
			<filename>arial.ttf</filename>
			<style>bold</style>
			<size>15</size>
		</font>
		<font>
			<name>ListFont</name>
			<filename>arial.ttf</filename>
			<style>bold</style>
			<size>15</size>
		</font>
		<font>
			<name>ListFont2</name>
			<filename>arial.ttf</filename>
			<size>15</size>
		</font>
		<font>
			<name>ListFont3</name>
			<filename>arial.ttf</filename>
			<size>12</size>
		</font>
		<font>
			<name>ListFont4</name>
			<filename>arial.ttf</filename>
			<size>9</size>
		</font>
		<font>
			<name>ListFont5</name>
			<filename>arial.ttf</filename>
			<size>13</size>
		</font>
		<font>
			<name>ListFont6</name>
			<filename>arial.ttf</filename>
			<size>8</size>
		</font>
		<font>
			<name>ListFont7</name>
			<filename>arial.ttf</filename>
			<size>11</size>
		</font>
		<font>
			<name>ListFont8</name>
			<filename>arial.ttf</filename>
			<size>10</size>
		</font>
		<font>
			<name>WideListFont</name>
			<filename>arial-caps.ttf</filename>
			<style>bold</style>
			<size>15</size>
		</font>
		<font>
			<name>WideListFont2</name>
			<filename>arial-caps.ttf</filename>
			<size>15</size>
		</font>
		<font>
			<name>WideListFont3</name>
			<filename>arial.ttf</filename>
			<size>16</size>
		</font>
		<font>
			<name>WrapListFont</name>
			<filename>arial-caps.ttf</filename>
			<style>bold</style>
			<size>18</size>
		</font>
		<font>
			<name>WrapListRatingFont</name>
			<filename>arial-caps.ttf</filename>
			<style>bold</style>
			<size>25</size>
		</font>
		
		<font>
			<name>BreadCrumbFont</name>
			<filename>arial-caps.ttf</filename>
			<style>bold</style>
			<aspect>0.90</aspect>
			<size>17</size>
		</font>
		<font>
			<name>BreadCrumbFontBold</name>
			<filename>arial-caps.ttf</filename>
			<style>bold</style>
			<aspect>0.90</aspect>
			<size>17</size>
		</font>
		<font>
			<name>NowPlayingFont</name>
			<filename>arial-caps.ttf</filename>
			<style>bold</style>
			<aspect>0.90</aspect>
			<size>13</size>
		</font>
		<font>
			<name>NowPlayingFont2</name>
			<filename>arial-caps.ttf</filename>
			<style>bold</style>
			<aspect>0.90</aspect>
			<size>13</size>
		</font>
		
		<font>
			<name>MenuBarBtnFont</name>
			<filename>arial-caps.ttf</filename>
			<style>bold</style>
			<size>12</size>
		</font>
		<font>
			<name>MenuItemFont</name>
			<filename>arial-caps.ttf</filename>
			<style>bold</style>
			<size>12</size>
		</font>
		<font>
			<name>MusicPlayingHomeFont</name>
			<filename>arial-caps.ttf</filename>
			<style>bold</style>
			<size>64</size>
		</font>
		
		<font>
			<name>FullMediaInfoTitleFont</name>
			<filename>arial-caps.ttf</filename>
			<size>24</size>
		</font>
		<font>
			<name>FullMediaInfoTitleFont2</name>
			<filename>arial-caps.ttf</filename>
			<size>18</size>
		</font>
		<font>
			<name>FullMediaInfoTitleFont3</name>
			<filename>arial-caps.ttf</filename>
			<size>29</size>
		</font>
		<font>
			<name>FullMediaInfoFont</name>
			<filename>arial-caps.ttf</filename>
			<size>16</size>
		</font>
		<font>
			<name>FullMediaInfoFont2</name>
			<filename>arial-caps.ttf</filename>
			<size>16</size>
		</font>
		<font>
			<name>FullMediaInfoTaglineFont</name>
			<filename>arial-caps.ttf</filename>
			<size>13</size>
		</font>
		<font>
			<name>FullMediaInfoDescFont</name>
			<filename>arial.ttf</filename>
			<size>16</size>
		</font>
			
		<font>
			<name>MediaInfoFont</name>
			<filename>arial-caps.ttf</filename>
			<style>bold</style>
			<size>15</size>
		</font>
		<font>
			<name>MediaInfoFont2</name>
			<filename>arial-caps.ttf</filename>
			<size>15</size>
		</font>
		<font>
			<name>MediaInfoFont3</name>
			<filename>arial-caps.ttf</filename>
			<aspect>0.85</aspect>
			<size>14</size>
		</font>
		<font>
			<name>MediaFlagSubtitleFont</name>
			<filename>arial-caps.ttf</filename>
			<aspect>0.90</aspect>
			<size>15</size>
		</font>
		<font>
			<name>MediaInfoDescFont</name>
			<filename>arial.ttf</filename>
			<size>16</size>
		</font>
		<font>
			<name>DialogMediaInfoFont</name>
			<filename>arial-caps.ttf</filename>
			<style>bold</style>
			<size>14</size>
		</font>
		
		<font>
			<name>PanelTitleFont</name>
			<filename>arial-caps.ttf</filename>
			<style>bold</style>
			<size>18</size>
		</font>
		<font>
			<name>PanelInfoHeadFont</name>
			<filename>arial-caps.ttf</filename>
			<style>bold</style>
			<size>16</size>
		</font>
		<font>
			<name>PanelInfoFont</name>
			<filename>arial-caps.ttf</filename>
			<style>bold</style>
			<size>14</size>
		</font>
		<font>
			<name>PanelStatsFont</name>
			<filename>arial-caps.ttf</filename>
			<style>bold</style>
			<size>12</size>
		</font>
			
		<font>
			<name>FSInfoTitleFont</name>
			<filename>arial-caps.ttf</filename>
			<style>bold</style>
			<size>24</size>
		</font>
		<font>
			<name>FSInfoFont</name>
			<filename>arial-caps.ttf</filename>
			<size>15</size>
		</font>
		<font>
			<name>FSInfoFont2</name>
			<filename>arial-caps.ttf</filename>
			<size>15</size>
		</font>
		<font>
			<name>OSDFont</name>
			<filename>arial.ttf</filename>
			<style>bold</style>
			<size>18</size>
		</font>
		<font>
			<name>PausedFont</name>
			<filename>arial-caps.ttf</filename>
			<size>82</size>
		</font>
		
		<font>
			<name>InfoPaneFont</name>
			<filename>arial-caps.ttf</filename>
			<style>bold</style>
			<size>14</size>
		</font>
		<font>
			<name>InfoPaneFont2</name>
			<filename>arial-caps.ttf</filename>
			<style>bold</style>
			<size>14</size>
		</font>
		
		<font>
			<name>WeatherCurrentDayFont</name>
			<filename>arial-caps.ttf</filename>
			<style>bold</style>
			<size>23</size>
		</font>
		<font>
			<name>WeatherWeekDayFont</name>
			<filename>arial-caps.ttf</filename>
			<style>bold</style>
			<size>17</size>
		</font>
		<font>
			<name>WeatherCurrentTempFont</name>
			<filename>arial-caps.ttf</filename>
			<style>bold</style>
			<size>55</size>
		</font>
		<font>
			<name>WeatherCurrentConditionFont</name>
			<filename>arial-caps.ttf</filename>
			<style>bold</style>
			<size>21</size>
		</font>
		<font>
			<name>WeatherCurrentReadingFont</name>
			<filename>arial.ttf</filename>
			<style>bold</style>
			<size>19</size>
		</font>
		<font>
			<name>WeatherReadingFont</name>
			<filename>arial.ttf</filename>
			<style>bold</style>
			<size>17</size>
		</font>
		<font>
			<name>WeatherConditionFont</name>
			<filename>arial.ttf</filename>
			<style>bold</style>
			<size>17</size>
		</font>
		
		<font>
			<name>SlideShowCaptionFont</name>
			<filename>arial.ttf</filename>
			<style>bold</style>
			<size>20</size>
		</font>
		
		<font>
			<name>NextAiredDayFont</name>
			<filename>arial-caps.ttf</filename>
			<style>bold</style>
			<size>21</size>
		</font>
		<font>
			<name>NextAiredDateFont</name>
			<filename>arial-caps.ttf</filename>
			<style>bold</style>
			<size>15</size>
		</font>
		<font>
			<name>NextAiredTimeFont</name>
			<filename>arial-caps.ttf</filename>
			<style>bold</style>
			<size>13</size>
		</font>
		<font>
			<name>YoutubeBrowserFont</name>
			<filename>arial-caps.ttf</filename>
			<aspect>0.96</aspect>
			<size>13</size>
		</font>
		
		<font>
			<name>HomeSubMenuBtnFont</name>
			<filename>arial-caps.ttf</filename>
			<style>bold</style>
			<size>13</size>
		</font>
		<font>
			<name>DialogTitleFont</name>
			<filename>arial-caps.ttf</filename>
			<style>bold</style>
			<size>16</size>
		</font>
		<font>
			<name>DialogHeadFont</name>
			<filename>arial-caps.ttf</filename>
			<style>bold</style>
			<size>13</size>
		</font>
		<font>
			<name>ButtonFont</name>
			<filename>arial-caps.ttf</filename>
			<style>bold</style>
			<size>12</size>
		</font>
		<font>
			<name>ButtonFont2</name>
			<filename>arial.ttf</filename>
			<style>bold</style>
			<size>15</size>
		</font>
		<font>
			<name>ProfileNameFont</name>
			<filename>arial-caps.ttf</filename>
			<style>bold</style>
			<size>24</size>
		</font>
		<font>
			<name>SubMenuArrowFont</name>
			<filename>arial-caps.ttf</filename>
			<size>11</size>
		</font>
		<font>
			<name>SettingsCatFont</name>
			<filename>arial-caps.ttf</filename>
			<style>bold</style>
			<size>17</size>
		</font>
		<font>
			<name>SettingsHeadFont</name>
			<filename>arial-caps.ttf</filename>
			<style>bold</style>
			<size>15</size>
		</font>
		<font>
			<name>SettingsContentFont</name>
			<filename>arial-caps.ttf</filename>
			<size>14</size>
		</font>
		<font>
			<name>SettingsContentFont2</name>
			<filename>arial.ttf</filename>
			<size>14</size>
		</font>
		<font>
			<name>ScreenCalibrationFont</name>
			<filename>arial-caps.ttf</filename>
			<style>bold</style>
			<size>20</size>
		</font>
		<font>
			<name>KaraokeFont</name>
			<filename>arial-caps.ttf</filename>
			<size>19</size>
		</font>
		<font>
			<name>SpinControlFont</name>
			<filename>arial-caps.ttf</filename>
			<style>bold</style>
			<size>12</size>
		</font>
		<font>
			<name>RSSFont</name>
			<filename>arial-caps.ttf</filename>
			<style>bold</style>
			<aspect>0.90</aspect>
			<size>17</size>
		</font>
		<font>
			<name>FileManagerInfoFont</name>
			<filename>arial.ttf</filename>
			<size>16</size>
		</font>
		<!-- Lyrics -->
		<font>
			<name>lyrics1</name>
			<filename>lyrics/SF Distant Galaxy.ttf</filename>
			<style>lowercase</style>
			<linespacing>0.9</linespacing>
			<size>80</size>
		</font>
		<font>
			<name>lyrics1b</name>
			<filename>lyrics/Blogger_Sans-Bold.ttf</filename>
			<linespacing>0.8</linespacing>
			<size>50</size>
		</font>
		<font>
			<name>lyrics2</name>
			<filename>lyrics/theboldfont.ttf</filename>
			<linespacing>0.9</linespacing>
			<size>80</size>
		</font>
		<font>
			<name>lyrics2b</name>
			<filename>lyrics/Days.ttf</filename>
			<linespacing>0.85</linespacing>
			<size>41</size>
		</font>
		<font>
			<name>lyrics3</name>
			<filename>lyrics/Geomancy - Extra Bold.ttf</filename>
			<linespacing>0.9</linespacing>
			<size>80</size>
		</font>
		<font>
			<name>lyrics3b</name>
			<filename>lyrics/Exo2-BlackItalic.ttf</filename>
			<linespacing>0.85</linespacing>
			<size>41</size>
		</font>
		<font>
			<name>lyrics4</name>
			<filename>lyrics/HighlandGothicFLF.ttf</filename>
			<linespacing>0.8</linespacing>
			<size>40</size>
		</font>
		<font>
			<name>lyrics4b</name>
			<filename>lyrics/theboldfont.ttf</filename>
			<linespacing>0.9</linespacing>
			<size>80</size>
		</font>
		<font>
			<name>lyrics5</name>
			<style>uppercase</style>
			<filename>lyrics/Digitalt.ttf</filename>
			<size>93</size>
		</font>
		<font>
			<name>lyrics5b</name>
			<filename>lyrics/Blogger_Sans-Bold.ttf</filename>
			<linespacing>0.8</linespacing>
			<size>50</size>
		</font>
		<font>
			<name>lyrics6</name>
			<filename>lyrics/BOXING.ttf</filename>
			<aspect>1.3</aspect>
			<style>lowercase</style>
			<linespacing>0.9</linespacing>
			<size>69</size>
		</font>
		<font>
			<name>lyrics6b</name>
			<filename>lyrics/HighlandGothicFLF.ttf</filename>
			<linespacing>0.8</linespacing>
			<size>40</size>
		</font>
		<font>
			<name>lyrics7</name>
			<filename>lyrics/SF Distant Galaxy.ttf</filename>
			<style>lowercase</style>
			<linespacing>0.9</linespacing>
			<size>80</size>
		</font>
		<font>
			<name>lyrics7b</name>
			<filename>lyrics/Exo2-BlackItalic.ttf</filename>
			<linespacing>0.85</linespacing>
			<size>41</size>
		</font>
		<font>
			<name>lyrics8</name>
			<filename>lyrics/Geomancy - Extra Bold.ttf</filename>
			<linespacing>0.9</linespacing>
			<size>80</size>
		</font>
		<font>
			<name>lyrics8b</name>
			<filename>lyrics/BubblegumSans-Regular.ttf</filename>
			<linespacing>0.85</linespacing>
			<size>47</size>
		</font>
		<font>
			<name>lyrics9</name>
			<filename>lyrics/BOXING.ttf</filename>
			<style>lowercase</style>
			<linespacing>0.9</linespacing>
			<size>183</size>
		</font>
		<font>
			<name>lyrics9b</name>
			<filename>lyrics/BOXING.ttf</filename>
			<style>lowercase</style>
			<linespacing>0.9</linespacing>
			<size>110</size>
		</font>
		<font>
			<name>lyrics9c</name>
			<filename>lyrics/BOXING.ttf</filename>
			<style>lowercase</style>
			<linespacing>0.9</linespacing>
			<size>147</size>
		</font>
		<font>
			<name>lyrics9d</name>
			<filename>lyrics/Days.ttf</filename>
			<linespacing>0.85</linespacing>
			<size>40</size>
		</font>
		<font>
			<name>lyrics0</name>
			<style>uppercase</style>
			<filename>lyrics/Digitalt.ttf</filename>
			<size>83</size>
		</font>
		<font>
			<name>lyrics0a</name>
			<style>uppercase</style>
			<filename>lyrics/Digitalt.ttf</filename>
			<size>117</size>
		</font>
		<font>
			<name>lyrics0b</name>
			<style>uppercase</style>
			<filename>lyrics/Digitalt.ttf</filename>
			<size>150</size>
		</font>
		<font>
			<name>lyrics0c</name>
			<filename>lyrics/BubblegumSans-Regular.ttf</filename>
			<linespacing>0.85</linespacing>
			<size>47</size>
		</font>
		<font>
			<name>lyrics1s</name>
			<filename>lyrics/BubblegumSans-Regular.ttf</filename>
			<linespacing>1.15</linespacing>
			<size>51</size>
		</font>
		<font>
			<name>lyrics3s</name>
			<filename>lyrics/Blogger_Sans-Bold.ttf</filename>
			<linespacing>0.80</linespacing>
			<aspect>1.1</aspect>
			<size>61</size>
		</font>
		<font>
			<name>lyrics5s</name>
			<filename>lyrics/Days.ttf</filename>
			<linespacing>0.8</linespacing>
			<size>53</size>
		</font>
		<font>
			<name>lyrics7s</name>
			<filename>lyrics/HighlandGothicFLF.ttf</filename>
			<style>bold</style>
			<linespacing>0.75</linespacing>
			<size>48</size>
		</font>
		<font>
			<name>lyrics9s</name>
			<filename>lyrics/Exo2-BlackItalic.ttf</filename>
			<linespacing>0.85</linespacing>
			<size>53</size>
		</font>
	</fontset>
	
	<fontset id="Homizio Nova" idloc="31194">
		<!-- Home screen categories -->
		<font>
			<name>HomeCategoryLabelUnfocusFont</name>
			<filename>homizio nova.ttf</filename>
			<size>37</size>
			<style>uppercase bold</style>
		</font>
		<font>
			<name>HomeCategoryLabelFocusFont</name>
			<filename>homizio nova.ttf</filename>
			<size>50</size>
			<style>uppercase bold</style>
		</font>
		<font>
			<name>HomeCategoryLabel2Font</name>
			<filename>homizio nova.ttf</filename>
			<size>16</size>
			<style>uppercase bold</style>
		</font>
		
		<font>
			<name>font13</name>
			<filename>homizio nova.ttf</filename>
			<size>18</size>
		</font>
		<font>
			<name>font18</name>
			<filename>homizio nova.ttf</filename>
			<size>19</size>
		</font>
		<font>
			<name>DefaultHeadFont</name>
			<filename>homizio nova.ttf</filename>
			<size>18</size>
			<style>uppercase bold</style>
		</font>
		<font>
			<name>DefaultHeadFont2</name>
			<filename>homizio nova.ttf</filename>
			<size>34</size>
			<style>uppercase bold</style>
		</font>
		<font>
			<name>DefaultFont</name>
			<filename>homizio nova.ttf</filename>
			<size>18</size>
		</font>
		<font>
			<name>DefaultFontB</name>
			<filename>homizio nova.ttf</filename>
			<size>18</size>
			<style>bold</style>
		</font>
		
		<font>
			<name>IconFont</name>
			<filename>homizio nova.ttf</filename>
			<size>18</size>
			<style>bold</style>
		</font>
		<font>
			<name>ListFont</name>
			<filename>homizio nova.ttf</filename>
			<size>18</size>
		</font>
		<font>
			<name>ListFont2</name>
			<filename>homizio nova.ttf</filename>
			<size>18</size>
			<style>bold</style>
		</font>
		<font>
			<name>ListFont3</name>
			<filename>homizio nova.ttf</filename>
			<size>15</size>
		</font>
		<font>
			<name>ListFont4</name>
			<filename>homizio nova.ttf</filename>
			<size>12</size>
		</font>
		<font>
			<name>ListFont5</name>
			<filename>homizio nova.ttf</filename>
			<size>16</size>
		</font>
		<font>
			<name>ListFont6</name>
			<filename>homizio nova.ttf</filename>
			<size>11</size>
		</font>
		<font>
			<name>ListFont7</name>
			<filename>homizio nova.ttf</filename>
			<size>14</size>
		</font>
		<font>
			<name>ListFont8</name>
			<filename>homizio nova.ttf</filename>
			<size>13</size>
		</font>
		<font>
			<name>WideListFont</name>
			<filename>homizio nova.ttf</filename>
			<size>18</size>
		</font>
		<font>
			<name>WideListFont2</name>
			<filename>homizio nova.ttf</filename>
			<size>18</size>
			<style>uppercase bold</style>
		</font>
		<font>
			<name>WideListFont3</name>
			<filename>homizio nova.ttf</filename>
			<size>19</size>
		</font>
		<font>
			<name>WrapListFont</name>
			<filename>homizio nova.ttf</filename>
			<size>21</size>
			<style>uppercase bold</style>
		</font>
		<font>
			<name>WrapListRatingFont</name>
			<filename>homizio nova.ttf</filename>
			<size>28</size>
			<style>uppercase bold</style>
		</font>
		
		<font>
			<name>BreadCrumbFont</name>
			<filename>homizio nova.ttf</filename>
			<size>20</size>
			<style>uppercase bold</style>
		</font>
		<font>
			<name>BreadCrumbFontBold</name>
			<filename>homizio nova.ttf</filename>
			<size>20</size>
			<style>bold uppercase</style>
		</font>
		<font>
			<name>NowPlayingFont</name>
			<filename>homizio nova.ttf</filename>
			<size>16</size>
			<style>uppercase bold</style>
		</font>
		<font>
			<name>NowPlayingFont2</name>
			<filename>homizio nova.ttf</filename>
			<size>16</size>
			<style>uppercase bold</style>
		</font>
		
		<font>
			<name>MenuBarBtnFont</name>
			<filename>homizio nova.ttf</filename>
			<size>14</size>
			<style>uppercase bold</style>
		</font>
		<font>
			<name>MenuItemFont</name>
			<filename>homizio nova.ttf</filename>
			<size>14</size>
			<style>uppercase bold</style>
		</font>
		<font>
			<name>MusicPlayingHomeFont</name>
			<filename>homizio nova.ttf</filename>
			<size>67</size>
			<style>uppercase bold</style>
		</font>
		
		<font>
			<name>FullMediaInfoTitleFont</name>
			<filename>homizio nova.ttf</filename>
			<size>27</size>
			<style>uppercase</style>
		</font>
		<font>
			<name>FullMediaInfoTitleFont2</name>
			<filename>homizio nova.ttf</filename>
			<size>21</size>
			<style>uppercase</style>
		</font>
		<font>
			<name>FullMediaInfoTitleFont3</name>
			<filename>homizio nova.ttf</filename>
			<size>32</size>
			<style>uppercase</style>
		</font>
		<font>
			<name>FullMediaInfoFont</name>
			<filename>homizio nova.ttf</filename>
			<size>19</size>
			<style>uppercase</style>
		</font>
		<font>
			<name>FullMediaInfoFont2</name>
			<filename>homizio nova.ttf</filename>
			<size>19</size>
			<style>uppercase</style>
		</font>
		<font>
			<name>FullMediaInfoTaglineFont</name>
			<filename>homizio nova.ttf</filename>
			<size>16</size>
			<style>uppercase</style>
		</font>
		<font>
			<name>FullMediaInfoDescFont</name>
			<filename>homizio nova.ttf</filename>
			<size>19</size>
		</font>
			
		<font>
			<name>MediaInfoFont</name>
			<filename>homizio nova.ttf</filename>
			<size>18</size>
			<style>uppercase bold</style>
		</font>
		<font>
			<name>MediaInfoFont2</name>
			<filename>homizio nova.ttf</filename>
			<size>18</size>
			<style>uppercase</style>
		</font>
		<font>
			<name>MediaInfoFont3</name>
			<filename>homizio nova.ttf</filename>
			<aspect>0.85</aspect>
			<size>17</size>
			<style>uppercase</style>
		</font>
		<font>
			<name>MediaFlagSubtitleFont</name>
			<filename>homizio nova.ttf</filename>
			<aspect>0.90</aspect>
			<size>18</size>
			<style>uppercase bold</style>
		</font>
		<font>
			<name>MediaInfoDescFont</name>
			<filename>homizio nova.ttf</filename>
			<size>19</size>
		</font>
		<font>
			<name>DialogMediaInfoFont</name>
			<filename>homizio nova.ttf</filename>
			<size>17</size>
			<style>uppercase bold</style>
		</font>
		
		<font>
			<name>PanelTitleFont</name>
			<filename>homizio nova.ttf</filename>
			<size>21</size>
			<style>uppercase bold</style>
		</font>
		<font>
			<name>PanelInfoHeadFont</name>
			<filename>homizio nova.ttf</filename>
			<size>19</size>
			<style>uppercase bold</style>
		</font>
		<font>
			<name>PanelInfoFont</name>
			<filename>homizio nova.ttf</filename>
			<size>17</size>
			<style>uppercase bold</style>
		</font>
		<font>
			<name>PanelStatsFont</name>
			<filename>homizio nova.ttf</filename>
			<size>15</size>
			<style>uppercase bold</style>
		</font>
			
		<font>
			<name>FSInfoTitleFont</name>
			<filename>homizio nova.ttf</filename>
			<size>27</size>
			<style>uppercase bold</style>
		</font>
		<font>
			<name>PausedFont</name>
			<filename>homizio nova.ttf</filename>
			<size>87</size>
			<style>uppercase bold</style>
		</font>
		<font>
			<name>FSInfoFont</name>
			<filename>homizio nova.ttf</filename>
			<size>18</size>
			<style>uppercase</style>
		</font>
		<font>
			<name>FSInfoFont2</name>
			<filename>homizio nova.ttf</filename>
			<size>18</size>
			<style>uppercase</style>
		</font>
		<font>
			<name>OSDFont</name>
			<filename>homizio nova.ttf</filename>
			<size>21</size>
			<style>bold</style>
		</font>
		
		<font>
			<name>InfoPaneFont</name>
			<filename>homizio nova.ttf</filename>
			<size>17</size>
			<style>uppercase bold</style>
		</font>
		<font>
			<name>InfoPaneFont2</name>
			<filename>homizio nova.ttf</filename>
			<size>17</size>
			<style>uppercase bold</style>
		</font>
		
		<font>
			<name>WeatherCurrentDayFont</name>
			<filename>homizio nova.ttf</filename>
			<size>26</size>
			<style>uppercase bold</style>
		</font>
		<font>
			<name>WeatherWeekDayFont</name>
			<filename>homizio nova.ttf</filename>
			<size>20</size>
			<style>uppercase bold</style>
		</font>
		<font>
			<name>WeatherCurrentTempFont</name>
			<filename>homizio nova.ttf</filename>
			<size>58</size>
			<style>uppercase bold</style>
		</font>
		<font>
			<name>WeatherCurrentConditionFont</name>
			<filename>homizio nova.ttf</filename>
			<size>24</size>
			<style>uppercase bold</style>
		</font>
		<font>
			<name>WeatherCurrentReadingFont</name>
			<filename>homizio nova.ttf</filename>
			<size>22</size>
			<style>bold</style>
		</font>
		<font>
			<name>WeatherCurrentReadingFont2</name>
			<filename>homizio nova.ttf</filename>
			<size>22</size>
		</font>
		<font>
			<name>WeatherReadingFont</name>
			<filename>homizio nova.ttf</filename>
			<size>20</size>
			<style>bold</style>
		</font>
		<font>
			<name>WeatherConditionFont</name>
			<filename>homizio nova.ttf</filename>
			<size>20</size>
			<style>bold</style>
		</font>
		
		<font>
			<name>SlideShowCaptionFont</name>
			<filename>homizio nova.ttf</filename>
			<size>23</size>
			<style>bold</style>
		</font>
		
		<font>
			<name>NextAiredDayFont</name>
			<filename>homizio nova.ttf</filename>
			<size>24</size>
			<style>uppercase bold</style>
		</font>
		<font>
			<name>NextAiredDateFont</name>
			<filename>homizio nova.ttf</filename>
			<size>18</size>
			<style>uppercase bold</style>
		</font>
		<font>
			<name>NextAiredTimeFont</name>
			<filename>homizio nova.ttf</filename>
			<size>16</size>
			<style>uppercase bold</style>
		</font>
		
		<font>
			<name>HomeSubMenuBtnFont</name>
			<filename>homizio nova.ttf</filename>
			<size>16</size>
			<style>uppercase bold</style>
		</font>
		<font>
			<name>DialogTitleFont</name>
			<filename>homizio nova.ttf</filename>
			<size>18</size>
			<style>uppercase bold</style>
		</font>
		<font>
			<name>DialogHeadFont</name>
			<filename>homizio nova.ttf</filename>
			<size>16</size>
			<style>uppercase bold</style>
		</font>
		<font>
			<name>ButtonFont</name>
			<filename>homizio nova.ttf</filename>
			<size>14</size>
			<style>uppercase bold</style>
		</font>
		<font>
			<name>ButtonFont2</name>
			<filename>homizio nova.ttf</filename>
			<size>18</size>
			<style>bold</style>
		</font>
		<font>
			<name>ProfileNameFont</name>
			<filename>homizio nova.ttf</filename>
			<size>26</size>
			<style>uppercase</style>
		</font>
		<font>
			<name>YoutubeBrowserFont</name>
			<filename>homizio nova.ttf</filename>
			<aspect>0.96</aspect>
			<size>15</size>
			<style>uppercase</style>
		</font>
		<font>
			<name>SubMenuArrowFont</name>
			<filename>homizio nova.ttf</filename>
			<size>14</size>
			<style>uppercase</style>
		</font>
		<font>
			<name>SettingsCatFont</name>
			<filename>homizio nova.ttf</filename>
			<size>20</size>
			<style>uppercase bold</style>
		</font>
		<font>
			<name>SettingsHeadFont</name>
			<filename>homizio nova.ttf</filename>
			<size>18</size>
			<style>uppercase bold</style>
		</font>
		<font>
			<name>SettingsContentFont</name>
			<filename>homizio nova.ttf</filename>
			<size>17</size>
			<style>uppercase</style>
		</font>
		<font>
			<name>SettingsContentFont2</name>
			<filename>homizio nova.ttf</filename>
			<size>17</size>
		</font>
		<font>
			<name>ScreenCalibrationFont</name>
			<filename>homizio nova.ttf</filename>
			<size>22</size>
			<style>uppercase</style>
		</font>
		<font>
			<name>KaraokeFont</name>
			<filename>homizio nova.ttf</filename>
			<size>22</size>
			<style>uppercase</style>
		</font>
		<font>
			<name>SpinControlFont</name>
			<filename>homizio nova.ttf</filename>
			<size>14</size>
			<style>uppercase</style>
		</font>
		<font>
			<name>RSSFont</name>
			<filename>homizio nova.ttf</filename>
			<size>20</size>
			<style>uppercase</style>
		</font>
		<font>
			<name>FileManagerInfoFont</name>
			<filename>homizio nova.ttf</filename>
			<size>19</size>
		</font>
		<!-- Lyrics -->
		<font>
			<name>lyrics1</name>
			<filename>lyrics/SF Distant Galaxy.ttf</filename>
			<style>lowercase</style>
			<linespacing>0.9</linespacing>
			<size>80</size>
		</font>
		<font>
			<name>lyrics1b</name>
			<filename>lyrics/Blogger_Sans-Bold.ttf</filename>
			<linespacing>0.8</linespacing>
			<size>50</size>
		</font>
		<font>
			<name>lyrics2</name>
			<filename>lyrics/theboldfont.ttf</filename>
			<linespacing>0.9</linespacing>
			<size>80</size>
		</font>
		<font>
			<name>lyrics2b</name>
			<filename>lyrics/Days.ttf</filename>
			<linespacing>0.85</linespacing>
			<size>41</size>
		</font>
		<font>
			<name>lyrics3</name>
			<filename>lyrics/Geomancy - Extra Bold.ttf</filename>
			<linespacing>0.9</linespacing>
			<size>80</size>
		</font>
		<font>
			<name>lyrics3b</name>
			<filename>lyrics/Exo2-BlackItalic.ttf</filename>
			<linespacing>0.85</linespacing>
			<size>41</size>
		</font>
		<font>
			<name>lyrics4</name>
			<filename>lyrics/HighlandGothicFLF.ttf</filename>
			<linespacing>0.8</linespacing>
			<size>40</size>
		</font>
		<font>
			<name>lyrics4b</name>
			<filename>lyrics/theboldfont.ttf</filename>
			<linespacing>0.9</linespacing>
			<size>80</size>
		</font>
		<font>
			<name>lyrics5</name>
			<style>uppercase</style>
			<filename>lyrics/Digitalt.ttf</filename>
			<size>93</size>
		</font>
		<font>
			<name>lyrics5b</name>
			<filename>lyrics/Blogger_Sans-Bold.ttf</filename>
			<linespacing>0.8</linespacing>
			<size>50</size>
		</font>
		<font>
			<name>lyrics6</name>
			<filename>lyrics/BOXING.ttf</filename>
			<aspect>1.3</aspect>
			<style>lowercase</style>
			<linespacing>0.9</linespacing>
			<size>69</size>
		</font>
		<font>
			<name>lyrics6b</name>
			<filename>lyrics/HighlandGothicFLF.ttf</filename>
			<linespacing>0.8</linespacing>
			<size>40</size>
		</font>
		<font>
			<name>lyrics7</name>
			<filename>lyrics/SF Distant Galaxy.ttf</filename>
			<style>lowercase</style>
			<linespacing>0.9</linespacing>
			<size>80</size>
		</font>
		<font>
			<name>lyrics7b</name>
			<filename>lyrics/Exo2-BlackItalic.ttf</filename>
			<linespacing>0.85</linespacing>
			<size>41</size>
		</font>
		<font>
			<name>lyrics8</name>
			<filename>lyrics/Geomancy - Extra Bold.ttf</filename>
			<linespacing>0.9</linespacing>
			<size>80</size>
		</font>
		<font>
			<name>lyrics8b</name>
			<filename>lyrics/BubblegumSans-Regular.ttf</filename>
			<linespacing>0.85</linespacing>
			<size>47</size>
		</font>
		<font>
			<name>lyrics9</name>
			<filename>lyrics/BOXING.ttf</filename>
			<style>lowercase</style>
			<linespacing>0.9</linespacing>
			<size>183</size>
		</font>
		<font>
			<name>lyrics9b</name>
			<filename>lyrics/BOXING.ttf</filename>
			<style>lowercase</style>
			<linespacing>0.9</linespacing>
			<size>110</size>
		</font>
		<font>
			<name>lyrics9c</name>
			<filename>lyrics/BOXING.ttf</filename>
			<style>lowercase</style>
			<linespacing>0.9</linespacing>
			<size>147</size>
		</font>
		<font>
			<name>lyrics9d</name>
			<filename>lyrics/Days.ttf</filename>
			<linespacing>0.85</linespacing>
			<size>40</size>
		</font>
		<font>
			<name>lyrics0</name>
			<style>uppercase</style>
			<filename>lyrics/Digitalt.ttf</filename>
			<size>83</size>
		</font>
		<font>
			<name>lyrics0a</name>
			<style>uppercase</style>
			<filename>lyrics/Digitalt.ttf</filename>
			<size>117</size>
		</font>
		<font>
			<name>lyrics0b</name>
			<style>uppercase</style>
			<filename>lyrics/Digitalt.ttf</filename>
			<size>150</size>
		</font>
		<font>
			<name>lyrics0c</name>
			<filename>lyrics/BubblegumSans-Regular.ttf</filename>
			<linespacing>0.85</linespacing>
			<size>47</size>
		</font>
		<font>
			<name>lyrics1s</name>
			<filename>lyrics/BubblegumSans-Regular.ttf</filename>
			<linespacing>1.15</linespacing>
			<size>51</size>
		</font>
		<font>
			<name>lyrics3s</name>
			<filename>lyrics/Blogger_Sans-Bold.ttf</filename>
			<linespacing>0.80</linespacing>
			<aspect>1.1</aspect>
			<size>61</size>
		</font>
		<font>
			<name>lyrics5s</name>
			<filename>lyrics/Days.ttf</filename>
			<linespacing>0.8</linespacing>
			<size>53</size>
		</font>
		<font>
			<name>lyrics7s</name>
			<filename>lyrics/HighlandGothicFLF.ttf</filename>
			<style>bold</style>
			<linespacing>0.75</linespacing>
			<size>48</size>
		</font>
		<font>
			<name>lyrics9s</name>
			<filename>lyrics/Exo2-BlackItalic.ttf</filename>
			<linespacing>0.85</linespacing>
			<size>53</size>
		</font>
	</fontset>
	
	<fontset id="multilingual" idloc="21418">
		<!-- Home screen categories -->
		<font>
			<name>HomeCategoryLabelUnfocusFont</name>
			<filename>multilingual.ttf</filename>
			<size>40</size>
			<style>uppercase lighten</style>
			<aspect>0.86</aspect>
		</font>
		<font>
			<name>HomeCategoryLabelFocusFont</name>
			<filename>multilingual.ttf</filename>
			<size>54</size>
			<style>uppercase lighten</style>
			<aspect>0.86</aspect>
		</font>
		<font>
			<name>HomeCategoryLabel2Font</name>
			<filename>multilingual.ttf</filename>
			<size>16</size>
			<style>uppercase</style>
			<aspect>0.90</aspect>
		</font>
		
		<font>
			<name>font13</name>
			<filename>multilingual.ttf</filename>
			<size>16</size>
			<linespacing>0.75</linespacing> 
		</font>
		<font>
			<name>font18</name>
			<filename>multilingual.ttf</filename>
			<size>17</size>
			<linespacing>0.75</linespacing> 
		</font>
		<font>
			<name>DefaultHeadFont</name>
			<filename>multilingual.ttf</filename>
			<size>16</size>
			<style>uppercase bold</style>
			<linespacing>0.75</linespacing> 
		</font>
		<font>
			<name>DefaultHeadFont2</name>
			<filename>multilingual.ttf</filename>
			<size>32</size>
			<style>uppercase bold</style>
			<linespacing>0.75</linespacing> 
		</font>
		<font>
			<name>DefaultFont</name>
			<filename>multilingual.ttf</filename>
			<size>16</size>
			<linespacing>0.75</linespacing> 
		</font>
		<font>
			<name>DefaultFontB</name>
			<filename>multilingual.ttf</filename>
			<size>16</size>
			<style>bold</style>
			<linespacing>0.75</linespacing> 
		</font>
		
		<font>
			<name>IconFont</name>
			<filename>multilingual.ttf</filename>
			<size>16</size>
			<style>bold</style>
			<linespacing>0.75</linespacing> 
		</font>
		<font>
			<name>ListFont</name>
			<filename>multilingual.ttf</filename>
			<size>16</size>
			<linespacing>0.75</linespacing> 
		</font>
		<font>
			<name>ListFont2</name>
			<filename>multilingual.ttf</filename>
			<size>16</size>
			<style>bold</style>
			<linespacing>0.75</linespacing> 
		</font>
		<font>
			<name>ListFont3</name>
			<filename>multilingual.ttf</filename>
			<size>13</size>
			<linespacing>0.75</linespacing> 
		</font>
		<font>
			<name>ListFont4</name>
			<filename>multilingual.ttf</filename>
			<size>10</size>
			<linespacing>0.75</linespacing> 
		</font>
		<font>
			<name>ListFont5</name>
			<filename>multilingual.ttf</filename>
			<size>14</size>
			<linespacing>0.75</linespacing> 
		</font>
		<font>
			<name>ListFont6</name>
			<filename>multilingual.ttf</filename>
			<size>9</size>
			<linespacing>0.75</linespacing> 
		</font>
		<font>
			<name>ListFont7</name>
			<filename>multilingual.ttf</filename>
			<size>12</size>
			<linespacing>0.75</linespacing> 
		</font>
		<font>
			<name>ListFont8</name>
			<filename>multilingual.ttf</filename>
			<size>11</size>
			<linespacing>0.75</linespacing> 
		</font>
		<font>
			<name>WideListFont</name>
			<filename>multilingual.ttf</filename>
			<size>16</size>
			<linespacing>0.75</linespacing> 
		</font>
		<font>
			<name>WideListFont2</name>
			<filename>multilingual.ttf</filename>
			<size>16</size>
			<style>uppercase bold</style>
			<linespacing>0.75</linespacing> 
		</font>
		<font>
			<name>WideListFont3</name>
			<filename>multilingual.ttf</filename>
			<size>17</size>
			<linespacing>0.75</linespacing> 
		</font>
		<font>
			<name>WrapListFont</name>
			<filename>multilingual.ttf</filename>
			<size>19</size>
			<style>uppercase bold</style>
			<linespacing>0.75</linespacing> 
		</font>
		<font>
			<name>WrapListRatingFont</name>
			<filename>multilingual.ttf</filename>
			<size>26</size>
			<style>uppercase bold</style>
			<linespacing>0.75</linespacing> 
		</font>
		
		<font>
			<name>BreadCrumbFont</name>
			<filename>multilingual.ttf</filename>
			<size>18</size>
			<style>uppercase bold</style>
			<linespacing>0.75</linespacing> 
		</font>
		<font>
			<name>BreadCrumbFontBold</name>
			<filename>multilingual.ttf</filename>
			<size>18</size>
			<style>bold uppercase</style>
			<linespacing>0.75</linespacing> 
		</font>
		<font>
			<name>NowPlayingFont</name>
			<filename>multilingual.ttf</filename>
			<size>14</size>
			<style>uppercase bold</style>
			<linespacing>0.75</linespacing> 
		</font>
		<font>
			<name>NowPlayingFont2</name>
			<filename>multilingual.ttf</filename>
			<size>14</size>
			<style>uppercase bold</style>
			<linespacing>0.75</linespacing> 
		</font>
		
		<font>
			<name>MenuBarBtnFont</name>
			<filename>multilingual.ttf</filename>
			<size>12</size>
			<style>uppercase bold</style>
			<linespacing>0.75</linespacing> 
		</font>
		<font>
			<name>MenuItemFont</name>
			<filename>multilingual.ttf</filename>
			<size>12</size>
			<style>uppercase</style>
			<linespacing>0.75</linespacing> 
		</font>
		<font>
			<name>MusicPlayingHomeFont</name>
			<filename>multilingual.ttf</filename>
			<size>65</size>
			<style>uppercase bold</style>
			<linespacing>0.75</linespacing> 
		</font>
		
		<font>
			<name>FullMediaInfoTitleFont</name>
			<filename>multilingual.ttf</filename>
			<size>25</size>
			<style>uppercase</style>
			<linespacing>0.75</linespacing> 
		</font>
		<font>
			<name>FullMediaInfoTitleFont2</name>
			<filename>multilingual.ttf</filename>
			<size>19</size>
			<style>uppercase</style>
			<linespacing>0.75</linespacing> 
		</font>
		<font>
			<name>FullMediaInfoTitleFont3</name>
			<filename>multilingual.ttf</filename>
			<size>30</size>
			<style>uppercase</style>
			<linespacing>0.75</linespacing> 
		</font>
		<font>
			<name>FullMediaInfoFont</name>
			<filename>multilingual.ttf</filename>
			<size>17</size>
			<style>uppercase</style>
			<linespacing>0.75</linespacing> 
		</font>
		<font>
			<name>FullMediaInfoFont2</name>
			<filename>multilingual.ttf</filename>
			<size>17</size>
			<style>uppercase</style>
			<linespacing>0.75</linespacing> 
		</font>
		<font>
			<name>FullMediaInfoTaglineFont</name>
			<filename>multilingual.ttf</filename>
			<size>14</size>
			<style>uppercase</style>
			<linespacing>0.75</linespacing> 
		</font>
		<font>
			<name>FullMediaInfoDescFont</name>
			<filename>multilingual.ttf</filename>
			<size>17</size>
			<linespacing>0.75</linespacing> 
		</font>
			
		<font>
			<name>MediaInfoFont</name>
			<filename>multilingual.ttf</filename>
			<size>16</size>
			<style>uppercase bold</style>
			<linespacing>0.75</linespacing> 
		</font>
		<font>
			<name>MediaInfoFont2</name>
			<filename>multilingual.ttf</filename>
			<size>16</size>
			<style>uppercase</style>
			<linespacing>0.75</linespacing> 
		</font>
		<font>
			<name>MediaInfoFont3</name>
			<filename>multilingual.ttf</filename>
			<aspect>0.85</aspect>
			<size>15</size>
			<style>uppercase</style>
			<linespacing>0.75</linespacing> 
		</font>
		<font>
			<name>MediaFlagSubtitleFont</name>
			<filename>multilingual.ttf</filename>
			<aspect>0.90</aspect>
			<size>16</size>
			<style>uppercase bold</style>
			<linespacing>0.75</linespacing> 
		</font>
		<font>
			<name>MediaInfoDescFont</name>
			<filename>multilingual.ttf</filename>
			<size>17</size>
			<linespacing>0.75</linespacing> 
		</font>
		<font>
			<name>DialogMediaInfoFont</name>
			<filename>multilingual.ttf</filename>
			<size>15</size>
			<style>uppercase bold</style>
			<linespacing>0.75</linespacing> 
		</font>
		
		<font>
			<name>PanelTitleFont</name>
			<filename>multilingual.ttf</filename>
			<size>19</size>
			<style>uppercase bold</style>
			<linespacing>0.75</linespacing> 
		</font>
		<font>
			<name>PanelInfoHeadFont</name>
			<filename>multilingual.ttf</filename>
			<size>17</size>
			<style>uppercase bold</style>
			<linespacing>0.75</linespacing> 
		</font>
		<font>
			<name>PanelInfoFont</name>
			<filename>multilingual.ttf</filename>
			<size>15</size>
			<style>uppercase bold</style>
			<linespacing>0.75</linespacing> 
		</font>
		<font>
			<name>PanelStatsFont</name>
			<filename>multilingual.ttf</filename>
			<size>13</size>
			<style>uppercase bold</style>
			<linespacing>0.75</linespacing> 
		</font>
			
		<font>
			<name>FSInfoTitleFont</name>
			<filename>multilingual.ttf</filename>
			<size>25</size>
			<style>uppercase bold</style>
			<linespacing>0.75</linespacing> 
		</font>
		<font>
			<name>PausedFont</name>
			<filename>multilingual.ttf</filename>
			<size>85</size>
			<style>uppercase bold</style>
			<linespacing>0.75</linespacing> 
		</font>
		<font>
			<name>FSInfoFont</name>
			<filename>multilingual.ttf</filename>
			<size>16</size>
			<style>uppercase</style>
			<linespacing>0.75</linespacing> 
		</font>
		<font>
			<name>FSInfoFont2</name>
			<filename>multilingual.ttf</filename>
			<size>16</size>
			<style>uppercase</style>
			<linespacing>0.75</linespacing> 
		</font>
		<font>
			<name>OSDFont</name>
			<filename>multilingual.ttf</filename>
			<size>19</size>
			<style>bold</style>
			<linespacing>0.75</linespacing> 
		</font>
		
		<font>
			<name>InfoPaneFont</name>
			<filename>multilingual.ttf</filename>
			<size>15</size>
			<style>uppercase bold</style>
			<linespacing>0.75</linespacing> 
		</font>
		<font>
			<name>InfoPaneFont2</name>
			<filename>multilingual.ttf</filename>
			<size>15</size>
			<style>uppercase bold</style>
			<linespacing>0.75</linespacing> 
		</font>
		
		<font>
			<name>WeatherCurrentDayFont</name>
			<filename>multilingual.ttf</filename>
			<size>24</size>
			<style>uppercase bold</style>
			<linespacing>0.75</linespacing> 
		</font>
		<font>
			<name>WeatherWeekDayFont</name>
			<filename>multilingual.ttf</filename>
			<size>18</size>
			<style>uppercase bold</style>
			<linespacing>0.75</linespacing> 
		</font>
		<font>
			<name>WeatherCurrentTempFont</name>
			<filename>multilingual.ttf</filename>
			<size>56</size>
			<style>uppercase bold</style>
			<linespacing>0.75</linespacing> 
		</font>
		<font>
			<name>WeatherCurrentConditionFont</name>
			<filename>multilingual.ttf</filename>
			<size>22</size>
			<style>uppercase bold</style>
			<linespacing>0.75</linespacing> 
		</font>
		<font>
			<name>WeatherCurrentReadingFont</name>
			<filename>multilingual.ttf</filename>
			<size>20</size>
			<style>bold</style>
			<linespacing>0.75</linespacing> 
		</font>
		<font>
			<name>WeatherCurrentReadingFont2</name>
			<filename>multilingual.ttf</filename>
			<size>20</size>
			<linespacing>0.75</linespacing> 
		</font>
		<font>
			<name>WeatherReadingFont</name>
			<filename>multilingual.ttf</filename>
			<size>18</size>
			<style>bold</style>
			<linespacing>0.75</linespacing> 
		</font>
		<font>
			<name>WeatherConditionFont</name>
			<filename>multilingual.ttf</filename>
			<size>18</size>
			<style>bold</style>
			<linespacing>0.75</linespacing> 
		</font>
		
		<font>
			<name>SlideShowCaptionFont</name>
			<filename>multilingual.ttf</filename>
			<size>21</size>
			<style>bold</style>
			<linespacing>0.75</linespacing>
		</font>
		
		<font>
			<name>NextAiredDayFont</name>
			<filename>multilingual.ttf</filename>
			<size>22</size>
			<style>uppercase bold</style>
			<linespacing>0.75</linespacing> 
		</font>
		<font>
			<name>NextAiredDateFont</name>
			<filename>multilingual.ttf</filename>
			<size>16</size>
			<style>uppercase bold</style>
			<linespacing>0.75</linespacing> 
		</font>
		<font>
			<name>NextAiredTimeFont</name>
			<filename>multilingual.ttf</filename>
			<size>14</size>
			<style>uppercase bold</style>
			<linespacing>0.75</linespacing> 
		</font>
		
		<font>
			<name>HomeSubMenuBtnFont</name>
			<filename>multilingual.ttf</filename>
			<size>14</size>
			<style>uppercase</style>
			<linespacing>0.75</linespacing> 
		</font>
		<font>
			<name>DialogTitleFont</name>
			<filename>multilingual.ttf</filename>
			<size>16</size>
			<style>uppercase</style>
			<linespacing>0.75</linespacing> 
		</font>
		<font>
			<name>DialogHeadFont</name>
			<filename>multilingual.ttf</filename>
			<size>14</size>
			<style>uppercase bold</style>
			<linespacing>0.75</linespacing> 
		</font>
		<font>
			<name>ButtonFont</name>
			<filename>multilingual.ttf</filename>
			<size>12</size>
			<style>uppercase</style>
			<linespacing>0.75</linespacing> 
		</font>

		<font>
			<name>ButtonFont2</name>
			<filename>multilingual.ttf</filename>
			<size>16</size>
			<style>bold</style>
			<linespacing>0.75</linespacing> 
		</font>
		<font>
			<name>ProfileNameFont</name>
			<filename>multilingual.ttf</filename>
			<size>24</size>
			<style>uppercase</style>
			<linespacing>0.75</linespacing> 
		</font>
		<font>
			<name>YoutubeBrowserFont</name>
			<filename>multilingual.ttf</filename>
			<aspect>0.96</aspect>
			<size>13</size>
			<style>uppercase</style>
			<linespacing>0.75</linespacing> 
		</font>
		<font>
			<name>SubMenuArrowFont</name>
			<filename>multilingual.ttf</filename>
			<size>12</size>
			<style>uppercase</style>
			<linespacing>0.75</linespacing> 
		</font>
		<font>
			<name>SettingsCatFont</name>
			<filename>multilingual.ttf</filename>
			<size>18</size>
			<style>uppercase bold</style>
			<linespacing>0.75</linespacing> 
		</font>
		<font>
			<name>SettingsHeadFont</name>
			<filename>multilingual.ttf</filename>
			<size>16</size>
			<style>uppercase bold</style>
			<linespacing>0.75</linespacing> 
		</font>
		<font>
			<name>SettingsContentFont</name>
			<filename>multilingual.ttf</filename>
			<size>15</size>
			<style>uppercase</style>
			<linespacing>0.75</linespacing> 
		</font>
		<font>
			<name>SettingsContentFont2</name>
			<filename>multilingual.ttf</filename>
			<size>15</size>
			<linespacing>0.75</linespacing> 
		</font>
		<font>
			<name>ScreenCalibrationFont</name>
			<filename>multilingual.ttf</filename>
			<size>20</size>
			<style>uppercase</style>
			<linespacing>0.75</linespacing> 
		</font>
		<font>
			<name>KaraokeFont</name>
			<filename>multilingual.ttf</filename>
			<size>20</size>
			<style>uppercase</style>
			<linespacing>0.75</linespacing> 
		</font>
		<font>
			<name>SpinControlFont</name>
			<filename>multilingual.ttf</filename>
			<size>12</size>
			<style>uppercase</style>
			<linespacing>0.75</linespacing> 
		</font>
		<font>
			<name>RSSFont</name>
			<filename>multilingual.ttf</filename>
			<size>18</size>
			<style>uppercase</style>
			<linespacing>0.75</linespacing> 
		</font>
		<font>
			<name>FileManagerInfoFont</name>
			<filename>multilingual.ttf</filename>
			<size>17</size>
			<linespacing>0.75</linespacing> 
		</font>
		<!-- Lyrics -->
		<font>
			<name>lyrics1</name>
			<filename>lyrics/SF Distant Galaxy.ttf</filename>
			<style>lowercase</style>
			<linespacing>0.9</linespacing>
			<size>80</size>
		</font>
		<font>
			<name>lyrics1b</name>
			<filename>lyrics/Blogger_Sans-Bold.ttf</filename>
			<linespacing>0.8</linespacing>
			<size>50</size>
		</font>
		<font>
			<name>lyrics2</name>
			<filename>lyrics/theboldfont.ttf</filename>
			<linespacing>0.9</linespacing>
			<size>80</size>
		</font>
		<font>
			<name>lyrics2b</name>
			<filename>lyrics/Days.ttf</filename>
			<linespacing>0.85</linespacing>
			<size>41</size>
		</font>
		<font>
			<name>lyrics3</name>
			<filename>lyrics/Geomancy - Extra Bold.ttf</filename>
			<linespacing>0.9</linespacing>
			<size>80</size>
		</font>
		<font>
			<name>lyrics3b</name>
			<filename>lyrics/Exo2-BlackItalic.ttf</filename>
			<linespacing>0.85</linespacing>
			<size>41</size>
		</font>
		<font>
			<name>lyrics4</name>
			<filename>lyrics/HighlandGothicFLF.ttf</filename>
			<linespacing>0.8</linespacing>
			<size>40</size>
		</font>
		<font>
			<name>lyrics4b</name>
			<filename>lyrics/theboldfont.ttf</filename>
			<linespacing>0.9</linespacing>
			<size>80</size>
		</font>
		<font>
			<name>lyrics5</name>
			<style>uppercase</style>
			<filename>lyrics/Digitalt.ttf</filename>
			<size>93</size>
		</font>
		<font>
			<name>lyrics5b</name>
			<filename>lyrics/Blogger_Sans-Bold.ttf</filename>
			<linespacing>0.8</linespacing>
			<size>50</size>
		</font>
		<font>
			<name>lyrics6</name>
			<filename>lyrics/BOXING.ttf</filename>
			<aspect>1.3</aspect>
			<style>lowercase</style>
			<linespacing>0.9</linespacing>
			<size>69</size>
		</font>
		<font>
			<name>lyrics6b</name>
			<filename>lyrics/HighlandGothicFLF.ttf</filename>
			<linespacing>0.8</linespacing>
			<size>40</size>
		</font>
		<font>
			<name>lyrics7</name>
			<filename>lyrics/SF Distant Galaxy.ttf</filename>
			<style>lowercase</style>
			<linespacing>0.9</linespacing>
			<size>80</size>
		</font>
		<font>
			<name>lyrics7b</name>
			<filename>lyrics/Exo2-BlackItalic.ttf</filename>
			<linespacing>0.85</linespacing>
			<size>41</size>
		</font>
		<font>
			<name>lyrics8</name>
			<filename>lyrics/Geomancy - Extra Bold.ttf</filename>
			<linespacing>0.9</linespacing>
			<size>80</size>
		</font>
		<font>
			<name>lyrics8b</name>
			<filename>lyrics/BubblegumSans-Regular.ttf</filename>
			<linespacing>0.85</linespacing>
			<size>47</size>
		</font>
		<font>
			<name>lyrics9</name>
			<filename>lyrics/BOXING.ttf</filename>
			<style>lowercase</style>
			<linespacing>0.9</linespacing>
			<size>183</size>
		</font>
		<font>
			<name>lyrics9b</name>
			<filename>lyrics/BOXING.ttf</filename>
			<style>lowercase</style>
			<linespacing>0.9</linespacing>
			<size>110</size>
		</font>
		<font>
			<name>lyrics9c</name>
			<filename>lyrics/BOXING.ttf</filename>
			<style>lowercase</style>
			<linespacing>0.9</linespacing>
			<size>147</size>
		</font>
		<font>
			<name>lyrics9d</name>
			<filename>lyrics/Days.ttf</filename>
			<linespacing>0.85</linespacing>
			<size>40</size>
		</font>
		<font>
			<name>lyrics0</name>
			<style>uppercase</style>
			<filename>lyrics/Digitalt.ttf</filename>
			<size>83</size>
		</font>
		<font>
			<name>lyrics0a</name>
			<style>uppercase</style>
			<filename>lyrics/Digitalt.ttf</filename>
			<size>117</size>
		</font>
		<font>
			<name>lyrics0b</name>
			<style>uppercase</style>
			<filename>lyrics/Digitalt.ttf</filename>
			<size>150</size>
		</font>
		<font>
			<name>lyrics0c</name>
			<filename>lyrics/BubblegumSans-Regular.ttf</filename>
			<linespacing>0.85</linespacing>
			<size>47</size>
		</font>
		<font>
			<name>lyrics1s</name>
			<filename>lyrics/BubblegumSans-Regular.ttf</filename>
			<linespacing>1.15</linespacing>
			<size>51</size>
		</font>
		<font>
			<name>lyrics3s</name>
			<filename>lyrics/Blogger_Sans-Bold.ttf</filename>
			<linespacing>0.80</linespacing>
			<aspect>1.1</aspect>
			<size>61</size>
		</font>
		<font>
			<name>lyrics5s</name>
			<filename>lyrics/Days.ttf</filename>
			<linespacing>0.8</linespacing>
			<size>53</size>
		</font>
		<font>
			<name>lyrics7s</name>
			<filename>lyrics/HighlandGothicFLF.ttf</filename>
			<style>bold</style>
			<linespacing>0.75</linespacing>
			<size>48</size>
		</font>
		<font>
			<name>lyrics9s</name>
			<filename>lyrics/Exo2-BlackItalic.ttf</filename>
			<linespacing>0.85</linespacing>
			<size>53</size>
		</font>
	</fontset>
	
	<fontset id="Noto Sans" idloc="31186">
		<!-- Home screen categories -->
		<font>
			<name>HomeCategoryLabelUnfocusFont</name>
			<filename>homizio nova.ttf</filename>
			<size>37</size>
			<style>uppercase bold</style>
		</font>
		<font>
			<name>HomeCategoryLabelFocusFont</name>
			<filename>homizio nova.ttf</filename>
			<size>50</size>
			<style>uppercase bold</style>
		</font>
		<font>
			<name>HomeCategoryLabel2Font</name>
			<filename>homizio nova.ttf</filename>
			<size>16</size>
			<style>uppercase bold</style>
		</font>
		
		<font>
			<name>font13</name>
			<filename>NotoSans-Regular.ttf</filename>
			<size>16</size>
		</font>
		<font>
			<name>font18</name>
			<filename>NotoSans-Regular.ttf</filename>
			<size>17</size>
		</font>
		<font>
			<name>DefaultHeadFont</name>
			<filename>NotoSans-Regular.ttf</filename>
			<size>16</size>
			<style>uppercase bold</style>
		</font>
		<font>
			<name>DefaultHeadFont2</name>
			<filename>NotoSans-Regular.ttf</filename>
			<size>32</size>
			<style>uppercase bold</style>
		</font>
		<font>
			<name>DefaultFont</name>
			<filename>NotoSans-Regular.ttf</filename>
			<size>16</size>
		</font>
		<font>
			<name>DefaultFontB</name>
			<filename>NotoSans-Regular.ttf</filename>
			<size>16</size>
			<style>bold</style>
		</font>
		
		<font>
			<name>IconFont</name>
			<filename>NotoSans-Regular.ttf</filename>
			<size>16</size>
			<style>bold</style>
		</font>
		<font>
			<name>ListFont</name>
			<filename>NotoSans-Regular.ttf</filename>
			<size>16</size>
		</font>
		<font>
			<name>ListFont2</name>
			<filename>NotoSans-Regular.ttf</filename>
			<size>16</size>
			<style>bold</style>
		</font>
		<font>
			<name>ListFont3</name>
			<filename>NotoSans-Regular.ttf</filename>
			<size>13</size>
		</font>
		<font>
			<name>ListFont4</name>
			<filename>NotoSans-Regular.ttf</filename>
			<size>10</size>
		</font>
		<font>
			<name>ListFont5</name>
			<filename>NotoSans-Regular.ttf</filename>
			<size>14</size>
		</font>
		<font>
			<name>ListFont6</name>
			<filename>NotoSans-Regular.ttf</filename>
			<size>9</size>
		</font>
		<font>
			<name>ListFont7</name>
			<filename>NotoSans-Regular.ttf</filename>
			<size>12</size>
		</font>
		<font>
			<name>ListFont8</name>
			<filename>NotoSans-Regular.ttf</filename>
			<size>11</size>
		</font>
		<font>
			<name>WideListFont</name>
			<filename>NotoSans-Regular.ttf</filename>
			<size>16</size>
		</font>
		<font>
			<name>WideListFont2</name>
			<filename>NotoSans-Regular.ttf</filename>
			<size>16</size>
			<style>uppercase bold</style>
		</font>
		<font>
			<name>WideListFont3</name>
			<filename>NotoSans-Regular.ttf</filename>
			<size>17</size>
		</font>
		<font>
			<name>WrapListFont</name>
			<filename>NotoSans-Regular.ttf</filename>
			<size>19</size>
			<style>uppercase bold</style>
		</font>
		<font>
			<name>WrapListRatingFont</name>
			<filename>NotoSans-Regular.ttf</filename>
			<size>26</size>
			<style>uppercase bold</style>
		</font>
		
		<font>
			<name>BreadCrumbFont</name>
			<filename>NotoSans-Regular.ttf</filename>
			<size>18</size>
			<style>uppercase bold</style>
		</font>
		<font>
			<name>BreadCrumbFontBold</name>
			<filename>NotoSans-Regular.ttf</filename>
			<size>18</size>
			<style>bold uppercase</style>
		</font>
		<font>
			<name>NowPlayingFont</name>
			<filename>NotoSans-Regular.ttf</filename>
			<size>14</size>
			<style>uppercase bold</style>
		</font>
		<font>
			<name>NowPlayingFont2</name>
			<filename>NotoSans-Regular.ttf</filename>
			<size>14</size>
			<style>uppercase bold</style>
		</font>
		
		<font>
			<name>MenuBarBtnFont</name>
			<filename>NotoSans-Regular.ttf</filename>
			<size>12</size>
			<style>uppercase bold</style>
		</font>
		<font>
			<name>MenuItemFont</name>
			<filename>NotoSans-Regular.ttf</filename>
			<size>12</size>
			<style>uppercase</style>
		</font>
		<font>
			<name>MusicPlayingHomeFont</name>
			<filename>NotoSans-Regular.ttf</filename>
			<size>65</size>
			<style>uppercase bold</style>
		</font>
		
		<font>
			<name>FullMediaInfoTitleFont</name>
			<filename>NotoSans-Regular.ttf</filename>
			<size>25</size>
			<style>uppercase</style>
		</font>
		<font>
			<name>FullMediaInfoTitleFont2</name>
			<filename>NotoSans-Regular.ttf</filename>
			<size>19</size>
			<style>uppercase</style>
		</font>
		<font>
			<name>FullMediaInfoTitleFont3</name>
			<filename>NotoSans-Regular.ttf</filename>
			<size>30</size>
			<style>uppercase</style>
		</font>
		<font>
			<name>FullMediaInfoFont</name>
			<filename>NotoSans-Regular.ttf</filename>
			<size>17</size>
			<style>uppercase</style>
		</font>
		<font>
			<name>FullMediaInfoFont2</name>
			<filename>NotoSans-Regular.ttf</filename>
			<size>17</size>
			<style>uppercase</style>
		</font>
		<font>
			<name>FullMediaInfoTaglineFont</name>
			<filename>NotoSans-Regular.ttf</filename>
			<size>14</size>
			<style>uppercase</style>
		</font>
		<font>
			<name>FullMediaInfoDescFont</name>
			<filename>NotoSans-Regular.ttf</filename>
			<size>17</size>
		</font>
			
		<font>
			<name>MediaInfoFont</name>
			<filename>NotoSans-Regular.ttf</filename>
			<size>16</size>
			<style>uppercase bold</style>
		</font>
		<font>
			<name>MediaInfoFont2</name>
			<filename>NotoSans-Regular.ttf</filename>
			<size>16</size>
			<style>uppercase</style>
		</font>
		<font>
			<name>MediaInfoFont3</name>
			<filename>NotoSans-Regular.ttf</filename>
			<aspect>0.85</aspect>
			<size>15</size>
			<style>uppercase</style>
		</font>
		<font>
			<name>MediaFlagSubtitleFont</name>
			<filename>NotoSans-Regular.ttf</filename>
			<aspect>0.90</aspect>
			<size>16</size>
			<style>uppercase bold</style>
		</font>
		<font>
			<name>MediaInfoDescFont</name>
			<filename>NotoSans-Regular.ttf</filename>
			<size>17</size>
		</font>
		<font>
			<name>DialogMediaInfoFont</name>
			<filename>NotoSans-Regular.ttf</filename>
			<size>15</size>
			<style>uppercase bold</style>
		</font>
		
		<font>
			<name>PanelTitleFont</name>
			<filename>NotoSans-Regular.ttf</filename>
			<size>19</size>
			<style>uppercase bold</style>
		</font>
		<font>
			<name>PanelInfoHeadFont</name>
			<filename>NotoSans-Regular.ttf</filename>
			<size>17</size>
			<style>uppercase bold</style>
		</font>
		<font>
			<name>PanelInfoFont</name>
			<filename>NotoSans-Regular.ttf</filename>
			<size>15</size>
			<style>uppercase bold</style>
		</font>
		<font>
			<name>PanelStatsFont</name>
			<filename>NotoSans-Regular.ttf</filename>
			<size>13</size>
			<style>uppercase bold</style>
		</font>
			
		<font>
			<name>FSInfoTitleFont</name>
			<filename>NotoSans-Regular.ttf</filename>
			<size>25</size>
			<style>uppercase bold</style>
		</font>
		<font>
			<name>PausedFont</name>
			<filename>NotoSans-Regular.ttf</filename>
			<size>85</size>
			<style>uppercase bold</style>
		</font>
		<font>
			<name>FSInfoFont</name>
			<filename>NotoSans-Regular.ttf</filename>
			<size>16</size>
			<style>uppercase</style>
		</font>
		<font>
			<name>FSInfoFont2</name>
			<filename>NotoSans-Regular.ttf</filename>
			<size>16</size>
			<style>uppercase</style>
		</font>
		<font>
			<name>OSDFont</name>
			<filename>NotoSans-Regular.ttf</filename>
			<size>19</size>
			<style>bold</style>
		</font>
		
		<font>
			<name>InfoPaneFont</name>
			<filename>NotoSans-Regular.ttf</filename>
			<size>15</size>
			<style>uppercase bold</style>
		</font>
		<font>
			<name>InfoPaneFont2</name>
			<filename>NotoSans-Regular.ttf</filename>
			<size>15</size>
			<style>uppercase bold</style>
		</font>
		
		<font>
			<name>WeatherCurrentDayFont</name>
			<filename>NotoSans-Regular.ttf</filename>
			<size>24</size>
			<style>uppercase bold</style>
		</font>
		<font>
			<name>WeatherWeekDayFont</name>
			<filename>NotoSans-Regular.ttf</filename>
			<size>18</size>
			<style>uppercase bold</style>
		</font>
		<font>
			<name>WeatherCurrentTempFont</name>
			<filename>NotoSans-Regular.ttf</filename>
			<size>56</size>
			<style>uppercase bold</style>
		</font>
		<font>
			<name>WeatherCurrentConditionFont</name>
			<filename>NotoSans-Regular.ttf</filename>
			<size>22</size>
			<style>uppercase bold</style>
		</font>
		<font>
			<name>WeatherCurrentReadingFont</name>
			<filename>NotoSans-Regular.ttf</filename>
			<size>20</size>
			<style>bold</style>
		</font>
		<font>
			<name>WeatherCurrentReadingFont2</name>
			<filename>NotoSans-Regular.ttf</filename>
			<size>20</size>
		</font>
		<font>
			<name>WeatherReadingFont</name>
			<filename>NotoSans-Regular.ttf</filename>
			<size>18</size>
			<style>bold</style>
		</font>
		<font>
			<name>WeatherConditionFont</name>
			<filename>NotoSans-Regular.ttf</filename>
			<size>18</size>
			<style>bold</style>
		</font>
		
		<font>
			<name>SlideShowCaptionFont</name>
			<filename>NotoSans-Regular.ttf</filename>
			<size>21</size>
			<style>bold</style>
		</font>
		
		<font>
			<name>NextAiredDayFont</name>
			<filename>NotoSans-Regular.ttf</filename>
			<size>22</size>
			<style>uppercase bold</style>
		</font>
		<font>
			<name>NextAiredDateFont</name>
			<filename>NotoSans-Regular.ttf</filename>
			<size>16</size>
			<style>uppercase bold</style>
		</font>
		<font>
			<name>NextAiredTimeFont</name>
			<filename>NotoSans-Regular.ttf</filename>
			<size>14</size>
			<style>uppercase bold</style>
		</font>
		
		<font>
			<name>HomeSubMenuBtnFont</name>
			<filename>NotoSans-Regular.ttf</filename>
			<size>14</size>
			<style>uppercase</style>
		</font>
		<font>
			<name>DialogTitleFont</name>
			<filename>NotoSans-Regular.ttf</filename>
			<size>16</size>
			<style>uppercase</style>
		</font>
		<font>
			<name>DialogHeadFont</name>
			<filename>NotoSans-Regular.ttf</filename>
			<size>14</size>
			<style>uppercase bold</style>
		</font>
		<font>
			<name>ButtonFont</name>
			<filename>NotoSans-Regular.ttf</filename>
			<size>12</size>
			<style>uppercase</style>
		</font>
		<font>
			<name>ButtonFont2</name>
			<filename>NotoSans-Regular.ttf</filename>
			<size>16</size>
			<style>bold</style>
		</font>
		<font>
			<name>ProfileNameFont</name>
			<filename>NotoSans-Regular.ttf</filename>
			<size>24</size>
			<style>uppercase</style>
		</font>
		<font>
			<name>YoutubeBrowserFont</name>
			<filename>NotoSans-Regular.ttf</filename>
			<aspect>0.96</aspect>
			<size>13</size>
			<style>uppercase</style>
		</font>
		<font>
			<name>SubMenuArrowFont</name>
			<filename>NotoSans-Regular.ttf</filename>
			<size>12</size>
			<style>uppercase</style>
		</font>
		<font>
			<name>SettingsCatFont</name>
			<filename>NotoSans-Regular.ttf</filename>
			<size>18</size>
			<style>uppercase bold</style>
		</font>
		<font>
			<name>SettingsHeadFont</name>
			<filename>NotoSans-Regular.ttf</filename>
			<size>16</size>
			<style>uppercase bold</style>
		</font>
		<font>
			<name>SettingsContentFont</name>
			<filename>NotoSans-Regular.ttf</filename>
			<size>15</size>
			<style>uppercase</style>
		</font>
		<font>
			<name>SettingsContentFont2</name>
			<filename>NotoSans-Regular.ttf</filename>
			<size>15</size>
		</font>
		<font>
			<name>ScreenCalibrationFont</name>
			<filename>NotoSans-Regular.ttf</filename>
			<size>20</size>
			<style>uppercase</style>
		</font>
		<font>
			<name>KaraokeFont</name>
			<filename>NotoSans-Regular.ttf</filename>
			<size>20</size>
			<style>uppercase</style>
		</font>
		<font>
			<name>SpinControlFont</name>
			<filename>NotoSans-Regular.ttf</filename>
			<size>12</size>
			<style>uppercase</style>
		</font>
		<font>
			<name>RSSFont</name>
			<filename>NotoSans-Regular.ttf</filename>
			<size>18</size>
			<style>uppercase</style>
		</font>
		<font>
			<name>FileManagerInfoFont</name>
			<filename>NotoSans-Regular.ttf</filename>
			<size>17</size>
		</font>
		<!-- Lyrics -->
		<font>
			<name>lyrics1</name>
			<filename>lyrics/SF Distant Galaxy.ttf</filename>
			<style>lowercase</style>
			<linespacing>0.9</linespacing>
			<size>80</size>
		</font>
		<font>
			<name>lyrics1b</name>
			<filename>lyrics/Blogger_Sans-Bold.ttf</filename>
			<linespacing>0.8</linespacing>
			<size>50</size>
		</font>
		<font>
			<name>lyrics2</name>
			<filename>lyrics/theboldfont.ttf</filename>
			<linespacing>0.9</linespacing>
			<size>80</size>
		</font>
		<font>
			<name>lyrics2b</name>
			<filename>lyrics/Days.ttf</filename>
			<linespacing>0.85</linespacing>
			<size>41</size>
		</font>
		<font>
			<name>lyrics3</name>
			<filename>lyrics/Geomancy - Extra Bold.ttf</filename>
			<linespacing>0.9</linespacing>
			<size>80</size>
		</font>
		<font>
			<name>lyrics3b</name>
			<filename>lyrics/Exo2-BlackItalic.ttf</filename>
			<linespacing>0.85</linespacing>
			<size>41</size>
		</font>
		<font>
			<name>lyrics4</name>
			<filename>lyrics/HighlandGothicFLF.ttf</filename>
			<linespacing>0.8</linespacing>
			<size>40</size>
		</font>
		<font>
			<name>lyrics4b</name>
			<filename>lyrics/theboldfont.ttf</filename>
			<linespacing>0.9</linespacing>
			<size>80</size>
		</font>
		<font>
			<name>lyrics5</name>
			<style>uppercase</style>
			<filename>lyrics/Digitalt.ttf</filename>
			<size>93</size>
		</font>
		<font>
			<name>lyrics5b</name>
			<filename>lyrics/Blogger_Sans-Bold.ttf</filename>
			<linespacing>0.8</linespacing>
			<size>50</size>
		</font>
		<font>
			<name>lyrics6</name>
			<filename>lyrics/BOXING.ttf</filename>
			<aspect>1.3</aspect>
			<style>lowercase</style>
			<linespacing>0.9</linespacing>
			<size>69</size>
		</font>
		<font>
			<name>lyrics6b</name>
			<filename>lyrics/HighlandGothicFLF.ttf</filename>
			<linespacing>0.8</linespacing>
			<size>40</size>
		</font>
		<font>
			<name>lyrics7</name>
			<filename>lyrics/SF Distant Galaxy.ttf</filename>
			<style>lowercase</style>
			<linespacing>0.9</linespacing>
			<size>80</size>
		</font>
		<font>
			<name>lyrics7b</name>
			<filename>lyrics/Exo2-BlackItalic.ttf</filename>
			<linespacing>0.85</linespacing>
			<size>41</size>
		</font>
		<font>
			<name>lyrics8</name>
			<filename>lyrics/Geomancy - Extra Bold.ttf</filename>
			<linespacing>0.9</linespacing>
			<size>80</size>
		</font>
		<font>
			<name>lyrics8b</name>
			<filename>lyrics/BubblegumSans-Regular.ttf</filename>
			<linespacing>0.85</linespacing>
			<size>47</size>
		</font>
		<font>
			<name>lyrics9</name>
			<filename>lyrics/BOXING.ttf</filename>
			<style>lowercase</style>
			<linespacing>0.9</linespacing>
			<size>183</size>
		</font>
		<font>
			<name>lyrics9b</name>
			<filename>lyrics/BOXING.ttf</filename>
			<style>lowercase</style>
			<linespacing>0.9</linespacing>
			<size>110</size>
		</font>
		<font>
			<name>lyrics9c</name>
			<filename>lyrics/BOXING.ttf</filename>
			<style>lowercase</style>
			<linespacing>0.9</linespacing>
			<size>147</size>
		</font>
		<font>
			<name>lyrics9d</name>
			<filename>lyrics/Days.ttf</filename>
			<linespacing>0.85</linespacing>
			<size>40</size>
		</font>
		<font>
			<name>lyrics0</name>
			<style>uppercase</style>
			<filename>lyrics/Digitalt.ttf</filename>
			<size>83</size>
		</font>
		<font>
			<name>lyrics0a</name>
			<style>uppercase</style>
			<filename>lyrics/Digitalt.ttf</filename>
			<size>117</size>
		</font>
		<font>
			<name>lyrics0b</name>
			<style>uppercase</style>
			<filename>lyrics/Digitalt.ttf</filename>
			<size>150</size>
		</font>
		<font>
			<name>lyrics0c</name>
			<filename>lyrics/BubblegumSans-Regular.ttf</filename>
			<linespacing>0.85</linespacing>
			<size>47</size>
		</font>
		<font>
			<name>lyrics1s</name>
			<filename>lyrics/BubblegumSans-Regular.ttf</filename>
			<linespacing>1.15</linespacing>
			<size>51</size>
		</font>
		<font>
			<name>lyrics3s</name>
			<filename>lyrics/Blogger_Sans-Bold.ttf</filename>
			<linespacing>0.80</linespacing>
			<aspect>1.1</aspect>
			<size>61</size>
		</font>
		<font>
			<name>lyrics5s</name>
			<filename>lyrics/Days.ttf</filename>
			<linespacing>0.8</linespacing>
			<size>53</size>
		</font>
		<font>
			<name>lyrics7s</name>
			<filename>lyrics/HighlandGothicFLF.ttf</filename>
			<style>bold</style>
			<linespacing>0.75</linespacing>
			<size>48</size>
		</font>
		<font>
			<name>lyrics9s</name>
			<filename>lyrics/Exo2-BlackItalic.ttf</filename>
			<linespacing>0.85</linespacing>
			<size>53</size>
		</font>
	</fontset>
</fonts>