<?xml version="1.0" encoding="UTF-8"?>
<includes>
	<!--//// START PLAYLIST VIEW //////////////////////////////////////////////////////////////////////////-->
	<variable name="PlaylistViewIcon">
		<value condition="Window.IsActive(MusicPlaylist)">DefaultAudio.png.png</value>
		<value condition="!String.IsEmpty(ListItem.Title) + !String.IsEqual(ListItem.Overlay,OverlayWatched.png)">$VAR[VideoQualityOverlayUnwatched]</value>
		<value condition="!String.IsEmpty(ListItem.Title) + String.IsEqual(ListItem.Overlay,OverlayWatched.png)">$VAR[VideoQualityOverlayWatched]</value>
		<value>DefaultVideo.png.png</value>
	</variable>
	
	<variable name="PlaylistViewLabel">
		<value condition="!String.IsEmpty(ListItem.Season)">$VAR[SeasonEpisodesNumberVar,,. ]$INFO[ListItem.Title]</value>
		<value condition="!String.IsEmpty(ListItem.Artist)">$INFO[ListItem.Artist,,: ]$INFO[ListItem.Title]</value>
		<value>$INFO[ListItem.Label]</value>
	</variable>
	
	<variable name="PlaylistViewPreview">
		<value condition="!String.IsEmpty(ListItem.Season)">$INFO[ListItem.Art(thumb)]</value>
		<value condition="!String.IsEmpty(ListItem.Art(fanart))">$INFO[ListItem.Art(fanart)]</value>
		<value>$INFO[ListItem.Icon]</value>
	</variable>
	
	<variable name="PlaylistViewPoster">
		<value condition="!String.IsEmpty(ListItem.Season)">$INFO[ListItem.Art(tvshow.poster)]</value>
		<value condition="!String.IsEmpty(ListItem.Art(poster))">$INFO[ListItem.Art(poster)]</value>
		<value>$INFO[ListItem.Art(thumb)]</value>
	</variable>
	
	<include name="PlaylistView">
		<control type="group" id="500">
			<defaultcontrol always="true">580</defaultcontrol>
			<visible>Control.IsVisible(580)</visible>
			<include>MediaViewOpenCloseAnim</include>
			<include>ViewContentPanel</include>
			
			<control type="image">
				<description>Divider</description>
				<left>540</left>
				<top>115</top>
				<width>367</width>
				<height>429</height>
				<texture border="4">panels/panel-content-border2.png</texture>
				<include>ListInfoViewContentBackgroundFadeAnim</include>
			</control>
			
			<control type="image">
				<description>Media Info Background</description>
				<left>546</left>
				<top>326</top>
				<width>355</width>
				<height>212</height>
				<texture border="4">panels/panel3.png</texture>
				<include>ListInfoViewMediaInfoBackgroundFadeAnim</include>
			</control>

			<control type="group">
				<left>917</left>
				<top>121</top>

				<control type="image">
					<description>Default Cover</description>
					<width>320</width>
					<height>440</height>
					<texture background="true">$INFO[ListItem.ActualIcon]</texture>
					<bordersize>90</bordersize>
					<aspectratio>keep</aspectratio>
					<fadetime>IconCrossfadeTime</fadetime>
					<visible>String.IsEmpty(ListItem.Art(thumb))</visible>
				</control>

				<control type="image">
					<description>Cover</description>
					<width>320</width>
					<height>440</height>
					<texture background="true">$VAR[PlaylistViewPoster]</texture>
					<bordertexture border="4">covers/cover-case2.png</bordertexture>
					<bordersize>4</bordersize>
					<aspectratio aligny="bottom">keep</aspectratio>
					<fadetime>IconCrossfadeTime</fadetime>
					<visible>!String.IsEmpty(ListItem.Art(thumb))</visible>
				</control>

				<control type="image">
					<description>Cover Reflection</description>
					<top>440</top>
					<width>320</width>
					<height>440</height>
					<texture background="true" flipy="true" diffuse="views/reflection.png">$VAR[PlaylistViewPoster]</texture>
					<bordertexture flipy="true" border="4" diffuse="views/reflection.png">covers/cover-case2.png</bordertexture>
					<bordersize>4</bordersize>
					<aspectratio aligny="top">keep</aspectratio>
					<fadetime>IconCrossfadeTime</fadetime>
					<visible>!String.IsEmpty(ListItem.Art(thumb))</visible>
				</control>
			</control>
			
			<control type="list" id="580">
				<viewtype label="559">list</viewtype>
				<left>60</left>
				<top>110</top>
				<width>470</width>
				<height>518</height>
				<pagecontrol>916</pagecontrol>
				<preloaditems>2</preloaditems>
				<scrolltime tween="sine" easing="inout">300</scrolltime>
				<onup>580</onup>
				<ondown>580</ondown>
				<onleft condition="Control.IsVisible(916) | Control.IsVisible(966)">150</onleft>
				<onleft>850</onleft>
				<onright>9000</onright>
				<visible>Window.IsActive(VideoPlaylist) | Window.IsActive(MusicPlaylist)</visible>
				<itemlayout height="37">
					<control type="image">
						<width>470</width>
						<height>37</height>
						<texture border="0,0,10,2">views/list-separator.png</texture>
						<aspectratio>stretch</aspectratio>
					</control>
					<control type="image">
						<description>Video Icon</description>
						<left>5</left>
						<top>6</top>
						<width>24</width>
						<height>24</height>
						<texture>$VAR[PlaylistViewIcon]</texture>
						<aspectratio>keep</aspectratio>
						<include>ListViewOverlayFadeAnim</include>
					</control>
					<control type="label">
						<description>Label</description>
						<left>35</left>
						<width>430</width>
						<height>37</height>
						<font>ListFont</font>
						<textcolor>ListColor</textcolor>
						<shadowcolor>ShadowColor</shadowcolor>
						<aligny>center</aligny>
						<label>$VAR[PlaylistViewLabel]</label>
					</control>
					<control type="image">
						<description>Watched Partial</description>
						<left>5</left>
						<top>6</top>
						<width>24</width>
						<height>24</height>
						<texture background="true">$VAR[WatchedPartial]</texture>
						<aspectratio>keep</aspectratio>
						<visible>ListItem.IsResumable</visible>
						<include>ListViewPartialWatchedOverlayFadeAnim</include>
						<include>ListViewWatchedOverlayFadeAnim</include>
						<visible>!String.IsEmpty(ListItem.Title)</visible>
					</control>
				</itemlayout>
				<focusedlayout height="37">
					<control type="image">
						<width>470</width>
						<height>37</height>
						<texture border="0,0,10,2">views/list-separator.png</texture>
						<aspectratio>stretch</aspectratio>
					</control>
					<control type="image">
						<width>470</width>
						<height>36</height>
						<texture border="4">views/list-focus.png</texture>
						<aspectratio>stretch</aspectratio>
						<visible>Control.HasFocus(580)</visible>
						<include>ListViewSelectFadeAnim</include>
						<include condition="![Skin.String(LowCPUPowerMode,Animations) | Skin.String(LowCPUPowerMode,Full)]">ListViewScrollAnim</include>
					</control>
					<control type="image">
						<width>470</width>
						<height>36</height>
						<texture border="4">views/list-alt-focus.png</texture>
						<aspectratio>stretch</aspectratio>
						<visible>!Control.HasFocus(580)</visible>
						<include>ListViewSelectFadeAnim2</include>
					</control>
					<control type="group">
						<include>ListViewFocusAnim</include>
						<control type="image">
							<description>Icon</description>
							<left>5</left>
							<top>6</top>
							<width>24</width>
							<height>24</height>
							<texture>$VAR[PlaylistViewIcon]</texture>
							<aspectratio>stretch</aspectratio>
						</control>
						<control type="label">
							<description>Label</description>
							<left>35</left>
							<width>430</width>
							<height>37</height>
							<font>ListFont</font>
							<textcolor>SelectedColor</textcolor>
							<shadowcolor>ShadowColor</shadowcolor>
							<aligny>center</aligny>
							<label>$VAR[PlaylistViewLabel]</label>
							<scroll>true</scroll>
						</control>
						<control type="image">
							<description>Watched Partial</description>
							<left>5</left>
							<top>6</top>
							<width>24</width>
							<height>24</height>
							<texture background="true">$VAR[WatchedPartial]</texture>
							<aspectratio>keep</aspectratio>
							<visible>ListItem.IsResumable</visible>
							<include>ListViewPartialWatchedOverlayFadeAnim</include>
							<include>ListViewWatchedOverlayFadeAnim</include>
							<visible>!String.IsEmpty(ListItem.Title)</visible>
						</control>
					</control>
				</focusedlayout>
			</control>

			<include>PlaylistViewScrollbar</include>
			
			<control type="group">
				<description>Media Info Area</description>
				<left>540</left>
				<top>90</top>
				
				<control type="image">
					<left>6</left>
					<top>30</top>
					<width>355</width>
					<height>200</height>
					<aspectratio>scale</aspectratio>
					<texture diffuse="covers/list-info-3-fanart-diffuse.png">background-default.png</texture>
					<include>ControlsOpenCloseAnim</include>
				</control>
				
				<control type="image">
					<left>6</left>
					<top>30</top>
					<width>355</width>
					<height>200</height>
					<aspectratio>keep</aspectratio>
					<align>center</align>
					<texture>DefaultVideo.png</texture>
					<include>ControlsOpenCloseAnim</include>
					<visible>Window.IsActive(VideoPlaylist)</visible>
				</control>
				
				<control type="image">
					<left>6</left>
					<top>30</top>
					<width>355</width>
					<height>200</height>
					<aspectratio>keep</aspectratio>
					<align>center</align>
					<texture>DefaultAudio.png</texture>
					<include>ControlsOpenCloseAnim</include>
					<visible>Window.IsActive(MusicPlaylist)</visible>
				</control>

				<control type="image">
					<left>6</left>
					<top>30</top>
					<width>355</width>
					<height>200</height>
					<aspectratio scalediffuse="false">scale</aspectratio>
					<texture background="true" diffuse="covers/list-info-3-fanart-diffuse.png">$VAR[PlaylistViewPreview]</texture>
					<fadetime>IconCrossfadeTime</fadetime>
					<include>ControlsOpenCloseAnim</include>
					<visible>!String.IsEmpty(ListItem.Icon)</visible>
				</control>
	
				<control type="grouplist">
					<left>13</left>
					<top>240</top>
					<width>341</width>
					<orientation>vertical</orientation>
					<itemgap>6</itemgap>
					<control type="grouplist">
						<visible>!String.IsEmpty(ListItem.TVShowTitle)</visible>
						<orientation>horizontal</orientation>
						<height>20</height>
						<width>341</width>
						<control type="label">
							<width min="0" max="100">auto</width>
							<font>MediaInfoFont</font>
							<textcolor>MediaInfoItemColor</textcolor>
							<shadowcolor>ShadowColor</shadowcolor>
							<label>$LOCALIZE[20364]:</label>
						</control>
						<control type="label">
							<width min="0" max="240">auto</width>
							<font>MediaInfoFont</font>
							<textcolor>MediaInfoItemColor2</textcolor>
							<shadowcolor>ShadowColor</shadowcolor>
							<label>$INFO[ListItem.TVShowTitle]</label>
						</control>
					</control>
					<control type="grouplist">
						<visible>!String.IsEmpty(ListItem.Season)</visible>
						<orientation>horizontal</orientation>
						<height>20</height>
						<width>341</width>
						<control type="label">
							<width min="0" max="100">auto</width>
							<font>MediaInfoFont</font>
							<textcolor>MediaInfoItemColor</textcolor>
							<shadowcolor>ShadowColor</shadowcolor>
							<label>$LOCALIZE[20373]:</label>
						</control>
						<control type="label">
							<width min="0" max="240">auto</width>
							<font>MediaInfoFont</font>
							<textcolor>MediaInfoItemColor2</textcolor>
							<shadowcolor>ShadowColor</shadowcolor>
							<label>$INFO[ListItem.Season]</label>
						</control>
					</control>
					<control type="grouplist">
						<visible>!String.IsEmpty(ListItem.Episode)</visible>
						<orientation>horizontal</orientation>
						<height>20</height>
						<width>341</width>
						<control type="label">
							<width min="0" max="100">auto</width>
							<font>MediaInfoFont</font>
							<textcolor>MediaInfoItemColor</textcolor>
							<shadowcolor>ShadowColor</shadowcolor>
							<label>$LOCALIZE[20359]:</label>
						</control>
						<control type="label">
							<width min="0" max="240">auto</width>
							<font>MediaInfoFont</font>
							<textcolor>MediaInfoItemColor2</textcolor>
							<shadowcolor>ShadowColor</shadowcolor>
							<label>$INFO[ListItem.Episode]</label>
						</control>
					</control>
					<control type="grouplist">
						<visible>!String.IsEmpty(ListItem.Artist)</visible>
						<orientation>horizontal</orientation>
						<height>20</height>
						<width>341</width>
						<control type="label">
							<width min="0" max="100">auto</width>
							<font>MediaInfoFont</font>
							<textcolor>MediaInfoItemColor</textcolor>
							<shadowcolor>ShadowColor</shadowcolor>
							<label>$LOCALIZE[557]:</label>
						</control>
						<control type="label">
							<width min="0" max="240">auto</width>
							<font>MediaInfoFont</font>
							<textcolor>MediaInfoItemColor2</textcolor>
							<shadowcolor>ShadowColor</shadowcolor>
							<label>$INFO[ListItem.Artist]</label>
						</control>
					</control>
					<control type="grouplist">
						<visible>!String.IsEmpty(ListItem.Album)</visible>
						<orientation>horizontal</orientation>
						<height>20</height>
						<width>341</width>
						<control type="label">
							<width min="0" max="100">auto</width>
							<font>MediaInfoFont</font>
							<textcolor>MediaInfoItemColor</textcolor>
							<shadowcolor>ShadowColor</shadowcolor>
							<label>$LOCALIZE[558]:</label>
						</control>
						<control type="label">
							<width min="0" max="240">auto</width>
							<font>MediaInfoFont</font>
							<textcolor>MediaInfoItemColor2</textcolor>
							<shadowcolor>ShadowColor</shadowcolor>
							<label>$INFO[ListItem.Album]</label>
						</control>
					</control>
					<control type="grouplist">
						<visible>!String.IsEmpty(ListItem.Director) + String.IsEmpty(ListItem.Season)</visible>
						<orientation>horizontal</orientation>
						<height>20</height>
						<width>341</width>
						<control type="label">
							<width min="0" max="100">auto</width>
							<font>MediaInfoFont</font>
							<textcolor>MediaInfoItemColor</textcolor>
							<shadowcolor>ShadowColor</shadowcolor>
							<label>$LOCALIZE[20339]:</label>
						</control>
						<control type="label">
							<width min="0" max="240">auto</width>
							<font>MediaInfoFont</font>
							<textcolor>MediaInfoItemColor2</textcolor>
							<shadowcolor>ShadowColor</shadowcolor>
							<label>$INFO[ListItem.Director]</label>
						</control>
					</control>
					<control type="grouplist">
						<visible>!String.IsEmpty(ListItem.Year)</visible>
						<orientation>horizontal</orientation>
						<height>20</height>
						<width>341</width>
						<control type="label">
							<width min="0" max="100">auto</width>
							<font>MediaInfoFont</font>
							<textcolor>MediaInfoItemColor</textcolor>
							<shadowcolor>ShadowColor</shadowcolor>
							<label>$LOCALIZE[345]:</label>
						</control>
						<control type="label">
							<width min="0" max="240">auto</width>
							<font>MediaInfoFont</font>
							<textcolor>MediaInfoItemColor2</textcolor>
							<shadowcolor>ShadowColor</shadowcolor>
							<label>$INFO[ListItem.Year]</label>
						</control>
					</control>
					<control type="grouplist">
						<visible>!String.IsEmpty(ListItem.Premiered)</visible>
						<orientation>horizontal</orientation>
						<height>20</height>
						<width>341</width>
						<control type="label">
							<width min="0" max="100">auto</width>
							<font>MediaInfoFont</font>
							<textcolor>MediaInfoItemColor</textcolor>
							<shadowcolor>ShadowColor</shadowcolor>
							<label>$LOCALIZE[31936]:</label>
						</control>
						<control type="label">
							<width min="0" max="240">auto</width>
							<font>MediaInfoFont</font>
							<textcolor>MediaInfoItemColor2</textcolor>
							<shadowcolor>ShadowColor</shadowcolor>
							<label>$INFO[ListItem.Premiered]</label>
						</control>
					</control>
					<control type="grouplist">
						<visible>!String.IsEmpty(ListItem.Date) + String.IsEmpty(ListItem.Premiered)</visible>
						<orientation>horizontal</orientation>
						<height>20</height>
						<width>341</width>
						<control type="label">
							<width min="0" max="100">auto</width>
							<font>MediaInfoFont</font>
							<textcolor>MediaInfoItemColor</textcolor>
							<shadowcolor>ShadowColor</shadowcolor>
							<label>$LOCALIZE[552]:</label>
						</control>
						<control type="label">
							<width min="0" max="240">auto</width>
							<font>MediaInfoFont</font>
							<textcolor>MediaInfoItemColor2</textcolor>
							<shadowcolor>ShadowColor</shadowcolor>
							<label>$INFO[ListItem.Date]</label>
						</control>
					</control>
					<control type="grouplist">
						<visible>!String.IsEmpty(ListItem.Duration)</visible>
						<orientation>horizontal</orientation>
						<height>20</height>
						<width>341</width>
						<control type="label">
							<width min="0" max="100">auto</width>
							<font>MediaInfoFont</font>
							<textcolor>MediaInfoItemColor</textcolor>
							<shadowcolor>ShadowColor</shadowcolor>
							<label>$LOCALIZE[180]:</label>
						</control>
						<control type="label">
							<width min="0" max="240">auto</width>
							<font>MediaInfoFont</font>
							<textcolor>MediaInfoItemColor2</textcolor>
							<shadowcolor>ShadowColor</shadowcolor>
							<label>$VAR[MovieDuration] $LOCALIZE[12391]</label>
						</control>
					</control>
					<control type="grouplist">
						<visible>![String.IsEmpty(ListItem.Rating) + String.IsEmpty(ListItem.UserRating)]</visible>
						<orientation>horizontal</orientation>
						<height>20</height>
						<width>341</width>
						<control type="label">
							<width min="0" max="100">auto</width>
							<font>MediaInfoFont</font>
							<textcolor>MediaInfoItemColor</textcolor>
							<shadowcolor>ShadowColor</shadowcolor>
							<label>$LOCALIZE[563]:</label>
						</control>
						<control type="label">
							<width min="0" max="240">auto</width>
							<font>MediaInfoFont</font>
							<textcolor>MediaInfoItemColor2</textcolor>
							<shadowcolor>ShadowColor</shadowcolor>
							<label fallback="31001">$VAR[RatingType]</label>
						</control>
					</control>
					<control type="grouplist">
						<visible>!String.IsEmpty(ListItem.Genre)</visible>
						<orientation>horizontal</orientation>
						<height>20</height>
						<width>341</width>
						<control type="label">
							<width min="0" max="100">auto</width>
							<font>MediaInfoFont</font>
							<textcolor>MediaInfoItemColor</textcolor>
							<shadowcolor>ShadowColor</shadowcolor>
							<label>$LOCALIZE[515]:</label>
						</control>
						<control type="label">
							<width min="0" max="240">auto</width>
							<font>MediaInfoFont</font>
							<textcolor>MediaInfoItemColor2</textcolor>
							<shadowcolor>ShadowColor</shadowcolor>
							<label>$INFO[ListItem.Genre]</label>
						</control>
					</control>
				</control>
			</control>
			
			<control type="grouplist" id="9000">
				<description>Options Button Area</description>
				<left>540</left>
				<top>550</top>
				<orientation>vertical</orientation>
				<itemgap>4</itemgap>
				<control type="group" id="9001">
					<height>34</height>
					<control type="button" id="413">
						<description>Shuffle</description>
						<width>181.5</width>
						<height>34</height>
						<label>[UPPERCASE]$LOCALIZE[191]$INFO[Playlist.Random,: ][/UPPERCASE]</label>
						<onclick>PlayerControl(Random)</onclick>
						<onup>850</onup>
						<onright>414</onright>
						<onleft>580</onleft>
						<ondown>415</ondown>
					</control>
					<control type="button" id="414">
						<description>Repeat</description>
						<left>185.5</left>
						<width>181.5</width>
						<height>34</height>
						<onup>850</onup>
						<ondown>416</ondown>
						<onright>850</onright>
						<onleft>413</onleft>
						<label>$INFO[Control.GetLabel(26)]</label>
						<onclick>SendClick(26)</onclick>
					</control>
				</control>
				<control type="group" id="9002">
					<height>34</height>
					<control type="button" id="415">
						<description>Save</description>
						<width>181.5</width>
						<height>34</height>
						<label>[UPPERCASE]$LOCALIZE[190][/UPPERCASE]</label>
						<onclick>SendClick(21)</onclick>
						<enable>!Skin.HasSetting(EnableKioskMode)</enable>
						<onleft>580</onleft>
						<onup>413</onup>
						<onright>416</onright>
					</control>
					<control type="button" id="416">
						<description>Clear</description>
						<left>185.5</left>
						<width>181.5</width>
						<height>34</height>
						<label>[UPPERCASE]$LOCALIZE[192][/UPPERCASE]</label>
						<onclick>SendClick(22)</onclick>
						<enable>!Skin.HasSetting(EnableKioskMode)</enable>
						<onup>414</onup>
						<onleft>415</onleft>
						<onright>850</onright>
					</control>
				</control>
			</control>
			
			<control type="group">
				<description>Bottom Bar Area</description>
				<top>BottomPaneOffsetY</top>
				<!--<include>InfoPaneImage</include>-->
				<include>InfoPaneMediaDetails</include>
				<include condition="!Skin.HasSetting(DisableTVShowsLogo)">InfoPaneClearLogo</include>
				<include condition="!Skin.HasSetting(DisableMoviesClearLogo)">InfoPaneClearLogoMovies</include>
				<include condition="!Skin.HasSetting(EnableMusicLibraryClearLogos)">InfoPaneClearLogoMusic</include>
				<include>BottomPaneOpenCloseAnim</include>
			</control>
			
			<include>ViewsDialogPopUpScreenDim</include>
		</control>
	</include>
	<!--//// END PLAYLIST VIEW ////////////////////////////////////////////////////////////////////////////-->
</includes>