<?xml version="1.0" encoding="UTF-8"?>
<window type="buttonMenu" id="1130">
	<defaultcontrol always="false">101</defaultcontrol>

	<coordinates>
		<system>1</system>
		<origin x="468" y="89">true</origin>
	</coordinates>
	
	<controls>
		<control type="group">
			<depth>DepthDialog</depth>
			<include>DialogOpenCloseAnim</include>
			
			<control type="grouplist">
				<itemgap>0</itemgap>
				<control type="image">
					<width>344</width>
					<height>32</height>
					<texture border="40,30,40,0">gui/context-menu-top.png</texture>	
				</control>
				<control type="image">
					<width>344</width>
					<height>479</height>
					<texture border="40,2,40,2">gui/context-menu-middle.png</texture>
				</control>
				<control type="image">
					<width>344</width>
					<height>32</height>
					<texture flipy="true" border="40,0,40,30">gui/context-menu-top.png</texture>	
				</control>
			</control>

			<control type="grouplist" id="100">
				<left>32</left>
				<top>32</top>
				<itemgap>2</itemgap>
				<onup>100</onup>
				<ondown>100</ondown>
				<control type="button" id="101">
					<description>Disable</description>
					<include>ContextMenuBtn</include>
					<label>$LOCALIZE[24021]</label>
					<onclick condition="Skin.HasSetting(ExpandAddMoreCategorySettings) + Skin.String(SelectedExpandedBtn,1)">Skin.SetString(Custom1PanelType,1)</onclick>
					<onclick condition="Skin.HasSetting(ExpandAddMoreCategorySettings) + Skin.String(SelectedExpandedBtn,2)">Skin.SetString(Custom2PanelType,1)</onclick>
					<onclick condition="Skin.HasSetting(ExpandAddMoreCategorySettings) + Skin.String(SelectedExpandedBtn,3)">Skin.SetString(Custom3PanelType,1)</onclick>
					<onclick condition="Skin.HasSetting(ExpandAddMoreCategorySettings) + Skin.String(SelectedExpandedBtn,4)">Skin.SetString(Custom4PanelType,1)</onclick>
					<onclick condition="Skin.HasSetting(ExpandAddMoreCategorySettings2) + Skin.String(SelectedExpandedBtn,1)">Skin.SetString(Custom5PanelType,1)</onclick>
					<onclick condition="Skin.HasSetting(ExpandAddMoreCategorySettings2) + Skin.String(SelectedExpandedBtn,2)">Skin.SetString(Custom6PanelType,1)</onclick>
					<onclick condition="Skin.HasSetting(ExpandAddMoreCategorySettings2) + Skin.String(SelectedExpandedBtn,3)">Skin.SetString(Custom7PanelType,1)</onclick>
					<onclick condition="Skin.HasSetting(ExpandAddMoreCategorySettings2) + Skin.String(SelectedExpandedBtn,4)">Skin.SetString(Custom8PanelType,1)</onclick>
					<onclick condition="Skin.HasSetting(ExpandAddMoreCategorySettings3) + Skin.String(SelectedExpandedBtn,1)">Skin.SetString(Custom9PanelType,1)</onclick>
					<onclick condition="Skin.HasSetting(ExpandAddMoreCategorySettings3) + Skin.String(SelectedExpandedBtn,2)">Skin.SetString(Custom10PanelType,1)</onclick>
					<onclick condition="Skin.HasSetting(ExpandAddMoreCategorySettings3) + Skin.String(SelectedExpandedBtn,3)">Skin.SetString(Custom11PanelType,1)</onclick>
					<onclick condition="Skin.HasSetting(ExpandAddMoreCategorySettings3) + Skin.String(SelectedExpandedBtn,4)">Skin.SetString(Custom12PanelType,1)</onclick>
					<onclick condition="Skin.HasSetting(ExpandAddMoreCategorySettings4) + Skin.String(SelectedExpandedBtn,1)">Skin.SetString(Custom13PanelType,1)</onclick>
					<onclick condition="Skin.HasSetting(ExpandAddMoreCategorySettings4) + Skin.String(SelectedExpandedBtn,2)">Skin.SetString(Custom14PanelType,1)</onclick>
					<onclick condition="Skin.HasSetting(ExpandAddMoreCategorySettings4) + Skin.String(SelectedExpandedBtn,3)">Skin.SetString(Custom15PanelType,1)</onclick>
					<onclick condition="Skin.HasSetting(ExpandAddMoreCategorySettings4) + Skin.String(SelectedExpandedBtn,4)">Skin.SetString(Custom16PanelType,1)</onclick>
					<onclick>$VAR[AddMoreCategoryBtn1Click7]</onclick>
					<onclick>$VAR[AddMoreCategoryBtn2Click7]</onclick>
					<onclick>$VAR[AddMoreCategoryBtn3Click7]</onclick>
					<onclick>$VAR[AddMoreCategoryBtn4Click7]</onclick>
					<onclick>$VAR[AddMoreCategoryBtn1Click8Top]</onclick>
					<onclick>$VAR[AddMoreCategoryBtn2Click8Top]</onclick>
					<onclick>$VAR[AddMoreCategoryBtn3Click8Top]</onclick>
					<onclick>$VAR[AddMoreCategoryBtn4Click8Top]</onclick>
					<onclick>$VAR[AddMoreCategoryBtn1Click8Bottom]</onclick>
					<onclick>$VAR[AddMoreCategoryBtn2Click8Bottom]</onclick>
					<onclick>$VAR[AddMoreCategoryBtn3Click8Bottom]</onclick>
					<onclick>$VAR[AddMoreCategoryBtn4Click8Bottom]</onclick>
					<onclick>$VAR[AddMoreCategoryBtn1Click9Top]</onclick>
					<onclick>$VAR[AddMoreCategoryBtn2Click9Top]</onclick>
					<onclick>$VAR[AddMoreCategoryBtn3Click9Top]</onclick>
					<onclick>$VAR[AddMoreCategoryBtn4Click9Top]</onclick>
					<onclick>$VAR[AddMoreCategoryBtn1Click9Bottom]</onclick>
					<onclick>$VAR[AddMoreCategoryBtn2Click9Bottom]</onclick>
					<onclick>$VAR[AddMoreCategoryBtn3Click9Bottom]</onclick>
					<onclick>$VAR[AddMoreCategoryBtn4Click9Bottom]</onclick>
					<onclick>Dialog.Close(1130)</onclick>
				</control>
				<control type="button" id="102">
					<description>Movies</description>
					<include>ContextMenuBtn</include>
					<label>$LOCALIZE[342]</label>
					<onclick condition="Skin.HasSetting(ExpandAddMoreCategorySettings) + Skin.String(SelectedExpandedBtn,1)">Skin.SetString(Custom1PanelType,2)</onclick>
					<onclick condition="Skin.HasSetting(ExpandAddMoreCategorySettings) + Skin.String(SelectedExpandedBtn,2)">Skin.SetString(Custom2PanelType,2)</onclick>
					<onclick condition="Skin.HasSetting(ExpandAddMoreCategorySettings) + Skin.String(SelectedExpandedBtn,3)">Skin.SetString(Custom3PanelType,2)</onclick>
					<onclick condition="Skin.HasSetting(ExpandAddMoreCategorySettings) + Skin.String(SelectedExpandedBtn,4)">Skin.SetString(Custom4PanelType,2)</onclick>
					<onclick condition="Skin.HasSetting(ExpandAddMoreCategorySettings2) + Skin.String(SelectedExpandedBtn,1)">Skin.SetString(Custom5PanelType,2)</onclick>
					<onclick condition="Skin.HasSetting(ExpandAddMoreCategorySettings2) + Skin.String(SelectedExpandedBtn,2)">Skin.SetString(Custom6PanelType,2)</onclick>
					<onclick condition="Skin.HasSetting(ExpandAddMoreCategorySettings2) + Skin.String(SelectedExpandedBtn,3)">Skin.SetString(Custom7PanelType,2)</onclick>
					<onclick condition="Skin.HasSetting(ExpandAddMoreCategorySettings2) + Skin.String(SelectedExpandedBtn,4)">Skin.SetString(Custom8PanelType,2)</onclick>
					<onclick condition="Skin.HasSetting(ExpandAddMoreCategorySettings3) + Skin.String(SelectedExpandedBtn,1)">Skin.SetString(Custom9PanelType,2)</onclick>
					<onclick condition="Skin.HasSetting(ExpandAddMoreCategorySettings3) + Skin.String(SelectedExpandedBtn,2)">Skin.SetString(Custom10PanelType,2)</onclick>
					<onclick condition="Skin.HasSetting(ExpandAddMoreCategorySettings3) + Skin.String(SelectedExpandedBtn,3)">Skin.SetString(Custom11PanelType,2)</onclick>
					<onclick condition="Skin.HasSetting(ExpandAddMoreCategorySettings3) + Skin.String(SelectedExpandedBtn,4)">Skin.SetString(Custom12PanelType,2)</onclick>
					<onclick condition="Skin.HasSetting(ExpandAddMoreCategorySettings4) + Skin.String(SelectedExpandedBtn,1)">Skin.SetString(Custom13PanelType,2)</onclick>
					<onclick condition="Skin.HasSetting(ExpandAddMoreCategorySettings4) + Skin.String(SelectedExpandedBtn,2)">Skin.SetString(Custom14PanelType,2)</onclick>
					<onclick condition="Skin.HasSetting(ExpandAddMoreCategorySettings4) + Skin.String(SelectedExpandedBtn,3)">Skin.SetString(Custom15PanelType,2)</onclick>
					<onclick condition="Skin.HasSetting(ExpandAddMoreCategorySettings4) + Skin.String(SelectedExpandedBtn,4)">Skin.SetString(Custom16PanelType,2)</onclick>
					<onclick>$VAR[AddMoreCategoryBtn1Click7]</onclick>
					<onclick>$VAR[AddMoreCategoryBtn2Click7]</onclick>
					<onclick>$VAR[AddMoreCategoryBtn3Click7]</onclick>
					<onclick>$VAR[AddMoreCategoryBtn4Click7]</onclick>
					<onclick>$VAR[AddMoreCategoryBtn1Click8Top]</onclick>
					<onclick>$VAR[AddMoreCategoryBtn2Click8Top]</onclick>
					<onclick>$VAR[AddMoreCategoryBtn3Click8Top]</onclick>
					<onclick>$VAR[AddMoreCategoryBtn4Click8Top]</onclick>
					<onclick>$VAR[AddMoreCategoryBtn1Click8Bottom]</onclick>
					<onclick>$VAR[AddMoreCategoryBtn2Click8Bottom]</onclick>
					<onclick>$VAR[AddMoreCategoryBtn3Click8Bottom]</onclick>
					<onclick>$VAR[AddMoreCategoryBtn4Click8Bottom]</onclick>
					<onclick>$VAR[AddMoreCategoryBtn1Click9Top]</onclick>
					<onclick>$VAR[AddMoreCategoryBtn2Click9Top]</onclick>
					<onclick>$VAR[AddMoreCategoryBtn3Click9Top]</onclick>
					<onclick>$VAR[AddMoreCategoryBtn4Click9Top]</onclick>
					<onclick>$VAR[AddMoreCategoryBtn1Click9Bottom]</onclick>
					<onclick>$VAR[AddMoreCategoryBtn2Click9Bottom]</onclick>
					<onclick>$VAR[AddMoreCategoryBtn3Click9Bottom]</onclick>
					<onclick>$VAR[AddMoreCategoryBtn4Click9Bottom]</onclick>
					<include>CustomPanelClearScripts</include>
					<onclick>Dialog.Close(1130)</onclick>
				</control>
				<control type="button" id="103">
					<description>TV Shows</description>
					<include>ContextMenuBtn</include>
					<label>$LOCALIZE[20343]</label>
					<onclick condition="Skin.HasSetting(ExpandAddMoreCategorySettings) + Skin.String(SelectedExpandedBtn,1)">Skin.SetString(Custom1PanelType,3)</onclick>
					<onclick condition="Skin.HasSetting(ExpandAddMoreCategorySettings) + Skin.String(SelectedExpandedBtn,2)">Skin.SetString(Custom2PanelType,3)</onclick>
					<onclick condition="Skin.HasSetting(ExpandAddMoreCategorySettings) + Skin.String(SelectedExpandedBtn,3)">Skin.SetString(Custom3PanelType,3)</onclick>
					<onclick condition="Skin.HasSetting(ExpandAddMoreCategorySettings) + Skin.String(SelectedExpandedBtn,4)">Skin.SetString(Custom4PanelType,3)</onclick>
					<onclick condition="Skin.HasSetting(ExpandAddMoreCategorySettings2) + Skin.String(SelectedExpandedBtn,1)">Skin.SetString(Custom5PanelType,3)</onclick>
					<onclick condition="Skin.HasSetting(ExpandAddMoreCategorySettings2) + Skin.String(SelectedExpandedBtn,2)">Skin.SetString(Custom6PanelType,3)</onclick>
					<onclick condition="Skin.HasSetting(ExpandAddMoreCategorySettings2) + Skin.String(SelectedExpandedBtn,3)">Skin.SetString(Custom7PanelType,3)</onclick>
					<onclick condition="Skin.HasSetting(ExpandAddMoreCategorySettings2) + Skin.String(SelectedExpandedBtn,4)">Skin.SetString(Custom8PanelType,3)</onclick>
					<onclick condition="Skin.HasSetting(ExpandAddMoreCategorySettings3) + Skin.String(SelectedExpandedBtn,1)">Skin.SetString(Custom9PanelType,3)</onclick>
					<onclick condition="Skin.HasSetting(ExpandAddMoreCategorySettings3) + Skin.String(SelectedExpandedBtn,2)">Skin.SetString(Custom10PanelType,3)</onclick>
					<onclick condition="Skin.HasSetting(ExpandAddMoreCategorySettings3) + Skin.String(SelectedExpandedBtn,3)">Skin.SetString(Custom11PanelType,3)</onclick>
					<onclick condition="Skin.HasSetting(ExpandAddMoreCategorySettings3) + Skin.String(SelectedExpandedBtn,4)">Skin.SetString(Custom12PanelType,3)</onclick>
					<onclick condition="Skin.HasSetting(ExpandAddMoreCategorySettings4) + Skin.String(SelectedExpandedBtn,1)">Skin.SetString(Custom13PanelType,3)</onclick>
					<onclick condition="Skin.HasSetting(ExpandAddMoreCategorySettings4) + Skin.String(SelectedExpandedBtn,2)">Skin.SetString(Custom14PanelType,3)</onclick>
					<onclick condition="Skin.HasSetting(ExpandAddMoreCategorySettings4) + Skin.String(SelectedExpandedBtn,3)">Skin.SetString(Custom15PanelType,3)</onclick>
					<onclick condition="Skin.HasSetting(ExpandAddMoreCategorySettings4) + Skin.String(SelectedExpandedBtn,4)">Skin.SetString(Custom16PanelType,3)</onclick>
					<onclick>$VAR[AddMoreCategoryBtn1Click7]</onclick>
					<onclick>$VAR[AddMoreCategoryBtn2Click7]</onclick>
					<onclick>$VAR[AddMoreCategoryBtn3Click7]</onclick>
					<onclick>$VAR[AddMoreCategoryBtn4Click7]</onclick>
					<onclick>$VAR[AddMoreCategoryBtn1Click8Top]</onclick>
					<onclick>$VAR[AddMoreCategoryBtn2Click8Top]</onclick>
					<onclick>$VAR[AddMoreCategoryBtn3Click8Top]</onclick>
					<onclick>$VAR[AddMoreCategoryBtn4Click8Top]</onclick>
					<onclick>$VAR[AddMoreCategoryBtn1Click8Bottom]</onclick>
					<onclick>$VAR[AddMoreCategoryBtn2Click8Bottom]</onclick>
					<onclick>$VAR[AddMoreCategoryBtn3Click8Bottom]</onclick>
					<onclick>$VAR[AddMoreCategoryBtn4Click8Bottom]</onclick>
					<onclick>$VAR[AddMoreCategoryBtn1Click9Top]</onclick>
					<onclick>$VAR[AddMoreCategoryBtn2Click9Top]</onclick>
					<onclick>$VAR[AddMoreCategoryBtn3Click9Top]</onclick>
					<onclick>$VAR[AddMoreCategoryBtn4Click9Top]</onclick>
					<onclick>$VAR[AddMoreCategoryBtn1Click9Bottom]</onclick>
					<onclick>$VAR[AddMoreCategoryBtn2Click9Bottom]</onclick>
					<onclick>$VAR[AddMoreCategoryBtn3Click9Bottom]</onclick>
					<onclick>$VAR[AddMoreCategoryBtn4Click9Bottom]</onclick>
					<include>CustomPanelClearScripts</include>
					<onclick>Dialog.Close(1130)</onclick>
				</control>
				<control type="button" id="104">
					<description>Playlist (Movies)</description>
					<include>ContextMenuBtn</include>
					<label>$LOCALIZE[559] ($LOCALIZE[342])</label>
					<onclick condition="System.HasAddon(script.randomandlastitems) + Skin.HasSetting(ExpandAddMoreCategorySettings) + Skin.String(SelectedExpandedBtn,1)">Skin.SetString(Custom1PanelType,4)</onclick>
					<onclick condition="System.HasAddon(script.randomandlastitems) + Skin.HasSetting(ExpandAddMoreCategorySettings) + Skin.String(SelectedExpandedBtn,1)">Skin.SetFile(Custom1PanelPlaylist,.xsp,special://profile/playlists/video/)</onclick>
					<onclick condition="System.HasAddon(script.randomandlastitems) + Skin.HasSetting(ExpandAddMoreCategorySettings) + Skin.String(SelectedExpandedBtn,2)">Skin.SetString(Custom2PanelType,4)</onclick>
					<onclick condition="System.HasAddon(script.randomandlastitems) + Skin.HasSetting(ExpandAddMoreCategorySettings) + Skin.String(SelectedExpandedBtn,2)">Skin.SetFile(Custom2PanelPlaylist,.xsp,special://profile/playlists/video/)</onclick>
					<onclick condition="System.HasAddon(script.randomandlastitems) + Skin.HasSetting(ExpandAddMoreCategorySettings) + Skin.String(SelectedExpandedBtn,3)">Skin.SetString(Custom3PanelType,4)</onclick>
					<onclick condition="System.HasAddon(script.randomandlastitems) + Skin.HasSetting(ExpandAddMoreCategorySettings) + Skin.String(SelectedExpandedBtn,3)">Skin.SetFile(Custom3PanelPlaylist,.xsp,special://profile/playlists/video/)</onclick>
					<onclick condition="System.HasAddon(script.randomandlastitems) + Skin.HasSetting(ExpandAddMoreCategorySettings) + Skin.String(SelectedExpandedBtn,4)">Skin.SetString(Custom4PanelType,4)</onclick>
					<onclick condition="System.HasAddon(script.randomandlastitems) + Skin.HasSetting(ExpandAddMoreCategorySettings) + Skin.String(SelectedExpandedBtn,4)">Skin.SetFile(Custom4PanelPlaylist,.xsp,special://profile/playlists/video/)</onclick>
					<onclick condition="System.HasAddon(script.randomandlastitems) + Skin.HasSetting(ExpandAddMoreCategorySettings2) + Skin.String(SelectedExpandedBtn,1)">Skin.SetString(Custom5PanelType,4)</onclick>
					<onclick condition="System.HasAddon(script.randomandlastitems) + Skin.HasSetting(ExpandAddMoreCategorySettings2) + Skin.String(SelectedExpandedBtn,1)">Skin.SetFile(Custom5PanelPlaylist,.xsp,special://profile/playlists/video/)</onclick>
					<onclick condition="System.HasAddon(script.randomandlastitems) + Skin.HasSetting(ExpandAddMoreCategorySettings2) + Skin.String(SelectedExpandedBtn,2)">Skin.SetString(Custom6PanelType,4)</onclick>
					<onclick condition="System.HasAddon(script.randomandlastitems) + Skin.HasSetting(ExpandAddMoreCategorySettings2) + Skin.String(SelectedExpandedBtn,2)">Skin.SetFile(Custom6PanelPlaylist,.xsp,special://profile/playlists/video/)</onclick>
					<onclick condition="System.HasAddon(script.randomandlastitems) + Skin.HasSetting(ExpandAddMoreCategorySettings2) + Skin.String(SelectedExpandedBtn,3)">Skin.SetString(Custom7PanelType,4)</onclick>
					<onclick condition="System.HasAddon(script.randomandlastitems) + Skin.HasSetting(ExpandAddMoreCategorySettings2) + Skin.String(SelectedExpandedBtn,3)">Skin.SetFile(Custom7PanelPlaylist,.xsp,special://profile/playlists/video/)</onclick>
					<onclick condition="System.HasAddon(script.randomandlastitems) + Skin.HasSetting(ExpandAddMoreCategorySettings2) + Skin.String(SelectedExpandedBtn,4)">Skin.SetString(Custom8PanelType,4)</onclick>
					<onclick condition="System.HasAddon(script.randomandlastitems) + Skin.HasSetting(ExpandAddMoreCategorySettings2) + Skin.String(SelectedExpandedBtn,4)">Skin.SetFile(Custom8PanelPlaylist,.xsp,special://profile/playlists/video/)</onclick>
					<onclick condition="System.HasAddon(script.randomandlastitems) + Skin.HasSetting(ExpandAddMoreCategorySettings3) + Skin.String(SelectedExpandedBtn,1)">Skin.SetString(Custom9PanelType,4)</onclick>
					<onclick condition="System.HasAddon(script.randomandlastitems) + Skin.HasSetting(ExpandAddMoreCategorySettings3) + Skin.String(SelectedExpandedBtn,1)">Skin.SetFile(Custom9PanelPlaylist,.xsp,special://profile/playlists/video/)</onclick>
					<onclick condition="System.HasAddon(script.randomandlastitems) + Skin.HasSetting(ExpandAddMoreCategorySettings3) + Skin.String(SelectedExpandedBtn,2)">Skin.SetString(Custom10PanelType,4)</onclick>
					<onclick condition="System.HasAddon(script.randomandlastitems) + Skin.HasSetting(ExpandAddMoreCategorySettings3) + Skin.String(SelectedExpandedBtn,2)">Skin.SetFile(Custom10PanelPlaylist,.xsp,special://profile/playlists/video/)</onclick>
					<onclick condition="System.HasAddon(script.randomandlastitems) + Skin.HasSetting(ExpandAddMoreCategorySettings3) + Skin.String(SelectedExpandedBtn,3)">Skin.SetString(Custom11PanelType,4)</onclick>
					<onclick condition="System.HasAddon(script.randomandlastitems) + Skin.HasSetting(ExpandAddMoreCategorySettings3) + Skin.String(SelectedExpandedBtn,3)">Skin.SetFile(Custom11PanelPlaylist,.xsp,special://profile/playlists/video/)</onclick>
					<onclick condition="System.HasAddon(script.randomandlastitems) + Skin.HasSetting(ExpandAddMoreCategorySettings3) + Skin.String(SelectedExpandedBtn,4)">Skin.SetString(Custom12PanelType,4)</onclick>
					<onclick condition="System.HasAddon(script.randomandlastitems) + Skin.HasSetting(ExpandAddMoreCategorySettings3) + Skin.String(SelectedExpandedBtn,4)">Skin.SetFile(Custom12PanelPlaylist,.xsp,special://profile/playlists/video/)</onclick>
					<onclick condition="System.HasAddon(script.randomandlastitems) + Skin.HasSetting(ExpandAddMoreCategorySettings4) + Skin.String(SelectedExpandedBtn,1)">Skin.SetString(Custom13PanelType,4)</onclick>
					<onclick condition="System.HasAddon(script.randomandlastitems) + Skin.HasSetting(ExpandAddMoreCategorySettings4) + Skin.String(SelectedExpandedBtn,1)">Skin.SetFile(Custom13PanelPlaylist,.xsp,special://profile/playlists/video/)</onclick>
					<onclick condition="System.HasAddon(script.randomandlastitems) + Skin.HasSetting(ExpandAddMoreCategorySettings4) + Skin.String(SelectedExpandedBtn,2)">Skin.SetString(Custom14PanelType,4)</onclick>
					<onclick condition="System.HasAddon(script.randomandlastitems) + Skin.HasSetting(ExpandAddMoreCategorySettings4) + Skin.String(SelectedExpandedBtn,2)">Skin.SetFile(Custom14PanelPlaylist,.xsp,special://profile/playlists/video/)</onclick>
					<onclick condition="System.HasAddon(script.randomandlastitems) + Skin.HasSetting(ExpandAddMoreCategorySettings4) + Skin.String(SelectedExpandedBtn,3)">Skin.SetString(Custom15PanelType,4)</onclick>
					<onclick condition="System.HasAddon(script.randomandlastitems) + Skin.HasSetting(ExpandAddMoreCategorySettings4) + Skin.String(SelectedExpandedBtn,3)">Skin.SetFile(Custom15PanelPlaylist,.xsp,special://profile/playlists/video/)</onclick>
					<onclick condition="System.HasAddon(script.randomandlastitems) + Skin.HasSetting(ExpandAddMoreCategorySettings4) + Skin.String(SelectedExpandedBtn,4)">Skin.SetString(Custom16PanelType,4)</onclick>
					<onclick condition="System.HasAddon(script.randomandlastitems) + Skin.HasSetting(ExpandAddMoreCategorySettings4) + Skin.String(SelectedExpandedBtn,4)">Skin.SetFile(Custom16PanelPlaylist,.xsp,special://profile/playlists/video/)</onclick>
					<onclick condition="!System.HasAddon(script.randomandlastitems)">InstallAddon(script.randomandlastitems)</onclick>
					<onclick>$VAR[AddMoreCategoryBtn1Click8Top]</onclick>
					<onclick>$VAR[AddMoreCategoryBtn2Click8Top]</onclick>
					<onclick>$VAR[AddMoreCategoryBtn3Click8Top]</onclick>
					<onclick>$VAR[AddMoreCategoryBtn4Click8Top]</onclick>
					<onclick>$VAR[AddMoreCategoryBtn1Click8Bottom]</onclick>
					<onclick>$VAR[AddMoreCategoryBtn2Click8Bottom]</onclick>
					<onclick>$VAR[AddMoreCategoryBtn3Click8Bottom]</onclick>
					<onclick>$VAR[AddMoreCategoryBtn4Click8Bottom]</onclick>
					<onclick>$VAR[AddMoreCategoryBtn1Click9Top]</onclick>
					<onclick>$VAR[AddMoreCategoryBtn2Click9Top]</onclick>
					<onclick>$VAR[AddMoreCategoryBtn3Click9Top]</onclick>
					<onclick>$VAR[AddMoreCategoryBtn4Click9Top]</onclick>
					<onclick>$VAR[AddMoreCategoryBtn1Click9Bottom]</onclick>
					<onclick>$VAR[AddMoreCategoryBtn2Click9Bottom]</onclick>
					<onclick>$VAR[AddMoreCategoryBtn3Click9Bottom]</onclick>
					<onclick>$VAR[AddMoreCategoryBtn4Click9Bottom]</onclick>
					<include>CustomPanelClearScripts</include>
					<onclick condition="System.HasAddon(script.randomandlastitems)">Dialog.Close(1130)</onclick>
				</control>
				<control type="button" id="105">
					<description>Playlist (Episodes)</description>
					<include>ContextMenuBtn</include>
					<label>$LOCALIZE[559] ($LOCALIZE[20360])</label>
					<onclick condition="System.HasAddon(script.randomandlastitems) + Skin.HasSetting(ExpandAddMoreCategorySettings) + Skin.String(SelectedExpandedBtn,1)">Skin.SetString(Custom1PanelType,5)</onclick>
					<onclick condition="System.HasAddon(script.randomandlastitems) + Skin.HasSetting(ExpandAddMoreCategorySettings) + Skin.String(SelectedExpandedBtn,1)">Skin.SetFile(Custom1PanelPlaylist,.xsp,special://profile/playlists/video/)</onclick>
					<onclick condition="System.HasAddon(script.randomandlastitems) + Skin.HasSetting(ExpandAddMoreCategorySettings) + Skin.String(SelectedExpandedBtn,2)">Skin.SetString(Custom2PanelType,5)</onclick>
					<onclick condition="System.HasAddon(script.randomandlastitems) + Skin.HasSetting(ExpandAddMoreCategorySettings) + Skin.String(SelectedExpandedBtn,2)">Skin.SetFile(Custom2PanelPlaylist,.xsp,special://profile/playlists/video/)</onclick>
					<onclick condition="System.HasAddon(script.randomandlastitems) + Skin.HasSetting(ExpandAddMoreCategorySettings) + Skin.String(SelectedExpandedBtn,3)">Skin.SetString(Custom3PanelType,5)</onclick>
					<onclick condition="System.HasAddon(script.randomandlastitems) + Skin.HasSetting(ExpandAddMoreCategorySettings) + Skin.String(SelectedExpandedBtn,3)">Skin.SetFile(Custom3PanelPlaylist,.xsp,special://profile/playlists/video/)</onclick>
					<onclick condition="System.HasAddon(script.randomandlastitems) + Skin.HasSetting(ExpandAddMoreCategorySettings) + Skin.String(SelectedExpandedBtn,4)">Skin.SetString(Custom4PanelType,5)</onclick>
					<onclick condition="System.HasAddon(script.randomandlastitems) + Skin.HasSetting(ExpandAddMoreCategorySettings) + Skin.String(SelectedExpandedBtn,4)">Skin.SetFile(Custom4PanelPlaylist,.xsp,special://profile/playlists/video/)</onclick>
					<onclick condition="System.HasAddon(script.randomandlastitems) + Skin.HasSetting(ExpandAddMoreCategorySettings2) + Skin.String(SelectedExpandedBtn,1)">Skin.SetString(Custom5PanelType,5)</onclick>
					<onclick condition="System.HasAddon(script.randomandlastitems) + Skin.HasSetting(ExpandAddMoreCategorySettings2) + Skin.String(SelectedExpandedBtn,1)">Skin.SetFile(Custom5PanelPlaylist,.xsp,special://profile/playlists/video/)</onclick>
					<onclick condition="System.HasAddon(script.randomandlastitems) + Skin.HasSetting(ExpandAddMoreCategorySettings2) + Skin.String(SelectedExpandedBtn,2)">Skin.SetString(Custom6PanelType,5)</onclick>
					<onclick condition="System.HasAddon(script.randomandlastitems) + Skin.HasSetting(ExpandAddMoreCategorySettings2) + Skin.String(SelectedExpandedBtn,2)">Skin.SetFile(Custom6PanelPlaylist,.xsp,special://profile/playlists/video/)</onclick>
					<onclick condition="System.HasAddon(script.randomandlastitems) + Skin.HasSetting(ExpandAddMoreCategorySettings2) + Skin.String(SelectedExpandedBtn,3)">Skin.SetString(Custom7PanelType,5)</onclick>
					<onclick condition="System.HasAddon(script.randomandlastitems) + Skin.HasSetting(ExpandAddMoreCategorySettings2) + Skin.String(SelectedExpandedBtn,3)">Skin.SetFile(Custom7PanelPlaylist,.xsp,special://profile/playlists/video/)</onclick>
					<onclick condition="System.HasAddon(script.randomandlastitems) + Skin.HasSetting(ExpandAddMoreCategorySettings2) + Skin.String(SelectedExpandedBtn,4)">Skin.SetString(Custom8PanelType,5)</onclick>
					<onclick condition="System.HasAddon(script.randomandlastitems) + Skin.HasSetting(ExpandAddMoreCategorySettings2) + Skin.String(SelectedExpandedBtn,4)">Skin.SetFile(Custom8PanelPlaylist,.xsp,special://profile/playlists/video/)</onclick>
					<onclick condition="System.HasAddon(script.randomandlastitems) + Skin.HasSetting(ExpandAddMoreCategorySettings3) + Skin.String(SelectedExpandedBtn,1)">Skin.SetString(Custom9PanelType,5)</onclick>
					<onclick condition="System.HasAddon(script.randomandlastitems) + Skin.HasSetting(ExpandAddMoreCategorySettings3) + Skin.String(SelectedExpandedBtn,1)">Skin.SetFile(Custom9PanelPlaylist,.xsp,special://profile/playlists/video/)</onclick>
					<onclick condition="System.HasAddon(script.randomandlastitems) + Skin.HasSetting(ExpandAddMoreCategorySettings3) + Skin.String(SelectedExpandedBtn,2)">Skin.SetString(Custom10PanelType,5)</onclick>
					<onclick condition="System.HasAddon(script.randomandlastitems) + Skin.HasSetting(ExpandAddMoreCategorySettings3) + Skin.String(SelectedExpandedBtn,2)">Skin.SetFile(Custom10PanelPlaylist,.xsp,special://profile/playlists/video/)</onclick>
					<onclick condition="System.HasAddon(script.randomandlastitems) + Skin.HasSetting(ExpandAddMoreCategorySettings3) + Skin.String(SelectedExpandedBtn,3)">Skin.SetString(Custom11PanelType,5)</onclick>
					<onclick condition="System.HasAddon(script.randomandlastitems) + Skin.HasSetting(ExpandAddMoreCategorySettings3) + Skin.String(SelectedExpandedBtn,3)">Skin.SetFile(Custom11PanelPlaylist,.xsp,special://profile/playlists/video/)</onclick>
					<onclick condition="System.HasAddon(script.randomandlastitems) + Skin.HasSetting(ExpandAddMoreCategorySettings3) + Skin.String(SelectedExpandedBtn,4)">Skin.SetString(Custom12PanelType,5)</onclick>
					<onclick condition="System.HasAddon(script.randomandlastitems) + Skin.HasSetting(ExpandAddMoreCategorySettings3) + Skin.String(SelectedExpandedBtn,4)">Skin.SetFile(Custom12PanelPlaylist,.xsp,special://profile/playlists/video/)</onclick>
					<onclick condition="System.HasAddon(script.randomandlastitems) + Skin.HasSetting(ExpandAddMoreCategorySettings4) + Skin.String(SelectedExpandedBtn,1)">Skin.SetString(Custom13PanelType,5)</onclick>
					<onclick condition="System.HasAddon(script.randomandlastitems) + Skin.HasSetting(ExpandAddMoreCategorySettings4) + Skin.String(SelectedExpandedBtn,1)">Skin.SetFile(Custom13PanelPlaylist,.xsp,special://profile/playlists/video/)</onclick>
					<onclick condition="System.HasAddon(script.randomandlastitems) + Skin.HasSetting(ExpandAddMoreCategorySettings4) + Skin.String(SelectedExpandedBtn,2)">Skin.SetString(Custom14PanelType,5)</onclick>
					<onclick condition="System.HasAddon(script.randomandlastitems) + Skin.HasSetting(ExpandAddMoreCategorySettings4) + Skin.String(SelectedExpandedBtn,2)">Skin.SetFile(Custom14PanelPlaylist,.xsp,special://profile/playlists/video/)</onclick>
					<onclick condition="System.HasAddon(script.randomandlastitems) + Skin.HasSetting(ExpandAddMoreCategorySettings4) + Skin.String(SelectedExpandedBtn,3)">Skin.SetString(Custom15PanelType,5)</onclick>
					<onclick condition="System.HasAddon(script.randomandlastitems) + Skin.HasSetting(ExpandAddMoreCategorySettings4) + Skin.String(SelectedExpandedBtn,3)">Skin.SetFile(Custom15PanelPlaylist,.xsp,special://profile/playlists/video/)</onclick>
					<onclick condition="System.HasAddon(script.randomandlastitems) + Skin.HasSetting(ExpandAddMoreCategorySettings4) + Skin.String(SelectedExpandedBtn,4)">Skin.SetString(Custom16PanelType,5)</onclick>
					<onclick condition="System.HasAddon(script.randomandlastitems) + Skin.HasSetting(ExpandAddMoreCategorySettings4) + Skin.String(SelectedExpandedBtn,4)">Skin.SetFile(Custom16PanelPlaylist,.xsp,special://profile/playlists/video/)</onclick>
					<onclick condition="!System.HasAddon(script.randomandlastitems)">InstallAddon(script.randomandlastitems)</onclick>
					<onclick>$VAR[AddMoreCategoryBtn1Click8Top]</onclick>
					<onclick>$VAR[AddMoreCategoryBtn2Click8Top]</onclick>
					<onclick>$VAR[AddMoreCategoryBtn3Click8Top]</onclick>
					<onclick>$VAR[AddMoreCategoryBtn4Click8Top]</onclick>
					<onclick>$VAR[AddMoreCategoryBtn1Click8Bottom]</onclick>
					<onclick>$VAR[AddMoreCategoryBtn2Click8Bottom]</onclick>
					<onclick>$VAR[AddMoreCategoryBtn3Click8Bottom]</onclick>
					<onclick>$VAR[AddMoreCategoryBtn4Click8Bottom]</onclick>
					<onclick>$VAR[AddMoreCategoryBtn1Click9Top]</onclick>
					<onclick>$VAR[AddMoreCategoryBtn2Click9Top]</onclick>
					<onclick>$VAR[AddMoreCategoryBtn3Click9Top]</onclick>
					<onclick>$VAR[AddMoreCategoryBtn4Click9Top]</onclick>
					<onclick>$VAR[AddMoreCategoryBtn1Click9Bottom]</onclick>
					<onclick>$VAR[AddMoreCategoryBtn2Click9Bottom]</onclick>
					<onclick>$VAR[AddMoreCategoryBtn3Click9Bottom]</onclick>
					<onclick>$VAR[AddMoreCategoryBtn4Click9Bottom]</onclick>
					<include>CustomPanelClearScripts</include>
					<onclick condition="System.HasAddon(script.randomandlastitems)">Dialog.Close(1130)</onclick>
				</control>		
				<control type="button" id="106">
					<description>Playlist (Music)</description>
					<include>ContextMenuBtn</include>
					<label>$LOCALIZE[559] ($LOCALIZE[2])</label>
					<onclick condition="System.HasAddon(script.randomandlastitems) + Skin.HasSetting(ExpandAddMoreCategorySettings) + Skin.String(SelectedExpandedBtn,1)">Skin.SetString(Custom1PanelType,9)</onclick>
					<onclick condition="System.HasAddon(script.randomandlastitems) + Skin.HasSetting(ExpandAddMoreCategorySettings) + Skin.String(SelectedExpandedBtn,1)">Skin.SetFile(Custom1PanelPlaylist,.xsp|.m3u,special://profile/playlists/music/)</onclick>
					<onclick condition="System.HasAddon(script.randomandlastitems) + Skin.HasSetting(ExpandAddMoreCategorySettings) + Skin.String(SelectedExpandedBtn,2)">Skin.SetString(Custom2PanelType,9)</onclick>
					<onclick condition="System.HasAddon(script.randomandlastitems) + Skin.HasSetting(ExpandAddMoreCategorySettings) + Skin.String(SelectedExpandedBtn,2)">Skin.SetFile(Custom2PanelPlaylist,.xsp|.m3u,special://profile/playlists/music/)</onclick>
					<onclick condition="System.HasAddon(script.randomandlastitems) + Skin.HasSetting(ExpandAddMoreCategorySettings) + Skin.String(SelectedExpandedBtn,3)">Skin.SetString(Custom3PanelType,9)</onclick>
					<onclick condition="System.HasAddon(script.randomandlastitems) + Skin.HasSetting(ExpandAddMoreCategorySettings) + Skin.String(SelectedExpandedBtn,3)">Skin.SetFile(Custom3PanelPlaylist,.xsp|.m3u,special://profile/playlists/music/)</onclick>
					<onclick condition="System.HasAddon(script.randomandlastitems) + Skin.HasSetting(ExpandAddMoreCategorySettings) + Skin.String(SelectedExpandedBtn,4)">Skin.SetString(Custom4PanelType,9)</onclick>
					<onclick condition="System.HasAddon(script.randomandlastitems) + Skin.HasSetting(ExpandAddMoreCategorySettings) + Skin.String(SelectedExpandedBtn,4)">Skin.SetFile(Custom4PanelPlaylist,.xsp|.m3u,special://profile/playlists/music/)</onclick>
					<onclick condition="System.HasAddon(script.randomandlastitems) + Skin.HasSetting(ExpandAddMoreCategorySettings2) + Skin.String(SelectedExpandedBtn,1)">Skin.SetString(Custom5PanelType,9)</onclick>
					<onclick condition="System.HasAddon(script.randomandlastitems) + Skin.HasSetting(ExpandAddMoreCategorySettings2) + Skin.String(SelectedExpandedBtn,1)">Skin.SetFile(Custom5PanelPlaylist,.xsp|.m3u,special://profile/playlists/music/)</onclick>
					<onclick condition="System.HasAddon(script.randomandlastitems) + Skin.HasSetting(ExpandAddMoreCategorySettings2) + Skin.String(SelectedExpandedBtn,2)">Skin.SetString(Custom6PanelType,9)</onclick>
					<onclick condition="System.HasAddon(script.randomandlastitems) + Skin.HasSetting(ExpandAddMoreCategorySettings2) + Skin.String(SelectedExpandedBtn,2)">Skin.SetFile(Custom6PanelPlaylist,.xsp|.m3u,special://profile/playlists/music/)</onclick>
					<onclick condition="System.HasAddon(script.randomandlastitems) + Skin.HasSetting(ExpandAddMoreCategorySettings2) + Skin.String(SelectedExpandedBtn,3)">Skin.SetString(Custom7PanelType,9)</onclick>
					<onclick condition="System.HasAddon(script.randomandlastitems) + Skin.HasSetting(ExpandAddMoreCategorySettings2) + Skin.String(SelectedExpandedBtn,3)">Skin.SetFile(Custom7PanelPlaylist,.xsp|.m3u,special://profile/playlists/music/)</onclick>
					<onclick condition="System.HasAddon(script.randomandlastitems) + Skin.HasSetting(ExpandAddMoreCategorySettings2) + Skin.String(SelectedExpandedBtn,4)">Skin.SetString(Custom8PanelType,9)</onclick>
					<onclick condition="System.HasAddon(script.randomandlastitems) + Skin.HasSetting(ExpandAddMoreCategorySettings2) + Skin.String(SelectedExpandedBtn,4)">Skin.SetFile(Custom8PanelPlaylist,.xsp|.m3u,special://profile/playlists/music/)</onclick>
					<onclick condition="System.HasAddon(script.randomandlastitems) + Skin.HasSetting(ExpandAddMoreCategorySettings3) + Skin.String(SelectedExpandedBtn,1)">Skin.SetString(Custom9PanelType,9)</onclick>
					<onclick condition="System.HasAddon(script.randomandlastitems) + Skin.HasSetting(ExpandAddMoreCategorySettings3) + Skin.String(SelectedExpandedBtn,1)">Skin.SetFile(Custom9PanelPlaylist,.xsp|.m3u,special://profile/playlists/music/)</onclick>
					<onclick condition="System.HasAddon(script.randomandlastitems) + Skin.HasSetting(ExpandAddMoreCategorySettings3) + Skin.String(SelectedExpandedBtn,2)">Skin.SetString(Custom10PanelType,9)</onclick>
					<onclick condition="System.HasAddon(script.randomandlastitems) + Skin.HasSetting(ExpandAddMoreCategorySettings3) + Skin.String(SelectedExpandedBtn,2)">Skin.SetFile(Custom10PanelPlaylist,.xsp|.m3u,special://profile/playlists/music/)</onclick>
					<onclick condition="System.HasAddon(script.randomandlastitems) + Skin.HasSetting(ExpandAddMoreCategorySettings3) + Skin.String(SelectedExpandedBtn,3)">Skin.SetString(Custom11PanelType,9)</onclick>
					<onclick condition="System.HasAddon(script.randomandlastitems) + Skin.HasSetting(ExpandAddMoreCategorySettings3) + Skin.String(SelectedExpandedBtn,3)">Skin.SetFile(Custom11PanelPlaylist,.xsp|.m3u,special://profile/playlists/music/)</onclick>
					<onclick condition="System.HasAddon(script.randomandlastitems) + Skin.HasSetting(ExpandAddMoreCategorySettings3) + Skin.String(SelectedExpandedBtn,4)">Skin.SetString(Custom12PanelType,9)</onclick>
					<onclick condition="System.HasAddon(script.randomandlastitems) + Skin.HasSetting(ExpandAddMoreCategorySettings3) + Skin.String(SelectedExpandedBtn,4)">Skin.SetFile(Custom12PanelPlaylist,.xsp|.m3u,special://profile/playlists/music/)</onclick>
					<onclick condition="System.HasAddon(script.randomandlastitems) + Skin.HasSetting(ExpandAddMoreCategorySettings4) + Skin.String(SelectedExpandedBtn,1)">Skin.SetString(Custom13PanelType,9)</onclick>
					<onclick condition="System.HasAddon(script.randomandlastitems) + Skin.HasSetting(ExpandAddMoreCategorySettings4) + Skin.String(SelectedExpandedBtn,1)">Skin.SetFile(Custom13PanelPlaylist,.xsp|.m3u,special://profile/playlists/music/)</onclick>
					<onclick condition="System.HasAddon(script.randomandlastitems) + Skin.HasSetting(ExpandAddMoreCategorySettings4) + Skin.String(SelectedExpandedBtn,2)">Skin.SetString(Custom14PanelType,9)</onclick>
					<onclick condition="System.HasAddon(script.randomandlastitems) + Skin.HasSetting(ExpandAddMoreCategorySettings4) + Skin.String(SelectedExpandedBtn,2)">Skin.SetFile(Custom14PanelPlaylist,.xsp|.m3u,special://profile/playlists/music/)</onclick>
					<onclick condition="System.HasAddon(script.randomandlastitems) + Skin.HasSetting(ExpandAddMoreCategorySettings4) + Skin.String(SelectedExpandedBtn,3)">Skin.SetString(Custom15PanelType,9)</onclick>
					<onclick condition="System.HasAddon(script.randomandlastitems) + Skin.HasSetting(ExpandAddMoreCategorySettings4) + Skin.String(SelectedExpandedBtn,3)">Skin.SetFile(Custom15PanelPlaylist,.xsp|.m3u,special://profile/playlists/music/)</onclick>
					<onclick condition="System.HasAddon(script.randomandlastitems) + Skin.HasSetting(ExpandAddMoreCategorySettings4) + Skin.String(SelectedExpandedBtn,4)">Skin.SetString(Custom16PanelType,9)</onclick>
					<onclick condition="System.HasAddon(script.randomandlastitems) + Skin.HasSetting(ExpandAddMoreCategorySettings4) + Skin.String(SelectedExpandedBtn,4)">Skin.SetFile(Custom16PanelPlaylist,.xsp|.m3u,special://profile/playlists/music/)</onclick>
					<onclick condition="!System.HasAddon(script.randomandlastitems)">InstallAddon(script.randomandlastitems)</onclick>
					<onclick>$VAR[AddMoreCategoryBtn1Click8Top]</onclick>
					<onclick>$VAR[AddMoreCategoryBtn2Click8Top]</onclick>
					<onclick>$VAR[AddMoreCategoryBtn3Click8Top]</onclick>
					<onclick>$VAR[AddMoreCategoryBtn4Click8Top]</onclick>
					<onclick>$VAR[AddMoreCategoryBtn1Click8Bottom]</onclick>
					<onclick>$VAR[AddMoreCategoryBtn2Click8Bottom]</onclick>
					<onclick>$VAR[AddMoreCategoryBtn3Click8Bottom]</onclick>
					<onclick>$VAR[AddMoreCategoryBtn4Click8Bottom]</onclick>
					<onclick>$VAR[AddMoreCategoryBtn1Click9Top]</onclick>
					<onclick>$VAR[AddMoreCategoryBtn2Click9Top]</onclick>
					<onclick>$VAR[AddMoreCategoryBtn3Click9Top]</onclick>
					<onclick>$VAR[AddMoreCategoryBtn4Click9Top]</onclick>
					<onclick>$VAR[AddMoreCategoryBtn1Click9Bottom]</onclick>
					<onclick>$VAR[AddMoreCategoryBtn2Click9Bottom]</onclick>
					<onclick>$VAR[AddMoreCategoryBtn3Click9Bottom]</onclick>
					<onclick>$VAR[AddMoreCategoryBtn4Click9Bottom]</onclick>
					<include>CustomPanelClearScripts</include>
					<onclick condition="System.HasAddon(script.randomandlastitems)">Dialog.Close(1130)</onclick>
				</control>
				<control type="button" id="107">
					<description>In Cinemas / Upcoming Movies</description>
					<include>ContextMenuBtn</include>
					<label>$LOCALIZE[31607] / $LOCALIZE[31608]</label>
					<onclick condition="System.HasAddon(script.extendedinfo) + Skin.HasSetting(ExpandAddMoreCategorySettings) + Skin.String(SelectedExpandedBtn,1)">Skin.SetString(Custom1PanelType,10)</onclick>
					<onclick condition="System.HasAddon(script.extendedinfo) + Skin.HasSetting(ExpandAddMoreCategorySettings) + Skin.String(SelectedExpandedBtn,2)">Skin.SetString(Custom2PanelType,10)</onclick>
					<onclick condition="System.HasAddon(script.extendedinfo) + Skin.HasSetting(ExpandAddMoreCategorySettings) + Skin.String(SelectedExpandedBtn,3)">Skin.SetString(Custom3PanelType,10)</onclick>
					<onclick condition="System.HasAddon(script.extendedinfo) + Skin.HasSetting(ExpandAddMoreCategorySettings) + Skin.String(SelectedExpandedBtn,4)">Skin.SetString(Custom4PanelType,10)</onclick>
					<onclick condition="System.HasAddon(script.extendedinfo) + Skin.HasSetting(ExpandAddMoreCategorySettings2) + Skin.String(SelectedExpandedBtn,1)">Skin.SetString(Custom5PanelType,10)</onclick>
					<onclick condition="System.HasAddon(script.extendedinfo) + Skin.HasSetting(ExpandAddMoreCategorySettings2) + Skin.String(SelectedExpandedBtn,2)">Skin.SetString(Custom6PanelType,10)</onclick>
					<onclick condition="System.HasAddon(script.extendedinfo) + Skin.HasSetting(ExpandAddMoreCategorySettings2) + Skin.String(SelectedExpandedBtn,3)">Skin.SetString(Custom7PanelType,10)</onclick>
					<onclick condition="System.HasAddon(script.extendedinfo) + Skin.HasSetting(ExpandAddMoreCategorySettings2) + Skin.String(SelectedExpandedBtn,4)">Skin.SetString(Custom8PanelType,10)</onclick>
					<onclick condition="System.HasAddon(script.extendedinfo) + Skin.HasSetting(ExpandAddMoreCategorySettings3) + Skin.String(SelectedExpandedBtn,1)">Skin.SetString(Custom9PanelType,10)</onclick>
					<onclick condition="System.HasAddon(script.extendedinfo) + Skin.HasSetting(ExpandAddMoreCategorySettings3) + Skin.String(SelectedExpandedBtn,2)">Skin.SetString(Custom10PanelType,10)</onclick>
					<onclick condition="System.HasAddon(script.extendedinfo) + Skin.HasSetting(ExpandAddMoreCategorySettings3) + Skin.String(SelectedExpandedBtn,3)">Skin.SetString(Custom11PanelType,10)</onclick>
					<onclick condition="System.HasAddon(script.extendedinfo) + Skin.HasSetting(ExpandAddMoreCategorySettings3) + Skin.String(SelectedExpandedBtn,4)">Skin.SetString(Custom12PanelType,10)</onclick>
					<onclick condition="System.HasAddon(script.extendedinfo) + Skin.HasSetting(ExpandAddMoreCategorySettings4) + Skin.String(SelectedExpandedBtn,1)">Skin.SetString(Custom13PanelType,10)</onclick>
					<onclick condition="System.HasAddon(script.extendedinfo) + Skin.HasSetting(ExpandAddMoreCategorySettings4) + Skin.String(SelectedExpandedBtn,2)">Skin.SetString(Custom14PanelType,10)</onclick>
					<onclick condition="System.HasAddon(script.extendedinfo) + Skin.HasSetting(ExpandAddMoreCategorySettings4) + Skin.String(SelectedExpandedBtn,3)">Skin.SetString(Custom15PanelType,10)</onclick>
					<onclick condition="System.HasAddon(script.extendedinfo) + Skin.HasSetting(ExpandAddMoreCategorySettings4) + Skin.String(SelectedExpandedBtn,4)">Skin.SetString(Custom16PanelType,10)</onclick>
					<onclick condition="!System.HasAddon(script.extendedinfo)">InstallAddon(script.extendedinfo)</onclick>
					<onclick>$VAR[AddMoreCategoryBtn1Click7]</onclick>
					<onclick>$VAR[AddMoreCategoryBtn2Click7]</onclick>
					<onclick>$VAR[AddMoreCategoryBtn3Click7]</onclick>
					<onclick>$VAR[AddMoreCategoryBtn4Click7]</onclick>
					<onclick>$VAR[AddMoreCategoryBtn1Click8Top]</onclick>
					<onclick>$VAR[AddMoreCategoryBtn2Click8Top]</onclick>
					<onclick>$VAR[AddMoreCategoryBtn3Click8Top]</onclick>
					<onclick>$VAR[AddMoreCategoryBtn4Click8Top]</onclick>
					<onclick>$VAR[AddMoreCategoryBtn1Click8Bottom]</onclick>
					<onclick>$VAR[AddMoreCategoryBtn2Click8Bottom]</onclick>
					<onclick>$VAR[AddMoreCategoryBtn3Click8Bottom]</onclick>
					<onclick>$VAR[AddMoreCategoryBtn4Click8Bottom]</onclick>
					<onclick>$VAR[AddMoreCategoryBtn1Click9Top]</onclick>
					<onclick>$VAR[AddMoreCategoryBtn2Click9Top]</onclick>
					<onclick>$VAR[AddMoreCategoryBtn3Click9Top]</onclick>
					<onclick>$VAR[AddMoreCategoryBtn4Click9Top]</onclick>
					<onclick>$VAR[AddMoreCategoryBtn1Click9Bottom]</onclick>
					<onclick>$VAR[AddMoreCategoryBtn2Click9Bottom]</onclick>
					<onclick>$VAR[AddMoreCategoryBtn3Click9Bottom]</onclick>
					<onclick>$VAR[AddMoreCategoryBtn4Click9Bottom]</onclick>
					<onclick condition="System.HasAddon(script.extendedinfo)">Dialog.Close(1130)</onclick>
				</control>
				<control type="button" id="108">
					<description>New DVD's / Upcoming DVD's</description>
					<include>ContextMenuBtn</include>
					<label>$LOCALIZE[31609] / $LOCALIZE[31610]</label>
					<onclick condition="System.HasAddon(script.extendedinfo) + Skin.HasSetting(ExpandAddMoreCategorySettings) + Skin.String(SelectedExpandedBtn,1)">Skin.SetString(Custom1PanelType,11)</onclick>
					<onclick condition="System.HasAddon(script.extendedinfo) + Skin.HasSetting(ExpandAddMoreCategorySettings) + Skin.String(SelectedExpandedBtn,2)">Skin.SetString(Custom2PanelType,11)</onclick>
					<onclick condition="System.HasAddon(script.extendedinfo) + Skin.HasSetting(ExpandAddMoreCategorySettings) + Skin.String(SelectedExpandedBtn,3)">Skin.SetString(Custom3PanelType,11)</onclick>
					<onclick condition="System.HasAddon(script.extendedinfo) + Skin.HasSetting(ExpandAddMoreCategorySettings) + Skin.String(SelectedExpandedBtn,4)">Skin.SetString(Custom4PanelType,11)</onclick>
					<onclick condition="System.HasAddon(script.extendedinfo) + Skin.HasSetting(ExpandAddMoreCategorySettings2) + Skin.String(SelectedExpandedBtn,1)">Skin.SetString(Custom5PanelType,11)</onclick>
					<onclick condition="System.HasAddon(script.extendedinfo) + Skin.HasSetting(ExpandAddMoreCategorySettings2) + Skin.String(SelectedExpandedBtn,2)">Skin.SetString(Custom6PanelType,11)</onclick>
					<onclick condition="System.HasAddon(script.extendedinfo) + Skin.HasSetting(ExpandAddMoreCategorySettings2) + Skin.String(SelectedExpandedBtn,3)">Skin.SetString(Custom7PanelType,11)</onclick>
					<onclick condition="System.HasAddon(script.extendedinfo) + Skin.HasSetting(ExpandAddMoreCategorySettings2) + Skin.String(SelectedExpandedBtn,4)">Skin.SetString(Custom8PanelType,11)</onclick>
					<onclick condition="System.HasAddon(script.extendedinfo) + Skin.HasSetting(ExpandAddMoreCategorySettings3) + Skin.String(SelectedExpandedBtn,1)">Skin.SetString(Custom9PanelType,11)</onclick>
					<onclick condition="System.HasAddon(script.extendedinfo) + Skin.HasSetting(ExpandAddMoreCategorySettings3) + Skin.String(SelectedExpandedBtn,2)">Skin.SetString(Custom10PanelType,11)</onclick>
					<onclick condition="System.HasAddon(script.extendedinfo) + Skin.HasSetting(ExpandAddMoreCategorySettings3) + Skin.String(SelectedExpandedBtn,3)">Skin.SetString(Custom11PanelType,11)</onclick>
					<onclick condition="System.HasAddon(script.extendedinfo) + Skin.HasSetting(ExpandAddMoreCategorySettings3) + Skin.String(SelectedExpandedBtn,4)">Skin.SetString(Custom12PanelType,11)</onclick>
					<onclick condition="System.HasAddon(script.extendedinfo) + Skin.HasSetting(ExpandAddMoreCategorySettings4) + Skin.String(SelectedExpandedBtn,1)">Skin.SetString(Custom13PanelType,11)</onclick>
					<onclick condition="System.HasAddon(script.extendedinfo) + Skin.HasSetting(ExpandAddMoreCategorySettings4) + Skin.String(SelectedExpandedBtn,2)">Skin.SetString(Custom14PanelType,11)</onclick>
					<onclick condition="System.HasAddon(script.extendedinfo) + Skin.HasSetting(ExpandAddMoreCategorySettings4) + Skin.String(SelectedExpandedBtn,3)">Skin.SetString(Custom15PanelType,11)</onclick>
					<onclick condition="System.HasAddon(script.extendedinfo) + Skin.HasSetting(ExpandAddMoreCategorySettings4) + Skin.String(SelectedExpandedBtn,4)">Skin.SetString(Custom16PanelType,11)</onclick>
					<onclick condition="!System.HasAddon(script.extendedinfo)">InstallAddon(script.extendedinfo)</onclick>
					<onclick>$VAR[AddMoreCategoryBtn1Click7]</onclick>
					<onclick>$VAR[AddMoreCategoryBtn2Click7]</onclick>
					<onclick>$VAR[AddMoreCategoryBtn3Click7]</onclick>
					<onclick>$VAR[AddMoreCategoryBtn4Click7]</onclick>
					<onclick>$VAR[AddMoreCategoryBtn1Click8Top]</onclick>
					<onclick>$VAR[AddMoreCategoryBtn2Click8Top]</onclick>
					<onclick>$VAR[AddMoreCategoryBtn3Click8Top]</onclick>
					<onclick>$VAR[AddMoreCategoryBtn4Click8Top]</onclick>
					<onclick>$VAR[AddMoreCategoryBtn1Click8Bottom]</onclick>
					<onclick>$VAR[AddMoreCategoryBtn2Click8Bottom]</onclick>
					<onclick>$VAR[AddMoreCategoryBtn3Click8Bottom]</onclick>
					<onclick>$VAR[AddMoreCategoryBtn4Click8Bottom]</onclick>
					<onclick>$VAR[AddMoreCategoryBtn1Click9Top]</onclick>
					<onclick>$VAR[AddMoreCategoryBtn2Click9Top]</onclick>
					<onclick>$VAR[AddMoreCategoryBtn3Click9Top]</onclick>
					<onclick>$VAR[AddMoreCategoryBtn4Click9Top]</onclick>
					<onclick>$VAR[AddMoreCategoryBtn1Click9Bottom]</onclick>
					<onclick>$VAR[AddMoreCategoryBtn2Click9Bottom]</onclick>
					<onclick>$VAR[AddMoreCategoryBtn3Click9Bottom]</onclick>
					<onclick>$VAR[AddMoreCategoryBtn4Click9Bottom]</onclick>
					<onclick condition="System.HasAddon(script.extendedinfo)">Dialog.Close(1130)</onclick>
				</control>
				<control type="button" id="109">
					<description>Trending Movies / Trending TV Shows</description>
					<include>ContextMenuBtn</include>
					<label>$LOCALIZE[31612] / $LOCALIZE[20343]</label>
					<onclick condition="System.HasAddon(script.extendedinfo) + Skin.HasSetting(ExpandAddMoreCategorySettings) + Skin.String(SelectedExpandedBtn,1)">Skin.SetString(Custom1PanelType,12)</onclick>
					<onclick condition="System.HasAddon(script.extendedinfo) + Skin.HasSetting(ExpandAddMoreCategorySettings) + Skin.String(SelectedExpandedBtn,2)">Skin.SetString(Custom2PanelType,12)</onclick>
					<onclick condition="System.HasAddon(script.extendedinfo) + Skin.HasSetting(ExpandAddMoreCategorySettings) + Skin.String(SelectedExpandedBtn,3)">Skin.SetString(Custom3PanelType,12)</onclick>
					<onclick condition="System.HasAddon(script.extendedinfo) + Skin.HasSetting(ExpandAddMoreCategorySettings) + Skin.String(SelectedExpandedBtn,4)">Skin.SetString(Custom4PanelType,12)</onclick>
					<onclick condition="System.HasAddon(script.extendedinfo) + Skin.HasSetting(ExpandAddMoreCategorySettings2) + Skin.String(SelectedExpandedBtn,1)">Skin.SetString(Custom5PanelType,12)</onclick>
					<onclick condition="System.HasAddon(script.extendedinfo) + Skin.HasSetting(ExpandAddMoreCategorySettings2) + Skin.String(SelectedExpandedBtn,2)">Skin.SetString(Custom6PanelType,12)</onclick>
					<onclick condition="System.HasAddon(script.extendedinfo) + Skin.HasSetting(ExpandAddMoreCategorySettings2) + Skin.String(SelectedExpandedBtn,3)">Skin.SetString(Custom7PanelType,12)</onclick>
					<onclick condition="System.HasAddon(script.extendedinfo) + Skin.HasSetting(ExpandAddMoreCategorySettings2) + Skin.String(SelectedExpandedBtn,4)">Skin.SetString(Custom8PanelType,12)</onclick>
					<onclick condition="System.HasAddon(script.extendedinfo) + Skin.HasSetting(ExpandAddMoreCategorySettings3) + Skin.String(SelectedExpandedBtn,1)">Skin.SetString(Custom9PanelType,12)</onclick>
					<onclick condition="System.HasAddon(script.extendedinfo) + Skin.HasSetting(ExpandAddMoreCategorySettings3) + Skin.String(SelectedExpandedBtn,2)">Skin.SetString(Custom10PanelType,12)</onclick>
					<onclick condition="System.HasAddon(script.extendedinfo) + Skin.HasSetting(ExpandAddMoreCategorySettings3) + Skin.String(SelectedExpandedBtn,3)">Skin.SetString(Custom11PanelType,12)</onclick>
					<onclick condition="System.HasAddon(script.extendedinfo) + Skin.HasSetting(ExpandAddMoreCategorySettings3) + Skin.String(SelectedExpandedBtn,4)">Skin.SetString(Custom12PanelType,12)</onclick>
					<onclick condition="System.HasAddon(script.extendedinfo) + Skin.HasSetting(ExpandAddMoreCategorySettings4) + Skin.String(SelectedExpandedBtn,1)">Skin.SetString(Custom13PanelType,12)</onclick>
					<onclick condition="System.HasAddon(script.extendedinfo) + Skin.HasSetting(ExpandAddMoreCategorySettings4) + Skin.String(SelectedExpandedBtn,2)">Skin.SetString(Custom14PanelType,12)</onclick>
					<onclick condition="System.HasAddon(script.extendedinfo) + Skin.HasSetting(ExpandAddMoreCategorySettings4) + Skin.String(SelectedExpandedBtn,3)">Skin.SetString(Custom15PanelType,12)</onclick>
					<onclick condition="System.HasAddon(script.extendedinfo) + Skin.HasSetting(ExpandAddMoreCategorySettings4) + Skin.String(SelectedExpandedBtn,4)">Skin.SetString(Custom16PanelType,12)</onclick>
					<onclick condition="!System.HasAddon(script.extendedinfo)">InstallAddon(script.extendedinfo)</onclick>
					<onclick>$VAR[AddMoreCategoryBtn1Click7]</onclick>
					<onclick>$VAR[AddMoreCategoryBtn2Click7]</onclick>
					<onclick>$VAR[AddMoreCategoryBtn3Click7]</onclick>
					<onclick>$VAR[AddMoreCategoryBtn4Click7]</onclick>
					<onclick>$VAR[AddMoreCategoryBtn1Click8Top]</onclick>
					<onclick>$VAR[AddMoreCategoryBtn2Click8Top]</onclick>
					<onclick>$VAR[AddMoreCategoryBtn3Click8Top]</onclick>
					<onclick>$VAR[AddMoreCategoryBtn4Click8Top]</onclick>
					<onclick>$VAR[AddMoreCategoryBtn1Click8Bottom]</onclick>
					<onclick>$VAR[AddMoreCategoryBtn2Click8Bottom]</onclick>
					<onclick>$VAR[AddMoreCategoryBtn3Click8Bottom]</onclick>
					<onclick>$VAR[AddMoreCategoryBtn4Click8Bottom]</onclick>
					<onclick>$VAR[AddMoreCategoryBtn1Click9Top]</onclick>
					<onclick>$VAR[AddMoreCategoryBtn2Click9Top]</onclick>
					<onclick>$VAR[AddMoreCategoryBtn3Click9Top]</onclick>
					<onclick>$VAR[AddMoreCategoryBtn4Click9Top]</onclick>
					<onclick>$VAR[AddMoreCategoryBtn1Click9Bottom]</onclick>
					<onclick>$VAR[AddMoreCategoryBtn2Click9Bottom]</onclick>
					<onclick>$VAR[AddMoreCategoryBtn3Click9Bottom]</onclick>
					<onclick>$VAR[AddMoreCategoryBtn4Click9Bottom]</onclick>
					<onclick condition="System.HasAddon(script.extendedinfo)">Dialog.Close(1130)</onclick>
				</control>
				<control type="button" id="110">
					<description>Music Videos</description>
					<include>ContextMenuBtn</include>
					<label>$LOCALIZE[20389]</label>
					<onclick condition="Skin.HasSetting(ExpandAddMoreCategorySettings) + Skin.String(SelectedExpandedBtn,1)">Skin.SetString(Custom1PanelType,7)</onclick>
					<onclick condition="Skin.HasSetting(ExpandAddMoreCategorySettings) + Skin.String(SelectedExpandedBtn,2)">Skin.SetString(Custom2PanelType,7)</onclick>
					<onclick condition="Skin.HasSetting(ExpandAddMoreCategorySettings) + Skin.String(SelectedExpandedBtn,3)">Skin.SetString(Custom3PanelType,7)</onclick>
					<onclick condition="Skin.HasSetting(ExpandAddMoreCategorySettings) + Skin.String(SelectedExpandedBtn,4)">Skin.SetString(Custom4PanelType,7)</onclick>
					<onclick condition="Skin.HasSetting(ExpandAddMoreCategorySettings2) + Skin.String(SelectedExpandedBtn,1)">Skin.SetString(Custom5PanelType,7)</onclick>
					<onclick condition="Skin.HasSetting(ExpandAddMoreCategorySettings2) + Skin.String(SelectedExpandedBtn,2)">Skin.SetString(Custom6PanelType,7)</onclick>
					<onclick condition="Skin.HasSetting(ExpandAddMoreCategorySettings2) + Skin.String(SelectedExpandedBtn,3)">Skin.SetString(Custom7PanelType,7)</onclick>
					<onclick condition="Skin.HasSetting(ExpandAddMoreCategorySettings2) + Skin.String(SelectedExpandedBtn,4)">Skin.SetString(Custom8PanelType,7)</onclick>
					<onclick condition="Skin.HasSetting(ExpandAddMoreCategorySettings3) + Skin.String(SelectedExpandedBtn,1)">Skin.SetString(Custom9PanelType,7)</onclick>
					<onclick condition="Skin.HasSetting(ExpandAddMoreCategorySettings3) + Skin.String(SelectedExpandedBtn,2)">Skin.SetString(Custom10PanelType,7)</onclick>
					<onclick condition="Skin.HasSetting(ExpandAddMoreCategorySettings3) + Skin.String(SelectedExpandedBtn,3)">Skin.SetString(Custom11PanelType,7)</onclick>
					<onclick condition="Skin.HasSetting(ExpandAddMoreCategorySettings3) + Skin.String(SelectedExpandedBtn,4)">Skin.SetString(Custom12PanelType,7)</onclick>
					<onclick condition="Skin.HasSetting(ExpandAddMoreCategorySettings4) + Skin.String(SelectedExpandedBtn,1)">Skin.SetString(Custom13PanelType,7)</onclick>
					<onclick condition="Skin.HasSetting(ExpandAddMoreCategorySettings4) + Skin.String(SelectedExpandedBtn,2)">Skin.SetString(Custom14PanelType,7)</onclick>
					<onclick condition="Skin.HasSetting(ExpandAddMoreCategorySettings4) + Skin.String(SelectedExpandedBtn,3)">Skin.SetString(Custom15PanelType,7)</onclick>
					<onclick condition="Skin.HasSetting(ExpandAddMoreCategorySettings4) + Skin.String(SelectedExpandedBtn,4)">Skin.SetString(Custom16PanelType,7)</onclick>
					<onclick>$VAR[AddMoreCategoryBtn1Click7]</onclick>
					<onclick>$VAR[AddMoreCategoryBtn2Click7]</onclick>
					<onclick>$VAR[AddMoreCategoryBtn3Click7]</onclick>
					<onclick>$VAR[AddMoreCategoryBtn4Click7]</onclick>
					<onclick>$VAR[AddMoreCategoryBtn1Click8Top]</onclick>
					<onclick>$VAR[AddMoreCategoryBtn2Click8Top]</onclick>
					<onclick>$VAR[AddMoreCategoryBtn3Click8Top]</onclick>
					<onclick>$VAR[AddMoreCategoryBtn4Click8Top]</onclick>
					<onclick>$VAR[AddMoreCategoryBtn1Click8Bottom]</onclick>
					<onclick>$VAR[AddMoreCategoryBtn2Click8Bottom]</onclick>
					<onclick>$VAR[AddMoreCategoryBtn3Click8Bottom]</onclick>
					<onclick>$VAR[AddMoreCategoryBtn4Click8Bottom]</onclick>
					<onclick>$VAR[AddMoreCategoryBtn1Click9Top]</onclick>
					<onclick>$VAR[AddMoreCategoryBtn2Click9Top]</onclick>
					<onclick>$VAR[AddMoreCategoryBtn3Click9Top]</onclick>
					<onclick>$VAR[AddMoreCategoryBtn4Click9Top]</onclick>
					<onclick>$VAR[AddMoreCategoryBtn1Click9Bottom]</onclick>
					<onclick>$VAR[AddMoreCategoryBtn2Click9Bottom]</onclick>
					<onclick>$VAR[AddMoreCategoryBtn3Click9Bottom]</onclick>
					<onclick>$VAR[AddMoreCategoryBtn4Click9Bottom]</onclick>
					<include>CustomPanelClearScripts</include>
					<onclick>Dialog.Close(1130)</onclick>
				</control>
				<control type="button" id="111">
					<description>Music Albums</description>
					<include>ContextMenuBtn</include>
					<label>$LOCALIZE[132]</label>
					<onclick condition="Skin.HasSetting(ExpandAddMoreCategorySettings) + Skin.String(SelectedExpandedBtn,1)">Skin.SetString(Custom1PanelType,6)</onclick>
					<onclick condition="Skin.HasSetting(ExpandAddMoreCategorySettings) + Skin.String(SelectedExpandedBtn,2)">Skin.SetString(Custom2PanelType,6)</onclick>
					<onclick condition="Skin.HasSetting(ExpandAddMoreCategorySettings) + Skin.String(SelectedExpandedBtn,3)">Skin.SetString(Custom3PanelType,6)</onclick>
					<onclick condition="Skin.HasSetting(ExpandAddMoreCategorySettings) + Skin.String(SelectedExpandedBtn,4)">Skin.SetString(Custom4PanelType,6)</onclick>
					<onclick condition="Skin.HasSetting(ExpandAddMoreCategorySettings2) + Skin.String(SelectedExpandedBtn,1)">Skin.SetString(Custom5PanelType,6)</onclick>
					<onclick condition="Skin.HasSetting(ExpandAddMoreCategorySettings2) + Skin.String(SelectedExpandedBtn,2)">Skin.SetString(Custom6PanelType,6)</onclick>
					<onclick condition="Skin.HasSetting(ExpandAddMoreCategorySettings2) + Skin.String(SelectedExpandedBtn,3)">Skin.SetString(Custom7PanelType,6)</onclick>
					<onclick condition="Skin.HasSetting(ExpandAddMoreCategorySettings2) + Skin.String(SelectedExpandedBtn,4)">Skin.SetString(Custom8PanelType,6)</onclick>
					<onclick condition="Skin.HasSetting(ExpandAddMoreCategorySettings3) + Skin.String(SelectedExpandedBtn,1)">Skin.SetString(Custom9PanelType,6)</onclick>
					<onclick condition="Skin.HasSetting(ExpandAddMoreCategorySettings3) + Skin.String(SelectedExpandedBtn,2)">Skin.SetString(Custom10PanelType,6)</onclick>
					<onclick condition="Skin.HasSetting(ExpandAddMoreCategorySettings3) + Skin.String(SelectedExpandedBtn,3)">Skin.SetString(Custom11PanelType,6)</onclick>
					<onclick condition="Skin.HasSetting(ExpandAddMoreCategorySettings3) + Skin.String(SelectedExpandedBtn,4)">Skin.SetString(Custom12PanelType,6)</onclick>
					<onclick condition="Skin.HasSetting(ExpandAddMoreCategorySettings4) + Skin.String(SelectedExpandedBtn,1)">Skin.SetString(Custom13PanelType,6)</onclick>
					<onclick condition="Skin.HasSetting(ExpandAddMoreCategorySettings4) + Skin.String(SelectedExpandedBtn,2)">Skin.SetString(Custom14PanelType,6)</onclick>
					<onclick condition="Skin.HasSetting(ExpandAddMoreCategorySettings4) + Skin.String(SelectedExpandedBtn,3)">Skin.SetString(Custom15PanelType,6)</onclick>
					<onclick condition="Skin.HasSetting(ExpandAddMoreCategorySettings4) + Skin.String(SelectedExpandedBtn,4)">Skin.SetString(Custom16PanelType,6)</onclick>
					<onclick>$VAR[AddMoreCategoryBtn1Click7]</onclick>
					<onclick>$VAR[AddMoreCategoryBtn2Click7]</onclick>
					<onclick>$VAR[AddMoreCategoryBtn3Click7]</onclick>
					<onclick>$VAR[AddMoreCategoryBtn4Click7]</onclick>
					<onclick>$VAR[AddMoreCategoryBtn1Click8Top]</onclick>
					<onclick>$VAR[AddMoreCategoryBtn2Click8Top]</onclick>
					<onclick>$VAR[AddMoreCategoryBtn3Click8Top]</onclick>
					<onclick>$VAR[AddMoreCategoryBtn4Click8Top]</onclick>
					<onclick>$VAR[AddMoreCategoryBtn1Click8Bottom]</onclick>
					<onclick>$VAR[AddMoreCategoryBtn2Click8Bottom]</onclick>
					<onclick>$VAR[AddMoreCategoryBtn3Click8Bottom]</onclick>
					<onclick>$VAR[AddMoreCategoryBtn4Click8Bottom]</onclick>
					<onclick>$VAR[AddMoreCategoryBtn1Click9Top]</onclick>
					<onclick>$VAR[AddMoreCategoryBtn2Click9Top]</onclick>
					<onclick>$VAR[AddMoreCategoryBtn3Click9Top]</onclick>
					<onclick>$VAR[AddMoreCategoryBtn4Click9Top]</onclick>
					<onclick>$VAR[AddMoreCategoryBtn1Click9Bottom]</onclick>
					<onclick>$VAR[AddMoreCategoryBtn2Click9Bottom]</onclick>
					<onclick>$VAR[AddMoreCategoryBtn3Click9Bottom]</onclick>
					<onclick>$VAR[AddMoreCategoryBtn4Click9Bottom]</onclick>
					<include>CustomPanelClearScripts</include>
					<onclick>Dialog.Close(1130)</onclick>
				</control>
				<control type="button" id="112">
					<description>Add-ons</description>
					<include>ContextMenuBtn</include>
					<label>$LOCALIZE[24001]</label>
					<onclick condition="Skin.HasSetting(ExpandAddMoreCategorySettings) + Skin.String(SelectedExpandedBtn,1)">Skin.SetString(Custom1PanelType,8)</onclick>
					<onclick condition="Skin.HasSetting(ExpandAddMoreCategorySettings) + Skin.String(SelectedExpandedBtn,2)">Skin.SetString(Custom2PanelType,8)</onclick>
					<onclick condition="Skin.HasSetting(ExpandAddMoreCategorySettings) + Skin.String(SelectedExpandedBtn,3)">Skin.SetString(Custom3PanelType,8)</onclick>
					<onclick condition="Skin.HasSetting(ExpandAddMoreCategorySettings) + Skin.String(SelectedExpandedBtn,4)">Skin.SetString(Custom4PanelType,8)</onclick>
					<onclick condition="Skin.HasSetting(ExpandAddMoreCategorySettings2) + Skin.String(SelectedExpandedBtn,1)">Skin.SetString(Custom5PanelType,8)</onclick>
					<onclick condition="Skin.HasSetting(ExpandAddMoreCategorySettings2) + Skin.String(SelectedExpandedBtn,2)">Skin.SetString(Custom6PanelType,8)</onclick>
					<onclick condition="Skin.HasSetting(ExpandAddMoreCategorySettings2) + Skin.String(SelectedExpandedBtn,3)">Skin.SetString(Custom7PanelType,8)</onclick>
					<onclick condition="Skin.HasSetting(ExpandAddMoreCategorySettings2) + Skin.String(SelectedExpandedBtn,4)">Skin.SetString(Custom8PanelType,8)</onclick>
					<onclick condition="Skin.HasSetting(ExpandAddMoreCategorySettings3) + Skin.String(SelectedExpandedBtn,1)">Skin.SetString(Custom9PanelType,8)</onclick>
					<onclick condition="Skin.HasSetting(ExpandAddMoreCategorySettings3) + Skin.String(SelectedExpandedBtn,2)">Skin.SetString(Custom10PanelType,8)</onclick>
					<onclick condition="Skin.HasSetting(ExpandAddMoreCategorySettings3) + Skin.String(SelectedExpandedBtn,3)">Skin.SetString(Custom11PanelType,8)</onclick>
					<onclick condition="Skin.HasSetting(ExpandAddMoreCategorySettings3) + Skin.String(SelectedExpandedBtn,4)">Skin.SetString(Custom12PanelType,8)</onclick>
					<onclick condition="Skin.HasSetting(ExpandAddMoreCategorySettings4) + Skin.String(SelectedExpandedBtn,1)">Skin.SetString(Custom13PanelType,8)</onclick>
					<onclick condition="Skin.HasSetting(ExpandAddMoreCategorySettings4) + Skin.String(SelectedExpandedBtn,2)">Skin.SetString(Custom14PanelType,8)</onclick>
					<onclick condition="Skin.HasSetting(ExpandAddMoreCategorySettings4) + Skin.String(SelectedExpandedBtn,3)">Skin.SetString(Custom15PanelType,8)</onclick>
					<onclick condition="Skin.HasSetting(ExpandAddMoreCategorySettings4) + Skin.String(SelectedExpandedBtn,4)">Skin.SetString(Custom16PanelType,8)</onclick>
					<onclick>$VAR[AddMoreCategoryBtn1Click7]</onclick>
					<onclick>$VAR[AddMoreCategoryBtn2Click7]</onclick>
					<onclick>$VAR[AddMoreCategoryBtn3Click7]</onclick>
					<onclick>$VAR[AddMoreCategoryBtn4Click7]</onclick>
					<onclick>$VAR[AddMoreCategoryBtn1Click8Top]</onclick>
					<onclick>$VAR[AddMoreCategoryBtn2Click8Top]</onclick>
					<onclick>$VAR[AddMoreCategoryBtn3Click8Top]</onclick>
					<onclick>$VAR[AddMoreCategoryBtn4Click8Top]</onclick>
					<onclick>$VAR[AddMoreCategoryBtn1Click8Bottom]</onclick>
					<onclick>$VAR[AddMoreCategoryBtn2Click8Bottom]</onclick>
					<onclick>$VAR[AddMoreCategoryBtn3Click8Bottom]</onclick>
					<onclick>$VAR[AddMoreCategoryBtn4Click8Bottom]</onclick>
					<onclick>$VAR[AddMoreCategoryBtn1Click9Top]</onclick>
					<onclick>$VAR[AddMoreCategoryBtn2Click9Top]</onclick>
					<onclick>$VAR[AddMoreCategoryBtn3Click9Top]</onclick>
					<onclick>$VAR[AddMoreCategoryBtn4Click9Top]</onclick>
					<onclick>$VAR[AddMoreCategoryBtn1Click9Bottom]</onclick>
					<onclick>$VAR[AddMoreCategoryBtn2Click9Bottom]</onclick>
					<onclick>$VAR[AddMoreCategoryBtn3Click9Bottom]</onclick>
					<onclick>$VAR[AddMoreCategoryBtn4Click9Bottom]</onclick>
					<include>CustomPanelClearScripts</include>
					<onclick>Dialog.Close(1130)</onclick>
				</control>
				<control type="button" id="113">
					<description>Custom</description>
					<include>ContextMenuBtn</include>
					<label>$LOCALIZE[636]</label>
					<onclick condition="System.HasAddon(script.skinshortcuts) + Skin.HasSetting(ExpandAddMoreCategorySettings) + Skin.String(SelectedExpandedBtn,1)">Skin.SetString(Custom1PanelType,13)</onclick>
					<onclick condition="System.HasAddon(script.skinshortcuts) + Skin.HasSetting(ExpandAddMoreCategorySettings) + Skin.String(SelectedExpandedBtn,2)">Skin.SetString(Custom2PanelType,13)</onclick>
					<onclick condition="System.HasAddon(script.skinshortcuts) + Skin.HasSetting(ExpandAddMoreCategorySettings) + Skin.String(SelectedExpandedBtn,3)">Skin.SetString(Custom3PanelType,13)</onclick>
					<onclick condition="System.HasAddon(script.skinshortcuts) + Skin.HasSetting(ExpandAddMoreCategorySettings) + Skin.String(SelectedExpandedBtn,4)">Skin.SetString(Custom4PanelType,13)</onclick>
					<onclick condition="System.HasAddon(script.skinshortcuts) + Skin.HasSetting(ExpandAddMoreCategorySettings2) + Skin.String(SelectedExpandedBtn,1)">Skin.SetString(Custom5PanelType,13)</onclick>
					<onclick condition="System.HasAddon(script.skinshortcuts) + Skin.HasSetting(ExpandAddMoreCategorySettings2) + Skin.String(SelectedExpandedBtn,2)">Skin.SetString(Custom6PanelType,13)</onclick>
					<onclick condition="System.HasAddon(script.skinshortcuts) + Skin.HasSetting(ExpandAddMoreCategorySettings2) + Skin.String(SelectedExpandedBtn,3)">Skin.SetString(Custom7PanelType,13)</onclick>
					<onclick condition="System.HasAddon(script.skinshortcuts) + Skin.HasSetting(ExpandAddMoreCategorySettings2) + Skin.String(SelectedExpandedBtn,4)">Skin.SetString(Custom8PanelType,13)</onclick>
					<onclick condition="System.HasAddon(script.skinshortcuts) + Skin.HasSetting(ExpandAddMoreCategorySettings3) + Skin.String(SelectedExpandedBtn,1)">Skin.SetString(Custom9PanelType,13)</onclick>
					<onclick condition="System.HasAddon(script.skinshortcuts) + Skin.HasSetting(ExpandAddMoreCategorySettings3) + Skin.String(SelectedExpandedBtn,2)">Skin.SetString(Custom10PanelType,13)</onclick>
					<onclick condition="System.HasAddon(script.skinshortcuts) + Skin.HasSetting(ExpandAddMoreCategorySettings3) + Skin.String(SelectedExpandedBtn,3)">Skin.SetString(Custom11PanelType,13)</onclick>
					<onclick condition="System.HasAddon(script.skinshortcuts) + Skin.HasSetting(ExpandAddMoreCategorySettings3) + Skin.String(SelectedExpandedBtn,4)">Skin.SetString(Custom12PanelType,13)</onclick>
					<onclick condition="System.HasAddon(script.skinshortcuts) + Skin.HasSetting(ExpandAddMoreCategorySettings4) + Skin.String(SelectedExpandedBtn,1)">Skin.SetString(Custom13PanelType,13)</onclick>
					<onclick condition="System.HasAddon(script.skinshortcuts) + Skin.HasSetting(ExpandAddMoreCategorySettings4) + Skin.String(SelectedExpandedBtn,2)">Skin.SetString(Custom14PanelType,13)</onclick>
					<onclick condition="System.HasAddon(script.skinshortcuts) + Skin.HasSetting(ExpandAddMoreCategorySettings4) + Skin.String(SelectedExpandedBtn,3)">Skin.SetString(Custom15PanelType,13)</onclick>
					<onclick condition="System.HasAddon(script.skinshortcuts) + Skin.HasSetting(ExpandAddMoreCategorySettings4) + Skin.String(SelectedExpandedBtn,4)">Skin.SetString(Custom16PanelType,13)</onclick>
					<onclick condition="System.HasAddon(script.skinshortcuts)">Skin.SetString(DialogVideoInfoButtonMenu,CustomWidgets)</onclick>
					<onclick condition="!System.HasAddon(script.skinshortcuts)">InstallAddon(script.skinshortcuts)</onclick>
					<onclick>$VAR[AddMoreCategoryBtn1Click7]</onclick>
					<onclick>$VAR[AddMoreCategoryBtn2Click7]</onclick>
					<onclick>$VAR[AddMoreCategoryBtn3Click7]</onclick>
					<onclick>$VAR[AddMoreCategoryBtn4Click7]</onclick>
					<onclick condition="System.HasAddon(script.skinshortcuts)">Dialog.Close(1130)</onclick>
					<onclick condition="System.HasAddon(script.skinshortcuts)">ActivateWindow(1105)</onclick>
				</control>
			</control>
				
			<control type="button">
				<left>284</left>
				<include>DialogCloseBtn</include>
			</control>
		</control>
	</controls>
</window>