<?xml version="1.0" encoding="UTF-8"?>
<includes> 
	<include name="BackgroundsSkinSettings">
		<control type="group">
			<visible>Skin.String(SkinSettingsCategory,4)</visible>
		
			<control type="grouplist" id="903">		
				<description>Content Area</description>
				<width>755</width>
				<height>500</height>
				<pagecontrol>994</pagecontrol>
				<itemgap>0</itemgap>
				<onup>903</onup>
				<ondown>903</ondown>
				<onleft>4</onleft>
				<onright>150</onright>
				<visible>!Skin.HasSetting(ExpandedSettings)</visible>
				<include>ContentSettingsOpenCloseAnim</include>
				<control type="button" id="4009">
					<description>General Label</description>
					<include>SettingsHeaderBtn</include>
					<label>$LOCALIZE[128]</label>
				</control>
				<control type="button" id="4011">
					<description>Fanart Brightness</description>
					<include>SettingsContentBtn</include>
					<label>$LOCALIZE[31059]: [COLOR DefaultColor2]$VAR[FanartBrightnessValueVar] %[/COLOR]</label>
					<onclick>Skin.SetString(BrightnessVar,Fanart)</onclick>
					<onclick>ActivateWindow(1108)</onclick>
				</control>
				<control type="radiobutton" id="4010">
					<description>Animate Background</description>
					<include>SettingsContentRadioBtn</include>
					<label>$LOCALIZE[31064]</label>
					<selected>Skin.HasSetting(AnimateBackground)</selected>
					<onclick>Skin.ToggleSetting(AnimateBackground)</onclick>
					<onclick>ReloadSkin()</onclick>
					<include>ReloadSkinNotification</include>
					<enable>!Skin.String(LowCPUPowerMode,Full)</enable>
				</control>
				<control type="radiobutton" id="4051">
					<description>Animate Fanart Background</description>
					<include>SettingsContentRadioBtn</include>
					<label>$LOCALIZE[31063]</label>
					<selected>Skin.HasSetting(AnimateFanart)</selected>
					<onclick>Skin.ToggleSetting(AnimateFanart)</onclick>
					<onclick>ReloadSkin()</onclick>
					<include>ReloadSkinNotification</include>
					<enable>!Skin.String(LowCPUPowerMode,Full)</enable>
				</control>
				<control type="button" id="4052">
					<description>Fanart Refresh Interval</description>
					<include>SettingsContentBtn</include>
					<label>$LOCALIZE[31991] [COLOR DefaultColor2]$INFO[Skin.String(SkinHelper.RandomFanartDelay)] $LOCALIZE[31992][/COLOR]</label>
					<onclick>Skin.SetNumeric(SkinHelper.RandomFanartDelay)</onclick>
					<enable>Skin.String(CustomVideosBGType,4) | Skin.String(CustomMusicBGType,4) | Skin.String(CustomMoviesBGType,4) | Skin.String(CustomTVShowsBGType,4) | Skin.String(CustomPVRBGType,4)</enable>
					<visible>System.HasAddon(script.skin.helper.backgrounds)</visible>
				</control>
				<control type="button" id="4053">
					<description>Select Movie / TV Show Genre Fanart Pack</description>	
					<include>SettingsContentBtn</include>
					<label>$LOCALIZE[31191]: [COLOR DefaultColor2]$INFO[Skin.String(MovieGenreFanartAddon.name)][/COLOR]</label>
					<onclick>RunScript(script.image.resource.select,property=MovieGenreFanartAddon&amp;type=resource.images.moviegenrefanart)</onclick>
					<visible>System.HasAddon(script.image.resource.select)</visible>
				</control>
				<control type="button" id="4054">
					<description>Select Music Genre Fanart Pack</description>	
					<include>SettingsContentBtn</include>
					<label>$LOCALIZE[31183]: [COLOR DefaultColor2]$INFO[Skin.String(MusicGenreFanartAddon.name)][/COLOR]</label>
					<onclick>RunScript(script.image.resource.select,property=MusicGenreFanartAddon&amp;type=resource.images.musicgenrefanart)</onclick>
					<visible>System.HasAddon(script.image.resource.select)</visible>
				</control>
				<control type="button" id="3999">
					<description>Custom Background Label</description>
					<include>SettingsHeaderBtn</include>
					<label>$LOCALIZE[31053]</label>
				</control>
				<control type="radiobutton" id="4000">
					<description>Customize Default Background Settings</description>
					<include>SettingsContentExpandBtn</include>
					<label>$LOCALIZE[31058]</label>
					<selected>Skin.HasSetting(ExpandCustomDefaultBGSettings)</selected>
					<onclick>Skin.SetBool(ExpandCustomDefaultBGSettings)</onclick>
					<onclick>Skin.SetBool(ExpandedSettings)</onclick>
					<onclick>Control.SetFocus(949)</onclick>
				</control>
				<control type="radiobutton" id="4001">
					<description>Customize Music Background Settings</description>
					<include>SettingsContentExpandBtn</include>
					<label>$LOCALIZE[2]</label>
					<selected>Skin.HasSetting(ExpandCustomMusicBGSettings)</selected>
					<onclick>Skin.SetBool(ExpandCustomMusicBGSettings)</onclick>
					<onclick>Skin.SetBool(ExpandedSettings)</onclick>
					<onclick>Control.SetFocus(952)</onclick>
				</control>
				<include condition="System.GetBool(pvrmanager.enabled)">CustomPVRBGRadioBtn</include>
				<control type="radiobutton" id="4002">
					<description>Customize Videos Background Settings</description>
					<include>SettingsContentExpandBtn</include>
					<label>$LOCALIZE[3]</label>
					<selected>Skin.HasSetting(ExpandCustomVideosBGSettings)</selected>
					<onclick>Skin.SetBool(ExpandCustomVideosBGSettings)</onclick>
					<onclick>Skin.SetBool(ExpandedSettings)</onclick>
					<onclick>Control.SetFocus(942)</onclick>
				</control>
				<control type="radiobutton" id="4003">
					<description>Customize Movies Background Settings</description>
					<include>SettingsContentExpandBtn</include>
					<label>$LOCALIZE[20342]</label>
					<selected>Skin.HasSetting(ExpandCustomMoviesBGSettings)</selected>
					<onclick>Skin.SetBool(ExpandCustomMoviesBGSettings)</onclick>
					<onclick>Skin.SetBool(ExpandedSettings)</onclick>
					<onclick>Control.SetFocus(943)</onclick>
					<enable>Library.HasContent(Movies)</enable>
				</control>
				<control type="radiobutton" id="4004">
					<description>Customize TV Shows Background Settings</description>
					<include>SettingsContentExpandBtn</include>
					<label>$LOCALIZE[20343]</label>
					<selected>Skin.HasSetting(ExpandCustomTVShowsBGSettings)</selected>
					<onclick>Skin.SetBool(ExpandCustomTVShowsBGSettings)</onclick>
					<onclick>Skin.SetBool(ExpandedSettings)</onclick>
					<onclick>Control.SetFocus(944)</onclick>
					<enable>Library.HasContent(TVShows)</enable>
				</control>
				<control type="radiobutton" id="4005">
					<description>Customize Programs Background Settings</description>
					<include>SettingsContentExpandBtn</include>
					<label>$LOCALIZE[0]</label>
					<selected>Skin.HasSetting(ExpandCustomProgramsBGSettings)</selected>
					<onclick>Skin.SetBool(ExpandCustomProgramsBGSettings)</onclick>
					<onclick>Skin.SetBool(ExpandedSettings)</onclick>
					<onclick>Control.SetFocus(945)</onclick>
				</control>
				<control type="radiobutton" id="4006">
					<description>Customize Pictures Background Settings</description>
					<include>SettingsContentExpandBtn</include>
					<label>$LOCALIZE[1]</label>
					<selected>Skin.HasSetting(ExpandCustomPicturesBGSettings)</selected>
					<onclick>Skin.SetBool(ExpandCustomPicturesBGSettings)</onclick>
					<onclick>Skin.SetBool(ExpandedSettings)</onclick>
					<onclick>Control.SetFocus(946)</onclick>
				</control>
				<control type="radiobutton" id="4013">
					<description>Customize Weather Background Settings</description>
					<include>SettingsContentExpandBtn</include>
					<label>$LOCALIZE[8]</label>
					<selected>Skin.HasSetting(ExpandCustomWeatherBGSettings)</selected>
					<onclick>Skin.SetBool(ExpandCustomWeatherBGSettings)</onclick>
					<onclick>Skin.SetBool(ExpandedSettings)</onclick>
					<onclick>Control.SetFocus(951)</onclick>
					<enable>!IsEmpty(Weather.Plugin)</enable>
				</control>
				<control type="radiobutton" id="4007">
					<description>Customize General Background Settings</description>
					<include>SettingsContentExpandBtn</include>
					<label>$LOCALIZE[128]</label>
					<selected>Skin.HasSetting(ExpandCustomGeneralBGSettings)</selected>
					<onclick>Skin.SetBool(ExpandCustomGeneralBGSettings)</onclick>
					<onclick>Skin.SetBool(ExpandedSettings)</onclick>
					<onclick>Control.SetFocus(947)</onclick>
				</control>
				<control type="radiobutton" id="4008">
					<description>Customize System Background Settings</description>
					<include>SettingsContentExpandBtn</include>
					<label>$LOCALIZE[13000]</label>
					<selected>Skin.HasSetting(ExpandCustomSystemBGSettings)</selected>
					<onclick>Skin.SetBool(ExpandCustomSystemBGSettings)</onclick>
					<onclick>Skin.SetBool(ExpandedSettings)</onclick>
					<onclick>Control.SetFocus(948)</onclick>
				</control>
				<control type="radiobutton" id="4014">
					<description>Customize Power Background Settings</description>
					<include>SettingsContentExpandBtn</include>
					<label>$LOCALIZE[33060]</label>
					<selected>Skin.HasSetting(ExpandCustomPowerBGSettings)</selected>
					<onclick>Skin.SetBool(ExpandCustomPowerBGSettings)</onclick>
					<onclick>Skin.SetBool(ExpandedSettings)</onclick>
					<onclick>Control.SetFocus(950)</onclick>
				</control>
			</control>
			
			<control type="group" id="855">
				<description>Expanded Default Background Area</description>
				<visible>Skin.HasSetting(ExpandCustomDefaultBGSettings)</visible>
				<include>ExpandedSettingsOpenCloseAnim</include>

				<control type="button">
					<description>Title</description>
					<include>SettingsHeaderBtn</include>
					<label>$LOCALIZE[31604] - $LOCALIZE[31058]</label>
				</control>
				
				<include>CustomImagePreviewBG</include>
				
				<control type="multiimage">
					<include>CustomImagePreview</include>
					<imagepath background="true" fallback="background-default.png">$INFO[Skin.String(CustomDefaultBGPath)]</imagepath>
					<include>CustomImagePreviewOpenCloseAnim</include>
				</control>
				
				<control type="image">
					<include>CustomImageDim</include>
					<include>GlobalBrightnessAnimations</include>
					<visible>Control.HasFocus(4202)</visible>
				</control>
				
				<control type="grouplist" id="949">		
					<left>520</left>
					<top>65</top>
					<width>235</width>
					<height>340</height>
					<itemgap>15</itemgap>
					<onup>4202</onup>
					<ondown>4200</ondown>
					<onleft>1949</onleft>
					<control type="radiobutton" id="4100">
						<description>Single Image</description>
						<include>SettingsCustomBGRadioBtn</include>
						<selected>Skin.String(CustomDefaultBGType,1) | Skin.String(CustomDefaultBGType,)</selected>
						<onclick>Skin.SetString(CustomDefaultBGType,1)</onclick>
						<onclick>Skin.SetString(CustomDefaultBGPath,background-default.png)</onclick>
						<label>$LOCALIZE[31056]</label>
					</control>
					<control type="radiobutton" id="4101">
						<description>Multi Image</description>
						<include>SettingsCustomBGRadioBtn</include>
						<selected>Skin.String(CustomDefaultBGType,2)</selected>
						<onclick>Skin.SetString(CustomDefaultBGType,2)</onclick>
						<onclick>Skin.SetString(CustomDefaultBGPath,background-default.png)</onclick>
						<label>$LOCALIZE[31057]</label>
					</control>
				</control>
					
				<control type="grouplist" id="920">
					<top>379</top>
					<itemgap>0</itemgap>
					<onup>4101</onup>
					<ondown>4100</ondown>
					<onleft>1949</onleft>
					<control type="button" id="4200">
						<description>Single Image Path</description>
						<include>SettingsContentBtn</include>
						<label>$LOCALIZE[573] - [COLOR=DefaultColor2]$INFO[Skin.String(CustomDefaultBGPath)][/COLOR]</label>
						<onclick>Skin.SetImage(CustomDefaultBGPath)</onclick>
						<visible>Skin.String(CustomDefaultBGType,1) | Skin.String(CustomDefaultBGType,)</visible>
					</control>
					<control type="button" id="4201">
						<description>Multi Image Path</description>
						<include>SettingsContentBtn</include>
						<label>$LOCALIZE[573] - [COLOR=DefaultColor2]$INFO[Skin.String(CustomDefaultBGPath)][/COLOR]</label>
						<onclick>Skin.SetPath(CustomDefaultBGPath)</onclick>
						<visible>Skin.String(CustomDefaultBGType,2)</visible>
					</control>
					<control type="button" id="4202">
						<description>Background Brightness</description>
						<include>SettingsContentBtn</include>
						<label>$LOCALIZE[31060]: [COLOR DefaultColor2]$VAR[GlobalBrightnessValueVar] %[/COLOR]</label>
						<onclick>Skin.SetString(BrightnessVar,Global)</onclick>
						<onclick>ActivateWindow(1108)</onclick>
					</control>
				</control>
				
				<control type="button" id="1949">
					<description>Back</description>
					<include>SettingsBackBtn</include>
					<onright>949</onright>
					<onleft>Skin.Reset(ExpandCustomDefaultBGSettings)</onleft>
					<onleft>Skin.Reset(ExpandedSettings)</onleft>
					<onleft>Control.SetFocus(4000)</onleft>
					<onclick>Skin.Reset(ExpandCustomDefaultBGSettings)</onclick>
					<onclick>Skin.Reset(ExpandedSettings)</onclick>
					<onclick>Control.SetFocus(4000)</onclick>
				</control>
			</control>
			
			<control type="group" id="855">
				<description>Expanded Music Background Area</description>
				<visible>Skin.HasSetting(ExpandCustomMusicBGSettings)</visible>
				<include>ExpandedSettingsOpenCloseAnim</include>

				<control type="button">
					<description>Title</description>
					<include>SettingsHeaderBtn</include>
					<label>$LOCALIZE[31604] - $LOCALIZE[2]</label>
				</control>
				
				<include>CustomImagePreviewBG</include>
				
				<control type="multiimage">
					<include>CustomImagePreview</include>
					<imagepath background="true" fallback="background-default.png">$INFO[Skin.String(CustomDefaultBGPath)]</imagepath>
					<visible>Skin.String(CustomMusicBGType,1) | Skin.String(CustomMusicBGType,)</visible>
					<include>CustomImagePreviewOpenCloseAnim</include>
				</control>
				
				<control type="multiimage">
					<include>CustomImagePreview</include>
					<imagepath background="true" fallback=".">$VAR[CustomMusicBGVar]</imagepath>
					<visible>Skin.String(CustomMusicBGType,2) | Skin.String(CustomMusicBGType,3) | Skin.String(CustomMusicBGType,4)</visible>
					<include>CustomImagePreviewOpenCloseAnim</include>
				</control>
				
				<control type="image">
					<include>CustomImageDim</include>
					<include>MusicBrightnessAnimations</include>
					<visible>Control.HasFocus(4612)</visible>
				</control>
				
				<control type="grouplist" id="952">		
					<left>520</left>
					<top>65</top>
					<width>235</width>
					<height>340</height>
					<itemgap>15</itemgap>
					<onup>4613</onup>
					<ondown condition="Skin.String(CustomMusicBGType,2)">4610</ondown>
					<ondown condition="Skin.String(CustomMusicBGType,3)">4611</ondown>
					<ondown condition="Skin.String(CustomMusicBGType,4)">4614</ondown>
					<onleft>1952</onleft>
					<control type="radiobutton" id="4510">
						<description>Default</description>
						<include>SettingsCustomBGRadioBtn</include>
						<selected>Skin.String(CustomMusicBGType,1) | Skin.String(CustomMusicBGType,)</selected>
						<onclick>Skin.SetString(CustomMusicBGType,1)</onclick>
						<onclick>Skin.Reset(CustomMusicBGPath)</onclick>
						<label>$LOCALIZE[31058]</label>
					</control>
					<control type="radiobutton" id="4511">
						<description>Single Image</description>
						<include>SettingsCustomBGRadioBtn</include>
						<selected>Skin.String(CustomMusicBGType,2)</selected>
						<onclick>Skin.SetString(CustomMusicBGType,2)</onclick>
						<onclick>Skin.Reset(CustomMusicBGPath)</onclick>
						<label>$LOCALIZE[31056]</label>
					</control>
					<control type="radiobutton" id="4512">
						<description>Multi Image</description>
						<include>SettingsCustomBGRadioBtn</include>
						<selected>Skin.String(CustomMusicBGType,3)</selected>
						<onclick>Skin.SetString(CustomMusicBGType,3)</onclick>
						<onclick>Skin.Reset(CustomMusicBGPath)</onclick>
						<label>$LOCALIZE[31057]</label>
					</control>
					<control type="radiobutton" id="4513">
						<description>Fanart Image</description>
						<include>SettingsCustomBGRadioBtn</include>
						<selected>Skin.String(CustomMusicBGType,4)</selected>
						<onclick>Skin.SetString(CustomMusicBGType,4)</onclick>
						<onclick>Skin.Reset(CustomMusicBGPath)</onclick>
						<label>$LOCALIZE[20445]</label>
						<visible>System.HasAddon(script.skin.helper.backgrounds)</visible>
					</control>
				</control>
					
				<control type="grouplist" id="921">
					<top>379</top>
					<itemgap>0</itemgap>
					<onup>4513</onup>
					<ondown>4510</ondown>
					<onleft>1952</onleft>
					<control type="group" id="4614">
						<visible>Skin.String(CustomMusicBGType,4)</visible>
						<height>55</height>
						<control type="radiobutton" id="4615">
							<description>Random</description>
							<width>185</width>
							<textwidth>125</textwidth>
							<radioposx>133</radioposx>
							<include>SettingsCustomBGRadioBtn</include>
							<selected>Skin.String(CustomMusicFanartBGType,random) | Skin.String(CustomMusicFanartBGType,)</selected>
							<onclick>Skin.SetString(CustomMusicFanartBGType,random)</onclick>
							<label>$LOCALIZE[590]</label>
							<ondown>4612</ondown>
							<onup>4513</onup>
							<onleft>1952</onleft>
							<onright>4616</onright>
						</control>
						<control type="radiobutton" id="4616">
							<description>Recent</description>
							<left>190</left>
							<width>185</width>
							<textwidth>125</textwidth>
							<radioposx>133</radioposx>
							<include>SettingsCustomBGRadioBtn</include>
							<selected>Skin.String(CustomMusicFanartBGType,recent)</selected>
							<onclick>Skin.SetString(CustomMusicFanartBGType,recent)</onclick>
							<label>$LOCALIZE[31924]</label>
							<ondown>4612</ondown>
							<onup>4513</onup>
							<onleft>4615</onleft>
							<onright>4615</onright>
						</control>
					</control>
					<control type="button" id="4610">
						<description>Single Image Path</description>
						<include>SettingsContentBtn</include>
						<label>$LOCALIZE[573] - [COLOR=DefaultColor2]$INFO[Skin.String(CustomMusicBGPath)][/COLOR]</label>
						<onclick>Skin.SetImage(CustomMusicBGPath)</onclick>
						<visible>Skin.String(CustomMusicBGType,2)</visible>
					</control>
					<control type="button" id="4611">
						<description>Multi Image Path</description>
						<include>SettingsContentBtn</include>
						<label>$LOCALIZE[573] - [COLOR=DefaultColor2]$INFO[Skin.String(CustomMusicBGPath)][/COLOR]</label>
						<onclick>Skin.SetPath(CustomMusicBGPath)</onclick>
						<visible>Skin.String(CustomMusicBGType,3)</visible>
					</control>
					<control type="button" id="4612">
						<description>Background Brightness</description>
						<include>SettingsContentBtn</include>
						<label>$LOCALIZE[31060]: [COLOR DefaultColor2]$VAR[MusicBrightnessValueVar] %[/COLOR]</label>
						<onclick>Skin.SetString(BrightnessVar,Music)</onclick>
						<onclick>ActivateWindow(1108)</onclick>
						<visible>Skin.String(CustomMusicBGType,2) | Skin.String(CustomMusicBGType,3) | Skin.String(CustomMusicBGType,4)</visible>
					</control>
					<control type="togglebutton" id="4613">
						<description>Apply To All Windows</description>
						<include>SettingsContentToggleBtn</include>
						<label>$LOCALIZE[31052]</label>
						<altlabel>$LOCALIZE[31051]</altlabel>
						<usealttexture>!Skin.HasSetting(ApplyAllMusicCustomBG)</usealttexture>
						<onclick>Skin.ToggleSetting(ApplyAllMusicCustomBG)</onclick>
						<onup condition="Skin.String(CustomMusicBGType,4)">4614</onup>
						<visible>Skin.String(CustomMusicBGType,2) | Skin.String(CustomMusicBGType,3) | Skin.String(CustomMusicBGType,4)</visible>
					</control>	
				</control>
				
				<control type="button" id="1952">
					<description>Back</description>
					<include>SettingsBackBtn</include>
					<onright>952</onright>
					<onleft>Skin.Reset(ExpandCustomMusicBGSettings)</onleft>
					<onleft>Skin.Reset(ExpandedSettings)</onleft>
					<onleft>Control.SetFocus(4001)</onleft>
					<onclick>Skin.Reset(ExpandCustomMusicBGSettings)</onclick>
					<onclick>Skin.Reset(ExpandedSettings)</onclick>
					<onclick>Control.SetFocus(4001)</onclick>
				</control>
			</control>

			<control type="group" id="855">
				<description>Expanded PVR Background Area</description>
				<visible>Skin.HasSetting(ExpandCustomPVRBGSettings)</visible>
				<include>ExpandedSettingsOpenCloseAnim</include>

				<control type="button">
					<description>Title</description>
					<include>SettingsHeaderBtn</include>
					<label>$LOCALIZE[31604] - $LOCALIZE[19020]</label>
				</control>

				<include>CustomImagePreviewBG</include>

				<control type="multiimage">
					<include>CustomImagePreview</include>
					<imagepath background="true" fallback="background-default.png">$INFO[Skin.String(CustomDefaultBGPath)]</imagepath>
					<visible>Skin.String(CustomPVRBGType,1) | Skin.String(CustomPVRBGType,)</visible>
					<include>CustomImagePreviewOpenCloseAnim</include>
				</control>

				<control type="multiimage">
					<include>CustomImagePreview</include>
					<imagepath background="true" fallback=".">$INFO[Skin.String(CustomPVRBGPath)]</imagepath>
					<visible>Skin.String(CustomPVRBGType,2) | Skin.String(CustomPVRBGType,3)</visible>
					<include>CustomImagePreviewOpenCloseAnim</include>
				</control>
				
				<control type="multiimage">
					<include>CustomImagePreview</include>
					<imagepath background="true" fallback=".">$INFO[Window(Home).Property(SkinHelper.PvrBackground)]</imagepath>
					<visible>Skin.String(CustomPVRBGType,4)</visible>
					<include>CustomImagePreviewOpenCloseAnim</include>
				</control>
				
				<control type="image">
					<include>CustomImageDim</include>
					<include>TVBrightnessAnimations</include>
					<visible>Control.HasFocus(94212)</visible>
				</control>

				<control type="grouplist" id="9941">		
					<left>520</left>
					<top>65</top>
					<width>235</width>
					<height>340</height>
					<itemgap>15</itemgap>
					<onup>94213</onup>
					<ondown>94210</ondown>
					<onleft>19941</onleft>
					<control type="radiobutton" id="94110">
						<description>Default</description>
						<include>SettingsCustomBGRadioBtn</include>
						<selected>Skin.String(CustomPVRBGType,1) | Skin.String(CustomPVRBGType,)</selected>
						<onclick>Skin.SetString(CustomPVRBGType,1)</onclick>
						<onclick>Skin.Reset(CustomPVRBGPath)</onclick>
						<label>$LOCALIZE[31058]</label>
					</control>
					<control type="radiobutton" id="94111">
						<description>Single Image</description>
						<include>SettingsCustomBGRadioBtn</include>
						<selected>Skin.String(CustomPVRBGType,2)</selected>
						<onclick>Skin.SetString(CustomPVRBGType,2)</onclick>
						<onclick>Skin.Reset(CustomPVRBGPath)</onclick>
						<label>$LOCALIZE[31056]</label>
					</control>
					<control type="radiobutton" id="94112">
						<description>Multi Image</description>
						<include>SettingsCustomBGRadioBtn</include>
						<selected>Skin.String(CustomPVRBGType,3)</selected>
						<onclick>Skin.SetString(CustomPVRBGType,3)</onclick>
						<onclick>Skin.Reset(CustomPVRBGPath)</onclick>
						<label>$LOCALIZE[31057]</label>
					</control>
					<control type="radiobutton" id="94113">
						<description>Fanart Image</description>
						<include>SettingsCustomBGRadioBtn</include>
						<selected>Skin.String(CustomPVRBGType,4)</selected>
						<onclick>Skin.SetString(CustomPVRBGType,4)</onclick>
						<onclick>Skin.Reset(CustomPVRBGPath)</onclick>
						<label>$LOCALIZE[31923]</label>
						<visible>System.HasAddon(script.skin.helper.backgrounds)</visible>
					</control>
				</control>

				<control type="grouplist" id="9921">
					<top>379</top>
					<itemgap>0</itemgap>
					<onup>94113</onup>
					<ondown>94110</ondown>
					<onleft>19941</onleft>
					<control type="button" id="94210">
						<description>Single Image Path</description>
						<include>SettingsContentBtn</include>
						<label>$LOCALIZE[573] - [COLOR=DefaultColor2]$INFO[Skin.String(CustomPVRBGPath)][/COLOR]</label>
						<onclick>Skin.SetImage(CustomPVRBGPath)</onclick>
						<visible>Skin.String(CustomPVRBGType,2)</visible>
					</control>
					<control type="button" id="94211">
						<description>Multi Image Path</description>
						<include>SettingsContentBtn</include>
						<label>$LOCALIZE[573] - [COLOR=DefaultColor2]$INFO[Skin.String(CustomPVRBGPath)][/COLOR]</label>
						<onclick>Skin.SetPath(CustomPVRBGPath)</onclick>
						<visible>Skin.String(CustomPVRBGType,3)</visible>
					</control>
					<control type="button" id="94212">
						<description>Background Brightness</description>
						<include>SettingsContentBtn</include>
						<label>$LOCALIZE[31060]: [COLOR DefaultColor2]$VAR[TVBrightnessValueVar] %[/COLOR]</label>
						<onclick>Skin.SetString(BrightnessVar,TV)</onclick>
						<onclick>ActivateWindow(1108)</onclick>
						<visible>Skin.String(CustomPVRBGType,2) | Skin.String(CustomPVRBGType,3) | Skin.String(CustomPVRBGType,4)</visible>
					</control>
					<control type="togglebutton" id="94213">
						<description>Apply To All Windows</description>
						<include>SettingsContentToggleBtn</include>
						<label>$LOCALIZE[31052]</label>
						<altlabel>$LOCALIZE[31051]</altlabel>
						<usealttexture>!Skin.HasSetting(ApplyAllPVRCustomBG)</usealttexture>
						<onclick>Skin.ToggleSetting(ApplyAllPVRCustomBG)</onclick>
						<visible>Skin.String(CustomPVRBGType,2) | Skin.String(CustomPVRBGType,3) | Skin.String(CustomPVRBGType,4)</visible>
					</control>
				</control>

				<control type="button" id="19941">
					<description>Back</description>
					<include>SettingsBackBtn</include>
					<onright>9941</onright>
					<onleft>Skin.Reset(ExpandCustomPVRBGSettings)</onleft>
					<onleft>Skin.Reset(ExpandedSettings)</onleft>
					<onleft>Control.SetFocus(4012)</onleft>					
					<onclick>Skin.Reset(ExpandCustomPVRBGSettings)</onclick>
					<onclick>Skin.Reset(ExpandedSettings)</onclick>
					<onclick>Control.SetFocus(4012)</onclick>
				</control>
			</control>
			
			<control type="group" id="855">
				<description>Expanded Videos Background Area</description>
				<visible>Skin.HasSetting(ExpandCustomVideosBGSettings)</visible>
				<include>ExpandedSettingsOpenCloseAnim</include>

				<control type="button">
					<description>Title</description>
					<include>SettingsHeaderBtn</include>
					<label>$LOCALIZE[31604] - $LOCALIZE[3]</label>
				</control>
				
				<include>CustomImagePreviewBG</include>
				
				<control type="multiimage">
					<include>CustomImagePreview</include>
					<imagepath background="true" fallback="background-default.png">$INFO[Skin.String(CustomDefaultBGPath)]</imagepath>
					<include>CustomImagePreviewOpenCloseAnim</include>
					<visible>Skin.String(CustomVideosBGType,1) | Skin.String(CustomVideosBGType,)</visible>
				</control>
				
				<control type="multiimage">
					<include>CustomImagePreview</include>
					<imagepath background="true" fallback=".">$VAR[CustomVideosBGVar]</imagepath>
					<visible>Skin.String(CustomVideosBGType,2) | Skin.String(CustomVideosBGType,3) | Skin.String(CustomVideosBGType,4)</visible>
					<include>CustomImagePreviewOpenCloseAnim</include>
				</control>
				
				<control type="image">
					<include>CustomImageDim</include>
					<include>VideosBrightnessAnimations</include>
					<visible>Control.HasFocus(4222)</visible>
				</control>
				
				<control type="grouplist" id="942">		
					<left>520</left>
					<top>65</top>
					<width>235</width>
					<height>340</height>
					<itemgap>15</itemgap>
					<onup>4223</onup>
					<ondown condition="Skin.String(CustomVideosBGType,2)">4220</ondown>
					<ondown condition="Skin.String(CustomVideosBGType,3)">4221</ondown>
					<ondown condition="Skin.String(CustomVideosBGType,4)">4224</ondown>
					<onleft>1942</onleft>
					<control type="radiobutton" id="4120">
						<description>Default</description>
						<include>SettingsCustomBGRadioBtn</include>
						<selected>Skin.String(CustomVideosBGType,1) | Skin.String(CustomVideosBGType,)</selected>
						<onclick>Skin.SetString(CustomVideosBGType,1)</onclick>
						<onclick>Skin.Reset(CustomVideosBGPath)</onclick>
						<label>$LOCALIZE[31058]</label>
					</control>
					<control type="radiobutton" id="4121">
						<description>Single Image</description>
						<include>SettingsCustomBGRadioBtn</include>
						<selected>Skin.String(CustomVideosBGType,2)</selected>
						<onclick>Skin.SetString(CustomVideosBGType,2)</onclick>
						<onclick>Skin.Reset(CustomVideosBGPath)</onclick>
						<label>$LOCALIZE[31056]</label>
					</control>
					<control type="radiobutton" id="4122">
						<description>Multi Image</description>
						<include>SettingsCustomBGRadioBtn</include>
						<selected>Skin.String(CustomVideosBGType,3)</selected>
						<onclick>Skin.SetString(CustomVideosBGType,3)</onclick>
						<onclick>Skin.Reset(CustomVideosBGPath)</onclick>
						<label>$LOCALIZE[31057]</label>
					</control>
					<control type="radiobutton" id="4123">
						<description>Fanart Image</description>
						<include>SettingsCustomBGRadioBtn</include>
						<selected>Skin.String(CustomVideosBGType,4)</selected>
						<onclick>Skin.SetString(CustomVideosBGType,4)</onclick>
						<onclick>Skin.Reset(CustomVideosBGPath)</onclick>
						<label>$LOCALIZE[20445]</label>
						<visible>System.HasAddon(script.skin.helper.backgrounds)</visible>
					</control>
				</control>
					
				<control type="grouplist" id="922">
					<top>379</top>
					<itemgap>0</itemgap>
					<onup>4123</onup>
					<ondown>4120</ondown>
					<onleft>1942</onleft>
					<control type="group" id="4224">
						<visible>Skin.String(CustomVideosBGType,4)</visible>
						<height>55</height>
						<control type="radiobutton" id="4225">
							<description>Random</description>
							<width>185</width>
							<textwidth>125</textwidth>
							<radioposx>133</radioposx>
							<include>SettingsCustomBGRadioBtn</include>
							<selected>Skin.String(CustomVideosFanartBGType,random) | Skin.String(CustomVideosFanartBGType,)</selected>
							<onclick>Skin.SetString(CustomVideosFanartBGType,random)</onclick>
							<label>$LOCALIZE[590]</label>
							<ondown>4222</ondown>
							<onup>4123</onup>
							<onleft>1942</onleft>
							<onright>4226</onright>
						</control>
						<control type="radiobutton" id="4226">
							<description>Recent</description>
							<left>190</left>
							<width>185</width>
							<textwidth>125</textwidth>
							<radioposx>133</radioposx>
							<include>SettingsCustomBGRadioBtn</include>
							<selected>Skin.String(CustomVideosFanartBGType,recent)</selected>
							<onclick>Skin.SetString(CustomVideosFanartBGType,recent)</onclick>
							<label>$LOCALIZE[31924]</label>
							<ondown>4222</ondown>
							<onup>4123</onup>
							<onleft>4225</onleft>
							<onright>4227</onright>
						</control>
						<control type="radiobutton" id="4227">
							<description>In Progress</description>
							<left>380</left>
							<width>185</width>
							<textwidth>125</textwidth>
							<radioposx>133</radioposx>
							<include>SettingsCustomBGRadioBtn</include>
							<selected>Skin.String(CustomVideosFanartBGType,inprogress)</selected>
							<onclick>Skin.SetString(CustomVideosFanartBGType,inprogress)</onclick>
							<label>$LOCALIZE[31311]</label>
							<ondown>4222</ondown>
							<onup>4123</onup>
							<onleft>4226</onleft>
							<onright>4225</onright>
						</control>
					</control>
					<control type="button" id="4220">
						<description>Single Image Path</description>
						<include>SettingsContentBtn</include>
						<label>$LOCALIZE[573] - [COLOR=DefaultColor2]$INFO[Skin.String(CustomVideosBGPath)][/COLOR]</label>
						<onclick>Skin.SetImage(CustomVideosBGPath)</onclick>
						<visible>Skin.String(CustomVideosBGType,2)</visible>
					</control>
					<control type="button" id="4221">
						<description>Multi Image Path</description>
						<include>SettingsContentBtn</include>
						<label>$LOCALIZE[573] - [COLOR=DefaultColor2]$INFO[Skin.String(CustomVideosBGPath)][/COLOR]</label>
						<onclick>Skin.SetPath(CustomVideosBGPath)</onclick>
						<visible>Skin.String(CustomVideosBGType,3)</visible>
					</control>
					<control type="button" id="4222">
						<description>Background Brightness</description>
						<include>SettingsContentBtn</include>
						<label>$LOCALIZE[31060]: [COLOR DefaultColor2]$VAR[VideosBrightnessValueVar] %[/COLOR]</label>
						<onclick>Skin.SetString(BrightnessVar,Videos)</onclick>
						<onclick>ActivateWindow(1108)</onclick>
						<visible>Skin.String(CustomVideosBGType,2) | Skin.String(CustomVideosBGType,3) | Skin.String(CustomVideosBGType,4)</visible>
					</control>
					<control type="togglebutton" id="4223">
						<description>Apply To All Windows</description>
						<include>SettingsContentToggleBtn</include>
						<label>$LOCALIZE[31052]</label>
						<altlabel>$LOCALIZE[31051]</altlabel>
						<usealttexture>!Skin.HasSetting(ApplyAllVideosCustomBG)</usealttexture>
						<onclick>Skin.ToggleSetting(ApplyAllVideosCustomBG)</onclick>
						<onup condition="Skin.String(CustomVideosBGType,4)">4224</onup>
						<visible>Skin.String(CustomVideosBGType,2) | Skin.String(CustomVideosBGType,3) | Skin.String(CustomVideosBGType,4)</visible>
					</control>
				</control>
				
				<control type="button" id="1942">
					<description>Back</description>
					<include>SettingsBackBtn</include>
					<onright>942</onright>
					<onleft>Skin.Reset(ExpandCustomVideosBGSettings)</onleft>
					<onleft>Skin.Reset(ExpandedSettings)</onleft>
					<onleft>Control.SetFocus(4002)</onleft>
					<onclick>Skin.Reset(ExpandCustomVideosBGSettings)</onclick>
					<onclick>Skin.Reset(ExpandedSettings)</onclick>
					<onclick>Control.SetFocus(4002)</onclick>
				</control>
			</control>
			
			<control type="group" id="855">
				<description>Expanded Movies Background Area</description>
				<visible>Skin.HasSetting(ExpandCustomMoviesBGSettings)</visible>
				<include>ExpandedSettingsOpenCloseAnim</include>

				<control type="button">
					<description>Title</description>
					<include>SettingsHeaderBtn</include>
					<label>$LOCALIZE[31604] - $LOCALIZE[20342]</label>
				</control>
				
				<include>CustomImagePreviewBG</include>
				
				<control type="multiimage">
					<include>CustomImagePreview</include>
					<imagepath background="true" fallback="background-default.png">$INFO[Skin.String(CustomDefaultBGPath)]</imagepath>
					<visible>Skin.String(CustomMoviesBGType,1) | Skin.String(CustomMoviesBGType,)</visible>
					<include>CustomImagePreviewOpenCloseAnim</include>
				</control>
				
				<control type="multiimage">
					<include>CustomImagePreview</include>
					<imagepath background="true" fallback=".">$VAR[CustomMoviesBGVar]</imagepath>
					<visible>Skin.String(CustomMoviesBGType,2) | Skin.String(CustomMoviesBGType,3) | Skin.String(CustomMoviesBGType,4)</visible>
					<include>CustomImagePreviewOpenCloseAnim</include>
				</control>
				
				<control type="image">
					<include>CustomImageDim</include>
					<include>MoviesBrightnessAnimations</include>
					<visible>Control.HasFocus(4232)</visible>
				</control>
				
				<control type="grouplist" id="943">		
					<left>520</left>
					<top>65</top>
					<width>235</width>
					<height>340</height>
					<itemgap>15</itemgap>
					<onup>4233</onup>
					<ondown condition="Skin.String(CustomMoviesBGType,2)">4230</ondown>
					<ondown condition="Skin.String(CustomMoviesBGType,3)">4231</ondown>
					<ondown condition="Skin.String(CustomMoviesBGType,4)">4234</ondown>
					<onleft>1943</onleft>
					<control type="radiobutton" id="4130">
						<description>Default</description>
						<include>SettingsCustomBGRadioBtn</include>
						<selected>Skin.String(CustomMoviesBGType,1) | Skin.String(CustomMoviesBGType,)</selected>
						<onclick>Skin.SetString(CustomMoviesBGType,1)</onclick>
						<onclick>Skin.Reset(CustomMoviesBGPath)</onclick>
						<label>$LOCALIZE[31058]</label>
					</control>
					<control type="radiobutton" id="4131">
						<description>Single Image</description>
						<include>SettingsCustomBGRadioBtn</include>
						<selected>Skin.String(CustomMoviesBGType,2)</selected>
						<onclick>Skin.SetString(CustomMoviesBGType,2)</onclick>
						<onclick>Skin.Reset(CustomMoviesBGPath)</onclick>
						<label>$LOCALIZE[31056]</label>
					</control>
					<control type="radiobutton" id="4132">
						<description>Multi Image</description>
						<include>SettingsCustomBGRadioBtn</include>
						<selected>Skin.String(CustomMoviesBGType,3)</selected>
						<onclick>Skin.SetString(CustomMoviesBGType,3)</onclick>
						<onclick>Skin.Reset(CustomMoviesBGPath)</onclick>
						<label>$LOCALIZE[31057]</label>
					</control>
					<control type="radiobutton" id="4133">
						<description>Fanart Image</description>
						<include>SettingsCustomBGRadioBtn</include>
						<selected>Skin.String(CustomMoviesBGType,4)</selected>
						<onclick>Skin.SetString(CustomMoviesBGType,4)</onclick>
						<onclick>Skin.Reset(CustomMoviesBGPath)</onclick>
						<label>$LOCALIZE[20445]</label>
						<visible>System.HasAddon(script.skin.helper.backgrounds)</visible>
					</control>
				</control>
				
				<control type="grouplist" id="923">
					<top>379</top>
					<itemgap>0</itemgap>
					<onup>4133</onup>
					<ondown>4130</ondown>
					<onleft>1943</onleft>
					<control type="group" id="4234">
						<visible>Skin.String(CustomMoviesBGType,4)</visible>
						<height>55</height>
						<control type="radiobutton" id="4235">
							<description>Random</description>
							<width>185</width>
							<textwidth>125</textwidth>
							<radioposx>133</radioposx>
							<include>SettingsCustomBGRadioBtn</include>
							<selected>Skin.String(CustomMoviesFanartBGType,random) | Skin.String(CustomMoviesFanartBGType,)</selected>
							<onclick>Skin.SetString(CustomMoviesFanartBGType,random)</onclick>
							<label>$LOCALIZE[590]</label>
							<ondown>4232</ondown>
							<onup>4133</onup>
							<onleft>1943</onleft>
							<onright>4236</onright>
						</control>
						<control type="radiobutton" id="4236">
							<description>Recent</description>
							<left>190</left>
							<width>185</width>
							<textwidth>125</textwidth>
							<radioposx>133</radioposx>
							<include>SettingsCustomBGRadioBtn</include>
							<selected>Skin.String(CustomMoviesFanartBGType,recent)</selected>
							<onclick>Skin.SetString(CustomMoviesFanartBGType,recent)</onclick>
							<label>$LOCALIZE[31924]</label>
							<ondown>4232</ondown>
							<onup>4133</onup>
							<onleft>4235</onleft>
							<onright>4237</onright>
						</control>
						<control type="radiobutton" id="4237">
							<description>In Progress</description>
							<left>380</left>
							<width>185</width>
							<textwidth>125</textwidth>
							<radioposx>133</radioposx>
							<include>SettingsCustomBGRadioBtn</include>
							<selected>Skin.String(CustomMoviesFanartBGType,inprogress)</selected>
							<onclick>Skin.SetString(CustomMoviesFanartBGType,inprogress)</onclick>
							<label>$LOCALIZE[31311]</label>
							<ondown>4232</ondown>
							<onup>4133</onup>
							<onleft>4236</onleft>
							<onright>4238</onright>
						</control>
						<control type="radiobutton" id="4238">
							<description>Unwatched</description>
							<left>570</left>
							<width>185</width>
							<textwidth>125</textwidth>
							<radioposx>133</radioposx>
							<include>SettingsCustomBGRadioBtn</include>
							<selected>Skin.String(CustomMoviesFanartBGType,unwatched)</selected>
							<onclick>Skin.SetString(CustomMoviesFanartBGType,unwatched)</onclick>
							<label>$LOCALIZE[16101]</label>
							<ondown>4232</ondown>
							<onup>4133</onup>
							<onleft>4237</onleft>
							<onright>4235</onright>
						</control>
					</control>
					<control type="button" id="4230">
						<description>Single Image Path</description>
						<include>SettingsContentBtn</include>
						<label>$LOCALIZE[573] - [COLOR=DefaultColor2]$INFO[Skin.String(CustomMoviesBGPath)][/COLOR]</label>
						<onclick>Skin.SetImage(CustomMoviesBGPath)</onclick>
						<visible>Skin.String(CustomMoviesBGType,2)</visible>
					</control>
					<control type="button" id="4231">
						<description>Multi Image Path</description>
						<include>SettingsContentBtn</include>
						<label>$LOCALIZE[573] - [COLOR=DefaultColor2]$INFO[Skin.String(CustomMoviesBGPath)][/COLOR]</label>
						<onclick>Skin.SetPath(CustomMoviesBGPath)</onclick>
						<visible>Skin.String(CustomMoviesBGType,3)</visible>
					</control>
					<control type="button" id="4232">
						<description>Background Brightness</description>
						<include>SettingsContentBtn</include>
						<label>$LOCALIZE[31060]: [COLOR DefaultColor2]$VAR[MoviesBrightnessValueVar] %[/COLOR]</label>
						<onclick>Skin.SetString(BrightnessVar,Movies)</onclick>
						<onclick>ActivateWindow(1108)</onclick>
						<visible>Skin.String(CustomMoviesBGType,2) | Skin.String(CustomMoviesBGType,3) | Skin.String(CustomMoviesBGType,4)</visible>
					</control>	
					<control type="togglebutton" id="4233">
						<description>Apply To All Windows</description>
						<include>SettingsContentToggleBtn</include>
						<label>$LOCALIZE[31052]</label>
						<altlabel>$LOCALIZE[31051]</altlabel>
						<usealttexture>!Skin.HasSetting(ApplyAllMoviesCustomBG)</usealttexture>
						<onclick>Skin.ToggleSetting(ApplyAllMoviesCustomBG)</onclick>
						<onup condition="Skin.String(CustomMoviesBGType,4)">4234</onup>
						<visible>Skin.String(CustomMoviesBGType,2) | Skin.String(CustomMoviesBGType,3) | Skin.String(CustomMoviesBGType,4)</visible>
					</control>
				</control>
				
				<control type="button" id="1943">
					<description>Back</description>
					<include>SettingsBackBtn</include>
					<onright>943</onright>
					<onleft>Skin.Reset(ExpandCustomMoviesBGSettings)</onleft>
					<onleft>Skin.Reset(ExpandedSettings)</onleft>
					<onleft>Control.SetFocus(4003)</onleft>
					<onclick>Skin.Reset(ExpandCustomMoviesBGSettings)</onclick>
					<onclick>Skin.Reset(ExpandedSettings)</onclick>
					<onclick>Control.SetFocus(4003)</onclick>
				</control>
			</control>
			
			<control type="group" id="855">
				<description>Expanded TVShows Background Area</description>
				<visible>Skin.HasSetting(ExpandCustomTVShowsBGSettings)</visible>
				<include>ExpandedSettingsOpenCloseAnim</include>

				<control type="button">
					<description>Title</description>
					<include>SettingsHeaderBtn</include>
					<label>$LOCALIZE[31604] - $LOCALIZE[20343]</label>
				</control>
				
				<include>CustomImagePreviewBG</include>
				
				<control type="multiimage">
					<include>CustomImagePreview</include>
					<imagepath background="true" fallback="background-default.png">$INFO[Skin.String(CustomDefaultBGPath)]</imagepath>
					<visible>Skin.String(CustomTVShowsBGType,1) | Skin.String(CustomTVShowsBGType,)</visible>
					<include>CustomImagePreviewOpenCloseAnim</include>
				</control>
				
				<control type="multiimage">
					<include>CustomImagePreview</include>
					<imagepath background="true" fallback=".">$VAR[CustomTVShowsBGVar]</imagepath>
					<visible>Skin.String(CustomTVShowsBGType,2) | Skin.String(CustomTVShowsBGType,3) | Skin.String(CustomTVShowsBGType,4)</visible>
					<include>CustomImagePreviewOpenCloseAnim</include>
				</control>
				
				<control type="image">
					<include>CustomImageDim</include>
					<include>TVShowsBrightnessAnimations</include>
					<visible>Control.HasFocus(4242)</visible>
				</control>
				
				<control type="grouplist" id="944">		
					<left>520</left>
					<top>65</top>
					<width>235</width>
					<height>340</height>
					<itemgap>15</itemgap>
					<onup>4243</onup>
					<ondown condition="Skin.String(CustomTVShowsBGType,2)">4240</ondown>
					<ondown condition="Skin.String(CustomTVShowsBGType,3)">4241</ondown>
					<ondown condition="Skin.String(CustomTVShowsBGType,4)">4244</ondown>
					<onleft>1944</onleft>
					<control type="radiobutton" id="4140">
						<description>Default</description>
						<include>SettingsCustomBGRadioBtn</include>
						<selected>Skin.String(CustomTVShowsBGType,1) | Skin.String(CustomTVShowsBGType,)</selected>
						<onclick>Skin.SetString(CustomTVShowsBGType,1)</onclick>
						<onclick>Skin.Reset(CustomTVShowsBGPath)</onclick>
						<label>$LOCALIZE[31058]</label>
					</control>
					<control type="radiobutton" id="4141">
						<description>Single Image</description>
						<include>SettingsCustomBGRadioBtn</include>
						<selected>Skin.String(CustomTVShowsBGType,2)</selected>
						<onclick>Skin.SetString(CustomTVShowsBGType,2)</onclick>
						<onclick>Skin.Reset(CustomTVShowsBGPath)</onclick>
						<label>$LOCALIZE[31056]</label>
					</control>
					<control type="radiobutton" id="4142">
						<description>Multi Image</description>
						<include>SettingsCustomBGRadioBtn</include>
						<selected>Skin.String(CustomTVShowsBGType,3)</selected>
						<onclick>Skin.SetString(CustomTVShowsBGType,3)</onclick>
						<onclick>Skin.Reset(CustomTVShowsBGPath)</onclick>
						<label>$LOCALIZE[31057]</label>
					</control>
					<control type="radiobutton" id="4143">
						<description>Fanart Image</description>
						<include>SettingsCustomBGRadioBtn</include>
						<selected>Skin.String(CustomTVShowsBGType,4)</selected>
						<onclick>Skin.SetString(CustomTVShowsBGType,4)</onclick>
						<onclick>Skin.Reset(CustomTVShowsBGPath)</onclick>
						<label>$LOCALIZE[20445]</label>
						<visible>System.HasAddon(script.skin.helper.backgrounds)</visible>
					</control>
				</control>
					
				<control type="grouplist" id="924">
					<top>379</top>
					<itemgap>0</itemgap>
					<onup>4143</onup>
					<ondown>4140</ondown>
					<onleft>1944</onleft>
					<control type="group" id="4244">
						<visible>Skin.String(CustomTVShowsBGType,4)</visible>
						<height>55</height>
						<control type="radiobutton" id="4245">
							<description>Random</description>
							<width>185</width>
							<textwidth>125</textwidth>
							<radioposx>133</radioposx>
							<include>SettingsCustomBGRadioBtn</include>
							<selected>Skin.String(CustomTVShowsFanartBGType,random) | Skin.String(CustomTVShowsFanartBGType,)</selected>
							<onclick>Skin.SetString(CustomTVShowsFanartBGType,random)</onclick>
							<label>$LOCALIZE[590]</label>
							<ondown>4242</ondown>
							<onup>4143</onup>
							<onleft>1944</onleft>
							<onright>4246</onright>
						</control>
						<control type="radiobutton" id="4246">
							<description>Recent</description>
							<left>190</left>
							<width>185</width>
							<textwidth>125</textwidth>
							<radioposx>133</radioposx>
							<include>SettingsCustomBGRadioBtn</include>
							<selected>Skin.String(CustomTVShowsFanartBGType,recent)</selected>
							<onclick>Skin.SetString(CustomTVShowsFanartBGType,recent)</onclick>
							<label>$LOCALIZE[31924]</label>
							<ondown>4242</ondown>
							<onup>4143</onup>
							<onleft>4245</onleft>
							<onright>4247</onright>
						</control>
						<control type="radiobutton" id="4247">
							<description>In Progress</description>
							<left>380</left>
							<width>185</width>
							<textwidth>125</textwidth>
							<radioposx>133</radioposx>
							<include>SettingsCustomBGRadioBtn</include>
							<selected>Skin.String(CustomTVShowsFanartBGType,inprogress)</selected>
							<onclick>Skin.SetString(CustomTVShowsFanartBGType,inprogress)</onclick>
							<label>$LOCALIZE[31311]</label>
							<ondown>4242</ondown>
							<onup>4143</onup>
							<onleft>4246</onleft>
							<onright>4245</onright>
						</control>
					</control>
					<control type="button" id="4240">
						<description>Single Image Path</description>
						<include>SettingsContentBtn</include>
						<label>$LOCALIZE[573] - [COLOR=DefaultColor2]$INFO[Skin.String(CustomTVShowsBGPath)][/COLOR]</label>
						<onclick>Skin.SetImage(CustomTVShowsBGPath)</onclick>
						<visible>Skin.String(CustomTVShowsBGType,2)</visible>
					</control>
					<control type="button" id="4241">
						<description>Multi Image Path</description>
						<include>SettingsContentBtn</include>
						<label>$LOCALIZE[573] - [COLOR=DefaultColor2]$INFO[Skin.String(CustomTVShowsBGPath)][/COLOR]</label>
						<onclick>Skin.SetPath(CustomTVShowsBGPath)</onclick>
						<visible>Skin.String(CustomTVShowsBGType,3)</visible>
					</control>
					<control type="button" id="4242">
						<description>Background Brightness</description>
						<include>SettingsContentBtn</include>
						<label>$LOCALIZE[31060]: [COLOR DefaultColor2]$VAR[TVShowsBrightnessValueVar] %[/COLOR]</label>
						<onclick>Skin.SetString(BrightnessVar,TVShows)</onclick>
						<onclick>ActivateWindow(1108)</onclick>
						<visible>Skin.String(CustomTVShowsBGType,2) | Skin.String(CustomTVShowsBGType,3) | Skin.String(CustomTVShowsBGType,4)</visible>
					</control>
					<control type="togglebutton" id="4243">
						<description>Apply To All Windows</description>
						<include>SettingsContentToggleBtn</include>
						<label>$LOCALIZE[31052]</label>
						<altlabel>$LOCALIZE[31051]</altlabel>
						<usealttexture>!Skin.HasSetting(ApplyAllTVShowsCustomBG)</usealttexture>
						<onclick>Skin.ToggleSetting(ApplyAllTVShowsCustomBG)</onclick>
						<onup condition="Skin.String(CustomTVShowsBGType,4)">4244</onup>
						<visible>Skin.String(CustomTVShowsBGType,2) | Skin.String(CustomTVShowsBGType,3) | Skin.String(CustomTVShowsBGType,4)</visible>
					</control>
				</control>
				
				<control type="button" id="1944">
					<description>Back</description>
					<include>SettingsBackBtn</include>
					<onright>944</onright>
					<onleft>Skin.Reset(ExpandCustomTVShowsBGSettings)</onleft>
					<onleft>Skin.Reset(ExpandedSettings)</onleft>
					<onleft>Control.SetFocus(4004)</onleft>
					<onclick>Skin.Reset(ExpandCustomTVShowsBGSettings)</onclick>
					<onclick>Skin.Reset(ExpandedSettings)</onclick>
					<onclick>Control.SetFocus(4004)</onclick>
				</control>
			</control>
			
			<control type="group" id="855">
				<description>Expanded Programs Background Area</description>
				<visible>Skin.HasSetting(ExpandCustomProgramsBGSettings)</visible>
				<include>ExpandedSettingsOpenCloseAnim</include>

				<control type="button">
					<description>Title</description>
					<include>SettingsHeaderBtn</include>
					<label>$LOCALIZE[31604] - $LOCALIZE[0]</label>
				</control>
				
				<include>CustomImagePreviewBG</include>
				
				<control type="multiimage">
					<include>CustomImagePreview</include>
					<imagepath background="true" fallback="background-default.png">$INFO[Skin.String(CustomDefaultBGPath)]</imagepath>
					<visible>Skin.String(CustomProgramsBGType,1) | Skin.String(CustomProgramsBGType,)</visible>
					<include>CustomImagePreviewOpenCloseAnim</include>
				</control>
				
				<control type="multiimage">
					<include>CustomImagePreview</include>
					<imagepath background="true" fallback=".">$INFO[Skin.String(CustomProgramsBGPath)]</imagepath>
					<visible>Skin.String(CustomProgramsBGType,2) | Skin.String(CustomProgramsBGType,3)</visible>
					<include>CustomImagePreviewOpenCloseAnim</include>
				</control>
				
				<control type="image">
					<include>CustomImageDim</include>
					<include>ProgramsBrightnessAnimations</include>
					<visible>Control.HasFocus(4252)</visible>
				</control>
				
				<control type="grouplist" id="945">		
					<left>520</left>
					<top>65</top>
					<width>235</width>
					<height>340</height>
					<itemgap>15</itemgap>
					<onup>4253</onup>
					<ondown>4250</ondown>
					<onleft>1945</onleft>
					<control type="radiobutton" id="4150">
						<description>Default</description>
						<include>SettingsCustomBGRadioBtn</include>
						<selected>Skin.String(CustomProgramsBGType,1) | Skin.String(CustomProgramsBGType,)</selected>
						<onclick>Skin.SetString(CustomProgramsBGType,1)</onclick>
						<onclick>Skin.Reset(CustomProgramsBGPath)</onclick>
						<label>$LOCALIZE[31058]</label>
					</control>
					<control type="radiobutton" id="4151">
						<description>Single Image</description>
						<include>SettingsCustomBGRadioBtn</include>
						<selected>Skin.String(CustomProgramsBGType,2)</selected>
						<onclick>Skin.SetString(CustomProgramsBGType,2)</onclick>
						<onclick>Skin.Reset(CustomProgramsBGPath)</onclick>
						<label>$LOCALIZE[31056]</label>
					</control>
					<control type="radiobutton" id="4152">
						<description>Multi Image</description>
						<include>SettingsCustomBGRadioBtn</include>
						<selected>Skin.String(CustomProgramsBGType,3)</selected>
						<onclick>Skin.SetString(CustomProgramsBGType,3)</onclick>
						<onclick>Skin.Reset(CustomProgramsBGPath)</onclick>
						<label>$LOCALIZE[31057]</label>
					</control>
				</control>
					
				<control type="grouplist" id="925">
					<top>379</top>
					<itemgap>0</itemgap>
					<onup>4152</onup>
					<ondown>4150</ondown>
					<onleft>1945</onleft>
					<control type="button" id="4250">
						<description>Single Image Path</description>
						<include>SettingsContentBtn</include>
						<label>$LOCALIZE[573] - [COLOR=DefaultColor2]$INFO[Skin.String(CustomProgramsBGPath)][/COLOR]</label>
						<onclick>Skin.SetImage(CustomProgramsBGPath)</onclick>
						<visible>Skin.String(CustomProgramsBGType,2)</visible>
					</control>
					<control type="button" id="4251">
						<description>Multi Image Path</description>
						<include>SettingsContentBtn</include>
						<label>$LOCALIZE[573] - [COLOR=DefaultColor2]$INFO[Skin.String(CustomProgramsBGPath)][/COLOR]</label>
						<onclick>Skin.SetPath(CustomProgramsBGPath)</onclick>
						<visible>Skin.String(CustomProgramsBGType,3)</visible>
					</control>
					<control type="button" id="4252">
						<description>Background Brightness</description>
						<include>SettingsContentBtn</include>
						<label>$LOCALIZE[31060]: [COLOR DefaultColor2]$VAR[ProgramsBrightnessValueVar] %[/COLOR]</label>
						<onclick>Skin.SetString(BrightnessVar,Programs)</onclick>
						<onclick>ActivateWindow(1108)</onclick>
						<visible>Skin.String(CustomProgramsBGType,2) | Skin.String(CustomProgramsBGType,3)</visible>
					</control>
					<control type="togglebutton" id="4253">
						<description>Apply To All Windows</description>
						<include>SettingsContentToggleBtn</include>
						<label>$LOCALIZE[31052]</label>
						<altlabel>$LOCALIZE[31051]</altlabel>
						<usealttexture>!Skin.HasSetting(ApplyAllProgramsCustomBG)</usealttexture>
						<onclick>Skin.ToggleSetting(ApplyAllProgramsCustomBG)</onclick>
						<visible>Skin.String(CustomProgramsBGType,2) | Skin.String(CustomProgramsBGType,3)</visible>
					</control>
				</control>
				
				<control type="button" id="1945">
					<description>Back</description>
					<include>SettingsBackBtn</include>
					<onright>945</onright>
					<onleft>Skin.Reset(ExpandCustomProgramsBGSettings)</onleft>
					<onleft>Skin.Reset(ExpandedSettings)</onleft>
					<onleft>Control.SetFocus(4005)</onleft>
					<onclick>Skin.Reset(ExpandCustomProgramsBGSettings)</onclick>
					<onclick>Skin.Reset(ExpandedSettings)</onclick>
					<onclick>Control.SetFocus(4005)</onclick>
				</control>
			</control>
			
			<control type="group" id="855">
				<description>Expanded Pictures Background Area</description>
				<visible>Skin.HasSetting(ExpandCustomPicturesBGSettings)</visible>
				<include>ExpandedSettingsOpenCloseAnim</include>
				<include condition="Skin.String(CustomPicturesBGType,4) | Skin.String(CustomPicturesBGType,5)">MyPicsDBFadelabels</include>

				<control type="button">
					<description>Title</description>
					<include>SettingsHeaderBtn</include>
					<label>$LOCALIZE[31604] - $LOCALIZE[1]</label>
				</control>
				
				<include>CustomImagePreviewBG</include>
				
				<control type="multiimage">
					<include>CustomImagePreview</include>
					<imagepath background="true" fallback="background-default.png">$INFO[Skin.String(CustomDefaultBGPath)]</imagepath>
					<visible>Skin.String(CustomPicturesBGType,1) | Skin.String(CustomPicturesBGType,)</visible>
					<include>CustomImagePreviewOpenCloseAnim</include>
				</control>
				
				<control type="multiimage">
					<include>CustomImagePreview</include>
					<imagepath background="true" fallback=".">$INFO[Skin.String(CustomPicturesBGPath)]</imagepath>
					<visible>Skin.String(CustomPicturesBGType,2) | Skin.String(CustomPicturesBGType,3)</visible>
					<include>CustomImagePreviewOpenCloseAnim</include>
				</control>
				
				<control type="image">
					<left>14</left>
					<top>79</top>
					<width>472</width>
					<height>266</height>
					<aspectratio>scale</aspectratio>
					<bordersize>15</bordersize>
					<fadetime>BackgroundCrossfadeTime</fadetime>
					<texture background="true" fallback=".">$INFO[Control.GetLabel(4165)]</texture>
					<include>CustomImagePreviewOpenCloseAnim</include>
					<visible>Skin.String(CustomPicturesBGType,4) | Skin.String(CustomPicturesBGType,5)</visible>
				</control>
				
				<control type="image">
					<include>CustomImageDim</include>
					<include>PicturesBrightnessAnimations</include>
					<visible>Control.HasFocus(4262)</visible>
				</control>
				
				<control type="grouplist" id="946">		
					<left>520</left>
					<top>65</top>
					<width>235</width>
					<height>340</height>
					<itemgap>15</itemgap>
					<onup>4263</onup>
					<ondown>4260</ondown>
					<onleft>1946</onleft>
					<control type="radiobutton" id="4160">
						<description>Default</description>
						<include>SettingsCustomBGRadioBtn</include>
						<selected>Skin.String(CustomPicturesBGType,1) | Skin.String(CustomPicturesBGType,)</selected>
						<onclick>Skin.SetString(CustomPicturesBGType,1)</onclick>
						<onclick>Skin.Reset(CustomPicturesBGPath)</onclick>
						<label>$LOCALIZE[31058]</label>
					</control>
					<control type="radiobutton" id="4161">
						<description>Single Image</description>
						<include>SettingsCustomBGRadioBtn</include>
						<selected>Skin.String(CustomPicturesBGType,2)</selected>
						<onclick>Skin.SetString(CustomPicturesBGType,2)</onclick>
						<onclick>Skin.Reset(CustomPicturesBGPath)</onclick>
						<label>$LOCALIZE[31056]</label>
						<animation effect="slide" end="0,-4" condition="System.HasAddon(plugin.image.mypicsdb)">Conditional</animation>
					</control>
					<control type="radiobutton" id="4162">
						<description>Multi Image</description>
						<include>SettingsCustomBGRadioBtn</include>
						<selected>Skin.String(CustomPicturesBGType,3)</selected>
						<onclick>Skin.SetString(CustomPicturesBGType,3)</onclick>
						<onclick>Skin.Reset(CustomPicturesBGPath)</onclick>
						<label>$LOCALIZE[31057]</label>
						<animation effect="slide" end="0,-8" condition="System.HasAddon(plugin.image.mypicsdb)">Conditional</animation>
					</control>
					<control type="radiobutton" id="4163">
						<description>Latest Images</description>
						<include>SettingsCustomBGRadioBtn</include>
						<selected>Skin.String(CustomPicturesBGType,4)</selected>
						<onclick>Skin.SetString(CustomPicturesBGType,4)</onclick>
						<onclick>Skin.Reset(CustomPicturesBGPath)</onclick>
						<label>$LOCALIZE[31993]</label>
						<animation effect="slide" end="0,-12" condition="System.HasAddon(plugin.image.mypicsdb)">Conditional</animation>
						<visible>System.HasAddon(plugin.image.mypicsdb)</visible>
					</control>
					<control type="radiobutton" id="4164">
						<description>Random Images</description>
						<include>SettingsCustomBGRadioBtn</include>
						<selected>Skin.String(CustomPicturesBGType,5)</selected>
						<onclick>Skin.SetString(CustomPicturesBGType,5)</onclick>
						<onclick>Skin.Reset(CustomPicturesBGPath)</onclick>
						<label>$LOCALIZE[590]</label>
						<animation effect="slide" end="0,-16" condition="System.HasAddon(plugin.image.mypicsdb)">Conditional</animation>
						<visible>System.HasAddon(plugin.image.mypicsdb)</visible>
					</control>
				</control>
					
				<control type="grouplist" id="926">
					<top>379</top>
					<itemgap>0</itemgap>
					<onup condition="!System.HasAddon(plugin.image.mypicsdb)">4162</onup>
					<onup condition="System.HasAddon(plugin.image.mypicsdb)">4164</onup>
					<ondown>4160</ondown>
					<onleft>1946</onleft>
					<control type="button" id="4260">
						<description>Single Image Path</description>
						<include>SettingsContentBtn</include>
						<label>$LOCALIZE[573] - [COLOR=DefaultColor2]$INFO[Skin.String(CustomPicturesBGPath)][/COLOR]</label>
						<onclick>Skin.SetImage(CustomPicturesBGPath)</onclick>
						<visible>Skin.String(CustomPicturesBGType,2)</visible>
					</control>
					<control type="button" id="4261">
						<description>Multi Image Path</description>
						<include>SettingsContentBtn</include>
						<label>$LOCALIZE[573] - [COLOR=DefaultColor2]$INFO[Skin.String(CustomPicturesBGPath)][/COLOR]</label>
						<onclick>Skin.SetPath(CustomPicturesBGPath)</onclick>
						<visible>Skin.String(CustomPicturesBGType,3)</visible>
					</control>
					<control type="button" id="4262">
						<description>Background Brightness</description>
						<include>SettingsContentBtn</include>
						<label>$LOCALIZE[31060]: [COLOR DefaultColor2]$VAR[PicturesBrightnessValueVar] %[/COLOR]</label>
						<onclick>Skin.SetString(BrightnessVar,Pictures)</onclick>
						<onclick>ActivateWindow(1108)</onclick>
						<visible>Skin.String(CustomPicturesBGType,2) | Skin.String(CustomPicturesBGType,3) | Skin.String(CustomPicturesBGType,4) | Skin.String(CustomPicturesBGType,5)</visible>
					</control>
					<control type="togglebutton" id="4263">
						<description>Apply To All Windows</description>
						<include>SettingsContentToggleBtn</include>
						<label>$LOCALIZE[31052]</label>
						<altlabel>$LOCALIZE[31051]</altlabel>
						<usealttexture>!Skin.HasSetting(ApplyAllPicturesCustomBG)</usealttexture>
						<onclick>Skin.ToggleSetting(ApplyAllPicturesCustomBG)</onclick>
						<visible>Skin.String(CustomPicturesBGType,2) | Skin.String(CustomPicturesBGType,3) | Skin.String(CustomPicturesBGType,4) | Skin.String(CustomPicturesBGType,5)</visible>
					</control>
				</control>
				
				<control type="button" id="1946">
					<description>Back</description>
					<include>SettingsBackBtn</include>
					<onright>946</onright>
					<onleft>Skin.Reset(ExpandCustomPicturesBGSettings)</onleft>
					<onleft>Skin.Reset(ExpandedSettings)</onleft>
					<onleft>Control.SetFocus(4006)</onleft> 
					<onclick>Skin.Reset(ExpandCustomPicturesBGSettings)</onclick>
					<onclick>Skin.Reset(ExpandedSettings)</onclick>
					<onclick>Control.SetFocus(4006)</onclick>
				</control>
			</control>
			
			<control type="group" id="855">
				<description>Expanded General Background Area</description>
				<visible>Skin.HasSetting(ExpandCustomGeneralBGSettings)</visible>
				<include>ExpandedSettingsOpenCloseAnim</include>
				
				<control type="button">
					<description>Title</description>
					<include>SettingsHeaderBtn</include>
					<label>$LOCALIZE[31604] - $LOCALIZE[128]</label>
				</control>
				
				<include>CustomImagePreviewBG</include>
				
				<control type="multiimage">
					<include>CustomImagePreview</include>
					<imagepath background="true" fallback="background-default.png">$INFO[Skin.String(CustomDefaultBGPath)]</imagepath>
					<visible>Skin.String(CustomGeneralBGType,1) | Skin.String(CustomGeneralBGType,)</visible>
					<include>CustomImagePreviewOpenCloseAnim</include>
				</control>
				
				<control type="multiimage">
					<include>CustomImagePreview</include>
					<imagepath background="true" fallback=".">$INFO[Skin.String(CustomGeneralBGPath)]</imagepath>
					<visible>Skin.String(CustomGeneralBGType,2) | Skin.String(CustomGeneralBGType,3)</visible>
					<include>CustomImagePreviewOpenCloseAnim</include>
				</control>
				
				<control type="grouplist" id="947">		
					<left>520</left>
					<top>65</top>
					<width>235</width>
					<height>340</height>
					<itemgap>15</itemgap>
					<onup>4271</onup>
					<ondown>4270</ondown>
					<onleft>1947</onleft>
					<control type="radiobutton" id="4170">
						<description>Default</description>
						<include>SettingsCustomBGRadioBtn</include>
						<selected>Skin.String(CustomGeneralBGType,1) | Skin.String(CustomGeneralBGType,)</selected>
						<onclick>Skin.SetString(CustomGeneralBGType,1)</onclick>
						<onclick>Skin.Reset(CustomGeneralBGPath)</onclick>
						<label>$LOCALIZE[31058]</label>
					</control>
					<control type="radiobutton" id="4171">
						<description>Single Image</description>
						<include>SettingsCustomBGRadioBtn</include>
						<selected>Skin.String(CustomGeneralBGType,2)</selected>
						<onclick>Skin.SetString(CustomGeneralBGType,2)</onclick>
						<onclick>Skin.Reset(CustomGeneralBGPath)</onclick>
						<label>$LOCALIZE[31056]</label>
					</control>
					<control type="radiobutton" id="4172">
						<description>Multi Image</description>
						<include>SettingsCustomBGRadioBtn</include>
						<selected>Skin.String(CustomGeneralBGType,3)</selected>
						<onclick>Skin.SetString(CustomGeneralBGType,3)</onclick>
						<onclick>Skin.Reset(CustomGeneralBGPath)</onclick>
						<label>$LOCALIZE[31057]</label>
					</control>
				</control>
					
				<control type="grouplist" id="927">
					<top>379</top>
					<itemgap>0</itemgap>
					<onup>4172</onup>
					<ondown>4170</ondown>
					<onleft>1947</onleft>
					<control type="button" id="4270">
						<description>Single Image Path</description>
						<include>SettingsContentBtn</include>
						<label>$LOCALIZE[573] - [COLOR=DefaultColor2]$INFO[Skin.String(CustomGeneralBGPath)][/COLOR]</label>
						<onclick>Skin.SetImage(CustomGeneralBGPath)</onclick>
						<visible>Skin.String(CustomGeneralBGType,2)</visible>
					</control>
					<control type="button" id="4271">
						<description>Multi Image Path</description>
						<include>SettingsContentBtn</include>
						<label>$LOCALIZE[573] - [COLOR=DefaultColor2]$INFO[Skin.String(CustomGeneralBGPath)][/COLOR]</label>
						<onclick>Skin.SetPath(CustomGeneralBGPath)</onclick>
						<visible>Skin.String(CustomGeneralBGType,3)</visible>
					</control>
				</control>
				
				<control type="button" id="1947">
					<description>Back</description>
					<include>SettingsBackBtn</include>
					<onright>947</onright>
					<onleft>Skin.Reset(ExpandCustomGeneralBGSettings)</onleft>
					<onleft>Skin.Reset(ExpandedSettings)</onleft>
					<onleft>Control.SetFocus(4007)</onleft>
					<onclick>Skin.Reset(ExpandCustomGeneralBGSettings)</onclick>
					<onclick>Skin.Reset(ExpandedSettings)</onclick>
					<onclick>Control.SetFocus(4007)</onclick>
				</control>
			</control>
			
			<control type="group" id="855">
				<description>Expanded System Background Area</description>
				<visible>Skin.HasSetting(ExpandCustomSystemBGSettings)</visible>
				<include>ExpandedSettingsOpenCloseAnim</include>

				<control type="button">
					<description>Title</description>
					<include>SettingsHeaderBtn</include>
					<label>$LOCALIZE[31604] - $LOCALIZE[13000]</label>
				</control>
				
				<include>CustomImagePreviewBG</include>
				
				<control type="multiimage">
					<include>CustomImagePreview</include>
					<imagepath background="true" fallback="background-default.png">$INFO[Skin.String(CustomDefaultBGPath)]</imagepath>
					<visible>Skin.String(CustomSystemBGType,1) | Skin.String(CustomSystemBGType,)</visible>
					<include>CustomImagePreviewOpenCloseAnim</include>
				</control>
				
				<control type="multiimage">
					<include>CustomImagePreview</include>
					<imagepath background="true" fallback=".">$INFO[Skin.String(CustomSystemBGPath)]</imagepath>
					<visible>Skin.String(CustomSystemBGType,2) | Skin.String(CustomSystemBGType,3)</visible>
					<include>CustomImagePreviewOpenCloseAnim</include>
				</control>
				
				<control type="image">
					<include>CustomImageDim</include>
					<include>SystemBrightnessAnimations</include>
					<visible>Control.HasFocus(4282)</visible>
				</control>
				
				<control type="grouplist" id="948">		
					<left>520</left>
					<top>65</top>
					<width>235</width>
					<height>340</height>
					<itemgap>15</itemgap>
					<onup>4283</onup>
					<ondown>4280</ondown>
					<onleft>1948</onleft>
					<control type="radiobutton" id="4180">
						<description>Default</description>
						<include>SettingsCustomBGRadioBtn</include>
						<selected>Skin.String(CustomSystemBGType,1) | Skin.String(CustomSystemBGType,)</selected>
						<onclick>Skin.SetString(CustomSystemBGType,1)</onclick>
						<onclick>Skin.Reset(CustomSystemBGPath)</onclick>
						<label>$LOCALIZE[31058]</label>
					</control>
					<control type="radiobutton" id="4181">
						<description>Single Image</description>
						<include>SettingsCustomBGRadioBtn</include>
						<selected>Skin.String(CustomSystemBGType,2)</selected>
						<onclick>Skin.SetString(CustomSystemBGType,2)</onclick>
						<onclick>Skin.Reset(CustomSystemBGPath)</onclick>
						<label>$LOCALIZE[31056]</label>
					</control>
					<control type="radiobutton" id="4182">
						<description>Multi Image</description>
						<include>SettingsCustomBGRadioBtn</include>
						<selected>Skin.String(CustomSystemBGType,3)</selected>
						<onclick>Skin.SetString(CustomSystemBGType,3)</onclick>
						<onclick>Skin.Reset(CustomSystemBGPath)</onclick>
						<label>$LOCALIZE[31057]</label>
					</control>
				</control>
					
				<control type="grouplist" id="928">
					<top>379</top>
					<itemgap>0</itemgap>
					<onup>4182</onup>
					<ondown>4180</ondown>
					<onleft>1948</onleft>
					<control type="button" id="4280">
						<description>Single Image Path</description>
						<include>SettingsContentBtn</include>
						<label>$LOCALIZE[573] - [COLOR=DefaultColor2]$INFO[Skin.String(CustomSystemBGPath)][/COLOR]</label>
						<onclick>Skin.SetImage(CustomSystemBGPath)</onclick>
						<visible>Skin.String(CustomSystemBGType,2)</visible>
					</control>
					<control type="button" id="4281">
						<description>Multi Image Path</description>
						<include>SettingsContentBtn</include>
						<label>$LOCALIZE[573] - [COLOR=DefaultColor2]$INFO[Skin.String(CustomSystemBGPath)][/COLOR]</label>
						<onclick>Skin.SetPath(CustomSystemBGPath)</onclick>
						<visible>Skin.String(CustomSystemBGType,3)</visible>
					</control>
					<control type="button" id="4282">
						<description>Background Brightness</description>
						<include>SettingsContentBtn</include>
						<label>$LOCALIZE[31060]: [COLOR DefaultColor2]$VAR[SystemBrightnessValueVar] %[/COLOR]</label>
						<onclick>Skin.SetString(BrightnessVar,System)</onclick>
						<onclick>ActivateWindow(1108)</onclick>
						<visible>Skin.String(CustomSystemBGType,2) | Skin.String(CustomSystemBGType,3)</visible>
					</control>
					<control type="togglebutton" id="4283">
						<description>Apply To All Windows</description>
						<include>SettingsContentToggleBtn</include>
						<label>$LOCALIZE[31052]</label>
						<altlabel>$LOCALIZE[31051]</altlabel>
						<usealttexture>!Skin.HasSetting(ApplyAllSystemCustomBG)</usealttexture>
						<onclick>Skin.ToggleSetting(ApplyAllSystemCustomBG)</onclick>
						<visible>Skin.String(CustomSystemBGType,2) | Skin.String(CustomSystemBGType,3)</visible>
					</control>
				</control>
				
				<control type="button" id="1948">
					<description>Back</description>
					<include>SettingsBackBtn</include>
					<onright>948</onright>
					<onleft>Skin.Reset(ExpandCustomSystemBGSettings)</onleft>
					<onleft>Skin.Reset(ExpandedSettings)</onleft>
					<onleft>Control.SetFocus(4008)</onleft>
					<onclick>Skin.Reset(ExpandCustomSystemBGSettings)</onclick>
					<onclick>Skin.Reset(ExpandedSettings)</onclick>
					<onclick>Control.SetFocus(4008)</onclick>
				</control>
			</control>
			
			<control type="group" id="855">
				<description>Expanded Power Background Area</description>
				<visible>Skin.HasSetting(ExpandCustomPowerBGSettings)</visible>
				<include>ExpandedSettingsOpenCloseAnim</include>

				<control type="button">
					<description>Title</description>
					<include>SettingsHeaderBtn</include>
					<label>$LOCALIZE[31604] - $LOCALIZE[33060]</label>
				</control>
				
				<include>CustomImagePreviewBG</include>
				
				<control type="multiimage">
					<include>CustomImagePreview</include>
					<imagepath background="true" fallback="background-default.png">$INFO[Skin.String(CustomDefaultBGPath)]</imagepath>
					<visible>Skin.String(CustomPowerBGType,1) | Skin.String(CustomPowerBGType,)</visible>
					<include>CustomImagePreviewOpenCloseAnim</include>
				</control>
				
				<control type="multiimage">
					<include>CustomImagePreview</include>
					<imagepath background="true" fallback=".">$INFO[Skin.String(CustomPowerBGPath)]</imagepath>
					<visible>Skin.String(CustomPowerBGType,2) | Skin.String(CustomPowerBGType,3)</visible>
					<include>CustomImagePreviewOpenCloseAnim</include>
				</control>
				
				<control type="grouplist" id="950">		
					<left>520</left>
					<top>65</top>
					<width>235</width>
					<height>340</height>
					<itemgap>15</itemgap>
					<onup>4291</onup>
					<ondown>4290</ondown>
					<onleft>1950</onleft>
					<control type="radiobutton" id="4190">
						<description>Default</description>
						<include>SettingsCustomBGRadioBtn</include>
						<selected>Skin.String(CustomPowerBGType,1) | Skin.String(CustomPowerBGType,)</selected>
						<onclick>Skin.SetString(CustomPowerBGType,1)</onclick>
						<onclick>Skin.Reset(CustomPowerBGPath)</onclick>
						<label>$LOCALIZE[31058]</label>
					</control>
					<control type="radiobutton" id="4191">
						<description>Single Image</description>
						<include>SettingsCustomBGRadioBtn</include>
						<selected>Skin.String(CustomPowerBGType,2)</selected>
						<onclick>Skin.SetString(CustomPowerBGType,2)</onclick>
						<onclick>Skin.Reset(CustomPowerBGPath)</onclick>
						<label>$LOCALIZE[31056]</label>
					</control>
					<control type="radiobutton" id="4192">
						<description>Multi Image</description>
						<include>SettingsCustomBGRadioBtn</include>
						<selected>Skin.String(CustomPowerBGType,3)</selected>
						<onclick>Skin.SetString(CustomPowerBGType,3)</onclick>
						<onclick>Skin.Reset(CustomPowerBGPath)</onclick>
						<label>$LOCALIZE[31057]</label>
					</control>
				</control>
					
				<control type="grouplist" id="929">
					<top>379</top>
					<itemgap>0</itemgap>
					<onup>4192</onup>
					<ondown>4190</ondown>
					<onleft>1950</onleft>
					<control type="button" id="4290">
						<description>Single Image Path</description>
						<include>SettingsContentBtn</include>
						<label>$LOCALIZE[573] - [COLOR=DefaultColor2]$INFO[Skin.String(CustomPowerBGPath)][/COLOR]</label>
						<onclick>Skin.SetImage(CustomPowerBGPath)</onclick>
						<visible>Skin.String(CustomPowerBGType,2)</visible>
					</control>
					<control type="button" id="4291">
						<description>Multi Image Path</description>
						<include>SettingsContentBtn</include>
						<label>$LOCALIZE[573] - [COLOR=DefaultColor2]$INFO[Skin.String(CustomPowerBGPath)][/COLOR]</label>
						<onclick>Skin.SetPath(CustomPowerBGPath)</onclick>
						<visible>Skin.String(CustomPowerBGType,3)</visible>
					</control>
				</control>
				
				<control type="button" id="1950">
					<description>Back</description>
					<include>SettingsBackBtn</include>
					<onright>950</onright>
					<onleft>Skin.Reset(ExpandCustomPowerBGSettings)</onleft>
					<onleft>Skin.Reset(ExpandedSettings)</onleft>
					<onleft>Control.SetFocus(4014)</onleft>
					<onclick>Skin.Reset(ExpandCustomPowerBGSettings)</onclick>
					<onclick>Skin.Reset(ExpandedSettings)</onclick>
					<onclick>Control.SetFocus(4014)</onclick>
				</control>
			</control>

			<control type="group" id="855">
				<description>Expanded Weather Background Area</description>
				<visible>Skin.HasSetting(ExpandCustomWeatherBGSettings)</visible>
				<include>ExpandedSettingsOpenCloseAnim</include>

				<control type="button">
					<description>Title</description>
					<include>SettingsHeaderBtn</include>
					<label>$LOCALIZE[31604] - $LOCALIZE[8]</label>
				</control>
				
				<include>CustomImagePreviewBG</include>
				
				<control type="multiimage">
					<include>CustomImagePreview</include>
					<imagepath background="true" fallback="background-default.png">$INFO[Skin.String(CustomDefaultBGPath)]</imagepath>
					<visible>Skin.String(CustomWeatherBGType,1) | Skin.String(CustomWeatherBGType,)</visible>
					<include>CustomImagePreviewOpenCloseAnim</include>
				</control>
				
				<control type="multiimage">
					<include>CustomImagePreview</include>
					<imagepath background="true" fallback=".">$INFO[Skin.String(CustomWeatherBGPath)]</imagepath>
					<visible>Skin.String(CustomWeatherBGType,2) | Skin.String(CustomWeatherBGType,3)</visible>
					<include>CustomImagePreviewOpenCloseAnim</include>
				</control>
				
				<control type="multiimage">
					<include>CustomImagePreview</include>
					<imagepath background="true" fallback=".">$INFO[Skin.String(CustomWeatherBGPath)]$INFO[Window(Weather).Property(Current.FanartCode)]</imagepath>
					<visible>Skin.String(CustomWeatherBGType,4)</visible>
					<include>CustomImagePreviewOpenCloseAnim</include>
				</control>
				
				<control type="multiimage">
					<include>CustomImagePreview</include>
					<imagepath background="true" fallback=".">$INFO[Skin.String(CustomWeatherBGPath.path)]$INFO[Window(Weather).Property(Current.FanartCode)]</imagepath>
					<visible>Skin.String(CustomWeatherBGType,5) + Skin.HasSetting(CustomWeatherBGPath.multi)</visible>
					<include>CustomImagePreviewOpenCloseAnim</include>
				</control>
				
				<control type="image">
					<left>14</left>
					<top>79</top>
					<width>472</width>
					<height>266</height>
					<aspectratio>scale</aspectratio>
					<bordersize>15</bordersize>
					<fadetime>BackgroundCrossfadeTime</fadetime>
					<texture background="true" fallback=".">$INFO[Skin.String(CustomWeatherBGPath.path)]$INFO[Window(Weather).Property(Current.FanartCode),,.jpg]</texture>
					<visible>Skin.String(CustomWeatherBGType,5) + !Skin.HasSetting(CustomWeatherBGPath.multi)</visible>
					<include>CustomImagePreviewOpenCloseAnim</include>
				</control>
				
				<control type="image">
					<include>CustomImageDim</include>
					<include>WeatherBrightnessAnimations</include>
					<visible>Control.HasFocus(4412)</visible>
				</control>
				
				<control type="grouplist" id="951">		
					<left>520</left>
					<top>65</top>
					<width>235</width>
					<height>340</height>
					<itemgap>15</itemgap>
					<onup>4412</onup>
					<ondown>4410</ondown>
					<onleft>1951</onleft>
					<control type="radiobutton" id="4310">
						<description>Default</description>
						<include>SettingsCustomBGRadioBtn</include>
						<selected>Skin.String(CustomWeatherBGType,1) | Skin.String(CustomWeatherBGType,)</selected>
						<onclick>Skin.SetString(CustomWeatherBGType,1)</onclick>
						<onclick>Skin.Reset(CustomWeatherBGPath)</onclick>
						<label>$LOCALIZE[31058]</label>
					</control>
					<control type="radiobutton" id="4311">
						<description>Single Image</description>
						<include>SettingsCustomBGRadioBtn</include>
						<selected>Skin.String(CustomWeatherBGType,2)</selected>
						<onclick>Skin.SetString(CustomWeatherBGType,2)</onclick>
						<onclick>Skin.Reset(CustomWeatherBGPath)</onclick>
						<label>$LOCALIZE[31056]</label>
						<animation effect="slide" end="0,-4" condition="System.HasAddon(script.image.resource.select)">Conditional</animation>
					</control>
					<control type="radiobutton" id="4312">
						<description>Multi Image</description>
						<include>SettingsCustomBGRadioBtn</include>
						<selected>Skin.String(CustomWeatherBGType,3)</selected>
						<onclick>Skin.SetString(CustomWeatherBGType,3)</onclick>
						<onclick>Skin.Reset(CustomWeatherBGPath)</onclick>
						<label>$LOCALIZE[31057]</label>
						<animation effect="slide" end="0,-8" condition="System.HasAddon(script.image.resource.select)">Conditional</animation>
					</control>
					<control type="radiobutton" id="4313">
						<description>Weather Fanart</description>
						<include>SettingsCustomBGRadioBtn</include>
						<selected>Skin.String(CustomWeatherBGType,4)</selected>
						<onclick>Skin.SetString(CustomWeatherBGType,4)</onclick>
						<onclick>Skin.Reset(CustomWeatherBGPath)</onclick>
						<label>$LOCALIZE[33020] ($LOCALIZE[573])</label>
						<animation effect="slide" end="0,-12" condition="System.HasAddon(script.image.resource.select)">Conditional</animation>
					</control>
					<control type="radiobutton" id="4314">
						<description>Weather Fanart</description>
						<include>SettingsCustomBGRadioBtn</include>
						<selected>Skin.String(CustomWeatherBGType,5)</selected>
						<onclick>Skin.SetString(CustomWeatherBGType,5)</onclick>
						<onclick>Skin.Reset(CustomWeatherBGPath)</onclick>
						<label>$LOCALIZE[33020] ($LOCALIZE[24000])</label>
						<animation effect="slide" end="0,-16" condition="true">Conditional</animation>
						<visible>System.HasAddon(script.image.resource.select)</visible>
					</control>
				</control>
				
				<control type="grouplist" id="961">
					<top>379</top>
					<itemgap>0</itemgap>
					<onup condition="!System.HasAddon(script.image.resource.select)">4313</onup>
					<onup condition="System.HasAddon(script.image.resource.select)">4314</onup>
					<ondown>4310</ondown>
					<onleft>1951</onleft>
					<control type="button" id="4410">
						<description>Single Image Path</description>
						<include>SettingsContentBtn</include>
						<label>$LOCALIZE[573] - [COLOR=DefaultColor2]$INFO[Skin.String(CustomWeatherBGPath)][/COLOR]</label>
						<onclick>Skin.SetImage(CustomWeatherBGPath)</onclick>
						<visible>Skin.String(CustomWeatherBGType,2)</visible>
					</control>
					<control type="button" id="4411">
						<description>Multi Image Path</description>
						<include>SettingsContentBtn</include>
						<label>$LOCALIZE[573] - [COLOR=DefaultColor2]$INFO[Skin.String(CustomWeatherBGPath)][/COLOR]</label>
						<onclick>Skin.SetPath(CustomWeatherBGPath)</onclick>
						<visible>Skin.String(CustomWeatherBGType,3) | Skin.String(CustomWeatherBGType,4)</visible>
					</control>
					<control type="button" id="4414">
						<description>Resource Image Fanart Add-on Path</description>
						<include>SettingsContentBtn</include>
						<label>$LOCALIZE[24000] - [COLOR=DefaultColor2]$INFO[Skin.String(CustomWeatherBGPath.name)][/COLOR]</label>
						<onclick>RunScript(script.image.resource.select,property=CustomWeatherBGPath&amp;type=resource.images.weatherfanart)</onclick>
						<visible>System.HasAddon(script.image.resource.select) + Skin.String(CustomWeatherBGType,5)</visible>
					</control>
					<control type="button" id="4412">
						<description>Background Brightness</description>
						<include>SettingsContentBtn</include>
						<label>$LOCALIZE[31060]: [COLOR DefaultColor2]$VAR[WeatherBrightnessValueVar] %[/COLOR]</label>
						<onclick>Skin.SetString(BrightnessVar,Weather)</onclick>
						<onclick>ActivateWindow(1108)</onclick>
						<visible>Skin.String(CustomWeatherBGType,2) | Skin.String(CustomWeatherBGType,3) | Skin.String(CustomWeatherBGType,4) | Skin.String(CustomWeatherBGType,5)</visible>
					</control>
					<control type="togglebutton" id="4413">
						<description>Apply To All Windows</description>
						<include>SettingsContentToggleBtn</include>
						<label>$LOCALIZE[31052]</label>
						<altlabel>$LOCALIZE[31051]</altlabel>
						<usealttexture>!Skin.HasSetting(ApplyAllWeatherCustomBG)</usealttexture>
						<onclick>Skin.ToggleSetting(ApplyAllWeatherCustomBG)</onclick>
						<visible>Skin.String(CustomWeatherBGType,2) | Skin.String(CustomWeatherBGType,3) | Skin.String(CustomWeatherBGType,4) | Skin.String(CustomWeatherBGType,5)</visible>
					</control>
				</control>
				
				<control type="button" id="1951">
					<description>Back</description>
					<include>SettingsBackBtn</include>
					<onright>951</onright>
					<onleft>Skin.Reset(ExpandCustomWeatherBGSettings)</onleft>
					<onleft>Skin.Reset(ExpandedSettings)</onleft>
					<onleft>Control.SetFocus(4013)</onleft>
					<onclick>Skin.Reset(ExpandCustomWeatherBGSettings)</onclick>
					<onclick>Skin.Reset(ExpandedSettings)</onclick>
					<onclick>Control.SetFocus(4013)</onclick>
				</control>
			</control>
		</control>
	</include>
	
	<include name="SettingsCustomBGRadioBtn">
		<width>235</width>
		<height>50</height>
		<font>SettingsContentFont</font>
		<textcolor>SettingsContentColor</textcolor>
		<shadowcolor>ShadowColor</shadowcolor>
		<align>left</align>
		<textoffsetx>15</textoffsetx>
		<radioposx>183</radioposx>
		<textwidth>175</textwidth>
		<textureradiofocus>controls/radio-button-focus3.png</textureradiofocus>
		<textureradionofocus>controls/radio-button-nofocus3.png</textureradionofocus>
		<texturefocus border="5">controls/button-focus.png</texturefocus>
		<texturenofocus border="5">controls/button-nofocus.png</texturenofocus>
		<alttexturefocus border="5">controls/button-focus.png</alttexturefocus>
		<alttexturenofocus border="5">controls/button-nofocus.png</alttexturenofocus>
		<pulseonselect>false</pulseonselect>
	</include>
	
	<include name="CustomPVRBGRadioBtn">
		<control type="radiobutton" id="4012">
			<description>Customize PVR Background Settings</description>
			<include>SettingsContentExpandBtn</include>
			<label>$LOCALIZE[19020]</label>
			<selected>Skin.HasSetting(ExpandCustomPVRBGSettings)</selected>
			<onclick>Skin.SetBool(ExpandCustomPVRBGSettings)</onclick>
			<onclick>Skin.SetBool(ExpandedSettings)</onclick>
			<onclick>Control.SetFocus(9941)</onclick>
		</control>
	</include>
	
	<include name="CustomImagePreviewBG">
		<control type="image">
			<left>0</left>
			<top>65</top>
			<width>500</width>
			<height>294</height>
			<texture border="5">controls/button-nofocus.png</texture>
		</control>
	</include>
	
	<include name="CustomImagePreview">
		<left>14</left>
		<top>79</top>
		<width>472</width>
		<height>266</height>
		<aspectratio>scale</aspectratio>
		<bordersize>15</bordersize>
		<timeperimage>3000</timeperimage>
		<fadetime>BackgroundCrossfadeTime</fadetime>
		<randomize>true</randomize>
	</include>
	
	<include name="CustomImageDim">
		<left>14</left>
		<top>79</top>
		<width>472</width>
		<height>266</height>
		<aspectratio>scale</aspectratio>
		<texture>views/fanart-dim.png</texture>
	</include>
</includes>