<?xml version="1.0" encoding="UTF-8"?>
<window>
	<defaultcontrol always="true">850</defaultcontrol>
	<onload condition="!String.IsEmpty(Skin.String(ReorderCategories1)) + [Window.Previous(startup) | Window.Previous(home)]">Control.SetFocus(850,0)</onload>
	<onload condition="System.AddonIsEnabled(plugin.image.mypicsdb) + !Skin.HasSetting(HideRecentlyAddedHomePanel)">RunScript(plugin.image.mypicsdb,0,?action='setproperties'&amp;method='Latest'&amp;sort='Added'&amp;limit=20)</onload>
    <onload condition="System.AddonIsEnabled(plugin.image.mypicsdb) + !Skin.HasSetting(HideRecentlyAddedHomePanel) + !Skin.HasSetting(HideWatchListHomePanel)">RunScript(plugin.image.mypicsdb,0,?action='setproperties'&amp;method='Random'&amp;sort='Added'&amp;limit=20)</onload>
	<onload>SetProperty(RefreshList,1,Home)</onload>
	<include>CustomPanelScripts</include>

	<controls>
		<control type="group">
			<depth>DepthBackground</depth>
			<include condition="Skin.String(CustomPicturesBGType,4) | Skin.String(CustomPicturesBGType,5)">MyPicsDBFadelabels</include>
			<include>BackgroundHome</include>
			<include condition="!Skin.HasSetting(DisableVideoPlayingBG)">BackgroundVideoPlaying</include>
			<include condition="!Skin.HasSetting(DisableMusicPlayingBG)">BackgroundMusicPlaying</include>
			<include>BackgroundOpenCloseAnim</include>
		</control>

		<include condition="!Skin.HasSetting(HideWidgetBackgrounds)">HomePanelFanart</include>
		
		<control type="group">
			<visible>![$EXP[ExtendedinfoInfoDialogs]]</visible>
			<include>BackgroundVisibleAnim</include>
			
			<control type="group">
				<depth>DepthContent</depth>
				<include condition="!Skin.HasSetting(HideRecentlyAddedHomePanel)">RecentlyAddedPanel</include>
				<include condition="!Skin.HasSetting(HideRecentlyAddedHomePanel) + !Skin.HasSetting(HideWatchListHomePanel)">WatchListPanel</include>
				<include condition="System.AddonIsEnabled(plugin.video.themoviedb.helper) + !Skin.HasSetting(HideInCinemasHomeWidget)">InCinemasWidget</include>
				<include condition="!Skin.HasSetting(HideVideosHomeWidget)">VideosHomeWidget</include>
				<include>CustomPanels</include>
				<include condition="!Skin.HasSetting(HideNowPlayingHomePanel)">NowPlayingPanel</include>
				<include condition="!Skin.HasSetting(HidePVRChannelsWidget)">PVRChannelsWidget</include>
				<include condition="!Skin.HasSetting(HideWeatherHomePanel) + !String.IsEmpty(Weather.Plugin)">WeatherPanel</include>
				<include condition="!Skin.HasSetting(HideSystemInfoHomePanel)">SystemInfoPanel</include>
				<include condition="!Skin.HasSetting(HideRecordingInfoHomePanel)">RecordingInfoPanel</include>
				<include condition="System.AddonIsEnabled(script.embuary.info) + !Skin.HasSetting(HideNextAiredWidget)">NextAiredWidget</include>
				<include condition="!Skin.HasSetting(HideAddonsWidget)">AddonsWidget</include>
				<include condition="!Skin.HasSetting(HideGamesWidget)">GamesWidget</include>
				<include condition="!Skin.HasSetting(HideFavouritesWidget)">FavouritesWidget</include>
				<include condition="System.AddonIsEnabled(script.embuary.info)">NextAiredUpcomingWidget</include>
				<include condition="!Skin.HasSetting(HideHomeCategoryIcons)">HomeCategoryIcons</include>
				<include>HomeAddonShortcuts</include>
				<include>DialogPopUpScreenDim</include>
			</control>
						
			<control type="group" id="510">
				<description>Menu Area</description>
				<depth>DepthHomeMenu</depth>
				<top>606</top>
				<include>HomeMenuPaneImage</include>
				<include>HomeMenuPaneOpenCloseAnim</include>
				<include>HomeMenu</include>
				<include>HomeMenuPaneOverlay</include>
				<include condition="!Skin.HasSetting(HideHomeSubMenus)">HomeSubMenus</include>
				<include condition="Skin.HasSetting(ShowHomeNavButtons)">HomeNavButtons</include>
				<include condition="Skin.HasSetting(EnableMusicPlayingHomeProgressBar)">MusicPlayingProgressBar</include>
			</control>
			
			<control type="group">
				<description>Top Bar Area</description>
				<visible>![System.IdleTime(3) + Skin.HasSetting(HideTopBar) + !Control.HasFocus(555)]</visible>
				<depth>DepthTopBar</depth>
				<include>HomeTopBarImage</include>
				<include>TopBarOpenCloseAnim</include>
				<include condition="System.GetBool(LookAndFeel.EnableRSSFeeds) + !Skin.HasSetting(HideTopBarDate)">RSSFeed</include>
				<include condition="System.GetBool(LookAndFeel.EnableRSSFeeds) + Skin.HasSetting(HideTopBarDate)">RSSFeedNoDate</include>
				<include>HomeTopBarOverlay</include>
				<include>KodiLogo</include>
				<include>Notifications</include>
			</control>
		</control>
	</controls>
</window>
