<?xml version="1.0" encoding="UTF-8"?>
<window type="dialog" id="120">
	<defaultcontrol always="false">107</defaultcontrol>
	
	<coordinates>
		<system>1</system>
		<left>0</left>
		<top>0</top>
	</coordinates>	
	
	<controls>		
		<control type="group">
			<visible>![Window.IsActive(VisualisationPresetList) | Window.IsActive(AddonSettings) | Window.IsActive(SelectDialog)]</visible>
			<top>655</top>
			<include>BottomPaneOpenCloseAnim</include>
			<include>PlayerControlsPanel</include>
			
			<control type="label">
				<left>30</left>
				<top>-25</top>
				<font>FSInfoFont2</font>
				<textcolor>WhiteColor</textcolor>
				<shadowcolor>ShadowColor</shadowcolor>
				<label>$INFO[System.CurrentControl]</label>
			</control>
			
			<control type="grouplist" id="201">
				<description>Player Settings Controls</description>
				<left>57</left>
				<top>17</top>
				<width>310</width>
				<height>35</height>
				<itemgap>10</itemgap>
				<orientation>horizontal</orientation>	
				<onup condition="Window.IsVisible(script-cu-lrclyrics-main.xml)">Dialog.Close(MusicOSD,true)</onup>
				<onup condition="Window.IsVisible(script-cu-lrclyrics-main.xml)">SetFocus(9000)</onup>
				<onback condition="Window.IsVisible(script-cu-lrclyrics-main.xml)">Dialog.Close(MusicOSD,true)</onback>
				<onback condition="Window.IsVisible(script-cu-lrclyrics-main.xml)">SetFocus(9000)</onback>
				<ondown>noop</ondown>
				<onleft>109</onleft>
				<onright>110</onright>
				<control type="button" id="100">
					<description>Exit Fullscreen</description>
					<width>35</width>
					<height>35</height>
					<font>-</font>
					<label>$LOCALIZE[13012]</label>
					<texturefocus>osd/osd-exit-fullscreen-focus.png</texturefocus>
					<texturenofocus>osd/osd-exit-fullscreen-nofocus.png</texturenofocus>
					<onclick>Dialog.Close(MusicOSD,true)</onclick>
					<onclick>FullScreen</onclick>
					<pulseonselect>false</pulseonselect>
				</control>
				<control type="button" id="127">
					<description>Fullscreen Information</description>
					<width>35</width>
					<height>35</height>
					<font>-</font>
					<label>$LOCALIZE[19033]</label>
					<texturefocus>osd/osd-info-focus.png</texturefocus>
					<texturenofocus>osd/osd-info-nofocus.png</texturenofocus>
					<onclick>Info</onclick>
					<onclick>Dialog.Close(MusicOSD)</onclick>
					<pulseonselect>false</pulseonselect>
				</control>
				<control type="button" id="101">
					<description>Playlist</description>
					<width>35</width>
					<height>35</height>
					<font>-</font>
					<label>$LOCALIZE[10517]</label>
					<texturefocus>osd/osd-playlist-focus.png</texturefocus>
					<texturenofocus>osd/osd-playlist-nofocus.png</texturenofocus>
					<onclick>Dialog.Close(MusicOSD,true)</onclick>
					<onclick>ActivateWindow(MusicPlaylist)</onclick>
					<pulseonselect>false</pulseonselect>
				</control>		
				<control type="button" id="500">
					<description>Choose Visualization</description>
					<width>35</width>
					<height>35</height>
					<font>-</font>
					<label>$LOCALIZE[250]</label>
					<texturefocus>osd/osd-viz-focus.png</texturefocus>
					<texturenofocus>osd/osd-viz-nofocus.png</texturenofocus>
					<pulseonselect>false</pulseonselect>
				</control>			
				<control type="button" id="103">
					<description>Visualization Presets</description>
					<width>35</width>
					<height>35</height>
					<font>-</font>
					<label>$LOCALIZE[31020]</label>
					<texturefocus>osd/osd-viz-presets-focus.png</texturefocus>
					<texturenofocus>osd/osd-viz-presets-nofocus.png</texturenofocus>
					<onclick>ActivateWindow(VisualisationPresetList)</onclick>
					<pulseonselect>false</pulseonselect>
				</control>		
				<control type="button" id="150">
					<description>Visualization Preset Settings</description>
					<width>35</width>
					<height>35</height>
					<font>-</font>
					<label>$LOCALIZE[31022]</label>
					<texturefocus>osd/osd-viz-preset-settings-focus.png</texturefocus>
					<texturenofocus>osd/osd-viz-preset-settings-nofocus.png</texturenofocus>
					<onclick>Addon.Default.OpenSettings(xbmc.player.musicviz)</onclick>
					<pulseonselect>false</pulseonselect>
				</control>
				<control type="button" id="151">
					<description>Lyrics Script</description>
					<width>35</width>
					<height>35</height>
					<font>-</font>
					<label>$LOCALIZE[24013]</label>
					<texturefocus>osd/osd-lyrics-focus.png</texturefocus>
					<texturenofocus>osd/osd-lyrics-nofocus.png</texturenofocus>
					<onclick condition="!IsEmpty(Skin.String(LyricsScriptPath))">Dialog.Close(MusicOSD,true)</onclick>
					<onclick condition="!IsEmpty(Skin.String(LyricsScriptPath))">RunScript($INFO[Skin.String(LyricsScriptPath)])</onclick>
					<onclick condition="IsEmpty(Skin.String(LyricsScriptPath))">Skin.SetAddon(LyricsScriptPath,xbmc.python.lyrics)</onclick>
					<pulseonselect>false</pulseonselect>
					<visible>!Skin.HasSetting(HideLyricsOSDBtn)</visible>
				</control>
			</control>
			
			<control type="grouplist" id="203">
				<description>Player Extra Controls</description>
				<left>313</left>
				<top>15</top>
				<width>160</width>
				<height>40</height>
				<itemgap>10</itemgap>
				<orientation>horizontal</orientation>
				<align>right</align>
				<usecontrolcoords>true</usecontrolcoords>
				<onup condition="Window.IsVisible(script-cu-lrclyrics-main.xml)">Dialog.Close(MusicOSD,true)</onup>
				<onup condition="Window.IsVisible(script-cu-lrclyrics-main.xml)">SetFocus(9000)</onup>
				<onback condition="Window.IsVisible(script-cu-lrclyrics-main.xml)">Dialog.Close(MusicOSD,true)</onback>
				<onback condition="Window.IsVisible(script-cu-lrclyrics-main.xml)">SetFocus(9000)</onback>
				<ondown>noop</ondown>
				<onleft>151</onleft>
				<onright>106</onright>
				<control type="button" id="110">
					<description>Rec</description>
					<width>40</width>
					<height>40</height>
					<texturefocus>-</texturefocus>
					<texturenofocus>-</texturenofocus>
					<onclick>PlayerControl(Record)</onclick>
					<visible>Player.CanRecord</visible>
					<pulseonselect>false</pulseonselect>
				</control>
				<control type="image" id="111">
					<description>Rec No Focus</description>
					<left>-50</left>
					<width>40</width>
					<height>40</height>
					<texture>osd/osd-record-nofocus.png</texture>
					<visible>Player.CanRecord + !Control.HasFocus(110)</visible>
				</control>
				<control type="image" id="112">
					<description>Rec Focus</description>
					<left>-50</left>
					<width>40</width>
					<height>40</height>
					<texture>osd/osd-record-focus.png</texture>
					<visible>Player.CanRecord + Control.HasFocus(110)</visible>
				</control>
				<control type="image" id="113">
					<description>Rec 2 No Focus</description>
					<left>-50</left>
					<width>40</width>
					<height>40</height>
					<texture>osd/osd-record-2.png</texture>
					<visible>Player.CanRecord + Player.Recording + !Control.HasFocus(110)</visible>
				</control>
				<control type="image" id="114">
					<description>Rec 2 Focus</description>
					<left>-50</left>
					<width>40</width>
					<height>40</height>
					<texture>osd/osd-record-focus.png</texture>
					<visible>Player.CanRecord + Player.Recording + Control.HasFocus(110)</visible>
				</control>	
				<control type="button" id="250">
					<description>Repeat</description>
					<width>40</width>
					<height>40</height>
					<texturefocus>-</texturefocus>
					<texturenofocus>-</texturenofocus>
					<onclick>PlayerControl(Repeat)</onclick>
					<pulseonselect>false</pulseonselect>
				</control>
				<control type="image" id="251">
					<description>Repeat No Focus</description>
					<left>-50</left>
					<width>40</width>
					<height>40</height>
					<texture>osd/osd-repeat-nofocus.png</texture>
					<visible>!Playlist.IsRepeat + !Playlist.IsRepeatOne</visible>
					<visible>!Control.HasFocus(250)</visible>
				</control>
				<control type="image" id="252">
					<description>Repeat Focus</description>
					<left>-50</left>
					<width>40</width>
					<height>40</height>
					<texture>osd/osd-repeat-focus.png</texture>
					<visible>!Playlist.IsRepeat + !Playlist.IsRepeatOne</visible>
					<visible>Control.HasFocus(250)</visible>
				</control>
				<control type="image" id="253">
					<description>Repeat One No Focus</description>
					<left>-50</left>
					<width>40</width>
					<height>40</height>
					<texture>osd/osd-repeat-one-nofocus.png</texture>
					<visible>Playlist.IsRepeatOne</visible>
					<visible>!Control.HasFocus(250)</visible>
				</control>
				<control type="image" id="254">
					<description>Repeat One Focus</description>
					<left>-50</left>
					<width>40</width>
					<height>40</height>
					<texture>osd/osd-repeat-one-focus.png</texture>
					<visible>Playlist.IsRepeatOne</visible>
					<visible>Control.HasFocus(250)</visible>
				</control>
				<control type="image" id="255">
					<description>Repeat All No Focus</description>
					<left>-50</left>
					<width>40</width>
					<height>40</height>
					<texture>osd/osd-repeat-all-nofocus.png</texture>
					<visible>Playlist.IsRepeat</visible>
					<visible>!Control.HasFocus(250)</visible>
				</control>
				<control type="image" id="256">
					<description>Repeat All Focus</description>
					<left>-50</left>
					<width>40</width>
					<height>40</height>
					<texture>osd/osd-repeat-all-focus.png</texture>
					<visible>Playlist.IsRepeat</visible>
					<visible>Control.HasFocus(250)</visible>
				</control>
				<control type="togglebutton" id="257">
					<description>Random</description>
					<width>40</width>
					<height>40</height>
					<texturefocus>osd/osd-random-off-focus.png</texturefocus>
					<texturenofocus>osd/osd-random-off-nofocus.png</texturenofocus>
					<usealttexture>Playlist.IsRandom</usealttexture>
					<alttexturefocus>osd/osd-random-on-focus.png</alttexturefocus>
					<alttexturenofocus>osd/osd-random-on-nofocus.png</alttexturenofocus>
					<onclick>PlayerControl(Random)</onclick>
					<pulseonselect>false</pulseonselect>
				</control>
			</control>
							
			<control type="grouplist" id="202">
				<description>Player Controls</description>
				<left>489</left>
				<top>10</top>
				<width>310</width>
				<height>50</height>
				<itemgap>10</itemgap>
				<usecontrolcoords>true</usecontrolcoords>
				<orientation>horizontal</orientation>	
				<onup condition="Window.IsVisible(script-cu-lrclyrics-main.xml)">Dialog.Close(MusicOSD,true)</onup>
				<onup condition="Window.IsVisible(script-cu-lrclyrics-main.xml)">SetFocus(9000)</onup>
				<onback condition="Window.IsVisible(script-cu-lrclyrics-main.xml)">Dialog.Close(MusicOSD,true)</onback>
				<onback condition="Window.IsVisible(script-cu-lrclyrics-main.xml)">SetFocus(9000)</onback>
				<ondown>noop</ondown>
				<onleft>257</onleft>
				<onright>201</onright>
				<control type="button" id="106">
					<description>Skip Prev</description>
					<top>5</top>
					<width>40</width>
					<height>40</height>
					<texturefocus>osd/osd-skip-prev-focus.png</texturefocus>
					<texturenofocus>osd/osd-skip-prev-nofocus.png</texturenofocus>
					<onclick>PlayerControl(Previous)</onclick>
					<pulseonselect>false</pulseonselect>
				</control>
				<control type="button" id="105">
					<description>Rewind</description>
					<top>5</top>
					<width>40</width>
					<height>40</height>
					<texturefocus>osd/osd-rewind-focus.png</texturefocus>
					<texturenofocus>osd/osd-rewind-nofocus.png</texturenofocus>
					<onclick>PlayerControl(Rewind)</onclick>
					<pulseonselect>false</pulseonselect>
				</control>
				<control type="button" id="104">
					<description>Stop</description>
					<top>2</top>
					<width>46</width>
					<height>46</height>
					<texturefocus>osd/osd-stop-focus.png</texturefocus>
					<texturenofocus>osd/osd-stop-nofocus.png</texturenofocus>
					<onclick>PlayerControl(Stop)</onclick>
					<pulseonselect>false</pulseonselect>
				</control>
				<control type="togglebutton" id="107">
					<description>Play/Pause</description>
					<top>2</top>
					<width>46</width>
					<height>46</height>
					<texturefocus>osd/osd-pause-focus.png</texturefocus>
					<texturenofocus>osd/osd-pause-nofocus.png</texturenofocus>
					<alttexturefocus>osd/osd-play-focus.png</alttexturefocus>
					<alttexturenofocus>osd/osd-play-nofocus.png</alttexturenofocus>
					<usealttexture>Player.Paused | Player.Forwarding | Player.Rewinding</usealttexture>
					<onclick>PlayerControl(Play)</onclick>
					<pulseonselect>false</pulseonselect>
				</control>
				<control type="button" id="108">
					<description>Forward</description>
					<top>5</top>
					<width>40</width>
					<height>40</height>
					<texturefocus>osd/osd-forward-focus.png</texturefocus>
					<texturenofocus>osd/osd-forward-nofocus.png</texturenofocus>
					<onclick>PlayerControl(Forward)</onclick>
					<pulseonselect>false</pulseonselect>
				</control>		
				<control type="button" id="109">
					<description>Skip Next</description>
					<top>5</top>
					<width>40</width>
					<height>40</height>
					<texturefocus>osd/osd-skip-next-focus.png</texturefocus>
					<texturenofocus>osd/osd-skip-next-nofocus.png</texturenofocus>
					<onclick>PlayerControl(Next)</onclick>
					<pulseonselect>false</pulseonselect>
				</control>
			</control>
		
			<control type="group">
				<left>780</left>
				
				<control type="progress">
					<description>Progressbar Cache</description>
					<left>29</left>
					<top>39</top>
					<width>412</width>
					<midtexture border="2">controls/scrollbar-slider-horz-nofocus.png</midtexture>
					<info>Player.ProgressCache</info>
					<animation effect="fade" end="20" condition="true">Conditional</animation>
				</control>
				
				<control type="progress">
					<description>Progressbar</description>
					<left>29</left>
					<top>39</top>
					<width>412</width>
					<info>Player.Progress</info>
				</control>
				
				<control type="slider">
					<description>Seek Slider</description>
					<left>29</left>
					<top>39</top>
					<width>412</width>
					<height>12</height>
					<action>seek</action>
					<texturesliderbar border="4">controls/progress-background.png</texturesliderbar>
					<textureslidernib border="2">-</textureslidernib>
					<textureslidernibfocus border="2">controls/progress-nib-focus.png</textureslidernibfocus>
				</control>
				
				<control type="grouplist">
					<left>29</left>
					<top>6</top>
					<height>40</height>
					<width>260</width>
					<usecontrolcoords>true</usecontrolcoords>
					<orientation>horizontal</orientation>
					<control type="label">
						<description>Elapsed/Duration Time</description>
						<top>5</top>
						<width min="0" max="250">auto</width>
						<font>OSDFont</font>
						<textcolor>ProgressColor</textcolor>
						<label>$INFO[Player.Time] $INFO[Player.Duration,/ ]</label>
					</control>
					<control type="label">
						<description>SeekbarLabels</description>
						<top>5</top>
						<width min="0" max="250">auto</width>
						<font>OSDFont</font>
						<textcolor>SelectedColor2</textcolor>
						<textoffsetx>5</textoffsetx>
						<label>$VAR[SeekbarLabels]</label>
					</control>
				</control>

				<control type="grouplist">
					<description>Playlist</description>
					<right>59</right>
					<top>6</top>
					<height>40</height>
					<width>200</width>
					<align>right</align>
					<usecontrolcoords>true</usecontrolcoords>
					<orientation>horizontal</orientation>
					<control type="image">
						<top>5</top>
						<width>28</width>
						<height>28</height>	
						<texture>gui/notification-playlist.png</texture>
						<bordersize>2</bordersize>
					</control>
					<control type="label">
						<top>5</top>
						<width min="0" max="172">auto</width>
						<font>OSDFont</font>
						<textcolor>ProgressColor2</textcolor>
						<label>$INFO[MusicPlayer.PlaylistPosition] $INFO[MusicPlayer.PlaylistLength,/ ]</label>
					</control>
				</control>
			</control>
		</control>
	</controls>	
</window>