<?xml version="1.0" encoding="UTF-8"?>
<includes>	
	<!-- TV Show Next Aired -->
	<variable name="NextAiredTotal">
		<value condition="Control.HasFocus(215) + !String.IsEqual(Container(215).NumItems,1)">$INFO[Container(215).NumItems,, $LOCALIZE[20343]]$INFO[Window(home).Property(NextAired.215.Wday), ,]$INFO[Window(home).Property(NextAired.215.Date), ,]</value>
		<value condition="Control.HasFocus(215) + String.IsEqual(Container(215).NumItems,1)">$INFO[Container(215).NumItems,, $LOCALIZE[20364]]$INFO[Window(home).Property(NextAired.215.Wday), ,]$INFO[Window(home).Property(NextAired.215.Date), ,]</value>
		<value condition="Control.HasFocus(214) + !String.IsEqual(Container(214).NumItems,1)">$INFO[Container(214).NumItems,, $LOCALIZE[20343]]$INFO[Window(home).Property(NextAired.214.Wday), ,]$INFO[Window(home).Property(NextAired.214.Date), ,]</value>
		<value condition="Control.HasFocus(214) + String.IsEqual(Container(214).NumItems,1)">$INFO[Container(214).NumItems,, $LOCALIZE[20364]]$INFO[Window(home).Property(NextAired.214.Wday), ,]$INFO[Window(home).Property(NextAired.214.Date), ,]</value>
		<value condition="Control.HasFocus(213) + !String.IsEqual(Container(213).NumItems,1)">$INFO[Container(213).NumItems,, $LOCALIZE[20343]]$INFO[Window(home).Property(NextAired.213.Wday), ,]$INFO[Window(home).Property(NextAired.213.Date), ,]</value>
		<value condition="Control.HasFocus(213) + String.IsEqual(Container(213).NumItems,1)">$INFO[Container(213).NumItems,, $LOCALIZE[20364]]$INFO[Window(home).Property(NextAired.213.Wday), ,]$INFO[Window(home).Property(NextAired.213.Date), ,]</value>
		<value condition="Control.HasFocus(212) + !String.IsEqual(Container(212).NumItems,1)">$INFO[Container(212).NumItems,, $LOCALIZE[20343]]$INFO[Window(home).Property(NextAired.212.Wday), ,]$INFO[Window(home).Property(NextAired.212.Date), ,]</value>
		<value condition="Control.HasFocus(212) + String.IsEqual(Container(212).NumItems,1)">$INFO[Container(212).NumItems,, $LOCALIZE[20364]]$INFO[Window(home).Property(NextAired.212.Wday), ,]$INFO[Window(home).Property(NextAired.212.Date), ,]</value>
		<value condition="Control.HasFocus(211) + !String.IsEqual(Container(211).NumItems,1)">$INFO[Container(211).NumItems,, $LOCALIZE[20343]]$INFO[Window(home).Property(NextAired.211.Wday), ,]$INFO[Window(home).Property(NextAired.211.Date), ,]</value>
		<value condition="Control.HasFocus(211) + String.IsEqual(Container(211).NumItems,1)">$INFO[Container(211).NumItems,, $LOCALIZE[20364]]$INFO[Window(home).Property(NextAired.211.Wday), ,]$INFO[Window(home).Property(NextAired.211.Date), ,]</value>
		<value condition="Control.HasFocus(210) + !String.IsEqual(Container(210).NumItems,1)">$INFO[Container(210).NumItems,, $LOCALIZE[20343]]$INFO[Window(home).Property(NextAired.210.Wday), ,]$INFO[Window(home).Property(NextAired.210.Date), ,]</value>
		<value condition="Control.HasFocus(210) + String.IsEqual(Container(210).NumItems,1)">$INFO[Container(210).NumItems,, $LOCALIZE[20364]]$INFO[Window(home).Property(NextAired.210.Wday), ,]$INFO[Window(home).Property(NextAired.210.Date), ,]</value>
		<value condition="Control.HasFocus(209) + !String.IsEqual(Container(209).NumItems,1)">$INFO[Container(209).NumItems,, $LOCALIZE[20343]]$INFO[Window(home).Property(NextAired.209.Wday), ,]$INFO[Window(home).Property(NextAired.209.Date), ,]</value>
		<value condition="Control.HasFocus(209) + String.IsEqual(Container(209).NumItems,1)">$INFO[Container(209).NumItems,, $LOCALIZE[20364]]$INFO[Window(home).Property(NextAired.209.Wday), ,]$INFO[Window(home).Property(NextAired.209.Date), ,]</value>
		<value condition="Control.HasFocus(208) + !String.IsEqual(Container(208).NumItems,1)">$INFO[Container(208).NumItems,, $LOCALIZE[20343]]$INFO[Window(home).Property(NextAired.208.Wday), ,]$INFO[Window(home).Property(NextAired.208.Date), ,]</value>
		<value condition="Control.HasFocus(208) + String.IsEqual(Container(208).NumItems,1)">$INFO[Container(208).NumItems,, $LOCALIZE[20364]]$INFO[Window(home).Property(NextAired.208.Wday), ,]$INFO[Window(home).Property(NextAired.208.Date), ,]</value>
		<value condition="Control.HasFocus(207) + !String.IsEqual(Container(207).NumItems,1)">$INFO[Container(207).NumItems,, $LOCALIZE[20343]]$INFO[Window(home).Property(NextAired.207.Wday), ,]$INFO[Window(home).Property(NextAired.207.Date), ,]</value>
		<value condition="Control.HasFocus(207) + String.IsEqual(Container(207).NumItems,1)">$INFO[Container(207).NumItems,, $LOCALIZE[20364]]$INFO[Window(home).Property(NextAired.207.Wday), ,]$INFO[Window(home).Property(NextAired.207.Date), ,]</value>
		<value condition="Control.HasFocus(206) + !String.IsEqual(Container(206).NumItems,1)">$INFO[Container(206).NumItems,, $LOCALIZE[20343]]$INFO[Window(home).Property(NextAired.206.Wday), ,]$INFO[Window(home).Property(NextAired.206.Date), ,]</value>
		<value condition="Control.HasFocus(206) + String.IsEqual(Container(206).NumItems,1)">$INFO[Container(206).NumItems,, $LOCALIZE[20364]]$INFO[Window(home).Property(NextAired.206.Wday), ,]$INFO[Window(home).Property(NextAired.206.Date), ,]</value>
		<value condition="Control.HasFocus(205) + !String.IsEqual(Container(205).NumItems,1)">$INFO[Container(205).NumItems,, $LOCALIZE[20343]]$INFO[Window(home).Property(NextAired.205.Wday), ,]$INFO[Window(home).Property(NextAired.205.Date), ,]</value>
		<value condition="Control.HasFocus(205) + String.IsEqual(Container(205).NumItems,1)">$INFO[Container(205).NumItems,, $LOCALIZE[20364]]$INFO[Window(home).Property(NextAired.205.Wday), ,]$INFO[Window(home).Property(NextAired.205.Date), ,]</value>
		<value condition="Control.HasFocus(204) + !String.IsEqual(Container(204).NumItems,1)">$INFO[Container(204).NumItems,, $LOCALIZE[20343]]$INFO[Window(home).Property(NextAired.204.Wday), ,]$INFO[Window(home).Property(NextAired.204.Date), ,]</value>
		<value condition="Control.HasFocus(204) + String.IsEqual(Container(204).NumItems,1)">$INFO[Container(204).NumItems,, $LOCALIZE[20364]]$INFO[Window(home).Property(NextAired.204.Wday), ,]$INFO[Window(home).Property(NextAired.204.Date), ,]</value>
		<value condition="Control.HasFocus(203) + !String.IsEqual(Container(203).NumItems,1)">$INFO[Container(203).NumItems,, $LOCALIZE[20343]]$INFO[Window(home).Property(NextAired.203.Wday), ,]$INFO[Window(home).Property(NextAired.203.Date), ,]</value>
		<value condition="Control.HasFocus(203) + String.IsEqual(Container(203).NumItems,1)">$INFO[Container(203).NumItems,, $LOCALIZE[20364]]$INFO[Window(home).Property(NextAired.203.Wday), ,]$INFO[Window(home).Property(NextAired.203.Date), ,]</value>
		<value condition="Control.HasFocus(202) + !String.IsEqual(Container(202).NumItems,1)">$INFO[Container(202).NumItems,, $LOCALIZE[20343]]$INFO[Window(home).Property(NextAired.202.Wday), ,]$INFO[Window(home).Property(NextAired.202.Date), ,]</value>
		<value condition="Control.HasFocus(202) + String.IsEqual(Container(202).NumItems,1)">$INFO[Container(202).NumItems,, $LOCALIZE[20364]]$INFO[Window(home).Property(NextAired.202.Wday), ,]$INFO[Window(home).Property(NextAired.202.Date), ,]</value>
		<value condition="Control.HasFocus(201) + !String.IsEqual(Container(201).NumItems,1)">$INFO[Container(201).NumItems,, $LOCALIZE[20343]]$INFO[Window(home).Property(NextAired.201.Wday), ,]$INFO[Window(home).Property(NextAired.201.Date), ,]</value>
		<value condition="Control.HasFocus(201) + String.IsEqual(Container(201).NumItems,1)">$INFO[Container(201).NumItems,, $LOCALIZE[20364]]$INFO[Window(home).Property(NextAired.201.Wday), ,]$INFO[Window(home).Property(NextAired.201.Date), ,]</value>
		<value condition="Control.HasFocus(200) + !String.IsEqual(Container(200).NumItems,1)">$INFO[Container(200).NumItems,, $LOCALIZE[20343]]$INFO[Window(home).Property(NextAired.200.Wday), ,]$INFO[Window(home).Property(NextAired.200.Date), ,]</value>
		<value condition="Control.HasFocus(200) + String.IsEqual(Container(200).NumItems,1)">$INFO[Container(200).NumItems,, $LOCALIZE[20364]]$INFO[Window(home).Property(NextAired.200.Wday), ,]$INFO[Window(home).Property(NextAired.200.Date), ,]</value>
	</variable>
	
	<variable name="NextAiredWidget1">
		<value condition="!String.IsEmpty(Window(Home).Property(NextAired.1.Art(clearlogo)))">$INFO[Window(Home).Property(NextAired.1.Art(clearlogo))]</value>
		<value>$INFO[Window(Home).Property(NextAired.1.Art(banner))]</value>
	</variable>
	
	<variable name="NextAiredWidget2">
		<value condition="!String.IsEmpty(Window(Home).Property(NextAired.2.Art(clearlogo)))">$INFO[Window(Home).Property(NextAired.2.Art(clearlogo))]</value>
		<value>$INFO[Window(Home).Property(NextAired.2.Art(banner))]</value>
	</variable>
	
	<variable name="NextAiredWidget3">
		<value condition="!String.IsEmpty(Window(Home).Property(NextAired.3.Art(clearlogo)))">$INFO[Window(Home).Property(NextAired.3.Art(clearlogo))]</value>
		<value>$INFO[Window(Home).Property(NextAired.3.Art(banner))]</value>
	</variable>
	
	<variable name="NextAiredWidget4">
		<value condition="!String.IsEmpty(Window(Home).Property(NextAired.4.Art(clearlogo)))">$INFO[Window(Home).Property(NextAired.4.Art(clearlogo))]</value>
		<value>$INFO[Window(Home).Property(NextAired.4.Art(banner))]</value>
	</variable>
	
	<variable name="NextAiredWidget5">
		<value condition="!String.IsEmpty(Window(Home).Property(NextAired.5.Art(clearlogo)))">$INFO[Window(Home).Property(NextAired.5.Art(clearlogo))]</value>
		<value>$INFO[Window(Home).Property(NextAired.5.Art(banner))]</value>
	</variable>
	
	<variable name="NextAiredWidget6">
		<value condition="!String.IsEmpty(Window(Home).Property(NextAired.6.Art(clearlogo)))">$INFO[Window(Home).Property(NextAired.6.Art(clearlogo))]</value>
		<value>$INFO[Window(Home).Property(NextAired.6.Art(banner))]</value>
	</variable>
	
	<variable name="NextAiredWidget7">
		<value condition="!String.IsEmpty(Window(Home).Property(NextAired.7.Art(clearlogo)))">$INFO[Window(Home).Property(NextAired.7.Art(clearlogo))]</value>
		<value>$INFO[Window(Home).Property(NextAired.7.Art(banner))]</value>
	</variable>
	
	<variable name="NextAiredWidget8">
		<value condition="!String.IsEmpty(Window(Home).Property(NextAired.8.Art(clearlogo)))">$INFO[Window(Home).Property(NextAired.8.Art(clearlogo))]</value>
		<value>$INFO[Window(Home).Property(NextAired.8.Art(banner))]</value>
	</variable>
	
	<variable name="NextAiredWidget9">
		<value condition="!String.IsEmpty(Window(Home).Property(NextAired.9.Art(clearlogo)))">$INFO[Window(Home).Property(NextAired.9.Art(clearlogo))]</value>
		<value>$INFO[Window(Home).Property(NextAired.9.Art(banner))]</value>
	</variable>
	
	<variable name="NextAiredWidget10">
		<value condition="!String.IsEmpty(Window(Home).Property(NextAired.10.Art(clearlogo)))">$INFO[Window(Home).Property(NextAired.10.Art(clearlogo))]</value>
		<value>$INFO[Window(Home).Property(NextAired.10.Art(banner))]</value>
	</variable>
	
	<variable name="NextAiredWidget11">
		<value condition="!String.IsEmpty(Window(Home).Property(NextAired.11.Art(clearlogo)))">$INFO[Window(Home).Property(NextAired.11.Art(clearlogo))]</value>
		<value>$INFO[Window(Home).Property(NextAired.11.Art(banner))]</value>
	</variable>
	
	<variable name="NextAiredWidget12">
		<value condition="!String.IsEmpty(Window(Home).Property(NextAired.12.Art(clearlogo)))">$INFO[Window(Home).Property(NextAired.12.Art(clearlogo))]</value>
		<value>$INFO[Window(Home).Property(NextAired.12.Art(banner))]</value>
	</variable>
	
	<variable name="NextAiredWidget13">
		<value condition="!String.IsEmpty(Window(Home).Property(NextAired.13.Art(clearlogo)))">$INFO[Window(Home).Property(NextAired.13.Art(clearlogo))]</value>
		<value>$INFO[Window(Home).Property(NextAired.13.Art(banner))]</value>
	</variable>
	
	<variable name="NextAiredWidget14">
		<value condition="!String.IsEmpty(Window(Home).Property(NextAired.14.Art(clearlogo)))">$INFO[Window(Home).Property(NextAired.14.Art(clearlogo))]</value>
		<value>$INFO[Window(Home).Property(NextAired.14.Art(banner))]</value>
	</variable>
	
	<variable name="NextAiredWidget15">
		<value condition="!String.IsEmpty(Window(Home).Property(NextAired.15.Art(clearlogo)))">$INFO[Window(Home).Property(NextAired.15.Art(clearlogo))]</value>
		<value>$INFO[Window(Home).Property(NextAired.15.Art(banner))]</value>
	</variable>
	
	<variable name="NextAiredWidget16">
		<value condition="!String.IsEmpty(Window(Home).Property(NextAired.16.Art(clearlogo)))">$INFO[Window(Home).Property(NextAired.16.Art(clearlogo))]</value>
		<value>$INFO[Window(Home).Property(NextAired.16.Art(banner))]</value>
	</variable>
	
	<variable name="NextAiredWidget17">
		<value condition="!String.IsEmpty(Window(Home).Property(NextAired.17.Art(clearlogo)))">$INFO[Window(Home).Property(NextAired.17.Art(clearlogo))]</value>
		<value>$INFO[Window(Home).Property(NextAired.17.Art(banner))]</value>
	</variable>
	
	<variable name="NextAiredWidget18">
		<value condition="!String.IsEmpty(Window(Home).Property(NextAired.18.Art(clearlogo)))">$INFO[Window(Home).Property(NextAired.18.Art(clearlogo))]</value>
		<value>$INFO[Window(Home).Property(NextAired.18.Art(banner))]</value>
	</variable>

	<include name="NextAiredColumnImage">
		<width>120</width>
		<height>114</height>
		<texture>white.png</texture>
		<include>NextAiredColumnFadeAnim</include>
	</include>

	<include name="NextAiredTimeLabel2">
		<control type="label">
			<left>5</left>
			<top>85</top>
			<width>110</width>
			<height>20</height>
			<aligny>center</aligny>
			<align>center</align>
			<font>NextAiredTimeFont</font>
			<textcolor>DefaultColor2</textcolor>
			<shadowcolor>ShadowColor</shadowcolor>
			<label>$INFO[ListItem.Property(ShortTime),,  &#x2022;  ]$INFO[ListItem.Property(NextSeasonNumber),S,]$INFO[ListItem.Property(NextEpisodeNumber),E,]</label>
		</control>
	</include>

	<include name="NextAiredItemLayout">
		<control type="image">
			<description>Thumb</description>
			<left>7</left>
			<top>8</top>
			<width>106</width>
			<height>76</height>
			<aspectratio>keep</aspectratio>
			<texture background="true">$INFO[ListItem.Property(Art(poster))]</texture>
			<visible>String.IsEqual(Window(Home).Property(TVGuide.ThumbType),0)</visible>
		</control>

		<control type="image">
			<description>Banner</description>
			<left>7</left>
			<top>27</top>
			<width>106</width>
			<height>40</height>
			<aspectratio>keep</aspectratio>
			<texture background="true">$INFO[ListItem.Property(Art(banner))]</texture>
			<visible>String.IsEqual(Window(Home).Property(TVGuide.ThumbType),1)</visible>
		</control>

		<control type="image">
			<description>Logo</description>
			<left>7</left>
			<top>27</top>
			<width>106</width>
			<height>40</height>
			<aspectratio>keep</aspectratio>
			<texture background="true">$INFO[ListItem.Property(Art(clearlogo))]</texture>
			<visible>String.IsEqual(Window(Home).Property(TVGuide.ThumbType),2)</visible>
		</control>
	</include>

	<include name="NextAiredInfoImage">
		<width>336</width>
		<height>30</height>
		<texture>white.png</texture>
		<include>NextAiredInfoFadeAnim</include>
	</include>

	<include name="NextAiredTitleLabel">
		<width>340</width>
		<height>55</height>
		<font>MediaInfoFont</font>
		<textcolor>DefaultColor</textcolor>
		<shadowcolor>ShadowColor</shadowcolor>
		<aligny>center</aligny>
		<align>center</align>
		<scroll>true</scroll>
	</include>
	
	<include name="NextAiredDayArea">
		<control type="group">
			<description>$PARAM[description]</description>
			<visible>!String.IsEqual(Window(Home).Property(NextAired.$PARAM[id].Wday),)</visible>
			<width>120</width>
			<height>525</height>

			<control type="image">
				<width>120</width>
				<height>55</height>
				<texture>white.png</texture>
				<include>NextAiredHeaderFadeAnim</include>
			</control>
		
			<control type="image">
				<left>-5</left>
				<top>-5</top>
				<width>130</width>
				<height>65</height>
				<texture background="true" border="12">covers/cover-case-focus.png</texture>
				<animation effect="fade" end="30" condition="true">Conditional</animation>
				<visible>String.IsEqual(System.Date(d mmm),Window(Home).Property(NextAired.$PARAM[id].Date))</visible>
			</control>
			
			<control type="group">
				<top>60</top>
				<control type="image">
					<include>NextAiredColumnImage</include>
				</control>

				<control type="image">
					<top>116</top>
					<include>NextAiredColumnImage</include>
				</control>

				<control type="image">
					<top>232</top>
					<include>NextAiredColumnImage</include>
				</control>

				<control type="image">
					<top>348</top>
					<include>NextAiredColumnImage</include>
				</control>
			</control>

			<control type="label">
				<description>Day</description>
				<width>120</width>
				<height>30</height>
				<font>NextAiredDayFont</font>
				<textcolor>DefaultColor</textcolor>
				<shadowcolor>ShadowColor</shadowcolor>
				<aligny>center</aligny>
				<align>center</align>
				<label>$INFO[Window(Home).Property(NextAired.$PARAM[id].Wday)]</label>
			</control>

			<control type="label">
				<description>Date</description>
				<top>26</top>
				<width>120</width>
				<height>25</height>
				<font>NextAiredDateFont</font>
				<textcolor>DefaultColor2</textcolor>
				<shadowcolor>ShadowColor</shadowcolor>
				<aligny>center</aligny>
				<align>center</align>
				<label>$INFO[Window(Home).Property(NextAired.$PARAM[id].Date)]</label>
			</control>

			<control type="list" id="$PARAM[id]">
				<top>60</top>
				<width>120</width>
				<height>465</height>
				<orientation>vertical</orientation>
				<scrolltime tween="sine" easing="inout">300</scrolltime>
				<onup>850</onup>
				<ondown>$PARAM[id]</ondown>
				<onleft>$PARAM[onleft]</onleft>
				<onright>$PARAM[onright]</onright>
				<itemlayout height="116">
					<include>NextAiredTimeLabel2</include>
					<include>NextAiredItemLayout</include>
				</itemlayout>
				<focusedlayout height="116">
					<control type="group">
						<control type="image">
							<left>-6</left>
							<top>-5</top>
							<width>132</width>
							<height>124</height>
							<texture background="true" border="12">covers/cover-case-focus.png</texture>
						</control>
						<control type="image">
							<left>-6</left>
							<top>-5</top>
							<width>132</width>
							<height>124</height>
							<texture background="true" border="2">black.png</texture>
							<bordersize>11</bordersize>
							<animation effect="fade" end="60" condition="true">Conditional</animation>
						</control>
						<control type="label">
							<left>5</left>
							<top>85</top>
							<width>110</width>
							<height>20</height>
							<aligny>center</aligny>
							<align>center</align>
							<font>NextAiredTimeFont</font>
							<textcolor>GreyColor</textcolor>
							<shadowcolor>ShadowColor</shadowcolor>
							<label>$INFO[ListItem.Property(ShortTime),,  &#x2022;  ]$INFO[ListItem.Property(NextSeasonNumber),S,]$INFO[ListItem.Property(NextEpisodeNumber),E,]</label>
						</control>
						<visible>Control.HasFocus($PARAM[id])</visible>
					</control>
					<control type="group">
						<include>NextAiredTimeLabel2</include>
						<visible>!Control.HasFocus($PARAM[id])</visible>
					</control>
					<include>NextAiredItemLayout</include>
				</focusedlayout>
			</control>
		</control>
	</include>
	
	<include name="NextAiredInfoGrouplist">
		<control type="grouplist">
			<description>$PARAM[description]</description>
			<left>9</left>
			<top>$PARAM[top]</top>
			<width>322</width>
			<orientation>horizontal</orientation>
			<control type="label">
				<width min="0" max="$PARAM[labelwidth]">auto</width>
				<height>30</height>
				<font>MediaInfoFont</font>
				<textcolor>MediaInfoItemColor</textcolor>
				<shadowcolor>ShadowColor</shadowcolor>
				<aligny>center</aligny>
				<label>$PARAM[label]</label>
			</control>
			<control type="label">
				<width min="0" max="330">auto</width>
				<height>30</height>
				<font>MediaInfoFont</font>
				<textcolor>MediaInfoItemColor2</textcolor>
				<shadowcolor>ShadowColor</shadowcolor>
				<aligny>center</aligny>
				<scroll>true</scroll>
				<label fallback="31001">$PARAM[info]</label>
			</control>
		</control>
	</include>
	<!-- END TV Show Next Aired -->
	
	<!-- Global Search -->
	<variable name="GlobalSearchNumItems">
		<value condition="Control.IsVisible(991)">$LOCALIZE[31156]</value>
		<value condition="!String.IsEqual(Container(50).NumItems,0)">$INFO[Container(50).NumItems] $LOCALIZE[31202]</value>
	</variable>
	
	<variable name="GlobalSearchLabel1">
		<value condition="Container.Content(Albums)">[UPPERCASE]$INFO[ListItem.Artist,,: ][/UPPERCASE]$INFO[ListItem.Album]</value>
		<value>[UPPERCASE]$INFO[ListItem.Property(ChannelName),,: ]$INFO[ListItem.Label][/UPPERCASE]</value>
	</variable>
	
	<variable name="GlobalSearchPlot">
		<value condition="Container.Content(Artists)">$INFO[ListItem.Property(Artist_Description)]</value>
		<value condition="Container.Content(Albums)">$INFO[ListItem.Property(Album_Description)]</value>
		<value>$INFO[ListItem.Property(Plot)]</value>
	</variable>
	
	<variable name="GlobalSearchGenre">
		<value condition="Container.Content(Artists)">$INFO[ListItem.Property(Artist_Genre)]</value>
		<value condition="Container.Content(livetv)">$INFO[ListItem.Property(Genre)]</value>
		<value>$INFO[ListItem.Genre]</value>
	</variable>
	
	<variable name="GlobalSearchLabel2">
		<value condition="Container.Content(Artists)">$INFO[ListItem.Property(Artist_Born),$LOCALIZE[21893]: ,   &#x2022;   ]$INFO[ListItem.Property(Artist_Formed),$LOCALIZE[21894]: ,   &#x2022;   ]$INFO[ListItem.Property(Artist_YearsActive),$LOCALIZE[21898]: ,]$INFO[ListItem.Property(Artist_Disbanded),   &#x2022;   $LOCALIZE[21896]: ,]</value>
		<value condition="Container.Content(livetv)">$INFO[ListItem.Property(Starttime),$LOCALIZE[19126]: ,   &#x2022;   ]$INFO[ListItem.Property(EndTime),$LOCALIZE[19127]: ,   &#x2022;   ]$INFO[ListItem.Property(Duration),$LOCALIZE[180]: , $LOCALIZE[31003]]</value>
		<value>$INFO[ListItem.Year]</value>
	</variable>
	
	<variable name="GlobalSearchLabel3">
		<value condition="Container.Content(Songs)">$INFO[ListItem.Artist]</value>
		<value>$INFO[ListItem.Label]</value>
	</variable>
	
	<variable name="GlobalSearchLabel4">
		<value condition="Container.Content(Actors) + String.IsEqual(ListItem.Label2,1)">$INFO[ListItem.Label2,, $LOCALIZE[480]]</value>
		<value condition="Container.Content(Actors)">$INFO[ListItem.Label2,, $LOCALIZE[38026]]</value>
		<value condition="String.IsEqual(ListItem.Label2,1)">$INFO[ListItem.Label2,, $LOCALIZE[21869]]</value>
		<value>$INFO[ListItem.Label2,, $LOCALIZE[470]]</value>
	</variable>
	
	<include name="GlobalSearchItemLayoutBackgrounds">
		<control type="image">
			<width>$PARAM[BackgroundWidth]</width>
			<height>145</height>
			<bordersize>6</bordersize>
			<texture background="true" border="4">covers/cover-case2.png</texture>
			<animation effect="fade" end="65" condition="true">Conditional</animation>
		</control>
		<control type="image">
			<top>9</top>
			<left>$PARAM[HeaderLeft]</left>
			<width>$PARAM[HeaderWidth]</width>
			<height>$PARAM[HeaderHeight]</height>
			<texture colordiffuse="10ffffff" border="1">white.png</texture>
		</control>
	</include>
	
	<include name="GlobalSearchFocusedLayoutBackgrounds">
		<control type="image">
			<width>$PARAM[BackgroundWidth]</width>
			<height>145</height>
			<texture border="7">covers/cover-case-focus.png</texture>
		</control>
		<control type="image">
			<top>9</top>
			<left>$PARAM[HeaderLeft]</left>
			<width>$PARAM[HeaderWidth]</width>
			<height>$PARAM[HeaderHeight]</height>
			<texture colordiffuse="57ffffff" border="1">white.png</texture>
		</control>
		<control type="image">
			<left>5</left>
			<top>5</top>
			<width>$PARAM[DimWidth]</width>
			<height>135</height>
			<bordersize>4</bordersize>
			<texture background="true">dim.png</texture>
			<animation effect="fade" end="70" condition="true">Conditional</animation>
		</control>
	</include>
	
	<include name="GlobalSearchOverlays">
		<control type="image">
			<description>Quality / Unwatched</description>
			<left>$PARAM[left]</left>
			<top>106</top>
			<width>24</width>
			<height>24</height>
			<texture background="true">$VAR[VideoQualityOverlayUnwatched]</texture>
			<aspectratio>keep</aspectratio>
			<visible>Integer.IsEqual(ListItem.PlayCount,0)</visible>
			<animation effect="fade" end="85" condition="true">Conditional</animation>
		</control>
		<control type="image">
			<description>Quality / Watched</description>
			<left>$PARAM[left]</left>
			<top>106</top>
			<width>24</width>
			<height>24</height>
			<texture background="true">$VAR[VideoQualityOverlayWatched]</texture>
			<aspectratio>keep</aspectratio>
			<visible>!Integer.IsEqual(ListItem.PlayCount,0)</visible>
			<animation effect="fade" end="85" condition="true">Conditional</animation>
		</control>
		<control type="image">
			<description>Watched Partial</description>
			<left>$PARAM[left]</left>
			<top>106</top>
			<width>24</width>
			<height>24</height>
			<texture background="true">$VAR[WatchedPartial]</texture>
			<aspectratio>keep</aspectratio>
			<visible>ListItem.IsResumable</visible>
			<include>ListViewPartialWatchedOverlayFadeAnim</include>
			<include>ListViewWatchedOverlayFadeAnim</include>
		</control>
	</include>
	
	<include name="GlobalSearchWatchedOverlay">
		<control type="image">
			<description>Watched Overlay</description>
			<left>67</left>
			<top>106</top>
			<width>24</width>
			<height>24</height>
			<aligny>center</aligny>
			<texture background="true">OverlayWatched.png</texture>
			<aspectratio>keep</aspectratio>
			<visible>!Integer.IsEqual(ListItem.Playcount,0)</visible>
		</control>
	</include>
	<!-- END Global Search -->
	
	<!-- Extended Info -->
	<variable name="ExtendedInfoMinutesVar">
		<value condition="String.EndsWith(Window.Property(duration),1)">$NUMBER[1]</value>
		<value condition="String.EndsWith(Window.Property(duration),2)">$NUMBER[2]</value>
		<value condition="String.EndsWith(Window.Property(duration),3)">$NUMBER[3]</value>
		<value condition="String.EndsWith(Window.Property(duration),4)">$NUMBER[4]</value>
		<value condition="String.EndsWith(Window.Property(duration),5)">$NUMBER[5]</value>
		<value condition="String.EndsWith(Window.Property(duration),6)">$NUMBER[6]</value>
		<value condition="String.EndsWith(Window.Property(duration),7)">$NUMBER[7]</value>
		<value condition="String.EndsWith(Window.Property(duration),8)">$NUMBER[8]</value>
		<value condition="String.EndsWith(Window.Property(duration),9)">$NUMBER[9]</value>
		<value condition="String.EndsWith(Window.Property(duration),0)">$NUMBER[0]</value>
	</variable>
	 
	<variable name="ExtendedInfoDurationVar">
		<value condition="Skin.HasSetting(UseAlternativeDuration) + Integer.IsLessOrEqual(Window.Property(duration),59)">$INFO[Window.Property(duration)]</value>
		<value condition="Skin.HasSetting(UseAlternativeDuration) + [Integer.IsLessOrEqual(Window.Property(duration),99) + String.StartsWith(Window.Property(duration),6)]">$NUMBER[1]$LOCALIZE[31403]$NUMBER[0]$VAR[ExtendedInfoMinutesVar]</value>
		<value condition="Skin.HasSetting(UseAlternativeDuration) + [Integer.IsLessOrEqual(Window.Property(duration),99) + String.StartsWith(Window.Property(duration),7)]">$NUMBER[1]$LOCALIZE[31403]$NUMBER[1]$VAR[ExtendedInfoMinutesVar]</value>
		<value condition="Skin.HasSetting(UseAlternativeDuration) + [Integer.IsLessOrEqual(Window.Property(duration),99) + String.StartsWith(Window.Property(duration),8)]">$NUMBER[1]$LOCALIZE[31403]$NUMBER[2]$VAR[ExtendedInfoMinutesVar]</value>
		<value condition="Skin.HasSetting(UseAlternativeDuration) + [Integer.IsLessOrEqual(Window.Property(duration),99) + String.StartsWith(Window.Property(duration),9)]">$NUMBER[1]$LOCALIZE[31403]$NUMBER[3]$VAR[ExtendedInfoMinutesVar]</value>
		<value condition="Skin.HasSetting(UseAlternativeDuration) + String.StartsWith(Window.Property(duration),10)">$NUMBER[1]$LOCALIZE[31403]$NUMBER[4]$VAR[ExtendedInfoMinutesVar]</value>
		<value condition="Skin.HasSetting(UseAlternativeDuration) + String.StartsWith(Window.Property(duration),11)">$NUMBER[1]$LOCALIZE[31403]$NUMBER[5]$VAR[ExtendedInfoMinutesVar]</value>
		<value condition="Skin.HasSetting(UseAlternativeDuration) + String.StartsWith(Window.Property(duration),12)">$NUMBER[2]$LOCALIZE[31403]$NUMBER[0]$VAR[ExtendedInfoMinutesVar]</value>
		<value condition="Skin.HasSetting(UseAlternativeDuration) + String.StartsWith(Window.Property(duration),13)">$NUMBER[2]$LOCALIZE[31403]$NUMBER[1]$VAR[ExtendedInfoMinutesVar]</value>
		<value condition="Skin.HasSetting(UseAlternativeDuration) + String.StartsWith(Window.Property(duration),14)">$NUMBER[2]$LOCALIZE[31403]$NUMBER[2]$VAR[ExtendedInfoMinutesVar]</value>
		<value condition="Skin.HasSetting(UseAlternativeDuration) + String.StartsWith(Window.Property(duration),15)">$NUMBER[2]$LOCALIZE[31403]$NUMBER[3]$VAR[ExtendedInfoMinutesVar]</value>
		<value condition="Skin.HasSetting(UseAlternativeDuration) + String.StartsWith(Window.Property(duration),16)">$NUMBER[2]$LOCALIZE[31403]$NUMBER[4]$VAR[ExtendedInfoMinutesVar]</value>
		<value condition="Skin.HasSetting(UseAlternativeDuration) + String.StartsWith(Window.Property(duration),17)">$NUMBER[2]$LOCALIZE[31403]$NUMBER[5]$VAR[ExtendedInfoMinutesVar]</value>
		<value condition="Skin.HasSetting(UseAlternativeDuration) + String.StartsWith(Window.Property(duration),18)">$NUMBER[3]$LOCALIZE[31403]$NUMBER[0]$VAR[ExtendedInfoMinutesVar]</value>
		<value condition="Skin.HasSetting(UseAlternativeDuration) + String.StartsWith(Window.Property(duration),19)">$NUMBER[3]$LOCALIZE[31403]$NUMBER[1]$VAR[ExtendedInfoMinutesVar]</value>
		<value condition="Skin.HasSetting(UseAlternativeDuration) + String.StartsWith(Window.Property(duration),20)">$NUMBER[3]$LOCALIZE[31403]$NUMBER[2]$VAR[ExtendedInfoMinutesVar]</value>
		<value condition="Skin.HasSetting(UseAlternativeDuration) + String.StartsWith(Window.Property(duration),21)">$NUMBER[3]$LOCALIZE[31403]$NUMBER[3]$VAR[ExtendedInfoMinutesVar]</value>
		<value condition="Skin.HasSetting(UseAlternativeDuration) + String.StartsWith(Window.Property(duration),22)">$NUMBER[3]$LOCALIZE[31403]$NUMBER[4]$VAR[ExtendedInfoMinutesVar]</value>
		<value condition="Skin.HasSetting(UseAlternativeDuration) + String.StartsWith(Window.Property(duration),23)">$NUMBER[3]$LOCALIZE[31403]$NUMBER[5]$VAR[ExtendedInfoMinutesVar]</value>
		<value condition="Skin.HasSetting(UseAlternativeDuration) + String.StartsWith(Window.Property(duration),24)">$NUMBER[4]$LOCALIZE[31403]$NUMBER[0]$VAR[ExtendedInfoMinutesVar]</value>
		<value condition="Skin.HasSetting(UseAlternativeDuration) + String.StartsWith(Window.Property(duration),25)">$NUMBER[4]$LOCALIZE[31403]$NUMBER[1]$VAR[ExtendedInfoMinutesVar]</value>
		<value condition="Skin.HasSetting(UseAlternativeDuration) + String.StartsWith(Window.Property(duration),26)">$NUMBER[4]$LOCALIZE[31403]$NUMBER[2]$VAR[ExtendedInfoMinutesVar]</value>
		<value condition="Skin.HasSetting(UseAlternativeDuration) + String.StartsWith(Window.Property(duration),27)">$NUMBER[4]$LOCALIZE[31403]$NUMBER[3]$VAR[ExtendedInfoMinutesVar]</value>
		<value condition="Skin.HasSetting(UseAlternativeDuration) + String.StartsWith(Window.Property(duration),28)">$NUMBER[4]$LOCALIZE[31403]$NUMBER[4]$VAR[ExtendedInfoMinutesVar]</value>
		<value condition="Skin.HasSetting(UseAlternativeDuration) + String.StartsWith(Window.Property(duration),29)">$NUMBER[4]$LOCALIZE[31403]$NUMBER[5]$VAR[ExtendedInfoMinutesVar]</value>
		<value condition="Skin.HasSetting(UseAlternativeDuration) + String.StartsWith(Window.Property(duration),30)">$NUMBER[5]$LOCALIZE[31403]$NUMBER[0]$VAR[ExtendedInfoMinutesVar]</value>
		<value condition="Skin.HasSetting(UseAlternativeDuration) + String.StartsWith(Window.Property(duration),31)">$NUMBER[5]$LOCALIZE[31403]$NUMBER[1]$VAR[ExtendedInfoMinutesVar]</value>
		<value condition="Skin.HasSetting(UseAlternativeDuration) + String.StartsWith(Window.Property(duration),32)">$NUMBER[5]$LOCALIZE[31403]$NUMBER[2]$VAR[ExtendedInfoMinutesVar]</value>
		<value condition="Skin.HasSetting(UseAlternativeDuration) + String.StartsWith(Window.Property(duration),33)">$NUMBER[5]$LOCALIZE[31403]$NUMBER[3]$VAR[ExtendedInfoMinutesVar]</value>
		<value condition="Skin.HasSetting(UseAlternativeDuration) + String.StartsWith(Window.Property(duration),34)">$NUMBER[5]$LOCALIZE[31403]$NUMBER[4]$VAR[ExtendedInfoMinutesVar]</value>
		<value condition="Skin.HasSetting(UseAlternativeDuration) + String.StartsWith(Window.Property(duration),35)">$NUMBER[5]$LOCALIZE[31403]$NUMBER[5]$VAR[ExtendedInfoMinutesVar]</value>
		<value condition="Skin.HasSetting(UseAlternativeDuration) + String.StartsWith(Window.Property(duration),36)">$NUMBER[6]$LOCALIZE[31403]$NUMBER[0]$VAR[ExtendedInfoMinutesVar]</value>
		<value condition="Skin.HasSetting(UseAlternativeDuration) + String.StartsWith(Window.Property(duration),37)">$NUMBER[6]$LOCALIZE[31403]$NUMBER[1]$VAR[ExtendedInfoMinutesVar]</value>
		<value condition="Skin.HasSetting(UseAlternativeDuration) + String.StartsWith(Window.Property(duration),38)">$NUMBER[6]$LOCALIZE[31403]$NUMBER[2]$VAR[ExtendedInfoMinutesVar]</value>
		<value condition="Skin.HasSetting(UseAlternativeDuration) + String.StartsWith(Window.Property(duration),39)">$NUMBER[6]$LOCALIZE[31403]$NUMBER[3]$VAR[ExtendedInfoMinutesVar]</value>
		<value condition="Skin.HasSetting(UseAlternativeDuration) + String.StartsWith(Window.Property(duration),40)">$NUMBER[6]$LOCALIZE[31403]$NUMBER[4]$VAR[ExtendedInfoMinutesVar]</value>
		<value condition="Skin.HasSetting(UseAlternativeDuration) + String.StartsWith(Window.Property(duration),41)">$NUMBER[6]$LOCALIZE[31403]$NUMBER[5]$VAR[ExtendedInfoMinutesVar]</value>
		<value condition="Skin.HasSetting(UseAlternativeDuration) + String.StartsWith(Window.Property(duration),42)">$NUMBER[7]$LOCALIZE[31403]$NUMBER[0]$VAR[ExtendedInfoMinutesVar]</value>
		<value condition="Skin.HasSetting(UseAlternativeDuration) + String.StartsWith(Window.Property(duration),43)">$NUMBER[7]$LOCALIZE[31403]$NUMBER[1]$VAR[ExtendedInfoMinutesVar]</value>
		<value condition="Skin.HasSetting(UseAlternativeDuration) + String.StartsWith(Window.Property(duration),44)">$NUMBER[7]$LOCALIZE[31403]$NUMBER[2]$VAR[ExtendedInfoMinutesVar]</value>
		<value condition="Skin.HasSetting(UseAlternativeDuration) + String.StartsWith(Window.Property(duration),45)">$NUMBER[7]$LOCALIZE[31403]$NUMBER[3]$VAR[ExtendedInfoMinutesVar]</value>
		<value condition="Skin.HasSetting(UseAlternativeDuration) + String.StartsWith(Window.Property(duration),46)">$NUMBER[7]$LOCALIZE[31403]$NUMBER[4]$VAR[ExtendedInfoMinutesVar]</value>
		<value condition="Skin.HasSetting(UseAlternativeDuration) + String.StartsWith(Window.Property(duration),47)">$NUMBER[7]$LOCALIZE[31403]$NUMBER[5]$VAR[ExtendedInfoMinutesVar]</value>
		<value condition="Skin.HasSetting(UseAlternativeDuration) + String.StartsWith(Window.Property(duration),48)">$NUMBER[8]$LOCALIZE[31403]$NUMBER[0]$VAR[ExtendedInfoMinutesVar]</value>
		<value condition="Skin.HasSetting(UseAlternativeDuration) + String.StartsWith(Window.Property(duration),49)">$NUMBER[8]$LOCALIZE[31403]$NUMBER[1]$VAR[ExtendedInfoMinutesVar]</value>
		<value condition="Skin.HasSetting(UseAlternativeDuration) + String.StartsWith(Window.Property(duration),50)">$NUMBER[8]$LOCALIZE[31403]$NUMBER[2]$VAR[ExtendedInfoMinutesVar]</value>
		<value condition="Skin.HasSetting(UseAlternativeDuration) + String.StartsWith(Window.Property(duration),51)">$NUMBER[8]$LOCALIZE[31403]$NUMBER[3]$VAR[ExtendedInfoMinutesVar]</value>
		<value condition="Skin.HasSetting(UseAlternativeDuration) + String.StartsWith(Window.Property(duration),52)">$NUMBER[8]$LOCALIZE[31403]$NUMBER[4]$VAR[ExtendedInfoMinutesVar]</value>
		<value condition="Skin.HasSetting(UseAlternativeDuration) + String.StartsWith(Window.Property(duration),53)">$NUMBER[8]$LOCALIZE[31403]$NUMBER[5]$VAR[ExtendedInfoMinutesVar]</value>
		<value condition="Skin.HasSetting(UseAlternativeDuration) + String.StartsWith(Window.Property(duration),54)">$NUMBER[9]$LOCALIZE[31403]$NUMBER[0]$VAR[ExtendedInfoMinutesVar]</value>
		<value condition="Skin.HasSetting(UseAlternativeDuration) + String.StartsWith(Window.Property(duration),55)">$NUMBER[9]$LOCALIZE[31403]$NUMBER[1]$VAR[ExtendedInfoMinutesVar]</value>
		<value condition="Skin.HasSetting(UseAlternativeDuration) + String.StartsWith(Window.Property(duration),56)">$NUMBER[9]$LOCALIZE[31403]$NUMBER[2]$VAR[ExtendedInfoMinutesVar]</value>
		<value condition="Skin.HasSetting(UseAlternativeDuration) + String.StartsWith(Window.Property(duration),57)">$NUMBER[9]$LOCALIZE[31403]$NUMBER[3]$VAR[ExtendedInfoMinutesVar]</value>
		<value condition="Skin.HasSetting(UseAlternativeDuration) + String.StartsWith(Window.Property(duration),58)">$NUMBER[9]$LOCALIZE[31403]$NUMBER[4]$VAR[ExtendedInfoMinutesVar]</value>
		<value condition="Skin.HasSetting(UseAlternativeDuration) + String.StartsWith(Window.Property(duration),59)">$NUMBER[9]$LOCALIZE[31403]$NUMBER[5]$VAR[ExtendedInfoMinutesVar]</value>
		<value condition="Skin.HasSetting(UseAlternativeDuration) + String.StartsWith(Window.Property(duration),60)">$NUMBER[10]$LOCALIZE[31403]$NUMBER[0]$VAR[ExtendedInfoMinutesVar]</value>
		<value condition="Skin.HasSetting(UseAlternativeDuration) + String.StartsWith(Window.Property(duration),61)">$NUMBER[10]$LOCALIZE[31403]$NUMBER[1]$VAR[ExtendedInfoMinutesVar]</value>
		<value condition="Skin.HasSetting(UseAlternativeDuration) + String.StartsWith(Window.Property(duration),62)">$NUMBER[10]$LOCALIZE[31403]$NUMBER[2]$VAR[ExtendedInfoMinutesVar]</value>
		<value condition="Skin.HasSetting(UseAlternativeDuration) + String.StartsWith(Window.Property(duration),63)">$NUMBER[10]$LOCALIZE[31403]$NUMBER[3]$VAR[ExtendedInfoMinutesVar]</value>
		<value condition="Skin.HasSetting(UseAlternativeDuration) + String.StartsWith(Window.Property(duration),64)">$NUMBER[10]$LOCALIZE[31403]$NUMBER[4]$VAR[ExtendedInfoMinutesVar]</value>
		<value condition="Skin.HasSetting(UseAlternativeDuration) + String.StartsWith(Window.Property(duration),65)">$NUMBER[10]$LOCALIZE[31403]$NUMBER[5]$VAR[ExtendedInfoMinutesVar]</value>
		<value condition="!String.IsEmpty(Window.Property(duration))">$INFO[Window.Property(duration)]</value>
	</variable>
	
	<variable name="ExtendedInfoLongDurationVar">
		<value condition="Integer.IsEqual(Window.Property(duration),1)">$INFO[Window.Property(duration),, $LOCALIZE[31158]]</value>
		<value condition="Integer.IsLessOrEqual(Window.Property(duration),59)">$INFO[Window.Property(duration),, $LOCALIZE[12391]]</value>
		<value condition="Skin.HasSetting(UseAlternativeDuration) + Integer.IsEqual(Window.Property(duration),60)">$NUMBER[1] $LOCALIZE[31159]</value>
		<value condition="Skin.HasSetting(UseAlternativeDuration) + Integer.IsEqual(Window.Property(duration),120)">$NUMBER[2] $LOCALIZE[12392]</value>
		<value condition="Skin.HasSetting(UseAlternativeDuration) + Integer.IsEqual(Window.Property(duration),180)">$NUMBER[3] $LOCALIZE[12392]</value>
		<value condition="Skin.HasSetting(UseAlternativeDuration) + Integer.IsEqual(Window.Property(duration),240)">$NUMBER[4] $LOCALIZE[12392]</value>
		<value condition="Skin.HasSetting(UseAlternativeDuration) + Integer.IsEqual(Window.Property(duration),300)">$NUMBER[5] $LOCALIZE[12392]</value>
		<value condition="Skin.HasSetting(UseAlternativeDuration) + Integer.IsEqual(Window.Property(duration),360)">$NUMBER[6] $LOCALIZE[12392]</value>
		<value condition="Skin.HasSetting(UseAlternativeDuration) + Integer.IsEqual(Window.Property(duration),420)">$NUMBER[7] $LOCALIZE[12392]</value>
		<value condition="Skin.HasSetting(UseAlternativeDuration) + Integer.IsEqual(Window.Property(duration),480)">$NUMBER[8] $LOCALIZE[12392]</value>
		<value condition="Skin.HasSetting(UseAlternativeDuration) + Integer.IsEqual(Window.Property(duration),540)">$NUMBER[9] $LOCALIZE[12392]</value>
		<value condition="Skin.HasSetting(UseAlternativeDuration) + Integer.IsEqual(Window.Property(duration),600)">$NUMBER[10] $LOCALIZE[12392]</value>
		<value condition="Skin.HasSetting(UseAlternativeDuration) + [Integer.IsLessOrEqual(Window.Property(duration),99) + String.IsEqual(Window.Property(duration),61)]">$NUMBER[1] $LOCALIZE[31159] $NUMBER[1] $LOCALIZE[31158]</value>
		<value condition="Skin.HasSetting(UseAlternativeDuration) + [Integer.IsLessOrEqual(Window.Property(duration),99) + String.StartsWith(Window.Property(duration),6)]">$NUMBER[1] $LOCALIZE[31159] $VAR[ExtendedInfoMinutesVar] $LOCALIZE[12391]</value>
		<value condition="Skin.HasSetting(UseAlternativeDuration) + [Integer.IsLessOrEqual(Window.Property(duration),99) + String.StartsWith(Window.Property(duration),7)]">$NUMBER[1] $LOCALIZE[31159] $NUMBER[1]$VAR[ExtendedInfoMinutesVar] $LOCALIZE[12391]</value>
		<value condition="Skin.HasSetting(UseAlternativeDuration) + [Integer.IsLessOrEqual(Window.Property(duration),99) + String.StartsWith(Window.Property(duration),8)]">$NUMBER[1] $LOCALIZE[31159] $NUMBER[2]$VAR[ExtendedInfoMinutesVar] $LOCALIZE[12391]</value>
		<value condition="Skin.HasSetting(UseAlternativeDuration) + [Integer.IsLessOrEqual(Window.Property(duration),99) + String.StartsWith(Window.Property(duration),9)]">$NUMBER[1] $LOCALIZE[31159] $NUMBER[3]$VAR[ExtendedInfoMinutesVar] $LOCALIZE[12391]</value>
		<value condition="Skin.HasSetting(UseAlternativeDuration) + String.StartsWith(Window.Property(duration),10)">$NUMBER[1] $LOCALIZE[31159] $NUMBER[4]$VAR[ExtendedInfoMinutesVar] $LOCALIZE[12391]</value>
		<value condition="Skin.HasSetting(UseAlternativeDuration) + String.StartsWith(Window.Property(duration),11)">$NUMBER[1] $LOCALIZE[31159] $NUMBER[5]$VAR[ExtendedInfoMinutesVar] $LOCALIZE[12391]</value>
		<value condition="Skin.HasSetting(UseAlternativeDuration) + String.IsEqual(Window.Property(duration),121)">$NUMBER[2] $LOCALIZE[12392] $NUMBER[1] $LOCALIZE[31158]</value>
		<value condition="Skin.HasSetting(UseAlternativeDuration) + String.StartsWith(Window.Property(duration),12)">$NUMBER[2] $LOCALIZE[12392] $VAR[ExtendedInfoMinutesVar] $LOCALIZE[12391]</value>
		<value condition="Skin.HasSetting(UseAlternativeDuration) + String.StartsWith(Window.Property(duration),13)">$NUMBER[2] $LOCALIZE[12392] $NUMBER[1]$VAR[ExtendedInfoMinutesVar] $LOCALIZE[12391]</value>
		<value condition="Skin.HasSetting(UseAlternativeDuration) + String.StartsWith(Window.Property(duration),14)">$NUMBER[2] $LOCALIZE[12392] $NUMBER[2]$VAR[ExtendedInfoMinutesVar] $LOCALIZE[12391]</value>
		<value condition="Skin.HasSetting(UseAlternativeDuration) + String.StartsWith(Window.Property(duration),15)">$NUMBER[2] $LOCALIZE[12392] $NUMBER[3]$VAR[ExtendedInfoMinutesVar] $LOCALIZE[12391]</value>
		<value condition="Skin.HasSetting(UseAlternativeDuration) + String.StartsWith(Window.Property(duration),16)">$NUMBER[2] $LOCALIZE[12392] $NUMBER[4]$VAR[ExtendedInfoMinutesVar] $LOCALIZE[12391]</value>
		<value condition="Skin.HasSetting(UseAlternativeDuration) + String.StartsWith(Window.Property(duration),17)">$NUMBER[2] $LOCALIZE[12392] $NUMBER[5]$VAR[ExtendedInfoMinutesVar] $LOCALIZE[12391]</value>
		<value condition="Skin.HasSetting(UseAlternativeDuration) + String.IsEqual(Window.Property(duration),181)">$NUMBER[3] $LOCALIZE[12392] $NUMBER[1] $LOCALIZE[31158]</value>
		<value condition="Skin.HasSetting(UseAlternativeDuration) + String.StartsWith(Window.Property(duration),18)">$NUMBER[3] $LOCALIZE[12392] $VAR[ExtendedInfoMinutesVar] $LOCALIZE[12391]</value>
		<value condition="Skin.HasSetting(UseAlternativeDuration) + String.StartsWith(Window.Property(duration),19)">$NUMBER[3] $LOCALIZE[12392] $NUMBER[1]$VAR[ExtendedInfoMinutesVar] $LOCALIZE[12391]</value>
		<value condition="Skin.HasSetting(UseAlternativeDuration) + String.StartsWith(Window.Property(duration),20)">$NUMBER[3] $LOCALIZE[12392] $NUMBER[2]$VAR[ExtendedInfoMinutesVar] $LOCALIZE[12391]</value>
		<value condition="Skin.HasSetting(UseAlternativeDuration) + String.StartsWith(Window.Property(duration),21)">$NUMBER[3] $LOCALIZE[12392] $NUMBER[3]$VAR[ExtendedInfoMinutesVar] $LOCALIZE[12391]</value>
		<value condition="Skin.HasSetting(UseAlternativeDuration) + String.StartsWith(Window.Property(duration),22)">$NUMBER[3] $LOCALIZE[12392] $NUMBER[4]$VAR[ExtendedInfoMinutesVar] $LOCALIZE[12391]</value>
		<value condition="Skin.HasSetting(UseAlternativeDuration) + String.StartsWith(Window.Property(duration),23)">$NUMBER[3] $LOCALIZE[12392] $NUMBER[5]$VAR[ExtendedInfoMinutesVar] $LOCALIZE[12391]</value>
		<value condition="Skin.HasSetting(UseAlternativeDuration) + String.IsEqual(Window.Property(duration),241)">$NUMBER[4] $LOCALIZE[12392] $NUMBER[1] $LOCALIZE[31158]</value>
		<value condition="Skin.HasSetting(UseAlternativeDuration) + String.StartsWith(Window.Property(duration),24)">$NUMBER[4] $LOCALIZE[12392] $VAR[ExtendedInfoMinutesVar] $LOCALIZE[12391]</value>
		<value condition="Skin.HasSetting(UseAlternativeDuration) + String.StartsWith(Window.Property(duration),25)">$NUMBER[4] $LOCALIZE[12392] $NUMBER[1]$VAR[ExtendedInfoMinutesVar] $LOCALIZE[12391]</value>
		<value condition="Skin.HasSetting(UseAlternativeDuration) + String.StartsWith(Window.Property(duration),26)">$NUMBER[4] $LOCALIZE[12392] $NUMBER[2]$VAR[ExtendedInfoMinutesVar] $LOCALIZE[12391]</value>
		<value condition="Skin.HasSetting(UseAlternativeDuration) + String.StartsWith(Window.Property(duration),27)">$NUMBER[4] $LOCALIZE[12392] $NUMBER[3]$VAR[ExtendedInfoMinutesVar] $LOCALIZE[12391]</value>
		<value condition="Skin.HasSetting(UseAlternativeDuration) + String.StartsWith(Window.Property(duration),28)">$NUMBER[4] $LOCALIZE[12392] $NUMBER[4]$VAR[ExtendedInfoMinutesVar] $LOCALIZE[12391]</value>
		<value condition="Skin.HasSetting(UseAlternativeDuration) + String.StartsWith(Window.Property(duration),29)">$NUMBER[4] $LOCALIZE[12392] $NUMBER[5]$VAR[ExtendedInfoMinutesVar] $LOCALIZE[12391]</value>
		<value condition="Skin.HasSetting(UseAlternativeDuration) + String.IsEqual(Window.Property(duration),301)">$NUMBER[5] $LOCALIZE[12392] $NUMBER[1] $LOCALIZE[31158]</value>
		<value condition="Skin.HasSetting(UseAlternativeDuration) + String.StartsWith(Window.Property(duration),30)">$NUMBER[5] $LOCALIZE[12392] $VAR[ExtendedInfoMinutesVar] $LOCALIZE[12391]</value>
		<value condition="Skin.HasSetting(UseAlternativeDuration) + String.StartsWith(Window.Property(duration),31)">$NUMBER[5] $LOCALIZE[12392] $NUMBER[1]$VAR[ExtendedInfoMinutesVar] $LOCALIZE[12391]</value>
		<value condition="Skin.HasSetting(UseAlternativeDuration) + String.StartsWith(Window.Property(duration),32)">$NUMBER[5] $LOCALIZE[12392] $NUMBER[2]$VAR[ExtendedInfoMinutesVar] $LOCALIZE[12391]</value>
		<value condition="Skin.HasSetting(UseAlternativeDuration) + String.StartsWith(Window.Property(duration),33)">$NUMBER[5] $LOCALIZE[12392] $NUMBER[3]$VAR[ExtendedInfoMinutesVar] $LOCALIZE[12391]</value>
		<value condition="Skin.HasSetting(UseAlternativeDuration) + String.StartsWith(Window.Property(duration),34)">$NUMBER[5] $LOCALIZE[12392] $NUMBER[4]$VAR[ExtendedInfoMinutesVar] $LOCALIZE[12391]</value>
		<value condition="Skin.HasSetting(UseAlternativeDuration) + String.StartsWith(Window.Property(duration),35)">$NUMBER[5] $LOCALIZE[12392] $NUMBER[5]$VAR[ExtendedInfoMinutesVar] $LOCALIZE[12391]</value>
		<value condition="Skin.HasSetting(UseAlternativeDuration) + String.IsEqual(Window.Property(duration),361)">$NUMBER[6] $LOCALIZE[12392] $NUMBER[1] $LOCALIZE[31158]</value>
		<value condition="Skin.HasSetting(UseAlternativeDuration) + String.StartsWith(Window.Property(duration),36)">$NUMBER[6] $LOCALIZE[12392] $VAR[ExtendedInfoMinutesVar] $LOCALIZE[12391]</value>
		<value condition="Skin.HasSetting(UseAlternativeDuration) + String.StartsWith(Window.Property(duration),37)">$NUMBER[6] $LOCALIZE[12392] $NUMBER[1]$VAR[ExtendedInfoMinutesVar] $LOCALIZE[12391]</value>
		<value condition="Skin.HasSetting(UseAlternativeDuration) + String.StartsWith(Window.Property(duration),38)">$NUMBER[6] $LOCALIZE[12392] $NUMBER[2]$VAR[ExtendedInfoMinutesVar] $LOCALIZE[12391]</value>
		<value condition="Skin.HasSetting(UseAlternativeDuration) + String.StartsWith(Window.Property(duration),39)">$NUMBER[6] $LOCALIZE[12392] $NUMBER[3]$VAR[ExtendedInfoMinutesVar] $LOCALIZE[12391]</value>
		<value condition="Skin.HasSetting(UseAlternativeDuration) + String.StartsWith(Window.Property(duration),40)">$NUMBER[6] $LOCALIZE[12392] $NUMBER[4]$VAR[ExtendedInfoMinutesVar] $LOCALIZE[12391]</value>
		<value condition="Skin.HasSetting(UseAlternativeDuration) + String.StartsWith(Window.Property(duration),41)">$NUMBER[6] $LOCALIZE[12392] $NUMBER[5]$VAR[ExtendedInfoMinutesVar] $LOCALIZE[12391]</value>
		<value condition="Skin.HasSetting(UseAlternativeDuration) + String.IsEqual(Window.Property(duration),421)">$NUMBER[7] $LOCALIZE[12392] $NUMBER[1] $LOCALIZE[31158]</value>
		<value condition="Skin.HasSetting(UseAlternativeDuration) + String.StartsWith(Window.Property(duration),42)">$NUMBER[7] $LOCALIZE[12392] $VAR[ExtendedInfoMinutesVar] $LOCALIZE[12391]</value>
		<value condition="Skin.HasSetting(UseAlternativeDuration) + String.StartsWith(Window.Property(duration),43)">$NUMBER[7] $LOCALIZE[12392] $NUMBER[1]$VAR[ExtendedInfoMinutesVar] $LOCALIZE[12391]</value>
		<value condition="Skin.HasSetting(UseAlternativeDuration) + String.StartsWith(Window.Property(duration),44)">$NUMBER[7] $LOCALIZE[12392] $NUMBER[2]$VAR[ExtendedInfoMinutesVar] $LOCALIZE[12391]</value>
		<value condition="Skin.HasSetting(UseAlternativeDuration) + String.StartsWith(Window.Property(duration),45)">$NUMBER[7] $LOCALIZE[12392] $NUMBER[3]$VAR[ExtendedInfoMinutesVar] $LOCALIZE[12391]</value>
		<value condition="Skin.HasSetting(UseAlternativeDuration) + String.StartsWith(Window.Property(duration),46)">$NUMBER[7] $LOCALIZE[12392] $NUMBER[4]$VAR[ExtendedInfoMinutesVar] $LOCALIZE[12391]</value>
		<value condition="Skin.HasSetting(UseAlternativeDuration) + String.StartsWith(Window.Property(duration),47)">$NUMBER[7] $LOCALIZE[12392] $NUMBER[5]$VAR[ExtendedInfoMinutesVar] $LOCALIZE[12391]</value>
		<value condition="Skin.HasSetting(UseAlternativeDuration) + String.IsEqual(Window.Property(duration),481)">$NUMBER[8] $LOCALIZE[12392] $NUMBER[1] $LOCALIZE[31158]</value>
		<value condition="Skin.HasSetting(UseAlternativeDuration) + String.StartsWith(Window.Property(duration),48)">$NUMBER[8] $LOCALIZE[12392] $VAR[ExtendedInfoMinutesVar] $LOCALIZE[12391]</value>
		<value condition="Skin.HasSetting(UseAlternativeDuration) + String.StartsWith(Window.Property(duration),49)">$NUMBER[8] $LOCALIZE[12392] $NUMBER[1]$VAR[ExtendedInfoMinutesVar] $LOCALIZE[12391]</value>
		<value condition="Skin.HasSetting(UseAlternativeDuration) + String.StartsWith(Window.Property(duration),50)">$NUMBER[8] $LOCALIZE[12392] $NUMBER[2]$VAR[ExtendedInfoMinutesVar] $LOCALIZE[12391]</value>
		<value condition="Skin.HasSetting(UseAlternativeDuration) + String.StartsWith(Window.Property(duration),51)">$NUMBER[8] $LOCALIZE[12392] $NUMBER[3]$VAR[ExtendedInfoMinutesVar] $LOCALIZE[12391]</value>
		<value condition="Skin.HasSetting(UseAlternativeDuration) + String.StartsWith(Window.Property(duration),52)">$NUMBER[8] $LOCALIZE[12392] $NUMBER[4]$VAR[ExtendedInfoMinutesVar] $LOCALIZE[12391]</value>
		<value condition="Skin.HasSetting(UseAlternativeDuration) + String.StartsWith(Window.Property(duration),53)">$NUMBER[8] $LOCALIZE[12392] $NUMBER[5]$VAR[ExtendedInfoMinutesVar] $LOCALIZE[12391]</value>
		<value condition="Skin.HasSetting(UseAlternativeDuration) + String.IsEqual(Window.Property(duration),541)">$NUMBER[9] $LOCALIZE[12392] $NUMBER[1] $LOCALIZE[31158]</value>
		<value condition="Skin.HasSetting(UseAlternativeDuration) + String.StartsWith(Window.Property(duration),54)">$NUMBER[9] $LOCALIZE[12392] $VAR[ExtendedInfoMinutesVar] $LOCALIZE[12391]</value>
		<value condition="Skin.HasSetting(UseAlternativeDuration) + String.StartsWith(Window.Property(duration),55)">$NUMBER[9] $LOCALIZE[12392] $NUMBER[1]$VAR[ExtendedInfoMinutesVar] $LOCALIZE[12391]</value>
		<value condition="Skin.HasSetting(UseAlternativeDuration) + String.StartsWith(Window.Property(duration),56)">$NUMBER[9] $LOCALIZE[12392] $NUMBER[2]$VAR[ExtendedInfoMinutesVar] $LOCALIZE[12391]</value>
		<value condition="Skin.HasSetting(UseAlternativeDuration) + String.StartsWith(Window.Property(duration),57)">$NUMBER[9] $LOCALIZE[12392] $NUMBER[3]$VAR[ExtendedInfoMinutesVar] $LOCALIZE[12391]</value>
		<value condition="Skin.HasSetting(UseAlternativeDuration) + String.StartsWith(Window.Property(duration),58)">$NUMBER[9] $LOCALIZE[12392] $NUMBER[4]$VAR[ExtendedInfoMinutesVar] $LOCALIZE[12391]</value>
		<value condition="Skin.HasSetting(UseAlternativeDuration) + String.StartsWith(Window.Property(duration),59)">$NUMBER[9] $LOCALIZE[12392] $NUMBER[5]$VAR[ExtendedInfoMinutesVar] $LOCALIZE[12391]</value>
		<value condition="Skin.HasSetting(UseAlternativeDuration) + String.IsEqual(Window.Property(duration),601)">$NUMBER[10] $LOCALIZE[12392] $NUMBER[1] $LOCALIZE[31158]</value>
		<value condition="Skin.HasSetting(UseAlternativeDuration) + String.StartsWith(Window.Property(duration),60)">$NUMBER[10] $LOCALIZE[12392] $VAR[ExtendedInfoMinutesVar] $LOCALIZE[12391]</value>
		<value condition="Skin.HasSetting(UseAlternativeDuration) + String.StartsWith(Window.Property(duration),61)">$NUMBER[10] $LOCALIZE[12392] $NUMBER[1]$VAR[ExtendedInfoMinutesVar] $LOCALIZE[12391]</value>
		<value condition="Skin.HasSetting(UseAlternativeDuration) + String.StartsWith(Window.Property(duration),62)">$NUMBER[10] $LOCALIZE[12392] $NUMBER[2]$VAR[ExtendedInfoMinutesVar] $LOCALIZE[12391]</value>
		<value condition="Skin.HasSetting(UseAlternativeDuration) + String.StartsWith(Window.Property(duration),63)">$NUMBER[10] $LOCALIZE[12392] $NUMBER[3]$VAR[ExtendedInfoMinutesVar] $LOCALIZE[12391]</value>
		<value condition="Skin.HasSetting(UseAlternativeDuration) + String.StartsWith(Window.Property(duration),64)">$NUMBER[10] $LOCALIZE[12392] $NUMBER[4]$VAR[ExtendedInfoMinutesVar] $LOCALIZE[12391]</value>
		<value condition="Skin.HasSetting(UseAlternativeDuration) + String.StartsWith(Window.Property(duration),65)">$NUMBER[10] $LOCALIZE[12392] $NUMBER[5]$VAR[ExtendedInfoMinutesVar] $LOCALIZE[12391]</value>
		<value>$INFO[Window.Property(duration),, $LOCALIZE[12391]]</value>
	</variable>
	
	<variable name="ExtendedInfoThumb">
		<value condition="Skin.String(ExtendedInfo,2)">$INFO[Container(150).ListItem.Thumb]</value>
		<value condition="Skin.String(ExtendedInfo,3)">$INFO[Container(250).ListItem.Thumb]</value>
		<value condition="Skin.String(ExtendedInfo,4)">$INFO[Container(550).ListItem.Thumb]</value>
		<value condition="Skin.String(ExtendedInfo,5)">$INFO[Container(650).ListItem.Thumb]</value>
	</variable>
	
	<variable name="ExtendedInfoActorRole">
		<value condition="Skin.String(ExtendedInfo,2)">$ADDON[script.extendedinfo 32018]: [COLOR=MediaInfoItemColor2]$INFO[Container(150).ListItem.Property(Character)][/COLOR]</value>
		<value condition="Skin.String(ExtendedInfo,3)">$ADDON[script.extendedinfo 32018]: [COLOR=MediaInfoItemColor2]$INFO[Container(250).ListItem.Property(Character)][/COLOR]</value>
		<value condition="Skin.String(ExtendedInfo,4)">$ADDON[script.extendedinfo 32019]: [COLOR=MediaInfoItemColor2]$INFO[Container(550).ListItem.Property(Job)][/COLOR]</value>
		<value condition="Skin.String(ExtendedInfo,5)">$ADDON[script.extendedinfo 32019]: [COLOR=MediaInfoItemColor2]$INFO[Container(650).ListItem.Property(Job)][/COLOR]</value>
	</variable>
	
	<variable name="ExtendedInfoWatchedPartial">
		<value condition="Integer.IsLessOrEqual(Window.Property(PercentPlayed),15)">watched/watched-10pct.png</value>
		<value condition="Integer.IsLessOrEqual(Window.Property(PercentPlayed),25)">watched/watched-20pct.png</value>
		<value condition="Integer.IsLessOrEqual(Window.Property(PercentPlayed),35)">watched/watched-30pct.png</value>
		<value condition="Integer.IsLessOrEqual(Window.Property(PercentPlayed),45)">watched/watched-40pct.png</value>
		<value condition="Integer.IsLessOrEqual(Window.Property(PercentPlayed),55)">watched/watched-50pct.png</value>
		<value condition="Integer.IsLessOrEqual(Window.Property(PercentPlayed),65)">watched/watched-60pct.png</value>
		<value condition="Integer.IsLessOrEqual(Window.Property(PercentPlayed),75)">watched/watched-70pct.png</value>
		<value condition="Integer.IsLessOrEqual(Window.Property(PercentPlayed),85)">watched/watched-80pct.png</value>
		<value condition="Integer.IsGreater(Window.Property(PercentPlayed),85)">watched/watched-90pct.png</value>
	</variable>
	
	<variable name="ExtendedInfoContainer901Label">
        <value condition="String.IsEqual(Window.Property(type),season)">$INFO[Window.Property(TVShowTitle)]</value>
        <value condition="String.IsEqual(Window.Property(type),episode)">$INFO[Window.Property(season),$LOCALIZE[20373] ,]$INFO[Window.Property(episode), $LOCALIZE[20359] ,]</value>
        <value>$INFO[Window.Property(Genre)]</value>
    </variable>
	
	<variable name="ExtendedInfoDescription">
        <value condition="String.IsEqual(Window.Property(type),episode)">$INFO[Window.Property(Description)]</value>
        <value>$INFO[Window.Property(Plot)]</value>
    </variable>
	
	<variable name="ExtendedInfoContainer250Label">
        <value condition="String.IsEmpty(Window.Property(set.label))">$LOCALIZE[33054]</value>
        <value condition="!String.IsEmpty(Window.Property(set.label))">$LOCALIZE[20457]</value>
    </variable>
	
	<variable name="ExtendedInfoContainer250Label2">
        <value condition="String.IsEmpty(Window.Property(set.label))">$INFO[Container(250).NumItems,, $LOCALIZE[33054]]</value>
        <value condition="!String.IsEmpty(Window.Property(set.label))">$INFO[Window.Property(set.label)]$INFO[Container(250).NumItems, (, $LOCALIZE[342])]</value>
    </variable>
	
	<variable name="DialogMusicInfoEmptyExtendedInfo">
        <value condition="Skin.String(MusicInfoMenubar,MostLovedTracks) + String.IsEmpty(Container(966).ListItem.Label)">$LOCALIZE[31091]</value>
        <value condition="Skin.String(MusicInfoMenubar,SimilarArtists) + String.IsEmpty(Container(967).ListItem.Label)">$LOCALIZE[31094]</value>
        <value condition="Skin.String(MusicInfoMenubar,Discography) + String.IsEmpty(Container(968).ListItem.Label)">$LOCALIZE[31099]</value>
    </variable>
	
	<variable name="ExtraVideoInfoLabel">
		<value condition="String.IsEqual(ListItem.DBTYPE,movie) | String.IsEqual(ListItem.DBTYPE,set)">$LOCALIZE[31616]</value>
		<value condition="String.IsEqual(ListItem.DBTYPE,tvshow)">$LOCALIZE[31617]</value>
		<value condition="String.IsEqual(ListItem.DBTYPE,season)">$LOCALIZE[31618]</value>
		<value>$LOCALIZE[31038]</value>
	</variable>
	
	<variable name="SimilarVideos">
		<value condition="String.IsEqual(ListItem.DBTYPE,movie) | String.IsEqual(ListItem.DBTYPE,set)">plugin://script.extendedinfo?info=similarmovies&amp;&amp;imdb_id=$INFO[ListItem.IMDBNumber]&amp;&amp;dbid=$INFO[ListItem.DBID]</value>
		<value condition="String.IsEqual(ListItem.DBTYPE,tvshow)">plugin://script.extendedinfo?info=similartvshows&amp;&amp;name=$INFO[ListItem.Title]</value>
	</variable>
	
	<variable name="SimilarVideosLabel">
		<value condition="String.IsEqual(ListItem.DBTYPE,movie) | String.IsEqual(ListItem.DBTYPE,set)">$LOCALIZE[31614]</value>
		<value condition="String.IsEqual(ListItem.DBTYPE,tvshow)">$LOCALIZE[31615]</value>
	</variable>
	
	<variable name="ExtendedInfoDialogVideoInfoLabel">
		<value condition="String.Contains(Window.Property(type),movie)">$LOCALIZE[20338]</value>
		<value condition="String.Contains(Window.Property(type),tvshow)">$LOCALIZE[20364]</value>
		<value condition="String.Contains(Window.Property(type),episode)">$LOCALIZE[20359]</value>
		<value condition="String.Contains(Window.Property(type),season)">$LOCALIZE[20373]</value>
	</variable>
	
	<variable name="ExtendedInfoYoutubeActualIcon">
		<value condition="String.IsEqual(Window.Property(type),video)">DefaultVideo.png</value>
		<value condition="String.IsEqual(Window.Property(type),playlist)">DefaultPlaylist.png</value>
		<value condition="String.IsEqual(Window.Property(type),channel)">DefaultTVShows.png</value>
	</variable>
	
	<variable name="ExtendedInfoYoutubeVideoQualityFocus">
		<value condition="String.IsEqual(ListItem.Property(definition),hd)">OverlayHDAlt.png</value>
		<value condition="String.IsEqual(ListItem.Property(definition),sd)">OverlaySDAlt.png</value>
		<value>DefaultTVShows.png.png</value>
	</variable>
	
	<variable name="ExtendedInfoYoutubeVideoQualityUnfocus">
		<value condition="String.IsEqual(ListItem.Property(definition),hd)">OverlayHD.png</value>
		<value condition="String.IsEqual(ListItem.Property(definition),sd)">OverlaySD.png</value>
		<value>DefaultTVShows.png.png</value>
	</variable>
	
	<!--
	<include name="ExtendedInfoVideoInfoStudioMediaFlag">
		<control type="group">
			<visible>!String.IsEmpty(Window.Property(Studio))</visible>
			
			<control type="image" id="690">
				<left>246</left>
				<top>650</top>
				<width>58</width>
				<height>35</height>
				<texture border="6">flagging/$VAR[MediaFlagTheme]/flag-bg.png</texture>
				<include>MediaFlagFadeAnim</include>
				<visible>!String.IsEmpty(Control.GetLabel(691))</visible>
			</control>
					
			<control type="image" id="691">
				<description>Studio Flag</description>
				<left>245</left>
				<top>649</top>
				<width>60</width>
				<height>37</height>
				<aspectratio align="center">keep</aspectratio>
				<texture>resource://resource.images.studios.white/$INFO[Window.Property(Studio)].png</texture>
				<animation effect="fade" end="50" condition="true">Conditional</animation>
			</control>
		</control>
	</include>
	-->
	
	<include name="ExtendedInfoVideoSourceMediaFlags">
		<control type="image" id="600">
			<description>Blu-ray</description>
			<width>49</width>
			<height>35</height>
			<aspectratio>stretch</aspectratio>
			<texture>flagging/$VAR[MediaFlagTheme]/video/bluray.png</texture>
			<visible>String.Contains(Window.Property(FilenameAndPath),bluray) | String.Contains(Window.Property(FilenameAndPath),blu-ray) | String.Contains(Window.Property(FilenameAndPath),brrip) | String.Contains(Window.Property(FilenameAndPath),bd25) | String.Contains(Window.Property(FilenameAndPath),bd50)</visible>
		</control>
		<control type="image" id="694">
			<description>Web-DL</description>
			<width>49</width>
			<height>35</height>
			<aspectratio>stretch</aspectratio>
			<texture>flagging/$VAR[MediaFlagTheme]/video/web-dl.png</texture>
			<visible>[String.Contains(Window.Property(FilenameAndPath),web-dl) | String.Contains(Window.Property(FilenameAndPath),web-download)] + ![String.Contains(Window.Property(VideoCodec),vp8) | String.Contains(Window.Property(VideoCodec),vp9)]</visible>
		</control>
		<control type="image" id="601">
			<description>3D</description>
			<width>65</width>
			<height>35</height>
			<aspectratio>stretch</aspectratio>
			<texture>flagging/$VAR[MediaFlagTheme]/video/3d.png</texture>
			<visible>String.Contains(Window.Property(FilenameAndPath),.3d.) | String.Contains(Window.Property(FilenameAndPath),hsbs) | String.Contains(Window.Property(FilenameAndPath),sbs) | String.Contains(Window.Property(FilenameAndPath),half-sbs)</visible>
		</control>
		<control type="image" id="602">
			<description>HDDVD</description>
			<width>82</width>
			<height>35</height>
			<aspectratio>stretch</aspectratio>
			<texture>flagging/$VAR[MediaFlagTheme]/video/hddvd.png</texture>
			<visible>String.Contains(Window.Property(FilenameAndPath),hddvd) | String.Contains(Window.Property(FilenameAndPath),hd-dvd)</visible>
		</control>
		<control type="image" id="718">
			<description>DVD</description>
			<width>55</width>
			<height>35</height>
			<aspectratio>stretch</aspectratio>
			<texture>flagging/$VAR[MediaFlagTheme]/video/dvd.png</texture>
			<visible>[String.EndsWith(Window.Property(FilenameAndPath),.iso) | String.EndsWith(Window.Property(FilenameAndPath),.img) | String.Contains(Window.Property(FilenameAndPath),dvd) | String.EndsWith(Window.Property(FilenameAndPath),.ifo) | String.EndsWith(Window.Property(FilenameAndPath),.vob) | String.Contains(Window.Property(FilenameAndPath),dvdrip) | String.Contains(Window.Property(FilenameAndPath),dvdr5) | String.Contains(Window.Property(FilenameAndPath),.r5) | String.Contains(Window.Property(FilenameAndPath),dvdscreener) | String.Contains(Window.Property(FilenameAndPath),dvdscr) | String.Contains(Window.Property(FilenameAndPath),screener)] + ![String.Contains(Window.Property(FilenameAndPath),hddvd) | String.Contains(Window.Property(FilenameAndPath),hd-dvd)]</visible>
		</control>
		<control type="image" id="603">
			<description>HDTV</description>
			<width>74</width>
			<height>35</height>
			<aspectratio>stretch</aspectratio>
			<texture>flagging/$VAR[MediaFlagTheme]/video/hdtv.png</texture>
			<visible>String.Contains(Window.Property(FilenameAndPath),hdtv) | String.Contains(Window.Property(FilenameAndPath),hdrip)</visible>
		</control>
		<control type="image" id="604">
			<description>SDTV</description>
			<width>74</width>
			<height>35</height>
			<aspectratio>stretch</aspectratio>
			<texture>flagging/$VAR[MediaFlagTheme]/video/sdtv.png</texture>
			<visible>String.Contains(Window.Property(FilenameAndPath),PDTV) | String.Contains(Window.Property(FilenameAndPath),sdtv)</visible>
		</control>
		<control type="image" id="608">
			<description>Telesync</description>
			<width>41</width>
			<height>35</height>
			<aspectratio>stretch</aspectratio>
			<texture>flagging/$VAR[MediaFlagTheme]/video/film.png</texture>
			<visible>String.Contains(Window.Property(FilenameAndPath),.telesync) | String.Contains(Window.Property(FilenameAndPath),.ts.) | String.Contains(Window.Property(FilenameAndPath),.cam)</visible>
		</control>
		<control type="image" id="678">
			<description>VHS</description>
			<width>64</width>
			<height>35</height>
			<aspectratio>stretch</aspectratio>
			<texture>flagging/$VAR[MediaFlagTheme]/video/vhs.png</texture>
			<visible>String.Contains(Window.Property(FilenameAndPath),vhs)</visible>
		</control>
	</include>
	
	<include name="ExtendedInfoVideoCodecMediaFlags">
		<control type="image" id="610">
			<description>Xvid Codec</description>
			<width>57</width>
			<height>35</height>
			<aspectratio>stretch</aspectratio>
			<texture>flagging/$VAR[MediaFlagTheme]/video/xvid.png</texture>
			<!--<fadetime>MediaFlagsCrossfadeTime</fadetime>-->
			<visible>String.Contains(Window.Property(VideoCodec),xvid)</visible>
		</control>
		<control type="image" id="611">
			<description>Divx Codec</description>
			<width>67</width>
			<height>35</height>
			<aspectratio>stretch</aspectratio>
			<texture>flagging/$VAR[MediaFlagTheme]/video/divx.png</texture>
			<!--<fadetime>MediaFlagsCrossfadeTime</fadetime>-->
			<visible>String.Contains(Window.Property(VideoCodec),divx) | String.Contains(Window.Property(VideoCodec),div2) | String.Contains(Window.Property(VideoCodec),div3) | String.Contains(Window.Property(VideoCodec),div4) | String.Contains(Window.Property(VideoCodec),divx 4) | String.Contains(Window.Property(VideoCodec),div5) | String.Contains(Window.Property(VideoCodec),dx50)</visible>
		</control>
		<control type="image" id="612">
			<description>H264 Codec</description>
			<width>61</width>
			<height>35</height>
			<aspectratio>stretch</aspectratio>
			<texture>flagging/$VAR[MediaFlagTheme]/video/h264.png</texture>
			<!--<fadetime>MediaFlagsCrossfadeTime</fadetime>-->
			<visible>String.Contains(Window.Property(VideoCodec),h264) | String.Contains(Window.Property(VideoCodec),x264) | String.Contains(Window.Property(VideoCodec),hdmv)</visible>
		</control>
		<control type="image" id="698">
			<description>H265 Codec</description>
			<width>61</width>
			<height>35</height>
			<aspectratio>stretch</aspectratio>
			<texture>flagging/$VAR[MediaFlagTheme]/video/hevc.png</texture>
			<!--<fadetime>MediaFlagsCrossfadeTime</fadetime>-->
			<visible>String.Contains(Window.Property(VideoCodec),hevc) | String.Contains(Window.Property(VideoCodec),hev1) | String.Contains(Window.Property(VideoCodec),hvc1)</visible>
		</control>
		<control type="image" id="613">
			<description>AVC1 Codec</description>
			<width>61</width>
			<height>35</height>
			<aspectratio>stretch</aspectratio>
			<texture>flagging/$VAR[MediaFlagTheme]/video/avc1.png</texture>
			<!--<fadetime>MediaFlagsCrossfadeTime</fadetime>-->
			<visible>String.Contains(Window.Property(VideoCodec),avc1)</visible>
		</control>
		<control type="image" id="614">
			<description>WVC1 Codec</description>
			<width>80</width>
			<height>35</height>
			<aspectratio>stretch</aspectratio>
			<texture>flagging/$VAR[MediaFlagTheme]/video/wvc1.png</texture>
			<!--<fadetime>MediaFlagsCrossfadeTime</fadetime>-->
			<visible>String.Contains(Window.Property(VideoCodec),wvc1) | String.Contains(Window.Property(VideoCodec),vc-1)</visible>
		</control>
		<control type="image" id="680">
			<description>WMV Codec</description>
			<width>80</width>
			<height>35</height>
			<aspectratio>stretch</aspectratio>
			<texture>flagging/$VAR[MediaFlagTheme]/video/wmv.png</texture>
			<!--<fadetime>MediaFlagsCrossfadeTime</fadetime>-->
			<visible>String.Contains(Window.Property(VideoCodec),wmv) | String.Contains(Window.Property(VideoCodec),wmv2) | String.Contains(Window.Property(VideoCodec),wmv3)</visible>
		</control>
		<control type="image" id="615">
			<description>MPEG-1 Codec</description>
			<width>57</width>
			<height>35</height>
			<aspectratio>stretch</aspectratio>
			<texture>flagging/$VAR[MediaFlagTheme]/video/mpeg1video.png</texture>
			<!--<fadetime>MediaFlagsCrossfadeTime</fadetime>-->
			<visible>String.Contains(Window.Property(VideoCodec),mpeg1video)</visible>
		</control>
		<control type="image" id="616">
			<description>MPEG-2 Codec</description>
			<width>57</width>
			<height>35</height>
			<aspectratio>stretch</aspectratio>
			<texture>flagging/$VAR[MediaFlagTheme]/video/mpeg2video.png</texture>
			<!--<fadetime>MediaFlagsCrossfadeTime</fadetime>-->
			<visible>String.Contains(Window.Property(VideoCodec),mpeg2video) | String.Contains(Window.Property(VideoCodec),mpeg video) | String.Contains(Window.Property(VideoCodec),mpeg2)</visible>
		</control>
		<control type="image" id="617">
			<description>MPEG-4 Codec</description>
			<width>57</width>
			<height>35</height>
			<aspectratio>stretch</aspectratio>
			<texture>flagging/$VAR[MediaFlagTheme]/video/mpeg4video.png</texture>
			<!--<fadetime>MediaFlagsCrossfadeTime</fadetime>-->
			<visible>String.Contains(Window.Property(VideoCodec),mpeg-4 visual) | String.Contains(Window.Property(VideoCodec),mpg4) | String.Contains(Window.Property(VideoCodec),mp4v)</visible>
		</control>
		<control type="image" id="618">
			<description>Sorenson Video Codec</description>
			<width>36</width>
			<height>35</height>
			<aspectratio>stretch</aspectratio>
			<texture>flagging/$VAR[MediaFlagTheme]/video/svq3.png</texture>
			<!--<fadetime>MediaFlagsCrossfadeTime</fadetime>-->
			<visible>String.Contains(Window.Property(VideoCodec),svq1) | String.Contains(Window.Property(VideoCodec),svq3)</visible>
		</control>
		<control type="image" id="695">
			<description>VP8 and VP9 Video Codec</description>
			<width>36</width>
			<height>35</height>
			<aspectratio>stretch</aspectratio>
			<texture>flagging/$VAR[MediaFlagTheme]/video/vp8.png</texture>
			<!--<fadetime>MediaFlagsCrossfadeTime</fadetime>-->
			<visible>String.Contains(Window.Property(VideoCodec),vp8) | String.Contains(Window.Property(VideoCodec),vp9)</visible>
		</control>
		<control type="image" id="619">
			<description>Flash Video Codec</description>
			<width>22</width>
			<height>35</height>
			<aspectratio>stretch</aspectratio>
			<texture>flagging/$VAR[MediaFlagTheme]/video/flv.png</texture>
			<!--<fadetime>MediaFlagsCrossfadeTime</fadetime>-->
			<visible>String.Contains(Window.Property(VideoCodec),flv)</visible>
		</control>
		<control type="image" id="620">
			<description>Video Resolution</description>
			<left>-5</left>
			<width>48</width>
			<height>35</height>
			<aspectratio>stretch</aspectratio>
			<!--<fadetime>MediaFlagsCrossfadeTime</fadetime>-->
			<texture>flagging/$VAR[MediaFlagTheme]/video/$INFO[Window.Property(VideoResolution)].png</texture>
			<visible>!String.IsEmpty(Window.Property(VideoCodec)) + !Skin.HasSetting(HideVideoResMediaFlag)</visible>
		</control>
		<control type="image" id="621">
			<description>Right Border</description>
			<left>-5</left>
			<width>4</width>
			<height>35</height>
			<aspectratio>stretch</aspectratio>
			<!--<fadetime>MediaFlagsCrossfadeTime</fadetime>-->
			<texture>flagging/$VAR[MediaFlagTheme]/flag-right-border.png</texture>
			<visible>!String.IsEmpty(Window.Property(VideoCodec)) + Skin.HasSetting(HideVideoResMediaFlag)</visible>
		</control>
	</include>
	
	<variable name="ExtendedInfoDTSHDMediaFlag">
		<value condition="String.Contains(Window.Property(AudioCodec),dtshd_ma) + [String.Contains(Window.Property(FilenameAndPath),dtsx) | String.Contains(Window.Property(FilenameAndPath),dts-x)]">dtsx.png</value>
		<value condition="String.Contains(Window.Property(AudioCodec),dtshd_ma)">dtshd_ma.png</value>
		<value condition="String.Contains(Window.Property(AudioCodec),dtshd_hra)">dtshd_hra.png</value>
	</variable>
	
	<include name="ExtendedInfoAudioMediaFlags">
		<control type="image" id="622">
			<description>MP3 Codec</description>
			<width>55</width>
			<height>35</height>
			<aspectratio>stretch</aspectratio>
			<texture>flagging/$VAR[MediaFlagTheme]/audio/mp3.png</texture>
			<!--<fadetime>MediaFlagsCrossfadeTime</fadetime>-->
			<visible>String.Contains(Window.Property(AudioCodec),mp3)</visible>
		</control>
		<control type="image" id="623">
			<description>MP2 Codec</description>
			<width>53</width>
			<height>35</height>
			<aspectratio>stretch</aspectratio>
			<texture>flagging/$VAR[MediaFlagTheme]/audio/mp2.png</texture>
			<!--<fadetime>MediaFlagsCrossfadeTime</fadetime>-->
			<visible>String.Contains(Window.Property(AudioCodec),mp2)</visible>
		</control>
		<control type="image" id="624">
			<description>MP1 Codec</description>
			<width>53</width>
			<height>35</height>
			<aspectratio>stretch</aspectratio>
			<texture>flagging/$VAR[MediaFlagTheme]/audio/mp1.png</texture>
			<!--<fadetime>MediaFlagsCrossfadeTime</fadetime>-->
			<visible>String.Contains(Window.Property(AudioCodec),mp1)</visible>
		</control>
		<control type="image" id="700">
			<description>Opus Codec</description>
			<width>53</width>
			<height>35</height>
			<aspectratio>stretch</aspectratio>
			<texture>flagging/$VAR[MediaFlagTheme]/audio/opus.png</texture>
			<!--<fadetime>MediaFlagsCrossfadeTime</fadetime>-->
			<visible>String.Contains(Window.Property(AudioCodec),opus)</visible>
		</control>
		<control type="image" id="625">
			<description>DTS Codec</description>
			<width>50</width>
			<height>35</height>
			<aspectratio>stretch</aspectratio>
			<texture>flagging/$VAR[MediaFlagTheme]/audio/dts.png</texture>
			<!--<fadetime>MediaFlagsCrossfadeTime</fadetime>-->
			<visible>String.Contains(Window.Property(AudioCodec),dca) + ![String.Contains(Window.Property(FilenameAndPath),dtses) | String.Contains(Window.Property(FilenameAndPath),dts-es)]</visible>
		</control>
		<control type="image" id="740">
			<description>DTS-ES Codec</description>
			<width>66</width>
			<height>35</height>
			<aspectratio>stretch</aspectratio>
			<texture>flagging/$VAR[MediaFlagTheme]/audio/dtses.png</texture>
			<!--<fadetime>MediaFlagsCrossfadeTime</fadetime>-->
			<visible>String.Contains(Window.Property(AudioCodec),dca) + [String.Contains(Window.Property(FilenameAndPath),dtses) | String.Contains(Window.Property(FilenameAndPath),dts-es)]</visible>
		</control>
		<control type="image" id="682">
			<description>PCM Codec</description>
			<width>59</width>
			<height>35</height>
			<aspectratio>stretch</aspectratio>
			<texture>flagging/$VAR[MediaFlagTheme]/audio/pcm.png</texture>
			<!--<fadetime>MediaFlagsCrossfadeTime</fadetime>-->
			<visible>String.Contains(Window.Property(AudioCodec),pcm_s16be) | String.Contains(Window.Property(AudioCodec),pcm_s16le) | String.Contains(Window.Property(AudioCodec),pcm_u8) | String.Contains(Window.Property(AudioCodec),pcm_bluray)</visible>
		</control>
		<control type="image" id="626">
			<description>AAC Codec</description>
			<width>40</width>
			<height>35</height>
			<aspectratio>stretch</aspectratio>
			<texture>flagging/$VAR[MediaFlagTheme]/audio/aac.png</texture>
			<!--<fadetime>MediaFlagsCrossfadeTime</fadetime>-->
			<visible>String.Contains(Window.Property(AudioCodec),aac)</visible>
		</control>
		<control type="image" id="627">
			<description>Dolby Digital/AC3 Codec</description>
			<width>66</width>
			<height>35</height>
			<aspectratio>stretch</aspectratio>
			<texture>flagging/$VAR[MediaFlagTheme]/audio/dolbydigital.png</texture>
			<!--<fadetime>MediaFlagsCrossfadeTime</fadetime>-->
			<visible>[String.Contains(Window.Property(AudioCodec),ac3) | String.Contains(Window.Property(AudioCodec),ac-3)] + !String.Contains(Window.Property(AudioCodec),eac3)</visible>
		</control>
		<control type="image" id="688">
			<description>EAC3 Codec</description>
			<width>66</width>
			<height>35</height>
			<aspectratio>stretch</aspectratio>
			<texture>flagging/$VAR[MediaFlagTheme]/audio/eac3.png</texture>
			<!--<fadetime>MediaFlagsCrossfadeTime</fadetime>-->
			<visible>String.Contains(Window.Property(AudioCodec),eac3) + !String.Contains(Window.Property(FilenameAndPath),.atmos)</visible>
		</control>
		<control type="image" id="628">
			<description>TrueHD Codec</description>
			<width>60</width>
			<height>35</height>
			<aspectratio>stretch</aspectratio>
			<texture>flagging/$VAR[MediaFlagTheme]/audio/truehd.png</texture>
			<!--<fadetime>MediaFlagsCrossfadeTime</fadetime>-->
			<visible>String.Contains(Window.Property(AudioCodec),truehd) + !String.Contains(Window.Property(FilenameAndPath),.atmos)</visible>
		</control>
		<control type="image" id="722">
			<description>Atmos Codec</description>
			<width>66</width>
			<height>35</height>
			<aspectratio>stretch</aspectratio>
			<texture>flagging/$VAR[MediaFlagTheme]/audio/atmos.png</texture>
			<!--<fadetime>MediaFlagsCrossfadeTime</fadetime>-->
			<visible>[String.Contains(Window.Property(AudioCodec),eac3) | String.Contains(Window.Property(AudioCodec),truehd)] + String.Contains(Window.Property(FilenameAndPath),.atmos)</visible>
		</control>
		<control type="image" id="629">
			<description>WMA STD V2/WMA Codec</description>
			<width>80</width>
			<height>35</height>
			<aspectratio>stretch</aspectratio>
			<texture>flagging/$VAR[MediaFlagTheme]/audio/wma.png</texture>
			<!--<fadetime>MediaFlagsCrossfadeTime</fadetime>-->
			<visible>String.Contains(Window.Property(AudioCodec),wmav2) | String.Contains(Window.Property(AudioCodec),wma)</visible>
		</control>
		<control type="image" id="686">
			<description>WMA Pro Codec</description>
			<width>80</width>
			<height>35</height>
			<aspectratio>stretch</aspectratio>
			<texture>flagging/$VAR[MediaFlagTheme]/audio/wmapro.png</texture>
			<!--<fadetime>MediaFlagsCrossfadeTime</fadetime>-->
			<visible>String.Contains(Window.Property(AudioCodec),wmapro)</visible>
		</control>
		<control type="image" id="630">
			<description>FLAC Codec</description>
			<width>48</width>
			<height>35</height>
			<aspectratio>stretch</aspectratio>
			<texture>flagging/$VAR[MediaFlagTheme]/audio/flac.png</texture>
			<!--<fadetime>MediaFlagsCrossfadeTime</fadetime>-->
			<visible>String.Contains(Window.Property(AudioCodec),flac)</visible>
		</control>
		<control type="image" id="631">
			<description>Vorbis Codec</description>
			<width>42</width>
			<height>35</height>
			<aspectratio>stretch</aspectratio>
			<texture>flagging/$VAR[MediaFlagTheme]/audio/vorbis.png</texture>
			<!--<fadetime>MediaFlagsCrossfadeTime</fadetime>-->
			<visible>String.Contains(Window.Property(AudioCodec),vorbis)</visible>
		</control>
		<control type="image" id="684">
			<description>OGG Codec</description>
			<width>42</width>
			<height>35</height>
			<aspectratio>stretch</aspectratio>
			<texture>flagging/$VAR[MediaFlagTheme]/audio/ogg.png</texture>
			<!--<fadetime>MediaFlagsCrossfadeTime</fadetime>-->
			<visible>String.Contains(Window.Property(AudioCodec),ogg)</visible>
		</control>
		<control type="image" id="632">
			<description>DTS-HD Codec</description>
			<width>66</width>
			<height>35</height>
			<aspectratio>stretch</aspectratio>
			<texture>flagging/$VAR[MediaFlagTheme]/audio/$VAR[ExtendedInfoDTSHDMediaFlag]</texture>
			<!--<fadetime>MediaFlagsCrossfadeTime</fadetime>-->
			<visible>String.Contains(Window.Property(AudioCodec),dtshd_ma) | String.Contains(Window.Property(AudioCodec),dtshd_hra)</visible>
		</control>
		<control type="image" id="634">
			<description>Audio Channels</description>
			<left>-5</left>
			<width>43</width>
			<height>35</height>
			<aspectratio>stretch</aspectratio>
			<texture>flagging/$VAR[MediaFlagTheme]/audio/$INFO[Window.Property(AudioChannels)].png</texture>
			<!--<fadetime>MediaFlagsCrossfadeTime</fadetime>-->
			<visible>!String.IsEmpty(Window.Property(AudioCodec))</visible>
		</control>
	</include>
	
	<include name="ExtendedInfoAspectMediaFlags">
		<control type="image" id="633">
			<description>Aspect Ratio</description>
			<width>50</width>
			<height>35</height>
			<aspectratio>stretch</aspectratio>
			<texture>flagging/$VAR[MediaFlagTheme]/aspectratio/$INFO[Window.Property(VideoAspect)].png</texture>
			<!--<fadetime>MediaFlagsCrossfadeTime</fadetime>-->
			<visible>!String.IsEmpty(Window.Property(VideoAspect)) + !Skin.HasSetting(HideAspectRatioMediaFlag)</visible>
		</control>
	</include>
	
	<include name="ExtendedInfoRatingMediaFlags">
		<control type="image" id="634">
			<description>Rated General</description>
			<width>26</width>
			<height>35</height>
			<aspectratio>stretch</aspectratio>
			<texture>flagging/$VAR[MediaFlagTheme]/ratings/mpaa-general.png</texture>
			<visible>String.IsEqual(Window.Property(mpaa),G)</visible>
		</control>
		<control type="image" id="635">
			<description>Rated PG</description>
			<width>40</width>
			<height>35</height>
			<aspectratio>stretch</aspectratio>
			<texture>flagging/$VAR[MediaFlagTheme]/ratings/mpaa-pg.png</texture>
			<visible>String.IsEqual(Window.Property(mpaa),PG)</visible>
		</control>
		<control type="image" id="636">
			<description>Rated PG-13</description>
			<width>63</width>
			<height>35</height>
			<aspectratio>stretch</aspectratio>
			<texture>flagging/$VAR[MediaFlagTheme]/ratings/mpaa-pg13.png</texture>
			<visible>String.IsEqual(Window.Property(mpaa),PG-13)</visible>
		</control>
		<control type="image" id="637">
			<description>Rated R</description>
			<width>34</width>
			<height>35</height>
			<aspectratio>stretch</aspectratio>
			<texture>flagging/$VAR[MediaFlagTheme]/ratings/mpaa-restricted.png</texture>
			<visible>String.IsEqual(Window.Property(mpaa),R)</visible>
		</control>
		<control type="image" id="638">
			<description>Rated NC-17</description>
			<width>63</width>
			<height>35</height>
			<aspectratio>stretch</aspectratio>
			<texture>flagging/$VAR[MediaFlagTheme]/ratings/mpaa-nc17.png</texture>
			<visible>String.IsEqual(Window.Property(mpaa),NC-17)</visible>
		</control>
		<control type="image" id="702">
			<description>Rated UK U</description>
			<width>27</width>
			<height>35</height>
			<aspectratio>stretch</aspectratio>
			<texture>flagging/$VAR[MediaFlagTheme]/ratings/mpaa-uk-u.png</texture>
			<visible>String.IsEqual(Window.Property(mpaa),U)</visible>
		</control>
		<control type="image" id="703">
			<description>Rated UK PG</description>
			<width>36</width>
			<height>35</height>
			<aspectratio>stretch</aspectratio>
			<texture>flagging/$VAR[MediaFlagTheme]/ratings/mpaa-uk-pg.png</texture>
			<visible>String.Contains(Window.Property(mpaa),UK:PG)</visible>
		</control>
		<control type="image" id="704">
			<description>Rated UK 12</description>
			<width>32</width>
			<height>35</height>
			<aspectratio>stretch</aspectratio>
			<texture>flagging/$VAR[MediaFlagTheme]/ratings/mpaa-uk-12.png</texture>
			<visible>String.IsEqual(Window.Property(mpaa),12)</visible>
		</control>
		<control type="image" id="705">
			<description>Rated UK 12A</description>
			<width>43</width>
			<height>35</height>
			<aspectratio>stretch</aspectratio>
			<texture>flagging/$VAR[MediaFlagTheme]/ratings/mpaa-uk-12a.png</texture>
			<visible>String.IsEqual(Window.Property(mpaa),12a)</visible>
		</control>
		<control type="image" id="706">
			<description>Rated UK 15</description>
			<width>32</width>
			<height>35</height>
			<aspectratio>stretch</aspectratio>
			<texture>flagging/$VAR[MediaFlagTheme]/ratings/mpaa-uk-15.png</texture>
			<visible>String.IsEqual(Window.Property(mpaa),15)</visible>
		</control>
		<control type="image" id="707">
			<description>Rated UK 18</description>
			<width>32</width>
			<height>35</height>
			<aspectratio>stretch</aspectratio>
			<texture>flagging/$VAR[MediaFlagTheme]/ratings/mpaa-uk-18.png</texture>
			<visible>String.IsEqual(Window.Property(mpaa),18)</visible>
		</control>
		<control type="image" id="708">
			<description>Rated UK R18</description>
			<width>43</width>
			<height>35</height>
			<aspectratio>stretch</aspectratio>
			<texture>flagging/$VAR[MediaFlagTheme]/ratings/mpaa-uk-r18.png</texture>
			<visible>String.IsEqual(Window.Property(mpaa),R18)</visible>
		</control>
		<control type="image" id="738">
			<description>Unrated</description>
			<width>44</width>
			<height>35</height>
			<aspectratio>stretch</aspectratio>
			<texture>flagging/$VAR[MediaFlagTheme]/ratings/unrated.png</texture>
			<visible>String.Contains(Window.Property(FilenameAndPath),.unrated)</visible>
		</control>
		<control type="image" id="739">
			<description>No Rating</description>
			<width>44</width>
			<height>35</height>
			<aspectratio>stretch</aspectratio>
			<texture>flagging/$VAR[MediaFlagTheme]/ratings/no-rating.png</texture>
			<visible>[String.IsEqual(Window.Property(mpaa),NR) | [String.IsEmpty(Window.Property(mpaa)) + !String.IsEqual(Window.Property(type),tvshow) + !String.IsEqual(Window.Property(type),season)]] + !String.Contains(Window.Property(FilenameAndPath),.unrated)</visible>
		</control>
	</include>
	<!-- END Extended Info -->
	
	<!-- Upnext -->
	<variable name="UpnextInfoPlayButton">
        <value condition="Integer.IsLessOrEqual(Player.TimeRemaining(ss),30)">$INFO[Player.TimeRemaining(ss),gui/play/,.png]</value>
        <value>gui/play/30.png</value>
    </variable>
	
	<variable name="UpnextEpisodeNumber">
		<value condition="Integer.IsLessOrEqual(Window.Property(season),9) + Integer.IsLessOrEqual(Window.Property(episode),9)">$INFO[Window.Property(season),S0,]$INFO[Window.Property(episode),E0,]</value> 
		<value condition="Integer.IsLessOrEqual(Window.Property(season),9)">$INFO[Window.Property(season),S0,]$INFO[Window.Property(episode),E,]</value> 
		<value condition="Integer.IsLessOrEqual(Window.Property(episode),9)">$INFO[Window.Property(season),S,]$INFO[Window.Property(episode),E0,]</value> 
		<value>$INFO[Window.Property(season),S,]$INFO[Window.Property(episode),E,]</value>
	</variable>
	<!-- END Next Up Notification -->
	
	<!-- Skin Helper Service -->
	<variable name="SkinHelperDurationVar">
		<value condition="Skin.HasSetting(UseAlternativeDuration) + Integer.IsGreater(Window(home).Property(SkinHelper.ListItem.Runtime),59) + Integer.IsLess(Window(home).Property(SkinHelper.ListItem.Duration.Minutes),10)">$INFO[Window(Home).Property(SkinHelper.ListItem.Duration.Hours)]$LOCALIZE[31403]$INFO[Window(Home).Property(SkinHelper.ListItem.Duration.Minutes),$NUMBER[0],]</value>
		<value condition="Skin.HasSetting(UseAlternativeDuration) + Integer.IsGreater(Window(home).Property(SkinHelper.ListItem.Runtime),59)">$INFO[Window(Home).Property(SkinHelper.ListItem.Duration.Hours)]$LOCALIZE[31403]$INFO[Window(Home).Property(SkinHelper.ListItem.Duration.Minutes)]</value>
		<value>$INFO[Window(home).Property(SkinHelper.ListItem.Runtime)]</value>
	</variable>
	
	<variable name="SkinHelperLongDurationVar">
		<value condition="Integer.IsEqual(Window(home).Property(SkinHelper.ListItem.Runtime),01)">$INFO[Window(Home).Property(SkinHelper.ListItem.Duration.Minutes),, $LOCALIZE[31158]]</value>
		<value condition="Skin.HasSetting(UseAlternativeDuration) + Integer.IsEqual(Window(home).Property(SkinHelper.ListItem.Runtime),60)">$INFO[Window(Home).Property(SkinHelper.ListItem.Duration.Hours),, $LOCALIZE[31159]]</value>
		<value condition="Skin.HasSetting(UseAlternativeDuration) + String.IsEmpty(Window(Home).Property(SkinHelper.ListItem.Duration.Minutes))">$INFO[Window(Home).Property(SkinHelper.ListItem.Duration.Hours),, $LOCALIZE[12392]]</value>
		<value condition="Skin.HasSetting(UseAlternativeDuration) + Integer.IsEqual(Window(Home).Property(SkinHelper.ListItem.Duration.Hours),1) + Integer.IsEqual(Window(Home).Property(SkinHelper.ListItem.Duration.Minutes),1)">$INFO[Window(Home).Property(SkinHelper.ListItem.Duration.Hours),, $LOCALIZE[31159]] $INFO[Window(Home).Property(SkinHelper.ListItem.Duration.Minutes),, $LOCALIZE[31158]]</value>
		<value condition="Skin.HasSetting(UseAlternativeDuration) + Integer.IsEqual(Window(Home).Property(SkinHelper.ListItem.Duration.Hours),1)">$INFO[Window(Home).Property(SkinHelper.ListItem.Duration.Hours)] hour $INFO[Window(Home).Property(SkinHelper.ListItem.Duration.Minutes),, $LOCALIZE[12391]]</value>
		<value condition="Skin.HasSetting(UseAlternativeDuration) + Integer.IsEqual(Window(Home).Property(SkinHelper.ListItem.Duration.Minutes),1) + !String.IsEmpty(Window(Home).Property(SkinHelper.ListItem.Duration.Hours))">$INFO[Window(Home).Property(SkinHelper.ListItem.Duration.Hours),, $LOCALIZE[12392]] $INFO[Window(Home).Property(SkinHelper.ListItem.Duration.Minutes),, $LOCALIZE[31158]]</value>
		<value condition="Skin.HasSetting(UseAlternativeDuration) + !String.IsEmpty(Window(Home).Property(SkinHelper.ListItem.Duration.Hours))">$INFO[Window(Home).Property(SkinHelper.ListItem.Duration.Hours),, $LOCALIZE[12392]] $INFO[Window(Home).Property(SkinHelper.ListItem.Duration.Minutes),, $LOCALIZE[12391]]</value>
		<value>$INFO[Window(home).Property(SkinHelper.ListItem.Runtime),, $LOCALIZE[12391]]</value>
	</variable>
	
	<variable name="SplashScreenImageDuration">
		<value condition="!String.IsEmpty(Skin.String(SplashScreenImageDuration))">$INFO[Skin.String(SplashScreenImageDuration)]</value>
		<value>5</value>
	</variable>
	
	<variable name="MovieSetPlot">
		<value condition="!String.IsEmpty(Window(home).Property(SkinHelper.ListItem.ExtendedPlot))">$INFO[Window(home).Property(SkinHelper.ListItem.ExtendedPlot)]</value>
		<value>$INFO[Window(home).Property(SkinHelper.ListItem.ExtendedPlots)]</value>
	</variable>
	<!-- END Skin Helper Service -->
	
	<!-- Weather Icons add-on -->
	<variable name="WeatherIconsAddonVar">
        <value condition="!String.IsEmpty(Skin.String(WeatherIconsAddon.path))">$INFO[Skin.String(WeatherIconsAddon.path)]</value>
        <value>resource://resource.images.weathericons.default/</value>
    </variable>
	
	<variable name="WeatherIconsAddonNameVar">
        <value condition="!String.IsEmpty(Skin.String(WeatherIconsAddon.name))">$INFO[Skin.String(WeatherIconsAddon.name)]</value>
        <value>$LOCALIZE[571]</value>
    </variable>
	<!-- END Weather Icons add-on -->
	
	<!-- Movie Genre Icons add-on -->
	<variable name="MovieGenreIconsAddonVar">
		<value condition="String.IsEqual(Skin.String(MovieGenreIconsAddon.ext),.png)">$INFO[Skin.String(MovieGenreIconsAddon.path)]$INFO[ListItem.Label,,.png]</value>
        <value condition="String.IsEqual(Skin.String(MovieGenreIconsAddon.ext),.jpg)">$INFO[Skin.String(MovieGenreIconsAddon.path)]$INFO[ListItem.Label,,.jpg]</value>
    </variable>
	
	<variable name="MovieGenreIconsAddonContainerVar">
        <value condition="Skin.String(MovieGenreIconsAddon.path,resource://resource.images.moviegenreicons.arctic.zephyr/)">resource://resource.images.moviegenreicons.arctic.zephyr/$INFO[ListItem.Label,,.png]</value>
        <value condition="Skin.String(MovieGenreIconsAddon.path,resource://resource.images.moviegenreicons.coloured/)">resource://resource.images.moviegenreicons.coloured/$INFO[ListItem.Label,,.jpg]</value>
        <value condition="Skin.String(MovieGenreIconsAddon.path,resource://resource.images.moviegenreicons.filmstrip/)">resource://resource.images.moviegenreicons.filmstrip/$INFO[ListItem.Label,,.jpg]</value>
        <value condition="Skin.String(MovieGenreIconsAddon.path,resource://resource.images.moviegenreicons.grey/)">resource://resource.images.moviegenreicons.grey/$INFO[ListItem.Label,,.jpg]</value>
        <value condition="Skin.String(MovieGenreIconsAddon.path,resource://resource.images.moviegenreicons.poster/)">resource://resource.images.moviegenreicons.poster/$INFO[ListItem.Label,,.jpg]</value>
        <value condition="Skin.String(MovieGenreIconsAddon.path,resource://resource.images.moviegenreicons.transparent/)">resource://resource.images.moviegenreicons.transparent/$INFO[ListItem.Label,,.png]</value>
        <value condition="Skin.String(MovieGenreIconsAddon.path,resource://resource.images.moviegenreicons.white/)">resource://resource.images.moviegenreicons.white/$INFO[ListItem.Label,,.jpg]</value>
        <value condition="Skin.String(MovieGenreIconsAddon.path,resource://resource.images.moviegenreicons.xzener-flat/)">resource://resource.images.moviegenreicons.xzener-flat/$INFO[ListItem.Label,,.png]</value>
        <value condition="Skin.String(MovieGenreIconsAddon.path,resource://resource.images.moviegenreicons.xzener-reflection/)">resource://resource.images.moviegenreicons.xzener-reflection/$INFO[ListItem.Label,,.png]</value>
    </variable>
	
	<variable name="MovieGenreIconsAddonNameVar">
        <value condition="!String.IsEmpty(Skin.String(MovieGenreIconsAddon.name))">$INFO[Skin.String(MovieGenreIconsAddon.name)]</value>
        <value>$LOCALIZE[1223]</value>
    </variable>
	<!-- END Movie Genre Icons add-on -->
	
	<!-- Music Genre Icons add-on -->
	<variable name="MusicGenreIconsAddonVar">
        <value condition="String.IsEqual(Skin.String(MusicGenreIconsAddon.ext),.jpg)">$INFO[Skin.String(MusicGenreIconsAddon.path)]$INFO[ListItem.Label,,.jpg]</value>
        <value condition="String.IsEqual(Skin.String(MusicGenreIconsAddon.ext),.png)">$INFO[Skin.String(MusicGenreIconsAddon.path)]$INFO[ListItem.Label,,.png]</value>
    </variable>
	
	<variable name="MusicGenreIconsAddonContainerVar">
        <value condition="Skin.String(MusicGenreIconsAddon.path,resource://resource.images.musicgenreicons.text/)">resource://resource.images.musicgenreicons.text/$INFO[ListItem.Label,,.jpg]</value>
        <value condition="Skin.String(MusicGenreIconsAddon.path,resource://resource.images.musicgenreicons.grey/)">resource://resource.images.musicgenreicons.grey/$INFO[ListItem.Label,,.jpg]</value>
        <value condition="Skin.String(MusicGenreIconsAddon.path,resource://resource.images.musicgenreicons.poster/)">resource://resource.images.musicgenreicons.poster/$INFO[ListItem.Label,,.jpg]</value>
    </variable>
	
	<variable name="MusicGenreIconsAddonNameVar">
        <value condition="!String.IsEmpty(Skin.String(MusicGenreIconsAddon.name))">$INFO[Skin.String(MusicGenreIconsAddon.name)]</value>
        <value>$LOCALIZE[1223]</value>
    </variable>
	<!-- END Music Genre Icons add-on -->
	
	<!-- User Rating Script -->
	<include name="UserRatingButton">
		<width>30</width>
		<height>30</height>
		<texturefocus colordiffuse="e857a7ff">flagging/imdbstarrating/single-star.png</texturefocus>
		<texturenofocus colordiffuse="44b9daff">flagging/imdbstarrating/single-star.png</texturenofocus>
		<pulseonselect>false</pulseonselect>
		<animation effect="zoom" end="120,120" center="auto" time="100">Focus</animation>
	</include>
	
	<include name="UserRatingImage">
		<width>30</width>
		<height>30</height>
		<texture colordiffuse="dd57a7ff">flagging/imdbstarrating/single-star.png</texture>
	</include>
	<!-- END User Rating Script -->
</includes>