<?xml version="1.0" encoding="UTF-8"?>
<window id="25">
	<defaultcontrol always="true">500</defaultcontrol>
	<allowoverlay>yes</allowoverlay>
	<views>50,52,54,53,75,58,66,95,97,56,76,61,65,100,74,73,68,94,69,63,90,91,93,586,587,588,589</views>
	<onload>Skin.Reset(ShowMediaExtraOptions)</onload>
	<onload condition="!Skin.HasSetting(ActivateTvTunes) + System.HasAddon(script.tvtunes)">RunScript(script.tvtunes,backend=True)</onload>
	<onload condition="System.HasAddon(script.tv.show.next.aired) + [Container.Content(tvshows) | Container.Content(seasons) | Container.Content(episodes)]">RunScript(script.tv.show.next.aired,backend=True)</onload>
	<onload condition="System.HasAddon(script.artistslideshow) + [Skin.HasSetting(UseFanartForMusicPlayingBG) | Skin.HasSetting(UseVisualizationAndFanartForMusicPlayingBG)] + Skin.HasSetting(EnableArtistFanartSlideshow)">RunScript(script.artistslideshow)</onload>
	
	<controls>
		<control type="group">
			<include>BackgroundDefault</include>
			<include condition="[[!IsEmpty(Skin.String(CustomVideosBGPath)) + [Skin.String(CustomVideosBGType,2) | Skin.String(CustomVideosBGType,3)]] 
			| Skin.String(CustomVideosBGType,4)] + Skin.HasSetting(ApplyAllVideosCustomBG)">BackgroundVideos</include>
			<include condition="[[!IsEmpty(Skin.String(CustomMoviesBGPath)) + [Skin.String(CustomMoviesBGType,2) | Skin.String(CustomMoviesBGType,3)]] 
			| Skin.String(CustomMoviesBGType,4)] + Skin.HasSetting(ApplyAllMoviesCustomBG)">BackgroundMovies</include>
			<include condition="[[!IsEmpty(Skin.String(CustomTVShowsBGPath)) + [Skin.String(CustomTVShowsBGType,2) | Skin.String(CustomTVShowsBGType,3)]] 
			| Skin.String(CustomTVShowsBGType,4)] + Skin.HasSetting(ApplyAllTVShowsCustomBG)">BackgroundTVShows</include>
			<include>BackgroundAddonsFanart</include>
			<include>BackgroundVideoFanart</include>
			<include condition="!Skin.HasSetting(DisableVideoPlayingBG)">BackgroundVideoPlaying</include>
			<include condition="!Skin.HasSetting(DisableMusicPlayingBG)">BackgroundMusicPlaying</include>
			<include>BackgroundOpenCloseAnim</include>
		</control>
		
		<control type="group">
			<visible>!Window.IsActive(MovieInformation) + !Window.IsActive(AddonInformation)</visible>
			<include>MediaInfoOpenCloseAnim</include>
			<include>IconView</include> <!-- 50 -->
			<include>ListView</include> <!-- 52 -->
			<include>DVDThumbsView</include> <!-- 54 -->
			<include>MoviesWrapListInfoView</include> <!-- 53 -->
			<include>MoviesWideListView</include> <!-- 75 -->
			<include>MoviesListInfoView</include> <!-- 58 -->
			<include>MoviesListInfoView2</include> <!-- 66 -->
			<include>MoviesListInfoView3</include> <!-- 95 -->
			<include>MoviesThumbsInfoView</include> <!-- 97 -->
			<include>3DWrapView</include> <!-- 588 -->
			<include condition="!Skin.HasSetting(UseTVShowsPosterCover)">TVShowsWideIconView</include> <!-- 56 -->
			<include>TVShowsWideListView</include> <!-- 76 -->
			<include>TVShowsListInfoView</include> <!-- 61 -->
			<include>TVShowsListInfoView2</include> <!-- 65 -->
			<include>TVShowsListInfoView3</include> <!-- 589 -->
			<include>TVShowsThumbsInfoView</include> <!-- 100 -->
			<include>EpisodesWideListView</include> <!-- 74 -->
			<include>EpisodesListInfoView</include> <!-- 73 -->
			<include>EpisodesListInfoView2</include> <!-- 68 -->
			<include>EpisodesListInfoView3</include> <!-- 94 -->
			<include>MusicVideosListInfoView2</include> <!-- 587 -->
			<include>MoviesWallView</include> <!-- 69 -->
			<include>TVShowsWallView</include> <!-- 586 -->
			<include>AlbumThumbsView</include> <!-- 63 -->
			<include>AddonsWideListView</include> <!-- 90 -->
			<include>AddonsListInfoView</include> <!-- 91 -->
			<include>AddonsWrapListInfoView</include> <!-- 93 -->
		</control>
		
		<include condition="!Skin.HasSetting(EnableKioskMode)">MediaMenuBar</include>
		
		<control type="group">
			<description>Top Bar Area</description>
			<visible>![System.IdleTime(3) + Skin.HasSetting(HideTopBar) + ![Control.IsVisible(505) | Control.IsVisible(69) | Control.IsVisible(586) | Control.HasFocus(555)]]</visible>
			<include>TopBarImage</include>
			<include>TopBarOpenCloseAnim</include>
			<include>BreadCrumbVideoLibrary</include>
			<include>Notifications</include>
		</control>
	</controls>		
</window>