<?xml version="1.0" encoding="UTF-8"?>
<window id="146">
	<defaultcontrol always="true">987</defaultcontrol>
	<allowoverlay>no</allowoverlay>
	<include>ControlsOpenCloseAnim</include>
	
	<controls>
		<include>FSMediaInfoBackgroundDim</include>
		
		<control type="group">
			<left>100</left>
			<top>121</top>
				
			<control type="image">
				<description>Add-on Cover Image</description>
				<width>328</width>
				<height>328</height>
				<info>ListItem.Thumb</info>
				<bordertexture border="4">covers/cover-case2.png</bordertexture>
				<bordersize>4</bordersize>
				<aspectratio align="center" aligny="center">scale</aspectratio>
			</control>
			
			<control type="image">
				<description>Default Add-on Cover Image</description>
				<width>328</width>
				<height>328</height>
				<texture>DefaultAddon.png</texture>
				<bordertexture border="4">covers/cover-case2.png</bordertexture>
				<bordersize>50</bordersize>
				<aspectratio>keep</aspectratio>
				<visible>IsEmpty(ListItem.Thumb)</visible>
				<animation effect="fade" end="70" condition="true">Conditional</animation>
			</control>
		</control>
		
		<control type="group">
			<left>470</left>
			<top>79</top>
			
			<control type="label">
				<description>Title</description>
				<top>32</top>
				<width>710</width>
				<align>center</align>
				<font>FullMediaInfoTitleFont3</font>
				<textcolor>MediaInfoTitleColor</textcolor>
				<shadowcolor>ShadowColor</shadowcolor>
				<label>[UPPERCASE]$INFO[ListItem.Property(Addon.Name)][/UPPERCASE]</label>
				<scroll>true</scroll>
			</control>
			
			<control type="image">
				<top>80</top>
				<width>710</width>
				<height>2</height>
				<animation effect="fade" end="30" condition="true">Conditional</animation>
				<texture>views/videoinfo-separator.png</texture>
			</control>
			
			<control type="label">
				<description>Type</description>
				<top>87</top>
				<width>710</width>
				<align>center</align>
				<font>FullMediaInfoTitleFont2</font>
				<textcolor>MediaInfoTitleColor2</textcolor>
				<shadowcolor>ShadowColor</shadowcolor>
				<label fallback="31000">[UPPERCASE]$INFO[ListItem.Property(Addon.Type)][/UPPERCASE]</label>
			</control>
			
			<control type="image">
				<top>118</top>
				<width>710</width>
				<height>2</height>
				<animation effect="fade" end="30" condition="true">Conditional</animation>
				<texture>views/videoinfo-separator.png</texture>
			</control>
		</control>
		
		<control type="list" id="901">
			<hitrect x="0" y="0" w="0" h="0"/> 
			<left>465</left>
			<top>199</top>
			<width>720</width>
			<height>249</height>
			<onup>505</onup>
			<ondown condition="Control.IsVisible(61)">61</ondown>
			<onleft>505</onleft>
			<onright condition="Control.IsVisible(61)">61</onright>
			<itemlayout width="720" height="31">
				<control type="image">
					<top>29</top>
					<left>5</left>
					<width>710</width>
					<height>2</height>
					<animation effect="fade" end="30" condition="true">Conditional</animation>
					<texture>views/videoinfo-separator.png</texture>
				</control>
				<control type="image">
					<left>170</left>
					<width>1</width>
					<height>34</height>
					<animation effect="fade" end="25" condition="true">Conditional</animation>
					<texture border="1,0,0,10" flipy="true">views/videoinfo-separator.png</texture>
				</control>
				<control type="label">
					<left>5</left>
					<width>165</width>
					<height>31</height>
					<font>FullMediaInfoFont</font>
					<aligny>center</aligny>
					<textcolor>MediaInfoItemColor</textcolor>
					<shadowcolor>ShadowColor</shadowcolor>
					<label>[UPPERCASE]$INFO[ListItem.Label][/UPPERCASE]</label>
				</control>
				<control type="label">
					<left>179</left>
					<width>533</width>
					<height>31</height>
					<font>FullMediaInfoFont2</font>
					<aligny>center</aligny>
					<textcolor>MediaInfoItemColor2</textcolor>
					<shadowcolor>ShadowColor</shadowcolor>
					<label fallback="31000">$INFO[ListItem.Label2]</label>
				</control>
			</itemlayout>	
			<focusedlayout width="720" height="31">
				<control type="image">
					<top>29</top>
					<left>5</left>
					<width>710</width>
					<height>2</height>
					<animation effect="fade" end="30" condition="true">Conditional</animation>
					<texture>views/videoinfo-separator.png</texture>
				</control>
				<control type="image">
					<left>170</left>
					<width>1</width>
					<height>34</height>
					<animation effect="fade" end="25" condition="true">Conditional</animation>
					<texture border="1,0,0,10" flipy="true">views/videoinfo-separator.png</texture>
					<animation effect="fade" start="100" end="0" condition="Control.HasFocus(901)">Conditional</animation>
				</control>
				<control type="image">
					<left>0</left>
					<width>720</width>
					<height>31</height>	
					<texture border="4">views/list-focus.png</texture>
					<aspectratio>stretch</aspectratio>
					<visible>Control.HasFocus(901)</visible>
					<include>ListViewSelectFadeAnim</include>
					<include>MediaInfoListScrollAnim2</include>
				</control>
				<control type="label">
					<left>5</left>
					<width>165</width>
					<height>31</height>
					<font>FullMediaInfoFont</font>
					<aligny>center</aligny>
					<textcolor>MediaInfoItemColor</textcolor>
					<shadowcolor>ShadowColor</shadowcolor>
					<label>[UPPERCASE]$INFO[ListItem.Label][/UPPERCASE]</label>
				</control>
				<control type="label">
					<left>179</left>
					<width>533</width>
					<height>31</height>
					<font>FullMediaInfoFont2</font>
					<aligny>center</aligny>
					<textcolor>MediaInfoItemColor2</textcolor>
					<shadowcolor>ShadowColor</shadowcolor>
					<label fallback="31000">$INFO[ListItem.Label2]</label>
				</control>
			</focusedlayout>
			<content>
				<item id="1">
					<description>Author</description>
					<label>$LOCALIZE[21863]</label>
					<label2>$INFO[ListItem.Property(Addon.Creator)]</label2>
					<onclick>noop</onclick>
				</item>
				<item id="2">
					<description>Version</description>
					<label>$LOCALIZE[24051]</label>
					<label2>$INFO[ListItem.Property(Addon.Version)]</label2>
					<onclick>noop</onclick>
				</item>
				<item id="3">
					<description>ID</description>
					<label>$LOCALIZE[560]</label>
					<label2>$INFO[ListItem.Property(Addon.ID)]</label2>
					<onclick>noop</onclick>
				</item>
				<item id="4">
					<description>Status</description>
					<label>$LOCALIZE[126]</label>
					<label2 fallback="1223">$INFO[ListItem.Property(Addon.Status)]</label2>
					<onclick>noop</onclick>
				</item>
				<item id="5">
					<description>Broken</description>
					<label>$LOCALIZE[24098]</label>
					<label2 fallback="106">$INFO[ListItem.Property(Addon.Broken)]</label2>
					<onclick>noop</onclick>
				</item>
				<item id="6">
					<description>Summary</description>
					<label>$LOCALIZE[20037]</label>
					<label2>$INFO[ListItem.Property(Addon.Summary)]</label2>
					<onclick>noop</onclick>
				</item>
				<item id="7">
					<description>Disclaimer</description>
					<label>$LOCALIZE[24052]</label>
					<label2 fallback="16018">$INFO[ListItem.Property(Addon.Disclaimer)]</label2>
					<onclick>noop</onclick>
				</item>
				<item id="8">
					<description>File Path</description>
					<label>$LOCALIZE[21801]</label>
					<label2>$INFO[ListItem.Property(Addon.Path)]</label2>
					<onclick>noop</onclick>
				</item>
			</content>
		</control>
		
		<control type="image">
			<left>100</left>
			<top>640</top>
			<width>1080</width>
			<height>2</height>
			<animation effect="fade" end="30" condition="true">Conditional</animation>
			<texture>views/videoinfo-separator.png</texture>
		</control>
		
		<control type="textbox" id="4">
			<description>Add-on Description</description>
			<left>100</left>
			<top>460</top>
			<width>1080</width>
			<height>165</height>
			<font>FullMediaInfoDescFont</font>
			<textcolor>MediaInfoColor</textcolor>
			<shadowcolor>ShadowColor</shadowcolor>
			<label>$INFO[ListItem.Property(Addon.Description)]</label>
			<align>justify</align>
			<pagecontrol>61</pagecontrol>
			<autoscroll time="2000" delay="6000" repeat="10000">true</autoscroll>
			<include>ControlsOpenCloseAnim</include>
		</control>
		
		<control type="spincontrol" id="61">
			<description>Next Page</description>
			<left>1110</left>
			<top>655</top>
			<width>28</width>
			<height>28</height>
			<spinwidth>30</spinwidth>
			<spinheight>30</spinheight>
			<onup>901</onup>
			<onleft>901</onleft>
			<visible>IntegerGreaterThan(Container(4).NumPages,1) + Control.IsVisible(4)</visible>
		</control>
		
		<control type="group" id="505">
			<description>Menu Bar Area</description>
			<top>MenuBarOffsetY</top>
			<include>MenuBarImage</include>
			<include>MenuBarOpenCloseAnim2</include>
			<include>AddonInfoMenuBar</include>
		</control>
		
		<control type="group">
			<description>Top Bar Area</description>
			<include>TopBarImage</include>
			<include>BreadCrumbMediaInfo</include>
			<include>Notifications</include>
		</control>
	</controls>
</window>