<?xml version="1.0" encoding="UTF-8"?>
<window id="0">
	<defaultcontrol always="true">850</defaultcontrol>
	<allowoverlay>yes</allowoverlay>
	<onload condition="System.HasAddon(script.artistslideshow) + [Skin.HasSetting(UseFanartForMusicPlayingBG) | Skin.HasSetting(UseVisualizationAndFanartForMusicPlayingBG)] + Skin.HasSetting(EnableArtistFanartSlideshow)">RunScript(script.artistslideshow)</onload>
	<onload condition="System.HasAddon(service.skin.widgets) + !Skin.HasSetting(HideWatchListHomePanel) + IsEmpty(Window(Home).Property(SkinWidgets_Running))">RunScript(service.skin.widgets)</onload>
	<onload condition="System.HasAddon(service.skin.widgets) + !Skin.HasSetting(HideWatchListHomePanel) + IsEmpty(Window(Home).Property(SkinWidgets_Running))">SetProperty(SkinWidgets_Running,True)</onload>
	<onload condition="System.HasAddon(service.skin.widgets) + !Skin.HasSetting(HideWatchListHomePanel)">ClearProperty(RecommendedMovie.1.Title,Home)</onload>
	<onload condition="[Skin.String(CustomVideosBGType,4) | Skin.String(CustomMusicBGType,4) | Skin.String(CustomMoviesBGType,4) | Skin.String(CustomTVShowsBGType,4)] + System.HasAddon(script.grab.fanart) + !Skin.HasSetting(UseRandomRecentFanart)">RunScript(script.grab.fanart,mode=random,refresh=$VAR[FanartGrabberRefreshIntervalVar])</onload>
	<onload condition="[Skin.String(CustomVideosBGType,4) | Skin.String(CustomMusicBGType,4) | Skin.String(CustomMoviesBGType,4) | Skin.String(CustomTVShowsBGType,4)] + System.HasAddon(script.grab.fanart) + Skin.HasSetting(UseRandomRecentFanart)">RunScript(script.grab.fanart,mode=recent,refresh=$VAR[FanartGrabberRefreshIntervalVar])</onload>
	<include>CustomPanelScripts</include>

	<controls>		
		<control type="group">	
			<include>BackgroundHome</include>
			<include condition="!Skin.HasSetting(DisableVideoPlayingBG)">BackgroundVideoPlaying</include>
			<include condition="!Skin.HasSetting(DisableMusicPlayingBG)">BackgroundMusicPlaying</include>
			<include>BackgroundOpenCloseAnim</include>	
		</control>

		<include condition="!Skin.HasSetting(HideRecentlyAddedHomePanel)">HomePanelFanart</include>
		<include>HomePanelFanartNextAired</include>
		<include condition="!Skin.HasSetting(HideRecentlyAddedHomePanel)">RecentlyAddedPanel</include>
		<include condition="!Skin.HasSetting(HideRecentlyAddedHomePanel) + System.HasAddon(service.skin.widgets) + !Skin.HasSetting(HideWatchListHomePanel)">WatchListPanel</include>
		<include>CustomPanels</include>
		<include condition="!Skin.HasSetting(HideNowPlayingHomePanel)">NowPlayingPanel</include>
		<include condition="!Skin.HasSetting(HidePVRChannelsWidget)">PVRChannelsPanel</include>
		<include condition="!Skin.HasSetting(HideWeatherHomePanel) + !Skin.HasSetting(DisableWeather) + !IsEmpty(Weather.Plugin)">WeatherPanel</include>
		<include condition="!Skin.HasSetting(HideSystemInfoHomePanel)">SystemInfoPanel</include>
		<include condition="!Skin.HasSetting(HideRecordingInfoHomePanel)">RecordingInfoPanel</include>
		<include condition="!Skin.HasSetting(HideNextAiredWidget)">NextAiredWidget</include>
		<include>NextAiredUpcomingWidget</include>
		<include condition="!Skin.HasSetting(HideHomeCategoryIcons)">HomeCategoryIcons</include>
		<include>HomeAddonShortcuts</include>
		<include>DialogPopUpScreenDim</include>	
					
		<control type="group" id="510">	
			<description>Menu Area</description>	
			<top>606</top>
			<include>MusicPlayingPlayerControls</include>
			<include>HomeMenuPaneImage</include>
			<include>HomeMenuPaneOpenCloseAnim</include>
			<include>HomeMenu</include>
			<include>HomeMenuPaneOverlay</include>
			<include condition="!Skin.HasSetting(HideHomeSubMenus)">HomeSubMenus</include>
			<include>HomeSystemSubMenus</include>
			<include condition="Skin.HasSetting(ShowHomeNavButtons)">HomeNavButtons</include>
			<include>MusicPlayingProgressBar</include>
		</control>
		
		<control type="group">
			<description>Top Bar Area</description>
			<include>HomeTopBarImage</include>
			<include>TopBarOpenCloseAnim</include>
			<include condition="System.GetBool(LookAndFeel.EnableRSSFeeds) + !Skin.HasSetting(HideTopBarDate)">RSSFeed</include>
			<include condition="System.GetBool(LookAndFeel.EnableRSSFeeds) + Skin.HasSetting(HideTopBarDate)">RSSFeedNoDate</include>
			<include>HomeTopBarOverlay</include>
			<include>KodiLogo</include>
			<include>Notifications</include>
		</control>
	</controls>		
</window>
