<?xml version="1.0" encoding="UTF-8"?>
<window>
	<defaultcontrol always="true">10</defaultcontrol>
	<allowoverlay>no</allowoverlay>
	<onload condition="System.HasAddon(script.skin.info.service)">RunScript(script.skin.info.service)</onload>
	
	<controls>
		<control type="image">
			<include>BackgroundSize</include>
			<texture background="true">background-default.png</texture>
			<aspectratio>scale</aspectratio>
		</control>
		
		<control type="button" id="10">
			<left>1300</left>
			<onfocus condition="!System.GetBool(pvrmanager.enabled) | [System.GetBool(pvrmanager.enabled) + Skin.HasSetting(HidePVRChannelsWidget)]
			| [System.GetBool(pvrmanager.enabled) + !Skin.HasSetting(HidePVRChannelsWidget) + Pvr.HasTVChannels]">ReplaceWindow($INFO[System.StartupWindow])</onfocus>
			<onfocus condition="System.GetBool(pvrmanager.enabled) + !Skin.HasSetting(HidePVRChannelsWidget) + !Pvr.HasTVChannels">AlarmClock(UpdateDelay,SetFocus(11),00:01,silent)</onfocus>
			<onclick>ReplaceWindow($INFO[System.StartupWindow])</onclick>
			<onback>ReplaceWindow($INFO[System.StartupWindow])</onback>
			<onleft>ReplaceWindow($INFO[System.StartupWindow])</onleft>
			<onright>ReplaceWindow($INFO[System.StartupWindow])</onright>
			<onup>ReplaceWindow($INFO[System.StartupWindow])</onup>
			<ondown>ReplaceWindow($INFO[System.StartupWindow])</ondown>
		</control>
		<control type="button" id="11">
			<left>1300</left>
			<onfocus condition="Pvr.HasTVChannels">ReplaceWindow($INFO[System.StartupWindow])</onfocus>
			<onfocus condition="!Pvr.HasTVChannels">AlarmClock(UpdateDelay,SetFocus(12),00:01,silent)</onfocus>
			<onclick>ReplaceWindow($INFO[System.StartupWindow])</onclick>
			<onback>ReplaceWindow($INFO[System.StartupWindow])</onback>
			<onleft>ReplaceWindow($INFO[System.StartupWindow])</onleft>
			<onright>ReplaceWindow($INFO[System.StartupWindow])</onright>
			<onup>ReplaceWindow($INFO[System.StartupWindow])</onup>
			<ondown>ReplaceWindow($INFO[System.StartupWindow])</ondown>
		</control>
		<control type="button" id="12">
			<left>1300</left>
			<onfocus condition="Pvr.HasTVChannels">ReplaceWindow($INFO[System.StartupWindow])</onfocus>
			<onfocus condition="!Pvr.HasTVChannels">AlarmClock(UpdateDelay,SetFocus(11),00:01,silent)</onfocus>
			<onclick>ReplaceWindow($INFO[System.StartupWindow])</onclick>
			<onback>ReplaceWindow($INFO[System.StartupWindow])</onback>
			<onleft>ReplaceWindow($INFO[System.StartupWindow])</onleft>
			<onright>ReplaceWindow($INFO[System.StartupWindow])</onright>
			<onup>ReplaceWindow($INFO[System.StartupWindow])</onup>
			<ondown>ReplaceWindow($INFO[System.StartupWindow])</ondown>
		</control>
		
		<control type="image">
			<left>9</left>
			<top>9</top>
			<width>78</width>
			<height>24</height>
			<texture>kodi-logo.png</texture>
			<aspectratio>stretch</aspectratio>
			<animation effect="fade" end="80" condition="true">Conditional</animation>
		</control>
		
		<control type="image">
			<left>465</left>
			<top>248</top>
			<width>350</width>
			<height>69</height>
			<texture>rapier-logo.png</texture>
			<aspectratio>keep</aspectratio>
			<animation effect="fade" end="75" condition="true">Conditional</animation>
			<animation effect="zoom" start="70" end="100" center="auto" time="1500" tween="cubic" easing="out" reversible="false">WindowOpen</animation>
		</control>
		
		<control type="label">
			<top>410</top>
			<width>ScreenWidth</width>
			<font>KaraokeFont</font>
			<textcolor>white</textcolor>
			<align>center</align>
			<label>$LOCALIZE[31990]</label>
			<animation effect="fade" end="75" condition="true">Conditional</animation>
			<visible>System.GetBool(pvrmanager.enabled) + !Skin.HasSetting(HidePVRChannelsWidget) + !PvrHasTVChannels</visible>
		</control>
		
		<control type="label">
			<top>675</top>
			<include>InfoPaneHeadLabel2</include>
			<animation type="WindowOpen" reversible="false">
				<effect type="fade" time="300"/>
				<effect type="slide" start="0,25" time="500" tween="cubic" easing="out"/>	
			</animation>
			<label>$LOCALIZE[31963]</label>
		</control>
	</controls>
</window>