<?xml version="1.0" encoding="UTF-8"?>
<window>
	<defaultcontrol always="true">11</defaultcontrol>

	<coordinates>
		<left>325</left>
		<top>81</top>
	</coordinates>

	<controls>
		<control type="group">
			<depth>DepthOSD</depth>
			<include>DialogOpenCloseAnim</include>
			
			<include content="DialogWithCloseBtnLabel">
				<param name="width" value="630"/>
				<param name="height" value="558" />
				<param name="left" value="570" />
				<param name="labelwidth" value="550" />
				<param name="label" value="$LOCALIZE[19069]$INFO[Container(11).ListItem.ChannelName, - ,]" />
			</include>

			<control type="group">
				<left>DialogMarginOffsetX</left>
				<top>DialogMarginOffsetY</top>

				<control type="list" id="11">
					<width>560</width>
					<height>444</height>
					<onleft condition="Control.IsVisible(9001)">9001</onleft>
					<onleft condition="!Control.IsVisible(9001)">9002</onleft>
					<onright>12</onright>
					<onup>11</onup>
					<ondown>11</ondown>
					<pagecontrol>12</pagecontrol>
					<preloaditems>2</preloaditems>
					<scrolltime tween="sine" easing="inout">300</scrolltime>
					<itemlayout height="74">
						<control type="image">
							<width>560</width>
							<height>74</height>
							<texture border="0,0,10,2">views/list-separator.png</texture>
							<aspectratio>stretch</aspectratio>
						</control>
						<control type="label">
							<description>Time</description>
							<left>10</left>
							<top>13</top>
							<width>74</width>
							<font>ListFont</font>
							<textcolor>MediaInfoItemColor</textcolor>
							<shadowcolor>ShadowColor</shadowcolor>
							<label>$INFO[ListItem.StartTime]</label>
						</control>
						<control type="label">
							<description>Label</description>
							<left>88</left>
							<top>13</top>
							<width>430</width>
							<font>ListFont</font>
							<textcolor>ListColor</textcolor>
							<shadowcolor>ShadowColor</shadowcolor>
							<label>$INFO[ListItem.Title]</label>
							<scroll>true</scroll>
						</control>
						<control type="label">
							<description>Label2</description>
							<left>88</left>
							<top>38</top>
							<width>430</width>
							<font>ListFont2</font>
							<textcolor>ListColor2</textcolor>
							<shadowcolor>ShadowColor</shadowcolor>
							<label>$INFO[ListItem.StartDate]</label>
						</control>
					</itemlayout>
					<focusedlayout height="74">
						<control type="image">
							<width>560</width>
							<height>74</height>
							<texture border="0,0,10,2">views/list-separator.png</texture>
							<aspectratio>stretch</aspectratio>
						</control>
						<control type="image">
							<width>560</width>
							<height>73</height>
							<texture border="4">views/list-focus.png</texture>
							<aspectratio>stretch</aspectratio>
							<visible>Control.HasFocus(11)</visible>
							<include>ListViewSelectFadeAnim</include>
							<animation type="Focus" condition="Container(11).OnNext + ![Skin.String(LowCPUPowerMode,Animations) | Skin.String(LowCPUPowerMode,Full)]" reversible="false">
								<effect type="Fade" start="40" end="100" time="550" tween="back" easing="in"/>
								<effect type="slide" start="0,-74" time="250" tween="sine" easing="out"/>
							</animation>
							<animation type="Focus" condition="Container(11).OnPrevious + ![Skin.String(LowCPUPowerMode,Animations) | Skin.String(LowCPUPowerMode,Full)]" reversible="false">
								<effect type="Fade" start="40" end="100" time="550" tween="back" easing="in"/>
								<effect type="slide" start="0,74" time="250" tween="sine" easing="out"/>
							</animation>
						</control>
						<control type="image">
							<width>560</width>
							<height>73</height>
							<texture border="4">views/list-alt-focus.png</texture>
							<aspectratio>stretch</aspectratio>
							<visible>!Control.HasFocus(11)</visible>
							<include>ListViewSelectFadeAnim2</include>
						</control>
						<control type="group">
							<include>ListViewFocusAnim</include>
							<control type="label">
								<description>Time</description>
								<left>10</left>
								<top>13</top>
								<width>74</width>
								<font>ListFont</font>
								<textcolor>MediaInfoItemColor</textcolor>
								<shadowcolor>ShadowColor</shadowcolor>
								<label>$INFO[ListItem.StartTime]</label>
							</control>
							<control type="label">
								<description>Label</description>
								<left>88</left>
								<top>13</top>
								<width>430</width>
								<font>ListFont</font>
								<textcolor>SelectedColor</textcolor>
								<shadowcolor>ShadowColor</shadowcolor>
								<label>$INFO[ListItem.Title]</label>
								<scroll>true</scroll>
							</control>
							<control type="label">
								<description>Label2</description>
								<left>88</left>
								<top>38</top>
								<width>430</width>
								<font>ListFont2</font>
								<textcolor>ListColor2</textcolor>
								<shadowcolor>ShadowColor</shadowcolor>
								<label>$INFO[ListItem.StartDate]</label>
							</control>
						</control>
					</focusedlayout>
				</control>
			</control>
			
			<control type="grouplist" id="9000">
				<top>505</top>
				<width>630</width>
				<align>center</align>
				<onright>12</onright>
				<onleft>11</onleft>
				<onup>11</onup>
				<itemgap>0</itemgap>
				<orientation>horizontal</orientation>
				<control type="button" id="9001">
					<description>Full EPG</description>
					<include>DialogMenuBarBtn</include>
					<label>$LOCALIZE[31195]</label>
					<onclick>SetProperty(TVGuideFullscreen,fullscreen,home)</onclick>
					<onclick>Dialog.Close(pvrchannelguide)</onclick>
					<onclick>Dialog.Close(VideoOSD)</onclick>
					<onclick>Dialog.Close(fullscreenvideo)</onclick>
					<onclick>ActivateWindow(TVGuide)</onclick>
					<visible>Window.IsActive(FullscreenVideo) | Window.IsActive(visualisation)</visible>
				</control>
				<control type="button" id="9002">
					<description>Cancel</description>
					<include>DialogMenuBarBtn</include>
					<label>$LOCALIZE[15067]</label>
					<onclick>PreviousMenu</onclick>
				</control>
			</control>

			<control type="spincontrol" id="12">
				<description>Next Page</description>
				<left>550</left>
				<top>513</top>
				<font />
				<onup>11</onup>
				<onleft>9002</onleft>
				<onright>11</onright>
			</control>
		</control>
	</controls>
</window>