<?xml version="1.0" encoding="UTF-8"?>
<includes>
	<!--//// START LIST INFO 3 VIEW ///////////////////////////////////////////////////////////////////-->
	<include name="PicturesListInfoView3">
		<control type="group" id="500">
	        <defaultcontrol always="true">578</defaultcontrol>
			<visible>Control.IsVisible(578)</visible>
			<include>MediaViewOpenCloseAnim</include>
			<include>ViewContentPanel</include>
			<include>ViewContentPanelPictures</include>

			<control type="group">
				<visible>!ListItem.IsParentFolder</visible>
				<include>MediaViewOpenCloseAnim</include>
				<include>PicsInfo</include>
				
				<control type="group">
					<left>843</left>
					<top>100</top>
					
					<control type="image">
						<description>Cover</description>
						<bottom>180</bottom>
						<width>390</width>
						<height>418</height>
						<texture background="true">$INFO[ListItem.Thumb]</texture>
						<bordertexture border="4">covers/cover-case2.png</bordertexture>
						<bordersize>4</bordersize>
						<aspectratio aligny="bottom">keep</aspectratio>
						<fadetime>IconCrossfadeTime</fadetime>
					</control>
					
					<control type="image">
						<description>Cover Reflection</description>
						<top>440</top>
						<width>390</width>
						<height>418</height>
						<texture background="true" flipy="true" diffuse="views/reflection.png">$INFO[ListItem.Thumb]</texture>
						<bordertexture flipy="true" border="4" diffuse="views/reflection.png">covers/cover-case2.png</bordertexture>
						<bordersize>4</bordersize>
						<aspectratio aligny="top">keep</aspectratio>
						<fadetime>IconCrossfadeTime</fadetime>
					</control>
				</control>
			</control>
			
			<control type="list" id="578">
				<viewtype label="31115">list</viewtype>
				<left>456</left>
				<top>110</top>
				<width>354</width>
				<height>518</height>
				<pagecontrol>90805</pagecontrol>
				<preloaditems>2</preloaditems>
				<scrolltime tween="sine" easing="inout">300</scrolltime>
				<onup>578</onup>
				<ondown>578</ondown>
				<onleft>850</onleft>
				<onright>150</onright>
				<visible>Container.HasFiles</visible>
				<itemlayout condition="String.IsEmpty(Skin.String(PicturesListStyle)) | Skin.String(PicturesListStyle,1) | Skin.String(PicturesListStyle,3)" height="37">
					<control type="image">
						<width>354</width>
						<height>37</height>
						<texture border="0,0,10,2">views/list-separator.png</texture>
						<aspectratio>stretch</aspectratio>
					</control>
					<control type="image">
						<description>Icon</description>
						<left>5</left>
						<top>6</top>
						<width>24</width>
						<height>24</height>
						<texture background="true">$INFO[ListItem.ActualIcon].png</texture>
						<aspectratio>stretch</aspectratio>
						<include>ListViewOverlayFadeAnim</include>
					</control>
					<control type="label">
						<description>Label</description>
						<left>35</left>
						<width>314</width>
						<height>37</height>
						<font>ListFont</font>
						<textcolor>ListColor</textcolor>
						<shadowcolor>ShadowColor</shadowcolor>
						<aligny>center</aligny>
						<info>ListItem.Label</info>
					</control>
				</itemlayout>
				<itemlayout condition="Skin.String(PicturesListStyle,2)" height="74">
					<control type="image">
						<width>354</width>
						<height>74</height>
						<texture border="0,0,10,2">views/list-separator.png</texture>
						<aspectratio>stretch</aspectratio>
					</control>
					<control type="image">
						<description>Cover</description>
						<width>73</width>
						<height>73</height>
						<bordertexture border="7">covers/cover-case-nofocus.png</bordertexture>
						<bordersize>5</bordersize>
						<texture background="true">$INFO[ListItem.Thumb]</texture>
						<aspectratio>keep</aspectratio>
					</control>
					<control type="image">
						<description>Dim</description>
						<width>73</width>
						<height>73</height>
						<bordersize>5</bordersize>
						<texture background="true">dim.png</texture>
						<aspectratio>stretch</aspectratio>
						<visible>!String.IsEmpty(ListItem.Thumb)</visible>
						<include>CoverDimAnim</include>
					</control>
					<control type="image">
						<description>Default Cover</description>
						<width>73</width>
						<height>73</height>
						<bordersize>5</bordersize>
						<texture background="true">$INFO[ListItem.ActualIcon]</texture>
						<aspectratio>keep</aspectratio>
						<visible>String.IsEmpty(ListItem.Thumb)</visible>
						<animation effect="fade" end="40" condition="true">Conditional</animation>
					</control>
					<control type="label">
						<description>Label</description>
						<left>80</left>
						<top>12</top>
						<width>239</width>
						<font>ListFont</font>
						<textcolor>ListColor</textcolor>
						<shadowcolor>ShadowColor</shadowcolor>
						<label>$INFO[ListItem.Label]</label>
					</control>
					<control type="label">
						<description>Label2</description>
						<left>80</left>
						<top>38</top>
						<width>239</width>
						<font>ListFont2</font>
						<textcolor>ListColor2</textcolor>
						<shadowcolor>ShadowColor</shadowcolor>
						<label>$INFO[ListItem.Label2]</label>
						<visible>!String.IsEmpty(ListItem.Label2)</visible>
					</control>
					<control type="label">
						<description>Label2</description>
						<left>80</left>
						<top>38</top>
						<width>239</width>
						<font>ListFont2</font>
						<textcolor>ListColor2</textcolor>
						<shadowcolor>ShadowColor</shadowcolor>
						<label>$INFO[ListItem.Date]</label>
						<visible>String.IsEmpty(ListItem.Label2)</visible>
					</control>
				</itemlayout>
				<focusedlayout condition="String.IsEmpty(Skin.String(PicturesListStyle)) | Skin.String(PicturesListStyle,1)" height="37">
					<control type="image">
						<width>354</width>
						<height>37</height>
						<texture border="0,0,10,2">views/list-separator.png</texture>
						<aspectratio>stretch</aspectratio>
					</control>
					<control type="image">
						<width>354</width>
						<height>36</height>
						<texture border="4">views/list-focus.png</texture>
						<aspectratio>stretch</aspectratio>
						<visible>Control.HasFocus(578)</visible>
						<include>ListViewSelectFadeAnim</include>
						<include condition="![Skin.String(LowCPUPowerMode,Animations) | Skin.String(LowCPUPowerMode,Full)]">ListViewScrollAnim</include>
					</control>
					<control type="image">
						<width>354</width>
						<height>36</height>
						<texture border="4">views/list-alt-focus.png</texture>
						<aspectratio>stretch</aspectratio>
						<visible>!Control.HasFocus(578)</visible>
						<include>ListViewSelectFadeAnim2</include>
					</control>
					<control type="group">
						<include>ListViewFocusAnim</include>
						<control type="image">
							<description>Icon</description>
							<left>5</left>
							<top>6</top>
							<width>24</width>
							<height>24</height>
							<texture background="true">$INFO[ListItem.ActualIcon].png</texture>
							<aspectratio>stretch</aspectratio>
						</control>
						<control type="label">
							<description>Label</description>
							<left>35</left>
							<width>314</width>
							<height>37</height>
							<font>ListFont</font>
							<textcolor>SelectedColor</textcolor>
							<shadowcolor>ShadowColor</shadowcolor>
							<aligny>center</aligny>
							<info>ListItem.Label</info>
							<scroll>true</scroll>
						</control>
					</control>
				</focusedlayout>
				<focusedlayout condition="Skin.String(PicturesListStyle,2) | Skin.String(PicturesListStyle,3)" height="74">
					<control type="image">
						<width>354</width>
						<height>74</height>
						<texture border="0,0,10,2">views/list-separator.png</texture>
						<aspectratio>stretch</aspectratio>
					</control>
					<control type="image">
						<width>354</width>
						<height>73</height>
						<texture border="4">views/list-focus.png</texture>
						<aspectratio>stretch</aspectratio>
						<visible>Control.HasFocus(578)</visible>
						<include>ListViewSelectFadeAnim</include>
						<include condition="![Skin.String(LowCPUPowerMode,Animations) | Skin.String(LowCPUPowerMode,Full)] + !Skin.String(PicturesListStyle,3)">ListViewScrollAnim2</include>
						<include condition="![Skin.String(LowCPUPowerMode,Animations) | Skin.String(LowCPUPowerMode,Full)] + Skin.String(PicturesListStyle)">ListViewScrollAnim</include>
					</control>
					<control type="image">
						<width>354</width>
						<height>73</height>
						<texture border="4">views/list-alt-focus.png</texture>
						<aspectratio>stretch</aspectratio>
						<visible>!Control.HasFocus(578)</visible>
						<include>ListViewSelectFadeAnim2</include>
					</control>
					<control type="image">
						<description>Cover</description>
						<width>73</width>
						<height>73</height>
						<bordertexture border="7">covers/cover-case-nofocus.png</bordertexture>
						<bordersize>5</bordersize>
						<texture background="true">$INFO[ListItem.Thumb]</texture>
						<aspectratio>keep</aspectratio>
						<include condition="![Skin.String(LowCPUPowerMode,Animations) | Skin.String(LowCPUPowerMode,Full)]">ListViewCoverFocusAnim</include>
					</control>
					<control type="image">
						<description>Default Cover</description>
						<width>73</width>
						<height>73</height>
						<bordersize>5</bordersize>
						<texture background="true">$INFO[ListItem.ActualIcon]</texture>
						<aspectratio>keep</aspectratio>
						<visible>String.IsEmpty(ListItem.Thumb)</visible>
						<include condition="![Skin.String(LowCPUPowerMode,Animations) | Skin.String(LowCPUPowerMode,Full)]">ListViewCoverFocusAnim</include>
					</control>
					<control type="group">
						<include>ListViewFocusAnim</include>
						<control type="label">
							<description>Label</description>
							<left>80</left>
							<top>12</top>
							<width>239</width>
							<font>ListFont</font>
							<textcolor>SelectedColor</textcolor>
							<shadowcolor>ShadowColor</shadowcolor>
							<label>$INFO[ListItem.Label]</label>
							<scroll>true</scroll>
						</control>
						<control type="label">
							<description>Label2</description>
							<left>80</left>
							<top>38</top>
							<width>239</width>
							<font>ListFont2</font>
							<textcolor>ListColor2</textcolor>
							<shadowcolor>ShadowColor</shadowcolor>
							<label>$INFO[ListItem.Label2]</label>
							<visible>!String.IsEmpty(ListItem.Label2)</visible>
						</control>
						<control type="label">
							<description>Label2</description>
							<left>80</left>
							<top>38</top>
							<width>239</width>
							<font>ListFont2</font>
							<textcolor>ListColor2</textcolor>
							<shadowcolor>ShadowColor</shadowcolor>
							<label>$INFO[ListItem.Date]</label>
							<visible>String.IsEmpty(ListItem.Label2)</visible>
						</control>
					</control>
				</focusedlayout>
			</control>
			
			<include content="ListInfo3ViewScrollbar">
				<param name="id" value="90805" />
			</include>
			
			<control type="group">
				<description>Bottom Bar Area</description>
				<top>BottomPaneOffsetY</top>
				<!--<include>InfoPaneImage</include>-->
				<include>InfoPaneMediaDetails</include>
				<include>BottomPaneOpenCloseAnim</include>
			</control>

			<include>ViewsDialogPopUpScreenDim</include>
		</control>
	</include>
	<!--//// END LIST INFO 3 VIEW /////////////////////////////////////////////////////////////////////-->

	<!--//// START THUMBS INFO VIEW ///////////////////////////////////////////////////////////////////-->
	<include name="PicturesThumbsInfoView">
		<control type="group" id="500">
	        <defaultcontrol always="true">579</defaultcontrol>
			<visible>Control.IsVisible(579)</visible>
			<include>MediaViewOpenCloseAnim</include>
			<include>ViewContentPanel</include>
			<include>ViewContentPanelPictures</include>

			<control type="group">
				<visible>!ListItem.IsParentFolder</visible>
				<include>MediaViewOpenCloseAnim</include>
				<include>PicsInfo</include>
			</control>
			
			<control type="panel" id="579">
				<viewtype label="31116">icon</viewtype>
				<left>450</left>
				<top>111</top>
				<width>776</width>
				<height>514</height>
				<pagecontrol>90904</pagecontrol>
				<orientation>vertical</orientation>
				<preloaditems>2</preloaditems>
				<scrolltime tween="sine" easing="inout">350</scrolltime>
				<onleft>850</onleft>
				<onright>150</onright>
				<onup>579</onup>
				<ondown>579</ondown>
				<visible>Container.HasFiles</visible>
				<itemlayout width="258" height="256">
					<control type="group">
						<top>-2</top>
						<control type="image">
							<description>Default Cover Case</description>
							<width>264</width>
							<height>263</height>
							<texture background="true" border="4">covers/cover-case2.png</texture>
							<aspectratio>stretch</aspectratio>
							<bordersize>6</bordersize>
							<animation effect="fade" end="50" condition="true">Conditional</animation>
						</control>
						<control type="image">
							<description>Default Cover</description>
							<width>264</width>
							<height>263</height>
							<bordersize>20</bordersize>
							<texture background="true">$INFO[ListItem.ActualIcon]</texture>
							<aspectratio>keep</aspectratio>
							<visible>String.IsEmpty(ListItem.Thumb)</visible>
							<animation effect="fade" end="60" condition="true">Conditional</animation>
						</control>
						<control type="image">
							<description>Cover</description>
							<width>264</width>
							<height>238</height>
							<texture background="true">$INFO[ListItem.Thumb]</texture>
							<aspectratio>keep</aspectratio>
							<bordersize>10</bordersize>
						</control>
						<control type="image">
							<description>Dim</description>
							<width>264</width>
							<height>263</height>
							<texture background="true">dim.png</texture>
							<aspectratio>stretch</aspectratio>
							<bordersize>10</bordersize>
							<include>CoverDimAnim</include>
						</control>
						<control type="image">
							<description>Title Background</description>
							<left>10</left>
							<top>228</top>
							<width>244</width>
							<height>25</height>
							<texture background="true">dim.png</texture>
							<visible>!ListItem.IsParentFolder</visible>
						</control>
						<control type="label">
							<description>Genre</description>
							<left>13</left>
							<top>229</top>
							<width>240</width>
							<align>center</align>
							<font>MediaInfoFont3</font>
							<textcolor>WhiteColor</textcolor>
							<shadowcolor>ShadowColor</shadowcolor>
							<label>[UPPERCASE]$INFO[ListItem.Label][/UPPERCASE]</label>
							<scroll>false</scroll>
							<animation effect="fade" end="90" condition="true">Conditional</animation>
							<visible>!ListItem.IsParentFolder</visible>
						</control>
					</control>
				</itemlayout>
				<focusedlayout width="258" height="256" condition="Container.Column(0) + Container.Row(0)">
					<control type="group">
						<description>Top Left Corner Cover</description>
						<top>-2</top>
						<include>PictureThumbsStyleCoverImage</include>
						<animation type="Focus" reversible="false" condition="![Skin.String(LowCPUPowerMode,Animations) | Skin.String(LowCPUPowerMode,Full)]">
							<effect type="zoom" start="100" end="110" center="auto" time="200" delay="600" tween="circle" easing="out"/>
							<effect type="slide" start="0,0" end="11,12" time="200" delay="600" tween="circle" easing="out"/>
						</animation>
					</control>
				</focusedlayout>
				<focusedlayout width="258" height="256" condition="Container.Column(1) + Container.Row(0)">
					<control type="group">
						<description>Top Edge Cover</description>
						<top>-2</top>
						<include>PictureThumbsStyleCoverImage</include>
						<animation type="Focus" reversible="false" condition="![Skin.String(LowCPUPowerMode,Animations) | Skin.String(LowCPUPowerMode,Full)]">
							<effect type="zoom" start="100" end="110" center="auto" time="200" delay="600" tween="circle" easing="out"/>
							<effect type="slide" start="0,0" end="0,12" time="200" delay="600" tween="circle" easing="out"/>
						</animation>
					</control>
				</focusedlayout>
				<focusedlayout width="258" height="256" condition="Container.Column(2) + Container.Row(0)">
					<control type="group">
						<description>Top Right Corner Cover</description>
						<top>-2</top>
						<include>PictureThumbsStyleCoverImage</include>
						<animation type="Focus" reversible="false" condition="![Skin.String(LowCPUPowerMode,Animations) | Skin.String(LowCPUPowerMode,Full)]">
							<effect type="zoom" start="100" end="110" center="auto" time="200" delay="600" tween="circle" easing="out"/>
							<effect type="slide" start="0,0" end="-12,12" time="200" delay="600" tween="circle" easing="out"/>
						</animation>
					</control>
				</focusedlayout>
				<focusedlayout width="258" height="256" condition="Container.Column(0) + Container.Row(1)">
					<control type="group">
						<description>Bottom Left Corner Cover</description>
						<top>-2</top>
						<include>PictureThumbsStyleCoverImage</include>
						<animation type="Focus" reversible="false" condition="![Skin.String(LowCPUPowerMode,Animations) | Skin.String(LowCPUPowerMode,Full)]">
							<effect type="zoom" start="100" end="110" center="auto" time="200" delay="600" tween="circle" easing="out"/>
							<effect type="slide" start="0,0" end="11,-12" time="200" delay="600" tween="circle" easing="out"/>
						</animation>
					</control>
				</focusedlayout>
				<focusedlayout width="258" height="256" condition="Container.Column(1) + Container.Row(1)">
					<control type="group">
						<description>Bottom Edge Cover</description>
						<top>-2</top>
						<include>PictureThumbsStyleCoverImage</include>
						<animation type="Focus" reversible="false" condition="![Skin.String(LowCPUPowerMode,Animations) | Skin.String(LowCPUPowerMode,Full)]">
							<effect type="zoom" start="100" end="110" center="auto" time="200" delay="600" tween="circle" easing="out"/>
							<effect type="slide" start="0,0" end="0,-12" time="200" delay="600" tween="circle" easing="out"/>
						</animation>
					</control>
				</focusedlayout>
				<focusedlayout width="258" height="256" condition="Container.Column(2) + Container.Row(1)">
					<control type="group">
						<description>Bottom Right Corner Cover</description>
						<top>-2</top>
						<include>PictureThumbsStyleCoverImage</include>
						<animation type="Focus" reversible="false" condition="![Skin.String(LowCPUPowerMode,Animations) | Skin.String(LowCPUPowerMode,Full)]">
							<effect type="zoom" start="100" end="110" center="auto" time="200" delay="600" tween="circle" easing="out"/>
							<effect type="slide" start="0,0" end="-12,-12" time="200" delay="600" tween="circle" easing="out"/>
						</animation>
					</control>
				</focusedlayout>
			</control>
			
			<include content="ThumbsInfoViewScrollbar">
				<param name="id" value="90904" />
			</include>
			
			<control type="group">
				<description>Bottom Bar Area</description>
				<top>BottomPaneOffsetY</top>
				<!--<include>InfoPaneImage</include>-->
				<include>InfoPaneMediaDetails</include>
				<include>BottomPaneOpenCloseAnim</include>
			</control>

			<include>ViewsDialogPopUpScreenDim</include>
		</control>
	</include>
	<!--//// END THUMBS INFO VIEW /////////////////////////////////////////////////////////////////////-->
</includes>