<?xml version="1.0" encoding="UTF-8"?>
<window>
	<defaultcontrol always="true">987</defaultcontrol>
	<menucontrol>987</menucontrol>
	<onunload>Skin.Reset(AddonInfoContentToggle)</onunload>
	<include>ControlsOpenCloseAnim</include>
	
	<controls>
		<control type="group">
			<depth>DepthBackground</depth>
			<include>BackgroundDefault</include>
			<include>FanartImage</include>
			<include>FanartDim</include>
			<include>BackgroundOpenCloseAnim</include>
			<visible>Window.IsActive(Home)</visible>
		</control>
		
		<include>FSMediaInfoBackgroundDim</include>
		
		<control type="group">
			<depth>DepthContent</depth>
			
			<control type="group">
				<left>100</left>
				<top>121</top>
					
				<control type="image">
					<description>Add-on Cover Image</description>
					<width>328</width>
					<height>328</height>
					<info>ListItem.Thumb</info>
					<bordertexture border="4">covers/cover-case2.png</bordertexture>
					<bordersize>4</bordersize>
					<aspectratio align="center" aligny="center">scale</aspectratio>
				</control>
				
				<control type="image">
					<description>Default Add-on Cover Image</description>
					<width>328</width>
					<height>328</height>
					<texture>DefaultAddon.png</texture>
					<bordertexture border="4">covers/cover-case2.png</bordertexture>
					<bordersize>50</bordersize>
					<aspectratio>keep</aspectratio>
					<visible>String.IsEmpty(ListItem.Thumb)</visible>
					<animation effect="fade" end="70" condition="true">Conditional</animation>
				</control>
				
				<control type="group">
					<visible>!String.IsEmpty(ListItem.AddonBroken)</visible>
					
					<control type="image">
						<width>328</width>
						<height>328</height>
						<texture colordiffuse="AAFFFFFF">black.png</texture>
						<bordersize>4</bordersize>
					</control>
					
					<control type="textbox">
						<top>4</top>
						<left>4</left>
						<width>320</width>
						<height>320</height>
						<align>center</align>
						<aligny>center</aligny>
						<label>$LOCALIZE[24096]</label>
						<font>FullMediaInfoFont</font>
						<textcolor>MediaInfoItemColor2</textcolor>
						<shadowcolor>ShadowColor</shadowcolor>
					</control>
				</control>
			</control>
			
			<control type="group">
				<left>470</left>
				<top>79</top>
				
				<control type="label">
					<description>Title</description>
					<top>32</top>
					<width>710</width>
					<align>center</align>
					<font>FullMediaInfoTitleFont3</font>
					<textcolor>MediaInfoTitleColor</textcolor>
					<shadowcolor>ShadowColor</shadowcolor>
					<label>[UPPERCASE]$INFO[ListItem.AddonName][/UPPERCASE]</label>
					<scroll>true</scroll>
				</control>
				
				<control type="image">
					<top>80</top>
					<width>710</width>
					<height>2</height>
					<animation effect="fade" end="30" condition="true">Conditional</animation>
					<texture>views/videoinfo-separator.png</texture>
				</control>
				
				<control type="label">
					<description>Type</description>
					<top>87</top>
					<width>710</width>
					<align>center</align>
					<font>FullMediaInfoTitleFont2</font>
					<textcolor>MediaInfoTitleColor2</textcolor>
					<shadowcolor>ShadowColor</shadowcolor>
					<label fallback="31000">[UPPERCASE]$INFO[ListItem.AddonType][/UPPERCASE]</label>
				</control>
				
				<control type="image">
					<top>118</top>
					<width>710</width>
					<height>2</height>
					<animation effect="fade" end="30" condition="true">Conditional</animation>
					<texture>views/videoinfo-separator.png</texture>
				</control>
			</control>
			
			<control type="list" id="901">
				<hitrect x="0" y="0" w="0" h="0"/> 
				<left>465</left>
				<top>199</top>
				<width>720</width>
				<height>249</height>
				<onup>505</onup>
				<ondown condition="Control.IsVisible(50)">50</ondown>
				<ondown condition="Control.IsVisible(61)">61</ondown>
				<onleft>505</onleft>
				<onright condition="Control.IsVisible(61)">61</onright>
				<itemlayout height="31">
					<control type="image">
						<top>29</top>
						<left>5</left>
						<width>710</width>
						<height>2</height>
						<animation effect="fade" end="30" condition="true">Conditional</animation>
						<texture>views/videoinfo-separator.png</texture>
					</control>
					<control type="image">
						<left>170</left>
						<width>1</width>
						<height>34</height>
						<animation effect="fade" end="25" condition="true">Conditional</animation>
						<texture border="1,0,0,10" flipy="true">views/videoinfo-separator.png</texture>
					</control>
					<control type="label">
						<left>5</left>
						<width>165</width>
						<height>31</height>
						<font>FullMediaInfoFont</font>
						<aligny>center</aligny>
						<textcolor>MediaInfoItemColor</textcolor>
						<shadowcolor>ShadowColor</shadowcolor>
						<label>[UPPERCASE]$INFO[ListItem.Label][/UPPERCASE]</label>
					</control>
					<control type="label">
						<left>179</left>
						<width>533</width>
						<height>31</height>
						<font>FullMediaInfoFont2</font>
						<aligny>center</aligny>
						<textcolor>MediaInfoItemColor2</textcolor>
						<shadowcolor>ShadowColor</shadowcolor>
						<label fallback="31000">$INFO[ListItem.Label2]</label>
					</control>
				</itemlayout>
				<focusedlayout height="31">
					<control type="image">
						<top>29</top>
						<left>5</left>
						<width>710</width>
						<height>2</height>
						<animation effect="fade" end="30" condition="true">Conditional</animation>
						<texture>views/videoinfo-separator.png</texture>
					</control>
					<control type="image">
						<left>170</left>
						<width>1</width>
						<height>34</height>
						<animation effect="fade" end="25" condition="true">Conditional</animation>
						<texture border="1,0,0,10" flipy="true">views/videoinfo-separator.png</texture>
						<animation effect="fade" start="100" end="0" condition="Control.HasFocus(901)">Conditional</animation>
					</control>
					<control type="image">
						<width>720</width>
						<height>31</height>
						<texture border="4">views/list-focus.png</texture>
						<aspectratio>stretch</aspectratio>
						<visible>Control.HasFocus(901)</visible>
						<include>ListViewSelectFadeAnim</include>
						<include condition="![Skin.String(LowCPUPowerMode,Animations) | Skin.String(LowCPUPowerMode,Full)]">MediaInfoListScrollAnim2</include>
					</control>
					<control type="label">
						<left>5</left>
						<width>165</width>
						<height>31</height>
						<font>FullMediaInfoFont</font>
						<aligny>center</aligny>
						<textcolor>MediaInfoItemColor</textcolor>
						<shadowcolor>ShadowColor</shadowcolor>
						<label>[UPPERCASE]$INFO[ListItem.Label][/UPPERCASE]</label>
					</control>
					<control type="label">
						<left>179</left>
						<width>533</width>
						<height>31</height>
						<font>FullMediaInfoFont2</font>
						<aligny>center</aligny>
						<textcolor>MediaInfoItemColor2</textcolor>
						<shadowcolor>ShadowColor</shadowcolor>
						<label fallback="31000">$INFO[ListItem.Label2]</label>
					</control>
				</focusedlayout>
				<content>
					<item id="1">
						<description>Summary</description>
						<label>$LOCALIZE[20037]</label>
						<label2>$INFO[ListItem.AddonSummary]</label2>
					</item>
					<item id="2">
						<description>Author</description>
						<label>$LOCALIZE[21863]</label>
						<label2>$INFO[ListItem.AddonCreator]</label2>
					</item>
					<item id="3">
						<description>Version</description>
						<label>$LOCALIZE[19114]</label>
						<label2>$INFO[ListItem.AddonVersion]</label2>
					</item>
					<item id="4">
						<description>ID</description>
						<label>$LOCALIZE[560]</label>
						<label2>$INFO[ListItem.Property(Addon.ID)]</label2>
					</item>
					<item id="5">
						<description>Status</description>
						<label>$LOCALIZE[126]</label>
						<label2 fallback="1223">$INFO[ListItem.Property(Addon.Status)]</label2>
					</item>
					<item id="6">
						<description>Size</description>
						<label>$LOCALIZE[289]</label>
						<label2>$INFO[ListItem.AddonSize]</label2>
						<visible>!String.IsEmpty(ListItem.AddonSize)</visible>
					</item>
					<item id="7">
						<description>Last Updated</description>
						<label>$LOCALIZE[31124]</label>
						<label2>$INFO[ListItem.AddonLastUpdated]</label2>
						<visible>!String.IsEmpty(ListItem.AddonLastUpdated)</visible>
					</item>
					<item id="8">
						<description>Last Used</description>
						<label>$LOCALIZE[12012]</label>
						<label2>$INFO[ListItem.AddonLastUsed]</label2>
						<visible>String.IsEmpty(ListItem.AddonSize) + !String.IsEmpty(ListItem.AddonLastUsed)</visible>
					</item>
					<item id="9">
						<description>Install Date</description>
						<label>$LOCALIZE[12013]</label>
						<label2>$INFO[ListItem.AddonInstallDate]</label2>
						<visible>!String.IsEmpty(ListItem.AddonInstallDate)</visible>
					</item>
				</content>
			</control>
			
			<control type="image">
				<left>100</left>
				<top>640</top>
				<width>1080</width>
				<height>2</height>
				<animation effect="fade" end="30" condition="true">Conditional</animation>
				<texture>views/videoinfo-separator.png</texture>
			</control>
			
			<control type="textbox" id="4">
				<description>Add-on Description</description>
				<left>100</left>
				<top>462</top>
				<width>1080</width>
				<height>163</height>
				<font>FullMediaInfoDescFont</font>
				<textcolor>MediaInfoColor</textcolor>
				<shadowcolor>ShadowColor</shadowcolor>
				<label>$INFO[ListItem.AddonDescription]</label>
				<align>justify</align>
				<pagecontrol>61</pagecontrol>
				<autoscroll time="2000" delay="6000" repeat="10000">true</autoscroll>
				<include>ControlsOpenCloseAnim</include>
				<visible>Skin.String(AddonInfoContentToggle,) | Skin.String(AddonInfoContentToggle,description)</visible>
			</control>
			
			<control type="textbox" id="9001">
				<description>Add-on News</description>
				<left>100</left>
				<top>462</top>
				<width>1080</width>
				<height>163</height>
				<font>FullMediaInfoDescFont</font>
				<textcolor>MediaInfoColor</textcolor>
				<shadowcolor>ShadowColor</shadowcolor>
				<label>$INFO[ListItem.AddonNews]</label>
				<align>justify</align>
				<pagecontrol>61</pagecontrol>
				<autoscroll time="2000" delay="6000" repeat="10000">true</autoscroll>
				<include>ControlsOpenCloseAnim</include>
				<visible>Skin.String(AddonInfoContentToggle,news)</visible>
			</control>
			
			<control type="panel" id="50">
				<left>100</left>
				<top>469</top>
				<width>1084</width>
				<height>173</height>
				<scrolltime>200</scrolltime>
				<pagecontrol>61</pagecontrol>
				<orientation>horizontal</orientation>
				<onleft>987</onleft>
				<ondown condition="Control.IsVisible(61)">61</ondown>
				<onup>901</onup>
				<onright condition="Control.IsVisible(61)">61</onright>
				<include>ControlsOpenCloseAnim</include>
				<visible>Skin.String(AddonInfoContentToggle,screenshots)</visible>
				<itemlayout height="151" width="271">
					<control type="image">
						<width>268</width>
						<height>151</height>
						<bordertexture border="4">covers/cover-case2.png</bordertexture>
						<bordersize>4</bordersize>
						<aspectratio align="center" aligny="center">scale</aspectratio>
						<texture background="true" fallback="DefaultPicture.png">$INFO[ListItem.Icon]</texture>
					</control>
				</itemlayout>
				<focusedlayout height="151" width="271">
					<control type="group">
						<include>ListViewCoverFocusAnim</include>
						<control type="image">
							<width>268</width>
							<height>151</height>
							<texture border="4">covers/cover-case-noshadow-focus.png</texture>
							<include>ListViewOverlayFadeAnim</include>
						</control>
						<control type="image">
							<top>2</top>
							<left>2</left>
							<width>264</width>
							<height>147</height>
							<bordertexture border="4">black.png</bordertexture>
							<bordersize>2</bordersize>
							<aspectratio align="center" aligny="center">scale</aspectratio>
							<texture background="true" fallback="DefaultPicture.png">$INFO[ListItem.Icon]</texture>
						</control>
					</control>
				</focusedlayout>
			</control>
			
			<control type="Label">
				<description>Disclaimer</description>
				<left>100</left>
				<top>645</top>
				<width>990</width>
				<font>ListFont3</font>
				<textcolor>MediaInfoItemColor</textcolor>
				<shadowcolor>ShadowColor</shadowcolor>
				<label>[UPPERCASE]$LOCALIZE[24052]: $INFO[ListItem.AddonDisclaimer][/UPPERCASE]</label>
				<include>ControlsOpenCloseAnim</include>
				<visible>!String.IsEmpty(ListItem.AddonDisclaimer)</visible>
			</control>
			
			<control type="spincontrol" id="61">
				<description>Next Page</description>
				<left>1110</left>
				<top>655</top>
				<width>28</width>
				<height>28</height>
				<spinwidth>30</spinwidth>
				<spinheight>30</spinheight>
				<onup condition="Control.IsVisible(50)">50</onup>
				<onup>901</onup>
				<onleft condition="Control.IsVisible(50)">50</onleft>
				<onleft>901</onleft>
				<visible>[Integer.IsGreater(Container(4).NumPages,1) + Control.IsVisible(4)] | [Integer.IsGreater(Container(9001).NumPages,1) + Control.IsVisible(9001)] | [Integer.IsGreater(Container(50).NumPages,1) + Control.IsVisible(50)]</visible>
			</control>
		</control>
		
		<include content="MenubarTopbar">
			<param name="Menubar" value="AddonInfoMenuBar" />
			<param name="Breadcrumbs" value="BreadCrumbMediaInfo" />
		</include>
	</controls>
</window>