<?xml version="1.0" encoding="UTF-8"?>
<window type="dialog" id="1117">
	<defaultcontrol always="true">116</defaultcontrol>
	<menucontrol>987</menucontrol>
	<onload>SetProperty("TvTunesSupported", "Movies")</onload>
	<include>ControlsOpenCloseAnim</include>
	
	<controls>
		<control type="group">
			<visible>!Window.IsActive(script-script.extendedinfo-DialogInfo.xml)</visible>
			<include>FSMediaInfoBackgroundDim2</include>
			
			<control type="label">
				<top>330</top>
				<width>1280</width>
				<align>center</align>
				<font>FullMediaInfoTitleFont2</font>
				<textcolor>MediaInfoTitleColor2</textcolor>
				<shadowcolor>ShadowColor</shadowcolor>
				<label>[UPPERCASE]$LOCALIZE[31166][/UPPERCASE]</label>
				<animation effect="fade" start="0" end="100" time="300" reversible="false" condition="String.IsEqual(Container(901).NumItems,0)">Conditional</animation>
				<animation effect="fade" start="100" end="0" time="300" reversible="false" condition="Integer.IsGreater(Container(901).NumItems,0)">Conditional</animation>
			</control>
			
			<control type="group">
				<depth>DepthContent</depth>
				<animation effect="fade" start="0" end="100" time="300" reversible="false" condition="Integer.IsGreater(Container(901).NumItems,0)">Conditional</animation>
				<animation effect="fade" start="100" end="0" time="300" reversible="false" condition="String.IsEqual(Container(901).NumItems,0)">Conditional</animation>
				
				<control type="image">
					<top>162</top>
					<left>35</left>
					<width>390</width>
					<height>2</height>
					<animation effect="fade" end="30" condition="true">Conditional</animation>
					<texture>views/videoinfo-separator.png</texture>
				</control>
				
				<control type="list" id="901">
					<left>30</left>
					<top>162</top>
					<width>400</width>
					<height>300</height>
					<onup>987</onup>
					<ondown condition="Control.IsVisible(61)">61</ondown>
					<onleft>987</onleft>
					<onright>902</onright>
					<pagecontrol>61</pagecontrol>
					<onclick>Dialog.Close(1117)</onclick>
					<onclick>PlayMedia($INFO[ListItem.FileNameAndPath])</onclick>
					<oninfo>Dialog.Close(1117)</oninfo>
					<itemlayout height="30">
						<control type="image">
							<top>28</top>
							<left>5</left>
							<width>390</width>
							<height>2</height>
							<animation effect="fade" end="30" condition="true">Conditional</animation>
							<texture>views/videoinfo-separator.png</texture>
						</control>
						<control type="label">
							<left>5</left>
							<width>300</width>
							<height>30</height>
							<font>FullMediaInfoFont</font>
							<aligny>center</aligny>
							<textcolor>MediaInfoItemColor</textcolor>
							<shadowcolor>ShadowColor</shadowcolor>
							<label>[UPPERCASE]$INFO[ListItem.Title][/UPPERCASE]</label>
						</control>
						<control type="label">
							<left>312</left>
							<width>100</width>
							<height>30</height>
							<font>FullMediaInfoFont2</font>
							<aligny>center</aligny>
							<textcolor>MediaInfoItemColor2</textcolor>
							<shadowcolor>ShadowColor</shadowcolor>
							<label>$INFO[ListItem.Year]</label>
						</control>
						<control type="image">
							<left>364</left>
							<width>24</width>
							<height>30</height>
							<aligny>center</aligny>
							<texture>$INFO[ListItem.Overlay]</texture>
							<aspectratio>keep</aspectratio>
							<visible>String.IsEqual(ListItem.Overlay,OverlayWatched.png)</visible>
						</control>
						<control type="image">
							<description>Watched Partial</description>
							<left>364</left>
							<width>24</width>
							<height>30</height>
							<aligny>center</aligny>
							<texture background="true">$VAR[WatchedPartial]</texture>
							<aspectratio>keep</aspectratio>
							<visible>ListItem.IsResumable</visible>
							<include>ListViewOverlayFadeAnim</include>
							<include>ListViewWatchedOverlayFadeAnim</include>
						</control>
					</itemlayout>
					<focusedlayout height="30">
						<control type="image">
							<top>28</top>
							<left>5</left>
							<width>390</width>
							<height>2</height>
							<animation effect="fade" end="30" condition="true">Conditional</animation>
							<texture>views/videoinfo-separator.png</texture>
						</control>
						<control type="image">
							<width>400</width>
							<height>30</height>
							<texture border="4">views/list-focus.png</texture>
							<aspectratio>stretch</aspectratio>
							<visible>Control.HasFocus(901)</visible>
							<include>ListViewSelectFadeAnim</include>
							<include condition="![Skin.String(LowCPUPowerMode,Animations) | Skin.String(LowCPUPowerMode,Full)]">MediaInfoListScrollAnim</include>
						</control>
						<control type="label">
							<left>5</left>
							<width>300</width>
							<height>30</height>
							<font>FullMediaInfoFont</font>
							<aligny>center</aligny>
							<textcolor>MediaInfoItemColor</textcolor>
							<shadowcolor>ShadowColor</shadowcolor>
							<label>[UPPERCASE]$INFO[ListItem.Title][/UPPERCASE]</label>
						</control>
						<control type="label">
							<left>312</left>
							<width>100</width>
							<height>30</height>
							<font>FullMediaInfoFont2</font>
							<aligny>center</aligny>
							<textcolor>MediaInfoItemColor2</textcolor>
							<shadowcolor>ShadowColor</shadowcolor>
							<label>$INFO[ListItem.Year]</label>
						</control>
						<control type="image">
							<left>364</left>
							<width>24</width>
							<height>30</height>
							<aligny>center</aligny>
							<texture>$INFO[ListItem.Overlay]</texture>
							<aspectratio>keep</aspectratio>
							<visible>String.IsEqual(ListItem.Overlay,OverlayWatched.png)</visible>
						</control>
						<control type="image">
							<description>Watched Partial</description>
							<left>364</left>
							<width>24</width>
							<height>30</height>
							<aligny>center</aligny>
							<texture background="true">$VAR[WatchedPartial]</texture>
							<aspectratio>keep</aspectratio>
							<visible>ListItem.IsResumable</visible>
							<include>ListViewOverlayFadeAnim</include>
							<include>ListViewWatchedOverlayFadeAnim</include>
						</control>
					</focusedlayout>
					<content target="video" sortorder="ascending" sortby="year">videodb://movies/sets/$INFO[ListItem.SetID]</content>
				</control>
				
				<control type="image">
					<top>91</top>
					<left>442</left>
					<width>344</width>
					<height>69</height>
					<align>center</align>
					<texture background="true">$INFO[Container(901).ListItem.Art(clearlogo)]</texture>
					<aspectratio>keep</aspectratio>
					<fadetime>IconCrossfadeTime</fadetime>
					<visible>!String.IsEmpty(Container(901).ListItem.Art(clearlogo))</visible>
				</control>
				
				<control type="label">
					<description>Title</description>
					<top>101</top>
					<left>242</left>
					<width>744</width>
					<align>center</align>
					<font>FullMediaInfoTitleFont3</font>
					<textcolor>MediaInfoTitleColor</textcolor>
					<shadowcolor>ShadowColor</shadowcolor>
					<label>[UPPERCASE]$INFO[Container(901).ListItem.Title][/UPPERCASE]</label>
					<scroll>true</scroll>
					<animation effect="slide" end="0,22" condition="String.IsEmpty(Container(901).ListItem.Tagline)">Conditional</animation>
					<visible>String.IsEmpty(Container(901).ListItem.Art(clearlogo))</visible>
				</control>
				
				<control type="group">
					<left>442</left>
					<top>162</top>
					
					<control type="image">
						<description>Poster Image Background</description>
						<width>336</width>
						<height>500</height>
						<texture border="4">covers/cover-case2.png</texture>
						<aspectratio>stretch</aspectratio>
						<visible>String.IsEmpty(Container(901).ListItem.Thumb)</visible>
						<animation effect="fade" end="70" condition="true">Conditional</animation>
					</control>
					
					<control type="image">
						<description>Default Poster Image</description>
						<width>336</width>
						<height>500</height>
						<texture>DefaultVideo.png</texture>
						<bordersize>60</bordersize>
						<aspectratio>keep</aspectratio>
						<visible>String.IsEmpty(Container(901).ListItem.Thumb)</visible>
						<animation effect="fade" end="85" condition="true">Conditional</animation>
					</control>
					
					<control type="image">
						<description>Movie Set Poster Cover Image</description>
						<width>336</width>
						<height>500</height>
						<texture background="true">$VAR[Window1117PosterThumb]</texture>
						<bordertexture border="4">covers/cover-case2.png</bordertexture>
						<bordersize>4</bordersize>
						<aspectratio>scale</aspectratio>
						<include>FSMediaInfoOpenCloseAnim</include>
						<fadetime>IconCrossfadeTime</fadetime>
						<visible>!String.IsEmpty(Container(901).ListItem.Thumb)</visible>
					</control>
					
					<control type="image">
						<description>Watched Overlay</description>
						<top>452</top>
						<left>288</left>
						<width>32</width>
						<height>32</height>
						<texture>OverlayWatched.png</texture>
						<aspectratio>keep</aspectratio>
						<include>FSMediaInfoOpenCloseAnim</include>
						<visible>String.IsEqual(Container(901).ListItem.Overlay,OverlayWatched.png)</visible>
					</control>
					
					<control type="image">
						<description>Studio Logo</description>
						<top>505</top>
						<width>336</width>
						<height>50</height>
						<aspectratio>keep</aspectratio>
						<align>center</align>
						<fadetime>IconCrossfadeTime</fadetime>
						<texture>$INFO[Container(901).ListItem.Studio,resource://resource.images.studios.white/,.png]</texture>
						<include>MediaFlagFadeAnim</include>
						<visible>!String.IsEmpty(Container(901).ListItem.Studio)</visible>
					</control>
				</control>

				<control type="group">
					<left>794</left>
					<top>162</top>
					
					<control type="image">
						<width>456</width>
						<height>2</height>
						<animation effect="fade" end="30" condition="true">Conditional</animation>
						<texture>views/videoinfo-separator.png</texture>
					</control>
					
					<control type="label">
						<description>Genre</description>
						<top>7</top>
						<width>456</width>
						<align>center</align>
						<font>FullMediaInfoTitleFont2</font>
						<textcolor>MediaInfoTitleColor2</textcolor>
						<shadowcolor>ShadowColor</shadowcolor>
						<label fallback="31000">[UPPERCASE]$INFO[Container(901).ListItem.Genre][/UPPERCASE]</label>
					</control>
					
					<control type="image">
						<top>38</top>
						<width>456</width>
						<height>2</height>
						<animation effect="fade" end="30" condition="true">Conditional</animation>
						<texture>views/videoinfo-separator.png</texture>
					</control>
				</control>
				
				<control type="list" id="902">
					<left>789</left>
					<top>202</top>
					<width>466</width>
					<height>233</height>
					<onup>987</onup>
					<onleft>901</onleft>
					<onright condition="Control.IsVisible(62)">62</onright>
					<onright condition="!Control.IsVisible(62)">987</onright>
					<ondown condition="Control.IsVisible(62)">62</ondown>
					<itemlayout height="29">
						<control type="image">
							<top>27</top>
							<left>5</left>
							<width>456</width>
							<height>2</height>
							<animation effect="fade" end="30" condition="true">Conditional</animation>
							<texture>views/videoinfo-separator.png</texture>
						</control>
						<control type="image">
							<left>140</left>
							<width>1</width>
							<height>32</height>
							<animation effect="fade" end="25" condition="true">Conditional</animation>
							<texture border="1,0,0,10" flipy="true">views/videoinfo-separator.png</texture>
						</control>
						<control type="label">
							<left>5</left>
							<width>145</width>
							<height>29</height>
							<font>FullMediaInfoFont</font>
							<aligny>center</aligny>
							<textcolor>MediaInfoItemColor</textcolor>
							<shadowcolor>ShadowColor</shadowcolor>
							<label>[UPPERCASE]$INFO[ListItem.Label][/UPPERCASE]</label>
						</control>
						<control type="label">
							<left>149</left>
							<width>309</width>
							<height>29</height>
							<font>FullMediaInfoFont2</font>
							<aligny>center</aligny>
							<textcolor>MediaInfoItemColor2</textcolor>
							<shadowcolor>ShadowColor</shadowcolor>
							<label fallback="31000">$INFO[ListItem.Label2]</label>
						</control>
					</itemlayout>
					<focusedlayout height="29">
						<control type="image">
							<top>27</top>
							<left>5</left>
							<width>456</width>
							<height>2</height>
							<animation effect="fade" end="30" condition="true">Conditional</animation>
							<texture>views/videoinfo-separator.png</texture>
						</control>
						<control type="image">
							<left>140</left>
							<width>1</width>
							<height>32</height>
							<animation effect="fade" end="25" condition="true">Conditional</animation>
							<texture border="1,0,0,10" flipy="true">views/videoinfo-separator.png</texture>
						</control>
						<control type="image">
							<width>466</width>
							<height>29</height>
							<texture border="4">views/list-focus.png</texture>
							<aspectratio>stretch</aspectratio>
							<visible>Control.HasFocus(902)</visible>
							<include>ListViewSelectFadeAnim</include>
							<animation effect="slide" start="0,-29" time="200" tween="quadratic" easing="out" reversible="false" condition="Container(902).OnNext + ![Skin.String(LowCPUPowerMode,Animations) | Skin.String(LowCPUPowerMode,Full)]">Focus</animation>
							<animation effect="slide" start="0,29" time="200" tween="quadratic" easing="out" reversible="false" condition="Container(902).OnPrevious + ![Skin.String(LowCPUPowerMode,Animations) | Skin.String(LowCPUPowerMode,Full)]">Focus</animation>
						</control>
						<control type="label">
							<left>5</left>
							<width>135</width>
							<height>29</height>
							<font>FullMediaInfoFont</font>
							<aligny>center</aligny>
							<textcolor>MediaInfoItemColor</textcolor>
							<shadowcolor>ShadowColor</shadowcolor>
							<label>[UPPERCASE]$INFO[ListItem.Label][/UPPERCASE]</label>
						</control>
						<control type="label">
							<left>149</left>
							<width>309</width>
							<height>29</height>
							<font>FullMediaInfoFont2</font>
							<aligny>center</aligny>
							<textcolor>MediaInfoItemColor2</textcolor>
							<shadowcolor>ShadowColor</shadowcolor>
							<label fallback="31000">$INFO[ListItem.Label2]</label>
						</control>
					</focusedlayout>
					<content>
						<item id="1">
							<description>Director</description>
							<label>$LOCALIZE[20339]</label>
							<label2>$INFO[Container(901).ListItem.Director]</label2>
							<onclick condition="System.HasAddon(script.extendedinfo)">RunScript(script.extendedinfo,info=extendedactorinfo,name=$INFO[Container(901).ListItem.Director])</onclick>
							<onclick condition="!System.HasAddon(script.extendedinfo)">InstallAddon(script.extendedinfo)</onclick>
						</item>
						<item id="2">
							<description>Writer</description>
							<label>$LOCALIZE[20417]</label>
							<label2>$INFO[Container(901).ListItem.Writer]</label2>
							<onclick condition="System.HasAddon(script.extendedinfo)">RunScript(script.extendedinfo,info=extendedactorinfo,name=$INFO[Container(901).ListItem.Writer])</onclick>
							<onclick condition="!System.HasAddon(script.extendedinfo)">InstallAddon(script.extendedinfo)</onclick>
						</item>
						<item id="3">
							<description>Studio</description>
							<label>$LOCALIZE[572]</label>
							<label2>$INFO[Container(901).ListItem.Studio]</label2>
						</item>
						<item id="4">
							<description>Year</description>
							<label>$LOCALIZE[345]</label>
							<label2>$INFO[Container(901).ListItem.Year]</label2>
						</item>
						<item id="5">
							<description>Runtime</description>
							<label>$LOCALIZE[2050]</label>
							<label2>$VAR[Container901LongDurationVar]</label2>
						</item>
						<item id="6">
							<description>Rating</description>
							<label>$LOCALIZE[563]</label>
							<label2>$INFO[Container(901).ListItem.Rating,$LOCALIZE[368] ,]$INFO[Container(901).ListItem.Top250,  &#x2022;  $LOCALIZE[31974] #,]$INFO[Container(901).ListItem.UserRating,  &#x2022;  $LOCALIZE[38018] ,]</label2>
						</item>
						<item id="7">
							<description>MPAA Rating</description>
							<label>$LOCALIZE[20074]</label>
							<label2>$INFO[Container(901).ListItem.Mpaa]</label2>
						</item>
						<item id="8">
							<description>File Path</description>
							<label>$LOCALIZE[21801]</label>
							<label2>$INFO[Container(901).ListItem.FileNameAndPath]</label2>
							<onclick condition="System.HasAddon(script.skin.helper.service)">RunScript(script.skin.helper.service,action=textviewer,header=$LOCALIZE[573],message=$INFO[Container(901).ListItem.FileNameAndPath])</onclick>
							<onclick condition="!System.HasAddon(script.skin.helper.service)">InstallAddon(script.skin.helper.service)</onclick>
						</item>
					</content>
				</control>
				
				<control type="textbox" id="903">
					<description>Plot</description>
					<left>794</left>
					<top>442</top>
					<width>456</width>
					<height>210</height>
					<font>FullMediaInfoDescFont</font>
					<textcolor>MediaInfoColor</textcolor>
					<shadowcolor>ShadowColor</shadowcolor>
					<align>justify</align>
					<label>$INFO[Container(901).ListItem.Plot]</label>
					<pagecontrol>62</pagecontrol>
					<autoscroll time="2000" delay="6000" repeat="10000">true</autoscroll>
				</control>
				
				<control type="image">
					<left>794</left>
					<top>659</top>
					<width>456</width>
					<height>2</height>
					<animation effect="fade" end="30" condition="true">Conditional</animation>
					<texture>views/videoinfo-separator.png</texture>
				</control>
				
				<control type="spincontrol" id="61">
					<description>Next Page</description>
					<left>30</left>
					<top>674</top>
					<width>28</width>
					<height>28</height>
					<spinwidth>30</spinwidth>
					<spinheight>30</spinheight>
					<onup>901</onup>
					<onleft>901</onleft>
					<oninfo>Dialog.Close(1117)</oninfo>
					<include>NotificationsOpenCloseAnim</include>
					<visible>Integer.IsGreater(Container(901).NumPages,1)</visible>
				</control>
				
				<control type="spincontrol" id="62">
					<description>Next Page</description>
					<left>1195</left>
					<top>674</top>
					<width>28</width>
					<height>28</height>
					<spinwidth>30</spinwidth>
					<spinheight>30</spinheight>
					<onup>902</onup>
					<onleft>902</onleft>
					<oninfo>Dialog.Close(1117)</oninfo>
					<include>NotificationsOpenCloseAnim</include>
					<visible>Integer.IsGreater(Container(903).NumPages,1) + !String.IsEmpty(Container(901).ListItem.Plot)</visible>
				</control>
			</control>
			
			<include content="MenubarTopbar">
				<param name="Menubar" value="SingleMovieSetInfoMenuBar" />
				<param name="Breadcrumbs" value="BreadCrumbMovieSetInfo" />
			</include>
		</control>
	</controls>
</window>