<?xml version="1.0" encoding="UTF-8"?>
<includes>
	<include file="Defaults.xml"/>
	<include file="Views.xml"/>
	<include file="ViewsCommon.xml"/>
	<include file="ViewsMusic.xml"/>
	<include file="ViewsMovies.xml"/>
	<include file="ViewsTVShows.xml"/>
	<include file="ViewsEpisodes.xml"/>
	<include file="ViewsMusicVideos.xml"/>
	<include file="ViewsAddons.xml"/>
	<include file="ViewsPrograms.xml"/>
	<include file="includes_Home.xml"/>
	<include file="includes_HomeCustomPane.xml"/>
	<include file="includes_InfoPane.xml"/>
	<include file="includes_MenuBar.xml"/>
	<include file="includes_StatusBar.xml"/>
	<include file="includes_BreadCrumbs.xml"/>
	<include file="includes_Animations.xml"/>
	<include file="includes_AnimationsViews.xml"/>
	<include file="includes_Dialogs.xml"/>
	<include file="includes_Backgrounds.xml"/>
	<include file="includes_PVR.xml"/>
	<include file="includes_MediaFlags.xml"/>
	<include file="includes_Scrollbars.xml"/>
	<include file="includes_Addons.xml"/>
	<include file="includes_Weather.xml"/>
	<include file="includes_SkinSettingsGeneral.xml"/>
	<include file="includes_SkinSettingsWeather.xml"/>
	<include file="includes_SkinSettingsHome.xml"/>
	<include file="includes_SkinSettingsMedia.xml"/>
	<include file="includes_SkinSettingsAnimations.xml"/>
	<include file="includes_SkinSettingsBackgrounds.xml"/>
	<include file="includes_SkinSettingsAddons.xml"/>
	
	<constant name="ScreenWidth">1280</constant>
	<constant name="ScreenHeight">720</constant>
	<constant name="DialogHeadingOffsetX">40</constant>
	<constant name="DialogHeadingOffsetY">14</constant>
	<constant name="DialogMarginOffsetX">35</constant>
	<constant name="DialogMarginOffsetY">53</constant>
	<constant name="Dialog4MarginOffsetY">35</constant>
	<constant name="MenuBarHeight">37</constant>
	<constant name="MenuBarOffsetY">45</constant>
	<constant name="StatusBartop">0</constant>
	<constant name="BottomPaneOffsetY">655</constant>
	<constant name="BackgroundCrossfadeTime">600</constant>
	<constant name="IconCrossfadeTime">400</constant>
	<constant name="FanartCrossfadeTime">600</constant>
	<constant name="MediaFlagsCrossfadeTime">400</constant>
	<constant name="SortLetterOffsetY">331</constant>
	
	<variable name="SkinSettingsLabel">
		<value condition="!System.HasAddon(script.toolbox)">$LOCALIZE[32025]</value>
		<value condition="System.HasAddon(script.toolbox)">$LOCALIZE[20077]</value>
	</variable>
	
	<variable name="ShutDownButton">
		<value condition="System.HasAlarm(ShutdownTimer)">$LOCALIZE[20151]</value>
		<value condition="!System.HasAlarm(ShutdownTimer)">$LOCALIZE[20150]</value>
	</variable>
	
	<variable name="VideoExtrasLogo">
		<value condition="Substring(ListItem.Path),BDMV">$INFO[ListItem.Path,../,logo.png]</value>
		<value>$INFO[ListItem.Path,,logo.png]</value>
	</variable>
	
	<variable name="VideoOSDCurrentControlLabel">
		<value condition="ControlGroup(400).HasFocus">$LOCALIZE[36501]</value>
		<value condition="ControlGroup(401).HasFocus">$LOCALIZE[24012]</value>
		<value>$INFO[System.CurrentControl]</value>
	</variable>
	
	<variable name="SettingsMenubarDescription">
		<value condition="Control.HasFocus(101)">$LOCALIZE[31951]</value>
		<value condition="Control.HasFocus(104)">$LOCALIZE[31952]</value>
		<value condition="Control.HasFocus(105)">$LOCALIZE[31953]</value>
		<value condition="Control.HasFocus(110)">$LOCALIZE[31954]</value>
		<value condition="Control.HasFocus(103)">$LOCALIZE[31955]</value>
		<value condition="Control.HasFocus(106)">$LOCALIZE[31956]</value>
		<value condition="Control.HasFocus(107)">$LOCALIZE[31957]</value>
		<value condition="Control.HasFocus(108)">$LOCALIZE[31958]</value>
		<value condition="Control.HasFocus(109)">$LOCALIZE[31959]</value>
	</variable>
	
	<variable name="SeekbarLabels">
		<value condition="[Player.Paused + !Player.Caching] + !Player.Seeking + !Player.DisplayAfterSeek">[UPPERCASE]$LOCALIZE[112][/UPPERCASE]</value>
		<value condition="[Player.Paused + Player.Caching] + !Player.Seeking">$INFO[Player.CacheLevel,,%]</value>
		<value condition="Player.Forwarding2x + !Player.Seeking">+2X</value>
		<value condition="Player.Forwarding4x + !Player.Seeking">+4X</value>
		<value condition="Player.Forwarding8x + !Player.Seeking">+8X</value>
		<value condition="Player.Forwarding16x + !Player.Seeking">+16X</value>
		<value condition="Player.Forwarding32x + !Player.Seeking">+32X</value>
		<value condition="Player.Rewinding2x + !Player.Seeking">-2X</value>
		<value condition="Player.Rewinding4x + !Player.Seeking">-4X</value>
		<value condition="Player.Rewinding8x + !Player.Seeking">-8X</value>
		<value condition="Player.Rewinding16 + !Player.Seeking">-16X</value>
		<value condition="Player.Rewinding32x + !Player.Seeking">-32X</value>
		<value condition="Player.DisplayAfterSeek + ![player.forwarding | player.rewinding] + !IsEmpty(Player.SeekOffset)">[UPPERCASE]$INFO[Player.SeekOffset][/UPPERCASE]</value>
	</variable>

	<include name="ScreenSize">
		<width>ScreenWidth</width>
		<height>ScreenHeight</height>
	</include>
	
	<include name="BackgroundSize">
		<width>ScreenWidth</width>
		<height>ScreenHeight</height>
	</include>
	
	<include name="ViewsDialogPopUpScreenDim">
		<control type="image">
			<include>ScreenSize</include>
			<texture>dim.png</texture>
			<animation effect="fade" start="0" end="50" time="450">VisibleChange</animation>
			<visible>Window.IsActive(3002) | Window.IsActive(3003) | Window.IsActive(3004) | Window.IsActive(3006) | Window.IsActive(3017)</visible>
		</control>
	</include>
	
	<include name="DialogPopUpScreenDim">
		<control type="image">
			<include>ScreenSize</include>
			<texture>dim.png</texture>
			<animation effect="fade" start="0" end="50" time="450">VisibleChange</animation>
			<visible>Window.IsActive(ShutdownMenu) | Window.IsActive(NumericInput) | Window.IsActive(LockSettings) | Window.IsActive(PlayerControls) | Window.IsActive(Favourites)</visible>
		</control>
	</include>
	
	<include name="TopBarImage">	
		<control type="image">
			<width>ScreenWidth</width>
			<height>47</height>
			<texture border="0,0,0,6">gui/top-bar-background.png</texture>
			<aspectratio>stretch</aspectratio>
			<animation effect="fade" end="83" condition="true">Conditional</animation>
		</control>	
		
		<control type="image">
			<width>ScreenWidth</width>
			<height>43</height>
			<texture>gui/bottom-bar-overlay.png</texture>
			<animation effect="fade" end="68" condition="true">Conditional</animation>
		</control>
	</include>
	
	<include name="HomeTopBarImage">	
		<control type="image">
			<width>ScreenWidth</width>
			<height>47</height>
			<texture border="0,0,0,6">gui/top-bar-background.png</texture>
			<aspectratio>stretch</aspectratio>
			<animation effect="fade" end="83" condition="true">Conditional</animation>
		</control>	
	</include>
	
	<include name="HomeTopBarOverlay">
		<control type="image">
			<width>ScreenWidth</width>
			<height>43</height>
			<texture>gui/bottom-bar-overlay.png</texture>
			<animation effect="fade" end="68" condition="true">Conditional</animation>
		</control>
	</include>
	
	<include name="FSTopPanel">
		<control type="image" id="1">
			<left>28</left>
			<top>-10</top>
			<width>1224</width>
			<height>120</height>
			<texture border="8">panels/panel.png</texture>
		</control>
	</include>
	
	<include name="FSMediaInfoPanel">
		<control type="image" id="1">
			<width>1224</width>
			<height>280</height>
			<texture border="8">panels/panel.png</texture>
		</control>
		
		<control type="image" id="1">
			<left>4</left>
			<top>4</top>
			<width>1216</width>
			<height>70</height>
			<texture border="5">panels/panel-content-border2.png</texture>
			<animation effect="fade" end="5" condition="true">Conditional</animation>
		</control>
	</include>
	
	<include name="FSMediaInfoPanelLiveTV">
		<control type="image" id="1">
			<width>1224</width>
			<height>300</height>
			<texture border="8">panels/panel.png</texture>
		</control>
		
		<control type="image" id="1">
			<left>4</left>
			<top>4</top>
			<width>1216</width>
			<height>70</height>
			<texture border="5">panels/panel-content-border2.png</texture>
			<animation effect="fade" end="5" condition="true">Conditional</animation>
		</control>
		
		<control type="image">
			<left>4</left>
			<top>275</top>
			<width>1216</width>
			<height>21</height>
			<texture border="5">panels/panel-content-border2.png</texture>
			<animation effect="fade" end="5" condition="true">Conditional</animation>
		</control>
	</include>
	
	<include name="NotifyPanel">
		<control type="image">
			<left>0</left>
			<top>-5</top>
			<width>360</width>
			<height>50</height>
			<texture border="20,0,20,8">panels/notify-panel.png</texture>
			<aspectratio>stretch</aspectratio>
		</control>	
	</include>
	
	<include name="NotifyPanelIcon">
		<left>20</left>
		<top>6</top>
		<width>30</width>
		<height>30</height>
		<aspectratio>stretch</aspectratio>
		<animation effect="fade" end="60" condition="true">Conditional</animation>
	</include>
	
	<include name="NotifyPanelLabel">
		<left>60</left>
		<top>2</top>
		<width>275</width>
		<height>16</height>
		<font>NowPlayingFont</font>	
		<textcolor>WhiteColor</textcolor>
		<scrollout>false</scrollout>
		<pauseatend>1500</pauseatend>
		<scroll>no</scroll>
	</include>
	
	<include name="NotifyPanelLabel2">
		<left>60</left>
		<top>20</top>
		<width>275</width>
		<height>16</height>
		<font>NowPlayingFont2</font>	
		<textcolor>GreyColor2</textcolor>
		<scrollout>false</scrollout>
		<pauseatend>1500</pauseatend>
		<scroll>true</scroll>
	</include>
	
	<include name="PlayerControlsPanel">
		<control type="image">
			<left>28</left>
			<width>1224</width>
			<height>75</height>
			<texture border="8">panels/panel.png</texture>
			<aspectratio>stretch</aspectratio>
		</control>	
	</include>
	
	<include name="FSSeekBar">
		<control type="image">
			<left>6</left>
			<width>474</width>
			<height>75</height>
			<texture border="8">panels/panel.png</texture>
			<aspectratio>stretch</aspectratio>
		</control>	
	</include>
	
	<include name="LoginScreenPaneImage">	
		<control type="image">
			<left>28</left>
			<width>1224</width>
			<height>75</height>
			<texture border="8">panels/panel.png</texture>
		</control>	
	</include>

	<include name="LoginScreenPaneDetails">
		<control type="label">
			<left>47</left>
			<top>25</top>
			<font>DefaultHeadFont</font>
			<textcolor>GreyColor2</textcolor>
			<aligny>center</aligny>
			<label>$INFO[System.Date] [COLOR=GreyColor]|[/COLOR] $INFO[System.Time] [COLOR=GreyColor]|[/COLOR] [COLOR=DefaultColor]$INFO[ListItem.Label2][/COLOR]</label>
		</control>
		
		<control type="grouplist" id="213">
			<left>1121</left>
			<top>10</top>
			<orientation>horizontal</orientation>
			<onup>52</onup>
			<onleft>213</onleft>
			<onright>213</onright>
			<control type="button" id="101">
				<description>Quit</description>
				<width>35</width>
				<height>35</height>
				<texturefocus>osd/osd-exit-focus.png</texturefocus>
				<texturenofocus>osd/osd-exit-nofocus.png</texturenofocus>
				<pulseonselect>false</pulseonselect>
				<onclick>Quit()</onclick>
			</control>
			<control type="button" id="102">
				<description>Reboot</description>
				<width>35</width>
				<height>35</height>
				<texturefocus>osd/osd-reboot-focus.png</texturefocus>
				<texturenofocus>osd/osd-reboot-nofocus.png</texturenofocus>
				<pulseonselect>false</pulseonselect>
				<onclick>Reset()</onclick>
			</control>	
			<control type="button" id="103">
				<description>Shutdown</description>
				<width>35</width>
				<height>35</height>
				<texturefocus>osd/osd-shutdown-focus.png</texturefocus>
				<texturenofocus>osd/osd-shutdown-nofocus.png</texturenofocus>
				<pulseonselect>false</pulseonselect>
				<onclick>Shutdown()</onclick>
			</control>	
		</control>
	</include>
	
	<include name="ContextMenuBtn">
		<width>280</width>
		<textwidth>270</textwidth>
		<scroll>true</scroll>
	</include>
	
	<include name="ShutdownContextMenuBtn">
		<width>280</width>
		<textwidth>230</textwidth>
		<scroll>true</scroll>
	</include>
	
	<include name="SettingsCatBtn">
		<width>210</width>
		<height>50</height>
		<font>SettingsCatFont</font>
		<textcolor>SettingsCatColor</textcolor>
		<shadowcolor>ShadowColor</shadowcolor>
		<textwidth>190</textwidth>
		<textoffsetx>10</textoffsetx>
		<align>left</align>
		<texturefocus border="5">controls/button-focus.png</texturefocus>
		<texturenofocus border="5">-</texturenofocus>
		<pulseonselect>false</pulseonselect>
	</include>
	
	<include name="SettingsInactiveCatBtn">
		<width>210</width>
		<height>50</height>
		<font>SettingsCatFont</font>
		<textcolor>SelectedColor</textcolor>
		<shadowcolor>ShadowColor</shadowcolor>
		<textwidth>190</textwidth>
		<textoffsetx>10</textoffsetx>
		<align>left</align>
		<texturefocus border="5">-</texturefocus>
		<texturenofocus border="5">settings/settings-cat-button-alt-focus.png</texturenofocus>
		<pulseonselect>false</pulseonselect>
	</include>
	
	<include name="SettingsHeaderBtn">
		<width>755</width>
		<height>50</height>
		<font>SettingsHeadFont</font>
		<textcolor>SettingsContentColor</textcolor>
		<shadowcolor>ShadowColor</shadowcolor>
		<disabledcolor>ContentTitleColor</disabledcolor>
		<align>left</align>
		<textoffsetx>0</textoffsetx>
		<textwidth>755</textwidth>
		<texturefocus border="5">controls/settings-button-nofocus.png</texturefocus>
		<texturenofocus border="5">controls/settings-button-nofocus.png</texturenofocus>
		<pulseonselect>false</pulseonselect>
		<enable>false</enable>
	</include>
	
	<include name="SettingsBackBtn">
		<left>-50</left>
		<top>250</top>
		<width>28</width>
		<height>41</height>
		<texturefocus flipx="true">controls/nav-arrow-right-focus.png</texturefocus>
		<texturenofocus flipx="true">controls/nav-arrow-right-nofocus.png</texturenofocus>
	</include>
	
	<include name="SettingsInfoLabel">
		<left>755</left>
		<top>548</top>
		<width>560</width>
		<font>SettingsContentFont2</font>
		<textcolor>MediaInfoTitleColor2</textcolor>
		<shadowcolor>ShadowColor</shadowcolor>
		<align>right</align>
	</include>

	<include name="SettingsContentBtn">
		<width>755</width>
		<height>50</height>
		<font>SettingsContentFont</font>
		<textcolor>SettingsContentColor</textcolor>
		<shadowcolor>ShadowColor</shadowcolor>
		<align>left</align>
		<textoffsetx>10</textoffsetx>
		<textwidth>735</textwidth>
		<texturefocus border="5">controls/settings-button-focus.png</texturefocus>
		<texturenofocus border="5">controls/settings-button-nofocus.png</texturenofocus>
		<pulseonselect>false</pulseonselect>
	</include>
	
	<include name="SettingsSystemInfoContentBtn">
		<width>755</width>
		<height>50</height>
		<font>SettingsContentFont</font>
		<textcolor>SettingsContentColor</textcolor>
		<disabledcolor>SettingsContentColor</disabledcolor>
		<shadowcolor>ShadowColor</shadowcolor>
		<align>left</align>
		<textoffsetx>10</textoffsetx>
		<textwidth>735</textwidth>
		<texturefocus border="5">-</texturefocus>
		<texturenofocus border="5">-</texturenofocus>
		<pulseonselect>false</pulseonselect>
		<enable>false</enable>
	</include>
	
	<include name="SettingsContentRadioBtn">
		<width>755</width>
		<height>50</height>
		<font>SettingsContentFont</font>
		<textcolor>SettingsContentColor</textcolor>
		<shadowcolor>ShadowColor</shadowcolor>
		<align>left</align>
		<textoffsetx>10</textoffsetx>
		<textwidth>675</textwidth>
		<texturefocus border="5">controls/settings-button-focus.png</texturefocus>
		<texturenofocus border="5">controls/settings-toggle-button-nofocus.png</texturenofocus>
		<alttexturefocus border="5">controls/settings-button-focus.png</alttexturefocus>
		<alttexturenofocus border="5">controls/settings-toggle-button-nofocus.png</alttexturenofocus>
		<pulseonselect>false</pulseonselect>
	</include>
	
	<include name="SettingsContentToggleBtn">
		<width>755</width>
		<height>50</height>
		<font>SettingsContentFont</font>
		<textcolor>SettingsContentColor</textcolor>
		<shadowcolor>ShadowColor</shadowcolor>
		<align>left</align>
		<textoffsetx>10</textoffsetx>
		<textwidth>675</textwidth>
		<texturefocus border="5">controls/settings-toggle-button-focus.png</texturefocus>
		<texturenofocus border="5">controls/settings-toggle-button-nofocus.png</texturenofocus>
		<alttexturefocus border="5">controls/settings-toggle-button-focus2.png</alttexturefocus>
		<alttexturenofocus border="5">controls/settings-toggle-button-nofocus2.png</alttexturenofocus>
		<pulseonselect>false</pulseonselect>
	</include>
	
	<include name="SettingsContentExpandBtn">
		<width>755</width>
		<height>50</height>
		<font>SettingsContentFont</font>
		<textcolor>SettingsContentColor</textcolor>
		<shadowcolor>ShadowColor</shadowcolor>
		<align>left</align>
		<textoffsetx>10</textoffsetx>
		<textwidth>675</textwidth>
		<radiowidth>50</radiowidth>
		<radioheight>25</radioheight>
		<textureradiofocus>settings/settings-expand-arrow.png</textureradiofocus>
		<textureradionofocus>settings/settings-expand-arrow.png</textureradionofocus>
		<texturefocus border="5">controls/settings-button-focus.png</texturefocus>
		<texturenofocus border="5">controls/settings-button-nofocus.png</texturenofocus>
		<pulseonselect>false</pulseonselect>
	</include>
	
	<include name="ExpandedSettingsListBtn">
		<width>540</width>
		<height>50</height>
		<font>SettingsContentFont</font>
		<textcolor>SettingsContentColor</textcolor>
		<shadowcolor>ShadowColor</shadowcolor>
		<align>left</align>
		<textoffsetx>10</textoffsetx>
		<textwidth>520</textwidth>
		<texturefocus border="5">controls/settings-button-focus.png</texturefocus>
		<texturenofocus border="5">controls/settings-button-nofocus.png</texturenofocus>
		<pulseonselect>false</pulseonselect>
	</include>
	
	<include name="ExpandedSettingsHeaderBtn">
		<width>540</width>
		<height>50</height>
		<font>SettingsHeadFont</font>
		<textcolor>SettingsContentColor</textcolor>
		<shadowcolor>ShadowColor</shadowcolor>
		<disabledcolor>ContentTitleColor</disabledcolor>
		<align>left</align>
		<textoffsetx>0</textoffsetx>
		<textwidth>540</textwidth>
		<texturefocus border="5">controls/settings-button-nofocus.png</texturefocus>
		<texturenofocus border="5">controls/settings-button-nofocus.png</texturenofocus>
		<enable>false</enable>
	</include>
	
	<include name="ExpandedSettingsGroupRadioBtn">
		<width>174</width>
		<height>50</height>
		<font>SettingsContentFont</font>
		<textcolor>SettingsContentColor</textcolor>
		<shadowcolor>ShadowColor</shadowcolor>
		<align>left</align>
		<textoffsetx>10</textoffsetx>
		<textwidth>114</textwidth>
		<radioposx>126</radioposx>
		<textureradiofocus>controls/radio-button-focus3.png</textureradiofocus>
		<textureradionofocus>controls/radio-button-nofocus3.png</textureradionofocus>
		<texturefocus border="5">controls/button-focus.png</texturefocus>
		<texturenofocus border="5">controls/button-nofocus.png</texturenofocus>
		<alttexturefocus border="5">controls/button-focus.png</alttexturefocus>
		<alttexturenofocus border="5">controls/button-nofocus.png</alttexturenofocus>
		<pulseonselect>false</pulseonselect>
	</include>

	<include name="ExpandedSettingsToggleBtn">
		<width>540</width>
		<height>50</height>
		<font>SettingsContentFont</font>
		<textcolor>SettingsContentColor</textcolor>
		<shadowcolor>ShadowColor</shadowcolor>
		<align>left</align>
		<textoffsetx>10</textoffsetx>
		<textwidth>460</textwidth>
		<texturefocus border="5">controls/settings-toggle-button2-focus.png</texturefocus>
		<texturenofocus border="5">controls/settings-toggle-button2-nofocus.png</texturenofocus>
		<alttexturefocus border="5">controls/settings-toggle-button2-focus2.png</alttexturefocus>
		<alttexturenofocus border="5">controls/settings-toggle-button2-nofocus2.png</alttexturenofocus>
		<pulseonselect>false</pulseonselect>
	</include>

	<include name="ExpandedSettingsRadioBtn">
		<width>205</width>
		<height>50</height>
		<font>SettingsContentFont</font>
		<textcolor>SettingsContentColor</textcolor>
		<shadowcolor>ShadowColor</shadowcolor>
		<align>left</align>
		<textoffsetx>10</textoffsetx>
		<textwidth>125</textwidth>
		<radioposx>144</radioposx>
		<textureradiofocus>controls/radio-button-focus.png</textureradiofocus>
		<textureradionofocus>controls/radio-button-nofocus.png</textureradionofocus>
		<texturefocus border="5">controls/button-focus.png</texturefocus>
		<texturenofocus border="5">controls/button-nofocus.png</texturenofocus>
		<alttexturefocus border="5">controls/button-focus.png</alttexturefocus>
		<alttexturenofocus border="5">controls/button-nofocus.png</alttexturenofocus>
		<pulseonselect>false</pulseonselect>
	</include>
	
	<include name="ExpandedSettingsImagePreview">
		<width>205</width>
		<height>195</height>
		<bordersize>10</bordersize>
		<aspectratio>keep</aspectratio>
		<include>ControlsOpenCloseAnim</include>
	</include>
	
	<include name="KeyboardSmallBtn">	
		<width>48</width>
	    <height>48</height>
	    <font>DefaultFontB</font>		
	</include>
	
	<include name="KeyboardBigBtn">	
		<width>98</width>
	    <height>48</height>			
	</include>

	<include name="FileManagerInfoLabel">
		<width>180</width>
		<height>10</height>
		<font>FileManagerInfoFont</font>
		<textcolor>MediaInfoItemColor</textcolor>
		<shadowcolor>ShadowColor</shadowcolor>
		<align>center</align>
	</include>
	
	<include name="FileManagerInfoLabel2">
		<width>180</width>
		<height>34</height>
		<font>FileManagerInfoFont</font>
		<textcolor>MediaInfoItemColor2</textcolor>
		<shadowcolor>ShadowColor</shadowcolor>
		<align>center</align>
	</include>

	<include name="FSMediaInfoBackgroundDim">
		<control type="image">
			 <include>BackgroundSize</include>
			 <texture>views/fanart-dim.png</texture>
			 <include>MediaViewOpenCloseAnim</include>
			 <animation effect="fade" end="60" condition="true">Conditional</animation>
		</control>
	</include>
	
	<include name="FSMediaInfoBackgroundDim2">
		<control type="image">
			 <include>BackgroundSize</include>
			 <texture>views/fanart-dim.png</texture>
			 <include>MediaViewOpenCloseAnim</include>
			 <animation effect="fade" end="80" condition="true">Conditional</animation>
		</control>
	</include>
	
	<include name="FSMediaInfoBackgroundDim3">
		<control type="image">
			 <include>BackgroundSize</include>
			 <texture>views/fanart-dim.png</texture>
			 <include>MediaViewOpenCloseAnim</include>
			 <animation effect="fade" end="70" condition="true">Conditional</animation>
		</control>
	</include>

	<include name="SortLetterNotification">
		<visible>Container.Scrolling</visible>
	
		<animation type="Visible">
			<effect type="fade" start="0" end="100" time="300"/>
			<effect type="slide" start="-60,0" time="400" tween="cubic" easing="out"/>	
		</animation>
		
		<animation type="Hidden">
			<effect type="fade" start="100" end="0" time="300" delay="1000"/>
			<effect type="slide" end="-60,0" time="400" delay="1000" tween="cubic" easing="out"/>	
		</animation>
		
		<control type="image">
			<left>-25</left>
			<width>80</width>
			<height>80</height>
			<texture border="25">covers/item-focus-background.png</texture>
		</control>
		
		<control type="label">
			<left>15</left>
			<top>25</top>
			<font>SortLetterFont</font>
			<textcolor>DefaultColor</textcolor>
			<shadowcolor>ShadowColor</shadowcolor>
			<label>$INFO[ListItem.SortLetter]</label>
		</control>
	</include>
	
	<include name="RedirectBtn">
		<left>-1</left>
		<top>-1</top>
		<width>1</width>
		<height>1</height>
		<texturefocus>-</texturefocus>
		<texturenofocus>-</texturenofocus>
	</include>
	
	<include name="DropDownMenuCloseHitRect">
		<include>ScreenSize</include>
		<texturenofocus>-</texturenofocus>
		<texturefocus>-</texturefocus>
		<onclick>Control.SetFocus(500)</onclick>
	</include>
	
	<include name="ReloadSkinNotification">
		<onclick>Notification($LOCALIZE[32024],$LOCALIZE[31219],3000,)</onclick>
	</include>
	
	<include name="DialogVideoInfoActors1">
		<left>470</left>
		<top>460</top>
		<width>710</width>
		<height>175</height>
		<onup>901</onup>
		<itemlayout height="35" width="355">		
			<control type="image">
				<left>5</left>
				<top>5</top>
				<width>24</width>
				<height>24</height>
				<texture background="true">$INFO[ListItem.ActualIcon].png</texture>
			</control>
			<control type="label">
				<top>6</top>
				<left>35</left>
				<width>318</width>
				<height>23</height>
				<font>FullMediaInfoDescFont</font>
				<textcolor>GreyColor2</textcolor>
				<selectedcolor>SelectedColor</selectedcolor>
				<shadowcolor>ShadowColor</shadowcolor>
				<align>left</align>
				<aligny>center</aligny>
				<info>ListItem.Label</info>
			</control>				
		</itemlayout>				
		<focusedlayout height="35" width="355">				
			<control type="image">
				<width>355</width>
				<height>33</height>
				<texture border="4">views/list-focus.png</texture>
				<include>ListViewSelectFadeAnim</include>
			</control>	
			<control type="image">
				<left>5</left>
				<top>5</top>
				<width>24</width>
				<height>24</height>
				<texture background="true">$INFO[ListItem.ActualIcon].png</texture>
			</control>
			<control type="label">
				<top>6</top>
				<left>35</left>
				<width>318</width>
				<height>23</height>
				<font>FullMediaInfoDescFont</font>
				<textcolor>GreyColor2</textcolor>
				<selectedcolor>SelectedColor</selectedcolor>
				<shadowcolor>ShadowColor</shadowcolor>
				<align>left</align>
				<aligny>center</aligny>
				<info>ListItem.Label</info>
			</control>
		</focusedlayout>
	</include>
	
	<include name="DialogVideoInfoActors2">
		<left>61</left>
		<top>470</top>
		<width>1160</width>
		<height>140</height>
		<onup>901</onup>
		<itemlayout height="35" width="386">		
			<control type="image">
				<left>5</left>
				<top>5</top>
				<width>24</width>
				<height>24</height>
				<texture background="true">$INFO[ListItem.ActualIcon].png</texture>
			</control>
			<control type="label">
				<top>6</top>
				<left>35</left>
				<width>346</width>
				<height>23</height>
				<font>FullMediaInfoDescFont</font>
				<textcolor>GreyColor2</textcolor>
				<selectedcolor>SelectedColor</selectedcolor>
				<shadowcolor>ShadowColor</shadowcolor>
				<align>left</align>
				<aligny>center</aligny>
				<info>ListItem.Label</info>
			</control>				
		</itemlayout>				
		<focusedlayout height="35" width="386">				
			<control type="image">
				<width>386</width>
				<height>33</height>
				<texture border="4">views/list-focus.png</texture>
				<include>ListViewSelectFadeAnim</include>
			</control>	
			<control type="image">
				<left>5</left>
				<top>5</top>
				<width>24</width>
				<height>24</height>
				<texture background="true">$INFO[ListItem.ActualIcon].png</texture>
			</control>
			<control type="label">
				<top>6</top>
				<left>35</left>
				<width>346</width>
				<height>23</height>
				<font>FullMediaInfoDescFont</font>
				<textcolor>GreyColor2</textcolor>
				<selectedcolor>SelectedColor</selectedcolor>
				<shadowcolor>ShadowColor</shadowcolor>
				<align>left</align>
				<aligny>center</aligny>
				<info>ListItem.Label</info>
			</control>
		</focusedlayout>
	</include>
	
	<include name="DialogVideoInfoActors3">
		<left>652</left>
		<top>409</top>
		<width>360</width>
		<height>232</height>
		<onup>505</onup>
		<itemlayout height="29" width="360">		
			<control type="image">
				<left>5</left>
				<top>3</top>
				<width>24</width>
				<height>24</height>
				<texture background="true">$INFO[ListItem.ActualIcon].png</texture>
			</control>
			<control type="label">
				<top>3</top>
				<left>35</left>
				<width>320</width>
				<height>23</height>
				<font>FullMediaInfoDescFont</font>
				<textcolor>GreyColor2</textcolor>
				<selectedcolor>SelectedColor</selectedcolor>
				<shadowcolor>ShadowColor</shadowcolor>
				<align>left</align>
				<aligny>center</aligny>
				<info>ListItem.Label</info>
			</control>				
		</itemlayout>				
		<focusedlayout height="29" width="360">				
			<control type="image">
				<width>360</width>
				<height>29</height>
				<texture border="4">views/list-focus.png</texture>
				<include>ListViewSelectFadeAnim</include>
				<animation effect="slide" start="0,-29" time="200" tween="quadratic" easing="out" reversible="false" condition="Container(50).OnNext">Focus</animation>
				<animation effect="slide" start="0,29" time="200" tween="quadratic" easing="out" reversible="false" condition="Container(50).OnPrevious">Focus</animation>
			</control>	
			<control type="image">
				<left>5</left>
				<top>3</top>
				<width>24</width>
				<height>24</height>
				<texture background="true">$INFO[ListItem.ActualIcon].png</texture>
			</control>
			<control type="label">
				<top>3</top>
				<left>35</left>
				<width>320</width>
				<height>23</height>
				<font>FullMediaInfoDescFont</font>
				<textcolor>GreyColor2</textcolor>
				<selectedcolor>SelectedColor</selectedcolor>
				<shadowcolor>ShadowColor</shadowcolor>
				<align>left</align>
				<aligny>center</aligny>
				<info>ListItem.Label</info>
			</control>
		</focusedlayout>
	</include>
	
	<variable name="FSInfoLabel1">
		<value condition="VideoPlayer.Content(Movies) | VideoPlayer.Content(MusicVideos)">$INFO[VideoPlayer.Genre]</value>
		<value condition="VideoPlayer.Content(Episodes)">$INFO[VideoPlayer.TVShowTitle]$INFO[VideoPlayer.Season, (,]$INFO[VideoPlayer.Episode,x,)]</value> 
		<value condition="VideoPlayer.Content(LiveTV)">$INFO[VideoPlayer.ChannelNumber]$INFO[VideoPlayer.ChannelName,  -  ]</value>
	</variable>
	
	<variable name="FSInfoLabel2">
		<value condition="VideoPlayer.Content(Movies) | VideoPlayer.Content(Episodes)">$LOCALIZE[20339]:</value>
		<value condition="VideoPlayer.Content(MusicVideos)">$LOCALIZE[557]:</value>
		<value condition="VideoPlayer.Content(LiveTV)">$LOCALIZE[19127]:</value>
	</variable>
	
	<variable name="FSInfoLabel2Val">
		<value condition="VideoPlayer.Content(Movies) | VideoPlayer.Content(Episodes)">$INFO[VideoPlayer.Director]</value>
		<value condition="VideoPlayer.Content(MusicVideos)">$INFO[VideoPlayer.Artist]</value>
		<value condition="VideoPlayer.Content(LiveTV)">$INFO[VideoPlayer.EndTime]</value>
	</variable>
	
	<variable name="FSInfoLabel3">
		<value condition="VideoPlayer.Content(Movies) | VideoPlayer.Content(Episodes)">$LOCALIZE[20417]:</value>
		<value condition="VideoPlayer.Content(MusicVideos)">$LOCALIZE[558]:</value>
		<value condition="VideoPlayer.Content(LiveTV)">$LOCALIZE[19141]:</value>
	</variable>
	
	<variable name="FSInfoLabel3Val">
		<value condition="VideoPlayer.Content(Movies) | VideoPlayer.Content(Episodes)">$INFO[VideoPlayer.Writer]</value>
		<value condition="VideoPlayer.Content(MusicVideos)">$INFO[VideoPlayer.Album]</value>
		<value condition="VideoPlayer.Content(LiveTV)">$INFO[VideoPlayer.ChannelGroup]</value>
	</variable>
	
	<variable name="ClearImageOSD">
		<value condition="VideoPlayer.Content(Movies) + [Skin.HasSetting(ShowClearArtOSD) + !IsEmpty(Player.Art(clearart))]">$INFO[Player.Art(clearart)]</value>
		<value condition="VideoPlayer.Content(Movies) + [[Skin.HasSetting(ShowClearLogoOSD) + !IsEmpty(Player.Art(clearlogo))] | [Skin.HasSetting(ShowClearArtOSD) + IsEmpty(Player.Art(clearart)) + !IsEmpty(Player.Art(clearlogo))]]">$INFO[Player.Art(clearlogo)]</value>
		<value condition="VideoPlayer.Content(Episodes) + [Skin.HasSetting(ShowClearArtOSD) + !IsEmpty(Player.Art(tvshow.clearart))]">$INFO[Player.Art(tvshow.clearart)]</value>
		<value condition="VideoPlayer.Content(Episodes) + [[Skin.HasSetting(ShowClearLogoOSD) + !IsEmpty(Player.Art(tvshow.clearlogo))] | [Skin.HasSetting(ShowClearArtOSD) + IsEmpty(Player.Art(tvshow.clearart)) + !IsEmpty(Player.Art(tvshow.clearlogo))]]">$INFO[Player.Art(tvshow.clearlogo)]</value>
		<value>$INFO[VideoPlayer.Cover]</value>
	</variable>
	
	<variable name="ClearImageOSD1">
		<value condition="VideoPlayer.Content(Movies) + [Skin.HasSetting(ShowClearArtOSD) + !IsEmpty(Player.Art(clearart))]">$INFO[Player.Art(clearart)]</value>
		<value condition="VideoPlayer.Content(Movies) + [[Skin.HasSetting(ShowClearLogoOSD) + !IsEmpty(Player.Art(clearlogo))] | [Skin.HasSetting(ShowClearArtOSD) + IsEmpty(Player.Art(clearart)) + !IsEmpty(Player.Art(clearlogo))]]">$INFO[Player.Art(clearlogo)]</value>
		<value condition="VideoPlayer.Content(Episodes) + [Skin.HasSetting(ShowClearArtOSD) + !IsEmpty(Player.Art(tvshow.clearart))]">$INFO[Player.Art(tvshow.clearart)]</value>
		<value condition="VideoPlayer.Content(Episodes) + [[Skin.HasSetting(ShowClearLogoOSD) + !IsEmpty(Player.Art(tvshow.clearlogo))] | [Skin.HasSetting(ShowClearArtOSD) + IsEmpty(Player.Art(tvshow.clearart)) + !IsEmpty(Player.Art(tvshow.clearlogo))]]">$INFO[Player.Art(tvshow.clearlogo)]</value>
	</variable>
	
	<variable name="MusicVizDescription">
		<value condition="System.HasAddon(script.artistslideshow) + [Skin.HasSetting(UseFanartForMusicPlayingBG) | Skin.HasSetting(UseVisualizationAndFanartForMusicPlayingBG)] + Skin.HasSetting(EnableArtistFanartSlideshow)">$INFO[Window(Visualisation).Property(ArtistSlideshow.ArtistBiography)]</value>
		<value>$INFO[MusicPlayer.Property(Album_Description)]</value>
	</variable>
	
	<variable name="VideoPlayerSeasonVal">
		<value condition="!IntegerGreaterThan(VideoPlayer.Season,9)">$INFO[VideoPlayer.Season,S0]</value>
		<value>$INFO[VideoPlayer.Season,S]</value>
	</variable>
	
	<variable name="VideoPlayerEpisodeVal">
		<value condition="!IntegerGreaterThan(VideoPlayer.Episode,9)">$INFO[VideoPlayer.Episode,E0]</value>
		<value>$INFO[VideoPlayer.Episode,E]</value>
	</variable>
</includes>