<?xml version="1.0" encoding="UTF-8"?>
<includes>
	<!--//// START LIST INFO VIEW /////////////////////////////////////////////////////////////////////-->
	<include name="MusicListInfoView">
		<control type="group" id="500">
			<defaultcontrol always="true">62</defaultcontrol>
			<visible>Control.IsVisible(62)</visible>
			<include>MediaViewOpenCloseAnim</include>
			<include>ListInfoViewContentPanel</include>
			
			<control type="group">
				<visible>!String.IsEmpty(ListItem.Album)</visible>
				
				<control type="image">
					<description>Cover Background</description>
					<left>39</left>
					<top>337</top>
					<width>250</width>
					<height>250</height>
					<texture background="true" border="4">panels/panel3.png</texture>
					<aspectratio>stretch</aspectratio>
					<include>ListInfoViewMediaInfoBackgroundFadeAnim</include>
				</control>
				
				<control type="image">
					<description>Default Cover</description>
					<left>39</left>
					<top>337</top>
					<width>250</width>
					<height>250</height>
					<texture background="true">DefaultAudio.png</texture>
					<bordersize>40</bordersize>
					<aspectratio>keep</aspectratio>
					<fadetime>IconCrossfadeTime</fadetime>
					<visible>String.IsEmpty(ListItem.Thumb)</visible>
					<animation effect="fade" end="60" condition="true">Conditional</animation>
				</control>
				
				<control type="image">
					<description>Cover</description>
					<left>39</left>
					<top>337</top>
					<width>250</width>
					<height>250</height>
					<texture background="true" diffuse="covers/list-info-thumb-diffuse.png">$INFO[ListItem.Thumb]</texture>
					<bordersize>1</bordersize>
					<aspectratio scalediffuse="false">scale</aspectratio>
					<fadetime>IconCrossfadeTime</fadetime>
				</control>
			
				<control type="label">
					<description>Genre</description>
					<left>300</left>
					<top>341</top>
					<width>403</width>
					<align>center</align>
					<font>MediaInfoFont2</font>
					<textcolor>MediaInfoItemColor2</textcolor>
					<shadowcolor>ShadowColor</shadowcolor>
					<label>[UPPERCASE]$INFO[ListItem.Genre][/UPPERCASE]</label>
					<scroll>true</scroll>
				</control>
				
				<control type="textbox">
					<description>Description</description>
					<left>300</left>
					<top>376</top>
					<width>403</width>
					<height>208</height>
					<font>MediaInfoDescFont</font>
					<textcolor>MediaInfoColor</textcolor>
					<shadowcolor>ShadowColor</shadowcolor>
					<align>justify</align>
					<label fallback="31204">$INFO[ListItem.Property(Album_Description)]</label>
					<wrapmultiline>true</wrapmultiline>
					<autoscroll time="2000" delay="6000" repeat="10000">!Skin.HasSetting(DoNotAutoScrollPlot)</autoscroll>
					<visible>Container.Content(Albums) + !Container.OnNext + !Container.OnPrevious</visible> 
					<include>ControlsOpenCloseAnim</include>
				</control>
				
				<control type="textbox">
					<description>Song Comment</description>
					<left>300</left>
					<top>376</top>
					<width>403</width>
					<height>208</height>
					<font>MediaInfoDescFont</font>
					<textcolor>MediaInfoColor</textcolor>
					<shadowcolor>ShadowColor</shadowcolor>
					<align>justify</align>
					<label fallback="31205">$INFO[ListItem.Comment]</label>
					<wrapmultiline>true</wrapmultiline>
					<autoscroll time="2000" delay="6000" repeat="10000">!Skin.HasSetting(DoNotAutoScrollPlot)</autoscroll>
					<visible>Container.Content(Songs) + !Skin.HasSetting(HideMusicListInfoDescription) + !Container.OnNext + !Container.OnPrevious</visible> 
					<include>ControlsOpenCloseAnim</include>
				</control>
				
				<control type="grouplist">
					<description>Media Info (Album)</description>
					<left>44</left>
					<top>585</top>
					<width>661</width>
					<align>center</align>
					<orientation>horizontal</orientation>
					<usecontrolcoords>true</usecontrolcoords>
					<visible>Container.Content(Albums)</visible>
					<control type="label">
						<description>Artist</description>
						<width min="0" max="110">auto</width>
						<include>ListInfoViewCatLabel</include>
						<label>$LOCALIZE[557]:</label>
					</control>
					<control type="label">
						<description>Artist Value</description>
						<width min="0" max="220">auto</width>
						<scroll>true</scroll>
						<include>ListInfoViewCatValueLabel</include>
						<label fallback="31001">$INFO[ListItem.Artist]</label>
					</control>
					<include>ListInfoViewDot</include>
					<control type="label">
						<description>Record Label</description>
						<width min="0" max="110">auto</width>
						<include>ListInfoViewCatLabel</include>
						<label>$LOCALIZE[21899]:</label>
					</control>
					<control type="label">
						<description>Record Label Value</description>
						<width min="0" max="200">auto</width>
						<include>ListInfoViewCatValueLabel</include>
						<label fallback="31001">$INFO[ListItem.Property(Album_Label)]</label>
					</control>
					<include>ListInfoViewDot</include>
					<control type="label">
						<description>Year</description>
						<width min="0" max="110">auto</width>
						<include>ListInfoViewCatLabel</include>
						<label>$LOCALIZE[345]:</label>
					</control>
					<control type="label">
						<description>Year Value</description>
						<width min="0" max="110">auto</width>
						<include>ListInfoViewCatValueLabel</include>
						<label fallback="31001">$INFO[ListItem.Year]</label>
					</control>
				</control>
				
				<control type="grouplist">
					<description>Media Info (Song)</description>
					<left>44</left>
					<top>585</top>
					<width>661</width>
					<align>center</align>
					<orientation>horizontal</orientation>
					<usecontrolcoords>true</usecontrolcoords>
					<visible>Container.Content(Songs)</visible>
					<control type="label">
						<description>Artist</description>
						<width min="0" max="110">auto</width>
						<include>ListInfoViewCatLabel</include>
						<label>$LOCALIZE[557]:</label>
					</control>
					<control type="label">
						<description>Artist Value</description>
						<width min="0" max="250">auto</width>
						<include>ListInfoViewCatValueLabel</include>
						<label fallback="31001">$INFO[ListItem.Artist]</label>
					</control>
					<include>ListInfoViewDot</include>
					<control type="label">
						<description>Album</description>
						<width min="0" max="110">auto</width>
						<include>ListInfoViewCatLabel</include>
						<label>$LOCALIZE[558]:</label>
					</control>
					<control type="label">
						<description>Album Value</description>
						<width min="0" max="200">auto</width>
						<include>ListInfoViewCatValueLabel</include>
						<label fallback="31001">$INFO[ListItem.Album]</label>
					</control>
					<include>ListInfoViewDot</include>
					<control type="label">
						<description>Year</description>
						<width min="0" max="110">auto</width>
						<include>ListInfoViewCatLabel</include>
						<label>$LOCALIZE[345]:</label>
					</control>
					<control type="label">
						<description>Year Value</description>
						<width min="0" max="110">auto</width>
						<include>ListInfoViewCatValueLabel</include>
						<label fallback="31001">$INFO[ListItem.Year]</label>
					</control>
				</control>
			</control>
			
			<control type="group">
				<visible>!String.IsEmpty(ListItem.Artist) + Container.Content(Artists)</visible>
				
				<control type="image">
					<description>Cover Background</description>
					<left>39</left>
					<top>337</top>
					<width>250</width>
					<height>250</height>
					<texture background="true" border="4">panels/panel3.png</texture>
					<aspectratio>stretch</aspectratio>
					<include>ListInfoViewMediaInfoBackgroundFadeAnim</include>
				</control>
				
				<control type="image">
					<description>Default Cover</description>
					<left>39</left>
					<top>337</top>
					<width>250</width>
					<height>250</height>
					<texture background="true">DefaultArtist.png</texture>
					<bordersize>40</bordersize>
					<aspectratio>keep</aspectratio>
					<fadetime>IconCrossfadeTime</fadetime>
					<visible>String.IsEmpty(ListItem.Thumb)</visible>
					<animation effect="fade" end="60" condition="true">Conditional</animation>
				</control>
				
				<control type="image">
					<description>Cover</description>
					<left>39</left>
					<top>337</top>
					<width>250</width>
					<height>250</height>
					<texture background="true" diffuse="covers/list-info-thumb-diffuse.png">$INFO[ListItem.Thumb]</texture>
					<bordersize>1</bordersize>
					<aspectratio align="center" aligny="center" scalediffuse="false">scale</aspectratio>
					<fadetime>IconCrossfadeTime</fadetime>
				</control>
			
				<control type="label">
					<description>Genre</description>
					<left>300</left>
					<top>341</top>
					<width>403</width>
					<align>center</align>
					<font>MediaInfoFont2</font>
					<textcolor>MediaInfoItemColor2</textcolor>
					<shadowcolor>ShadowColor</shadowcolor>
					<label>[UPPERCASE]$INFO[ListItem.Property(Artist_Genre)][/UPPERCASE]</label>
					<scroll>true</scroll>
				</control>
				
				<control type="textbox">
					<description>Description</description>
					<left>300</left>
					<top>376</top>
					<width>403</width>
					<height>208</height>
					<font>MediaInfoDescFont</font>
					<textcolor>MediaInfoColor</textcolor>
					<shadowcolor>ShadowColor</shadowcolor>
					<align>justify</align>
					<label fallback="31204">$INFO[ListItem.Property(Artist_Description)]</label>
					<wrapmultiline>true</wrapmultiline>
					<autoscroll time="2000" delay="6000" repeat="10000">!Skin.HasSetting(DoNotAutoScrollPlot)</autoscroll>
					<visible>!Container.OnNext + !Container.OnPrevious</visible> 
					<include>ControlsOpenCloseAnim</include>
				</control>
				
				<control type="grouplist">
					<description>Media Info</description>
					<left>44</left>
					<top>585</top>
					<width>661</width>
					<align>center</align>
					<orientation>horizontal</orientation>
					<usecontrolcoords>true</usecontrolcoords>
					<control type="label">
						<description>Born</description>
						<width min="0" max="150">auto</width>
						<include>ListInfoViewCatLabel</include>
						<label>$LOCALIZE[21893]:</label>
						<visible>!String.IsEmpty(ListItem.Property(Artist_Born))</visible>
					</control>
					<control type="label">
						<description>Formed</description>
						<width min="0" max="150">auto</width>
						<include>ListInfoViewCatLabel</include>
						<label>$LOCALIZE[21894]:</label>
						<visible>!String.IsEmpty(ListItem.Property(Artist_Formed))</visible>
					</control>
					<control type="label">
						<description>Born Value</description>
						<width min="0" max="300">auto</width>
						<include>ListInfoViewCatValueLabel</include>
						<label fallback="31001">$INFO[ListItem.Property(Artist_Born)]</label>
						<visible>!String.IsEmpty(ListItem.Property(Artist_Born))</visible>
					</control>
					<control type="label">
						<description>Formed Value</description>
						<width min="0" max="300">auto</width>
						<include>ListInfoViewCatValueLabel</include>
						<label fallback="31001">$INFO[ListItem.Property(Artist_Formed)]</label>
						<visible>!String.IsEmpty(ListItem.Property(Artist_Formed))</visible>
					</control>
					<control type="label">
						<description>No Value</description>
						<width min="0" max="200">auto</width>
						<include>ListInfoViewCatLabel</include>
						<label>$LOCALIZE[21893]/$LOCALIZE[21894]: [COLOR=MediaInfoItemColor2]$LOCALIZE[31001][/COLOR]</label>
						<visible>String.IsEmpty(ListItem.Property(Artist_Born)) + String.IsEmpty(ListItem.Property(Artist_Formed))</visible>
					</control>
					<include>ListInfoViewDot</include>
					<control type="label">
						<description>Years Active</description>
						<width min="0" max="114">auto</width>
						<include>ListInfoViewCatLabel</include>
						<label>$LOCALIZE[21898]:</label>
					</control>
					<control type="label">
						<description>Years Active Value</description>
						<width min="0" max="200">auto</width>
						<include>ListInfoViewCatValueLabel</include>
						<label fallback="31001">$INFO[ListItem.Property(Artist_YearsActive)]</label>
					</control>
				</control>
			</control>
		
			<control type="list" id="62">
				<viewtype label="31111">list</viewtype>
				<left>720</left>
				<top>332</top>
				<width>505</width>
				<height>296</height>
				<pagecontrol>90605</pagecontrol>
				<preloaditems>2</preloaditems>
				<scrolltime tween="sine" easing="inout">300</scrolltime>
				<onup>62</onup>
				<ondown>62</ondown>
				<onleft>850</onleft>
				<onright>150</onright>
				<visible>$EXP[AlbumsSongsArtists]</visible>
				<itemlayout height="37">
					<control type="image">
						<width>505</width>
						<height>37</height>
						<texture border="0,0,10,2">views/list-separator.png</texture>
						<aspectratio>stretch</aspectratio>
					</control>
					<control type="image">
						<description>Icon</description>
						<left>5</left>
						<top>6</top>
						<width>24</width>
						<height>24</height>
						<texture background="true">$INFO[ListItem.ActualIcon].png</texture>
						<aspectratio>stretch</aspectratio>
						<include>ListViewOverlayFadeAnim</include>
					</control>
					<control type="image">
						<description>Icon</description>
						<left>5</left>
						<top>6</top>
						<width>24</width>
						<height>24</height>
						<texture background="true">$INFO[ListItem.ActualIcon].png</texture>
						<aspectratio>stretch</aspectratio>
						<visible>Container.Content(Artists)</visible>
						<include>ListViewOverlayFadeAnim</include>
					</control>
					<control type="label">
						<description>Label</description>
						<left>35</left>
						<width>365</width>
						<height>37</height>
						<font>ListFont</font>
						<textcolor>ListColor</textcolor>
						<shadowcolor>ShadowColor</shadowcolor>
						<aligny>center</aligny>
						<info>ListItem.Label</info>
					</control>
					<control type="label">
						<description>Label2</description>
						<left>295</left>
						<width>200</width>
						<height>37</height>
						<font>ListFont2</font>
						<textcolor>ListColor3</textcolor>
						<shadowcolor>ShadowColor</shadowcolor>
						<align>right</align>
						<aligny>center</aligny>
						<info>ListItem.Label2</info>
						<visible>Skin.HasSetting(DoNotUseStarRatingMusic)</visible>
					</control>
					<control type="image">
						<description>Star Rating</description>
						<left>395</left>
						<top>10</top>
						<width>100</width>
						<height>16</height>
						<texture background="true">$VAR[StarRating]</texture>
						<aspectratio align="right">keep</aspectratio>
						<visible>!Skin.HasSetting(DoNotUseStarRatingMusic) + ![String.IsEmpty(ListItem.Rating) + String.IsEmpty(ListItem.UserRating)]</visible>
						<include>StarRatingFadeAnim</include>
					</control>
				</itemlayout>
				<focusedlayout height="37">
					<control type="image">
						<width>505</width>
						<height>37</height>
						<texture border="0,0,10,2">views/list-separator.png</texture>
						<aspectratio>stretch</aspectratio>
					</control>
					<control type="image">
						<width>505</width>
						<height>36</height>
						<texture border="4">views/list-focus.png</texture>
						<aspectratio>stretch</aspectratio>
						<visible>Control.HasFocus(62)</visible>
						<include>ListViewSelectFadeAnim</include>
						<include condition="![Skin.String(LowCPUPowerMode,Animations) | Skin.String(LowCPUPowerMode,Full)]">ListViewScrollAnim</include>
					</control>
					<control type="image">
						<width>505</width>
						<height>36</height>
						<texture border="4">views/list-alt-focus.png</texture>
						<aspectratio>stretch</aspectratio>
						<visible>!Control.HasFocus(62)</visible>
						<include>ListViewSelectFadeAnim2</include>
					</control>
					<control type="group">
						<include>ListViewFocusAnim</include>
						<control type="image">
							<description>Icon</description>
							<left>5</left>
							<top>6</top>
							<width>24</width>
							<height>24</height>
							<texture background="true">$INFO[ListItem.ActualIcon].png</texture>
							<aspectratio>stretch</aspectratio>
						</control>
						<control type="image">
							<description>Icon</description>
							<left>5</left>
							<top>6</top>
							<width>24</width>
							<height>24</height>
							<texture background="true">$INFO[ListItem.ActualIcon].png</texture>
							<aspectratio>stretch</aspectratio>
							<visible>Container.Content(Artists)</visible>
						</control>
						<control type="label">
							<description>Label</description>
							<left>35</left>
							<width>365</width>
							<height>37</height>
							<font>ListFont</font>
							<textcolor>SelectedColor</textcolor>
							<shadowcolor>ShadowColor</shadowcolor>
							<align>left</align>
							<aligny>center</aligny>
							<info>ListItem.Label</info>
							<scroll>true</scroll>
						</control>
						<control type="label">
							<description>Label2</description>
							<left>295</left>
							<width>200</width>
							<height>37</height>
							<font>ListFont2</font>
							<textcolor>ListColor3</textcolor>
							<shadowcolor>ShadowColor</shadowcolor>
							<align>right</align>
							<aligny>center</aligny>
							<info>ListItem.Label2</info>
							<visible>Skin.HasSetting(DoNotUseStarRatingMusic)</visible>
						</control> 
						<control type="image">
							<description>Star Rating</description>
							<left>395</left>
							<top>10</top>
							<width>100</width>
							<height>16</height>
							<texture background="true">$VAR[StarRating]</texture>
							<aspectratio align="right">keep</aspectratio>
							<visible>!Skin.HasSetting(DoNotUseStarRatingMusic) + ![String.IsEmpty(ListItem.Rating) + String.IsEmpty(ListItem.UserRating)]</visible>
						</control>
					</control>
				</focusedlayout>
			</control>

			<include content="ListInfoViewScrollbar">
				<param name="id" value="90605" />
			</include>
			
			<control type="group">
				<description>Bottom Bar Area</description>
				<top>BottomPaneOffsetY</top>
				<!--<include>InfoPaneImage</include>-->
				<include>InfoPaneMediaDetails</include>
				<include condition="!Skin.HasSetting(EnableMusicLibraryClearLogos)">InfoPaneClearLogoMusic</include>
				<include>BottomPaneOpenCloseAnim</include>
			</control>
			
			<include>ViewsDialogPopUpScreenDim</include>
		</control>
	</include>
	<!--//// END LIST INFO VIEW ///////////////////////////////////////////////////////////////////////-->
	
	<!--//// START LIST INFO 2 VIEW ///////////////////////////////////////////////////////////////////-->
	<include name="MusicListInfoView2">
		<control type="group" id="500">
	        <defaultcontrol always="true">67</defaultcontrol>
			<visible>Control.IsVisible(67)</visible>
			<include>MediaViewOpenCloseAnim</include>
			<include>ViewContentPanel</include>
			<include>ListInfo2MediaInfoPanelCommon</include>
			
			<control type="group">
				<visible>!String.IsEmpty(ListItem.Album)</visible>
				<include>ListInfo2PanelFanart</include>
				
				<include content="ListInfo2MediaInfoArea">
					<param name="visible" value="Container.Content(Albums)" />
					<param name="Grouplist1LabelWidth" value="110" />
					<param name="Grouplist1Label" value="$LOCALIZE[557]" />
					<param name="Grouplist1InfoWidth" value="310" />
					<param name="Grouplist1Info" value="$INFO[ListItem.Artist]" />
					<param name="Grouplist2LabelWidth" value="110" />
					<param name="Grouplist2Label" value="$LOCALIZE[21899]" />
					<param name="Grouplist2InfoWidth" value="310" />
					<param name="Grouplist2Info" value="$INFO[ListItem.Property(Album_Label)]" />
					<param name="Grouplist3LabelWidth" value="110" />
					<param name="Grouplist3Label" value="$LOCALIZE[345]" />
					<param name="Grouplist3InfoWidth" value="110" />
					<param name="Grouplist3Info" value="$INFO[ListItem.Year]" />
					<param name="Grouplist4LabelWidth" value="110" />
					<param name="Grouplist4Label" value="$LOCALIZE[563]" />
					<param name="Grouplist4InfoWidth" value="110" />
					<param name="Grouplist4Info" value="$VAR[RatingType]" />
				</include>
				
				<include content="ListInfo2MediaInfoArea">
					<param name="visible" value="Container.Content(Songs)" />
					<param name="Grouplist1LabelWidth" value="110" />
					<param name="Grouplist1Label" value="$LOCALIZE[557]" />
					<param name="Grouplist1InfoWidth" value="310" />
					<param name="Grouplist1Info" value="$INFO[ListItem.Artist]" />
					<param name="Grouplist2LabelWidth" value="110" />
					<param name="Grouplist2Label" value="$LOCALIZE[558]" />
					<param name="Grouplist2InfoWidth" value="310" />
					<param name="Grouplist2Info" value="$INFO[ListItem.Album]" />
					<param name="Grouplist3LabelWidth" value="110" />
					<param name="Grouplist3Label" value="$LOCALIZE[345]" />
					<param name="Grouplist3InfoWidth" value="110" />
					<param name="Grouplist3Info" value="$INFO[ListItem.Year]" />
					<param name="Grouplist4LabelWidth" value="110" />
					<param name="Grouplist4Label" value="$LOCALIZE[563]" />
					<param name="Grouplist4InfoWidth" value="110" />
					<param name="Grouplist4Info" value="$VAR[RatingType]" />
				</include>
				
				<include content="ListInfo2Plot">
					<param name="fallback" value="31204" />
					<param name="label" value="$INFO[ListItem.Property(Album_Description)]" />
					<param name="visible" value="Container.Content(Albums) + !Container.OnNext + !Container.OnPrevious" />
				</include>
				
				<include content="ListInfo2Plot">
					<param name="fallback" value="31205" />
					<param name="label" value="$INFO[ListItem.Comment]" />
					<param name="visible" value="Container.Content(Songs) + !Skin.HasSetting(HideMusicListInfo2Description) + !Container.OnNext + !Container.OnPrevious" />
				</include>
			</control>
			
			<control type="group">
				<visible>!String.IsEmpty(ListItem.Artist) + Container.Content(Artists)</visible>
				<include>ListInfo2PanelFanart</include>

				<control type="group">
					<description>Media Info Area</description>
					<left>38</left>
					<top>430</top>
		
					<control type="grouplist">
						<description>Born/Formed</description>
						<left>10</left>
						<orientation>horizontal</orientation>
						<control type="label">
							<width min="0" max="150">auto</width>
							<font>MediaInfoFont</font>
							<textcolor>MediaInfoItemColor</textcolor>
							<shadowcolor>ShadowColor</shadowcolor>
							<label>$LOCALIZE[21893]:</label>
							<visible>!String.IsEmpty(ListItem.Property(Artist_Born))</visible>
						</control>
						<control type="label">
							<width min="0" max="150">auto</width>
							<font>MediaInfoFont</font>
							<textcolor>MediaInfoItemColor</textcolor>
							<shadowcolor>ShadowColor</shadowcolor>
							<label>$LOCALIZE[21894]:</label>
							<visible>!String.IsEmpty(ListItem.Property(Artist_Formed))</visible>
						</control>
						<control type="label">
							<width min="0" max="450">auto</width>
							<font>MediaInfoFont</font>
							<textcolor>MediaInfoItemColor2</textcolor>
							<shadowcolor>ShadowColor</shadowcolor>
							<label>$INFO[ListItem.Property(Artist_Born)]</label>
							<visible>!String.IsEmpty(ListItem.Property(Artist_Born))</visible>
						</control>
						<control type="label">
							<width min="0" max="450">auto</width>
							<font>MediaInfoFont</font>
							<textcolor>MediaInfoItemColor2</textcolor>
							<shadowcolor>ShadowColor</shadowcolor>
							<label>$INFO[ListItem.Property(Artist_Formed)]</label>
							<visible>!String.IsEmpty(ListItem.Property(Artist_Formed))</visible>
						</control>
						<control type="label">
							<width min="0" max="200">auto</width>
							<font>MediaInfoFont</font>
							<textcolor>MediaInfoItemColor</textcolor>
							<shadowcolor>ShadowColor</shadowcolor>
							<label>$LOCALIZE[21893]/$LOCALIZE[21894]: [COLOR=MediaInfoItemColor2]$LOCALIZE[31001][/COLOR]</label>
							<visible>String.IsEmpty(ListItem.Property(Artist_Born)) + String.IsEmpty(ListItem.Property(Artist_Formed))</visible>
						</control>
					</control>
					
					<control type="grouplist">
						<description>Years Active</description>
						<left>10</left>
						<top>22</top>
						<orientation>horizontal</orientation>
						<control type="label">
							<width min="0" max="150">auto</width>
							<font>MediaInfoFont</font>
							<textcolor>MediaInfoItemColor</textcolor>
							<shadowcolor>ShadowColor</shadowcolor>
							<label>$LOCALIZE[21898]:</label>
						</control>
						<control type="label">
							<width min="0" max="370">auto</width>
							<font>MediaInfoFont</font>
							<textcolor>MediaInfoItemColor2</textcolor>
							<shadowcolor>ShadowColor</shadowcolor>
							<label fallback="31001">$INFO[ListItem.Property(Artist_YearsActive)]</label>
						</control>
					</control>
				</control>
				
				<control type="textbox">
					<description>Description</description>
					<left>48</left>
					<top>494</top>
					<width>526</width>
					<height>120</height>
					<font>MediaInfoDescFont</font>
					<textcolor>MediaInfoColor</textcolor>
					<shadowcolor>ShadowColor</shadowcolor>
					<align>justify</align>
					<label fallback="31204">$INFO[ListItem.Property(Artist_Description)]</label>
					<wrapmultiline>true</wrapmultiline>
					<autoscroll time="2000" delay="6000" repeat="10000">!Skin.HasSetting(DoNotAutoScrollPlot)</autoscroll>
					<visible>!Container.OnNext + !Container.OnPrevious</visible>
					<include>ControlsOpenCloseAnim</include>
				</control>
			</control>
			
			<control type="list" id="67">
				<viewtype label="31112">list</viewtype>
				<left>595</left>
				<top>110</top>
				<width>630</width>
				<height>518</height>
				<pagecontrol>90706</pagecontrol>
				<preloaditems>2</preloaditems>
				<scrolltime tween="sine" easing="inout">300</scrolltime>
				<onup>67</onup>
				<ondown>67</ondown>
				<onleft>850</onleft>
				<onright>150</onright>
				<visible>$EXP[AlbumsSongsArtists]</visible>
				<include condition="Skin.String(MusicListInfo2Style,1) | Skin.String(MusicListInfo2Style,3)">MusicListInfo2ItemLayout</include>
				<include condition="String.IsEmpty(Skin.String(MusicListInfo2Style)) | Skin.String(MusicListInfo2Style,2)">MusicListInfo2TallStyleItemLayout</include>
				<include condition="Skin.String(MusicListInfo2Style,1)">MusicListInfo2FocusedLayout</include>
				<include condition="String.IsEmpty(Skin.String(MusicListInfo2Style)) | Skin.String(MusicListInfo2Style,2) | Skin.String(MusicListInfo2Style,3)">MusicListInfo2TallStyleFocusedLayout</include>
			</control>
			
			<include content="ListInfo2ViewScrollbar">
					<param name="id" value="90706" />
				</include>
			
			<control type="group">
				<description>Bottom Bar Area</description>
				<top>BottomPaneOffsetY</top>
				<!--<include>InfoPaneImage</include>-->
				<include>InfoPaneMediaDetails</include>
				<include condition="!Skin.HasSetting(EnableMusicLibraryClearLogos)">InfoPaneClearLogoMusic</include>
				<include>BottomPaneOpenCloseAnim</include>
			</control>

			<include>ViewsDialogPopUpScreenDim</include>
		</control>
	</include>
	
	<include name="MusicListInfo2ItemLayout">
		<itemlayout height="37">
			<control type="image">
				<width>630</width>
				<height>37</height>
				<texture border="0,0,10,2">views/list-separator.png</texture>
				<aspectratio>stretch</aspectratio>
			</control>
			<control type="image">
				<description>Icon</description>
				<left>5</left>
				<top>6</top>
				<width>24</width>
				<height>24</height>
				<texture background="true">$INFO[ListItem.ActualIcon].png</texture>
				<aspectratio>stretch</aspectratio>
				<include>ListViewOverlayFadeAnim</include>
			</control>
			<control type="image">
				<description>Icon</description>
				<left>5</left>
				<top>6</top>
				<width>24</width>
				<height>24</height>
				<texture background="true">$INFO[ListItem.ActualIcon].png</texture>
				<aspectratio>stretch</aspectratio>
				<visible>Container.Content(Artists)</visible>
				<include>ListViewOverlayFadeAnim</include>
			</control>
			<control type="label">
				<description>Label</description>
				<left>35</left>
				<width>490</width>
				<height>37</height>
				<font>ListFont</font>
				<textcolor>ListColor</textcolor>
				<shadowcolor>ShadowColor</shadowcolor>
				<aligny>center</aligny>
				<info>ListItem.Label</info>
			</control>
			<control type="label">
				<description>Label2</description>
				<left>420</left>
				<width>200</width>
				<height>37</height>
				<font>ListFont2</font>
				<textcolor>ListColor3</textcolor>
				<shadowcolor>ShadowColor</shadowcolor>
				<align>right</align>
				<aligny>center</aligny>
				<info>ListItem.Label2</info>
				<visible>Skin.HasSetting(DoNotUseStarRatingMusic)</visible>
			</control>
			<control type="image">
				<description>Star Rating</description>
				<left>520</left>
				<top>10</top>
				<width>100</width>
				<height>16</height>
				<texture background="true">$VAR[StarRating]</texture>
				<aspectratio align="right">keep</aspectratio>
				<visible>!Skin.HasSetting(DoNotUseStarRatingMusic) + ![String.IsEmpty(ListItem.Rating) + String.IsEmpty(ListItem.UserRating)]</visible>
				<include>StarRatingFadeAnim</include>
			</control>
		</itemlayout>
	</include>
	
	<include name="MusicListInfo2FocusedLayout">
		<focusedlayout height="37">
			<control type="image">
				<width>630</width>
				<height>37</height>
				<texture border="0,0,10,2">views/list-separator.png</texture>
				<aspectratio>stretch</aspectratio>
			</control>
			<control type="image">
				<width>630</width>
				<height>36</height>
				<texture border="4">views/list-focus.png</texture>
				<aspectratio>stretch</aspectratio>
				<visible>Control.HasFocus(67)</visible>
				<include>ListViewSelectFadeAnim</include>
				<include condition="![Skin.String(LowCPUPowerMode,Animations) | Skin.String(LowCPUPowerMode,Full)]">ListViewScrollAnim</include>
			</control>
			<control type="image">
				<width>630</width>
				<height>36</height>
				<texture border="4">views/list-alt-focus.png</texture>
				<aspectratio>stretch</aspectratio>
				<visible>!Control.HasFocus(67)</visible>
				<include>ListViewSelectFadeAnim2</include>
			</control>
			<control type="group">
				<include>ListViewFocusAnim</include>
				<control type="image">
					<description>Icon</description>
					<left>5</left>
					<top>6</top>
					<width>24</width>
					<height>24</height>
					<texture background="true">$INFO[ListItem.ActualIcon].png</texture>
					<aspectratio>stretch</aspectratio>
				</control>
				<control type="image">
					<description>Icon</description>
					<left>5</left>
					<top>6</top>
					<width>24</width>
					<height>24</height>
					<texture background="true">$INFO[ListItem.ActualIcon].png</texture>
					<aspectratio>stretch</aspectratio>
					<visible>Container.Content(Artists)</visible>
				</control>
				<control type="label">
					<description>Label</description>
					<left>35</left>
					<width>490</width>
					<height>37</height>
					<font>ListFont</font>
					<textcolor>SelectedColor</textcolor>
					<shadowcolor>ShadowColor</shadowcolor>
					<aligny>center</aligny>
					<info>ListItem.Label</info>
					<scroll>true</scroll>
				</control>
				<control type="label">
					<description>Label2</description>
					<left>420</left>
					<width>200</width>
					<height>37</height>
					<font>ListFont2</font>
					<textcolor>ListColor3</textcolor>
					<shadowcolor>ShadowColor</shadowcolor>
					<align>right</align>
					<aligny>center</aligny>
					<info>ListItem.Label2</info>
					<visible>Skin.HasSetting(DoNotUseStarRatingMusic)</visible>
				</control>
				<control type="image">
					<description>Star Rating</description>
					<left>520</left>
					<top>10</top>
					<width>100</width>
					<height>16</height>
					<texture background="true">$VAR[StarRating]</texture>
					<aspectratio align="right">keep</aspectratio>
					<visible>!Skin.HasSetting(DoNotUseStarRatingMusic) + ![String.IsEmpty(ListItem.Rating) + String.IsEmpty(ListItem.UserRating)]</visible>
				</control>
			</control>
		</focusedlayout>
	</include>
	
	<include name="MusicListInfo2TallStyleItemLayout">
		<itemlayout height="74">
			<control type="image">
				<width>630</width>
				<height>74</height>
				<texture border="0,0,10,2">views/list-separator.png</texture>
				<aspectratio>stretch</aspectratio>
			</control>
			<control type="image">
				<description>Cover</description>
				<width>73</width>
				<height>73</height>
				<bordertexture border="7">covers/cover-case-nofocus.png</bordertexture>
				<bordersize>5</bordersize>
				<texture background="true">$INFO[ListItem.Thumb]</texture>
				<aspectratio>scale</aspectratio>
			</control>
			<control type="image">
				<description>Dim</description>
				<width>73</width>
				<height>73</height>
				<bordersize>5</bordersize>
				<texture background="true">dim.png</texture>
				<aspectratio>stretch</aspectratio>
				<visible>!String.IsEmpty(ListItem.Thumb)</visible>
				<include>CoverDimAnim</include>
			</control>
			<control type="image">
				<description>Default Cover</description>
				<width>73</width>
				<height>73</height>
				<bordersize>10</bordersize>
				<texture background="true">$INFO[ListItem.ActualIcon]</texture>
				<aspectratio>keep</aspectratio>
				<visible>String.IsEmpty(ListItem.Thumb)</visible>
				<animation effect="fade" end="40" condition="true">Conditional</animation>
			</control>
			<control type="image">
				<description>Default Cover</description>
				<width>73</width>
				<height>73</height>
				<bordersize>10</bordersize>
				<texture background="true">$INFO[ListItem.ActualIcon]</texture>
				<aspectratio>keep</aspectratio>
				<visible>String.IsEmpty(ListItem.Thumb) + Container.Content(Artists)</visible>
				<animation effect="fade" end="40" condition="true">Conditional</animation>
			</control>
			<control type="group">
				<visible>Container.Content(Albums)</visible>
				<control type="label">
					<description>Label</description>
					<left>80</left>
					<top>12</top>
					<width>445</width>
					<font>ListFont</font>
					<textcolor>ListColor</textcolor>
					<shadowcolor>ShadowColor</shadowcolor>
					<label>$VAR[ListTallStyleLabel]</label>
				</control>
				<control type="label">
					<description>Label2</description>
					<left>80</left>
					<top>38</top>
					<width>445</width>
					<font>ListFont2</font>
					<textcolor>ListColor2</textcolor>
					<shadowcolor>ShadowColor</shadowcolor>
					<label>$INFO[ListItem.Year]$INFO[ListItem.Artist,  -  ,]</label>
				</control>
				<control type="label">
					<description>Rating</description>
					<left>520</left>
					<top>12</top>
					<width>100</width>
					<font>ListFont</font>
					<textcolor>ListColor3</textcolor>
					<shadowcolor>ShadowColor</shadowcolor>
					<label>$VAR[RatingType]</label>
					<align>right</align>
					<visible>Skin.HasSetting(DoNotUseStarRatingMusic) + ![String.IsEmpty(ListItem.Rating) + String.IsEmpty(ListItem.UserRating)]</visible>
				</control>
				<control type="image">
					<description>Star Rating</description>
					<left>520</left>
					<top>16</top>
					<width>100</width>
					<height>16</height>
					<texture background="true">$VAR[StarRating]</texture>
					<aspectratio align="right">keep</aspectratio>
					<visible>![String.IsEmpty(ListItem.Rating) + String.IsEmpty(ListItem.UserRating)] + !Skin.HasSetting(DoNotUseStarRatingMusic)</visible>
					<include>StarRatingFadeAnim</include>
				</control>
			</control>
			<control type="group">
				<visible>Container.Content(Songs)</visible>
				<control type="label">
					<description>Label</description>
					<left>80</left>
					<top>12</top>
					<width>445</width>
					<font>ListFont</font>
					<textcolor>ListColor</textcolor>
					<shadowcolor>ShadowColor</shadowcolor>
					<label>$VAR[ListTallStyleLabel]</label>
				</control>
				<control type="label">
					<description>Label2</description>
					<left>80</left>
					<top>38</top>
					<width>445</width>
					<font>ListFont2</font>
					<textcolor>ListColor2</textcolor>
					<shadowcolor>ShadowColor</shadowcolor>
					<label>$INFO[ListItem.Duration,, $LOCALIZE[31003]]$INFO[ListItem.Artist,  -  ,]</label>
				</control>
				<control type="label">
					<description>Rating</description>
					<left>520</left>
					<top>12</top>
					<width>100</width>
					<font>ListFont</font>
					<textcolor>ListColor3</textcolor>
					<shadowcolor>ShadowColor</shadowcolor>
					<label>$VAR[RatingType]</label>
					<align>right</align>
					<visible>Skin.HasSetting(DoNotUseStarRatingMusic) + ![String.IsEmpty(ListItem.Rating) + String.IsEmpty(ListItem.UserRating)]</visible>
				</control>
				<control type="image">
					<description>Star Rating</description>
					<left>520</left>
					<top>16</top>
					<width>100</width>
					<height>16</height>
					<texture background="true">$VAR[StarRating]</texture>
					<aspectratio align="right">keep</aspectratio>
					<animation effect="fade" end="70" condition="true">Conditional</animation>
					<visible>![String.IsEmpty(ListItem.Rating) + String.IsEmpty(ListItem.UserRating)] + !Skin.HasSetting(DoNotUseStarRatingMusic)</visible>
				</control>
			</control>
			<control type="group">
				<visible>Container.Content(Artists)</visible>
				<control type="label">
					<description>Label</description>
					<left>80</left>
					<top>12</top>
					<width>445</width>
					<font>ListFont</font>
					<textcolor>ListColor</textcolor>
					<shadowcolor>ShadowColor</shadowcolor>
					<label>$VAR[ListTallStyleLabel]</label>
				</control>
				<control type="label">
					<description>Label2 (Born)</description>
					<left>80</left>
					<top>38</top>
					<width>445</width>
					<font>ListFont2</font>
					<textcolor>ListColor2</textcolor>
					<shadowcolor>ShadowColor</shadowcolor>
					<label>$INFO[ListItem.Property(Artist_Born)]</label>
					<visible>!String.IsEmpty(ListItem.Property(Artist_Born))</visible>
				</control>
				<control type="label">
					<description>Label2 (Formed)</description>
					<left>80</left>
					<top>38</top>
					<width>445</width>
					<font>ListFont2</font>
					<textcolor>ListColor2</textcolor>
					<shadowcolor>ShadowColor</shadowcolor>
					<label>$INFO[ListItem.Property(Artist_Formed)]</label>
					<visible>!String.IsEmpty(ListItem.Property(Artist_Formed))</visible>
				</control>
			</control>
		</itemlayout>
	</include>
	
	<include name="MusicListInfo2TallStyleFocusedLayout">
		<focusedlayout height="74">
			<control type="image">
				<width>630</width>
				<height>74</height>
				<texture border="0,0,10,2">views/list-separator.png</texture>
				<aspectratio>stretch</aspectratio>
			</control>
			<control type="image">
				<width>630</width>
				<height>73</height>
				<texture border="4">views/list-focus.png</texture>
				<aspectratio>stretch</aspectratio>
				<visible>Control.HasFocus(67)</visible>
				<include>ListViewSelectFadeAnim</include>
				<include condition="![Skin.String(LowCPUPowerMode,Animations) | Skin.String(LowCPUPowerMode,Full)] + ![String.IsEmpty(Skin.String(MusicListInfo2Style)) | Skin.String(MusicListInfo2Style,3)]">ListViewScrollAnim2</include>
				<include condition="![Skin.String(LowCPUPowerMode,Animations) | Skin.String(LowCPUPowerMode,Full)] + [String.IsEmpty(Skin.String(MusicListInfo2Style)) | Skin.String(MusicListInfo2Style,3)]">ListViewScrollAnim</include>
			</control>
			<control type="image">
				<width>630</width>
				<height>73</height>
				<texture border="4">views/list-alt-focus.png</texture>
				<aspectratio>stretch</aspectratio>
				<visible>!Control.HasFocus(67)</visible>
				<include>ListViewSelectFadeAnim2</include>
			</control>
			<control type="image">
				<description>Cover</description>
				<width>73</width>
				<height>73</height>
				<bordertexture border="7">covers/cover-case-nofocus.png</bordertexture>
				<bordersize>5</bordersize>
				<texture background="true">$INFO[ListItem.Thumb]</texture>
				<aspectratio>scale</aspectratio>
				<include condition="![Skin.String(LowCPUPowerMode,Animations) | Skin.String(LowCPUPowerMode,Full)]">ListViewCoverFocusAnim</include>
			</control>
			<control type="image">
				<description>Default Cover</description>
				<width>73</width>
				<height>73</height>
				<bordersize>10</bordersize>
				<texture background="true">$INFO[ListItem.ActualIcon]</texture>
				<aspectratio>keep</aspectratio>
				<visible>String.IsEmpty(ListItem.Thumb)</visible>
				<include condition="![Skin.String(LowCPUPowerMode,Animations) | Skin.String(LowCPUPowerMode,Full)]">ListViewCoverFocusAnim</include>
			</control>
			<control type="image">
				<description>Default Cover</description>
				<width>73</width>
				<height>73</height>
				<bordersize>10</bordersize>
				<texture background="true">$INFO[ListItem.ActualIcon]</texture>
				<aspectratio>keep</aspectratio>
				<visible>String.IsEmpty(ListItem.Thumb) + Container.Content(Artists)</visible>
				<include condition="![Skin.String(LowCPUPowerMode,Animations) | Skin.String(LowCPUPowerMode,Full)]">ListViewCoverFocusAnim</include>
			</control>
			<control type="group">
				<visible>Container.Content(Albums)</visible>
				<include>ListViewFocusAnim</include>
				<control type="label">
					<description>Label</description>
					<left>80</left>
					<top>12</top>
					<width>445</width>
					<font>ListFont</font>
					<textcolor>SelectedColor</textcolor>
					<shadowcolor>ShadowColor</shadowcolor>
					<label>$VAR[ListTallStyleLabel]</label>
					<scroll>true</scroll>
				</control>
				<control type="label">
					<description>Label2</description>
					<left>80</left>
					<top>38</top>
					<width>445</width>
					<font>ListFont2</font>
					<textcolor>ListColor2</textcolor>
					<shadowcolor>ShadowColor</shadowcolor>
					<label>$INFO[ListItem.Year]$INFO[ListItem.Artist,  -  ,]</label>
				</control>
				<control type="label">
					<description>Rating</description>
					<left>520</left>
					<top>12</top>
					<width>100</width>
					<font>ListFont</font>
					<textcolor>ListColor3</textcolor>
					<shadowcolor>ShadowColor</shadowcolor>
					<label>$VAR[RatingType]</label>
					<align>right</align>
					<visible>Skin.HasSetting(DoNotUseStarRatingMusic) + ![String.IsEmpty(ListItem.Rating) + String.IsEmpty(ListItem.UserRating)]</visible>
				</control>
				<control type="image">
					<description>Star Rating</description>
					<left>520</left>
					<top>16</top>
					<width>100</width>
					<height>16</height>
					<texture background="true">$VAR[StarRating]</texture>
					<aspectratio align="right">keep</aspectratio>
					<visible>![String.IsEmpty(ListItem.Rating) + String.IsEmpty(ListItem.UserRating)] + !Skin.HasSetting(DoNotUseStarRatingMusic)</visible>
				</control>
			</control>
			<control type="group">
				<visible>Container.Content(Songs)</visible>
				<include>ListViewFocusAnim</include>
				<control type="label">
					<description>Label</description>
					<left>80</left>
					<top>12</top>
					<width>445</width>
					<font>ListFont</font>
					<textcolor>SelectedColor</textcolor>
					<shadowcolor>ShadowColor</shadowcolor>
					<label>$VAR[ListTallStyleLabel]</label>
					<scroll>true</scroll>
				</control>
				<control type="label">
					<description>Label2</description>
					<left>80</left>
					<top>38</top>
					<width>445</width>
					<font>ListFont2</font>
					<textcolor>ListColor2</textcolor>
					<shadowcolor>ShadowColor</shadowcolor>
					<label>$INFO[ListItem.Duration,, $LOCALIZE[31003]]$INFO[ListItem.Artist,  -  ,]</label>
				</control>
				<control type="label">
					<description>Rating</description>
					<left>520</left>
					<top>12</top>
					<width>100</width>
					<font>ListFont</font>
					<textcolor>ListColor3</textcolor>
					<shadowcolor>ShadowColor</shadowcolor>
					<label>$VAR[RatingType]</label>
					<align>right</align>
					<visible>Skin.HasSetting(DoNotUseStarRatingMusic) + ![String.IsEmpty(ListItem.Rating) + String.IsEmpty(ListItem.UserRating)]</visible>
				</control>
				<control type="image">
					<description>Star Rating</description>
					<left>520</left>
					<top>16</top>
					<width>100</width>
					<height>16</height>
					<texture background="true">$VAR[StarRating]</texture>
					<aspectratio align="right">keep</aspectratio>
					<visible>![String.IsEmpty(ListItem.Rating) + String.IsEmpty(ListItem.UserRating)] + !Skin.HasSetting(DoNotUseStarRatingMusic)</visible>
				</control>
			</control>
			<control type="group">
				<visible>Container.Content(Artists)</visible>
				<include>ListViewFocusAnim</include>
				<control type="label">
					<description>Label</description>
					<left>80</left>
					<top>12</top>
					<width>445</width>
					<font>ListFont</font>
					<textcolor>SelectedColor</textcolor>
					<shadowcolor>ShadowColor</shadowcolor>
					<label>$VAR[ListTallStyleLabel]</label>
					<scroll>true</scroll>
				</control>
				<control type="label">
					<description>Label2 (Born)</description>
					<left>80</left>
					<top>38</top>
					<width>445</width>
					<font>ListFont2</font>
					<textcolor>ListColor2</textcolor>
					<shadowcolor>ShadowColor</shadowcolor>
					<label>$INFO[ListItem.Property(Artist_Born)]</label>
					<visible>!String.IsEmpty(ListItem.Property(Artist_Born))</visible>
				</control>
				<control type="label">
					<description>Label2 (Formed)</description>
					<left>80</left>
					<top>38</top>
					<width>445</width>
					<font>ListFont2</font>
					<textcolor>ListColor2</textcolor>
					<shadowcolor>ShadowColor</shadowcolor>
					<label>$INFO[ListItem.Property(Artist_Formed)]</label>
					<visible>!String.IsEmpty(ListItem.Property(Artist_Formed))</visible>
				</control>
			</control>
		</focusedlayout>
	</include>
	<!--//// END LIST INFO 2 VIEW /////////////////////////////////////////////////////////////////////-->

	<!--//// START LIST INFO 3 VIEW ///////////////////////////////////////////////////////////////////-->
	<include name="MusicListInfoView3">
		<control type="group" id="500">
	        <defaultcontrol always="true">96</defaultcontrol>
			<visible>Control.IsVisible(96)</visible>
			<include>MediaViewOpenCloseAnim</include>
			<include>ViewContentPanel</include>
			<include>ListInfo3MediaInfoPanelCommon</include>
			
			<control type="group">
				<visible>!String.IsEmpty(ListItem.Album)</visible>
				<include>ListInfo3PanelFanart</include>
				
				<include content="ThumbsInfoMediaInfoArea">
					<param name="visible" value="true" />
					<param name="Grouplist1LabelWidth" value="110" />
					<param name="Grouplist1Label" value="$LOCALIZE[557]" />
					<param name="Grouplist1InfoWidth" value="190" />
					<param name="Grouplist1Info" value="$INFO[ListItem.Artist]" />
					<param name="Grouplist2LabelWidth" value="110" />
					<param name="Grouplist2Label" value="$LOCALIZE[21899]" />
					<param name="Grouplist2InfoWidth" value="190" />
					<param name="Grouplist2Info" value="$INFO[ListItem.Property(Album_Label)]" />
					<param name="Grouplist3LabelWidth" value="110" />
					<param name="Grouplist3Label" value="$LOCALIZE[345]" />
					<param name="Grouplist3InfoWidth" value="110" />
					<param name="Grouplist3Info" value="$INFO[ListItem.Year]" />
					<param name="Grouplist4LabelWidth" value="110" />
					<param name="Grouplist4Label" value="$LOCALIZE[563]" />
					<param name="Grouplist4InfoWidth" value="110" />
					<param name="Grouplist4Info" value="$VAR[RatingType]" />
				</include>
				
				<include content="ThumbsInfoPlot">
					<param name="fallback" value="31204" />
					<param name="label" value="$INFO[ListItem.Property(Album_Description)]" />
				</include>
				
				<include>ListInfo3RightPanelCover</include>
			</control>
			
			<control type="list" id="96">
				<viewtype label="31115">list</viewtype>
				<left>456</left>
				<top>110</top>
				<width>354</width>
				<height>518</height>
				<pagecontrol>90804</pagecontrol>
				<preloaditems>2</preloaditems>
				<scrolltime tween="sine" easing="inout">300</scrolltime>
				<onup>96</onup>
				<ondown>96</ondown>
				<onleft>850</onleft>
				<onright>150</onright>
				<visible>Container.Content(Albums)</visible>
				<itemlayout height="37">
					<control type="image">
						<width>354</width>
						<height>37</height>
						<texture border="0,0,10,2">views/list-separator.png</texture>
						<aspectratio>stretch</aspectratio>
					</control>
					<control type="image">
						<description>Icon</description>
						<left>5</left>
						<top>6</top>
						<width>24</width>
						<height>24</height>
						<texture background="true">$INFO[ListItem.ActualIcon].png</texture>
						<aspectratio>stretch</aspectratio>
						<include>ListViewOverlayFadeAnim</include>
					</control>
					<control type="label">
						<description>Label</description>
						<left>35</left>
						<width>314</width>
						<height>37</height>
						<font>ListFont</font>
						<textcolor>ListColor</textcolor>
						<shadowcolor>ShadowColor</shadowcolor>
						<aligny>center</aligny>
						<info>ListItem.Label</info>
					</control>
				</itemlayout>
				<focusedlayout height="37">
					<control type="image">
						<width>354</width>
						<height>37</height>
						<texture border="0,0,10,2">views/list-separator.png</texture>
						<aspectratio>stretch</aspectratio>
					</control>
					<control type="image">
						<width>354</width>
						<height>36</height>
						<texture border="4">views/list-focus.png</texture>
						<aspectratio>stretch</aspectratio>
						<visible>Control.HasFocus(96)</visible>
						<include>ListViewSelectFadeAnim</include>
						<include condition="![Skin.String(LowCPUPowerMode,Animations) | Skin.String(LowCPUPowerMode,Full)]">ListViewScrollAnim</include>
					</control>
					<control type="image">
						<width>354</width>
						<height>36</height>
						<texture border="4">views/list-alt-focus.png</texture>
						<aspectratio>stretch</aspectratio>
						<visible>!Control.HasFocus(96)</visible>
						<include>ListViewSelectFadeAnim2</include>
					</control>
					<control type="group">
						<include>ListViewFocusAnim</include>
						<control type="image">
							<description>Icon</description>
							<left>5</left>
							<top>6</top>
							<width>24</width>
							<height>24</height>
							<texture background="true">$INFO[ListItem.ActualIcon].png</texture>
							<aspectratio>stretch</aspectratio>
						</control>
						<control type="label">
							<description>Label</description>
							<left>35</left>
							<width>314</width>
							<height>37</height>
							<font>ListFont</font>
							<textcolor>SelectedColor</textcolor>
							<shadowcolor>ShadowColor</shadowcolor>
							<aligny>center</aligny>
							<info>ListItem.Label</info>
							<scroll>true</scroll>
						</control>
					</control>
				</focusedlayout>
			</control>
			
			<include content="ListInfo3ViewScrollbar">
				<param name="id" value="90804" />
			</include>
			
			<control type="group">
				<description>Bottom Bar Area</description>
				<top>BottomPaneOffsetY</top>
				<!--<include>InfoPaneImage</include>-->
				<include>InfoPaneMediaDetails</include>
				<include condition="!Skin.HasSetting(EnableMusicLibraryClearLogos)">InfoPaneClearLogoMusic</include>
				<include>BottomPaneOpenCloseAnim</include>
			</control>

			<include>ViewsDialogPopUpScreenDim</include>
		</control>
	</include>
	<!--//// END LIST INFO 3 VIEW /////////////////////////////////////////////////////////////////////-->

	<!--//// START THUMBS INFO VIEW ///////////////////////////////////////////////////////////////////-->
	<include name="MusicThumbsInfoView">
		<control type="group" id="500">
	        <defaultcontrol always="true">599</defaultcontrol>
			<visible>Control.IsVisible(599)</visible>
			<include>MediaViewOpenCloseAnim</include>
			<include>ViewContentPanel</include>
			<include>ListInfo3MediaInfoPanelCommon</include>
			
			<control type="group">
				<visible>!String.IsEmpty(ListItem.Album)</visible>
				<include>ListInfo3PanelFanart</include>

				<include content="ThumbsInfoMediaInfoArea">
					<param name="visible" value="true" />
					<param name="Grouplist1LabelWidth" value="110" />
					<param name="Grouplist1Label" value="$LOCALIZE[557]" />
					<param name="Grouplist1InfoWidth" value="190" />
					<param name="Grouplist1Info" value="$INFO[ListItem.Artist]" />
					<param name="Grouplist2LabelWidth" value="110" />
					<param name="Grouplist2Label" value="$LOCALIZE[21899]" />
					<param name="Grouplist2InfoWidth" value="190" />
					<param name="Grouplist2Info" value="$INFO[ListItem.Property(Album_Label)]" />
					<param name="Grouplist3LabelWidth" value="110" />
					<param name="Grouplist3Label" value="$LOCALIZE[345]" />
					<param name="Grouplist3InfoWidth" value="110" />
					<param name="Grouplist3Info" value="$INFO[ListItem.Year]" />
					<param name="Grouplist4LabelWidth" value="110" />
					<param name="Grouplist4Label" value="$LOCALIZE[563]" />
					<param name="Grouplist4InfoWidth" value="110" />
					<param name="Grouplist4Info" value="$VAR[RatingType]" />
				</include>
				
				<include content="ThumbsInfoPlot">
					<param name="fallback" value="31204" />
					<param name="label" value="$INFO[ListItem.Property(Album_Description)]" />
				</include>
			</control>
			
			<control type="panel" id="599">
				<viewtype label="31116">icon</viewtype>
				<left>454</left>
				<top>111</top>
				<width>774</width>
				<height>516</height>
				<pagecontrol>90903</pagecontrol>
				<orientation>vertical</orientation>
				<preloaditems>2</preloaditems>
				<scrolltime tween="sine" easing="inout">350</scrolltime>
				<onleft>850</onleft>
				<onright>150</onright>
				<onup>599</onup>
				<ondown>599</ondown>
				<visible>Container.Content(Albums)</visible>
				<itemlayout width="129" height="129">
					<control type="image">
						<description>Default Cover Case</description>
						<width>129</width>
						<height>129</height>
						<texture background="true" border="4">covers/cover-case2.png</texture>
						<aspectratio>stretch</aspectratio>
						<bordersize>6</bordersize>
						<animation effect="fade" end="50" condition="true">Conditional</animation>
					</control>
					<control type="image">
						<description>Default Cover</description>
						<width>129</width>
						<height>129</height>
						<bordersize>20</bordersize>
						<texture background="true">$INFO[ListItem.ActualIcon]</texture>
						<aspectratio>keep</aspectratio>
						<visible>String.IsEmpty(ListItem.Thumb)</visible>
						<animation effect="fade" end="60" condition="true">Conditional</animation>
					</control>
					<control type="image">
						<description>Cover</description>
						<width>129</width>
						<height>129</height>
						<texture background="true">$INFO[ListItem.Thumb]</texture>
						<aspectratio>scale</aspectratio>
						<bordersize>10</bordersize>
					</control>
					<control type="image">
						<description>Dim</description>
						<width>129</width>
						<height>129</height>
						<texture background="true">dim.png</texture>
						<aspectratio>stretch</aspectratio>
						<bordersize>10</bordersize>
						<visible>!String.IsEmpty(ListItem.Thumb)</visible>
						<include>CoverDimAnim</include>
					</control>
				</itemlayout>
				<focusedlayout width="129" height="129" condition="Container.Column(0) + Container.Row(0)">
					<control type="group">
						<description>Top Left Corner Cover</description>
						<include>AlbumThumbsStyleCoverImage</include>
						<include condition="![Skin.String(LowCPUPowerMode,Animations) | Skin.String(LowCPUPowerMode,Full)]">AlbumThumbsStyleTopLeftCornerFocusAnim</include>
					</control>
				</focusedlayout>
				<focusedlayout width="129" height="129" condition="!Container.Column(0) + !Container.Column(5) + Container.Row(0)">
					<control type="group">
						<description>Top Edge Cover</description>
						<include>AlbumThumbsStyleCoverImage</include>
						<include condition="![Skin.String(LowCPUPowerMode,Animations) | Skin.String(LowCPUPowerMode,Full)]">AlbumThumbsStyleTopEdgeFocusAnim</include>
					</control>
				</focusedlayout>
				<focusedlayout width="129" height="129" condition="Container.Column(5) + Container.Row(0)">
					<control type="group">
						<description>Top Right Corner Cover</description>
						<include>AlbumThumbsStyleCoverImage</include>
						<include condition="![Skin.String(LowCPUPowerMode,Animations) | Skin.String(LowCPUPowerMode,Full)]">AlbumThumbsStyleTopRightCornerFocusAnim</include>
					</control>
				</focusedlayout>
				<focusedlayout width="129" height="129" condition="Container.Column(0) + [Container.Row(1) | Container.Row(2)]">
					<control type="group">
						<description>Left Edge Cover</description>
						<include>AlbumThumbsStyleCoverImage</include>
						<include condition="![Skin.String(LowCPUPowerMode,Animations) | Skin.String(LowCPUPowerMode,Full)]">AlbumThumbsStyleLeftEdgeFocusAnim</include>
					</control>
				</focusedlayout>
				<focusedlayout width="129" height="129" condition="!Container.Row(0) + !Container.Row(3) + !Container.Column(0) + !Container.Column(5)">
					<control type="group">
						<description>Mid Row Cover</description>
						<include>AlbumThumbsStyleCoverImage</include>
						<include condition="![Skin.String(LowCPUPowerMode,Animations) | Skin.String(LowCPUPowerMode,Full)]">AlbumThumbsStyleMidRowFocusAnim</include>
					</control>
				</focusedlayout>
				<focusedlayout width="129" height="129" condition="Container.Column(5) + [Container.Row(1) | Container.Row(2)]">
					<control type="group">
						<description>Right Edge Cover</description>
						<include>AlbumThumbsStyleCoverImage</include>
						<include condition="![Skin.String(LowCPUPowerMode,Animations) | Skin.String(LowCPUPowerMode,Full)]">AlbumThumbsStyleRightEdgeFocusAnim</include>
					</control>
				</focusedlayout>
				<focusedlayout width="129" height="129" condition="Container.Column(0) + Container.Row(3)">
					<control type="group">
						<description>Bottom Left Corner Cover</description>
						<include>AlbumThumbsStyleCoverImage</include>
						<include condition="![Skin.String(LowCPUPowerMode,Animations) | Skin.String(LowCPUPowerMode,Full)]">AlbumThumbsStyleBottomLeftCornerFocusAnim</include>
					</control>
				</focusedlayout>
				<focusedlayout width="129" height="129" condition="!Container.Column(0) + !Container.Column(5) + Container.Row(3)">
					<control type="group">
						<description>Bottom Edge Cover</description>
						<include>AlbumThumbsStyleCoverImage</include>
						<include condition="![Skin.String(LowCPUPowerMode,Animations) | Skin.String(LowCPUPowerMode,Full)]">AlbumThumbsStyleBottomEdgeFocusAnim</include>
					</control>
				</focusedlayout>
				<focusedlayout width="129" height="129" condition="Container.Column(5) + Container.Row(3)">
					<control type="group">
						<description>Bottom Right Corner Cover</description>
						<include>AlbumThumbsStyleCoverImage</include>
						<include condition="![Skin.String(LowCPUPowerMode,Animations) | Skin.String(LowCPUPowerMode,Full)]">AlbumThumbsStyleBottomRightCornerFocusAnim</include>
					</control>
				</focusedlayout>
			</control>
			
			<include content="ThumbsInfoViewScrollbar">
				<param name="id" value="90903" />
			</include>
			
			<control type="group">
				<description>Bottom Bar Area</description>
				<top>BottomPaneOffsetY</top>
				<!--<include>InfoPaneImage</include>-->
				<include>InfoPaneMediaDetails</include>
				<!--<include condition="!Skin.HasSetting(EnableMusicLibraryClearLogos)">InfoPaneClearLogoMusic</include>-->
				<include>BottomPaneOpenCloseAnim</include>
				
				<control type="group">
					<visible>!Skin.HasSetting(HideMusicThumbsInfoLabel)</visible>
					
					<control type="label">
						<include>InfoPaneItemTitle</include>
						<label>[B]$INFO[ListItem.Label][/B]</label>
						<visible>String.IsEmpty(ListItem.Artist)</visible>
					</control>
					
					<control type="label">
						<include>InfoPaneItemTitle</include>
						<label>[B]$INFO[ListItem.Album][/B]</label>
					</control>
					
					<control type="label">
						<include>InfoPaneItemTitle2</include>
						<label>$INFO[ListItem.Artist]</label>
					</control>
				</control>
			</control>

			<include>ViewsDialogPopUpScreenDim</include>
		</control>
	</include>
	<!--//// END THUMBS INFO VIEW /////////////////////////////////////////////////////////////////////-->

	<!--//// START WRAP LIST INFO VIEW ////////////////////////////////////////////////////////////////-->
	<include name="MusicWrapListInfoView">
		<control type="group" id="500">
		    <defaultcontrol always="true">64</defaultcontrol>
			<visible>Control.IsVisible(64)</visible>
			<include>MediaViewOpenCloseAnim</include>
			
			<control type="group" id="254">
				<animation effect="slide" end="0,120" time="500" condition="Skin.HasSetting(EnableMusicWrapListInfoCompactMode)">Conditional</animation>
				<include condition="Skin.String(MusicWrapInfoStyle,1) | String.IsEmpty(Skin.String(MusicWrapInfoStyle))">MusicWrapInfoStyle1</include>
				<include condition="Skin.String(MusicWrapInfoStyle,2)">MusicWrapInfoStyle2</include>
			</control>
			
			<control type="group">
				<description>Bottom Bar Area</description>
				<top>BottomPaneOffsetY</top>
				<!--<include>InfoPaneImage</include>-->
				<include>InfoPaneMediaDetails</include>
				<include condition="!Skin.HasSetting(EnableMusicLibraryClearLogos)">InfoPaneClearLogoMusic</include>
				<include>BottomPaneOpenCloseAnim</include>
			</control>
			
			<include>ViewsDialogPopUpScreenDim</include>
		</control>
	</include>
	
	<include name="MusicWrapInfoStyle1">
		<control type="image">
			<description>Bottom Pane Background</description>
			<top>397</top>
			<width>ScreenWidth</width>
			<height>347</height>
			<texture border="0,6,0,0">gui/bottom-info-background.png</texture>
		</control>
		
		<control type="image">
			<description>Background Glow</description>
			<left>492</left>
			<top>401</top>
			<width>755</width>
			<height>326</height>
			<texture flipy="true">gui/background-glow.png</texture>
			<animation effect="fade" end="20" condition="true">Conditional</animation>
		</control> 
		
		<control type="image">
			<description>Cover Glow</description>
			<left>41</left>
			<top>401</top>
			<width>600</width>
			<height>326</height>
			<texture>views/cover-glow.png</texture>
			<aspectratio aligny="bottom">center</aspectratio>
			<visible>!Container.OnNext + !Container.OnPrevious</visible>
			<include>WrapListInfoCoverGlowScrollAnim</include>
		</control>
		
		<control type="image">
			<top>270</top>
			<width>ScreenWidth</width>
			<height>131</height>
			<texture border="0,0,0,2">views/wrap-list-header.png</texture>
			<aspectratio>stretch</aspectratio>
		</control>
		
		<control type="label">
			<description>Title</description>
			<left>485</left>
			<top>270</top>
			<width>765</width>
			<height>33</height>
			<font>WrapListFont</font>
			<textcolor>DefaultColor</textcolor>
			<shadowcolor>ShadowColor</shadowcolor>
			<label>$INFO[ListItem.Label]</label>
			<aligny>center</aligny>
			<scroll>true</scroll>
			<visible>String.IsEmpty(ListItem.Album)</visible>
		</control>
		
		<control type="label">
			<description>Title</description>
			<left>485</left>
			<top>270</top>
			<width>765</width>
			<height>33</height>
			<font>WrapListFont</font>
			<textcolor>DefaultColor</textcolor>
			<shadowcolor>ShadowColor</shadowcolor>
			<label>$INFO[ListItem.Album]</label>
			<aligny>center</aligny>
			<scroll>true</scroll>
			<visible>!String.IsEmpty(ListItem.Album)</visible>
		</control>
		
		<control type="image">
			<top>303</top>
			<width>ScreenWidth</width>
			<height>2</height>
			<texture>panels/panel-separator.png</texture>
		</control>
		
		<control type="grouplist">
			<description>Media Info</description>
			<depth>DepthContent+</depth>
			<left>485</left>
			<top>472</top>
			<width>765</width>
			<orientation>horizontal</orientation>
			<usecontrolcoords>true</usecontrolcoords>
			<visible>!String.IsEmpty(ListItem.Album)</visible>
			<control type="label">
				<description>Artist</description>
				<width min="0" max="110">auto</width>
				<include>WrapInfoViewCatLabel</include>
				<label>$LOCALIZE[557]:</label>
			</control>
			<control type="label">
				<description>Artist Value</description>
				<width min="0" max="220">auto</width>
				<include>WrapInfoViewCatValueLabel</include>
				<label fallback="31001">$INFO[ListItem.Artist]</label>
			</control>
			<include>WrapInfoViewDot</include>
			<control type="label">
				<description>Record Label</description>
				<width min="0" max="110">auto</width>
				<include>WrapInfoViewCatLabel</include>
				<label>$LOCALIZE[21899]:</label>
			</control>
			<control type="label">
				<description>Record Label Value</description>
				<width min="0" max="220">auto</width>
				<include>WrapInfoViewCatValueLabel</include>
				<label fallback="31001">$INFO[ListItem.Property(Album_Label)]</label>
			</control>
			<include>WrapInfoViewDot</include>
			<control type="label">
				<description>Year</description>
				<width min="0" max="110">auto</width>
				<include>WrapInfoViewCatLabel</include>
				<label>$LOCALIZE[345]:</label>
			</control>
			<control type="label">
				<description>Year Value</description>
				<width min="0" max="110">auto</width>
				<include>WrapInfoViewCatValueLabel</include>
				<label fallback="31001">$INFO[ListItem.Year]</label>
			</control>
		</control>

		<control type="group">
			<visible>!String.IsEmpty(ListItem.Album) + !Skin.HasSetting(EnableMusicWrapListInfoCompactMode)</visible>
			<depth>DepthContent+</depth>

			<control type="textbox">
				<description>Description</description>
				<left>485</left>
				<top>507</top>
				<width>765</width>
				<height>123</height>
				<font>MediaInfoDescFont</font>
				<textcolor>MediaInfoColor</textcolor>
				<shadowcolor>ShadowColor</shadowcolor>
				<align>justify</align>
				<label fallback="31204">$INFO[ListItem.Property(Album_Description)]</label>
				<wrapmultiline>true</wrapmultiline>
				<autoscroll time="2000" delay="6000" repeat="10000">!Skin.HasSetting(DoNotAutoScrollPlot)</autoscroll>
				<visible>!Container.OnNext + !Container.OnPrevious</visible>
				<include>ControlsOpenCloseAnim</include>
			</control>
			
			<control type="group">
				<left>239</left>
				<top>500</top>
				
				<control type="label">
					<description>Genre</description>
					<top>10</top>
					<width>204</width>
					<font>MediaInfoFont2</font>
					<textcolor>WhiteColor</textcolor>
					<shadowcolor>ShadowColor</shadowcolor>
					<align>center</align>
					<label>[UPPERCASE]$INFO[ListItem.Genre][/UPPERCASE]</label>
				</control>
				
				<control type="label">
					<description>Rating</description>
					<top>30</top>
					<width>204</width>
					<font>WrapListRatingFont</font>
					<textcolor>DefaultColor</textcolor>
					<shadowcolor>ShadowColor</shadowcolor>
					<align>center</align>
					<label>[UPPERCASE]$VAR[RatingType][/UPPERCASE]</label>
					<visible>Skin.HasSetting(DoNotUseStarRatingMusic) + ![String.IsEmpty(ListItem.Rating) + String.IsEmpty(ListItem.UserRating)]</visible>
				</control>
				
				<control type="image">
					<description>Star Rating</description>
					<top>35</top>
					<width>204</width>
					<height>22</height>
					<texture>$VAR[StarRating]</texture>
					<aspectratio align="center">keep</aspectratio>
					<visible>![String.IsEmpty(ListItem.Rating) + String.IsEmpty(ListItem.UserRating)] + !Skin.HasSetting(DoNotUseStarRatingMusic)</visible>
					<include>StarRatingFadeAnim</include>
				</control>
			</control>
		</control>
		
		<control type="wraplist" id="64">
			<viewtype label="31106">bigwrap</viewtype>
			<left>-38</left>
			<top>303</top>
			<width>1350</width>
			<height>330</height>
			<focusposition>2</focusposition>
			<pagecontrol>91104</pagecontrol>
			<orientation>horizontal</orientation>
			<preloaditems>4</preloaditems>
			<scrolltime tween="sine" easing="inout">401</scrolltime>
			<onup>850</onup>
			<ondown>150</ondown>
			<visible>Container.Content(Albums)</visible>
			<itemlayout width="150">
				<control type="image">
					<description>Cover Case</description>
					<width>155</width>
					<height>155</height>
					<texture border="7">covers/cover-case-nofocus.png</texture>
					<aspectratio>stretch</aspectratio>
				</control>
				<control type="image">
					<description>Cover</description>
					<width>155</width>
					<height>155</height>
					<texture background="true">$INFO[ListItem.Thumb]</texture>
					<bordersize>9</bordersize>
					<aspectratio>stretch</aspectratio>
				</control>
				<control type="image">
					<description>Default Cover Background</description>
					<width>155</width>
					<height>155</height>
					<texture>dim.png</texture>
					<bordersize>9</bordersize>
					<aspectratio>stretch</aspectratio>
					<visible>String.IsEmpty(ListItem.Thumb)</visible>
				</control>
				<control type="image">
					<description>Default Cover</description>
					<width>155</width>
					<height>155</height>
					<texture background="true">$INFO[ListItem.ActualIcon]</texture>
					<bordersize>22</bordersize>
					<aspectratio>keep</aspectratio>
					<visible>String.IsEmpty(ListItem.Thumb)</visible>
					<animation effect="fade" end="30" condition="true">Conditional</animation>
				</control>
				<control type="image">
					<description>Reflection</description>
					<left>4</left>
					<top>152</top>
					<width>147</width>
					<height>155</height>
					<texture flipy="true" diffuse="views/reflection.png" background="true">$INFO[ListItem.Icon]</texture>
					<bordertexture flipy="true" diffuse="views/reflection.png" border="4">covers/cover-case2.png</bordertexture>
					<bordersize>5</bordersize>
					<aspectratio>stretch</aspectratio>
					<animation effect="fade" end="70" condition="true">Conditional</animation>
				</control>
			</itemlayout>
			<focusedlayout width="150">
				<control type="group">
					<depth>DepthContent+</depth>
					<animation effect="zoom" start="100" end="145" center="78,90" time="300" tween="back" easing="out" reversible="false" delay="150">Focus</animation>
					<animation effect="zoom" start="145" end="100" center="78,90" time="100" reversible="false">UnFocus</animation>
					<control type="image">
						<description>Cover Case</description>
						<width>155</width>
						<height>155</height>
						<texture border="7">covers/cover-case-focus.png</texture>
						<aspectratio>stretch</aspectratio>
					</control>
					<control type="image">
						<description>Cover</description>
						<width>155</width>
						<height>155</height>
						<texture background="true">$INFO[ListItem.Thumb]</texture>
						<bordersize>10</bordersize>
						<aspectratio>stretch</aspectratio>
					</control>
					<control type="image">
						<description>Default Cover Background</description>
						<width>155</width>
						<height>155</height>
						<texture>dim.png</texture>
						<bordersize>10</bordersize>
						<aspectratio>stretch</aspectratio>
						<visible>String.IsEmpty(ListItem.Thumb)</visible>
					</control>
					<control type="image">
						<description>Default Cover</description>
						<width>155</width>
						<height>155</height>
						<texture background="true">$INFO[ListItem.ActualIcon]</texture>
						<bordersize>22</bordersize>
						<aspectratio>keep</aspectratio>
						<visible>String.IsEmpty(ListItem.Thumb)</visible>
					</control>
					<control type="image">
						<description>Reflection</description>
						<left>4</left>
						<top>152</top>
						<width>147</width>
						<height>155</height>
						<texture flipy="true" diffuse="views/reflection.png" background="true">$INFO[ListItem.Icon]</texture>
						<bordertexture flipy="true" diffuse="views/reflection.png" border="4">covers/cover-case2.png</bordertexture>
						<bordersize>6</bordersize>
						<aspectratio>stretch</aspectratio>
						<animation effect="fade" end="70" condition="true">Conditional</animation>
					</control>
				</control>
			</focusedlayout>
		</control>
		
		<control type="group">
			<depth>DepthContent+</depth>
			<include content="WrapInfoViewScrollbar">
				<param name="id" value="91104" />
			</include>
		</control>
	</include>
	
	<include name="MusicWrapInfoStyle2">
		<control type="image">
			<description>Bottom Pane Background</description>
			<top>372</top>
			<width>ScreenWidth</width>
			<height>353</height>
			<texture border="0,6,0,0">gui/bottom-info-background.png</texture>
		</control>

		<control type="image">
			<description>Background Glow</description>
			<left>492</left>
			<top>376</top>
			<width>755</width>
			<height>388</height>
			<texture flipy="true">gui/background-glow.png</texture>
			<animation effect="fade" end="20" condition="true">Conditional</animation>
		</control> 
		
		<control type="image">
			<description>Cover Glow</description>
			<left>-52</left>
			<top>360</top>
			<width>744</width>
			<height>388</height>
			<texture>views/cover-glow.png</texture>
			<aspectratio aligny="bottom">center</aspectratio>
			<visible>!Container.OnNext + !Container.OnPrevious</visible>
			<include>WrapListInfoCoverGlowScrollAnim2</include>
		</control>
		
		<control type="image">
			<top>209</top>
			<width>ScreenWidth</width>
			<height>167</height>
			<texture border="0,0,0,2">views/wrap-list-header.png</texture>
			<aspectratio>stretch</aspectratio>
		</control>
		
		<control type="label">
			<description>Title</description>
			<left>485</left>
			<top>209</top>
			<width>765</width>
			<height>33</height>
			<font>WrapListFont</font>
			<textcolor>DefaultColor</textcolor>
			<shadowcolor>ShadowColor</shadowcolor>
			<label>$INFO[ListItem.Label]</label>
			<aligny>center</aligny>
			<scroll>true</scroll>
			<visible>String.IsEmpty(ListItem.Album)</visible>
		</control>
		
		<control type="label">
			<description>Title</description>
			<left>485</left>
			<top>209</top>
			<width>765</width>
			<height>33</height>
			<font>WrapListFont</font>
			<textcolor>DefaultColor</textcolor>
			<shadowcolor>ShadowColor</shadowcolor>
			<label>$INFO[ListItem.Album]</label>
			<aligny>center</aligny>
			<scroll>true</scroll>
			<visible>!String.IsEmpty(ListItem.Album)</visible>
		</control>
		
		<control type="image">
			<top>242</top>
			<width>ScreenWidth</width>
			<height>2</height>
			<texture>panels/panel-separator.png</texture>
		</control>
		
		<control type="grouplist">
			<description>Media Info</description>
			<depth>DepthContent+</depth>
			<left>485</left>
			<top>472</top>
			<width>765</width>
			<orientation>horizontal</orientation>
			<usecontrolcoords>true</usecontrolcoords>
			<visible>!String.IsEmpty(ListItem.Album)</visible>
			<control type="label">
				<description>Artist</description>
				<width min="0" max="110">auto</width>
				<include>WrapInfoViewCatLabel</include>
				<label>$LOCALIZE[557]:</label>
			</control>
			<control type="label">
				<description>Artist Value</description>
				<width min="0" max="220">auto</width>
				<include>WrapInfoViewCatValueLabel</include>
				<label fallback="31001">$INFO[ListItem.Artist]</label>
			</control>
			<include>WrapInfoViewDot</include>
			<control type="label">
				<description>Record Label</description>
				<width min="0" max="110">auto</width>
				<include>WrapInfoViewCatLabel</include>
				<label>$LOCALIZE[21899]:</label>
			</control>
			<control type="label">
				<description>Record Label Value</description>
				<width min="0" max="220">auto</width>
				<include>WrapInfoViewCatValueLabel</include>
				<label fallback="31001">$INFO[ListItem.Property(Album_Label)]</label>
			</control>
			<include>WrapInfoViewDot</include>
			<control type="label">
				<description>Year</description>
				<width min="0" max="110">auto</width>
				<include>WrapInfoViewCatLabel</include>
				<label>$LOCALIZE[345]:</label>
			</control>
			<control type="label">
				<description>Year Value</description>
				<width min="0" max="110">auto</width>
				<include>WrapInfoViewCatValueLabel</include>
				<label fallback="31001">$INFO[ListItem.Year]</label>
			</control>
		</control>
		
		<control type="group">
			<visible>!String.IsEmpty(ListItem.Album) + !Skin.HasSetting(EnableMusicWrapListInfoCompactMode)</visible>
			<depth>DepthContent+</depth>

			<control type="textbox">
				<description>Description</description>
				<left>485</left>
				<top>507</top>
				<width>765</width>
				<height>123</height>
				<font>MediaInfoDescFont</font>
				<textcolor>MediaInfoColor</textcolor>
				<shadowcolor>ShadowColor</shadowcolor>
				<align>justify</align>
				<label fallback="31204">$INFO[ListItem.Property(Album_Description)]</label>
				<wrapmultiline>true</wrapmultiline>
				<autoscroll time="2000" delay="6000" repeat="10000">!Skin.HasSetting(DoNotAutoScrollPlot)</autoscroll>
				<visible>!Container.OnNext + !Container.OnPrevious</visible>
				<include>ControlsOpenCloseAnim</include>
			</control>
			
			<control type="group">
				<left>188</left>
				<top>500</top>
				
				<control type="label">
					<description>Genre</description>
					<top>10</top>
					<width>268</width>
					<font>MediaInfoFont2</font>
					<textcolor>WhiteColor</textcolor>
					<shadowcolor>ShadowColor</shadowcolor>
					<align>center</align>
					<label>[UPPERCASE]$INFO[ListItem.Genre][/UPPERCASE]</label>
				</control>
				
				<control type="label">
					<description>Rating</description>
					<top>30</top>
					<width>268</width>
					<font>WrapListRatingFont</font>
					<textcolor>DefaultColor</textcolor>
					<shadowcolor>ShadowColor</shadowcolor>
					<align>center</align>
					<label>[UPPERCASE]$VAR[RatingType][/UPPERCASE]</label>
					<visible>Skin.HasSetting(DoNotUseStarRatingMusic) + ![String.IsEmpty(ListItem.Rating) + String.IsEmpty(ListItem.UserRating)]</visible>
				</control>
				
				<control type="image">
					<description>Star Rating</description>
					<top>35</top>
					<width>268</width>
					<height>22</height>
					<texture>$VAR[StarRating]</texture>
					<aspectratio align="center">keep</aspectratio>
					<visible>!Skin.HasSetting(DoNotUseStarRatingMusic) + ![String.IsEmpty(ListItem.Rating) + String.IsEmpty(ListItem.UserRating)]</visible>
					<include>StarRatingFadeAnim</include>
				</control>
			</control>
		</control>
		
		<control type="wraplist" id="64">
			<viewtype label="31106">bigwrap</viewtype>
			<left>-3</left>
			<top>242</top>
			<width>ScreenWidth</width>
			<height>470</height>
			<focusposition>1</focusposition>
			<pagecontrol>91104</pagecontrol>
			<orientation>horizontal</orientation>
			<preloaditems>4</preloaditems>
			<scrolltime tween="sine" easing="inout">500</scrolltime>
			<onup>850</onup>
			<ondown>150</ondown>
			<visible>Container.Content(Albums)</visible>
			<itemlayout width="214">
				<control type="image">
					<description>Cover Case</description>
					<width>214</width>
					<height>214</height>
					<texture border="7">covers/cover-case-nofocus.png</texture>
					<aspectratio>stretch</aspectratio>
				</control>
				<control type="image">
					<description>Cover</description>
					<width>214</width>
					<height>214</height>
					<texture background="true">$INFO[ListItem.Thumb]</texture>
					<bordersize>12</bordersize>
					<aspectratio>stretch</aspectratio>
				</control>
				<control type="image">
					<description>Default Cover Background</description>
					<width>214</width>
					<height>214</height>
					<texture>dim.png</texture>
					<bordersize>12</bordersize>
					<aspectratio>stretch</aspectratio>
					<visible>String.IsEmpty(ListItem.Thumb)</visible>
				</control>
				<control type="image">
					<description>Default Cover</description>
					<width>214</width>
					<height>214</height>
					<texture background="true">$INFO[ListItem.ActualIcon]</texture>
					<bordersize>30</bordersize>
					<aspectratio>keep</aspectratio>
					<animation effect="fade" end="30" condition="true">Conditional</animation>
					<visible>String.IsEmpty(ListItem.Thumb)</visible>
				</control>
				<control type="image">
					<description>Reflection</description>
					<left>4</left>
					<top>211</top>
					<width>206</width>
					<height>214</height>
					<texture flipy="true" diffuse="views/reflection.png" background="true">$INFO[ListItem.Icon]</texture>
					<bordertexture flipy="true" diffuse="views/reflection.png" border="4">covers/cover-case2.png</bordertexture>
					<bordersize>8</bordersize>
					<aspectratio>stretch</aspectratio>
					<animation effect="fade" end="70" condition="true">Conditional</animation>
				</control>
			</itemlayout>
			<focusedlayout width="214">
				<control type="group">
					<depth>DepthContent+</depth>
					<animation effect="zoom" start="100" end="130" center="107,132" time="360" tween="back" easing="out" reversible="false" delay="200">Focus</animation>
					<animation effect="zoom" start="130" end="100" center="107,132" time="200" reversible="false">UnFocus</animation>
					<control type="image">
						<description>Cover Case</description>
						<width>214</width>
						<height>214</height>
						<texture border="7">covers/cover-case-focus.png</texture>
						<aspectratio>stretch</aspectratio>
					</control>
					<control type="image">
						<description>Cover</description>
						<width>214</width>
						<height>214</height>
						<texture background="true">$INFO[ListItem.Thumb]</texture>
						<bordersize>12</bordersize>
						<aspectratio>stretch</aspectratio>
					</control>
					<control type="image">
						<description>Default Cover Background</description>
						<width>214</width>
						<height>214</height>
						<texture>dim.png</texture>
						<bordersize>12</bordersize>
						<aspectratio>stretch</aspectratio>
						<visible>String.IsEmpty(ListItem.Thumb)</visible>
					</control>
					<control type="image">
						<description>Default Cover</description>
						<width>214</width>
						<height>214</height>
						<texture background="true">$INFO[ListItem.ActualIcon]</texture>
						<bordersize>30</bordersize>
						<aspectratio>keep</aspectratio>
						<visible>String.IsEmpty(ListItem.Thumb)</visible>
					</control>
					<control type="image">
						<description>Reflection</description>
						<left>4</left>
						<top>211</top>
						<width>206</width>
						<height>214</height>
						<texture flipy="true" diffuse="views/reflection.png" background="true">$INFO[ListItem.Icon]</texture>
						<bordertexture flipy="true" diffuse="views/reflection.png" border="4">covers/cover-case2.png</bordertexture>
						<bordersize>8</bordersize>
						<aspectratio>stretch</aspectratio>
						<animation effect="fade" end="70" condition="true">Conditional</animation>
					</control>
				</control>
			</focusedlayout>
		</control>
			
		<control type="group">
			<depth>DepthContent+</depth>
			<include content="WrapInfoViewScrollbar">
				<param name="id" value="91104" />
			</include>
		</control>
	</include>
	<!--//// END WRAP LIST INFO VIEW //////////////////////////////////////////////////////////////////-->

	<!--//// START WALL VIEW //////////////////////////////////////////////////////////////////////////-->
	<include name="MusicWallView">
		<control type="group" id="500">
		    <defaultcontrol always="true">70</defaultcontrol>
			<visible>Control.IsVisible(70)</visible>
			<include>MediaViewOpenCloseAnim</include>
			
			<control type="panel" id="70">
				<viewtype label="31113">bigicon</viewtype>
				<left>-12</left>
				<width>1304</width>
				<pagecontrol>91203</pagecontrol>
				<preloaditems>2</preloaditems>
				<scrolltime tween="sine" easing="inout">403</scrolltime>
				<include condition="Skin.HasSetting(WallViewVerticalNavigation)">WallViewVertical</include>
				<include condition="!Skin.HasSetting(WallViewVerticalNavigation)">WallViewHorizontal</include>
				<visible>Container.Content(Albums)</visible>
				<itemlayout width="214" height="225">
					<control type="image">
						<description>Default Cover</description>
						<left>10</left>
						<include content="WallViewTop" condition="!Skin.HasSetting(WallViewVerticalNavigation)"><param name="top" value="10" /></include>
						<include content="WallViewTop" condition="Skin.HasSetting(WallViewVerticalNavigation)"><param name="top" value="45" /></include>
						<width>214</width>
						<height>225</height>
						<bordersize>40</bordersize>
						<texture background="true">$INFO[ListItem.ActualIcon]</texture>
						<aspectratio>keep</aspectratio>
						<visible>String.IsEmpty(ListItem.Thumb)</visible>
						<animation effect="fade" end="60" condition="true">Conditional</animation>
					</control>
					<control type="image">
						<description>Cover</description>
						<left>10</left>
						<include content="WallViewTop" condition="!Skin.HasSetting(WallViewVerticalNavigation)"><param name="top" value="10" /></include>
						<include content="WallViewTop" condition="Skin.HasSetting(WallViewVerticalNavigation)"><param name="top" value="45" /></include>
						<width>214</width>
						<height>225</height>
						<texture background="true">$INFO[ListItem.Thumb]</texture>
						<aspectratio>scale</aspectratio>
					</control>
					<control type="image">
						<description>Dim</description>
						<left>10</left>
						<include content="WallViewTop" condition="!Skin.HasSetting(WallViewVerticalNavigation)"><param name="top" value="10" /></include>
						<include content="WallViewTop" condition="Skin.HasSetting(WallViewVerticalNavigation)"><param name="top" value="45" /></include>
						<width>214</width>
						<height>225</height>
						<texture background="true">dim.png</texture>
						<aspectratio>stretch</aspectratio>
						<visible>!String.IsEmpty(ListItem.Thumb) + !Skin.HasSetting(DoNotDimMusicWallCover)</visible>
						<include>CoverDimAnim</include>
					</control>
				</itemlayout>
				<focusedlayout width="214" height="225" condition="Container.Column(0) + Container.Row(0)">
					<control type="group">
						<description>Top Left Corner Cover</description>
						<depth>DepthContent+</depth>
						<include>AlbumWallCoverImage</include>
						<include condition="![Skin.String(LowCPUPowerMode,Animations) | Skin.String(LowCPUPowerMode,Full)]">MusicWallViewTopLeftCornerFocusAnim</include>
					</control>
				</focusedlayout>
				<focusedlayout width="214" height="225" condition="!Container.Column(0) + !Container.Column(5) + Container.Row(0)">
					<control type="group">
						<description>Top Edge Cover</description>
						<depth>DepthContent+</depth>
						<include>AlbumWallCoverImage</include>
						<include condition="![Skin.String(LowCPUPowerMode,Animations) | Skin.String(LowCPUPowerMode,Full)]">MusicWallViewTopEdgeFocusAnim</include>
					</control>
				</focusedlayout>
				<focusedlayout width="214" height="225" condition="Container.Column(5) + Container.Row(0)">
					<control type="group">
						<description>Top Right Corner Cover</description>
						<depth>DepthContent+</depth>
						<include>AlbumWallCoverImage</include>
						<include condition="![Skin.String(LowCPUPowerMode,Animations) | Skin.String(LowCPUPowerMode,Full)]">MusicWallViewTopRightCornerFocusAnim</include>
					</control>
				</focusedlayout>
				<focusedlayout width="214" height="225" condition="Container.Column(0) + Container.Row(1)">
					<control type="group">
						<description>Left Edge Cover</description>
						<depth>DepthContent+</depth>
						<include>AlbumWallCoverImage</include>
						<include condition="![Skin.String(LowCPUPowerMode,Animations) | Skin.String(LowCPUPowerMode,Full)]">MusicWallViewLeftEdgeFocusAnim</include>
					</control>
				</focusedlayout>
				<focusedlayout width="214" height="225" condition="!Container.Row(0) + !Container.Row(2) + !Container.Column(0) + !Container.Column(5)">
					<control type="group">
						<description>Mid Row Cover</description>
						<depth>DepthContent+</depth>
						<include>AlbumWallCoverImage</include>
						<include condition="![Skin.String(LowCPUPowerMode,Animations) | Skin.String(LowCPUPowerMode,Full)]">MusicWallViewMidRowFocusAnim</include>
					</control>
				</focusedlayout>
				<focusedlayout width="214" height="225" condition="Container.Column(5) + Container.Row(1)">
					<control type="group">
						<description>Right Edge Cover</description>
						<depth>DepthContent+</depth>
						<include>AlbumWallCoverImage</include>
						<include condition="![Skin.String(LowCPUPowerMode,Animations) | Skin.String(LowCPUPowerMode,Full)]">MusicWallViewRightEdgeFocusAnim</include>
					</control>
				</focusedlayout>
				<focusedlayout width="214" height="225" condition="Container.Column(0) + Container.Row(2)">
					<control type="group">
						<description>Bottom Left Corner Cover</description>
						<depth>DepthContent+</depth>
						<include>AlbumWallCoverImage</include>
						<include condition="![Skin.String(LowCPUPowerMode,Animations) | Skin.String(LowCPUPowerMode,Full)]">MusicWallViewBottomLeftCornerFocusAnim</include>
					</control>
				</focusedlayout>
				<focusedlayout width="214" height="225" condition="!Container.Column(0) + !Container.Column(5) + Container.Row(2)">
					<control type="group">
						<description>Bottom Edge Cover</description>
						<depth>DepthContent+</depth>
						<include>AlbumWallCoverImage</include>
						<include condition="![Skin.String(LowCPUPowerMode,Animations) | Skin.String(LowCPUPowerMode,Full)]">MusicWallViewBottomEdgeFocusAnim</include>
					</control>
				</focusedlayout>
				<focusedlayout width="214" height="225" condition="Container.Column(5) + Container.Row(2)">
					<control type="group">
						<description>Bottom Right Corner Cover</description>
						<depth>DepthContent+</depth>
						<include>AlbumWallCoverImage</include>
						<include condition="![Skin.String(LowCPUPowerMode,Animations) | Skin.String(LowCPUPowerMode,Full)]">MusicWallViewBottomRightCornerFocusAnim</include>
					</control>
				</focusedlayout>
			</control>
			
			<include content="WallViewScrollbar">
				<param name="id" value="91203" />
			</include>
			
			<control type="group" id="659">
				<description>Bottom Bar Area</description>
				<depth>DepthContent+</depth>
				<top>BottomPaneOffsetY</top>
				<visible>Control.HasFocus(70) + System.IdleTime(2) + !Skin.HasSetting(HideMusicWallInfoPanel)</visible>
				<animation effect="slide" start="0,65" time="300">Visible</animation>
				<include>InfoPaneImage</include>
				<include>InfoPaneMediaDetails</include>
				<!--<include condition="!Skin.HasSetting(EnableMusicLibraryClearLogos)">InfoPaneClearLogoMusic</include>-->
				<include>BottomPaneOpenCloseAnim</include>
				
				<control type="label">
					<include>InfoPaneItemTitle</include>
					<label>[B]$INFO[ListItem.Label][/B]</label>
				</control>
				
				<control type="label">
					<include>InfoPaneItemTitle2</include>
					<label>$INFO[ListItem.Artist]</label>
				</control>
			</control>
			
			<include>ViewsDialogPopUpScreenDim</include>
		</control>
	</include>
	<!--//// END WALL VIEW ////////////////////////////////////////////////////////////////////////////-->
</includes>