<?xml version="1.0" encoding="UTF-8"?>
<window type="dialog" id="3018">
	<defaultcontrol always="true">900</defaultcontrol>
	<allowoverlay>no</allowoverlay>
	
	<controls>
		<control type="button">
			<onclick>Dialog.Close(3018)</onclick>
			<include>DropDownMenuCloseHitRect</include>
		</control>
		
		<control type="grouplist" id="900">
			<description>View Options Menu</description>
			<left>1072</left>
			<top>80</top>
			<width>350</width>
			<itemgap>0</itemgap>
			<orientation>vertical</orientation>
			<onup>900</onup>
			<ondown>900</ondown>
			<onleft>Dialog.Close(3018)</onleft>
			<onright>Dialog.Close(3018)</onright>
			<include>MenuOpenCloseAnim</include>
			<control type="image" id="780">
				<include>DropDownMenuTopBorder</include>
			</control>
			<control type="radiobutton" id="476">
				<description>Hide Plot (PVR)</description>
				<include>DropDownMenuRadioBtn</include>
				<label>$LOCALIZE[31044]</label>
				<selected>Skin.HasSetting(HideLiveTVPlot)</selected>
				<onclick>Skin.ToggleSetting(HideLiveTVPlot)</onclick>
			</control>
			<control type="radiobutton" id="477">
				<description>Do Not Auto Scroll Plot (PVR)</description>
				<include>DropDownMenuRadioBtn</include>
				<label>$LOCALIZE[31401]</label>
				<selected>!Skin.HasSetting(DoNotAutoScrollLiveTVPlot)</selected>
				<onclick>Skin.ToggleSetting(DoNotAutoScrollLiveTVPlot)</onclick>
				<enable>!Skin.HasSetting(HideLiveTVPlot)</enable>
			</control>
			<control type="radiobutton" id="478">
				<description>Hide Genre (PVR)</description>
				<include>DropDownMenuRadioBtn</include>
				<label>$LOCALIZE[31938]</label>
				<selected>Skin.HasSetting(HidePVRGenres)</selected>
				<onclick>Skin.ToggleSetting(HidePVRGenres)</onclick>
			</control>
			<control type="radiobutton" id="479">
				<description>List Hide Scrollbar (PVR)</description>
				<include>DropDownMenuRadioBtn</include>
				<label>$LOCALIZE[31025]</label>
				<selected>Skin.HasSetting(HideListInfoView2Scrollbar)</selected>
				<onclick>Skin.ToggleSetting(HideListInfoView2Scrollbar)</onclick>
			</control>
			<control type="radiobutton" id="480">
				<description>Columns Hide Scrollbar (PVR)</description>
				<include>DropDownMenuRadioBtn</include>
				<label>$LOCALIZE[31025] 2</label>
				<selected>!Skin.HasSetting(ShowColumnsViewScrollbar)</selected>
				<onclick>Skin.ToggleSetting(ShowColumnsViewScrollbar)</onclick>
			</control>
			<control type="image" id="781">
				<include>DropDownMenuBottomBorder</include>
			</control>
		</control>
	</controls>
</window>