<?xml version="1.0" encoding="UTF-8"?>
<window type="dialog" id="1106">
	<defaultcontrol always="true">200</defaultcontrol>

	<controls>
		<control type="button">
			<onclick>Dialog.Close(1106)</onclick>
			<include>DropDownMenuCloseHitRect</include>
		</control>
		
		<control type="grouplist" id="200">
			<depth>DepthMenuBar</depth>
			<left>633</left>
			<top>80</top>
			<width>173</width>
			<itemgap>0</itemgap>
			<orientation>vertical</orientation>
			<onup>200</onup>
			<ondown>200</ondown>
			<onleft>Dialog.Close(1106)</onleft>
			<onright>Dialog.Close(1106)</onright>
			<include>MenuOpenCloseAnim</include>
			<animation effect="slide" end="-80,0" condition="!System.HasAddon(script.cinemavision) | String.IsEqual(ListItem.DBTYPE,musicvideo) | String.IsEqual(ListItem.DBTYPE,video)">Conditional</animation>
			<animation effect="slide" end="-79,0" condition="String.IsEqual(ListItem.DBTYPE,video)">Conditional</animation>
			<animation effect="slide" end="80,0" condition="!String.IsEmpty(Window(movieinformation).Property(TvTunes_HideVideoInfoButton)) | !System.HasAddon(script.tvtunes)">Conditional</animation>
			<animation effect="slide" end="79,0" condition="!String.IsEmpty(Window(movieinformation).Property(HideVideoExtrasButton)) | !System.HasAddon(script.videoextras)">Conditional</animation>
			<control type="image" id="780">
				<width>173</width>
				<include>DropDownMenuTopBorder</include>
			</control>
			<control type="button" id="781">
				<description>Choose Art</description>
				<width>173</width>
				<textwidth>143</textwidth>
				<include>DropDownMenuBtn</include>
				<label>$LOCALIZE[13511]</label>
				<onclick>Dialog.Close(1106)</onclick>
				<onclick>SendClick(2003,10)</onclick>
			</control>
			<control type="button" id="782">
				<description>Get Artwork</description>
				<width>173</width>
				<textwidth>143</textwidth>
				<include>DropDownMenuBtn</include>
				<label>$LOCALIZE[31302]</label>
				<onclick condition="System.HasAddon(script.artwork.downloader)">Dialog.Close(1106)</onclick>
				<onclick condition="System.HasAddon(script.artwork.downloader) + String.IsEqual(ListItem.DBTYPE,movie)">RunScript(script.artwork.downloader, mode=gui, mediatype=movie, dbid=$INFO[ListItem.DBID])</onclick>
				<onclick condition="System.HasAddon(script.artwork.downloader) + String.IsEqual(ListItem.DBTYPE,tvshow)">RunScript(script.artwork.downloader, mode=gui, mediatype=tvshow, dbid=$INFO[ListItem.DBID])</onclick>
				<onclick condition="System.HasAddon(script.artwork.downloader) + String.IsEqual(ListItem.DBTYPE,musicvideo)">RunScript(script.artwork.downloader, mode=gui, mediatype=musicvideo, dbid=$INFO[ListItem.DBID])</onclick>
				<onclick condition="!System.HasAddon(script.artwork.downloader)">InstallAddon(script.artwork.downloader)</onclick>
				<visible>String.IsEqual(ListItem.DBTYPE,movie) | String.IsEqual(ListItem.DBTYPE,tvshow) | String.IsEqual(ListItem.DBTYPE,musicvideo)</visible>
			</control>
			<control type="button" id="783">
				<description>Get Extrafanart</description>
				<width>173</width>
				<textwidth>143</textwidth>
				<include>DropDownMenuBtn</include>
				<label>$LOCALIZE[31168]</label>
				<onclick condition="System.HasAddon(script.artwork.downloader)">Dialog.Close(1106)</onclick>
				<onclick condition="System.HasAddon(script.artwork.downloader) + String.IsEqual(ListItem.DBTYPE,movie)">RunScript(script.artwork.downloader, mode=custom, mediatype=movie, dbid=$INFO[ListItem.DBID], extrafanart)</onclick>
				<onclick condition="System.HasAddon(script.artwork.downloader) + String.IsEqual(ListItem.DBTYPE,tvshow)">RunScript(script.artwork.downloader, mode=custom, mediatype=tvshow, dbid=$INFO[ListItem.DBID], extrafanart)</onclick>
				<onclick condition="System.HasAddon(script.artwork.downloader) + String.IsEqual(ListItem.DBTYPE,musicvideo)">RunScript(script.artwork.downloader, mode=custom, mediatype=musicvideo, dbid=$INFO[ListItem.DBID], extrafanart)</onclick>
				<onclick condition="!System.HasAddon(script.artwork.downloader)">InstallAddon(script.artwork.downloader)</onclick>
				<visible>String.IsEqual(ListItem.DBTYPE,movie) | String.IsEqual(ListItem.DBTYPE,tvshow) | String.IsEqual(ListItem.DBTYPE,musicvideo)</visible>
			</control>
			<control type="button" id="784">
				<description>Refresh</description>
				<width>173</width>
				<textwidth>143</textwidth>
				<include>DropDownMenuBtn</include>
				<label>$LOCALIZE[184]</label>
				<onclick>Dialog.Close(1106)</onclick>
				<onclick>SendClick(2003,6)</onclick>
				<visible>!String.IsEqual(ListItem.DBTYPE,video)</visible>
			</control>
			<control type="button" id="785">
				<description>Set My Rating</description>
				<width>173</width>
				<textwidth>143</textwidth>
				<include>DropDownMenuBtn</include>
				<label>$LOCALIZE[38023]</label>
				<onclick>Dialog.Close(1106)</onclick>
				<onclick>SendClick(2003,7)</onclick>
			</control>
			<control type="button" id="786">
				<description>Edit Database</description>
				<width>173</width>
				<textwidth>143</textwidth>
				<include>DropDownMenuBtn</include>
				<label>$LOCALIZE[21435] $LOCALIZE[15101]</label>
				<onclick>Dialog.Close(1106)</onclick>
				<onclick>RunScript(script.libraryeditor,DBID=$INFO[ListItem.DBID])</onclick>
				<visible>System.HasAddon(script.libraryeditor) + !String.IsEqual(ListItem.DBTYPE,video)</visible>
			</control>
			<control type="image" id="787">
				<width>173</width>
				<include>DropDownMenuBottomBorder</include>
			</control>
		</control>
	</controls>	
</window>