<?xml version="1.0" encoding="UTF-8"?>
<window>
	<defaultcontrol always="true">500</defaultcontrol>
	<menucontrol>850</menucontrol>
	<views>50,52,54,53,75,58,66,95,97,76,61,65,100,74,73,68,94,69,63,90,91,93,530,531,532,577,583,585,586,587,588,589</views>
	<onload>Skin.Reset(ShowMediaExtraOptions)</onload>
	<onload condition="System.HasAddon(script.tv.show.next.aired) + [Container.Content(tvshows) | Container.Content(seasons) | Container.Content(episodes)]">RunScript(script.tv.show.next.aired,backend=True)</onload>
	
	<controls>
		<control type="group">
			<depth>DepthBackground</depth>
			<include>BackgroundDefault</include>
			<include condition="[[!String.IsEmpty(Skin.String(CustomVideosBGPath)) + [Skin.String(CustomVideosBGType,2) | Skin.String(CustomVideosBGType,3)]] 
			| Skin.String(CustomVideosBGType,4)] + Skin.HasSetting(ApplyAllVideosCustomBG)">BackgroundVideos</include>
			<include condition="[[!String.IsEmpty(Skin.String(CustomMoviesBGPath)) + [Skin.String(CustomMoviesBGType,2) | Skin.String(CustomMoviesBGType,3)]] 
			| Skin.String(CustomMoviesBGType,4)] + Skin.HasSetting(ApplyAllMoviesCustomBG)">BackgroundMovies</include>
			<include condition="[[!String.IsEmpty(Skin.String(CustomTVShowsBGPath)) + [Skin.String(CustomTVShowsBGType,2) | Skin.String(CustomTVShowsBGType,3)]] 
			| Skin.String(CustomTVShowsBGType,4)] + Skin.HasSetting(ApplyAllTVShowsCustomBG)">BackgroundTVShows</include>
			<include>BackgroundAddonsFanart</include>
			<include>BackgroundVideoFanart</include>
			<include condition="[String.Contains(Container.FolderPath,videodb://musicvideos/genres/) | String.Contains(Container.FolderPath,videodb://movies/genres/) | String.Contains(Container.FolderPath,videodb://tvshows/genres/)] + !String.IsEmpty(Skin.String(MovieGenreFanartAddon.name))">BackgroundGenreFanart</include>
			<include condition="!Skin.HasSetting(DisableVideoPlayingBG)">BackgroundVideoPlaying</include>
			<include condition="!Skin.HasSetting(DisableMusicPlayingBG)">BackgroundMusicPlaying</include>
			<include>BackgroundOpenCloseAnim</include>
		</control>
		
		<control type="group">
			<visible>![Window.IsActive(1102) | Window.IsActive(script-script.extendedinfo-DialogVideoInfo.xml) | Window.IsActive(script-script.extendedinfo-DialogInfo.xml)]</visible>
			<control type="group">
				<visible>!Window.IsActive(MovieInformation) + !Window.IsActive(AddonInformation)</visible>
				<depth>DepthContent</depth>
				<include>MediaInfoOpenCloseAnim</include>
				<include>IconView</include> <!-- 50 -->
				<include>ListView</include> <!-- 52 -->
				<include>DVDThumbsView</include> <!-- 54 -->
				<include>MoviesWrapListInfoView</include> <!-- 53 -->
				<include>MoviesWideListView</include> <!-- 75 -->
				<include>MoviesListInfoView</include> <!-- 58 -->
				<include>MoviesListInfoView2</include> <!-- 66 -->
				<include>MoviesListInfoView3</include> <!-- 95 -->
				<include>MoviesThumbsInfoView</include> <!-- 97 -->
				<include>3DWrapView</include> <!-- 588 -->
				<include>TVShowsWideListView</include> <!-- 76 -->
				<include>TVShowsListInfoView</include> <!-- 61 -->
				<include>TVShowsListInfoView2</include> <!-- 65 -->
				<include>TVShowsListInfoView3</include> <!-- 589 -->
				<include>TVShowsThumbsInfoView</include> <!-- 100 -->
				<include>TVShowsWrapListInfoView</include> <!-- 577 -->
				<include>EpisodesWideListView</include> <!-- 74 -->
				<include>EpisodesListInfoView</include> <!-- 73 -->
				<include>EpisodesListInfoView2</include> <!-- 68 -->
				<include>EpisodesListInfoView3</include> <!-- 94 -->
				<include>MusicVideosListInfoView2</include> <!-- 587 -->
				<include>MoviesWallView</include> <!-- 69 -->
				<include>TVShowsWallView</include> <!-- 586 -->
				<include>ExtendedListView</include> <!-- 585 -->
				<include>FanartView</include> <!-- 583 -->
				<include>AlbumThumbsView</include> <!-- 63 -->
				<include>AddonsWideListView</include> <!-- 90 -->
				<include>AddonsListInfoView</include> <!-- 91 -->
				<include>AddonsWrapListInfoView</include> <!-- 93 -->
				<include>VideosListInfoView</include> <!-- 530 -->
				<include>VideosListInfoView2</include> <!-- 531 -->
				<include>VideosThumbsInfoView</include> <!-- 532 -->
			</control>
			
			<include>MediaMenuBar</include>
			
			<control type="group">
				<description>Top Bar Area</description>
				<visible>![System.IdleTime(3) + Skin.HasSetting(HideTopBar) + ![Control.IsVisible(505) | Control.IsVisible(69) | Control.IsVisible(586) | Control.HasFocus(555)]]</visible>
				<depth>DepthTopBar</depth>
				<include>TopBarImage</include>
				<include>TopBarOpenCloseAnim</include>
				<include>BreadCrumbVideoLibrary</include>
				<include>Notifications</include>
				<include>SortLetterNotification</include>
			</control>
		</control>
	</controls>		
</window>