<?xml version="1.0" encoding="utf-8"?>
<window id="3011">
    <defaultcontrol always="true">500</defaultcontrol>
	<views>500</views>
	<menucontrol>987</menucontrol>
	<include>MediaViewOpenCloseAnim</include>
	
    <controls>
		<control type="group">
			<depth>DepthBackground</depth>
			<include>BackgroundDefault</include>
			<include condition="[[!IsEmpty(Skin.String(CustomVideosBGPath)) + [Skin.String(CustomVideosBGType,2) | Skin.String(CustomVideosBGType,3)]] 
			| Skin.String(CustomVideosBGType,4)] + Skin.HasSetting(ApplyAllVideosCustomBG)">BackgroundVideos</include>
			<include condition="[[!IsEmpty(Skin.String(CustomMoviesBGPath)) + [Skin.String(CustomMoviesBGType,2) | Skin.String(CustomMoviesBGType,3)]] 
			| Skin.String(CustomMoviesBGType,4)] + Skin.HasSetting(ApplyAllMoviesCustomBG)">BackgroundMovies</include>
			<include condition="[[!IsEmpty(Skin.String(CustomTVShowsBGPath)) + [Skin.String(CustomTVShowsBGType,2) | Skin.String(CustomTVShowsBGType,3)]] 
			| Skin.String(CustomTVShowsBGType,4)] + Skin.HasSetting(ApplyAllTVShowsCustomBG)">BackgroundTVShows</include>			
			<control type="group">
				<visible>!IsEmpty(Container(500).ListItem.Art(fanart)) + !Skin.HasSetting(ShowExtendedInfoThumbnailFanart)</visible>
				<include>BackgroundVisibleAnim</include>
				<control type="image">
					<include>BackgroundSize</include>
					<texture background="true">$INFO[Container(500).ListItem.Art(fanart)]</texture>
					<aspectratio>scale</aspectratio>
					<fadetime>FanartCrossfadeTime</fadetime>
				</control>
			</control>			
			<include condition="!Skin.HasSetting(DisableVideoPlayingBG)">BackgroundVideoPlaying</include>
			<include condition="!Skin.HasSetting(DisableMusicPlayingBG)">BackgroundMusicPlaying</include>
			<control type="image">
				<include>BackgroundDim</include>
				<animation effect="fade" end="70" reversible="false" condition="Skin.HasSetting(FanartBackgroundBrightnessHigh)">Conditional</animation>
			</control>
			<include>BackgroundOpenCloseAnim</include>
		</control>
		
		<control type="group">
			<depth>DepthContent</depth>
			
			<control type="scrollbar" id="904">
				<left>1262</left>
				<top>116</top>
				<height>508</height>
				<onleft>500</onleft>
				<ondown>600</ondown>
				<onup>700</onup>
				<animation effect="fade" start="100" end="0" time="150" condition="Skin.HasSetting(ShowExtendedInfoThumbnailViewScrollbar) + !ControlGroup(500).HasFocus">Conditional</animation>
				<include>MediaInfoOpenCloseAnim</include>
				<visible>Skin.String(ExtendedInfoViewStyle,) | Skin.String(ExtendedInfoViewStyle,1) | Skin.String(ExtendedInfoViewStyle,2)</visible>
			</control>
			
			<control type="group">
				<visible>Skin.String(ExtendedInfoViewStyle,3)</visible>
				<include>MediaInfoOpenCloseAnim</include>
				
				<control type="image">
					<left>30</left>
					<top>98</top>
					<width>755</width>
					<height>546</height>
					<texture border="7">panels/content-panel.png</texture>
					<include>PanelFadeAnim</include>
				</control>
				
				<control type="group">
					<description>Cover</description>
					<left>840</left>
					<top>150</top>
						
					<control type="image">
						<description>Cover</description>
						<width>400</width>
						<height>400</height>
						<texture>DefaultVideo.png</texture>
						<bordertexture border="11">covers/cover-case-curved-big-focus.png</bordertexture>
						<bordersize>50</bordersize>
						<aspectratio aligny="bottom">keep</aspectratio>
						<fadetime>IconCrossfadeTime</fadetime>	
						<visible>IsEmpty(Container(500).ListItem.Thumb)</visible>
					</control>
					
					<control type="image">
						<description>Cover</description>
						<width>400</width>
						<height>400</height>
						<texture background="true">$INFO[Container(500).ListItem.Thumb]</texture>
						<bordertexture border="11">covers/cover-case-curved-big-focus.png</bordertexture>
						<bordersize>14</bordersize>
						<aspectratio aligny="bottom">keep</aspectratio>
						<fadetime>IconCrossfadeTime</fadetime>	
					</control>

					<control type="image">
						<description>Cover Reflection</description>
						<top>395</top>
						<width>400</width>
						<height>400</height>
						<texture background="true" flipy="true" diffuse="views/reflection.png">$INFO[Container(500).ListItem.Thumb]</texture>
						<bordertexture flipy="true" border="11" diffuse="views/reflection.png">covers/cover-case-curved-big-focus.png</bordertexture>
						<bordersize>14</bordersize>
						<aspectratio aligny="top">keep</aspectratio>
						<fadetime>IconCrossfadeTime</fadetime>
					</control>
				</control>
				
				<control type="group">
					<left>767</left>
					<top>102</top>
					
					<control type="image">
						<width>14</width>
						<height>538</height>
						<texture border="4">controls/scrollbar-background.png</texture>
					</control>
					
					<control type="scrollbar" id="904">
						<height>538</height>
						<texturesliderbackground>-</texturesliderbackground>
						<onleft>500</onleft>
						<onright>ActivateWindow(videos,$INFO[Container(500).ListItem.Label,plugin://plugin.video.youtube/kodion/search/query/?q=, trailer],return)</onright>
						<ondown>600</ondown>
						<onup>700</onup>
						<include>MediaInfoOpenCloseAnim</include>
						<visible>!Skin.HasSetting(ShowExtendedInfoThumbnailViewScrollbar)</visible>
					</control>
				</control>
			</control>
			
			<control type="group">
				<visible>Skin.String(ExtendedInfoViewStyle,4)</visible>
				<include>MediaInfoOpenCloseAnim</include>
				
				<control type="image">
					<left>30</left>
					<top>101</top>
					<width>1220</width>
					<height>539</height>
					<texture border="7">panels/content-panel.png</texture>
					<include>PanelFadeAnim</include>
					<include>ControlsOpenCloseAnim</include>
				</control>
				
				<control type="group">
					<left>34</left>
					<top>105</top>
					
					<control type="image">
						<description>Content Background</description>
						<width>416</width>
						<height>531</height>
						<texture border="4">panels/panel-content-border2.png</texture>
						<include>ListInfoViewContentBackgroundFadeAnim</include>
					</control>
					
					<control type="image">
						<description>Media Info Background</description>
						<left>6</left>
						<top>238</top>
						<width>404</width>
						<height>58</height>
						<texture border="4">panels/panel3.png</texture>
						<include>ListInfoViewMediaInfoBackgroundFadeAnim</include>
					</control>
					
					<control type="image">
						<description>Description Background</description>
						<left>6</left>
						<top>300</top>
						<width>404</width>
						<height>225</height>
						<texture border="4">panels/panel3.png</texture>
						<include>ListInfoViewMediaInfoBackgroundFadeAnim</include>
					</control>
				</control>
				
				<control type="image">
					<left>40</left>
					<top>111</top>
					<width>404</width>
					<height>228</height>
					<texture background="true" diffuse="covers/list-info-3-fanart-diffuse.png">$INFO[Container(500).ListItem.Art(fanart)]</texture>
					<aspectratio scalediffuse="false" align="center">scale</aspectratio>
					<fadetime>FanartCrossfadeTime</fadetime>
				</control>
				
				<control type="image">
					<description>Genre Background</description>
					<left>43</left>
					<top>114</top>
					<width>250</width>
					<height>27</height>
					<texture border="8">views/genre-background.png</texture>
					<visible>!IsEmpty(Container(500).ListItem.Genre) + !Skin.HasSetting(HideExtendedInfoVideoListGenres)</visible>
				</control>
							
				<control type="label">
					<description>Genre</description>
					<left>51</left>
					<top>116</top>
					<width>234</width>
					<font>MediaInfoFont3</font>
					<textcolor>WhiteColor</textcolor>
					<shadowcolor>ShadowColor</shadowcolor>
					<label>[UPPERCASE]$INFO[Container(500).ListItem.Genre][/UPPERCASE]</label>
					<scroll>false</scroll>
					<animation effect="fade" end="90" condition="true">Conditional</animation>
					<visible>!IsEmpty(Container(500).ListItem.Genre) + !Skin.HasSetting(HideExtendedInfoVideoListGenres)</visible>
				</control>
				
				<control type="group">
					<description>Media Info Area</description>
					<left>38</left>
					<top>349</top>
		
					<control type="grouplist">
						<description>Year</description>
						<left>10</left>
						<top>0</top>
						<width>400</width>
						<orientation>horizontal</orientation>
						<control type="label">
							<width min="0" max="100">auto</width>
							<font>MediaInfoFont</font>
							<textcolor>MediaInfoItemColor</textcolor>
							<shadowcolor>ShadowColor</shadowcolor>
							<label>$LOCALIZE[345]:</label>
						</control>
						<control type="label">
							<width min="0" max="300">auto</width>
							<font>MediaInfoFont</font>
							<textcolor>MediaInfoItemColor2</textcolor>
							<shadowcolor>ShadowColor</shadowcolor>
							<label fallback="31001">$INFO[Container(500).ListItem.Year]</label>
						</control>
					</control>
					
					<control type="grouplist">
						<description>Rating</description>
						<left>10</left>
						<top>22</top>
						<width>400</width>
						<orientation>horizontal</orientation>
						<control type="label">
							<width min="0" max="100">auto</width>
							<font>MediaInfoFont</font>
							<textcolor>MediaInfoItemColor</textcolor>
							<shadowcolor>ShadowColor</shadowcolor>
							<label>$LOCALIZE[563]:</label>
						</control>
						<control type="label">
							<width min="0" max="300">auto</width>
							<font>MediaInfoFont</font>
							<textcolor>MediaInfoItemColor2</textcolor>
							<shadowcolor>ShadowColor</shadowcolor>
							<label fallback="31001">$INFO[Container(500).ListItem.Rating]$INFO[Container(500).ListItem.Votes, (, $LOCALIZE[205])]</label>
						</control>
					</control>
				</control>
				
				<control type="textbox">
					<description>Plot</description>
					<left>48</left>
					<top>412</top>
					<width>388</width>
					<height>210</height>
					<font>MediaInfoDescFont</font>
					<textcolor>MediaInfoColor</textcolor>
					<shadowcolor>ShadowColor</shadowcolor>
					<align>justify</align>
					<label fallback="31203">$INFO[Container(500).ListItem.Plot]</label>
					<wrapmultiline>true</wrapmultiline>
					<autoscroll time="2000" delay="6000" repeat="10000">!Skin.HasSetting(DoNotAutoScrollPlot)</autoscroll>
					<visible>!Container.OnNext + !Container.OnPrevious</visible>
					<include>ControlsOpenCloseAnim</include>
				</control>
				
				<control type="group">					
					<left>880</left>
					<top>121</top>

					<control type="image">
						<description>Default Cover</description>
						<width>320</width>
						<height>440</height>
						<texture>DefaultVideo.png</texture>
						<bordersize>90</bordersize>
						<aspectratio>keep</aspectratio>
						<fadetime>IconCrossfadeTime</fadetime>
						<visible>IsEmpty(Container(500).ListItem.Thumb)</visible>
					</control>

					<control type="image">
						<description>Cover</description>
						<width>320</width>
						<height>440</height>
						<texture background="true">$INFO[Container(500).ListItem.Thumb]</texture>
						<bordertexture border="4">covers/cover-case2.png</bordertexture>
						<bordersize>4</bordersize>
						<aspectratio aligny="bottom">keep</aspectratio>
						<fadetime>IconCrossfadeTime</fadetime>
						<visible>!IsEmpty(Container(500).ListItem.Thumb)</visible>
					</control>

					<control type="image">
						<description>Cover Reflection</description>
						<top>440</top>
						<width>320</width>
						<height>440</height>
						<texture background="true" flipy="true" diffuse="views/reflection.png">$INFO[Container(500).ListItem.Thumb]</texture>
						<bordertexture flipy="true" border="4" diffuse="views/reflection.png">covers/cover-case2.png</bordertexture>
						<bordersize>4</bordersize>
						<aspectratio aligny="top">keep</aspectratio>
						<fadetime>IconCrossfadeTime</fadetime>
						<visible>!IsEmpty(Container(500).ListItem.Thumb)</visible>
					</control>
				</control>
				
				<control type="group">
					<top>105</top>
					<left>817</left>
					
					<control type="image">
						<width>12</width>
						<height>531</height>
						<texture border="4">controls/scrollbar-background.png</texture>
					</control>
					
					<control type="scrollbar" id="904">
						<width>12</width>
						<height>531</height>
						<texturesliderbackground>-</texturesliderbackground>
						<onleft>500</onleft>
						<onright>ActivateWindow(videos,$INFO[Container(500).ListItem.Label,plugin://plugin.video.youtube/kodion/search/query/?q=, trailer],return)</onright>
						<ondown>600</ondown>
						<onup>700</onup>
						<include>MediaInfoOpenCloseAnim</include>
						<visible>!Skin.HasSetting(ShowExtendedInfoThumbnailViewScrollbar)</visible>
					</control>
				</control>
			</control>
			
			<control type="panel" id="500">
				<viewtype label="31103">Icon</viewtype>
				<left>16</left>
				<top>110</top>
				<width>1248</width>
				<height>540</height>
				<pagecontrol>904</pagecontrol>
				<preloaditems>2</preloaditems>
				<scrolltime tween="sine" easing="inout">404</scrolltime>
				<onup>700</onup>
				<ondown>600</ondown>
				<onleft>987</onleft>
				<onright>904</onright>
				<orientation>vertical</orientation>
				<include>MediaInfoOpenCloseAnim</include>
				<oninfo condition="StringCompare(Window.Property(type),movie)">RunScript(script.extendedinfo,info=extendedinfo,name=$INFO[Container(500).ListItem.Label])</oninfo>
				<oninfo condition="StringCompare(Window.Property(type),tvshow)">RunScript(script.extendedinfo,info=extendedtvinfo,name=$INFO[Container(500).ListItem.Label])</oninfo>
				<animation effect="slide" end="-4,0" condition="Skin.String(ExtendedInfoViewStyle,2)">Conditional</animation>
				<animation effect="slide" end="24,-8" condition="Skin.String(ExtendedInfoViewStyle,3)">Conditional</animation>
				<animation effect="slide" end="440,-5" condition="Skin.String(ExtendedInfoViewStyle,4)">Conditional</animation>
				<itemlayout condition="Skin.String(ExtendedInfoViewStyle,1) | Skin.String(ExtendedInfoViewStyle,)" height="270" width="208">	
					<control type="image">
						<description>Cover Case</description>
						<left>11</left>
						<width>186</width>
						<height>250</height>
						<texture background="true" border="14">covers/cover-case-thumbnail-nofocus.png</texture>
						<aspectratio>stretch</aspectratio>
					</control>
					<control type="image">
						<description>Cover</description>
						<left>11</left>
						<width>186</width>
						<height>250</height>
						<bordersize>14</bordersize>
						<texture background="true">$INFO[ListItem.Thumb]</texture>
						<aspectratio>scale</aspectratio>
					</control>
					<control type="image">
						<description>Default Cover</description>
						<left>11</left>
						<width>186</width>
						<height>250</height>
						<bordersize>25</bordersize>
						<texture background="true">DefaultVideo.png</texture>
						<aspectratio>keep</aspectratio>
						<visible>IsEmpty(ListItem.Thumb)</visible>
						<animation effect="fade" end="40" condition="true">Conditional</animation>
					</control>
					<control type="image">
						<left>33</left>
						<top>200</top>
						<width>30</width>
						<height>30</height>
						<texture background="true">OverlayClean.png</texture>
						<aspectratio>keep</aspectratio>
						<visible>!IsEmpty(ListItem.UserRating)</visible>
					</control>
					<control type="label">
						<left>33</left>
						<top>200</top>
						<width>30</width>
						<height>30</height>
						<font>ListFont4</font>
						<textcolor>ListColor</textcolor>
						<align>center</align>
						<aligny>center</aligny>
						<label>$INFO[ListItem.UserRating]</label>
						<visible>!IsEmpty(ListItem.UserRating) + StringCompare(ListItem.UserRating,10.0)</visible>
					</control>
					<control type="label">
						<left>33</left>
						<top>200</top>
						<width>30</width>
						<height>30</height>
						<font>ListFont3</font>
						<textcolor>ListColor</textcolor>
						<align>center</align>
						<aligny>center</aligny>
						<label>$INFO[ListItem.UserRating]</label>
						<visible>!IsEmpty(ListItem.UserRating) + !StringCompare(ListItem.UserRating,10.0)</visible>
					</control>
					<control type="image">
						<left>145</left>
						<top>200</top>
						<width>30</width>
						<height>30</height>
						<texture background="true">OverlayClean.png</texture>
						<aspectratio>keep</aspectratio>
						<visible>!IsEmpty(ListItem.Property(DBID))</visible>
					</control>
					<control type="label">
						<left>145</left>
						<top>200</top>
						<width>30</width>
						<height>30</height>
						<font>ListFont3</font>
						<textcolor>ListColor</textcolor>
						<align>center</align>
						<aligny>center</aligny>
						<label>$LOCALIZE[31007]</label>
						<visible>!IsEmpty(ListItem.Property(DBID))</visible>
					</control>
				</itemlayout>
				<itemlayout condition="Skin.String(ExtendedInfoViewStyle,2)" height="179" width="138">	
					<control type="image">
						<description>Cover Case</description>
						<left>15</left>
						<width>122</width>
						<height>163</height>
						<texture background="true" border="14">covers/cover-case-thumbnail-nofocus.png</texture>
						<aspectratio>stretch</aspectratio>
					</control>
					<control type="image">
						<description>Cover</description>
						<left>15</left>
						<width>122</width>
						<height>163</height>
						<bordersize>12</bordersize>
						<texture background="true">$INFO[ListItem.Thumb]</texture>
						<aspectratio>scale</aspectratio>
					</control>
					<control type="image">
						<description>Default Cover</description>
						<left>15</left>
						<width>122</width>
						<height>163</height>
						<bordersize>17</bordersize>
						<texture background="true">DefaultVideo.png</texture>
						<aspectratio>keep</aspectratio>
						<visible>IsEmpty(ListItem.Thumb)</visible>
						<animation effect="fade" end="40" condition="true">Conditional</animation>
					</control>
					<control type="image">
						<left>30</left>
						<top>123</top>
						<width>24</width>
						<height>24</height>
						<texture background="true">OverlayClean.png</texture>
						<aspectratio>keep</aspectratio>
						<visible>!IsEmpty(ListItem.UserRating)</visible>
					</control>
					<control type="label">
						<left>30</left>
						<top>123</top>
						<width>24</width>
						<height>24</height>
						<font>ListFont6</font>
						<textcolor>ListColor</textcolor>
						<align>center</align>
						<aligny>center</aligny>
						<label>$INFO[ListItem.UserRating]</label>
						<visible>!IsEmpty(ListItem.UserRating) + StringCompare(ListItem.UserRating,10.0)</visible>
					</control>
					<control type="label">
						<left>30</left>
						<top>123</top>
						<width>24</width>
						<height>24</height>
						<font>ListFont4</font>
						<textcolor>ListColor</textcolor>
						<align>center</align>
						<aligny>center</aligny>
						<label>$INFO[ListItem.UserRating]</label>
						<visible>!IsEmpty(ListItem.UserRating) + !StringCompare(ListItem.UserRating,10.0)</visible>
					</control>
					<control type="image">
						<left>97</left>
						<top>123</top>
						<width>24</width>
						<height>24</height>
						<texture background="true">OverlayClean.png</texture>
						<aspectratio>keep</aspectratio>
						<visible>!IsEmpty(ListItem.Property(DBID))</visible>
					</control>
					<control type="label">
						<left>97</left>
						<top>123</top>
						<width>24</width>
						<height>24</height>
						<font>ListFont4</font>
						<textcolor>ListColor</textcolor>
						<align>center</align>
						<aligny>center</aligny>
						<label>$LOCALIZE[31007]</label>
						<visible>!IsEmpty(ListItem.Property(DBID))</visible>
					</control>
				</itemlayout>
				<itemlayout condition="Skin.String(ExtendedInfoViewStyle,3)" height="77" width="720">
					<control type="image">
						<width>720</width>
						<height>77</height>	
						<texture border="0,0,10,2">views/list-separator.png</texture>
						<aspectratio>stretch</aspectratio>
					</control>
					<control type="image">
						<description>Cover</description>
						<width>53</width>
						<height>76</height>
						<bordertexture border="7">covers/cover-case-nofocus.png</bordertexture>
						<bordersize>5</bordersize>
						<texture background="true">$INFO[ListItem.Thumb]</texture>
						<aspectratio>scale</aspectratio>
					</control>
					<control type="image">
						<description>Dim</description>
						<width>53</width>
						<height>76</height>
						<bordersize>5</bordersize>
						<texture background="true">dim.png</texture>
						<aspectratio>stretch</aspectratio>
						<visible>!IsEmpty(ListItem.Thumb)</visible>
						<include>CoverDimAnim</include>
					</control>
					<control type="image">
						<description>Default Cover</description>
						<width>53</width>
						<height>76</height>
						<bordersize>5</bordersize>
						<texture>DefaultVideo.png</texture>
						<aspectratio>keep</aspectratio>
						<visible>IsEmpty(ListItem.Thumb)</visible>
						<animation effect="fade" end="40" condition="true">Conditional</animation>
					</control>
					<control type="label">
						<left>60</left>
						<top>13</top>
						<width>555</width>
						<font>ListFont</font>
						<textcolor>ListColor</textcolor>
						<shadowcolor>ShadowColor</shadowcolor>
						<label>$INFO[ListItem.Label]</label>
					</control>
					<control type="label">
						<left>60</left>
						<top>39</top>
						<width>555</width>
						<font>ListFont2</font>
						<textcolor>ListColor2</textcolor>
						<shadowcolor>ShadowColor</shadowcolor>
						<label>$INFO[ListItem.Year]$INFO[ListItem.Genre,  -  ,]</label>
					</control>
					<control type="label">
						<description>Rating</description>
						<left>610</left>
						<top>13</top>
						<width>100</width>
						<font>ListFont</font>
						<textcolor>ListColor3</textcolor>
						<shadowcolor>ShadowColor</shadowcolor>
						<label>$INFO[ListItem.Rating]</label>
						<align>right</align>
						<visible>Skin.HasSetting(DoNotUseStarRatingExtendedInfo)</visible>
					</control>
					<control type="image">
						<description>Star Rating</description>
						<left>609</left>
						<top>14</top>
						<width>102</width>
						<height>18</height>
						<texture>$INFO[ListItem.Rating,special://home/addons/script.extendedinfo/resources/skins/Default/media/flags/stars/,.png]</texture>
						<colordiffuse>ff57a7ff</colordiffuse>
						<aspectratio align="right">keep</aspectratio>
						<visible>!Skin.HasSetting(DoNotUseStarRatingExtendedInfo)</visible>
						<include>StarRatingFadeAnim</include>
					</control>
					<control type="image">
						<left>685</left>
						<top>39</top>
						<width>26</width>
						<height>26</height>
						<texture background="true">OverlayClean.png</texture>
						<aspectratio>keep</aspectratio>
						<visible>!IsEmpty(ListItem.Property(DBID))</visible>
					</control>
					<control type="label">
						<left>685</left>
						<top>39</top>
						<width>26</width>
						<height>26</height>
						<font>ListFont7</font>
						<textcolor>ListColor</textcolor>
						<align>center</align>
						<aligny>center</aligny>
						<label>$LOCALIZE[31007]</label>
						<visible>!IsEmpty(ListItem.Property(DBID))</visible>
					</control>
				</itemlayout>
				<itemlayout height="38" width="1000" condition="Skin.String(ExtendedInfoViewStyle,4)">
					<control type="image">
						<width>354</width>
						<height>38</height>	
						<texture border="0,0,10,2">views/list-separator.png</texture>
						<aspectratio>stretch</aspectratio>
					</control>
					<control type="label">
						<description>Label</description>
						<left>35</left>
						<width>314</width>
						<height>38</height>
						<font>ListFont</font>
						<textcolor>ListColor</textcolor>
						<shadowcolor>ShadowColor</shadowcolor>
						<aligny>center</aligny>				
						<info>ListItem.Label</info>
					</control>
					<control type="image">
						<description>Icon</description>
						<left>5</left>
						<width>24</width>
						<height>38</height>
						<texture>DefaultVideo.png.png</texture>
						<aspectratio aligny="center">keep</aspectratio>
						<include>ListViewOverlayFadeAnim</include>
						<visible>IsEmpty(ListItem.Property(DBID))</visible>
					</control>
					<control type="image">
						<left>5</left>
						<width>24</width>
						<height>38</height>
						<texture background="true">OverlayClean.png</texture>
						<aspectratio aligny="center">keep</aspectratio>
						<include>ListViewOverlayFadeAnim</include>
						<visible>!IsEmpty(ListItem.Property(DBID))</visible>
					</control>
					<control type="label">
						<left>5</left>
						<width>24</width>
						<height>38</height>
						<font>ListFont8</font>
						<textcolor>ListColor</textcolor>
						<align>center</align>
						<aligny>center</aligny>
						<label>$LOCALIZE[31007]</label>
						<include>ListViewOverlayFadeAnim</include>
						<visible>!IsEmpty(ListItem.Property(DBID))</visible>
					</control>
				</itemlayout>	
				<focusedlayout condition="Skin.String(ExtendedInfoViewStyle,1) | Skin.String(ExtendedInfoViewStyle,)" height="270" width="208">	
					<control type="group">
						<include condition="!Skin.HasSetting(DisableThumbnailViewCoverFocusAnim)">ThumbnailViewCoverFocusAnim</include>
						<control type="image">
							<description>Cover Case</description>
							<left>11</left>
							<width>186</width>
							<height>250</height>
							<texture background="true" border="14">covers/cover-case-thumbnail-focus.png</texture>
							<aspectratio>stretch</aspectratio>
						</control>
						<control type="image">
							<description>Cover</description>
							<left>11</left>
							<width>186</width>
							<height>250</height>
							<bordersize>14</bordersize>
							<texture background="true">$INFO[ListItem.Thumb]</texture>
							<aspectratio>scale</aspectratio>
						</control>
						<control type="image">
							<description>Default Cover</description>
							<left>11</left>
							<width>186</width>
							<height>250</height>
							<bordersize>25</bordersize>
							<texture background="true">DefaultVideo.png</texture>
							<aspectratio>keep</aspectratio>
							<visible>IsEmpty(ListItem.Thumb)</visible>
						</control>
						<control type="image">
							<left>33</left>
							<top>200</top>
							<width>30</width>
							<height>30</height>
							<texture background="true">OverlayClean.png</texture>
							<aspectratio>keep</aspectratio>
							<visible>!IsEmpty(ListItem.UserRating)</visible>
						</control>
						<control type="label">
							<left>33</left>
							<top>200</top>
							<width>30</width>
							<height>30</height>
							<font>ListFont4</font>
							<textcolor>ListColor</textcolor>
							<align>center</align>
							<aligny>center</aligny>
							<label>$INFO[ListItem.UserRating]</label>
							<visible>!IsEmpty(ListItem.UserRating) + StringCompare(ListItem.UserRating,10.0)</visible>
						</control>
						<control type="label">
							<left>33</left>
							<top>200</top>
							<width>30</width>
							<height>30</height>
							<font>ListFont3</font>
							<textcolor>ListColor</textcolor>
							<align>center</align>
							<aligny>center</aligny>
							<label>$INFO[ListItem.UserRating]</label>
							<visible>!IsEmpty(ListItem.UserRating) + !StringCompare(ListItem.UserRating,10.0)</visible>
						</control>
						<control type="image">
							<left>145</left>
							<top>200</top>
							<width>30</width>
							<height>30</height>
							<texture background="true">OverlayClean.png</texture>
							<aspectratio>keep</aspectratio>
							<visible>!IsEmpty(ListItem.Property(DBID))</visible>
						</control>
						<control type="label">
							<left>145</left>
							<top>200</top>
							<width>30</width>
							<height>30</height>
							<font>ListFont3</font>
							<textcolor>ListColor</textcolor>
							<align>center</align>
							<aligny>center</aligny>
							<label>$LOCALIZE[31007]</label>
							<visible>!IsEmpty(ListItem.Property(DBID))</visible>
						</control>	
					</control>	
				</focusedlayout>
				<focusedlayout condition="Skin.String(ExtendedInfoViewStyle,2)" height="179" width="138">	
					<control type="group">
						<include condition="!Skin.HasSetting(DisableThumbnailViewCoverFocusAnim)">ThumbnailViewCoverFocusAnim2</include>
						<control type="image">
							<description>Cover Case</description>
							<left>15</left>
							<width>122</width>
							<height>163</height>
							<texture background="true" border="14">covers/cover-case-thumbnail-focus.png</texture>
							<aspectratio>stretch</aspectratio>
						</control>
						<control type="image">
							<description>Cover</description>
							<left>15</left>
							<width>122</width>
							<height>163</height>
							<bordersize>12</bordersize>
							<texture background="true">$INFO[ListItem.Thumb]</texture>
							<aspectratio>stretch</aspectratio>
						</control>
						<control type="image">
							<description>Default Cover</description>
							<left>15</left>
							<width>122</width>
							<height>163</height>
							<bordersize>17</bordersize>
							<texture background="true">DefaultVideo.png</texture>
							<aspectratio>keep</aspectratio>
							<visible>IsEmpty(ListItem.Thumb)</visible>
						</control>			
						<control type="image">
							<left>30</left>
							<top>123</top>
							<width>24</width>
							<height>24</height>
							<texture background="true">OverlayClean.png</texture>
							<aspectratio>keep</aspectratio>
							<visible>!IsEmpty(ListItem.UserRating)</visible>
						</control>
						<control type="label">
							<left>30</left>
							<top>123</top>
							<width>24</width>
							<height>24</height>
							<font>ListFont6</font>
							<textcolor>ListColor</textcolor>
							<align>center</align>
							<aligny>center</aligny>
							<label>$INFO[ListItem.UserRating]</label>
							<visible>!IsEmpty(ListItem.UserRating) + StringCompare(ListItem.UserRating,10.0)</visible>
						</control>
						<control type="label">
							<left>30</left>
							<top>123</top>
							<width>24</width>
							<height>24</height>
							<font>ListFont4</font>
							<textcolor>ListColor</textcolor>
							<align>center</align>
							<aligny>center</aligny>
							<label>$INFO[ListItem.UserRating]</label>
							<visible>!IsEmpty(ListItem.UserRating) + !StringCompare(ListItem.UserRating,10.0)</visible>
						</control>
						<control type="image">
							<left>97</left>
							<top>123</top>
							<width>24</width>
							<height>24</height>
							<texture background="true">OverlayClean.png</texture>
							<aspectratio>keep</aspectratio>
							<visible>!IsEmpty(ListItem.Property(DBID))</visible>
						</control>
						<control type="label">
							<left>97</left>
							<top>123</top>
							<width>24</width>
							<height>24</height>
							<font>ListFont4</font>
							<textcolor>ListColor</textcolor>
							<align>center</align>
							<aligny>center</aligny>
							<label>$LOCALIZE[31007]</label>
							<visible>!IsEmpty(ListItem.Property(DBID))</visible>
						</control>
					</control>	
				</focusedlayout>
				<focusedlayout condition="Skin.String(ExtendedInfoViewStyle,3)" height="77" width="720">
					<control type="image">
						<width>720</width>
						<height>77</height>	
						<texture border="0,0,10,2">views/list-separator.png</texture>
						<aspectratio>stretch</aspectratio>
					</control>
					<control type="image">
						<width>720</width>
						<height>76</height>
						<texture border="4">views/list-focus.png</texture>
						<aspectratio>stretch</aspectratio>
						<visible>Control.HasFocus(500)</visible>
						<include>ListViewSelectFadeAnim</include>
						<animation type="Focus" condition="Container(500).OnNext + !Skin.HasSetting(DisableListViewScrollAnim)" reversible="false">
							<effect type="Fade" start="40" end="100" time="550" tween="back" easing="in"/>
							<effect type="slide" start="0,-77" time="250" tween="sine" easing="out"/>
						</animation>					
						<animation type="Focus" condition="Container(500).OnPrevious + !Skin.HasSetting(DisableListViewScrollAnim)" reversible="false">
							<effect type="Fade" start="40" end="100" time="550" tween="back" easing="in"/>
							<effect type="slide" start="0,77" time="250" tween="sine" easing="out"/>
						</animation>
					</control>
					<control type="image">
						<width>720</width>
						<height>76</height>
						<texture border="4">views/list-alt-focus.png</texture>
						<aspectratio>stretch</aspectratio>
						<visible>!Control.HasFocus(500)</visible>
						<include>ListViewSelectFadeAnim2</include>
					</control>
					<control type="image">
						<description>Cover</description>
						<width>53</width>
						<height>76</height>
						<bordertexture border="7">covers/cover-case-nofocus.png</bordertexture>
						<bordersize>5</bordersize>
						<texture background="true">$INFO[ListItem.Thumb]</texture>
						<aspectratio>scale</aspectratio>
						<include condition="!Skin.HasSetting(DisableListViewCoverFocusAnim)">ListViewCoverFocusAnim</include>
					</control>
					<control type="image">
						<description>Default Cover</description>
						<width>53</width>
						<height>76</height>
						<bordersize>5</bordersize>
						<texture background="true">DefaultVideo.png</texture>
						<aspectratio>keep</aspectratio>
						<visible>IsEmpty(ListItem.Thumb)</visible>
						<include condition="!Skin.HasSetting(DisableListViewCoverFocusAnim)">ListViewCoverFocusAnim</include>
					</control>
					<control type="group">
						<include>ListViewFocusAnim</include>
						<control type="label">
							<left>60</left>
							<top>13</top>
							<width>555</width>
							<font>ListFont</font>
							<textcolor>SelectedColor</textcolor>
							<shadowcolor>ShadowColor</shadowcolor>
							<label>$INFO[ListItem.Label]</label>
						</control>
						<control type="label">
							<left>60</left>
							<top>39</top>
							<width>555</width>
							<font>ListFont2</font>
							<textcolor>ListColor2</textcolor>
							<shadowcolor>ShadowColor</shadowcolor>
							<label>$INFO[ListItem.Year]$INFO[ListItem.Genre,  -  ,]</label>
						</control>
						<control type="label">
							<description>Rating</description>
							<left>610</left>
							<top>13</top>
							<width>100</width>
							<font>ListFont</font>
							<textcolor>ListColor3</textcolor>
							<shadowcolor>ShadowColor</shadowcolor>
							<label>$INFO[ListItem.Rating]</label>
							<align>right</align>
							<visible>Skin.HasSetting(DoNotUseStarRatingExtendedInfo)</visible>
						</control>
						<control type="image">
							<description>Star Rating</description>
							<left>609</left>
							<top>14</top>
							<width>102</width>
							<height>18</height>	
							<texture>$INFO[ListItem.Rating,special://home/addons/script.extendedinfo/resources/skins/Default/media/flags/stars/,.png]</texture>
							<colordiffuse>ff57a7ff</colordiffuse>
							<aspectratio align="right">keep</aspectratio>
							<visible>!Skin.HasSetting(DoNotUseStarRatingExtendedInfo)</visible>
							<include>StarRatingFadeAnim</include>
						</control>
						<control type="image">
							<left>685</left>
							<top>39</top>
							<width>26</width>
							<height>26</height>
							<texture background="true">OverlayClean.png</texture>
							<aspectratio>keep</aspectratio>
							<visible>!IsEmpty(ListItem.Property(DBID))</visible>
						</control>
						<control type="label">
							<left>685</left>
							<top>39</top>
							<width>26</width>
							<height>26</height>
							<font>ListFont7</font>
							<textcolor>ListColor</textcolor>
							<align>center</align>
							<aligny>center</aligny>
							<label>$LOCALIZE[31007]</label>
							<visible>!IsEmpty(ListItem.Property(DBID))</visible>
						</control>
					</control>
				</focusedlayout>
				<focusedlayout height="38" width="1000" condition="Skin.String(ExtendedInfoViewStyle,4)">	
					<control type="image">
						<width>354</width>
						<height>38</height>	
						<texture border="0,0,10,2">views/list-separator.png</texture>
						<aspectratio>stretch</aspectratio>
					</control>
					<control type="image">
						<width>354</width>
						<height>37</height>	
						<texture border="4">views/list-focus.png</texture>
						<aspectratio>stretch</aspectratio>
						<visible>Control.HasFocus(500)</visible>
						<include>ListViewSelectFadeAnim</include>
						<animation type="Focus" condition="Container(500).OnNext + !Skin.HasSetting(DisableListViewScrollAnim)" reversible="false">
							<effect type="Fade" start="40" end="100" time="550" tween="back" easing="in"/>
							<effect type="slide" start="0,-37" time="250" tween="sine" easing="out"/>
						</animation>					
						<animation type="Focus" condition="Container(500).OnPrevious + !Skin.HasSetting(DisableListViewScrollAnim)" reversible="false">
							<effect type="Fade" start="40" end="100" time="550" tween="back" easing="in"/>
							<effect type="slide" start="0,37" time="250" tween="sine" easing="out"/>
						</animation>
					</control>
					<control type="image">
						<width>354</width>
						<height>37</height>	
						<texture border="4">views/list-alt-focus.png</texture>
						<aspectratio>stretch</aspectratio>
						<visible>!Control.HasFocus(500)</visible>
						<include>ListViewSelectFadeAnim2</include>
					</control>
					<control type="label">
						<description>Label</description>
						<left>35</left>
						<width>314</width>
						<height>38</height>
						<font>ListFont</font>
						<textcolor>SelectedColor</textcolor>
						<shadowcolor>ShadowColor</shadowcolor>
						<aligny>center</aligny>
						<info>ListItem.Label</info>
						<scroll>true</scroll>
					</control>
					<control type="image">
						<description>Icon</description>
						<left>5</left>
						<width>24</width>
						<height>38</height>
						<texture>DefaultVideo.png.png</texture>
						<aspectratio aligny="center">keep</aspectratio>
						<include>ListViewOverlayFadeAnim</include>
						<visible>IsEmpty(ListItem.Property(DBID))</visible>
					</control>
					<control type="image">
						<left>5</left>
						<width>24</width>
						<height>38</height>
						<texture background="true">OverlayClean.png</texture>
						<aspectratio aligny="center">keep</aspectratio>
						<include>ListViewOverlayFadeAnim</include>
						<visible>!IsEmpty(ListItem.Property(DBID))</visible>
					</control>
					<control type="label">
						<left>5</left>
						<width>24</width>
						<height>38</height>
						<font>ListFont8</font>
						<textcolor>ListColor</textcolor>
						<align>center</align>
						<aligny>center</aligny>
						<label>$LOCALIZE[31007]</label>
						<include>ListViewOverlayFadeAnim</include>
						<visible>!IsEmpty(ListItem.Property(DBID))</visible>
					</control>
				</focusedlayout>
			</control>
			
			<control type="button" id="600">
				<onfocus>SetFocus(500)</onfocus>
				<width>1</width>
				<height>1</height>
				<posx>-1000</posx>
			</control>
			<control type="button" id="700">
				<onfocus>SetFocus(500)</onfocus>
				<width>1</width>
				<height>1</height>
				<posx>-1000</posx>
			</control>
			
			<control type="group">
				<description>Bottom Bar Area</description>
				<top>BottomPaneOffsetY</top>	
				<!--<include>InfoPaneImage</include>-->
				<control type="label">
					<include>InfoPaneHeadLabel</include>
					<label>[B]$INFO[Window.Property(TotalItems),, $LOCALIZE[31202]][/B]</label>
				</control>		
				<control type="label">
					<include>InfoPaneHeadLabel2</include>
					<label>$INFO[Window.Property(CurrentPage),$LOCALIZE[31946] ]$INFO[Window.Property(TotalPages), / ]</label>
				</control>
				<include>BottomPaneOpenCloseAnim</include>
				
				<control type="group">
					<visible>!Skin.HasSetting(HideExtendedInfoThumbsLabel)</visible>
					<include>MediaInfoOpenCloseAnim</include>
					
					<control type="label">
						<include>InfoPaneItemTitle</include>
						<label>[B]$INFO[Container(500).ListItem.Label][/B]</label>
						<visible>Skin.String(ExtendedInfoViewStyle,) | Skin.String(ExtendedInfoViewStyle,1) | Skin.String(ExtendedInfoViewStyle,2)</visible>
					</control>
					
					<control type="label">
						<include>InfoPaneItemTitle</include>
						<label>[B]$INFO[Container(500).ListItem.UserRating,$LOCALIZE[31008]: ,][/B]</label>
						<visible>Skin.String(ExtendedInfoViewStyle,3) | Skin.String(ExtendedInfoViewStyle,4)</visible>
					</control>
						
					<control type="label">
						<include>InfoPaneItemTitle2</include>
						<label>$INFO[Container(500).ListItem.Year,,  &#x2022;  ]$INFO[Container(500).ListItem.Rating]$INFO[Container(500).ListItem.Votes, (, $LOCALIZE[205])]</label>
						<include>MediaInfoOpenCloseAnim</include>
						<visible>!Skin.HasSetting(ExtendedInfoYearGenreToggle) + [Skin.String(ExtendedInfoViewStyle,) | Skin.String(ExtendedInfoViewStyle,1) | Skin.String(ExtendedInfoViewStyle,2)]</visible>
					</control>
					
					<control type="label">
						<include>InfoPaneItemTitle2</include>
						<label>$INFO[Container(500).ListItem.Genre]</label>
						<include>MediaInfoOpenCloseAnim</include>
						<visible>Skin.HasSetting(ExtendedInfoYearGenreToggle) + [Skin.String(ExtendedInfoViewStyle,) | Skin.String(ExtendedInfoViewStyle,1) | Skin.String(ExtendedInfoViewStyle,2)]</visible>
					</control>
				</control>
			</control>
			
			<control type="image">
				<include>ScreenSize</include>
				<texture>dim.png</texture>
				<animation effect="fade" start="0" end="50" time="450">VisibleChange</animation>
				<visible>Window.IsActive(3009) | Window.IsActive(script-ExtendedInfo Script-T9Search.xml)</visible>
			</control>
		</control>
		
		<control type="group" id="505">
			<description>Menu Bar Area</description>
			<depth>DepthMenuBar</depth>
			<top>MenuBarOffsetY</top>
			<include>MenuBarImage</include>
			<include>MenuBarOpenCloseAnim2</include>
			<include>ExtendedInfoVideoListMenuBar</include>
		</control>
			
		<control type="group">
			<description>Top Bar Area</description>
			<depth>DepthTopBar</depth>
			<include>TopBarImage</include>
			<include>TopBarOpenCloseAnim</include>
			<include>BreadCrumbExtendedInfoVideoList</include>
			<include>Notifications</include>
		</control>
		
		<control type="group">
			<left>2000</left>
			<control type="button" id="5002">
			</control>
			<control type="button" id="5003">
			</control>
			<control type="button" id="5006">
			</control>
			<control type="button" id="5008">
			</control>
			<control type="button" id="5009">
			</control>
			<control type="button" id="5010">
			</control>
			<control type="button" id="5012">
			</control>
			<control type="button" id="5005">
			</control>
		</control>
    </controls>
</window>
