<?xml version="1.0" encoding="UTF-8"?>
<window id="147">
	<defaultcontrol always="true">61</defaultcontrol>
	<allowoverlay>no</allowoverlay>
	
	<coordinates>
		<system>1</system>
		<origin x="290" y="120">true</origin>
	</coordinates>
	
	<controls>
		<control type="group">
			<include>TextViewerDialogBox</include>
			<include>DialogOpenCloseAnim</include>
			
			<control type="label" id="1">
				<description>Title</description>
				<left>DialogMarginOffsetX</left>
				<top>DialogHeadingOffsetY</top>
				<width>630</width>
				<font>DialogTitleFont</font>
				<textcolor>DialogTitleColor</textcolor>
				<shadowcolor>ShadowColor</shadowcolor>
				<align>center</align>
			</control>
			
			<control type="textbox" id="5">
				<description>Text Area</description>
				<left>DialogMarginOffsetX</left>
				<top>DialogMarginOffsetY</top>
				<width>609</width>
				<height>422</height>
				<font>DefaultFontB</font>
				<textcolor>ButtonColor</textcolor>
				<align>justify</align>
				<pagecontrol>61</pagecontrol>
			</control>
			
			<include>TextViewerScrollbar</include>
		</control>
	</controls>
</window>