<?xml version="1.0" encoding="UTF-8"?>
<window type="dialog" id="2000">
	<defaultcontrol always="true">3</defaultcontrol>
	<allowoverlay>no</allowoverlay>
	
	<coordinates>
		<system>1</system>
		<origin x="400" y="120">true</origin>
	</coordinates>
	
	<controls>
		<control type="group">
			<include>DialogOpenCloseAnim</include>
			<animation effect="slide" end="-378,-4" condition="[Window.IsActive(FullScreenVideo) | Window.IsActive(Visualisation)] + !Control.IsVisible(6)">Conditional</animation>
			<animation effect="slide" end="-162,-4" condition="[Window.IsActive(FullScreenVideo) | Window.IsActive(Visualisation)] + Control.IsVisible(6)">Conditional</animation>
			<animation effect="slide" end="-216,0" condition="Control.IsVisible(6)">Conditional</animation>
			
			<control type="group">
				<visible>Control.IsVisible(3)</visible>
				<control type="image">
					<width>480</width>
					<height>520</height>
					<texture border="50,70,50,75">panels/dialog-background.png</texture>
				</control>

				<control type="button">
					<left>420</left>
					<include>DialogCloseBtn</include>
				</control>
			</control>
			
			<control type="group">
				<visible>Control.IsVisible(6)</visible>
				<control type="image">
					<width>912</width>
					<height>520</height>
					<texture border="50,70,50,75">panels/dialog-background.png</texture>
				</control>

				<control type="button">
					<left>852</left>
					<include>DialogCloseBtn</include>
				</control>
			</control>

			<control type="label" id="1">
				<animation effect="slide" end="216,0" condition="Control.IsVisible(6)">Conditional</animation>
				<include>SettingsDialogTitle</include>
			</control>
			
			<control type="panel" id="3">
				<left>DialogMarginOffsetX</left>
				<top>DialogMarginOffsetY</top>
				<width>410</width>
				<height>407</height>
				<viewtype label="">list</viewtype>
				<pagecontrol>101</pagecontrol>
				<scrolltime>200</scrolltime>
				<onup>3</onup>
				<ondown>3</ondown>
				<onleft condition="Control.IsVisible(5)">5</onleft>
				<onleft condition="!Control.IsVisible(5)">102</onleft>
				<onright>101</onright>
				<itemlayout height="37" width="410">		
					<control type="image">
						<width>410</width>
						<height>35</height>
						<texture border="5">controls/button-nofocus.png</texture>
					</control>					
					<control type="label">
						<left>8</left>
						<width>394</width>
						<height>35</height>
						<font>ButtonFont2</font>
						<textcolor>ButtonColor</textcolor>
						<aligny>center</aligny>
						<info>ListItem.Label</info>
					</control>				
				</itemlayout>				
				<focusedlayout height="37" width="410">
					<control type="image">
						<width>410</width>
						<height>35</height>
						<texture border="5">controls/button-nofocus.png</texture>
					</control>
					<control type="image">
						<width>410</width>
						<height>35</height>
						<texture border="5">controls/button-focus.png</texture>
						<animation type="Focus" condition="Container(3).OnNext" reversible="false">
							<effect type="Fade" start="40" end="100" time="500" tween="back" easing="in"/>
							<effect type="slide" start="0,-35" time="200" tween="sine" easing="out"/>
						</animation>						
						<animation type="Focus" condition="Container(3).OnPrevious" reversible="false">
							<effect type="Fade" start="40" end="100" time="500" tween="back" easing="in"/>
							<effect type="slide" start="0,35" time="200" tween="sine" easing="out"/>
						</animation>
					</control>					
					<control type="label">
						<left>8</left>
						<width>394</width>
						<height>35</height>
						<font>ButtonFont2</font>
						<textcolor>ButtonFocusColor</textcolor>
						<aligny>center</aligny>
						<info>ListItem.Label</info>
					</control>
				</focusedlayout>
			</control>
			
			<control type="panel" id="6">
				<left>DialogMarginOffsetX</left>
				<top>DialogMarginOffsetY</top>
				<width>410</width>
				<height>408</height>
				<viewtype label="">list</viewtype>
				<pagecontrol>101</pagecontrol>
				<scrolltime>200</scrolltime>
				<onup>6</onup>
				<ondown>6</ondown>
				<onleft condition="Control.IsVisible(5)">5</onleft>
				<onleft condition="!Control.IsVisible(5)">102</onleft>
				<onright>101</onright>
				<itemlayout height="68" width="410">		
					<control type="image">
						<width>410</width>
						<height>64</height>
						<texture border="5">controls/button-nofocus.png</texture>
					</control>
					<control type="image">
						<width>120</width>
						<height>64</height>
						<texture>$INFO[Listitem.Icon]</texture>
						<bordersize>8</bordersize>
						<aspectratio>keep</aspectratio>
					</control>
					<control type="label">
						<left>128</left>
						<width>274</width>
						<height>35</height>
						<font>ButtonFont2</font>
						<textcolor>ButtonColor</textcolor>
						<aligny>center</aligny>
						<info>ListItem.Label</info>
						<visible>![IsEmpty(ListItem.Label2) + IsEmpty(ListItem.Property(Addon.Version))]</visible>
					</control>
					<control type="label">
						<left>128</left>
						<width>274</width>
						<height>62</height>
						<font>ButtonFont2</font>
						<textcolor>ButtonColor</textcolor>
						<aligny>center</aligny>
						<label>[UPPERCASE]$INFO[ListItem.Label][/UPPERCASE]</label>
						<visible>IsEmpty(ListItem.Label2) + IsEmpty(ListItem.Property(Addon.Version))</visible>
					</control>
					<control type="label">
						<left>128</left>
						<top>26</top>
						<width>274</width>
						<height>35</height>
						<font>ListFont2</font>
						<textcolor>MediaInfoTitleColor2</textcolor>
						<aligny>center</aligny>
						<label>$INFO[ListItem.Label2]</label>
						<visible>!IsEmpty(ListItem.Label2)</visible>
					</control>
					<control type="label">
						<left>128</left>
						<top>26</top>
						<width>274</width>
						<height>35</height>
						<font>ListFont2</font>
						<textcolor>MediaInfoTitleColor2</textcolor>
						<aligny>center</aligny>
						<label>$INFO[ListItem.Property(Addon.Version)]</label>
						<visible>IsEmpty(ListItem.Label2) + !IsEmpty(ListItem.Property(Addon.Version))</visible>
					</control>
				</itemlayout>				
				<focusedlayout height="68" width="410">	
					<control type="image">
						<width>410</width>
						<height>64</height>
						<texture border="5">controls/button-nofocus.png</texture>
					</control>
					<control type="image">
						<width>410</width>
						<height>64</height>
						<texture border="5">controls/button-focus.png</texture>
						<animation type="Focus" condition="Container(6).OnNext" reversible="false">
							<effect type="Fade" start="40" end="100" time="500" tween="back" easing="in"/>
							<effect type="slide" start="0,-35" time="200" tween="sine" easing="out"/>
						</animation>						
						<animation type="Focus" condition="Container(6).OnPrevious" reversible="false">
							<effect type="Fade" start="40" end="100" time="500" tween="back" easing="in"/>
							<effect type="slide" start="0,35" time="200" tween="sine" easing="out"/>
						</animation>
					</control>		
					<control type="image">
						<width>120</width>
						<height>64</height>
						<texture>$INFO[Listitem.Icon]</texture>
						<bordersize>8</bordersize>
						<aspectratio>keep</aspectratio>
					</control>
					<control type="label">
						<left>128</left>
						<width>274</width>
						<height>35</height>
						<font>ButtonFont2</font>
						<textcolor>ButtonFocusColor</textcolor>
						<aligny>center</aligny>
						<info>ListItem.Label</info>
						<visible>![IsEmpty(ListItem.Label2) + IsEmpty(ListItem.Property(Addon.Version))]</visible>
					</control>
					<control type="label">
						<left>128</left>
						<width>274</width>
						<height>62</height>
						<font>ButtonFont2</font>
						<textcolor>ButtonFocusColor</textcolor>
						<aligny>center</aligny>
						<label>[UPPERCASE]$INFO[ListItem.Label][/UPPERCASE]</label>
						<visible>IsEmpty(ListItem.Label2) + IsEmpty(ListItem.Property(Addon.Version))</visible>
					</control>
					<control type="label">
						<left>128</left>
						<top>26</top>
						<width>274</width>
						<height>35</height>
						<font>ListFont2</font>
						<textcolor>MediaInfoTitleColor2</textcolor>
						<aligny>center</aligny>
						<label>$INFO[ListItem.Label2]</label>
						<visible>!IsEmpty(ListItem.Label2)</visible>
					</control>
					<control type="label">
						<left>128</left>
						<top>26</top>
						<width>274</width>
						<height>35</height>
						<font>ListFont2</font>
						<textcolor>MediaInfoTitleColor2</textcolor>
						<aligny>center</aligny>
						<label>$INFO[ListItem.Property(Addon.Version)]</label>
						<visible>IsEmpty(ListItem.Label2) + !IsEmpty(ListItem.Property(Addon.Version))</visible>
					</control>
				</focusedlayout>
			</control>

			<control type="button" id="5">
				<description>Manual</description>
				<animation effect="slide" end="216,0" condition="Control.IsVisible(6)">Conditional</animation>
				<left>150</left>
				<top>467</top>
				<include>DialogMenuBarBtn</include>
				<label>$LOCALIZE[368]</label>
				<onup condition="Control.IsVisible(3)">3</onup>
				<onup condition="Control.IsVisible(6)">6</onup>
				<onleft condition="!Control.IsVisible(6)">101</onleft>
				<onright>101</onright>
			</control>
			
			<control type="button" id="102">
				<description>Close</description>
				<animation effect="slide" end="216,0" condition="Control.IsVisible(6)">Conditional</animation>
				<left>150</left>
				<top>467</top>
				<include>DialogMenuBarBtn</include>
				<label>$LOCALIZE[222]</label>
				<onup condition="Control.IsVisible(3)">3</onup>
				<onup condition="Control.IsVisible(6)">6</onup>
				<onleft condition="!Control.IsVisible(6)">101</onleft>
				<onright>101</onright>
				<onclick>PreviousMenu</onclick>
				<visible>!Control.IsVisible(5)</visible>
			</control>
			
			<control type="spincontrol" id="101">
				<description>Next Page</description>
				<visible>!Control.IsVisible(6)</visible>
				<left>405</left>
				<top>475</top>
				<font>-</font>
				<align>right</align>
				<onup>3</onup>
				<onleft>5</onleft>
				<onright>5</onright>
			</control>
			
			<control type="group">
				<visible>Control.IsVisible(6)</visible>
				<left>449</left>
				<top>DialogMarginOffsetY</top>
				<control type="image">
					<width>14</width>
					<height>408</height>
					<texture border="4">controls/scrollbar-background.png</texture>
				</control>
				
				<control type="scrollbar" id="101">
					<height>408</height>
					<texturesliderbackground>-</texturesliderbackground>
					<onright condition="Control.IsVisible(5)">5</onright>
					<onright condition="!Control.IsVisible(5)">102</onright>
					<onleft>6</onleft>
					<ondown condition="Control.IsVisible(5)">5</ondown>
					<ondown condition="!Control.IsVisible(5)">102</ondown>
				</control>
				
				<control type="image">
					<left>18</left>
					<width>410</width>
					<height>408</height>
					<texture border="5">controls/button-nofocus.png</texture>
				</control>
				
				<control type="image">
					<description>Icon</description>
					<left>23</left>
					<top>5</top>
					<width>400</width>
					<height>398</height>
					<info>Container(6).ListItem.Icon</info>
					<aspectratio align="center" aligny="center">keep</aspectratio>
					<visible>!IsEmpty(Container(6).ListItem.Icon)</visible>
					<fadetime>IconCrossfadeTime</fadetime>
					<include>ControlsOpenCloseAnim</include>
				</control>
			</control>
		</control>
	</controls>
</window>