<?xml version="1.0" encoding="UTF-8"?>
<window id="132">
	<defaultcontrol always="true">20</defaultcontrol>
	<allowoverlay>no</allowoverlay>
	
	<coordinates>
		<system>1</system>
		<origin x="311" y="120">true</origin>
	</coordinates>

	<controls>
		<control type="group">
			<include>ContentSettingsDialogBox</include>
			<include>DialogOpenCloseAnim</include>
			<animation effect="fade" start="100" end="0" time="250" condition="Window.IsActive(AddonSettings)">Conditional</animation>		
			
			<control type="label" id="1">
				<include>DialogTitle</include>
				<label>$LOCALIZE[20333]</label>			
			</control>

			<control type="group">			
				<left>DialogMarginOffsetX</left>
				<top>DialogMarginOffsetY</top>						

				<control type="spincontrolex" id="20">
					<description>Content Picker</description>
					<width>600</width>
					<height>35</height>
					<ondown>21</ondown>
					<onleft>9001</onleft>
					<onright>9001</onright>
				</control>	
				
				<control type="label">
					<description>Directory Contains</description>
					<left>5</left>
					<width>400</width>
					<height>35</height>
					<include>DialogContentLabel</include>
					<label>$LOCALIZE[20344]</label>
				</control>
				
				<control type="image">
					<description>Scrapers Background</description>
					<top>37</top>
					<width>600</width>
					<height>150</height>
					<texture border="5">controls/button-nofocus.png</texture>
				</control>
			
				<control type="list" id="21">
					<description>Scrapers</description>
					<left>5</left>
					<top>42</top>
					<width>300</width>
					<height>140</height>
					<onup>20</onup>
					<onleft>5</onleft>
					<onright>9001</onright>
					<ondown>5</ondown>
					<itemlayout height="35">
						<control type="image">
							<left>5</left>
							<top>6</top>
							<width>24</width>
							<height>24</height>
							<info>ListItem.Icon</info>
						</control>
						<control type="label">
							<left>35</left>
							<width>290</width>
							<height>35</height>
							<font>ButtonFont2</font>
							<textcolor>ButtonColor</textcolor>
							<aligny>center</aligny>
							<info>ListItem.Label</info>
						</control>
					</itemlayout>
					<focusedlayout height="35">
						<control type="image">
							<width>300</width>
							<height>35</height>
							<texture border="5">controls/button-focus.png</texture>
							<visible>Control.HasFocus(21)</visible>
						</control>
						<control type="image">
							<left>5</left>
							<top>6</top>
							<width>24</width>
							<height>24</height>
							<info>ListItem.Icon</info>
						</control>
						<control type="label">
							<left>35</left>
							<width>290</width>
							<height>35</height>
							<font>ButtonFont2</font>
							<textcolor>ButtonFocusColor</textcolor>
							<aligny>center</aligny>
							<info>ListItem.Label</info>
						</control>
					</focusedlayout>
				</control>
			
				<control type="image">
					<description>Scraper Thumbnail</description>
					<left>330</left>
					<top>42</top>
					<width>260</width>
					<height>140</height>
					<info>ListItem.Icon</info>
					<aspectratio align="center">keep</aspectratio>
					<bordersize>10</bordersize>
				</control>			
				
				<control type="grouplist" id="5">
					<top>189</top>
					<width>600</width>
					<height>195</height>
					<itemgap>2</itemgap>
					<onup>21</onup>
					<ondown>9001</ondown>
					<onleft>9001</onleft>
					<onright>9001</onright>
				</control>
			
				<control type="button" id="7">
					<description>Default Button</description>
					<width>600</width>
					<include>DialogContentLabel</include>
				</control>
			
				<control type="radiobutton" id="8">
					<description>Default RadioButton</description>
					<width>600</width>
					<include>DialogContentLabel</include>
				</control>			
			</control>
			
			<control type="grouplist" id="9001">	
				<description>Dialog Button Area</description>			
				<left>80</left>
				<top>434</top>
				<itemgap>0</itemgap>
				<orientation>horizontal</orientation>
				<onup>5</onup>
				<control type="button" id="28">
					<description>OK</description>
					<include>DialogMenuBarBtn</include>
					<label>$LOCALIZE[186]</label>			
				</control>			
				<control type="button" id="29">
					<description>Cancel</description>
					<left>170</left>
					<include>DialogMenuBarBtn</include>
					<label>$LOCALIZE[222]</label>		
				</control>			
				<control type="button" id="22">
					<description>Settings</description>
					<left>340</left>
					<include>DialogMenuBarBtn</include>
					<label>$LOCALIZE[5]</label>
				</control>		
			</control>	
		</control>
	</controls>	
</window>