<?xml version="1.0" encoding="UTF-8"?>
<includes>
	<include file="Defaults.xml"/>
	<include file="Views.xml"/>
	<include file="ViewsCommon.xml"/>
	<include file="ViewsMusic.xml"/>
	<include file="ViewsMovies.xml"/>
	<include file="ViewsTVShows.xml"/>
	<include file="ViewsEpisodes.xml"/>
	<include file="ViewsMusicVideos.xml"/>
	<include file="ViewsAddons.xml"/>
	<include file="ViewsPrograms.xml"/>
	<include file="includes_Home.xml"/>
	<include file="includes_HomeCustomPane.xml"/>
	<include file="includes_InfoPane.xml"/>
	<include file="includes_MenuBar.xml"/>
	<include file="includes_StatusBar.xml"/>
	<include file="includes_BreadCrumbs.xml"/>
	<include file="includes_Animations.xml"/>
	<include file="includes_AnimationsViews.xml"/>
	<include file="includes_Dialogs.xml"/>
	<include file="includes_Backgrounds.xml"/>
	<include file="includes_PVR.xml"/>
	<include file="includes_MediaFlags.xml"/>
	<include file="includes_Scrollbars.xml"/>
	<include file="includes_Addons.xml"/>
	<include file="includes_Weather.xml"/>
	<include file="includes_SkinSettingsGeneral.xml"/>
	<include file="includes_SkinSettingsWeather.xml"/>
	<include file="includes_SkinSettingsHome.xml"/>
	<include file="includes_SkinSettingsMedia.xml"/>
	<include file="includes_SkinSettingsAnimations.xml"/>
	<include file="includes_SkinSettingsBackgrounds.xml"/>
	<include file="includes_SkinSettingsAddons.xml"/>
	
	<constant name="ScreenWidth">1280</constant>
	<constant name="ScreenHeight">720</constant>
	<constant name="DialogHeadingOffsetX">40</constant>
	<constant name="DialogHeadingOffsetY">14</constant>
	<constant name="DialogMarginOffsetX">35</constant>
	<constant name="DialogMarginOffsetY">53</constant>
	<constant name="Dialog4MarginOffsetY">35</constant>
	<constant name="MenuBarHeight">37</constant>
	<constant name="MenuBarOffsetY">45</constant>
	<constant name="StatusBartop">0</constant>
	<constant name="BottomPaneOffsetY">655</constant>
	<constant name="BackgroundCrossfadeTime">600</constant>
	<constant name="IconCrossfadeTime">400</constant>
	<constant name="FanartCrossfadeTime">600</constant>
	<constant name="MediaFlagsCrossfadeTime">400</constant>
	
	<variable name="DurationMinutes">
         <value condition="SubString(ListItem.Duration,1,Right) | SubString(Window.Property(movie.duration),1,Right)">$NUMBER[1]</value>
         <value condition="SubString(ListItem.Duration,2,Right) | SubString(Window.Property(movie.duration),2,Right)">$NUMBER[2]</value>
         <value condition="SubString(ListItem.Duration,3,Right) | SubString(Window.Property(movie.duration),3,Right)">$NUMBER[3]</value>
         <value condition="SubString(ListItem.Duration,4,Right) | SubString(Window.Property(movie.duration),4,Right)">$NUMBER[4]</value>
         <value condition="SubString(ListItem.Duration,5,Right) | SubString(Window.Property(movie.duration),5,Right)">$NUMBER[5]</value>
         <value condition="SubString(ListItem.Duration,6,Right) | SubString(Window.Property(movie.duration),6,Right)">$NUMBER[6]</value>
         <value condition="SubString(ListItem.Duration,7,Right) | SubString(Window.Property(movie.duration),7,Right)">$NUMBER[7]</value>
         <value condition="SubString(ListItem.Duration,8,Right) | SubString(Window.Property(movie.duration),8,Right)">$NUMBER[8]</value>
         <value condition="SubString(ListItem.Duration,9,Right) | SubString(Window.Property(movie.duration),9,Right)">$NUMBER[9]</value>
         <value condition="SubString(ListItem.Duration,0,Right) | SubString(Window.Property(movie.duration),0,Right)">$NUMBER[0]</value>
     </variable>
	 
     <variable name="MovieDuration">
         <value condition="Skin.HasSetting(UseAlternativeDuration) + !IntegerGreaterThan(ListItem.Duration,59) + !IsEmpty(ListItem.Duration)">$INFO[ListItem.Duration]</value>
         <value condition="Skin.HasSetting(UseAlternativeDuration) + !IntegerGreaterThan(Window(home).Property(SkinHelper.MovieSet.Runtime),59) + !IsEmpty(Window(Home).Property(SkinHelper.MovieSet.Runtime))">$INFO[Window(Home).Property(SkinHelper.MovieSet.Runtime)]</value>
         <value condition="Skin.HasSetting(UseAlternativeDuration) + IntegerGreaterThan(Window(home).Property(SkinHelper.MovieSet.Runtime),59) + !IsEmpty(Window(Home).Property(SkinHelper.MovieSet.Runtime))">$INFO[Window(Home).Property(SkinHelper.MovieSet.Duration.Hours)]$LOCALIZE[31403]$INFO[Window(Home).Property(SkinHelper.MovieSet.Duration.Minutes)]</value>
         <value condition="Skin.HasSetting(UseAlternativeDuration) + !IntegerGreaterThan(Window.Property(movie.duration),59) + !IsEmpty(Window.Property(movie.duration))">$INFO[Window.Property(movie.duration)]</value>
         <value condition="Skin.HasSetting(UseAlternativeDuration) + [[!IntegerGreaterThan(ListItem.Duration,99) + SubString(ListItem.Duration,6,Left)] | [!IntegerGreaterThan(Window.Property(movie.duration),99) + SubString(Window.Property(movie.duration),6,Left)]]">$NUMBER[1]$LOCALIZE[31403]$NUMBER[0]$VAR[DurationMinutes]</value>
         <value condition="Skin.HasSetting(UseAlternativeDuration) + [[!IntegerGreaterThan(ListItem.Duration,99) + SubString(ListItem.Duration,7,Left)] | [!IntegerGreaterThan(Window.Property(movie.duration),99) + SubString(Window.Property(movie.duration),7,Left)]]">$NUMBER[1]$LOCALIZE[31403]$NUMBER[1]$VAR[DurationMinutes]</value>
         <value condition="Skin.HasSetting(UseAlternativeDuration) + [[!IntegerGreaterThan(ListItem.Duration,99) + SubString(ListItem.Duration,8,Left)] | [!IntegerGreaterThan(Window.Property(movie.duration),99) + SubString(Window.Property(movie.duration),8,Left)]]">$NUMBER[1]$LOCALIZE[31403]$NUMBER[2]$VAR[DurationMinutes]</value>
         <value condition="Skin.HasSetting(UseAlternativeDuration) + [[!IntegerGreaterThan(ListItem.Duration,99) + SubString(ListItem.Duration,9,Left)] | [!IntegerGreaterThan(Window.Property(movie.duration),99) + SubString(Window.Property(movie.duration),9,Left)]]">$NUMBER[1]$LOCALIZE[31403]$NUMBER[3]$VAR[DurationMinutes]</value>
         <value condition="Skin.HasSetting(UseAlternativeDuration) + [SubString(ListItem.Duration,10,Left) | SubString(Window.Property(movie.duration),10,Left)]">$NUMBER[1]$LOCALIZE[31403]$NUMBER[4]$VAR[DurationMinutes]</value>
         <value condition="Skin.HasSetting(UseAlternativeDuration) + [SubString(ListItem.Duration,11,Left) | SubString(Window.Property(movie.duration),11,Left)]">$NUMBER[1]$LOCALIZE[31403]$NUMBER[5]$VAR[DurationMinutes]</value>
         <value condition="Skin.HasSetting(UseAlternativeDuration) + [SubString(ListItem.Duration,12,Left) | SubString(Window.Property(movie.duration),12,Left)]">$NUMBER[2]$LOCALIZE[31403]$NUMBER[0]$VAR[DurationMinutes]</value>
         <value condition="Skin.HasSetting(UseAlternativeDuration) + [SubString(ListItem.Duration,13,Left) | SubString(Window.Property(movie.duration),13,Left)]">$NUMBER[2]$LOCALIZE[31403]$NUMBER[1]$VAR[DurationMinutes]</value>
         <value condition="Skin.HasSetting(UseAlternativeDuration) + [SubString(ListItem.Duration,14,Left) | SubString(Window.Property(movie.duration),14,Left)]">$NUMBER[2]$LOCALIZE[31403]$NUMBER[2]$VAR[DurationMinutes]</value>
         <value condition="Skin.HasSetting(UseAlternativeDuration) + [SubString(ListItem.Duration,15,Left) | SubString(Window.Property(movie.duration),15,Left)]">$NUMBER[2]$LOCALIZE[31403]$NUMBER[3]$VAR[DurationMinutes]</value>
         <value condition="Skin.HasSetting(UseAlternativeDuration) + [SubString(ListItem.Duration,16,Left) | SubString(Window.Property(movie.duration),16,Left)]">$NUMBER[2]$LOCALIZE[31403]$NUMBER[4]$VAR[DurationMinutes]</value>
         <value condition="Skin.HasSetting(UseAlternativeDuration) + [SubString(ListItem.Duration,17,Left) | SubString(Window.Property(movie.duration),17,Left)]">$NUMBER[2]$LOCALIZE[31403]$NUMBER[5]$VAR[DurationMinutes]</value>
         <value condition="Skin.HasSetting(UseAlternativeDuration) + [SubString(ListItem.Duration,18,Left) | SubString(Window.Property(movie.duration),18,Left)]">$NUMBER[3]$LOCALIZE[31403]$NUMBER[0]$VAR[DurationMinutes]</value>
         <value condition="Skin.HasSetting(UseAlternativeDuration) + [SubString(ListItem.Duration,19,Left) | SubString(Window.Property(movie.duration),19,Left)]">$NUMBER[3]$LOCALIZE[31403]$NUMBER[1]$VAR[DurationMinutes]</value>
         <value condition="Skin.HasSetting(UseAlternativeDuration) + [SubString(ListItem.Duration,20,Left) | SubString(Window.Property(movie.duration),20,Left)]">$NUMBER[3]$LOCALIZE[31403]$NUMBER[2]$VAR[DurationMinutes]</value>
         <value condition="Skin.HasSetting(UseAlternativeDuration) + [SubString(ListItem.Duration,21,Left) | SubString(Window.Property(movie.duration),21,Left)]">$NUMBER[3]$LOCALIZE[31403]$NUMBER[3]$VAR[DurationMinutes]</value>
         <value condition="Skin.HasSetting(UseAlternativeDuration) + [SubString(ListItem.Duration,22,Left) | SubString(Window.Property(movie.duration),22,Left)]">$NUMBER[3]$LOCALIZE[31403]$NUMBER[4]$VAR[DurationMinutes]</value>
         <value condition="Skin.HasSetting(UseAlternativeDuration) + [SubString(ListItem.Duration,23,Left) | SubString(Window.Property(movie.duration),23,Left)]">$NUMBER[3]$LOCALIZE[31403]$NUMBER[5]$VAR[DurationMinutes]</value>
         <value condition="Skin.HasSetting(UseAlternativeDuration) + [SubString(ListItem.Duration,24,Left) | SubString(Window.Property(movie.duration),24,Left)]">$NUMBER[4]$LOCALIZE[31403]$NUMBER[0]$VAR[DurationMinutes]</value>
         <value condition="Skin.HasSetting(UseAlternativeDuration) + [SubString(ListItem.Duration,25,Left) | SubString(Window.Property(movie.duration),25,Left)]">$NUMBER[4]$LOCALIZE[31403]$NUMBER[1]$VAR[DurationMinutes]</value>
         <value condition="Skin.HasSetting(UseAlternativeDuration) + [SubString(ListItem.Duration,26,Left) | SubString(Window.Property(movie.duration),26,Left)]">$NUMBER[4]$LOCALIZE[31403]$NUMBER[2]$VAR[DurationMinutes]</value>
         <value condition="Skin.HasSetting(UseAlternativeDuration) + [SubString(ListItem.Duration,27,Left) | SubString(Window.Property(movie.duration),27,Left)]">$NUMBER[4]$LOCALIZE[31403]$NUMBER[3]$VAR[DurationMinutes]</value>
         <value condition="Skin.HasSetting(UseAlternativeDuration) + [SubString(ListItem.Duration,28,Left) | SubString(Window.Property(movie.duration),28,Left)]">$NUMBER[4]$LOCALIZE[31403]$NUMBER[4]$VAR[DurationMinutes]</value>
         <value condition="Skin.HasSetting(UseAlternativeDuration) + [SubString(ListItem.Duration,29,Left) | SubString(Window.Property(movie.duration),29,Left)]">$NUMBER[4]$LOCALIZE[31403]$NUMBER[5]$VAR[DurationMinutes]</value>
		 <value condition="Skin.HasSetting(UseAlternativeDuration) + [SubString(ListItem.Duration,30,Left) | SubString(Window.Property(movie.duration),30,Left)]">$NUMBER[5]$LOCALIZE[31403]$NUMBER[0]$VAR[DurationMinutes]</value>
         <value condition="Skin.HasSetting(UseAlternativeDuration) + [SubString(ListItem.Duration,31,Left) | SubString(Window.Property(movie.duration),31,Left)]">$NUMBER[5]$LOCALIZE[31403]$NUMBER[1]$VAR[DurationMinutes]</value>
         <value condition="Skin.HasSetting(UseAlternativeDuration) + [SubString(ListItem.Duration,32,Left) | SubString(Window.Property(movie.duration),32,Left)]">$NUMBER[5]$LOCALIZE[31403]$NUMBER[2]$VAR[DurationMinutes]</value>
         <value condition="Skin.HasSetting(UseAlternativeDuration) + [SubString(ListItem.Duration,33,Left) | SubString(Window.Property(movie.duration),33,Left)]">$NUMBER[5]$LOCALIZE[31403]$NUMBER[3]$VAR[DurationMinutes]</value>
         <value condition="Skin.HasSetting(UseAlternativeDuration) + [SubString(ListItem.Duration,34,Left) | SubString(Window.Property(movie.duration),34,Left)]">$NUMBER[5]$LOCALIZE[31403]$NUMBER[4]$VAR[DurationMinutes]</value>
         <value condition="Skin.HasSetting(UseAlternativeDuration) + [SubString(ListItem.Duration,35,Left) | SubString(Window.Property(movie.duration),35,Left)]">$NUMBER[5]$LOCALIZE[31403]$NUMBER[5]$VAR[DurationMinutes]</value>
		 <value condition="Skin.HasSetting(UseAlternativeDuration) + [SubString(ListItem.Duration,36,Left) | SubString(Window.Property(movie.duration),36,Left)]">$NUMBER[6]$LOCALIZE[31403]$NUMBER[0]$VAR[DurationMinutes]</value>
         <value condition="Skin.HasSetting(UseAlternativeDuration) + [SubString(ListItem.Duration,37,Left) | SubString(Window.Property(movie.duration),37,Left)]">$NUMBER[6]$LOCALIZE[31403]$NUMBER[1]$VAR[DurationMinutes]</value>
         <value condition="Skin.HasSetting(UseAlternativeDuration) + [SubString(ListItem.Duration,38,Left) | SubString(Window.Property(movie.duration),38,Left)]">$NUMBER[6]$LOCALIZE[31403]$NUMBER[2]$VAR[DurationMinutes]</value>
         <value condition="Skin.HasSetting(UseAlternativeDuration) + [SubString(ListItem.Duration,39,Left) | SubString(Window.Property(movie.duration),39,Left)]">$NUMBER[6]$LOCALIZE[31403]$NUMBER[3]$VAR[DurationMinutes]</value>
         <value condition="Skin.HasSetting(UseAlternativeDuration) + [SubString(ListItem.Duration,40,Left) | SubString(Window.Property(movie.duration),40,Left)]">$NUMBER[6]$LOCALIZE[31403]$NUMBER[4]$VAR[DurationMinutes]</value>
         <value condition="Skin.HasSetting(UseAlternativeDuration) + [SubString(ListItem.Duration,41,Left) | SubString(Window.Property(movie.duration),41,Left)]">$NUMBER[6]$LOCALIZE[31403]$NUMBER[5]$VAR[DurationMinutes]</value>
		 <value condition="Skin.HasSetting(UseAlternativeDuration) + [SubString(ListItem.Duration,42,Left) | SubString(Window.Property(movie.duration),42,Left)]">$NUMBER[7]$LOCALIZE[31403]$NUMBER[0]$VAR[DurationMinutes]</value>
         <value condition="Skin.HasSetting(UseAlternativeDuration) + [SubString(ListItem.Duration,43,Left) | SubString(Window.Property(movie.duration),43,Left)]">$NUMBER[7]$LOCALIZE[31403]$NUMBER[1]$VAR[DurationMinutes]</value>
         <value condition="Skin.HasSetting(UseAlternativeDuration) + [SubString(ListItem.Duration,44,Left) | SubString(Window.Property(movie.duration),44,Left)]">$NUMBER[7]$LOCALIZE[31403]$NUMBER[2]$VAR[DurationMinutes]</value>
         <value condition="Skin.HasSetting(UseAlternativeDuration) + [SubString(ListItem.Duration,45,Left) | SubString(Window.Property(movie.duration),45,Left)]">$NUMBER[7]$LOCALIZE[31403]$NUMBER[3]$VAR[DurationMinutes]</value>
         <value condition="Skin.HasSetting(UseAlternativeDuration) + [SubString(ListItem.Duration,46,Left) | SubString(Window.Property(movie.duration),46,Left)]">$NUMBER[7]$LOCALIZE[31403]$NUMBER[4]$VAR[DurationMinutes]</value>
         <value condition="Skin.HasSetting(UseAlternativeDuration) + [SubString(ListItem.Duration,47,Left) | SubString(Window.Property(movie.duration),47,Left)]">$NUMBER[7]$LOCALIZE[31403]$NUMBER[5]$VAR[DurationMinutes]</value>
		 <value condition="Skin.HasSetting(UseAlternativeDuration) + [SubString(ListItem.Duration,48,Left) | SubString(Window.Property(movie.duration),48,Left)]">$NUMBER[8]$LOCALIZE[31403]$NUMBER[0]$VAR[DurationMinutes]</value>
         <value condition="Skin.HasSetting(UseAlternativeDuration) + [SubString(ListItem.Duration,49,Left) | SubString(Window.Property(movie.duration),49,Left)]">$NUMBER[8]$LOCALIZE[31403]$NUMBER[1]$VAR[DurationMinutes]</value>
         <value condition="Skin.HasSetting(UseAlternativeDuration) + [SubString(ListItem.Duration,50,Left) | SubString(Window.Property(movie.duration),50,Left)]">$NUMBER[8]$LOCALIZE[31403]$NUMBER[2]$VAR[DurationMinutes]</value>
         <value condition="Skin.HasSetting(UseAlternativeDuration) + [SubString(ListItem.Duration,51,Left) | SubString(Window.Property(movie.duration),51,Left)]">$NUMBER[8]$LOCALIZE[31403]$NUMBER[3]$VAR[DurationMinutes]</value>
         <value condition="Skin.HasSetting(UseAlternativeDuration) + [SubString(ListItem.Duration,52,Left) | SubString(Window.Property(movie.duration),52,Left)]">$NUMBER[8]$LOCALIZE[31403]$NUMBER[4]$VAR[DurationMinutes]</value>
         <value condition="Skin.HasSetting(UseAlternativeDuration) + [SubString(ListItem.Duration,53,Left) | SubString(Window.Property(movie.duration),53,Left)]">$NUMBER[8]$LOCALIZE[31403]$NUMBER[5]$VAR[DurationMinutes]</value>
		 <value condition="Skin.HasSetting(UseAlternativeDuration) + [SubString(ListItem.Duration,54,Left) | SubString(Window.Property(movie.duration),54,Left)]">$NUMBER[9]$LOCALIZE[31403]$NUMBER[0]$VAR[DurationMinutes]</value>
         <value condition="Skin.HasSetting(UseAlternativeDuration) + [SubString(ListItem.Duration,55,Left) | SubString(Window.Property(movie.duration),55,Left)]">$NUMBER[9]$LOCALIZE[31403]$NUMBER[1]$VAR[DurationMinutes]</value>
         <value condition="Skin.HasSetting(UseAlternativeDuration) + [SubString(ListItem.Duration,56,Left) | SubString(Window.Property(movie.duration),56,Left)]">$NUMBER[9]$LOCALIZE[31403]$NUMBER[2]$VAR[DurationMinutes]</value>
         <value condition="Skin.HasSetting(UseAlternativeDuration) + [SubString(ListItem.Duration,57,Left) | SubString(Window.Property(movie.duration),57,Left)]">$NUMBER[9]$LOCALIZE[31403]$NUMBER[3]$VAR[DurationMinutes]</value>
         <value condition="Skin.HasSetting(UseAlternativeDuration) + [SubString(ListItem.Duration,58,Left) | SubString(Window.Property(movie.duration),58,Left)]">$NUMBER[9]$LOCALIZE[31403]$NUMBER[4]$VAR[DurationMinutes]</value>
         <value condition="Skin.HasSetting(UseAlternativeDuration) + [SubString(ListItem.Duration,59,Left) | SubString(Window.Property(movie.duration),59,Left)]">$NUMBER[9]$LOCALIZE[31403]$NUMBER[5]$VAR[DurationMinutes]</value>
		 <value condition="Skin.HasSetting(UseAlternativeDuration) + [SubString(ListItem.Duration,60,Left) | SubString(Window.Property(movie.duration),60,Left)]">$NUMBER[10]$LOCALIZE[31403]$NUMBER[0]$VAR[DurationMinutes]</value>
         <value condition="Skin.HasSetting(UseAlternativeDuration) + [SubString(ListItem.Duration,61,Left) | SubString(Window.Property(movie.duration),61,Left)]">$NUMBER[10]$LOCALIZE[31403]$NUMBER[1]$VAR[DurationMinutes]</value>
         <value condition="Skin.HasSetting(UseAlternativeDuration) + [SubString(ListItem.Duration,62,Left) | SubString(Window.Property(movie.duration),62,Left)]">$NUMBER[10]$LOCALIZE[31403]$NUMBER[2]$VAR[DurationMinutes]</value>
         <value condition="Skin.HasSetting(UseAlternativeDuration) + [SubString(ListItem.Duration,63,Left) | SubString(Window.Property(movie.duration),63,Left)]">$NUMBER[10]$LOCALIZE[31403]$NUMBER[3]$VAR[DurationMinutes]</value>
         <value condition="Skin.HasSetting(UseAlternativeDuration) + [SubString(ListItem.Duration,64,Left) | SubString(Window.Property(movie.duration),64,Left)]">$NUMBER[10]$LOCALIZE[31403]$NUMBER[4]$VAR[DurationMinutes]</value>
         <value condition="Skin.HasSetting(UseAlternativeDuration) + [SubString(ListItem.Duration,65,Left) | SubString(Window.Property(movie.duration),65,Left)]">$NUMBER[10]$LOCALIZE[31403]$NUMBER[5]$VAR[DurationMinutes]</value>
		 <value condition="Skin.HasSetting(UseAlternativeDuration) + [SubString(ListItem.Duration,66,Left) | SubString(Window.Property(movie.duration),66,Left)]">$NUMBER[11]$LOCALIZE[31403]$NUMBER[0]$VAR[DurationMinutes]</value>
         <value condition="Skin.HasSetting(UseAlternativeDuration) + [SubString(ListItem.Duration,67,Left) | SubString(Window.Property(movie.duration),67,Left)]">$NUMBER[11]$LOCALIZE[31403]$NUMBER[1]$VAR[DurationMinutes]</value>
         <value condition="Skin.HasSetting(UseAlternativeDuration) + [SubString(ListItem.Duration,68,Left) | SubString(Window.Property(movie.duration),68,Left)]">$NUMBER[11]$LOCALIZE[31403]$NUMBER[2]$VAR[DurationMinutes]</value>
         <value condition="Skin.HasSetting(UseAlternativeDuration) + [SubString(ListItem.Duration,69,Left) | SubString(Window.Property(movie.duration),69,Left)]">$NUMBER[11]$LOCALIZE[31403]$NUMBER[3]$VAR[DurationMinutes]</value>
         <value condition="Skin.HasSetting(UseAlternativeDuration) + [SubString(ListItem.Duration,70,Left) | SubString(Window.Property(movie.duration),70,Left)]">$NUMBER[11]$LOCALIZE[31403]$NUMBER[4]$VAR[DurationMinutes]</value>
         <value condition="Skin.HasSetting(UseAlternativeDuration) + [SubString(ListItem.Duration,71,Left) | SubString(Window.Property(movie.duration),71,Left)]">$NUMBER[11]$LOCALIZE[31403]$NUMBER[5]$VAR[DurationMinutes]</value>
		 <value condition="Skin.HasSetting(UseAlternativeDuration) + [SubString(ListItem.Duration,72,Left) | SubString(Window.Property(movie.duration),72,Left)]">$NUMBER[12]$LOCALIZE[31403]$NUMBER[0]$VAR[DurationMinutes]</value>
         <value condition="Skin.HasSetting(UseAlternativeDuration) + [SubString(ListItem.Duration,73,Left) | SubString(Window.Property(movie.duration),73,Left)]">$NUMBER[12]$LOCALIZE[31403]$NUMBER[1]$VAR[DurationMinutes]</value>
         <value condition="Skin.HasSetting(UseAlternativeDuration) + [SubString(ListItem.Duration,74,Left) | SubString(Window.Property(movie.duration),74,Left)]">$NUMBER[12]$LOCALIZE[31403]$NUMBER[2]$VAR[DurationMinutes]</value>
         <value condition="Skin.HasSetting(UseAlternativeDuration) + [SubString(ListItem.Duration,75,Left) | SubString(Window.Property(movie.duration),75,Left)]">$NUMBER[12]$LOCALIZE[31403]$NUMBER[3]$VAR[DurationMinutes]</value>
         <value condition="Skin.HasSetting(UseAlternativeDuration) + [SubString(ListItem.Duration,76,Left) | SubString(Window.Property(movie.duration),76,Left)]">$NUMBER[12]$LOCALIZE[31403]$NUMBER[4]$VAR[DurationMinutes]</value>
         <value condition="Skin.HasSetting(UseAlternativeDuration) + [SubString(ListItem.Duration,77,Left) | SubString(Window.Property(movie.duration),77,Left)]">$NUMBER[12]$LOCALIZE[31403]$NUMBER[5]$VAR[DurationMinutes]</value>
		 <value condition="Skin.HasSetting(UseAlternativeDuration) + [SubString(ListItem.Duration,78,Left) | SubString(Window.Property(movie.duration),78,Left)]">$NUMBER[13]$LOCALIZE[31403]$NUMBER[0]$VAR[DurationMinutes]</value>
         <value condition="Skin.HasSetting(UseAlternativeDuration) + [SubString(ListItem.Duration,79,Left) | SubString(Window.Property(movie.duration),79,Left)]">$NUMBER[13]$LOCALIZE[31403]$NUMBER[1]$VAR[DurationMinutes]</value>
         <value condition="Skin.HasSetting(UseAlternativeDuration) + [SubString(ListItem.Duration,80,Left) | SubString(Window.Property(movie.duration),80,Left)]">$NUMBER[13]$LOCALIZE[31403]$NUMBER[2]$VAR[DurationMinutes]</value>
         <value condition="Skin.HasSetting(UseAlternativeDuration) + [SubString(ListItem.Duration,81,Left) | SubString(Window.Property(movie.duration),81,Left)]">$NUMBER[13]$LOCALIZE[31403]$NUMBER[3]$VAR[DurationMinutes]</value>
         <value condition="Skin.HasSetting(UseAlternativeDuration) + [SubString(ListItem.Duration,82,Left) | SubString(Window.Property(movie.duration),82,Left)]">$NUMBER[13]$LOCALIZE[31403]$NUMBER[4]$VAR[DurationMinutes]</value>
         <value condition="Skin.HasSetting(UseAlternativeDuration) + [SubString(ListItem.Duration,83,Left) | SubString(Window.Property(movie.duration),83,Left)]">$NUMBER[13]$LOCALIZE[31403]$NUMBER[5]$VAR[DurationMinutes]</value>
		 <value condition="Skin.HasSetting(UseAlternativeDuration) + [SubString(ListItem.Duration,84,Left) | SubString(Window.Property(movie.duration),84,Left)]">$NUMBER[14]$LOCALIZE[31403]$NUMBER[0]$VAR[DurationMinutes]</value>
         <value condition="Skin.HasSetting(UseAlternativeDuration) + [SubString(ListItem.Duration,85,Left) | SubString(Window.Property(movie.duration),85,Left)]">$NUMBER[14]$LOCALIZE[31403]$NUMBER[1]$VAR[DurationMinutes]</value>
         <value condition="Skin.HasSetting(UseAlternativeDuration) + [SubString(ListItem.Duration,86,Left) | SubString(Window.Property(movie.duration),86,Left)]">$NUMBER[14]$LOCALIZE[31403]$NUMBER[2]$VAR[DurationMinutes]</value>
         <value condition="Skin.HasSetting(UseAlternativeDuration) + [SubString(ListItem.Duration,87,Left) | SubString(Window.Property(movie.duration),87,Left)]">$NUMBER[14]$LOCALIZE[31403]$NUMBER[3]$VAR[DurationMinutes]</value>
         <value condition="Skin.HasSetting(UseAlternativeDuration) + [SubString(ListItem.Duration,88,Left) | SubString(Window.Property(movie.duration),88,Left)]">$NUMBER[14]$LOCALIZE[31403]$NUMBER[4]$VAR[DurationMinutes]</value>
         <value condition="Skin.HasSetting(UseAlternativeDuration) + [SubString(ListItem.Duration,89,Left) | SubString(Window.Property(movie.duration),89,Left)]">$NUMBER[14]$LOCALIZE[31403]$NUMBER[5]$VAR[DurationMinutes]</value>
		 <value condition="Skin.HasSetting(UseAlternativeDuration) + [SubString(ListItem.Duration,90,Left) | SubString(Window.Property(movie.duration),90,Left)]">$NUMBER[15]$LOCALIZE[31403]$NUMBER[0]$VAR[DurationMinutes]</value>
         <value condition="Skin.HasSetting(UseAlternativeDuration) + [SubString(ListItem.Duration,91,Left) | SubString(Window.Property(movie.duration),91,Left)]">$NUMBER[15]$LOCALIZE[31403]$NUMBER[1]$VAR[DurationMinutes]</value>
         <value condition="Skin.HasSetting(UseAlternativeDuration) + [SubString(ListItem.Duration,92,Left) | SubString(Window.Property(movie.duration),92,Left)]">$NUMBER[15]$LOCALIZE[31403]$NUMBER[2]$VAR[DurationMinutes]</value>
         <value condition="Skin.HasSetting(UseAlternativeDuration) + [SubString(ListItem.Duration,93,Left) | SubString(Window.Property(movie.duration),93,Left)]">$NUMBER[15]$LOCALIZE[31403]$NUMBER[3]$VAR[DurationMinutes]</value>
         <value condition="Skin.HasSetting(UseAlternativeDuration) + [SubString(ListItem.Duration,94,Left) | SubString(Window.Property(movie.duration),94,Left)]">$NUMBER[15]$LOCALIZE[31403]$NUMBER[4]$VAR[DurationMinutes]</value>
         <value condition="Skin.HasSetting(UseAlternativeDuration) + [SubString(ListItem.Duration,95,Left) | SubString(Window.Property(movie.duration),95,Left)]">$NUMBER[15]$LOCALIZE[31403]$NUMBER[5]$VAR[DurationMinutes]</value>
		 <value condition="Skin.HasSetting(UseAlternativeDuration) + [SubString(ListItem.Duration,96,Left) | SubString(Window.Property(movie.duration),96,Left)]">$NUMBER[16]$LOCALIZE[31403]$NUMBER[0]$VAR[DurationMinutes]</value>
         <value condition="Skin.HasSetting(UseAlternativeDuration) + [SubString(ListItem.Duration,97,Left) | SubString(Window.Property(movie.duration),97,Left)]">$NUMBER[16]$LOCALIZE[31403]$NUMBER[1]$VAR[DurationMinutes]</value>
         <value condition="Skin.HasSetting(UseAlternativeDuration) + [SubString(ListItem.Duration,98,Left) | SubString(Window.Property(movie.duration),98,Left)]">$NUMBER[16]$LOCALIZE[31403]$NUMBER[2]$VAR[DurationMinutes]</value>
         <value condition="Skin.HasSetting(UseAlternativeDuration) + [SubString(ListItem.Duration,99,Left) | SubString(Window.Property(movie.duration),99,Left)]">$NUMBER[16]$LOCALIZE[31403]$NUMBER[3]$VAR[DurationMinutes]</value>
		 <value condition="!IsEmpty(Window(home).Property(SkinHelper.MovieSet.Runtime))">$INFO[Window(home).Property(SkinHelper.MovieSet.Runtime)]</value>
		 <value condition="!IsEmpty(Window.Property(movie.duration))">$INFO[Window.Property(movie.duration)]</value>
         <value>$INFO[ListItem.Duration]</value>
     </variable>
	
	<variable name="FanartImageVar">
		<value condition="!IsEmpty(Container(584).ListItem.Art(fanart)) + [[Container.Content(Sets) + [!System.HasAddon(script.skin.helper.service) | [System.HasAddon(script.skin.helper.service) + [Control.HasFocus(584) | Control.HasFocus(151)]]]] | Container.Content(Genres) | Container.Content(Years) | Container.Content(Actors) | Container.Content(Directors) | Container.Content(Studios) | Container.Content(Countries)]">$INFO[Container(584).ListItem.Art(fanart)]</value>
		<value>$INFO[ListItem.Art(fanart)]</value>
	</variable>
	
	<variable name="ExtraFanartImageVar">
		<value condition="Substring(Container.FolderPath,videodb://movies/genres/) | Substring(Container.FolderPath,videodb://movies/years/) | Substring(Container.FolderPath,videodb://movies/actors/) | Substring(Container.FolderPath,videodb://movies/directors/) | Substring(Container.FolderPath,videodb://movies/studios/) | Substring(Container.FolderPath,videodb://movies/countries/) | Substring(Container.FolderPath,videodb://movies/sets/) | Substring(Container.FolderPath,videodb://tvshows/genres/) | Substring(Container.FolderPath,videodb://tvshows/years/) | Substring(Container.FolderPath,videodb://tvshows/actors/) | Substring(Container.FolderPath,videodb://tvshows/studios/)">$INFO[Container(584).ListItem.Path]extrafanart</value>
		<value>$INFO[ListItem.Path]extrafanart</value>
	</variable>
	
	<variable name="ExtraFanartImage2Var">
		<value condition="Substring(Container.FolderPath,videodb://tvshows/genres/) | Substring(Container.FolderPath,videodb://tvshows/years/) | Substring(Container.FolderPath,videodb://tvshows/actors/) | Substring(Container.FolderPath,videodb://tvshows/studios/)">$INFO[Container(584).ListItem.Path]../extrafanart</value>
		<value>$INFO[ListItem.Path]../extrafanart</value>
	</variable>
	
	<variable name="ExtraFanartImage3Var">
		<value condition="Substring(Container.FolderPath,videodb://tvshows/genres/) | Substring(Container.FolderPath,videodb://tvshows/years/) | Substring(Container.FolderPath,videodb://tvshows/actors/) | Substring(Container.FolderPath,videodb://tvshows/studios/)">$INFO[Container(584).ListItem.Path]../../extrafanart</value>
		<value>$INFO[ListItem.Path]../../extrafanart</value>
	</variable>
	
	<variable name="SortLetterNotificationVar">
		<value condition="Control.HasFocus(584)">$INFO[Container(584).ListItem.SortLetter]</value>
		<value condition="Control.HasFocus(120)">$INFO[Container(120).ListItem.SortLetter]</value>
		<value condition="Control.HasFocus(145)">$INFO[Container(145).ListItem.SortLetter]</value>
		<value>$INFO[ListItem.SortLetter]</value>
	</variable>
	
	<variable name="DialogVideoInfoButton8">
		<value condition="Container.Content(Movies) | Container.Content(Episodes) | Container.Content(musicvideos)">$LOCALIZE[208]</value>
		<value>$LOCALIZE[21385]</value>
	</variable>
	
	<variable name="SkinSettingsLabel">
		<value condition="!System.HasAddon(script.skin.helper.service)">$LOCALIZE[32025]</value>
		<value condition="System.HasAddon(script.skin.helper.service)">$LOCALIZE[20077]</value>
	</variable>
	
	<variable name="ShutDownButton">
		<value condition="System.HasAlarm(ShutdownTimer)">$LOCALIZE[20151]</value>
		<value condition="!System.HasAlarm(ShutdownTimer)">$LOCALIZE[20150]</value>
	</variable>
	
	<variable name="VideoExtrasLogo">
		<value condition="Substring(ListItem.Path),BDMV">$INFO[ListItem.Path,../,logo.png]</value>
		<value>$INFO[ListItem.Path,,logo.png]</value>
	</variable>
	
	<variable name="VideoOSDCurrentControlLabel">
		<value condition="ControlGroup(400).HasFocus">$LOCALIZE[36501]</value>
		<value condition="ControlGroup(401).HasFocus">$LOCALIZE[24012]</value>
		<value>$INFO[System.CurrentControl]</value>
	</variable>
	
	<variable name="SettingsMenubarDescription">
		<value condition="Control.HasFocus(101)">$LOCALIZE[31951]</value>
		<value condition="Control.HasFocus(104)">$LOCALIZE[31952]</value>
		<value condition="Control.HasFocus(105)">$LOCALIZE[31953]</value>
		<value condition="Control.HasFocus(110)">$LOCALIZE[31954]</value>
		<value condition="Control.HasFocus(103)">$LOCALIZE[31955]</value>
		<value condition="Control.HasFocus(106)">$LOCALIZE[31956]</value>
		<value condition="Control.HasFocus(107)">$LOCALIZE[31957]</value>
		<value condition="Control.HasFocus(108)">$LOCALIZE[31958]</value>
		<value condition="Control.HasFocus(109)">$LOCALIZE[31959]</value>
	</variable>
	
	<variable name="SeekbarLabels">
		<value condition="[Player.Paused + !Player.Caching] + !Player.Seeking + !Player.DisplayAfterSeek">[UPPERCASE]$LOCALIZE[112][/UPPERCASE]</value>
		<value condition="[Player.Paused + Player.Caching] + !Player.Seeking">$INFO[Player.CacheLevel,,%]</value>
		<value condition="Player.Forwarding2x + !Player.Seeking">+2X</value>
		<value condition="Player.Forwarding4x + !Player.Seeking">+4X</value>
		<value condition="Player.Forwarding8x + !Player.Seeking">+8X</value>
		<value condition="Player.Forwarding16x + !Player.Seeking">+16X</value>
		<value condition="Player.Forwarding32x + !Player.Seeking">+32X</value>
		<value condition="Player.Rewinding2x + !Player.Seeking">-2X</value>
		<value condition="Player.Rewinding4x + !Player.Seeking">-4X</value>
		<value condition="Player.Rewinding8x + !Player.Seeking">-8X</value>
		<value condition="Player.Rewinding16 + !Player.Seeking">-16X</value>
		<value condition="Player.Rewinding32x + !Player.Seeking">-32X</value>
		<value condition="Player.DisplayAfterSeek + ![player.forwarding | player.rewinding] + !IsEmpty(Player.SeekOffset)">[UPPERCASE]$INFO[Player.SeekOffset][/UPPERCASE]</value>
	</variable>

	<include name="ScreenSize">
		<width>ScreenWidth</width>
		<height>ScreenHeight</height>
	</include>
	
	<include name="BackgroundSize">
		<width>ScreenWidth</width>
		<height>ScreenHeight</height>
	</include>
	
	<include name="ViewsDialogPopUpScreenDim">
		<control type="image">
			<include>ScreenSize</include>
			<texture>dim.png</texture>
			<animation effect="fade" start="0" end="50" time="450">VisibleChange</animation>
			<visible>Window.IsActive(3002) | Window.IsActive(3003) | Window.IsActive(3004) | Window.IsActive(3006) | Window.IsActive(3017)</visible>
		</control>
	</include>
	
	<include name="DialogPopUpScreenDim">
		<control type="image">
			<include>ScreenSize</include>
			<texture>dim.png</texture>
			<animation effect="fade" start="0" end="50" time="450">VisibleChange</animation>
			<visible>Window.IsActive(ShutdownMenu) | Window.IsActive(NumericInput) | Window.IsActive(LockSettings) | Window.IsActive(PlayerControls) | Window.IsActive(Favourites) | Window.IsActive(VirtualKeyboard)</visible>
		</control>
	</include>
	
	<include name="TopBarImage">	
		<control type="image">
			<width>ScreenWidth</width>
			<height>47</height>
			<texture border="0,0,0,6">gui/top-bar-background.png</texture>
			<aspectratio>stretch</aspectratio>
			<animation effect="fade" end="83" condition="true">Conditional</animation>
		</control>	
		
		<control type="image">
			<width>ScreenWidth</width>
			<height>43</height>
			<texture>gui/bottom-bar-overlay.png</texture>
			<animation effect="fade" end="68" condition="true">Conditional</animation>
		</control>
	</include>
	
	<include name="HomeTopBarImage">	
		<control type="image">
			<width>ScreenWidth</width>
			<height>47</height>
			<texture border="0,0,0,6">gui/top-bar-background.png</texture>
			<aspectratio>stretch</aspectratio>
			<animation effect="fade" end="83" condition="true">Conditional</animation>
		</control>	
	</include>
	
	<include name="HomeTopBarOverlay">
		<control type="image">
			<width>ScreenWidth</width>
			<height>43</height>
			<texture>gui/bottom-bar-overlay.png</texture>
			<animation effect="fade" end="68" condition="true">Conditional</animation>
		</control>
	</include>
	
	<include name="FSTopPanel">
		<control type="image" id="1">
			<left>28</left>
			<top>-10</top>
			<width>1224</width>
			<height>120</height>
			<texture border="8">panels/panel.png</texture>
		</control>
	</include>
	
	<include name="FSMediaInfoPanel">
		<control type="image" id="1">
			<width>1224</width>
			<height>280</height>
			<texture border="8">panels/panel.png</texture>
		</control>
		
		<control type="image" id="1">
			<left>4</left>
			<top>4</top>
			<width>1216</width>
			<height>70</height>
			<texture border="5">panels/panel-content-border2.png</texture>
			<animation effect="fade" end="5" condition="true">Conditional</animation>
			<visible>![VideoPlayer.Content(Movies) | VideoPlayer.Content(Episodes)]</visible>
		</control>
		
		<control type="image" id="1">
			<left>193</left>
			<top>4</top>
			<width>1027</width>
			<height>70</height>
			<texture border="5">panels/panel-content-border2.png</texture>
			<animation effect="fade" end="5" condition="true">Conditional</animation>
			<visible>VideoPlayer.Content(Movies) | VideoPlayer.Content(Episodes)</visible>
		</control>
	</include>
	
	<include name="FSMediaInfoPanelLiveTV">
		<control type="image" id="1">
			<width>1224</width>
			<height>300</height>
			<texture border="8">panels/panel.png</texture>
		</control>
		
		<control type="image" id="1">
			<left>4</left>
			<top>4</top>
			<width>1216</width>
			<height>70</height>
			<texture border="5">panels/panel-content-border2.png</texture>
			<animation effect="fade" end="5" condition="true">Conditional</animation>
		</control>
		
		<control type="image" id="1">
			<left>4</left>
			<top>275</top>
			<width>1216</width>
			<height>21</height>
			<texture border="5">panels/panel-content-border2.png</texture>
			<animation effect="fade" end="5" condition="true">Conditional</animation>
		</control>
	</include>
	
	<include name="NotifyPanel">
		<control type="image">
			<left>0</left>
			<top>-5</top>
			<width>360</width>
			<height>50</height>
			<texture border="20,0,20,8">panels/notify-panel.png</texture>
			<aspectratio>stretch</aspectratio>
		</control>	
	</include>
	
	<include name="NotifyPanelIcon">
		<left>20</left>
		<top>6</top>
		<width>30</width>
		<height>30</height>
		<aspectratio>stretch</aspectratio>
		<animation effect="fade" end="60" condition="true">Conditional</animation>
	</include>
	
	<include name="NotifyPanelLabel">
		<left>60</left>
		<top>2</top>
		<width>275</width>
		<height>16</height>
		<font>NowPlayingFont</font>	
		<textcolor>WhiteColor</textcolor>
		<scrollout>false</scrollout>
		<pauseatend>1500</pauseatend>
		<scroll>no</scroll>
	</include>
	
	<include name="NotifyPanelLabel2">
		<left>60</left>
		<top>20</top>
		<width>275</width>
		<height>16</height>
		<font>NowPlayingFont2</font>	
		<textcolor>GreyColor2</textcolor>
		<scrollout>false</scrollout>
		<pauseatend>1500</pauseatend>
		<scroll>true</scroll>
	</include>
	
	<include name="PlayerControlsPanel">
		<control type="image">
			<left>28</left>
			<width>1224</width>
			<height>75</height>
			<texture border="8">panels/panel.png</texture>
			<aspectratio>stretch</aspectratio>
		</control>	
	</include>
	
	<include name="FSSeekBar">
		<control type="image">
			<left>6</left>
			<width>474</width>
			<height>75</height>
			<texture border="8">panels/panel.png</texture>
			<aspectratio>stretch</aspectratio>
		</control>	
	</include>
	
	<include name="LoginScreenPaneImage">	
		<control type="image">
			<left>28</left>
			<width>1224</width>
			<height>75</height>
			<texture border="8">panels/panel.png</texture>
		</control>	
	</include>

	<include name="LoginScreenPaneDetails">
		<control type="label">
			<left>47</left>
			<top>25</top>
			<font>DefaultHeadFont</font>
			<textcolor>GreyColor2</textcolor>
			<aligny>center</aligny>
			<label>$INFO[System.Date] [COLOR=GreyColor]|[/COLOR] $INFO[System.Time] [COLOR=GreyColor]|[/COLOR] [COLOR=DefaultColor]$INFO[ListItem.Label2][/COLOR]</label>
		</control>
		
		<control type="grouplist" id="213">
			<left>1121</left>
			<top>10</top>
			<orientation>horizontal</orientation>
			<onup>52</onup>
			<onleft>213</onleft>
			<onright>213</onright>
			<control type="button" id="101">
				<description>Quit</description>
				<width>35</width>
				<height>35</height>
				<texturefocus>osd/osd-exit-focus.png</texturefocus>
				<texturenofocus>osd/osd-exit-nofocus.png</texturenofocus>
				<pulseonselect>false</pulseonselect>
				<onclick>Quit()</onclick>
			</control>
			<control type="button" id="102">
				<description>Reboot</description>
				<width>35</width>
				<height>35</height>
				<texturefocus>osd/osd-reboot-focus.png</texturefocus>
				<texturenofocus>osd/osd-reboot-nofocus.png</texturenofocus>
				<pulseonselect>false</pulseonselect>
				<onclick>Reset()</onclick>
			</control>	
			<control type="button" id="103">
				<description>Shutdown</description>
				<width>35</width>
				<height>35</height>
				<texturefocus>osd/osd-shutdown-focus.png</texturefocus>
				<texturenofocus>osd/osd-shutdown-nofocus.png</texturenofocus>
				<pulseonselect>false</pulseonselect>
				<onclick>Shutdown()</onclick>
			</control>	
		</control>
	</include>
	
	<include name="ContextMenuBtn">
		<width>280</width>
		<textwidth>270</textwidth>
		<scroll>true</scroll>
	</include>
	
	<include name="ShutdownContextMenuBtn">
		<width>280</width>
		<textwidth>230</textwidth>
		<scroll>true</scroll>
	</include>
	
	<include name="SettingsCatBtn">
		<width>210</width>
		<height>50</height>
		<font>SettingsCatFont</font>
		<textcolor>SettingsCatColor</textcolor>
		<shadowcolor>ShadowColor</shadowcolor>
		<textwidth>190</textwidth>
		<textoffsetx>10</textoffsetx>
		<align>left</align>
		<texturefocus border="5">controls/button-focus.png</texturefocus>
		<texturenofocus border="5">-</texturenofocus>
		<pulseonselect>false</pulseonselect>
	</include>
	
	<include name="SettingsInactiveCatBtn">
		<width>210</width>
		<height>50</height>
		<font>SettingsCatFont</font>
		<textcolor>SelectedColor</textcolor>
		<shadowcolor>ShadowColor</shadowcolor>
		<textwidth>190</textwidth>
		<textoffsetx>10</textoffsetx>
		<align>left</align>
		<texturefocus border="5">-</texturefocus>
		<texturenofocus border="5">settings/settings-cat-button-alt-focus.png</texturenofocus>
		<pulseonselect>false</pulseonselect>
	</include>
	
	<include name="SettingsHeaderBtn">
		<width>755</width>
		<height>50</height>
		<font>SettingsHeadFont</font>
		<textcolor>SettingsContentColor</textcolor>
		<shadowcolor>ShadowColor</shadowcolor>
		<disabledcolor>ContentTitleColor</disabledcolor>
		<align>left</align>
		<textoffsetx>0</textoffsetx>
		<textwidth>755</textwidth>
		<texturefocus border="5">controls/settings-button-nofocus.png</texturefocus>
		<texturenofocus border="5">controls/settings-button-nofocus.png</texturenofocus>
		<pulseonselect>false</pulseonselect>
		<enable>false</enable>
	</include>
	
	<include name="SettingsBackBtn">
		<left>-50</left>
		<top>250</top>
		<width>28</width>
		<height>41</height>
		<texturefocus flipx="true">controls/nav-arrow-right-focus.png</texturefocus>
		<texturenofocus flipx="true">controls/nav-arrow-right-nofocus.png</texturenofocus>
	</include>
	
	<include name="SettingsInfoLabel">
		<left>755</left>
		<top>548</top>
		<width>560</width>
		<font>SettingsContentFont2</font>
		<textcolor>MediaInfoTitleColor2</textcolor>
		<shadowcolor>ShadowColor</shadowcolor>
		<align>right</align>
	</include>

	<include name="SettingsContentBtn">
		<width>755</width>
		<height>50</height>
		<font>SettingsContentFont</font>
		<textcolor>SettingsContentColor</textcolor>
		<shadowcolor>ShadowColor</shadowcolor>
		<align>left</align>
		<textoffsetx>10</textoffsetx>
		<textwidth>735</textwidth>
		<texturefocus border="5">controls/settings-button-focus.png</texturefocus>
		<texturenofocus border="5">controls/settings-button-nofocus.png</texturenofocus>
		<pulseonselect>false</pulseonselect>
	</include>
	
	<include name="SettingsSystemInfoContentBtn">
		<width>755</width>
		<height>50</height>
		<font>SettingsContentFont</font>
		<textcolor>SettingsContentColor</textcolor>
		<disabledcolor>SettingsContentColor</disabledcolor>
		<shadowcolor>ShadowColor</shadowcolor>
		<align>left</align>
		<textoffsetx>10</textoffsetx>
		<textwidth>735</textwidth>
		<texturefocus border="5">-</texturefocus>
		<texturenofocus border="5">-</texturenofocus>
		<pulseonselect>false</pulseonselect>
		<enable>false</enable>
	</include>
	
	<include name="SettingsContentRadioBtn">
		<width>755</width>
		<height>50</height>
		<font>SettingsContentFont</font>
		<textcolor>SettingsContentColor</textcolor>
		<shadowcolor>ShadowColor</shadowcolor>
		<align>left</align>
		<textoffsetx>10</textoffsetx>
		<textwidth>675</textwidth>
		<texturefocus border="5">controls/settings-button-focus.png</texturefocus>
		<texturenofocus border="5">controls/settings-toggle-button-nofocus.png</texturenofocus>
		<alttexturefocus border="5">controls/settings-button-focus.png</alttexturefocus>
		<alttexturenofocus border="5">controls/settings-toggle-button-nofocus.png</alttexturenofocus>
		<pulseonselect>false</pulseonselect>
	</include>
	
	<include name="SettingsContentToggleBtn">
		<width>755</width>
		<height>50</height>
		<font>SettingsContentFont</font>
		<textcolor>SettingsContentColor</textcolor>
		<shadowcolor>ShadowColor</shadowcolor>
		<align>left</align>
		<textoffsetx>10</textoffsetx>
		<textwidth>675</textwidth>
		<texturefocus border="5">controls/settings-toggle-button-focus.png</texturefocus>
		<texturenofocus border="5">controls/settings-toggle-button-nofocus.png</texturenofocus>
		<alttexturefocus border="5">controls/settings-toggle-button-focus2.png</alttexturefocus>
		<alttexturenofocus border="5">controls/settings-toggle-button-nofocus2.png</alttexturenofocus>
		<pulseonselect>false</pulseonselect>
	</include>
	
	<include name="SettingsContentExpandBtn">
		<width>755</width>
		<height>50</height>
		<font>SettingsContentFont</font>
		<textcolor>SettingsContentColor</textcolor>
		<shadowcolor>ShadowColor</shadowcolor>
		<align>left</align>
		<textoffsetx>10</textoffsetx>
		<textwidth>675</textwidth>
		<radiowidth>50</radiowidth>
		<radioheight>25</radioheight>
		<textureradiofocus>settings/settings-expand-arrow.png</textureradiofocus>
		<textureradionofocus>settings/settings-expand-arrow.png</textureradionofocus>
		<texturefocus border="5">controls/settings-button-focus.png</texturefocus>
		<texturenofocus border="5">controls/settings-button-nofocus.png</texturenofocus>
		<pulseonselect>false</pulseonselect>
	</include>
	
	<include name="ExpandedSettingsListBtn">
		<width>540</width>
		<height>50</height>
		<font>SettingsContentFont</font>
		<textcolor>SettingsContentColor</textcolor>
		<shadowcolor>ShadowColor</shadowcolor>
		<align>left</align>
		<textoffsetx>10</textoffsetx>
		<textwidth>520</textwidth>
		<texturefocus border="5">controls/settings-button-focus.png</texturefocus>
		<texturenofocus border="5">controls/settings-button-nofocus.png</texturenofocus>
		<pulseonselect>false</pulseonselect>
	</include>
	
	<include name="ExpandedSettingsHeaderBtn">
		<width>540</width>
		<height>50</height>
		<font>SettingsHeadFont</font>
		<textcolor>SettingsContentColor</textcolor>
		<shadowcolor>ShadowColor</shadowcolor>
		<disabledcolor>ContentTitleColor</disabledcolor>
		<align>left</align>
		<textoffsetx>0</textoffsetx>
		<textwidth>540</textwidth>
		<texturefocus border="5">controls/settings-button-nofocus.png</texturefocus>
		<texturenofocus border="5">controls/settings-button-nofocus.png</texturenofocus>
		<enable>false</enable>
	</include>
	
	<include name="ExpandedSettingsGroupRadioBtn">
		<width>174</width>
		<height>50</height>
		<font>SettingsContentFont</font>
		<textcolor>SettingsContentColor</textcolor>
		<shadowcolor>ShadowColor</shadowcolor>
		<align>left</align>
		<textoffsetx>10</textoffsetx>
		<textwidth>114</textwidth>
		<radioposx>126</radioposx>
		<textureradiofocus>controls/radio-button-focus3.png</textureradiofocus>
		<textureradionofocus>controls/radio-button-nofocus3.png</textureradionofocus>
		<texturefocus border="5">controls/button-focus.png</texturefocus>
		<texturenofocus border="5">controls/button-nofocus.png</texturenofocus>
		<alttexturefocus border="5">controls/button-focus.png</alttexturefocus>
		<alttexturenofocus border="5">controls/button-nofocus.png</alttexturenofocus>
		<pulseonselect>false</pulseonselect>
	</include>

	<include name="ExpandedSettingsToggleBtn">
		<width>540</width>
		<height>50</height>
		<font>SettingsContentFont</font>
		<textcolor>SettingsContentColor</textcolor>
		<shadowcolor>ShadowColor</shadowcolor>
		<align>left</align>
		<textoffsetx>10</textoffsetx>
		<textwidth>460</textwidth>
		<texturefocus border="5">controls/settings-toggle-button2-focus.png</texturefocus>
		<texturenofocus border="5">controls/settings-toggle-button2-nofocus.png</texturenofocus>
		<alttexturefocus border="5">controls/settings-toggle-button2-focus2.png</alttexturefocus>
		<alttexturenofocus border="5">controls/settings-toggle-button2-nofocus2.png</alttexturenofocus>
		<pulseonselect>false</pulseonselect>
	</include>

	<include name="ExpandedSettingsRadioBtn">
		<width>205</width>
		<height>50</height>
		<font>SettingsContentFont</font>
		<textcolor>SettingsContentColor</textcolor>
		<shadowcolor>ShadowColor</shadowcolor>
		<align>left</align>
		<textoffsetx>10</textoffsetx>
		<textwidth>125</textwidth>
		<radioposx>144</radioposx>
		<textureradiofocus>controls/radio-button-focus.png</textureradiofocus>
		<textureradionofocus>controls/radio-button-nofocus.png</textureradionofocus>
		<texturefocus border="5">controls/button-focus.png</texturefocus>
		<texturenofocus border="5">controls/button-nofocus.png</texturenofocus>
		<alttexturefocus border="5">controls/button-focus.png</alttexturefocus>
		<alttexturenofocus border="5">controls/button-nofocus.png</alttexturenofocus>
		<pulseonselect>false</pulseonselect>
	</include>
	
	<include name="ExpandedSettingsImagePreview">
		<width>205</width>
		<height>195</height>
		<bordersize>10</bordersize>
		<aspectratio>keep</aspectratio>
		<include>ControlsOpenCloseAnim</include>
	</include>
	
	<include name="KeyboardSmallBtn">	
		<width>48</width>
	    <height>48</height>
	    <font>DefaultFontB</font>		
	</include>
	
	<include name="KeyboardBigBtn">	
		<width>98</width>
	    <height>48</height>			
	</include>

	<include name="FileManagerInfoLabel">
		<width>180</width>
		<height>10</height>
		<font>FileManagerInfoFont</font>
		<textcolor>MediaInfoItemColor</textcolor>
		<shadowcolor>ShadowColor</shadowcolor>
		<align>center</align>
	</include>
	
	<include name="FileManagerInfoLabel2">
		<width>180</width>
		<height>34</height>
		<font>FileManagerInfoFont</font>
		<textcolor>MediaInfoItemColor2</textcolor>
		<shadowcolor>ShadowColor</shadowcolor>
		<align>center</align>
	</include>

	<include name="FSMediaInfoBackgroundDim">
		<control type="image">
			 <include>BackgroundSize</include>
			 <texture>views/fanart-dim.png</texture>
			 <include>MediaViewOpenCloseAnim</include>
			 <animation effect="fade" end="60" condition="true">Conditional</animation>
		</control>
	</include>
	
	<include name="FSMediaInfoBackgroundDim2">
		<control type="image">
			 <include>BackgroundSize</include>
			 <texture>views/fanart-dim.png</texture>
			 <include>MediaViewOpenCloseAnim</include>
			 <animation effect="fade" end="80" condition="true">Conditional</animation>
		</control>
	</include>
	
	<include name="FSMediaInfoBackgroundDim3">
		<control type="image">
			 <include>BackgroundSize</include>
			 <texture>views/fanart-dim.png</texture>
			 <include>MediaViewOpenCloseAnim</include>
			 <animation effect="fade" end="70" condition="true">Conditional</animation>
		</control>
	</include>

	<include name="SortLetterNotification">
		<control type="group">
			<visible>Container.Scrolling | Container(584).Scrolling</visible>
		
			<animation type="Visible">
				<effect type="fade" start="0" end="100" time="300" delay="100"/>
				<effect type="slide" start="-60,0" time="400" tween="cubic" easing="out" delay="100"/>	
			</animation>
			
			<animation type="Hidden">
				<effect type="fade" start="100" end="0" time="300" delay="1000"/>
				<effect type="slide" end="-60,0" time="400" delay="1000" tween="cubic" easing="out"/>	
			</animation>
			
			<control type="label">
				<height>42</height>
				<width>42</width>
				<align>center</align>
				<aligny>center</aligny>
				<font>BreadCrumbFont</font>
				<textcolor>BreadCrumbColor</textcolor>
				<label>[B]$VAR[SortLetterNotificationVar][/B]</label>
			</control>
		</control>
	</include>
	
	<include name="RedirectBtn">
		<left>-1</left>
		<top>-1</top>
		<width>1</width>
		<height>1</height>
		<texturefocus>-</texturefocus>
		<texturenofocus>-</texturenofocus>
	</include>
	
	<include name="DropDownMenuCloseHitRect">
		<include>ScreenSize</include>
		<texturenofocus>-</texturenofocus>
		<texturefocus>-</texturefocus>
		<onclick>Control.SetFocus(500)</onclick>
	</include>
	
	<include name="ReloadSkinNotification">
		<onclick>Notification($LOCALIZE[32024],$LOCALIZE[31219],3000,)</onclick>
	</include>
	
	<include name="DialogVideoInfoActors1">
		<left>470</left>
		<top>460</top>
		<width>710</width>
		<height>175</height>
		<onup>901</onup>
		<itemlayout height="35" width="355">		
			<control type="image">
				<left>5</left>
				<top>5</top>
				<width>24</width>
				<height>24</height>
				<texture background="true">$INFO[ListItem.ActualIcon].png</texture>
			</control>
			<control type="label">
				<top>6</top>
				<left>35</left>
				<width>318</width>
				<height>23</height>
				<font>FullMediaInfoDescFont</font>
				<textcolor>GreyColor2</textcolor>
				<selectedcolor>SelectedColor</selectedcolor>
				<shadowcolor>ShadowColor</shadowcolor>
				<align>left</align>
				<aligny>center</aligny>
				<info>ListItem.Label</info>
			</control>				
		</itemlayout>				
		<focusedlayout height="35" width="355">				
			<control type="image">
				<width>355</width>
				<height>33</height>
				<texture border="4">views/list-focus.png</texture>
				<include>ListViewSelectFadeAnim</include>
			</control>	
			<control type="image">
				<left>5</left>
				<top>5</top>
				<width>24</width>
				<height>24</height>
				<texture background="true">$INFO[ListItem.ActualIcon].png</texture>
			</control>
			<control type="label">
				<top>6</top>
				<left>35</left>
				<width>318</width>
				<height>23</height>
				<font>FullMediaInfoDescFont</font>
				<textcolor>GreyColor2</textcolor>
				<selectedcolor>SelectedColor</selectedcolor>
				<shadowcolor>ShadowColor</shadowcolor>
				<align>left</align>
				<aligny>center</aligny>
				<info>ListItem.Label</info>
			</control>
		</focusedlayout>
	</include>
	
	<include name="DialogVideoInfoActors2">
		<left>61</left>
		<top>470</top>
		<width>1160</width>
		<height>140</height>
		<onup>901</onup>
		<itemlayout height="35" width="386">		
			<control type="image">
				<left>5</left>
				<top>5</top>
				<width>24</width>
				<height>24</height>
				<texture background="true">$INFO[ListItem.ActualIcon].png</texture>
			</control>
			<control type="label">
				<top>6</top>
				<left>35</left>
				<width>346</width>
				<height>23</height>
				<font>FullMediaInfoDescFont</font>
				<textcolor>GreyColor2</textcolor>
				<selectedcolor>SelectedColor</selectedcolor>
				<shadowcolor>ShadowColor</shadowcolor>
				<align>left</align>
				<aligny>center</aligny>
				<info>ListItem.Label</info>
			</control>				
		</itemlayout>				
		<focusedlayout height="35" width="386">				
			<control type="image">
				<width>386</width>
				<height>33</height>
				<texture border="4">views/list-focus.png</texture>
				<include>ListViewSelectFadeAnim</include>
			</control>	
			<control type="image">
				<left>5</left>
				<top>5</top>
				<width>24</width>
				<height>24</height>
				<texture background="true">$INFO[ListItem.ActualIcon].png</texture>
			</control>
			<control type="label">
				<top>6</top>
				<left>35</left>
				<width>346</width>
				<height>23</height>
				<font>FullMediaInfoDescFont</font>
				<textcolor>GreyColor2</textcolor>
				<selectedcolor>SelectedColor</selectedcolor>
				<shadowcolor>ShadowColor</shadowcolor>
				<align>left</align>
				<aligny>center</aligny>
				<info>ListItem.Label</info>
			</control>
		</focusedlayout>
	</include>
	
	<include name="DialogVideoInfoActors3">
		<left>652</left>
		<top>409</top>
		<width>360</width>
		<height>232</height>
		<onup>505</onup>
		<itemlayout height="29" width="360">		
			<control type="image">
				<left>5</left>
				<top>3</top>
				<width>24</width>
				<height>24</height>
				<texture background="true">$INFO[ListItem.ActualIcon].png</texture>
			</control>
			<control type="label">
				<top>3</top>
				<left>35</left>
				<width>320</width>
				<height>23</height>
				<font>FullMediaInfoDescFont</font>
				<textcolor>GreyColor2</textcolor>
				<selectedcolor>SelectedColor</selectedcolor>
				<shadowcolor>ShadowColor</shadowcolor>
				<align>left</align>
				<aligny>center</aligny>
				<info>ListItem.Label</info>
			</control>				
		</itemlayout>				
		<focusedlayout height="29" width="360">				
			<control type="image">
				<width>360</width>
				<height>29</height>
				<texture border="4">views/list-focus.png</texture>
				<include>ListViewSelectFadeAnim</include>
				<animation effect="slide" start="0,-29" time="200" tween="quadratic" easing="out" reversible="false" condition="Container(50).OnNext">Focus</animation>
				<animation effect="slide" start="0,29" time="200" tween="quadratic" easing="out" reversible="false" condition="Container(50).OnPrevious">Focus</animation>
			</control>	
			<control type="image">
				<left>5</left>
				<top>3</top>
				<width>24</width>
				<height>24</height>
				<texture background="true">$INFO[ListItem.ActualIcon].png</texture>
			</control>
			<control type="label">
				<top>3</top>
				<left>35</left>
				<width>320</width>
				<height>23</height>
				<font>FullMediaInfoDescFont</font>
				<textcolor>GreyColor2</textcolor>
				<selectedcolor>SelectedColor</selectedcolor>
				<shadowcolor>ShadowColor</shadowcolor>
				<align>left</align>
				<aligny>center</aligny>
				<info>ListItem.Label</info>
			</control>
		</focusedlayout>
	</include>
	
	<include name="DialogVideoInfoActors4">
		<left>469</left>
		<top>459</top>
		<width>715</width>
		<height>175</height>
		<onup>901</onup>
		<orientation>horizontal</orientation>
		<itemlayout height="175" width="143">		
			<control type="image">
				<width>140</width>
				<height>175</height>
				<bordertexture border="4">covers/cover-case2.png</bordertexture>
				<bordersize>4</bordersize>
				<aspectratio align="center" aligny="center">scale</aspectratio>
				<texture background="true">$INFO[ListItem.Thumb]</texture>
			</control>
			<control type="image">
				<width>140</width>
				<height>175</height>
				<texture border="4">covers/cover-case2.png</texture>
				<visible>IsEmpty(ListItem.Thumb)</visible>
			</control>
			<control type="image">
				<top>7</top>
				<width>140</width>
				<height>140</height>
				<texture background="true">DefaultActor.png</texture>
				<aspectratio align="center" aligny="top">keep</aspectratio>
				<visible>IsEmpty(ListItem.Thumb)</visible>
			</control>
			<control type="image">
				<left>10</left>
				<top>140</top>
				<width>120</width>
				<height>27</height>
				<texture border="8">views/genre-background.png</texture>
				<visible>!IsEmpty(ListItem.Label)</visible>
			</control>
			<control type="label">
				<left>15</left>
				<top>144</top>
				<width>110</width>
				<align>center</align>
				<font>SubMenuArrowFont</font>
				<textcolor>WhiteColor</textcolor>
				<shadowcolor>ShadowColor</shadowcolor>
				<label>$INFO[ListItem.Label]</label>
				<visible>!IsEmpty(ListItem.Label)</visible>
			</control>
		</itemlayout>				
		<focusedlayout height="175" width="143">
			<control type="group">
				<include>ListViewCoverFocusAnim</include>
				<control type="image">
					<width>140</width>
					<height>175</height>
					<texture border="4">covers/cover-case-noshadow-focus.png</texture>
					<include>ListViewOverlayFadeAnim</include>
				</control>
				<control type="image">
					<width>140</width>
					<height>175</height>
					<texture border="4">black.png</texture>
					<bordersize>3</bordersize>
					<visible>IsEmpty(ListItem.Thumb)</visible>
				</control>
				<control type="image">
					<top>7</top>
					<width>140</width>
					<height>140</height>
					<texture background="true">DefaultActor.png</texture>
					<aspectratio align="center" aligny="top">keep</aspectratio>
					<visible>IsEmpty(ListItem.Thumb)</visible>
				</control>
				<control type="image">
					<top>2</top>
					<left>2</left>
					<width>136</width>
					<height>171</height>
					<bordertexture border="4">black.png</bordertexture>
					<bordersize>2</bordersize>
					<aspectratio align="center" aligny="center">scale</aspectratio>
					<texture background="true">$INFO[ListItem.Thumb]</texture>
				</control>
				<control type="image">
					<left>10</left>
					<top>140</top>
					<width>120</width>
					<height>27</height>
					<texture border="8">views/genre-background.png</texture>
					<visible>!IsEmpty(ListItem.Label)</visible>
				</control>
				<control type="label">
					<left>15</left>
					<top>144</top>
					<width>110</width>
					<align>center</align>
					<font>SubMenuArrowFont</font>
					<textcolor>SelectedColor2</textcolor>
					<shadowcolor>ShadowColor</shadowcolor>
					<label>$INFO[ListItem.Label]</label>
					<visible>!IsEmpty(ListItem.Label)</visible>
				</control>
			</control>
		</focusedlayout>
	</include>
	
	<include name="DialogVideoInfoActors5">
		<left>61</left>
		<top>460</top>
		<width>1160</width>
		<height>173</height>
		<onup>901</onup>
		<orientation>horizontal</orientation>
		<itemlayout height="173" width="145">		
			<control type="image">
				<width>142</width>
				<height>173</height>
				<bordertexture border="4">covers/cover-case2.png</bordertexture>
				<bordersize>4</bordersize>
				<aspectratio align="center" aligny="center">scale</aspectratio>
				<texture background="true">$INFO[ListItem.Thumb]</texture>
			</control>
			<control type="image">
				<width>142</width>
				<height>173</height>
				<texture border="4">covers/cover-case2.png</texture>
				<visible>IsEmpty(ListItem.Thumb)</visible>
			</control>
			<control type="image">
				<top>2</top>
				<width>142</width>
				<height>142</height>
				<texture background="true">DefaultActor.png</texture>
				<aspectratio align="center" aligny="top">keep</aspectratio>
				<visible>IsEmpty(ListItem.Thumb)</visible>
			</control>
			<control type="image">
				<left>10</left>
				<top>137</top>
				<width>122</width>
				<height>27</height>
				<texture border="8">views/genre-background.png</texture>
				<visible>!IsEmpty(ListItem.Label)</visible>
			</control>
			<control type="label">
				<left>15</left>
				<top>141</top>
				<width>112</width>
				<align>center</align>
				<font>SubMenuArrowFont</font>
				<textcolor>WhiteColor</textcolor>
				<shadowcolor>ShadowColor</shadowcolor>
				<label>$INFO[ListItem.Label]</label>
				<visible>!IsEmpty(ListItem.Label)</visible>
			</control>
		</itemlayout>				
		<focusedlayout height="173" width="145">
			<control type="group">
				<include>ListViewCoverFocusAnim</include>
				<control type="image">
					<width>142</width>
					<height>173</height>
					<texture border="4">covers/cover-case-noshadow-focus.png</texture>
					<include>ListViewOverlayFadeAnim</include>
				</control>
				<control type="image">
					<width>142</width>
					<height>173</height>
					<texture border="4">black.png</texture>
					<bordersize>3</bordersize>
					<visible>IsEmpty(ListItem.Thumb)</visible>
				</control>
				<control type="image">
					<top>2</top>
					<width>142</width>
					<height>142</height>
					<texture background="true">DefaultActor.png</texture>
					<aspectratio align="center" aligny="top">keep</aspectratio>
					<visible>IsEmpty(ListItem.Thumb)</visible>
				</control>
				<control type="image">
					<top>2</top>
					<left>2</left>
					<width>138</width>
					<height>169</height>
					<bordertexture border="4">black.png</bordertexture>
					<bordersize>2</bordersize>
					<aspectratio align="center" aligny="center">scale</aspectratio>
					<texture background="true">$INFO[ListItem.Thumb]</texture>
				</control>
				<control type="image">
					<left>10</left>
					<top>137</top>
					<width>122</width>
					<height>27</height>
					<texture border="8">views/genre-background.png</texture>
					<visible>!IsEmpty(ListItem.Label)</visible>
				</control>
				<control type="label">
					<left>15</left>
					<top>141</top>
					<width>112</width>
					<align>center</align>
					<font>SubMenuArrowFont</font>
					<textcolor>SelectedColor2</textcolor>
					<shadowcolor>ShadowColor</shadowcolor>
					<label>$INFO[ListItem.Label]</label>
					<visible>!IsEmpty(ListItem.Label)</visible>
				</control>
			</control>
		</focusedlayout>
	</include>
	
	<include name="DialogVideoInfoActors6">
		<left>651</left>
		<top>418</top>
		<width>532</width>
		<height>214</height>
		<onup>505</onup>
		<orientation>horizontal</orientation>
		<itemlayout height="214" width="133">		
			<control type="image">
				<width>130</width>
				<height>214</height>
				<bordertexture border="4">covers/cover-case2.png</bordertexture>
				<bordersize>4</bordersize>
				<aspectratio align="center" aligny="center">scale</aspectratio>
				<texture background="true">$INFO[ListItem.Thumb]</texture>
			</control>
			<control type="image">
				<width>130</width>
				<height>214</height>
				<texture border="4">covers/cover-case2.png</texture>
				<visible>IsEmpty(ListItem.Thumb)</visible>
			</control>
			<control type="image">
				<top>30</top>
				<width>130</width>
				<height>130</height>
				<texture background="true">DefaultActor.png</texture>
				<aspectratio align="center" aligny="top">keep</aspectratio>
				<visible>IsEmpty(ListItem.Thumb)</visible>
			</control>
			<control type="image">
				<left>8</left>
				<top>180</top>
				<width>114</width>
				<height>27</height>
				<texture border="8">views/genre-background.png</texture>
				<visible>!IsEmpty(ListItem.Label)</visible>
			</control>
			<control type="label">
				<left>13</left>
				<top>184</top>
				<width>104</width>
				<align>center</align>
				<font>SubMenuArrowFont</font>
				<textcolor>WhiteColor</textcolor>
				<shadowcolor>ShadowColor</shadowcolor>
				<label>$INFO[ListItem.Label]</label>
				<visible>!IsEmpty(ListItem.Label)</visible>
			</control>
		</itemlayout>				
		<focusedlayout height="214" width="133">
			<control type="group">
				<include>ListViewCoverFocusAnim</include>
				<control type="image">
					<width>130</width>
					<height>214</height>
					<texture border="4">covers/cover-case-noshadow-focus.png</texture>
					<include>ListViewOverlayFadeAnim</include>
				</control>
				<control type="image">
					<width>130</width>
					<height>214</height>
					<texture border="4">black.png</texture>
					<bordersize>3</bordersize>
					<visible>IsEmpty(ListItem.Thumb)</visible>
				</control>
				<control type="image">
					<top>30</top>
					<width>130</width>
					<height>130</height>
					<texture background="true">DefaultActor.png</texture>
					<aspectratio align="center" aligny="top">keep</aspectratio>
					<visible>IsEmpty(ListItem.Thumb)</visible>
				</control>
				<control type="image">
					<top>2</top>
					<left>2</left>
					<width>126</width>
					<height>210</height>
					<bordertexture border="4">black.png</bordertexture>
					<bordersize>2</bordersize>
					<aspectratio align="center" aligny="center">scale</aspectratio>
					<texture background="true">$INFO[ListItem.Thumb]</texture>
				</control>
					<control type="image">
					<left>8</left>
					<top>180</top>
					<width>114</width>
					<height>27</height>
					<texture border="8">views/genre-background.png</texture>
					<visible>!IsEmpty(ListItem.Label)</visible>
				</control>
				<control type="label">
					<left>13</left>
					<top>184</top>
					<width>104</width>
					<align>center</align>
					<font>SubMenuArrowFont</font>
					<textcolor>SelectedColor2</textcolor>
					<shadowcolor>ShadowColor</shadowcolor>
					<label>$INFO[ListItem.Label]</label>
					<visible>!IsEmpty(ListItem.Label)</visible>
				</control>
			</control>
		</focusedlayout>
	</include>
	
	<include name="DialogVideoInfoSimilar1">
		<left>469</left>
		<top>459</top>
		<width>715</width>
		<height>175</height>
		<onup>901</onup>
		<onleft>987</onleft>
		<itemlayout height="175" width="143">		
			<control type="image">
				<width>138</width>
				<height>175</height>
				<bordertexture border="4">covers/cover-case2.png</bordertexture>
				<bordersize>4</bordersize>
				<aspectratio align="center" aligny="center">scale</aspectratio>
				<texture background="true">$INFO[ListItem.Art(poster)]</texture>
			</control>
			<control type="image">
				<width>138</width>
				<height>175</height>
				<texture border="4">covers/cover-case2.png</texture>
				<visible>IsEmpty(ListItem.Art(poster))</visible>
			</control>
			<control type="image">
				<width>138</width>
				<height>175</height>
				<texture background="true">DefaultMovies.png</texture>
				<aspectratio align="center" aligny="center">keep</aspectratio>
				<visible>IsEmpty(ListItem.Art(poster))</visible>
			</control>
		</itemlayout>				
		<focusedlayout height="175" width="143">
			<control type="group">
				<include>ListViewCoverFocusAnim</include>
				<control type="image">
					<width>138</width>
					<height>175</height>
					<texture border="4">covers/cover-case-noshadow-focus.png</texture>
					<include>ListViewOverlayFadeAnim</include>
				</control>
				<control type="image">
					<width>138</width>
					<height>175</height>
					<texture border="4">black.png</texture>
					<bordersize>3</bordersize>
					<visible>IsEmpty(ListItem.Art(poster))</visible>
				</control>
				<control type="image">
					<width>138</width>
					<height>175</height>
					<texture background="true">DefaultMovies.png</texture>
					<aspectratio align="center" aligny="center">keep</aspectratio>
					<visible>IsEmpty(ListItem.Art(poster))</visible>
				</control>
				<control type="image">
					<top>2</top>
					<left>2</left>
					<width>134</width>
					<height>171</height>
					<bordertexture border="4">black.png</bordertexture>
					<bordersize>2</bordersize>
					<aspectratio align="center" aligny="center">scale</aspectratio>
					<texture background="true">$INFO[ListItem.Art(poster)]</texture>
				</control>
			</control>
		</focusedlayout>
	</include>
	
	<include name="DialogVideoInfoSimilar2">
		<left>651</left>
		<top>428</top>
		<width>532</width>
		<height>194</height>
		<onup>987</onup>
		<onleft>901</onleft>
		<orientation>horizontal</orientation>
		<itemlayout height="194" width="133">		
			<control type="image">
				<width>130</width>
				<height>194</height>
				<bordertexture border="4">covers/cover-case2.png</bordertexture>
				<bordersize>4</bordersize>
				<aspectratio align="center" aligny="center">scale</aspectratio>
				<texture background="true">$INFO[ListItem.Art(poster)]</texture>
			</control>
			<control type="image">
				<width>130</width>
				<height>194</height>
				<texture border="4">covers/cover-case2.png</texture>
				<visible>IsEmpty(ListItem.Art(poster))</visible>
			</control>
			<control type="image">
				<width>130</width>
				<height>194</height>
				<texture background="true">DefaultMovies.png</texture>
				<aspectratio align="center" aligny="center">keep</aspectratio>
				<visible>IsEmpty(ListItem.Art(poster))</visible>
			</control>
		</itemlayout>				
		<focusedlayout height="194" width="133">
			<control type="group">
				<include>ListViewCoverFocusAnim</include>
				<control type="image">
					<width>130</width>
					<height>194</height>
					<texture border="4">covers/cover-case-noshadow-focus.png</texture>
					<include>ListViewOverlayFadeAnim</include>
				</control>
				<control type="image">
					<width>130</width>
					<height>194</height>
					<texture border="4">black.png</texture>
					<bordersize>3</bordersize>
					<visible>IsEmpty(ListItem.Art(poster))</visible>
				</control>
				<control type="image">
					<width>130</width>
					<height>194</height>
					<texture background="true">DefaultMovies.png</texture>
					<aspectratio align="center" aligny="center">keep</aspectratio>
					<visible>IsEmpty(ListItem.Art(poster))</visible>
				</control>
				<control type="image">
					<top>2</top>
					<left>2</left>
					<width>126</width>
					<height>190</height>
					<bordertexture border="4">black.png</bordertexture>
					<bordersize>2</bordersize>
					<aspectratio align="center" aligny="center">scale</aspectratio>
					<texture background="true">$INFO[ListItem.Art(poster)]</texture>
				</control>
			</control>
		</focusedlayout>
	</include>
	
	<variable name="FSInfoLabel1">
		<value condition="VideoPlayer.Content(Movies) | VideoPlayer.Content(MusicVideos)">$INFO[VideoPlayer.Genre]</value>
		<value condition="VideoPlayer.Content(Episodes) + !IntegerGreaterThan(VideoPlayer.Season,9) + !IntegerGreaterThan(VideoPlayer.Episode,9)">$INFO[VideoPlayer.TVShowTitle]$INFO[VideoPlayer.Season, (S0,]$INFO[VideoPlayer.Episode,E0,)]</value> 
		<value condition="VideoPlayer.Content(Episodes) + !IntegerGreaterThan(VideoPlayer.Season,9)">$INFO[VideoPlayer.TVShowTitle]$INFO[VideoPlayer.Season, (S0,]$INFO[VideoPlayer.Episode,E,)]</value> 
		<value condition="VideoPlayer.Content(Episodes) + !IntegerGreaterThan(VideoPlayer.Episode,9)">$INFO[VideoPlayer.TVShowTitle]$INFO[VideoPlayer.Season, (S,]$INFO[VideoPlayer.Episode,E0,)]</value> 
		<value condition="VideoPlayer.Content(Episodes)">$INFO[VideoPlayer.TVShowTitle]$INFO[VideoPlayer.Season, (S,]$INFO[VideoPlayer.Episode,E,)]</value>
		<value condition="VideoPlayer.Content(LiveTV)">$INFO[VideoPlayer.ChannelNumber]$INFO[VideoPlayer.ChannelName,  -  ]</value>
	</variable>
	
	<variable name="FSInfoLabel2">
		<value condition="VideoPlayer.Content(MusicVideos)">$LOCALIZE[557]:</value>
		<value condition="VideoPlayer.Content(LiveTV)">$LOCALIZE[19127]:</value>
	</variable>
	
	<variable name="FSInfoLabel2Val">
		<value condition="VideoPlayer.Content(MusicVideos)">$INFO[VideoPlayer.Artist]</value>
		<value condition="VideoPlayer.Content(LiveTV)">$INFO[VideoPlayer.EndTime]</value>
	</variable>
	
	<variable name="FSInfoLabel3">
		<value condition="VideoPlayer.Content(MusicVideos)">$LOCALIZE[558]:</value>
		<value condition="VideoPlayer.Content(LiveTV)">$LOCALIZE[19141]:</value>
	</variable>
	
	<variable name="FSInfoLabel3Val">
		<value condition="VideoPlayer.Content(MusicVideos)">$INFO[VideoPlayer.Album]</value>
		<value condition="VideoPlayer.Content(LiveTV)">$INFO[VideoPlayer.ChannelGroup]</value>
	</variable>
	
	<variable name="PosterImageOSD">
		<value condition="VideoPlayer.Content(Movies) + !IsEmpty(Player.Art(poster))">$INFO[Player.Art(poster)]</value>
		<value condition="VideoPlayer.Content(Movies) + IsEmpty(Player.Art(poster))">$INFO[Player.Art(thumb)]</value>
		<value condition="VideoPlayer.Content(Episodes)">$INFO[Player.Art(tvshow.poster)]</value>
	</variable>
	
	<variable name="ClearImageOSD">
		<value condition="VideoPlayer.Content(Movies) + [Skin.HasSetting(ShowClearArtOSD) + !IsEmpty(Player.Art(clearart))]">$INFO[Player.Art(clearart)]</value>
		<value condition="VideoPlayer.Content(Movies) + [[Skin.HasSetting(ShowClearLogoOSD) + !IsEmpty(Player.Art(clearlogo))] | [Skin.HasSetting(ShowClearArtOSD) + IsEmpty(Player.Art(clearart)) + !IsEmpty(Player.Art(clearlogo))]]">$INFO[Player.Art(clearlogo)]</value>
		<value condition="VideoPlayer.Content(Episodes) + [Skin.HasSetting(ShowClearArtOSD) + !IsEmpty(Player.Art(tvshow.clearart))]">$INFO[Player.Art(tvshow.clearart)]</value>
		<value condition="VideoPlayer.Content(Episodes) + [[Skin.HasSetting(ShowClearLogoOSD) + !IsEmpty(Player.Art(tvshow.clearlogo))] | [Skin.HasSetting(ShowClearArtOSD) + IsEmpty(Player.Art(tvshow.clearart)) + !IsEmpty(Player.Art(tvshow.clearlogo))]]">$INFO[Player.Art(tvshow.clearlogo)]</value>
		<value condition="VideoPlayer.Content(Movies)">$INFO[Player.Art(fanart)]</value>
		<value>$INFO[VideoPlayer.Cover]</value>
	</variable>
	
	<variable name="ClearImageOSD1">
		<value condition="VideoPlayer.Content(Movies) + [Skin.HasSetting(ShowClearArtOSD) + !IsEmpty(Player.Art(clearart))]">$INFO[Player.Art(clearart)]</value>
		<value condition="VideoPlayer.Content(Movies) + [[Skin.HasSetting(ShowClearLogoOSD) + !IsEmpty(Player.Art(clearlogo))] | [Skin.HasSetting(ShowClearArtOSD) + IsEmpty(Player.Art(clearart)) + !IsEmpty(Player.Art(clearlogo))]]">$INFO[Player.Art(clearlogo)]</value>
		<value condition="VideoPlayer.Content(Episodes) + [Skin.HasSetting(ShowClearArtOSD) + !IsEmpty(Player.Art(tvshow.clearart))]">$INFO[Player.Art(tvshow.clearart)]</value>
		<value condition="VideoPlayer.Content(Episodes) + [[Skin.HasSetting(ShowClearLogoOSD) + !IsEmpty(Player.Art(tvshow.clearlogo))] | [Skin.HasSetting(ShowClearArtOSD) + IsEmpty(Player.Art(tvshow.clearart)) + !IsEmpty(Player.Art(tvshow.clearlogo))]]">$INFO[Player.Art(tvshow.clearlogo)]</value>
	</variable>
	
	<variable name="MusicVizDescription">
		<value condition="System.HasAddon(script.artistslideshow) + [Skin.HasSetting(UseFanartForMusicPlayingBG) | Skin.HasSetting(UseVisualizationAndFanartForMusicPlayingBG)] + Skin.HasSetting(EnableArtistFanartSlideshow)">$INFO[Window(Visualisation).Property(ArtistSlideshow.ArtistBiography)]</value>
		<value>$INFO[MusicPlayer.Property(Album_Description)]</value>
	</variable>
	
	<variable name="VideoPlayerSeasonVal">
		<value condition="!IntegerGreaterThan(VideoPlayer.Season,9)">$INFO[VideoPlayer.Season,S0]</value>
		<value>$INFO[VideoPlayer.Season,S]</value>
	</variable>
	
	<variable name="VideoPlayerEpisodeVal">
		<value condition="!IntegerGreaterThan(VideoPlayer.Episode,9)">$INFO[VideoPlayer.Episode,E0]</value>
		<value>$INFO[VideoPlayer.Episode,E]</value>
	</variable>
	
	<include name="MusicOSDItemgap1">
		<itemgap>10</itemgap>
	</include>
	
	<include name="MusicOSDItemgap2">
		<itemgap>7</itemgap>
	</include>
</includes>