<?xml version="1.0" encoding="UTF-8"?>
<window>
	<defaultcontrol always="false">107</defaultcontrol>
	<onload condition="!Player.PauseEnabled">SetFocus(202)</onload>
	<depth>DepthOSD</depth>

	<coordinates>
		<system>1</system>
		<left>0</left>
		<top>0</top>
	</coordinates>

	<controls>
		<control type="group">
			<visible>![Window.IsActive(OSDVideoSettings) | Window.IsActive(OSDAudioSettings) | Window.IsActive(OSDSubtitleSettings) | Window.IsActive(VideoBookmarks) | Window.IsActive(SliderDialog) | Window.IsActive(osdcmssettings) | Window.IsActive(playerprocessinfo) | Window.IsActive(1121)]</visible>
			<top>655</top>
			<include>BottomPaneOpenCloseAnim</include>
			<include>PlayerControlsPanel</include>

			<control type="label">
				<left>30</left>
				<top>-25</top>
				<font>FSInfoFont2</font>
				<textcolor>WhiteColor</textcolor>
				<shadowcolor>ShadowColor</shadowcolor>
				<label>$VAR[VideoOSDCurrentControlLabel]</label>
				<visible>![Window.IsActive(DialogPVRChannelsOSD.xml) | Window.IsActive(DialogPVRChannelGuide.xml) | Window.IsVisible(1121)]</visible>
			</control>

			<control type="grouplist" id="201">
				<description>Player Settings Controls</description>
				<left>54</left>
				<top>17</top>
				<width>395</width>
				<height>35</height>
				<include condition="!VideoPlayer.Content(LiveTV)">VideoOSDItemgap1</include>
				<include condition="VideoPlayer.Content(LiveTV)">VideoOSDItemgap2</include>
				<orientation>horizontal</orientation>
				<onleft condition="Control.IsEnabled(109)">109</onleft>
				<onleft condition="!Control.IsEnabled(109) + Control.IsEnabled(108)">108</onleft>
				<onleft condition="!Control.IsEnabled(109) + !Control.IsEnabled(108) + Control.IsEnabled(107)">107</onleft>
				<onleft condition="!Control.IsEnabled(109) + !Control.IsEnabled(108) + !Control.IsEnabled(107)">95</onleft>
				<onright condition="Control.IsEnabled(99)">99</onright>
				<onright condition="!Control.IsEnabled(99) + Control.IsEnabled(98)">98</onright>
				<onright condition="!Control.IsEnabled(99) + !Control.IsEnabled(98)">95</onright>
				<control type="button" id="100">
					<description>Exit Fullscreen</description>
					<include content="OSDButton">
						<param name="size" value="35" />
					</include>
					<font />
					<label>$LOCALIZE[13012]</label>
					<texturefocus>osd/osd-exit-fullscreen-focus.png</texturefocus>
					<texturenofocus>osd/osd-exit-fullscreen-nofocus.png</texturenofocus>
					<onclick>Dialog.Close(VideoOSD,true)</onclick>
					<onclick>FullScreen</onclick>
				</control>
				<control type="button" id="127">
					<description>Fullscreen Information</description>
					<include content="OSDButton">
						<param name="size" value="35" />
					</include>
					<font />
					<label>$LOCALIZE[19033]</label>
					<texturefocus>osd/osd-info-focus.png</texturefocus>
					<texturenofocus>osd/osd-info-nofocus.png</texturenofocus>
					<onclick>Info</onclick>
					<onup>402</onup>
				</control>
				<control type="button" id="117">
					<description>Playlist</description>
					<include content="OSDButton">
						<param name="size" value="35" />
					</include>
					<font />
					<label>$LOCALIZE[10522]</label>
					<texturefocus>osd/osd-playlist-focus.png</texturefocus>
					<texturenofocus>osd/osd-playlist-nofocus.png</texturenofocus>
					<onclick>Dialog.Close(VideoOSD,true)</onclick>
					<onclick>ActivateWindow(VideoPlaylist)</onclick>
					<visible>!String.IsEqual(Playlist.Length(video),0)</visible>
				</control>
				<control type="button" id="101">
					<description>Bookmarks</description>
					<include content="OSDButton">
						<param name="size" value="35" />
					</include>
					<font />
					<label>$LOCALIZE[298]</label>
					<texturefocus>osd/osd-bookmarks-focus.png</texturefocus>
					<texturenofocus>osd/osd-bookmarks-nofocus.png</texturenofocus>
					<onclick>ActivateWindow(VideoBookmarks)</onclick>
					<visible>!VideoPlayer.Content(livetv)</visible>
				</control>
				<control type="button" id="116">
					<description>Subtitles</description>
					<include content="OSDButton">
						<param name="size" value="35" />
					</include>
					<font />
					<label>$LOCALIZE[287]</label>
					<texturefocus>osd/osd-subtitles-focus.png</texturefocus>
					<texturenofocus>osd/osd-subtitles-nofocus.png</texturenofocus>
					<onclick>ActivateWindow(OSDSubtitleSettings)</onclick>
				</control>
				<control type="button" id="105">
					<description>Teletext</description>
					<include content="OSDButton">
						<param name="size" value="35" />
					</include>
					<font />
					<label>$LOCALIZE[31002]</label>
					<texturefocus>osd/osd-teletext-focus.png</texturefocus>
					<texturenofocus>osd/osd-teletext-nofocus.png</texturenofocus>
					<onclick>ActivateWindow(Teletext)</onclick>
					<visible>VideoPlayer.HasTeletext</visible>
				</control>
				<control type="button" id="102">
					<description>Audio Settings</description>
					<include content="OSDButton">
						<param name="size" value="35" />
					</include>
					<font />
					<label>$LOCALIZE[13396]</label>
					<texturefocus>osd/osd-audio-settings-focus.png</texturefocus>
					<texturenofocus>osd/osd-audio-settings-nofocus.png</texturenofocus>
					<onclick>ActivateWindow(OSDAudioSettings)</onclick>
				</control>
				<control type="button" id="103">
					<description>Video Settings</description>
					<include content="OSDButton">
						<param name="size" value="35" />
					</include>
					<font />
					<label>$LOCALIZE[13395]</label>
					<texturefocus>osd/osd-video-settings-focus.png</texturefocus>
					<texturenofocus>osd/osd-video-settings-nofocus.png</texturenofocus>
					<onclick>ActivateWindow(OSDVideoSettings)</onclick>
				</control>
				<control type="button" id="104">
					<description>3D Settings</description>
					<include content="OSDButton">
						<param name="size" value="35" />
					</include>
					<font />
					<label>$LOCALIZE[36501]</label>
					<texturefocus>osd/osd-3d-focus.png</texturefocus>
					<texturenofocus>osd/osd-3d-nofocus.png</texturenofocus>
					<onclick>StereoMode</onclick>
					<onup>400</onup>
					<visible>VideoPlayer.IsStereoscopic</visible>
				</control>
				<control type="button" id="114">
					<description>Other settings</description>
					<include content="OSDButton">
						<param name="size" value="35" />
					</include>
					<font />
					<label>$LOCALIZE[31154]</label>
					<texturefocus>osd/osd-viz-preset-settings-focus.png</texturefocus>
					<texturenofocus>osd/osd-viz-preset-settings-nofocus.png</texturenofocus>
					<onup>401</onup>
				</control>
				<control type="button" id="115">
					<description>Video Menu</description>
					<include content="OSDButton">
						<param name="size" value="35" />
					</include>
					<font />
					<label>$LOCALIZE[31018]</label>
					<texturefocus>osd/osd-dvd-focus.png</texturefocus>
					<texturenofocus>osd/osd-dvd-nofocus.png</texturenofocus>
					<onclick>PlayerControl(ShowVideoMenu)</onclick>
					<visible>VideoPlayer.HasMenu</visible>
				</control>
			</control>
		
			<control type="grouplist" id="202">
				<description>Player Controls</description>
				<visible>!VideoPlayer.Content(LiveTV)</visible>
				<left>489</left>
				<top>10</top>
				<width>310</width>
				<height>50</height>
				<itemgap>10</itemgap>
				<usecontrolcoords>true</usecontrolcoords>
				<orientation>horizontal</orientation>
				<onleft condition="Control.IsVisible(115)">115</onleft>
				<onleft condition="!Control.IsVisible(115)">114</onleft>
				<onleft>103</onleft>
				<onright>100</onright>
				<control type="button" id="99">
					<description>Skip Prev</description>
					<top>5</top>
					<include content="OSDButton">
						<param name="size" value="40" />
					</include>
					<texturefocus>osd/osd-skip-prev-focus.png</texturefocus>
					<texturenofocus>osd/osd-skip-prev-nofocus.png</texturenofocus>
					<onclick>PlayerControl(Previous)</onclick>
					<enable>Player.HasSceneMarkers | Player.ChapterCount | Integer.IsGreater(Playlist.Length(video),1)</enable>
					<animation effect="fade" start="100" end="60" time="100" condition="![Player.HasSceneMarkers | Player.ChapterCount | Integer.IsGreater(Playlist.Length(video),1)]">Conditional</animation>
				</control>
				<control type="button" id="98">
					<description>Rewind</description>
					<top>5</top>
					<include content="OSDButton">
						<param name="size" value="40" />
					</include>
					<texturefocus>osd/osd-rewind-focus.png</texturefocus>
					<texturenofocus>osd/osd-rewind-nofocus.png</texturenofocus>
					<onclick>PlayerControl(Rewind)</onclick>
				</control>
				<control type="button" id="95">
					<description>Stop</description>
					<top>2</top>
					<include content="OSDButton">
						<param name="size" value="46" />
					</include>
					<texturefocus>osd/osd-stop-focus.png</texturefocus>
					<texturenofocus>osd/osd-stop-nofocus.png</texturenofocus>
					<onclick>PlayerControl(Stop)</onclick>
				</control>
				<control type="togglebutton" id="107">
					<description>Play/Pause</description>
					<top>2</top>
					<include content="OSDButton">
						<param name="size" value="46" />
					</include>
					<texturefocus>osd/osd-pause-focus.png</texturefocus>
					<texturenofocus>osd/osd-pause-nofocus.png</texturenofocus>
					<alttexturefocus>osd/osd-play-focus.png</alttexturefocus>
					<alttexturenofocus>osd/osd-play-nofocus.png</alttexturenofocus>
					<usealttexture>Player.Paused | Player.Forwarding | Player.Rewinding</usealttexture>
					<onclick>PlayerControl(Play)</onclick>
					<onup condition="Player.TempoEnabled">407</onup>
					<hitrect x="0" y="-20" w="46" h="86"/>
					<visible>Player.PauseEnabled</visible>
				</control>
				<control type="button" id="108">
					<description>Forward</description>
					<top>5</top>
					<include content="OSDButton">
						<param name="size" value="40" />
					</include>
					<texturefocus>osd/osd-forward-focus.png</texturefocus>
					<texturenofocus>osd/osd-forward-nofocus.png</texturenofocus>
					<onclick>PlayerControl(Forward)</onclick>
				</control>
				<control type="button" id="109">
					<description>Skip Next</description>
					<top>5</top>
					<include content="OSDButton">
						<param name="size" value="40" />
					</include>
					<texturefocus>osd/osd-skip-next-focus.png</texturefocus>
					<texturenofocus>osd/osd-skip-next-nofocus.png</texturenofocus>
					<onclick>PlayerControl(Next)</onclick>
					<enable>Player.HasSceneMarkers | Player.ChapterCount | Integer.IsGreater(Playlist.Length(video),1)</enable>
					<animation effect="fade" start="100" end="60" time="100" condition="![Player.HasSceneMarkers | Player.ChapterCount | Integer.IsGreater(Playlist.Length(video),1)]">Conditional</animation>
				</control>
			</control>
			
			<control type="grouplist" id="202">
				<visible>VideoPlayer.Content(LiveTV)</visible>
				<description>Player Controls</description>
				<left>371</left>
				<top>10</top>
				<width>455</width>
				<height>50</height>
				<itemgap>6</itemgap>
				<usecontrolcoords>true</usecontrolcoords>
				<orientation>horizontal</orientation>
				<onleft condition="Control.IsVisible(115)">115</onleft>
				<onleft condition="!Control.IsVisible(115)">114</onleft>
				<onleft>103</onleft>
				<onright>100</onright>
				<control type="togglebutton" id="99">
					<description>Rec</description>
					<top>5</top>
					<include content="OSDButton">
						<param name="size" value="40" />
					</include>
					<onclick>PVR.ToggleRecordPlayingChannel</onclick>
					<label>264</label>
					<altlabel>265</altlabel>
					<font />
					<texturefocus>osd/osd-record-focus.png</texturefocus>
					<texturenofocus>osd/osd-record-nofocus.png</texturenofocus>
					<usealttexture>PVR.IsRecordingPlayingChannel | PVR.IsPlayingActiveRecording</usealttexture>
					<alttexturefocus>osd/osd-record-focus.png</alttexturefocus>
					<alttexturenofocus>osd/osd-record-2.png</alttexturenofocus>
					<enable>PVR.CanRecordPlayingChannel</enable>
					<animation effect="fade" start="100" end="60" time="100" condition="!PVR.CanRecordPlayingChannel">Conditional</animation>
				</control>
				<control type="button" id="98">
					<description>Guide</description>
					<top>5</top>
					<include content="OSDButton">
						<param name="size" value="40" />
					</include>
					<texturefocus>osd/osd-epg-focus.png</texturefocus>
					<texturenofocus>osd/osd-epg-nofocus.png</texturenofocus>
					<onclick>ActivateWindow(pvrchannelguide)</onclick>
					<onclick>Dialog.Close(VideoOSD)</onclick>
					<visible>VideoPlayer.HasEPG</visible>
				</control>
				<control type="button" id="97">
					<description>Channels</description>
					<top>5</top>
					<include content="OSDButton">
						<param name="size" value="40" />
					</include>
					<texturefocus>osd/osd-channel-list-focus.png</texturefocus>
					<texturenofocus>osd/osd-channel-list-nofocus.png</texturenofocus>
					<onclick>ActivateWindow(PVROSDChannels)</onclick>
					<onclick>Dialog.Close(VideoOSD)</onclick>
				</control>
				<control type="button" id="110">
					<description>Skip Prev</description>
					<top>5</top>
					<include content="OSDButton">
						<param name="size" value="40" />
					</include>
					<texturefocus>osd/osd-skip-prev-focus.png</texturefocus>
					<texturenofocus>osd/osd-skip-prev-nofocus.png</texturenofocus>
					<onclick>PlayerControl(Previous)</onclick>
					<enable>Player.HasSceneMarkers | Player.ChapterCount | Integer.IsGreater(Playlist.Length(video),1) | [Player.SeekEnabled + VideoPlayer.Content(livetv)]</enable>
					<animation effect="fade" start="100" end="60" time="100" condition="![Player.HasSceneMarkers | Player.ChapterCount | Integer.IsGreater(Playlist.Length(video),1) | [Player.SeekEnabled + VideoPlayer.Content(livetv)]]">Conditional</animation>
				</control>
				<control type="button" id="96">
					<description>Rewind</description>
					<top>5</top>
					<include content="OSDButton">
						<param name="size" value="40" />
					</include>
					<texturefocus>osd/osd-rewind-focus.png</texturefocus>
					<texturenofocus>osd/osd-rewind-nofocus.png</texturenofocus>
					<onclick>PlayerControl(Rewind)</onclick>
					<enable>Player.SeekEnabled</enable>
					<animation effect="fade" start="100" end="60" time="100" condition="!Player.SeekEnabled">Conditional</animation>
				</control>
				<control type="button" id="95">
					<description>Stop</description>
					<top>2</top>
					<include content="OSDButton">
						<param name="size" value="46" />
					</include>
					<texturefocus>osd/osd-stop-focus.png</texturefocus>
					<texturenofocus>osd/osd-stop-nofocus.png</texturenofocus>
					<onclick>PlayerControl(Stop)</onclick>
				</control>
				<control type="togglebutton" id="107">
					<description>Play/Pause</description>
					<top>2</top>
					<include content="OSDButton">
						<param name="size" value="46" />
					</include>
					<texturefocus>osd/osd-pause-focus.png</texturefocus>
					<texturenofocus>osd/osd-pause-nofocus.png</texturenofocus>
					<alttexturefocus>osd/osd-play-focus.png</alttexturefocus>
					<alttexturenofocus>osd/osd-play-nofocus.png</alttexturenofocus>
					<usealttexture>Player.Paused | Player.Forwarding | Player.Rewinding | Player.IsTempo</usealttexture>
					<onclick>PlayerControl(Play)</onclick>
					<onup condition="Player.TempoEnabled">PlayerControl(tempoup)</onup>
					<ondown condition="Player.TempoEnabled">PlayerControl(tempodown)</ondown>
					<hitrect x="0" y="-20" w="46" h="86"/>
					<visible>Player.PauseEnabled</visible>
				</control>
				<control type="button" id="108">
					<description>Forward</description>
					<top>5</top>
					<include content="OSDButton">
						<param name="size" value="40" />
					</include>
					<texturefocus>osd/osd-forward-focus.png</texturefocus>
					<texturenofocus>osd/osd-forward-nofocus.png</texturenofocus>
					<onclick>PlayerControl(Forward)</onclick>
					<enable>Player.SeekEnabled</enable>
					<animation effect="fade" start="100" end="60" time="100" condition="!Player.SeekEnabled">Conditional</animation>
				</control>
				<control type="button" id="109">
					<description>Skip Next</description>
					<top>5</top>
					<include content="OSDButton">
						<param name="size" value="40" />
					</include>
					<texturefocus>osd/osd-skip-next-focus.png</texturefocus>
					<texturenofocus>osd/osd-skip-next-nofocus.png</texturenofocus>
					<onclick>PlayerControl(Next)</onclick>
					<enable>Player.HasSceneMarkers | Player.ChapterCount | Integer.IsGreater(Playlist.Length(video),1) | PVR.IsTimeShift</enable>
					<animation effect="fade" start="100" end="60" time="100" condition="![Player.HasSceneMarkers | Player.ChapterCount | Integer.IsGreater(Playlist.Length(video),1) | PVR.IsTimeShift]">Conditional</animation>
				</control>
			</control>
		
			<control type="group">
				<left>780</left>
				
				<control type="progress">
					<description>Progressbar Cache</description>
					<left>29</left>
					<top>39</top>
					<width>412</width>
					<midtexture border="2">controls/scrollbar-slider-horz-nofocus.png</midtexture>
					<info>Player.ProgressCache</info>
					<animation effect="fade" end="50" condition="true">Conditional</animation>
				</control>
				
				<control type="progress">
					<description>Progressbar</description>
					<left>29</left>
					<top>39</top>
					<width>412</width>
					<info>Player.Progress</info>
					<visible>!VideoPlayer.HasEpg</visible>
				</control>
				
				<control type="progress">
					<description>Progressbar</description>
					<left>29</left>
					<top>39</top>
					<width>412</width>
					<info>PVR.EpgEventProgress</info>
					<visible>VideoPlayer.HasEpg</visible>
				</control>
				
				<control type="progress">
					<description>Progressbar</description>
					<left>37</left>
					<top>39</top>
					<width>412</width>
					<texturebg colordiffuse="00FFFFFF" border="4">controls/progress-background.png</texturebg>
					<colordiffuse>88FFFFFF</colordiffuse>
					<visible>Player.Seeking</visible>
				</control>
				
				<control type="slider">
					<description>Seek Slider</description>
					<left>29</left>
					<top>39</top>
					<width>412</width>
					<height>12</height>
					<action>seek</action>
					<info>Player.Progress</info>
					<visible>!VideoPlayer.Content(LiveTV)</visible>
				</control>
				
				<control type="slider">
					<description>Seek Slider</description>
					<left>29</left>
					<top>39</top>
					<width>412</width>
					<height>12</height>
					<action>pvr.seek</action>
					<info>PVR.EpgEventProgress</info>
					<visible>VideoPlayer.HasEpg + VideoPlayer.Content(LiveTV)</visible>
				</control>
				
				<control type="slider">
					<description>Seek Slider</description>
					<left>29</left>
					<top>39</top>
					<width>412</width>
					<height>12</height>
					<action>pvr.seek</action>
					<info>PVR.TimeshiftProgressPlayPos</info>
					<visible>!VideoPlayer.HasEpg + VideoPlayer.Content(LiveTV)</visible>
				</control>
				
				<control type="ranges">
					<left>29</left>
					<top>39</top>
					<height>12</height>
					<lefttexture>white4.png</lefttexture>
					<midtexture colordiffuse="FFFF0000">white4.png</midtexture>
					<righttexture>white2.png</righttexture>
					<info>Player.Editlist</info>
				</control>
				
				<control type="ranges">
					<left>29</left>
					<top>44</top>
					<height>10</height>
					<righttexture colordiffuse="ffff0000">white2.png</righttexture>
					<info>Player.Cuts</info>
				</control>
				
				<control type="ranges">
					<left>29</left>
					<top>44</top>
					<height>10</height>
					<righttexture colordiffuse="aaffffff">white2.png</righttexture>
					<info>Player.Chapters</info>
				</control>
				
				<control type="ranges">
					<left>29</left>
					<top>44</top>
					<height>10</height>
					<righttexture colordiffuse="aaffffff">white2.png</righttexture>
					<info>Player.SceneMarkers</info>
				</control>

				<control type="grouplist">
					<left>29</left>
					<top>6</top>
					<height>40</height>
					<width>260</width>
					<usecontrolcoords>true</usecontrolcoords>
					<orientation>horizontal</orientation>
					<control type="label">
						<description>Elapsed/Duration Time</description>
						<top>5</top>
						<width min="0" max="250">auto</width>
						<font>OSDFont</font>
						<textcolor>ProgressColor</textcolor>
						<label>$VAR[TimeLabels]</label>
					</control>
					<control type="label">
						<description>SeekbarLabels</description>
						<top>5</top>
						<width min="0" max="250">auto</width>
						<font>OSDFont</font>
						<textcolor>SelectedColor2</textcolor>
						<textoffsetx>5</textoffsetx>
						<label>$VAR[SeekbarLabels]</label>
					</control>
				</control>
							
				<control type="grouplist">
					<description>Finish Time</description>
					<right>59</right>
					<top>6</top>
					<height>40</height>
					<width>200</width>
					<align>right</align>
					<usecontrolcoords>true</usecontrolcoords>
					<orientation>horizontal</orientation>
					<control type="image">
						<top>5</top>
						<width>28</width>
						<height>28</height>
						<texture>gui/notification-done.png</texture>
						<bordersize>2</bordersize>
					</control>
					<control type="label">
						<top>5</top>
						<width min="0" max="172">auto</width>
						<font>OSDFont</font>
						<textcolor>ProgressColor2</textcolor>
						<label>$VAR[FinishTimeLabels]</label>
					</control>
				</control>
			</control>
		</control>
		
		<control type="button" id="403">
			<description>Fake button for mouse control</description>
			<bottom>48</bottom>
			<height>280</height>
			<width>410</width>
			<font />
			<label />
			<texturenofocus />
			<texturefocus />
			<visible>Control.HasFocus(403) | Control.HasFocus(104) | ControlGroup(400).HasFocus</visible>
		</control>
		
		<control type="button" id="404">
			<description>Fake button for mouse control</description>
			<bottom>48</bottom>
			<height>280</height>
			<width>410</width>
			<font />
			<label />
			<texturenofocus />
			<texturefocus />
			<visible>Control.HasFocus(404) | Control.HasFocus(114) | ControlGroup(401).HasFocus</visible>
		</control>
		
		<control type="button" id="405">
			<description>Fake button for mouse control</description>
			<bottom>48</bottom>
			<height>280</height>
			<width>365</width>
			<font />
			<label />
			<texturenofocus />
			<texturefocus />
			<visible>Control.HasFocus(405) | Control.HasFocus(127) | ControlGroup(402).HasFocus</visible>
		</control>
		
		<control type="button" id="406">
			<description>Fake button for mouse control</description>
			<bottom>48</bottom>
			<height>280</height>
			<width>720</width>
			<font />
			<label />
			<texturenofocus />
			<texturefocus />
			<visible>Control.HasFocus(406) | Control.HasFocus(107) | ControlGroup(407).HasFocus</visible>
		</control>
		
		<control type="group">
			<visible>![Window.IsActive(playerprocessinfo) | Window.IsActive(selectdialog) | Window.IsActive(OSDVideoSettings) | Window.IsActive(OSDAudioSettings) | Window.IsActive(OSDSubtitleSettings) | Window.IsActive(VideoBookmarks) | Window.IsActive(SliderDialog) | Window.IsActive(osdcmssettings) | Window.IsActive(1121)]</visible>
			<left>22</left>
			<include>DialogOpenCloseAnim</include>

			<control type="group">
				<visible>Control.HasFocus(104) | ControlGroup(400).HasFocus | Control.HasFocus(403)</visible>
				<include>DialogOpenCloseAnim</include>
				<bottom>84</bottom>
				<height>197</height>
				
				<control type="grouplist">
					<itemgap>0</itemgap>
					<control type="image">
						<width>340</width>
						<height>54</height>
						<texture border="40,50,40,0">gui/dialog-background3-top.png</texture>
					</control>
					<control type="image">
						<width>340</width>
						<height>111</height>
						<texture border="40,2,40,2">gui/context-menu-middle.png</texture>
					</control>
					<control type="image">
						<width>340</width>
						<height>32</height>
						<texture flipy="true" border="40,0,40,30">gui/context-menu-top.png</texture>
					</control>
				</control>
				
				<control type="button">
					<left>280</left>
					<include>DialogCloseBtn</include>
				</control>
		
				<control type="label">
					<width>260</width>
					<include>DialogTitle</include>
					<label>$LOCALIZE[36501]</label>
				</control>
				
				<control type="grouplist" id="400">
					<left>DialogMarginOffsetX</left>
					<top>DialogMarginOffsetY</top>
					<width>270</width>
					<height>407</height>
					<itemgap>2</itemgap>
					<pagecontrol />
					<onup>104</onup>
					<ondown>104</ondown>
					<onleft>104</onleft>
					<onright>104</onright>
					<control type="radiobutton" id="120">
						<description>Toggle Stereo Mode</description>
						<width>270</width>
						<hitrect x="-10" y="-3" w="290" h="39"/>
						<include>DialogContentLabel</include>
						<label>$LOCALIZE[305]</label>
						<onclick>ToggleStereoMode</onclick>
						<selected>Integer.IsGreater(System.StereoscopicMode,0)</selected>
					</control>
					<control type="button" id="121">
						<description>Change Mode</description>
						<width>270</width>
						<hitrect x="-10" y="-1" w="290" h="37"/>
						<include>DialogContentLabel</include>
						<label>$LOCALIZE[31947]</label>
						<onclick>StereoMode</onclick>
					</control>
					<control type="radiobutton" id="122">
						<description>Watch in 2D</description>
						<width>270</width>
						<hitrect x="-10" y="-1" w="290" h="39"/>
						<include>DialogContentLabel</include>
						<label>$LOCALIZE[31948]</label>
						<onclick>StereoModeToMono</onclick>
						<selected>String.IsEqual(System.StereoscopicMode,9)</selected>
					</control>
				</control>
			</control>
			
			<control type="group">
				<visible>Control.HasFocus(114) | ControlGroup(401).HasFocus | Control.HasFocus(404)</visible>
				<include>DialogOpenCloseAnim</include>
				<bottom>84</bottom>
				<height>199</height>
				<animation effect="slide" end="0,37" condition="System.HasCMS | Player.HasResolutions">Conditional</animation>
				<animation effect="slide" end="0,74" condition="!System.HasCMS + !Player.HasResolutions">Conditional</animation>
				
				<control type="grouplist">
					<itemgap>0</itemgap>
					<control type="image">
						<width>340</width>
						<height>54</height>
						<texture border="40,50,40,0">gui/dialog-background3-top.png</texture>
					</control>
					<control type="image">
						<width>340</width>
						<height>37</height>
						<texture border="40,2,40,2">gui/context-menu-middle.png</texture>
					</control>
					<control type="image">
						<width>340</width>
						<height>37</height>
						<texture border="40,2,40,2">gui/context-menu-middle.png</texture>
						<visible>System.HasCMS</visible>
					</control>
					<control type="image">
						<width>340</width>
						<height>37</height>
						<texture border="40,2,40,2">gui/context-menu-middle.png</texture>
						<visible>Player.HasResolutions</visible>
					</control>
					<control type="image">
						<width>340</width>
						<height>32</height>
						<texture flipy="true" border="40,0,40,30">gui/context-menu-top.png</texture>
					</control>
				</control>
				
				<control type="button">
					<left>280</left>
					<include>DialogCloseBtn</include>
				</control>
		
				<control type="label">
					<width>260</width>
					<include>DialogTitle</include>
					<label>$LOCALIZE[31154]</label>
				</control>
				
				<control type="grouplist" id="401">
					<left>DialogMarginOffsetX</left>
					<top>DialogMarginOffsetY</top>
					<width>270</width>
					<height>407</height>
					<itemgap>2</itemgap>
					<pagecontrol />
					<onup>114</onup>
					<ondown>114</ondown>
					<onleft>114</onleft>
					<onright>114</onright>
					<control type="button" id="125">
						<description>Skin Settings</description>
						<width>270</width>
						<hitrect x="-10" y="-3" w="290" h="39"/>
						<include>DialogContentLabel</include>
						<label>$LOCALIZE[10035]</label>
						<onclick>ActivateWindow(1121)</onclick>
					</control>
					<control type="button" id="123">
						<description>OSD CMS Settings</description>
						<width>270</width>
						<hitrect x="-10" y="-1" w="290" h="37"/>
						<include>DialogContentLabel</include>
						<label>$LOCALIZE[36560]</label>
						<onclick>ActivateWindow(osdcmssettings)</onclick>
						<visible>System.HasCMS</visible>
					</control>
					<control type="button" id="124">
						<description>Select Resolution</description>
						<width>270</width>
						<hitrect x="-10" y="-1" w="290" h="39"/>
						<include>DialogContentLabel</include>
						<label>$LOCALIZE[39110]</label>
						<onclick>PlayerResolutionSelect</onclick>
						<visible>Player.HasResolutions</visible>
					</control>
				</control>
			</control>
			
			<control type="group">
				<visible>Control.HasFocus(127) | ControlGroup(402).HasFocus | Control.HasFocus(405)</visible>
				<include>DialogOpenCloseAnim</include>
				<bottom>84</bottom>
				<height>199</height>
				
				<control type="grouplist">
					<itemgap>0</itemgap>
					<control type="image">
						<width>340</width>
						<height>54</height>
						<texture border="40,50,40,0">gui/dialog-background3-top.png</texture>
					</control>
					<control type="image">
						<width>340</width>
						<height>111</height>
						<texture border="40,2,40,2">gui/context-menu-middle.png</texture>
					</control>
					<control type="image">
						<width>340</width>
						<height>32</height>
						<texture flipy="true" border="40,0,40,30">gui/context-menu-top.png</texture>
					</control>
				</control>
				
				<control type="button">
					<left>280</left>
					<include>DialogCloseBtn</include>
				</control>
		
				<control type="label">
					<width>260</width>
					<include>DialogTitle</include>
					<label>$LOCALIZE[19033]</label>
				</control>
				
				<control type="grouplist" id="402">
					<left>DialogMarginOffsetX</left>
					<top>DialogMarginOffsetY</top>
					<width>270</width>
					<height>407</height>
					<itemgap>2</itemgap>
					<pagecontrol />
					<onup>127</onup>
					<ondown>127</ondown>
					<onleft>127</onleft>
					<onright>127</onright>
					<control type="button" id="129">
						<description>Information</description>
						<width>270</width>
						<hitrect x="-10" y="-1" w="290" h="39"/>
						<include>DialogContentLabel</include>
						<label>$LOCALIZE[31231]</label>
						<onclick condition="Window.IsActive(playerprocessinfo)">playerprocessinfo</onclick>
						<onclick>Info</onclick>
					</control>
					<control type="button" id="130">
						<description>Technical Information</description>
						<width>270</width>
						<hitrect x="-10" y="-1" w="290" h="37"/>
						<include>DialogContentLabel</include>
						<label>$LOCALIZE[31232]</label>
						<onclick condition="Player.ShowInfo">Info</onclick>
						<onclick>playerprocessinfo</onclick>
					</control>
					<control type="button" id="131">
						<description>Debug Information</description>
						<width>270</width>
						<hitrect x="-10" y="-1" w="290" h="39"/>
						<include>DialogContentLabel</include>
						<label>$LOCALIZE[31162]</label>
						<onclick>PlayerDebug</onclick>
					</control>
				</control>
			</control>
			
			<control type="group">
				<visible>[Control.HasFocus(107) | ControlGroup(407).HasFocus | Control.HasFocus(406)] + Player.TempoEnabled</visible>
				<include>DialogOpenCloseAnim</include>
				<bottom>84</bottom>
				<height>384</height>
				
				<control type="grouplist">
					<itemgap>0</itemgap>
					<control type="image">
						<width>340</width>
						<height>54</height>
						<texture border="40,50,40,0">gui/dialog-background3-top.png</texture>
					</control>
					<control type="image">
						<width>340</width>
						<height>296</height>
						<texture border="40,2,40,2">gui/context-menu-middle.png</texture>
					</control>
					<control type="image">
						<width>340</width>
						<height>32</height>
						<texture flipy="true" border="40,0,40,30">gui/context-menu-top.png</texture>
					</control>
				</control>
				
				<control type="button">
					<left>280</left>
					<include>DialogCloseBtn</include>
				</control>
		
				<control type="label">
					<width>260</width>
					<include>DialogTitle</include>
					<label>$LOCALIZE[31149]</label>
				</control>
				
				<control type="grouplist" id="407">
					<left>DialogMarginOffsetX</left>
					<top>DialogMarginOffsetY</top>
					<width>270</width>
					<height>407</height>
					<itemgap>2</itemgap>
					<pagecontrol />
					<onup>107</onup>
					<ondown>107</ondown>
					<onleft>107</onleft>
					<onright>107</onright>
					<control type="radiobutton" id="132">
						<description>0.25</description>
						<width>270</width>
						<hitrect x="-10" y="-1" w="290" h="39"/>
						<radioposx>225</radioposx>
						<textureradiofocus>controls/radio-button-focus4.png</textureradiofocus>
						<textureradionofocus />
						<include>DialogContentLabel</include>
						<selected>String.IsEqual(Player.PlaySpeed,0.80)</selected>
						<label>0.80</label>
						<onclick>PlayerControl(Tempo(0.80))</onclick>
					</control>
					<control type="radiobutton" id="133">
						<description>0.75</description>
						<width>270</width>
						<hitrect x="-10" y="-1" w="290" h="37"/>
						<radioposx>225</radioposx>
						<textureradiofocus>controls/radio-button-focus4.png</textureradiofocus>
						<textureradionofocus />
						<include>DialogContentLabel</include>
						<selected>String.IsEqual(Player.PlaySpeed,0.90)</selected>
						<label>0.90</label>
						<onclick>PlayerControl(Tempo(0.90))</onclick>
					</control>
					<control type="radiobutton" id="134">
						<description>Normal</description>
						<width>270</width>
						<hitrect x="-10" y="-1" w="290" h="37"/>
						<radioposx>225</radioposx>
						<textureradiofocus>controls/radio-button-focus4.png</textureradiofocus>
						<textureradionofocus />
						<include>DialogContentLabel</include>
						<selected>String.IsEqual(Player.PlaySpeed,1.00)</selected>
						<label>$LOCALIZE[630]</label>
						<onclick>PlayerControl(Tempo(1.00))</onclick>
					</control>
					<control type="radiobutton" id="135">
						<description>1.25</description>
						<width>270</width>
						<hitrect x="-10" y="-1" w="290" h="37"/>
						<radioposx>225</radioposx>
						<textureradiofocus>controls/radio-button-focus4.png</textureradiofocus>
						<textureradionofocus />
						<include>DialogContentLabel</include>
						<selected>String.IsEqual(Player.PlaySpeed,1.10)</selected>
						<label>1.10</label>
						<onclick>PlayerControl(Tempo(1.10))</onclick>
					</control>
					<control type="radiobutton" id="136">
						<description>1.50</description>
						<width>270</width>
						<hitrect x="-10" y="-1" w="290" h="37"/>
						<radioposx>225</radioposx>
						<textureradiofocus>controls/radio-button-focus4.png</textureradiofocus>
						<textureradionofocus />
						<include>DialogContentLabel</include>
						<selected>String.IsEqual(Player.PlaySpeed,1.20)</selected>
						<label>1.20</label>
						<onclick>PlayerControl(Tempo(1.20))</onclick>
					</control>
					<control type="radiobutton" id="137">
						<description>1.50</description>
						<width>270</width>
						<hitrect x="-10" y="-1" w="290" h="37"/>
						<radioposx>225</radioposx>
						<textureradiofocus>controls/radio-button-focus4.png</textureradiofocus>
						<textureradionofocus />
						<include>DialogContentLabel</include>
						<selected>String.IsEqual(Player.PlaySpeed,1.30)</selected>
						<label>1.30</label>
						<onclick>PlayerControl(Tempo(1.30))</onclick>
					</control>
					<control type="radiobutton" id="138">
						<description>1.50</description>
						<width>270</width>
						<hitrect x="-10" y="-1" w="290" h="37"/>
						<radioposx>225</radioposx>
						<textureradiofocus>controls/radio-button-focus4.png</textureradiofocus>
						<textureradionofocus />
						<include>DialogContentLabel</include>
						<selected>String.IsEqual(Player.PlaySpeed,1.40)</selected>
						<label>1.40</label>
						<onclick>PlayerControl(Tempo(1.40))</onclick>
					</control>
					<control type="radiobutton" id="139">
						<description>1.75</description>
						<width>270</width>
						<hitrect x="-10" y="-1" w="290" h="39"/>
						<radioposx>225</radioposx>
						<textureradiofocus>controls/radio-button-focus4.png</textureradiofocus>
						<textureradionofocus />
						<include>DialogContentLabel</include>
						<selected>String.IsEqual(Player.PlaySpeed,1.50)</selected>
						<label>1.50</label>
						<onclick>PlayerControl(Tempo(1.50))</onclick>
					</control>
				</control>
			</control>
		</control>
	</controls>
</window>