<?xml version="1.0" encoding="UTF-8"?>
<includes>
	<include name="DefaultDialogSelectLayout">
		<control type="group">
			<left>315</left>
			<top>35</top>
			<animation effect="slide" end="-105,0" condition="Control.IsVisible(6)">Conditional</animation>
			<control type="image">
				<description>background image</description>
				<width>650</width>
				<height>650</height>
				<texture border="50,100,50,50">dialogs/Dialog.png</texture>
				<animation effect="fade" start="90" end="90" time="0" condition="Window.IsVisible(Visualisation)">Conditional</animation>
				<visible>Control.IsVisible(3)</visible>
			</control>
			<control type="image">
				<description>background image</description>
				<width>860</width>
				<height>650</height>
				<texture border="50,100,50,50">dialogs/Dialog.png</texture>
				<animation effect="fade" start="90" end="90" time="0" condition="Window.IsVisible(Visualisation)">Conditional</animation>
				<visible>Control.IsVisible(6)</visible>
			</control>
			<control type="label" id="1">
				<description>heading label</description>
				<left>50</left>
				<top>50</top>
				<width>550</width>
				<height>30</height>
				<align>center</align>
				<aligny>center</aligny>
				<font>font16</font>
				<label>13406</label>
				<textcolor>orange</textcolor>
				<animation effect="slide" end="105,0" condition="Control.IsVisible(6)">Conditional</animation>
			</control>
			<control type="list" id="3">
				<left>50</left>
				<top>100</top>
				<width>550</width>
				<height>450</height>
				<onup>3</onup>
				<ondown>3</ondown>
				<onleft>9001</onleft>
				<onright>61</onright>
				<pagecontrol>61</pagecontrol>
				<scrolltime>200</scrolltime>
				<itemlayout height="45">
					<control type="image">
						<width>550</width>
						<height>45</height>
						<texture border="10">buttons/list-nofocus.png</texture>
					</control>
					<control type="label">
						<left>10</left>
						<width>530</width>
						<height>45</height>
						<font>font12</font>
						<aligny>center</aligny>
						<info>ListItem.Label</info>
					</control>
				</itemlayout>
				<focusedlayout height="45">
					<control type="image">
						<width>550</width>
						<height>45</height>
						<visible>!Control.HasFocus(3)</visible>
						<texture border="10">buttons/list-nofocus.png</texture>
					</control>
					<control type="image">
						<width>550</width>
						<height>45</height>
						<visible>Control.HasFocus(3)</visible>
						<texture border="10">buttons/list-focus.png</texture>
					</control>
					<control type="label">
						<left>10</left>
						<width>530</width>
						<height>45</height>
						<font>font12</font>
						<aligny>center</aligny>
						<info>ListItem.Label</info>
					</control>
				</focusedlayout>
			</control>
			<control type="list" id="6">
				<left>50</left>
				<top>100</top>
				<width>550</width>
				<height>450</height>
				<onup>61</onup>
				<ondown>61</ondown>
				<onleft>61</onleft>
				<onright>9011</onright>
				<pagecontrol>61</pagecontrol>
				<scrolltime>200</scrolltime>
				<itemlayout height="45">
					<control type="image">
						<width>550</width>
						<height>45</height>
						<texture border="10">buttons/list-nofocus.png</texture>
					</control>
					<control type="image">
						<left>5</left>
						<top>5</top>
						<width>40</width>
						<height>35</height>
						<texture>$INFO[ListItem.Icon]</texture>
					</control>
					<control type="label">
						<left>50</left>
						<width>490</width>
						<height>45</height>
						<font>font12</font>
						<aligny>center</aligny>
						<info>ListItem.Label</info>
					</control>
				</itemlayout>
				<focusedlayout height="45">
					<control type="image">
						<width>550</width>
						<height>45</height>
						<visible>!Control.HasFocus(6)</visible>
						<texture border="10">buttons/list-nofocus.png</texture>
					</control>
					<control type="image">
						<width>550</width>
						<height>45</height>
						<visible>Control.HasFocus(6)</visible>
						<texture border="10">buttons/list-focus.png</texture>
					</control>
					<control type="image">
						<left>5</left>
						<top>5</top>
						<width>40</width>
						<height>35</height>
						<texture>$INFO[ListItem.Icon]</texture>
					</control>
					<control type="label">
						<left>50</left>
						<width>490</width>
						<height>45</height>
						<font>font12</font>
						<aligny>center</aligny>
						<info>ListItem.Label</info>
					</control>
				</focusedlayout>
			</control>
			<control type="group">
				<visible>Control.IsVisible(6)</visible>
				<control type="image">
					<left>610</left>
					<top>100</top>
					<width>200</width>
					<height>200</height>
					<texture>$INFO[Container(6).ListItem.Icon]</texture>
					<bordertexture border="3">black-back.png</bordertexture>
					<bordersize>2</bordersize>
					<aspectratio>keep</aspectratio>
				</control>
				<control type="label">
					<description>Currently Selected Title</description>
					<left>610</left>
					<top>308</top>
					<width>200</width>
					<font>font12</font>
					<align>center</align>
					<scroll>true</scroll>
					<textcolor>white</textcolor>
					<label>[B]$INFO[Container(6).ListItem.Label][/B]</label>
				</control>
				<control type="label">
					<description>Currently Selected Version</description>
					<left>610</left>
					<top>338</top>
					<width>200</width>
					<font>font10</font>
					<align>center</align>
					<scroll>true</scroll>
					<textcolor>grey2</textcolor>
					<label>[B]$INFO[Container(6).ListItem.AddonVersion][/B]</label>
					<visible>!String.IsEmpty(ListItem.AddonVersion)</visible>
				</control>
				<control type="textbox">
					<description>Currently Selected Summary</description>
					<left>610</left>
					<top>368</top>
					<width>200</width>
					<height>100</height>
					<font>font10</font>
					<align>left</align>
					<textcolor>grey</textcolor>
					<label>$INFO[Container(6).ListItem.Label2]</label>
					<autoscroll time="3000" delay="4000" repeat="5000">true</autoscroll>
					<animation effect="slide" end="0,-30" condition="String.IsEmpty(ListItem.AddonVersion)">Conditional</animation>
				</control>
			</control>
			<control type="spincontrol" id="61">
				<description>Next page Spinner</description>
				<left>540</left>
				<top>567</top>
				<subtype>page</subtype>
				<font />
				<onleft condition="Control.IsVisible(3)">9001</onleft>
				<onleft condition="Control.IsVisible(6)">6</onleft>
				<onright condition="Control.IsVisible(3)">9001</onright>
				<onright condition="Control.IsVisible(6)">9011</onright>
				<onup condition="Control.IsVisible(3)">3</onup>
				<onup condition="Control.IsVisible(6)">6</onup>
				<textcolor>white</textcolor>
				<showonepage>true</showonepage>
			</control>
			<control type="label">
				<description>number of files/pages in list text label</description>
				<left>215</left>
				<top>565</top>
				<width>320</width>
				<height>35</height>
				<font>font12</font>
				<align>right</align>
				<aligny>center</aligny>
				<scroll>true</scroll>
				<textcolor>grey2</textcolor>
				<label>$VAR[DialogSelectContainerInfo]</label>
				<visible>!Control.HasFocus(61)</visible>
			</control>
			<control type="label">
				<description>number of files/pages in list text label focus</description>
				<left>215</left>
				<top>565</top>
				<width>320</width>
				<height>35</height>
				<font>font12</font>
				<align>right</align>
				<aligny>center</aligny>
				<scroll>true</scroll>
				<textcolor>orange</textcolor>
				<label>$VAR[DialogSelectContainerInfo]</label>
				<visible>Control.HasFocus(61)</visible>
			</control>
			<control type="group">
				<left>2000</left>
				<control type="button" id="8">
					<onfocus condition="Control.IsVisible(3)">SetFocus(9002)</onfocus>
					<onfocus condition="Control.IsVisible(6)">SetFocus(9012)</onfocus>
				</control>
				<control type="button" id="5">
					<onfocus condition="Control.IsVisible(3)">SetFocus(9003)</onfocus>
					<onfocus condition="Control.IsVisible(6)">SetFocus(9013)</onfocus>
				</control>
				<control type="button" id="7">
					<onfocus condition="Control.IsVisible(3)">SetFocus(9004)</onfocus>
					<onfocus condition="Control.IsVisible(6)">SetFocus(9014)</onfocus>
				</control>
			</control>
			<control type="grouplist" id="9001">
				<left>50</left>
				<top>556</top>
				<height>135</height>
				<itemgap>2</itemgap>
				<onleft>61</onleft>
				<onright>61</onright>
				<onup>3</onup>
				<orientation>horizontal</orientation>
				<visible>Control.IsVisible(3)</visible>
				<control type="button" id="9002">
					<description>Optional button</description>
					<label>$INFO[Control.GetLabel(8)]</label>
					<include>DialogButton2CommonValues</include>
					<onclick>SendClick(8)</onclick>
					<visible>Control.IsVisible(8)</visible>
				</control>
				<control type="button" id="9003">
					<description>Manual button</description>
					<label>$INFO[Control.GetLabel(5)]</label>
					<include>DialogButton2CommonValues</include>
					<onclick>SendClick(5)</onclick>
					<visible>Control.IsVisible(5)</visible>
				</control>
				<control type="button" id="9004">
					<description>Cancel button</description>
					<label>$INFO[Control.GetLabel(7)]</label>
					<include>DialogButton2CommonValues</include>
					<onclick>SendClick(7)</onclick>
					<visible>Control.IsVisible(7)</visible>
				</control>
			</control>
			<control type="grouplist" id="9011">
				<left>610</left>
				<bottom>90</bottom>
				<height>135</height>
				<itemgap>0</itemgap>
				<onleft>61</onleft>
				<onright>6</onright>
				<onup>6</onup>
				<orientation>vertical</orientation>
				<animation effect="slide" end="0,45" condition="!Control.IsVisible(8)">Conditional</animation>
				<animation effect="slide" end="0,45" condition="!Control.IsVisible(5)">Conditional</animation>
				<visible>Control.IsVisible(6)</visible>
				<control type="button" id="9012">
					<description>Optional button</description>
					<label>$INFO[Control.GetLabel(8)]</label>
					<include>DialogButton2CommonValues</include>
					<onclick>SendClick(8)</onclick>
					<visible>Control.IsVisible(8)</visible>
				</control>
				<control type="button" id="9013">
					<description>Manual button</description>
					<label>$INFO[Control.GetLabel(5)]</label>
					<include>DialogButton2CommonValues</include>
					<onclick>SendClick(5)</onclick>
					<visible>Control.IsVisible(5)</visible>
				</control>
				<control type="button" id="9014">
					<description>Cancel button</description>
					<label>$INFO[Control.GetLabel(7)]</label>
					<include>DialogButton2CommonValues</include>
					<onclick>SendClick(7)</onclick>
					<visible>Control.IsVisible(7)</visible>
				</control>
			</control>
		</control>
	</include>
	<include name="GameDialogSelectInclude">
		<control type="group">
			<left>280</left>
			<top>51</top>
			<control type="image">
				<width>720</width>
				<height>$PARAM[height]</height>
				<colordiffuse>EEFFFFFF</colordiffuse>
				<texture border="50,100,50,50">dialogs/Dialog.png</texture>
			</control>
			<control type="label" id="1">
				<description>heading label</description>
				<left>50</left>
				<top>50</top>
				<width>620</width>
				<height>30</height>
				<align>center</align>
				<aligny>center</aligny>
				<font>font16</font>
				<textcolor>orange</textcolor>
			</control>
			<control type="label" id="12">
				<left>50</left>
				<top>105</top>
				<width>620</width>
				<height>30</height>
				<align>center</align>
				<aligny>center</aligny>
				<font>font10</font>
				<scroll>true</scroll>
				<textcolor>grey2</textcolor>
				<visible>Window.IsVisible(gamevideofilter)</visible>
			</control>
			<control type="panel" id="11">
				<left>50</left>
				<top>$PARAM[panel_top]</top>
				<width>620</width>
				<height>450</height>
				<onleft>9011</onleft>
				<onright condition="Control.IsVisible(60)">60</onright>
				<onright condition="!Control.IsVisible(60)">9011</onright>
				<onup>9011</onup>
				<ondown>9011</ondown>
				<scrolltime>200</scrolltime>
				<pagecontrol>60</pagecontrol>
				<orientation>vertical</orientation>
				<itemlayout height="225" width="310">
					<control type="image">
						<left>1</left>
						<top>1</top>
						<width>308</width>
						<height>223</height>
						<texture border="10">buttons/button-dialog-nofocus.png</texture>
					</control>
					<control type="gamewindow">
						<left>10</left>
						<top>10</top>
						<width>290</width>
						<height>175</height>
						<videofilter>$INFO[ListItem.Property(game.videofilter)]</videofilter>
						<stretchmode>$INFO[ListItem.Property(game.stretchmode)]</stretchmode>
						<rotation>$INFO[ListItem.Property(game.videorotation)]</rotation>
						<animation effect="fade" end="50" condition="true">Conditional</animation>
					</control>
					<control type="label">
						<left>4</left>
						<top>190</top>
						<width>300</width>
						<height>25</height>
						<font>font12</font>
						<align>center</align>
						<aligny>center</aligny>
						<label>$INFO[ListItem.Label]$INFO[ListItem.Label2, (,)]</label>
					</control>
				</itemlayout>
				<focusedlayout height="225" width="310">
					<control type="image">
						<left>1</left>
						<top>1</top>
						<width>308</width>
						<height>223</height>
						<texture border="10">buttons/button-dialog-focus.png</texture>
					</control>
					<control type="gamewindow">
						<left>10</left>
						<top>10</top>
						<width>290</width>
						<height>175</height>
						<videofilter>$INFO[ListItem.Property(game.videofilter)]</videofilter>
						<stretchmode>$INFO[ListItem.Property(game.stretchmode)]</stretchmode>
						<rotation>$INFO[ListItem.Property(game.videorotation)]</rotation>
					</control>
					<control type="label">
						<left>4</left>
						<top>190</top>
						<width>300</width>
						<height>25</height>
						<font>font12</font>
						<align>center</align>
						<aligny>center</aligny>
						<label>$INFO[ListItem.Label]$INFO[ListItem.Label2, (,)]</label>
					</control>
				</focusedlayout>
			</control>
			<control type="button" id="9011">
				<left>50</left>
				<top>$PARAM[button_top]</top>
				<label>15067</label>
				<include>DialogButton2CommonValues</include>
				<font>font12</font>
				<onclick>PreviousMenu</onclick>
				<onright condition="Control.IsVisible(60)">60</onright>
				<onright condition="!Control.IsVisible(60)">11</onright>
				<onleft>11</onleft>
				<ondown>11</ondown>
				<onup>11</onup>
				<animation effect="slide" end="210,0" condition="!Control.IsVisible(60)">Conditional</animation>
			</control>
			<control type="spincontrol" id="60">
				<description>Next page Spinner</description>
				<left>608</left>
				<top>$PARAM[spincontrol_top]</top>
				<subtype>page</subtype>
				<font />
				<onleft>9011</onleft>
				<onright>11</onright>
				<onup>11</onup>
				<ondown>11</ondown>
				<textcolor>white</textcolor>
				<showonepage>true</showonepage>
				<visible>Container(11).HasNext | Container(11).HasPrevious</visible>
			</control>
			<control type="label">
				<description>number of files/pages in list text label</description>
				<left>283</left>
				<top>$PARAM[spincontrol_label_top]</top>
				<width>320</width>
				<height>35</height>
				<font>font12</font>
				<align>right</align>
				<aligny>center</aligny>
				<scroll>true</scroll>
				<textcolor>grey2</textcolor>
				<label>$LOCALIZE[31201] $INFO[Container(11).CurrentPage]/$INFO[Container(11).NumPages]</label>
				<visible>Control.IsVisible(60) + !Control.HasFocus(60)</visible>
			</control>
			<control type="label">
				<description>number of files/pages in list text label focus</description>
				<left>283</left>
				<top>$PARAM[spincontrol_label_top]</top>
				<width>320</width>
				<height>35</height>
				<font>font12</font>
				<align>right</align>
				<aligny>center</aligny>
				<scroll>true</scroll>
				<textcolor>orange</textcolor>
				<label>$LOCALIZE[31201] $INFO[Container(11).CurrentPage]/$INFO[Container(11).NumPages]</label>
				<visible>Control.IsVisible(60) + Control.HasFocus(60)</visible>
			</control>
		</control>
	</include>
	<include name="GameDialogSelectViewLayout">
		<include content="GameDialogSelectInclude">
			<param name="height" value="646" />
			<param name="panel_top" value="100" />
			<param name="button_top" value="553" />
			<param name="spincontrol_top" value="567" />
			<param name="spincontrol_label_top" value="565" />
		</include>
	</include>
	<include name="GameDialogSelectFilterLayout">
		<include content="GameDialogSelectInclude">
			<param name="height" value="691" />
			<param name="panel_top" value="145" />
			<param name="button_top" value="598" />
			<param name="spincontrol_top" value="612" />
			<param name="spincontrol_label_top" value="610" />
		</include>
	</include>
</includes>