<?xml version="1.0" encoding="UTF-8"?>
<window>
	<defaultcontrol always="true">50</defaultcontrol>
	<menucontrol>9000</menucontrol>
	<views>50,52,55</views>
	<controls>
		<include condition="!Skin.HasSetting(DontBlendBackground)">CommonVideoVizBackground</include>
		<include>CommonAppsBackground</include>
		<include condition="Skin.HasSetting(DontBlendBackground)">CommonVideoVizBackground</include>
		<include>CommonAppsBlackwash</include>

		<control type="group">
			<left>130</left>
			<animation effect="fade" delay="500" time="HomeVisibleFadeAnimationSpeed">WindowOpen</animation>
			<animation effect="fade" start="0" end="0" time="0">WindowClose</animation>
			<control type="label">
				<description>Header label</description>
				<label>$LOCALIZE[10821]$VAR[SortLetterNotificationVar]</label>
				<include>HeaderTextCommons</include>
			</control>
			<control type="group">
				<left>0</left>
				<top>110</top>
				<include>ListViewCommons</include> <!-- View ID 50 -->
				<include>ThumbnailInfoView</include> <!-- View ID 55 -->
				<include>ThumbnailView</include> <!-- View ID 52 -->
			</control>
		</control>
		<include>BackgroundDim</include>
		<control type="group" id="9000">
			<include>Container9000BladesRunner</include>
			<control type="grouplist" id="610">
				<include content="Container9000Header">
					<param name="left" value="100" />
					<param name="top" value="100" />
				</include>
				<control type="button" id="2">
					<description>View As button</description>
					<include>ButtonCommonValues</include>
				</control>
				<control type="button" id="3">
					<description>Sort by button</description>
					<left>2</left>
					<label>103</label>
					<include>ButtonCommonValues</include>
				</control>
				<control type="togglebutton" id="4">
					<description>Sort asc</description>
					<include>SortAscendingButton</include>
				</control>
				<control type="button" id="620">
					<description>Settings Button</description>
					<left>7</left>
					<include>ButtonCommonValues</include>
					<label>10004</label>
					<onclick>ActivateWindow(GameSettings)</onclick>
				</control>
				<control type="button" id="621">
					<description>Add-on settings Button</description>
					<left>8</left>
					<include>ButtonCommonValues</include>
					<label>10140</label>
					<onclick>Addon.OpenSettings($INFO[Container.PluginName])</onclick>
					<visible>!String.IsEmpty(Container.PluginName)</visible>
				</control>
			</control>
			<include content="CommonPlayerControls">
				<param name="left" value="100" />
				<param name="top" value="140" />
			</include>
		</control>
		<include>AllViewCommonPageControls</include>
		<control type="group">
			<include>AppsToSubBlades</include>
		</control>
		<include>Common_Now_Playing</include>
	</controls>
</window>