<?xml version="1.0" encoding="utf-8"?>
<window>
    <defaultcontrol>101</defaultcontrol>
	<depth>DepthDialog</depth>
	<include>DialogOpenCloseAnim</include>
	
    <coordinates>
        <system>1</system>
        <left>340</left>
        <top>48</top>
    </coordinates>
	
    <controls>
		<control type="image">
			<width>600</width>
			<height>644</height>
			<texture border="50,70,50,75">panels/dialog-background.png</texture>
		</control>
		
		<control type="button">
			<left>540</left>
			<include>DialogCloseBtn</include>
		</control>
		
		<control type="label">
			<description>Google Maps Label</description>
			<width>530</width>
			<include>DialogTitle</include>
			<label>$ADDON[plugin.image.mypicsdb 30220]</label>
		</control>
		
		<control type="image" id="200">
			<left>DialogMarginOffsetX</left>
			<top>DialogMarginOffsetY</top>
			<width>530</width>
			<height>530</height>
			<aspectratio align="center" aligny="center">scale</aspectratio>
		</control>
		
		<control type="image">
			<left>42</left>
			<top>59</top>
			<width>516</width>
			<height>27</height>
			<texture border="4">panels/panel3.png</texture>
			<include>ListInfoViewMediaInfoBackgroundFadeAnim</include>
		</control>
		
		<control type="label" id="100">
			<description>Google Maps Label</description>
			<top>59</top>
			<left>49</left>
			<width>502</width>
			<height>27</height>
			<font>MediaInfoFont3</font>
			<textcolor>WhiteColor</textcolor>
			<shadowcolor>ShadowColor</shadowcolor>
			<scroll>true</scroll>
			<aligny>center</aligny>
			<align>center</align>
		</control>
		
		<control type="grouplist">
			<top>591</top>
			<width>600</width>
			<align>center</align>
			<orientation>horizontal</orientation>
			<itemgap>10</itemgap>
			<control type="button" id="101">
				<description>Close button</description>
				<include>DialogMenuBarBtn</include>
			</control>
			<control type="button" id="102">
				<description>Zoom In button</description>
				<include>DialogMenuBarBtn</include>
			</control>
			<control type="button" id="103">
				<description>Zoom Out button</description>
				<include>DialogMenuBarBtn</include>
			</control>
		</control>
    </controls>
</window>
