<?xml version="1.0" encoding="UTF-8"?>
<window>	
    <coordinates>
        <system>1</system>
        <left>425</left>
        <top>250</top>
    </coordinates>
	
    <controls>
		<control type="group">
			<depth>DepthDialog</depth>
			<include>DialogOpenCloseAnim</include>
			
			<control type="image">
				<width>430</width>
				<height>220</height>
				<texture border="50,70,50,75">panels/dialog-background.png</texture>
			</control>

			<control type="button">
				<left>370</left>
				<include>DialogCloseBtn</include>
			</control>
			
			<control type="label">
				<width>350</width>
				<include>DialogTitle</include>
				<label>$LOCALIZE[38023]</label>
			</control>
			
			<control type="label" id="10010">
				<left>2000</left>
				<label>-</label>
			</control>
			
			<control type="label">
				<description>User</description>
				<left>DialogMarginOffsetX</left>
				<top>58</top>
				<width>360</width>
				<align>center</align>
				<font>DefaultFont</font>
				<textcolor>ButtonColor</textcolor>
				<shadowcolor>ShadowColor</shadowcolor>
				<scroll>true</scroll>
				<label>[UPPERCASE]$INFO[Control.GetLabel(10010)][/UPPERCASE]</label>
			</control>
			
			<control type="label" id="10012">
				<description>Title</description>
				<left>DialogMarginOffsetX</left>
				<top>90</top>
				<width>360</width>
				<align>center</align>
				<font>ButtonFont2</font>
				<textcolor>ButtonColor</textcolor>
				<shadowcolor>ShadowColor</shadowcolor>
				<scroll>true</scroll>
				<label>-</label>
			</control>
			
			<control type="grouplist" id="9000">
				<left>DialogMarginOffsetX</left>
				<top>122</top>
				<width>360</width>
				<align>center</align>
				<itemgap>4</itemgap>
				<orientation>horizontal</orientation>
				<ondown>9001</ondown>
				<onup>9001</onup>
				<control type="button" id="11020">
					<description>0 Button</description>
					<onfocus>Control.SetFocus(11021)</onfocus>
					<visible allowhiddenfocus="true">false</visible>
				</control>
				<control type="button" id="11021">
					<description>1 Button</description>
					<include>UserRatingButton</include>
				</control>
				<control type="button" id="11022">
					<description>2 Button</description>
					<include>UserRatingButton</include>
				</control>
				<control type="button" id="11023">
					<description>3 Button</description>
					<include>UserRatingButton</include>
				</control>
				<control type="button" id="11024">
					<description>4 Button</description>
					<include>UserRatingButton</include>
				</control>
				<control type="button" id="11025">
					<description>5 Button</description>
					<include>UserRatingButton</include>
				</control>
				<control type="button" id="11026">
					<description>6 Button</description>
					<include>UserRatingButton</include>
				</control>
				<control type="button" id="11027">
					<description>7 Button</description>
					<include>UserRatingButton</include>
				</control>
				<control type="button" id="11028">
					<description>8 Button</description>
					<include>UserRatingButton</include>
				</control>
				<control type="button" id="11029">
					<description>9 Button</description>
					<include>UserRatingButton</include>
				</control>
				<control type="button" id="11030">
					<description>10 Button</description>
					<include>UserRatingButton</include>
				</control>
			</control>
			
			<control type="grouplist">
				<left>47</left>
				<top>122</top>
				<width>360</width>
				<itemgap>4</itemgap>
				<orientation>horizontal</orientation>
				<control type="image">
					<description>1 Button Active</description>
					<include>UserRatingImage</include>
					<visible>Control.HasFocus(11022) | Control.HasFocus(11023) | Control.HasFocus(11024) | Control.HasFocus(11025) | Control.HasFocus(11026) | Control.HasFocus(11027) | Control.HasFocus(11028) | Control.HasFocus(11029) | Control.HasFocus(11030)</visible>
				</control>
				<control type="image">
					<description>2 Button Active</description>
					<include>UserRatingImage</include>
					<visible>Control.HasFocus(11023) | Control.HasFocus(11024) | Control.HasFocus(11025) | Control.HasFocus(11026) | Control.HasFocus(11027) | Control.HasFocus(11028) | Control.HasFocus(11029) | Control.HasFocus(11030)</visible>
				</control>
				<control type="image">
					<description>3 Button Active</description>
					<include>UserRatingImage</include>
					<visible>Control.HasFocus(11024) | Control.HasFocus(11025) | Control.HasFocus(11026) | Control.HasFocus(11027) | Control.HasFocus(11028) | Control.HasFocus(11029) | Control.HasFocus(11030)</visible>
				</control>
				<control type="image">
					<description>4 Button Active</description>
					<include>UserRatingImage</include>
					<visible>Control.HasFocus(11025) | Control.HasFocus(11026) | Control.HasFocus(11027) | Control.HasFocus(11028) | Control.HasFocus(11029) | Control.HasFocus(11030)</visible>
				</control>
				<control type="image">
					<description>5 Button Active</description>
					<include>UserRatingImage</include>
					<visible>Control.HasFocus(11026) | Control.HasFocus(11027) | Control.HasFocus(11028) | Control.HasFocus(11029) | Control.HasFocus(11030)</visible>
				</control>
				<control type="image">
					<description>6 Button Active</description>
					<include>UserRatingImage</include>
					<visible>Control.HasFocus(11027) | Control.HasFocus(11028) | Control.HasFocus(11029) | Control.HasFocus(11030)</visible>
				</control>
				<control type="image">
					<description>7 Button Active</description>
					<include>UserRatingImage</include>
					<visible>Control.HasFocus(11028) | Control.HasFocus(11029) | Control.HasFocus(11030)</visible>
				</control>
				<control type="image">
					<description>8 Button Active</description>
					<include>UserRatingImage</include>
					<visible>Control.HasFocus(11029) | Control.HasFocus(11030)</visible>
				</control>
				<control type="image">
					<description>9 Button Active</description>
					<include>UserRatingImage</include>
					<visible>Control.HasFocus(11030)</visible>
				</control>
			</control>
			
			<control type="grouplist" id="9001">
				<top>167</top>
				<left>DialogMarginOffsetX</left>
				<width>360</width>
				<align>center</align>
				<itemgap>0</itemgap>
				<onup>9000</onup>
				<onleft>9000</onleft>
				<onright>9000</onright>
				<orientation>horizontal</orientation>
				<control type="button" id="9002">
					<description>Cancel Button</description>
					<include>DialogMenuBarBtn</include>
					<label>$LOCALIZE[222]</label>
					<onclick>back</onclick>
				</control>
				<control type="button" id="9003">
					<description>Clear Button</description>
					<include>DialogMenuBarBtn</include>
					<label>$LOCALIZE[192]</label>
					<onclick>SendClick(11020)</onclick>
				</control>
			</control>
		</control>
    </controls>
</window>