<?xml version="1.0" encoding="UTF-8"?>
<window id="40">
	<defaultcontrol always="true">500</defaultcontrol>
	<allowoverlay>yes</allowoverlay>
	<views>50,52,63,90,91,93</views>
	<onload condition="System.HasAddon(script.artistslideshow) + [Skin.HasSetting(UseFanartForMusicPlayingBG) | Skin.HasSetting(UseVisualizationAndFanartForMusicPlayingBG)] + Skin.HasSetting(EnableArtistFanartSlideshow)">RunScript(script.artistslideshow)</onload>
	
	<controls>
		<control type="group">	
			<include>BackgroundDefault</include>
			<include>BackgroundAddonsFanart</include>
			<include condition="!Skin.HasSetting(DisableVideoPlayingBG)">BackgroundVideoPlaying</include>
			<include condition="!Skin.HasSetting(DisableMusicPlayingBG)">BackgroundMusicPlaying</include>
			<include>BackgroundOpenCloseAnim</include>
		</control>
		
		<control type="group">
			<visible>!Window.IsActive(AddonInformation)</visible>
			<include>MediaInfoOpenCloseAnim</include>
			<include>IconView</include> <!-- 50 -->
			<include>ListView</include> <!-- 52 -->
			<include>AlbumThumbsView</include> <!-- 63 -->
			<include>AddonsWideListView</include> <!-- 90 -->
			<include>AddonsListInfoView</include> <!-- 91 -->
			<include>AddonsWrapListInfoView</include> <!-- 93 -->
		</control>
			
		<include condition="!Skin.HasSetting(EnableKioskMode)">MediaMenuBar</include>
		
		<control type="group">
			<description>Top Bar Area</description>
			<include>TopBarImage</include>
			<include>TopBarOpenCloseAnim</include>
			<include>BreadCrumbAddons</include>
			<include>Notifications</include>
			<visible>!Window.IsActive(AddonInformation)</visible>
		</control>
	</controls>
</window>