<?xml version="1.0" encoding="UTF-8"?>
<window type="dialog" id="980">
	<defaultcontrol always="true">981</defaultcontrol>
	<allowoverlay>no</allowoverlay>

	<coordinates>
		<system>1</system>
		<origin x="458" y="279">true</origin>
	</coordinates>	

	<controls>
		<control type="group">
			<include>DialogOpenCloseAnim</include>
			
			<control type="image">
				<width>364</width>
				<height>162</height>
				<texture border="50,50,50,75">panels/dialog-background2.png</texture>
			</control>
			
			<control type="grouplist" id="981">
				<top>32</top>
				<left>32</left>
				<width>300</width>
				<onright>986</onright>
				<onleft>986</onleft>
				<ondown>986</ondown>
				<onup>986</onup>
				<onfocus condition="Skin.String(DialogVideoInfoButtonMenu,director)">SetFocus(982)</onfocus>
				<onfocus condition="Skin.String(DialogVideoInfoButtonMenu,rating)">SetFocus(984)</onfocus>
				<itemgap>2</itemgap>
				<control type="button" id="982">
					<description>Show Related Movies and TV Shows</description>
					<label>$LOCALIZE[31301]</label>
					<onclick>Dialog.Close(980)</onclick>
					<onclick>SendClick(2003,13)</onclick>
					<width>300</width>
					<textwidth>290</textwidth>
					<include>ContextMenuBtn</include>
					<visible>Skin.String(DialogVideoInfoButtonMenu,director)</visible>
				</control>
				<control type="button" id="983">
					<description>Edit Database</description>
					<label>$LOCALIZE[21435] $LOCALIZE[15101]</label>
					<onclick>Dialog.Close(980)</onclick>
					<onclick condition="Container.Content(Movies)">RunScript(script.libraryeditor,DBID=$INFO[ListItem.DBID]&amp;tag=director&amp;type=Movie)</onclick>
					<onclick condition="Container.Content(Episodes)">RunScript(script.libraryeditor,DBID=$INFO[ListItem.DBID]&amp;tag=director&amp;type=Episode)</onclick>
					<onclick condition="Container.Content(musicvideos)">RunScript(script.libraryeditor,DBID=$INFO[ListItem.DBID]&amp;tag=director&amp;type=MusicVideo)</onclick>
					<width>300</width>
					<textwidth>290</textwidth>
					<include>ContextMenuBtn</include>
					<visible>Skin.String(DialogVideoInfoButtonMenu,director)</visible>
				</control>
				<control type="button" id="984">
					<description>Edit Rating</description>
					<label>$LOCALIZE[31975]</label>
					<onclick>Dialog.Close(980)</onclick>
					<onclick>RunScript(script.libraryeditor,DBID=$INFO[ListItem.DBID]&amp;tag=rating&amp;type=Movie)</onclick>
					<width>300</width>
					<textwidth>290</textwidth>
					<include>ContextMenuBtn</include>
					<visible>Skin.String(DialogVideoInfoButtonMenu,rating)</visible>
				</control>
				<control type="button" id="985">
					<description>Edit Top 250</description>
					<label>$LOCALIZE[31976]</label>
					<onclick>Dialog.Close(980)</onclick>
					<onclick>RunScript(script.libraryeditor,DBID=$INFO[ListItem.DBID]&amp;tag=top250&amp;type=Movie)</onclick>
					<width>300</width>
					<textwidth>290</textwidth>
					<include>ContextMenuBtn</include>
					<visible>Skin.String(DialogVideoInfoButtonMenu,rating)</visible>
				</control>
			</control>			
			
			<control type="button">
				<left>302</left>
				<include>DialogCloseBtn</include>
			</control>
			
			<control type="button" id="986">
				<description>Close</description>
				<left>97</left>
				<top>110</top>
				<include>DialogMenuBarBtn</include>
				<label>$LOCALIZE[222]</label>
				<onclick>Dialog.Close(980)</onclick>
				<onup condition="Skin.String(DialogVideoInfoButtonMenu,director)">983</onup>
				<onup condition="Skin.String(DialogVideoInfoButtonMenu,rating)">985</onup>
				<ondown condition="Skin.String(DialogVideoInfoButtonMenu,director)">982</ondown>
				<ondown condition="Skin.String(DialogVideoInfoButtonMenu,rating)">984</ondown>
				<onleft>981</onleft>
				<onright>981</onright>
			</control>
		</control>		
	</controls>	
</window>