<?xml version="1.0" encoding="UTF-8"?>
<includes>
	<variable name="PVRBreadCrumbLabel">
		<value condition="Window.IsVisible(TVChannels) | Window.IsVisible(RadioChannels)">$LOCALIZE[19019]</value>
		<value condition="Window.IsVisible(TVGuide) | Window.IsVisible(RadioGuide)">$LOCALIZE[22020]</value>
		<value condition="Window.IsVisible(TVRecordings) | Window.IsVisible(RadioRecordings)">$LOCALIZE[19017]</value>
		<value condition="Window.IsVisible(TVSearch) | Window.IsVisible(RadioSearch)">$LOCALIZE[137]</value>
		<value condition="Window.IsVisible(TVTimers) | Window.IsVisible(RadioTimers)">$LOCALIZE[19040]</value>
		<value condition="Window.IsVisible(TVTimerRules) | Window.IsVisible(RadioTimerRules)">$LOCALIZE[19138]</value>
	</variable>
	
	<variable name="MusicLibraryBreadCrumbsLabel">
		<value condition="[String.Contains(Container.FolderPath,musicdb://albums/) | Container.Content(Songs) | String.EndsWith(Container.FolderPath,/-1/)] + ![String.IsEqual(Container.FolderPath,musicdb://singles/) | String.IsEqual(Container.FolderPath,musicdb://songs/) | String.IsEqual(Container.FolderPath,musicdb://top100/songs/) | String.EndsWith(Container.FolderPath,.m3u)]">$LOCALIZE[132]</value>
		<value condition="String.Contains(Container.FolderPath,musicdb://songs/) + !String.EndsWith(Container.FolderPath,.m3u)">$LOCALIZE[134]</value>
		<value condition="String.IsEqual(Container.FolderPath,musicdb://artists/) | [Container.Content(Albums) + [String.Contains(Container.FolderPath,musicdb://genres/) | String.Contains(Container.FolderPath,musicdb://artists/)]]">$LOCALIZE[133]</value>
		<value condition="String.Contains(Container.FolderPath,videodb://musicvideos/)">$LOCALIZE[20389]</value>
		<value condition="Container.Content(Addons) | String.Contains(Container.FolderPath,plugin:)">$LOCALIZE[24001]</value>
		<value condition="!Container.Content(Albums) + !Container.Content(Songs) + String.Contains(Container.FolderPath,musicdb://genres/)">$LOCALIZE[135]</value>
		<value condition="!Container.Content(Songs) + String.Contains(Container.FolderPath,musicdb://years/) + !String.EndsWith(Container.FolderPath,/-1/)">$LOCALIZE[652]</value>
		<value condition="String.IsEqual(Container.FolderPath,musicdb://top100/) | String.IsEqual(Container.FolderPath,musicdb://top100/albums/-1/)">$LOCALIZE[271]</value>
		<value condition="String.IsEqual(Container.FolderPath,musicdb://recentlyaddedalbums/)">$LOCALIZE[359]</value>
		<value condition="String.IsEqual(Container.FolderPath,musicdb://recentlyplayedalbums/)">$LOCALIZE[517]</value>
		<value condition="String.IsEqual(Container.FolderPath,musicdb://compilations/)">$LOCALIZE[521]</value>
		<value condition="String.Contains(Container.FolderPath,musicdb://singles/)">$LOCALIZE[1050]</value>
		<value condition="String.IsEqual(Container.FolderPath,special://musicplaylists/) | String.EndsWith(Container.FolderPath,.m3u)">$LOCALIZE[136]</value>
	</variable>
	
	<variable name="BreadCrumbSettingsLabel">
		<value condition="Window.IsVisible(InterfaceSettings)">$LOCALIZE[14206]</value>
		<value condition="Window.IsVisible(SkinSettings)">$LOCALIZE[166]</value>
		<value condition="Window.IsVisible(PlayerSettings)">$LOCALIZE[14200]</value>
		<value condition="Window.IsVisible(LibrarySettings)">$LOCALIZE[14202]</value>
		<value condition="Window.IsVisible(PVRSettings)">$LOCALIZE[31909]</value>
		<value condition="Window.IsVisible(ServiceSettings)">$LOCALIZE[14036]</value>
		<value condition="Window.IsVisible(SystemSettings)">$LOCALIZE[13000]</value>
		<value condition="Window.IsVisible(Profiles)">$LOCALIZE[13200]</value>
	</variable>
	
	<include name="BreadCrumbHomeIcon">	
		<top>12</top>
		<width>20</width>
		<height>20</height>
		<hitrect x="-20" y="-20" w="60" h="60"/>
		<texturenofocus>gui/breadcrumb-home-nofocus.png</texturenofocus>
		<texturefocus>gui/breadcrumb-home-focus.png</texturefocus>
		<onright condition="Window.IsActive(MovieInformation) | Window.IsActive(AddonInformation) | Window.IsActive(musicinformation) | Window.IsActive(songinformation) | Window.IsActive(script-ExtendedInfo Script-DialogInfo.xml) | Window.IsActive(script-ExtendedInfo Script-DialogVideoInfo.xml) | Window.IsActive(script-ExtendedInfo Script-VideoList.xml) | Window.IsActive(script-ExtendedInfo Script-YoutubeList.xml)">987</onright>
		<onright condition="![Window.IsActive(MovieInformation) | Window.IsActive(AddonInformation) | Window.IsActive(musicinformation) | Window.IsActive(songinformation) | Window.IsActive(script-ExtendedInfo Script-DialogInfo.xml) | Window.IsActive(script-ExtendedInfo Script-DialogVideoInfo.xml) | Window.IsActive(script-ExtendedInfo Script-VideoList.xml) | Window.IsActive(script-ExtendedInfo Script-YoutubeList.xml)]">850</onright>
		<ondown condition="Window.IsActive(MovieInformation) | Window.IsActive(AddonInformation) | Window.IsActive(musicinformation) | Window.IsActive(songinformation) | Window.IsActive(script-ExtendedInfo Script-DialogInfo.xml) | Window.IsActive(script-ExtendedInfo Script-DialogVideoInfo.xml) | Window.IsActive(script-ExtendedInfo Script-VideoList.xml) | Window.IsActive(script-ExtendedInfo Script-YoutubeList.xml)">987</ondown>
		<ondown condition="![Window.IsActive(MovieInformation) | Window.IsActive(AddonInformation) | Window.IsActive(musicinformation) | Window.IsActive(songinformation) | Window.IsActive(script-ExtendedInfo Script-DialogInfo.xml) | Window.IsActive(script-ExtendedInfo Script-DialogVideoInfo.xml) | Window.IsActive(script-ExtendedInfo Script-VideoList.xml) | Window.IsActive(script-ExtendedInfo Script-YoutubeList.xml)]">850</ondown>
		<onclick>Dialog.Close(all,true)</onclick>
		<onclick>ActivateWindow(Home)</onclick>
		<animation type="Conditional" condition="![Container.Scrolling | Container(584).Scrolling | [Window.IsActive(script-globalsearch-main.xml) + [Container(221).Scrolling | Container(111).Scrolling | Container(211).Scrolling | Container(121).Scrolling | Container(131).Scrolling | Container(141).Scrolling | Container(151).Scrolling | Container(161).Scrolling | Container(171).Scrolling | Container(181).Scrolling]]]">
			<effect type="fade" start="0" end="100" time="300" delay="1100"/>
			<effect type="slide" start="-60,0" time="400" tween="cubic" easing="out" delay="1100"/>	
		</animation>		
		<animation type="Conditional" condition="Container.Scrolling | Container(584).Scrolling | [Window.IsActive(script-globalsearch-main.xml) + [Container(221).Scrolling | Container(111).Scrolling | Container(211).Scrolling | Container(121).Scrolling | Container(131).Scrolling | Container(141).Scrolling | Container(151).Scrolling | Container(161).Scrolling | Container(171).Scrolling | Container(181).Scrolling]]">
			<effect type="fade" start="100" end="0" time="300"/>
			<effect type="slide" end="-60,0" time="400" tween="cubic" easing="out"/>	
		</animation>
	</include>
	
	<include name="BreadCrumbSeparator">
		<top>10</top>
		<width>12</width>
		<height>23</height>
		<texture>gui/breadcrumb-separator.png</texture>
		<aspectratio>stretch</aspectratio>
		<animation effect="fade" end="35" condition="true">conditional</animation>
	</include>
	
	<include name="BreadCrumbLabel">
	    <width min="10" max="350">auto</width>
		<height>43</height>
		<font>BreadCrumbFont</font>
		<textcolor>BreadCrumbColor</textcolor>
		<aligny>center</aligny>
		<scroll>false</scroll>
	</include>
	
	<include name="BreadCrumbVideoLibrary">	
		<control type="grouplist">
			<left>10</left>
			<top>StatusBartop</top>
			<height>43</height>
			<width>740</width>
			<itemgap>8</itemgap>
			<orientation>horizontal</orientation>
			<usecontrolcoords>true</usecontrolcoords>
			<visible>!Window.IsActive(MovieInformation)</visible>
			<control type="button" id="555">
				<include>BreadCrumbHomeIcon</include>
				<include>BreadCrumbSlideLvl1Anim</include>
			</control>
			<control type="image">
				<include>BreadCrumbSeparator</include>
				<include>BreadCrumbSlideLvl1Anim</include>
			</control>
			<control type="label" id="5501">
				<description>Videos</description>
				<include>BreadCrumbLabel</include>
				<label>[UPPERCASE][B]$LOCALIZE[3][/B][/UPPERCASE]</label>
				<visible>String.IsEqual(Container.FolderPath,sources://video/) | String.IsEmpty(Container.FolderPath) | Container.Content(Files) | Container.Content(Addons) | String.Contains(Container.FolderPath,plugin:)
				| [String.EndsWith(Container.FolderPath,.xsp) + !String.StartsWith(Container.FolderPath,special://skin/extras/playlists/)]</visible>
				<include>BreadCrumbSlideLvl2Anim</include>
			</control>		
			<control type="label" id="5502">
				<description>Movies</description>
				<include>BreadCrumbLabel</include>
				<label>[UPPERCASE][B]$LOCALIZE[20342][/B][/UPPERCASE]</label>
				<visible>String.Contains(Container.FolderPath,videodb://movies/) + ![String.EndsWith(Container.FolderPath,.xsp) | String.Contains(Container.FolderPath,plugin:)]</visible>
				<include>BreadCrumbSlideLvl2Anim</include>
			</control>			
			<control type="label" id="5503">
				<description>TV Shows</description>
				<include>BreadCrumbLabel</include>
				<label>[UPPERCASE][B]$LOCALIZE[20343][/B][/UPPERCASE]</label>
				<visible>String.Contains(Container.FolderPath,videodb://tvshows/) + ![String.EndsWith(Container.FolderPath,.xsp) | String.Contains(Container.FolderPath,plugin:)]</visible>
				<include>BreadCrumbSlideLvl2Anim</include>
			</control>		
			<control type="label" id="5504">
				<description>Music Videos</description>
				<include>BreadCrumbLabel</include>
				<label>[UPPERCASE][B]$LOCALIZE[20389][/B][/UPPERCASE]</label>
				<visible>String.Contains(Container.FolderPath,videodb://musicvideos/) + ![String.EndsWith(Container.FolderPath,.xsp) | String.Contains(Container.FolderPath,plugin:)]</visible>
				<include>BreadCrumbSlideLvl2Anim</include>
			</control>
			<control type="image">
				<include>BreadCrumbSeparator</include>
				<include>BreadCrumbSlideLvl2Anim</include>
				<visible>Control.IsVisible(5501) | Control.IsVisible(5502) | Control.IsVisible(5503) | Control.IsVisible(5504)</visible>
			</control>
			<control type="label" id="5505">
				<description>Files</description>
				<include>BreadCrumbLabel</include>
				<label>[UPPERCASE][B]$LOCALIZE[1214][/B][/UPPERCASE]</label>
				<visible>[String.IsEqual(Container.FolderPath,sources://video/) | Container.Content(Videos,Files)] + ![String.IsEmpty(Container.FolderPath) | String.Contains(Container.FolderPath,special://videoplaylists/)
				| String.Contains(Container.FolderPath,plugin:)]</visible>
				<include>BreadCrumbSlideLvl3Anim</include>
			</control>	
			<control type="label" id="5524">
				<description>Library</description>
				<include>BreadCrumbLabel</include>
				<label>[UPPERCASE][B]$LOCALIZE[14022][/B][/UPPERCASE]</label>
				<visible>String.EndsWith(Container.FolderPath,videodb://movies/) | String.EndsWith(Container.FolderPath,videodb://tvshows/) | String.IsEmpty(Container.FolderPath)</visible>
				<include>BreadCrumbSlideLvl3Anim</include>
			</control>
			<control type="label" id="5506">
				<description>Playlists</description>
				<include>BreadCrumbLabel</include>
				<label>[UPPERCASE][B]$LOCALIZE[136][/B][/UPPERCASE]</label>
				<visible>[Window.IsActive(videoplaylist) | String.Contains(Container.FolderPath,.xsp) | String.Contains(Container.FolderPath,special://videoplaylists/)] + !String.StartsWith(Container.FolderPath,special://skin/extras/playlists/)</visible>
				<include>BreadCrumbSlideLvl3Anim</include>
			</control>
			<control type="label" id="5507">
				<description>Add-ons</description>
				<include>BreadCrumbLabel</include>
				<label>[UPPERCASE][B]$LOCALIZE[24001][/B][/UPPERCASE]</label>
				<visible>Container.Content(Addons) | String.Contains(Container.FolderPath,plugin:)</visible>
				<include>BreadCrumbSlideLvl3Anim</include>
			</control>
			<control type="label" id="5508">
				<description>Genres</description>
				<include>BreadCrumbLabel</include>
				<label>[UPPERCASE][B]$LOCALIZE[135][/B][/UPPERCASE]</label>
				<visible>!Container.Content(Episodes) + !Container.Content(Seasons) + [String.Contains(Container.FolderPath,videodb://movies/genres/) | String.Contains(Container.FolderPath,videodb://tvshows/genres/) | String.Contains(Container.FolderPath,videodb://musicvideos/genres/)]</visible>
				<include>BreadCrumbSlideLvl3Anim</include>
			</control>
			<control type="label" id="5509">
				<description>Years</description>
				<include>BreadCrumbLabel</include>
				<label>[UPPERCASE][B]$LOCALIZE[652][/B][/UPPERCASE]</label>
				<visible>!Container.Content(Episodes) + [String.Contains(Container.FolderPath,videodb://movies/years/) | String.Contains(Container.FolderPath,videodb://tvshows/years/) | String.Contains(Container.FolderPath,videodb://musicvideos/years/)]</visible>
				<include>BreadCrumbSlideLvl3Anim</include>
			</control>			
			<control type="label" id="5510">
				<description>Actors</description>
				<include>BreadCrumbLabel</include>
				<label>[UPPERCASE][B]$LOCALIZE[344][/B][/UPPERCASE]</label>
				<visible>!Container.Content(Episodes) + [String.Contains(Container.FolderPath,videodb://movies/actors/) | String.Contains(Container.FolderPath,videodb://tvshows/actors/)]</visible>
				<include>BreadCrumbSlideLvl3Anim</include>
			</control>			
			<control type="label" id="5511">
				<description>Artists</description>
				<include>BreadCrumbLabel</include>
				<label>[UPPERCASE][B]$LOCALIZE[133][/B][/UPPERCASE]</label>
				<visible>String.Contains(Container.FolderPath,videodb://musicvideos/artists/)</visible>
				<include>BreadCrumbSlideLvl3Anim</include>
			</control>			
			<control type="label" id="5512">
				<description>Albums</description>
				<include>BreadCrumbLabel</include>
				<label>[UPPERCASE][B]$LOCALIZE[132][/B][/UPPERCASE]</label>
				<visible>String.Contains(Container.FolderPath,videodb://musicvideos/albums/)</visible>
				<include>BreadCrumbSlideLvl3Anim</include>
			</control>			
			<control type="label" id="5513">
				<description>Directors</description>
				<include>BreadCrumbLabel</include>
				<label>[UPPERCASE][B]$LOCALIZE[20348][/B][/UPPERCASE]</label>
				<visible>String.Contains(Container.FolderPath,videodb://movies/directors/) | String.Contains(Container.FolderPath,videodb://musicvideos/directors/)</visible>
				<include>BreadCrumbSlideLvl3Anim</include>
			</control>			
			<control type="label" id="5514">
				<description>Studios</description>
				<include>BreadCrumbLabel</include>
				<label>[UPPERCASE][B]$LOCALIZE[20388][/B][/UPPERCASE]</label>
				<visible>!Container.Content(Episodes) + [String.Contains(Container.FolderPath,videodb://movies/studios/) | String.Contains(Container.FolderPath,videodb://tvshows/studios/) | String.Contains(Container.FolderPath,videodb://musicvideos/studios/)]</visible>
				<include>BreadCrumbSlideLvl3Anim</include>
			</control>
			<control type="label" id="5515">
				<description>Countries</description>
				<include>BreadCrumbLabel</include>
				<label>[UPPERCASE][B]$LOCALIZE[20451][/B][/UPPERCASE]</label>
				<visible>String.Contains(Container.FolderPath,videodb://movies/countries/)</visible>
				<include>BreadCrumbSlideLvl3Anim</include>
			</control>
			<control type="label" id="5516">
				<description>Recently Added Movies</description>
				<include>BreadCrumbLabel</include>
				<label>[UPPERCASE][B]$LOCALIZE[20386][/B][/UPPERCASE]</label>
				<visible>String.IsEqual(Container.FolderPath,videodb://recentlyaddedmovies/)</visible>
				<include>BreadCrumbSlideLvl3Anim</include>
			</control>
			<control type="label" id="5517">
				<description>Recently Added Episodes</description>
				<include>BreadCrumbLabel</include>
				<label>[UPPERCASE][B]$LOCALIZE[20387][/B][/UPPERCASE]</label>
				<visible>String.IsEqual(Container.FolderPath,videodb://recentlyaddedepisodes/)</visible>
				<include>BreadCrumbSlideLvl3Anim</include>
			</control>
			<control type="label" id="5518">
				<description>Recently Added Music Videos</description>
				<include>BreadCrumbLabel</include>
				<label>[UPPERCASE][B]$LOCALIZE[20390][/B][/UPPERCASE]</label>
				<visible>String.IsEqual(Container.FolderPath,videodb://recentlyaddedmusicvideos/)</visible>
				<include>BreadCrumbSlideLvl3Anim</include>
			</control>
			<control type="label" id="5521">
				<description>Movie Tags</description>
				<include>BreadCrumbLabel</include>
				<label>[UPPERCASE][B]$LOCALIZE[31907][/B][/UPPERCASE]</label>
				<visible>String.Contains(Container.FolderPath,videodb://movies/tags/)</visible>
				<include>BreadCrumbSlideLvl3Anim</include>
			</control>
			<control type="label" id="5523">
				<description>Movie Sets</description>
				<include>BreadCrumbLabel</include>
				<label>[UPPERCASE][B]$LOCALIZE[20434][/B][/UPPERCASE]</label>
				<visible>Container.Content(Sets)</visible>
				<include>BreadCrumbSlideLvl3Anim</include>
			</control>
			<control type="image">
				<include>BreadCrumbSeparator</include>
				<include>BreadCrumbSlideLvl3Anim</include>
				<visible>Control.IsVisible(5505) | Control.IsVisible(5506) | Control.IsVisible(5507) | Control.IsVisible(5508) | Control.IsVisible(5509) | Control.IsVisible(5510) | Control.IsVisible(5511) | Control.IsVisible(5512) | Control.IsVisible(5513) |
				Control.IsVisible(5514) | Control.IsVisible(5515) | Control.IsVisible(5516) | Control.IsVisible(5517) | Control.IsVisible(5518) | Control.IsVisible(5521) | Control.IsVisible(5523) | Control.IsVisible(5524)</visible>
			</control>
			<control type="label" id="5522">
				<description>Folder</description>
				<include>BreadCrumbLabel</include>
				<label>[UPPERCASE][B]$INFO[Container.FolderName][/B][/UPPERCASE]</label>
				<visible>!Container.Content(Episodes) | !Container.Content(Seasons) | [Container.Content(Episodes) + String.Contains(Container.FolderPath,plugin:)] | [Container.Content(Seasons) + String.Contains(Container.FolderPath,plugin:)]</visible>
				<visible>[!Container.Content(Genres) + [String.Contains(Container.FolderPath,videodb://movies/genres/) | [String.Contains(Container.FolderPath,videodb://tvshows/genres/) + Container.Content(TVShows)] | String.Contains(Container.FolderPath,videodb://musicvideos/genres/)]]
				| [!Container.Content(Years) + [String.Contains(Container.FolderPath,videodb://movies/years/) | [String.Contains(Container.FolderPath,videodb://tvshows/years/) + Container.Content(TVShows)] | String.Contains(Container.FolderPath,videodb://musicvideos/years/)]]
				| [!Container.Content(Actors) + [String.Contains(Container.FolderPath,videodb://movies/actors/) | [String.Contains(Container.FolderPath,videodb://tvshows/actors/) + Container.Content(TVShows)]]]
				| [!Container.Content(Directors) + [String.Contains(Container.FolderPath,videodb://movies/directors/) | String.Contains(Container.FolderPath,videodb://musicvideos/directors/)]]
				| [!Container.Content(Studios) + [String.Contains(Container.FolderPath,videodb://movies/studios/) | [String.Contains(Container.FolderPath,videodb://tvshows/studios/) + Container.Content(TVShows)] | String.Contains(Container.FolderPath,videodb://musicvideos/studios/)]]
				| [!Container.Content(Countries) + String.Contains(Container.FolderPath,videodb://movies/countries/)]
				| [!Container.Content(Artists) + String.Contains(Container.FolderPath,videodb://musicvideos/artists/)]
				| [!Container.Content(Albums) + String.Contains(Container.FolderPath,videodb://musicvideos/albums/)]
				| [Container.Content(Files) + ![String.IsEmpty(Container.FolderPath) | String.IsEqual(Container.FolderPath,sources://video/)
				| String.IsEqual(Container.FolderPath,special://videoplaylists/) | String.Contains(Container.FolderPath,plugin:)]]
				| String.EndsWith(Container.FolderPath,.xsp) | String.Contains(Container.FolderPath,plugin:)</visible>
				<include>BreadCrumbSlideLvl4Anim</include>
			</control>
			<control type="image">
				<include>BreadCrumbSeparator</include>
				<visible>Control.IsVisible(5522)</visible>
				<include>BreadCrumbSlideLvl4Anim</include>
			</control>
			<control type="label" id="5519">
				<description>TV Show Title</description>
				<include>BreadCrumbLabel</include>
				<label>[UPPERCASE][B]$INFO[Container.ShowTitle][/UPPERCASE][/B]</label>
				<visible>!String.IsEqual(Container.FolderPath,videodb://recentlyaddedepisodes/) + !String.Contains(Container.FolderPath,plugin:) + [Container.Content(Seasons) | Container.Content(Episodes)]</visible>
				<include>BreadCrumbSlideLvl3Anim</include>
			</control>
			<control type="label" id="5520">
				<description>Movie / TV Show Title</description>
				<include>BreadCrumbLabel</include>
				<label>[UPPERCASE][B]$INFO[ListItem.Label][/UPPERCASE][/B]</label>
				<visible>[Skin.HasSetting(DisplayMovieTitle) + ![Control.IsVisible(582) + [Control.HasFocus(581) | Control.HasFocus(907)]] + [Container.Content(Movies) | Container.Content(Sets)]] | [Skin.HasSetting(DisplayTVShowsTitle) + Container.Content(TVShows)]</visible>
				<include>BreadCrumbSlideLvl3Anim</include>
			</control>
			<control type="label" id="5527">
				<description>Movie Title</description>
				<include>BreadCrumbLabel</include>
				<label>[UPPERCASE][B]$INFO[Container(581).ListItem.Title][/UPPERCASE][/B]</label>
				<visible>Skin.HasSetting(DisplayMovieTitle) + Control.IsVisible(582) + [Control.HasFocus(581) | Control.HasFocus(907)] + [Container.Content(Movies) | Container.Content(Sets)]</visible>
				<include>BreadCrumbSlideLvl3Anim</include>
			</control>
			<control type="label" id="5525">
				<description>Music Video Artist</description>
				<include>BreadCrumbLabel</include>
				<label>[UPPERCASE][B]$INFO[ListItem.Artist][/UPPERCASE][/B]</label>
				<visible>Skin.HasSetting(DisplayMusicVideosArtist) + Container.Content(MusicVideos)</visible>
				<include>BreadCrumbSlideLvl3Anim</include>
			</control>
			<control type="image">
				<include>BreadCrumbSeparator</include>
				<visible>Control.IsVisible(5519) | Control.IsVisible(5520) | Control.IsVisible(5525) | Control.IsVisible(5527)</visible>
				<include>BreadCrumbSlideLvl4Anim</include>
			</control>		
		</control>
	</include>
	
	<include name="BreadCrumbVideoPlaylist">
		<control type="grouplist">
			<left>10</left>
			<top>StatusBartop</top>
			<height>43</height>
			<width>740</width>
			<itemgap>8</itemgap>
			<orientation>horizontal</orientation>
			<usecontrolcoords>true</usecontrolcoords>
			<visible>!Window.IsActive(MovieInformation)</visible>
			<control type="button" id="555">
				<include>BreadCrumbHomeIcon</include>
				<include>BreadCrumbSlideLvl1Anim</include>
			</control>
			<control type="image">
				<include>BreadCrumbSeparator</include>
				<include>BreadCrumbSlideLvl1Anim</include>
			</control>
			<control type="label" id="5501">
				<description>Videos</description>
				<include>BreadCrumbLabel</include>
				<label>[UPPERCASE][B]$LOCALIZE[3][/B][/UPPERCASE]</label>
				<include>BreadCrumbSlideLvl2Anim</include>
			</control>
			<control type="image">
				<include>BreadCrumbSeparator</include>
				<include>BreadCrumbSlideLvl2Anim</include>
			</control>
			<control type="label" id="5502">
				<description>Now Playing</description>
				<include>BreadCrumbLabel</include>
				<label>[UPPERCASE][B]$LOCALIZE[13350][/B][/UPPERCASE]</label>
				<include>BreadCrumbSlideLvl3Anim</include>
			</control>
			<control type="image">
				<include>BreadCrumbSeparator</include>
				<include>BreadCrumbSlideLvl3Anim</include>
			</control>
		</control>
	</include>
			
	<include name="BreadCrumbMusicLibrary">
		<control type="grouplist">
			<left>10</left>
			<top>StatusBartop</top>
			<height>43</height>
			<width>740</width>
			<itemgap>8</itemgap>
			<orientation>horizontal</orientation>
			<usecontrolcoords>true</usecontrolcoords>
			<visible>![Window.IsActive(musicinformation) | Window.IsActive(songinformation) | Window.IsActive(MovieInformation)]</visible>
			<control type="button" id="555">
				<include>BreadCrumbHomeIcon</include>
				<include>BreadCrumbSlideLvl1Anim</include>
			</control>
			<control type="image">
				<include>BreadCrumbSeparator</include>
				<include>BreadCrumbSlideLvl1Anim</include>
			</control>		
			<control type="label" id="5501">
				<description>Music</description>
				<include>BreadCrumbLabel</include>
				<label>[UPPERCASE][B]$LOCALIZE[2][/B][/UPPERCASE]</label>
				<visible>String.IsEmpty(Container.FolderPath) | Window.IsActive(MusicLibrary) | String.Contains(Container.FolderPath,musicdb://) | String.IsEqual(Container.FolderPath,special://musicplaylists/) | String.EndsWith(Container.FolderPath,.m3u)
				| Container.Content(Addons) | String.Contains(Container.FolderPath,plugin:)</visible>
				<include>BreadCrumbSlideLvl2Anim</include>
			</control>
			<control type="image">
				<include>BreadCrumbSeparator</include>
				<include>BreadCrumbSlideLvl2Anim</include>
			</control>
			<control type="label" id="5502">
				<description>BreadCrumb Label</description>
				<include>BreadCrumbLabel</include>
				<label>[UPPERCASE][B]$VAR[MusicLibraryBreadCrumbsLabel][/B][/UPPERCASE]</label>
				<include>BreadCrumbSlideLvl3Anim</include>
				<visible>[[String.Contains(Container.FolderPath,musicdb://albums/) | Container.Content(Songs) | String.EndsWith(Container.FolderPath,/-1/)] + ![String.IsEqual(Container.FolderPath,musicdb://singles/) | String.IsEqual(Container.FolderPath,musicdb://songs/) | String.IsEqual(Container.FolderPath,musicdb://top100/songs/) | String.EndsWith(Container.FolderPath,.m3u) | String.StartsWith(Container.FolderPath,special://skin/extras/playlists/)]] | [String.Contains(Container.FolderPath,musicdb://songs/) + !String.EndsWith(Container.FolderPath,.m3u)] | [String.IsEqual(Container.FolderPath,musicdb://artists/)	| [Container.Content(Albums) + [String.Contains(Container.FolderPath,musicdb://genres/) | String.Contains(Container.FolderPath,musicdb://artists/)]]] | String.Contains(Container.FolderPath,videodb://musicvideos/)
				| [Container.Content(Addons) | String.Contains(Container.FolderPath,plugin:)] | [!Container.Content(Albums) + !Container.Content(Songs) + String.Contains(Container.FolderPath,musicdb://genres/)] | [!Container.Content(Songs) + String.Contains(Container.FolderPath,musicdb://years/) + !String.EndsWith(Container.FolderPath,/-1/)] | [String.IsEqual(Container.FolderPath,musicdb://top100/) | String.IsEqual(Container.FolderPath,musicdb://top100/albums/-1/)]
				| String.IsEqual(Container.FolderPath,musicdb://recentlyaddedalbums/) | String.IsEqual(Container.FolderPath,musicdb://recentlyplayedalbums/) | String.IsEqual(Container.FolderPath,musicdb://compilations/)
				| String.Contains(Container.FolderPath,musicdb://singles/) | [String.IsEqual(Container.FolderPath,special://musicplaylists/) | String.EndsWith(Container.FolderPath,.m3u)]</visible>
			</control>
			<control type="image">
				<include>BreadCrumbSeparator</include>
				<visible>Control.IsVisible(5502)</visible>
				<include>BreadCrumbSlideLvl3Anim</include>
			</control>
			<control type="label" id="5514">
				<description>Folder</description>
				<include>BreadCrumbLabel</include>
				<label>[UPPERCASE][B]$INFO[Container.FolderName][/B][/UPPERCASE]</label>
				<visible>[!Container.Content(Genres) + String.Contains(Container.FolderPath,musicdb://genres/)]
				| [!Container.Content(Artists) + String.Contains(Container.FolderPath,musicdb://artists/)]
				| [!Container.Content(Albums) + String.Contains(Container.FolderPath,musicdb://albums/)]
				| [!Container.Content(Years) + String.Contains(Container.FolderPath,musicdb://years/)]
				| [!Container.Content(Albums) + [String.Contains(Container.FolderPath,musicdb://recentlyaddedalbums/) | String.Contains(Container.FolderPath,musicdb://recentlyplayedalbums/) | String.Contains(Container.FolderPath,musicdb://compilations/)]]
				| [String.Contains(Container.FolderPath,musicdb://top100/) + [Container.Content(Songs) | Container.Content(Albums)]]
				| String.EndsWith(Container.FolderPath,.m3u) | String.Contains(Container.FolderPath,plugin:)				
				| [Window.IsActive(MusicLibrary) + ![String.IsEmpty(Container.FolderPath) | String.IsEqual(Container.FolderPath,sources://audio/) | String.Contains(Container.FolderPath,musicdb://)
				| String.IsEqual(Container.FolderPath,special://musicplaylists/) | Container.Content(Addons)]]</visible>
				<include>BreadCrumbSlideLvl4Anim</include>
			</control>
			<control type="image">
				<include>BreadCrumbSeparator</include>
				<visible>Control.IsVisible(5514)</visible>
				<include>BreadCrumbSlideLvl4Anim</include>
			</control>
			<control type="label" id="5526">
				<description>Music Library Label</description>
				<include>BreadCrumbLabel</include>
				<label>[UPPERCASE][B]$INFO[ListItem.Label][/UPPERCASE][/B]</label>
				<visible>Skin.HasSetting(DisplayMusicLibraryTitle) + Window.IsActive(MusicLibrary) + !String.IsEmpty(ListItem.Artist)</visible>
				<include>BreadCrumbSlideLvl3Anim</include>
			</control>
			<control type="image">
				<include>BreadCrumbSeparator</include>
				<visible>Control.IsVisible(5526)</visible>
				<include>BreadCrumbSlideLvl4Anim</include>
			</control>	
		</control>	
	</include>
	
	<include name="BreadCrumbMusicPlaylist">	
		<control type="grouplist">
			<left>10</left>
			<top>StatusBartop</top>
			<height>43</height>
			<width>740</width>
			<itemgap>8</itemgap>
			<orientation>horizontal</orientation>
			<usecontrolcoords>true</usecontrolcoords>
			<visible>!Window.IsActive(musicinformation) + !Window.IsActive(songinformation) + !Window.IsActive(MovieInformation)</visible>
			<control type="button" id="555">
				<include>BreadCrumbHomeIcon</include>
				<include>BreadCrumbSlideLvl1Anim</include>
			</control>
			<control type="image">
				<include>BreadCrumbSeparator</include>
				<include>BreadCrumbSlideLvl1Anim</include>
			</control>
			<control type="label" id="5501">
				<description>Music</description>
				<include>BreadCrumbLabel</include>
				<label>[UPPERCASE][B]$LOCALIZE[2][/B][/UPPERCASE]</label>
				<include>BreadCrumbSlideLvl2Anim</include>
			</control>
			<control type="image">
				<include>BreadCrumbSeparator</include>
				<include>BreadCrumbSlideLvl2Anim</include>
			</control>
			<control type="label" id="5502">
				<description>Now Playing</description>
				<include>BreadCrumbLabel</include>
				<label>[UPPERCASE][B]$LOCALIZE[13350][/B][/UPPERCASE]</label>
				<include>BreadCrumbSlideLvl3Anim</include>
			</control>
			<control type="image">
				<include>BreadCrumbSeparator</include>
				<include>BreadCrumbSlideLvl3Anim</include>
			</control>
		</control>
	</include>
	
	<include name="BreadCrumbMusicPlaylistEditor">
		<control type="grouplist">
			<left>10</left>
			<top>StatusBartop</top>
			<height>43</height>
			<width>740</width>
			<itemgap>8</itemgap>
			<orientation>horizontal</orientation>
			<usecontrolcoords>true</usecontrolcoords>
			<control type="button" id="555">
				<include>BreadCrumbHomeIcon</include>
				<include>BreadCrumbSlideLvl1Anim</include>
			</control>
			<control type="image">
				<include>BreadCrumbSeparator</include>
				<include>BreadCrumbSlideLvl1Anim</include>
			</control>
			<control type="label" id="5501">
				<description>Music</description>
				<include>BreadCrumbLabel</include>
				<label>[UPPERCASE][B]$LOCALIZE[2][/B][/UPPERCASE]</label>
				<include>BreadCrumbSlideLvl2Anim</include>
			</control>
			<control type="image">
				<include>BreadCrumbSeparator</include>
				<include>BreadCrumbSlideLvl2Anim</include>
			</control>
			<control type="label" id="5502">
				<description>Playlist Editor</description>
				<include>BreadCrumbLabel</include>
				<label>[UPPERCASE][B]$LOCALIZE[10503][/B][/UPPERCASE]</label>	
				<include>BreadCrumbSlideLvl3Anim</include>
			</control>	
			<control type="image">
				<include>BreadCrumbSeparator</include>
				<include>BreadCrumbSlideLvl3Anim</include>
			</control>
		</control>
	</include>
	
	<include name="BreadCrumbPictures">
		<control type="grouplist">
			<left>10</left>
			<top>StatusBartop</top>
			<height>43</height>
			<width>740</width>
			<itemgap>8</itemgap>
			<orientation>horizontal</orientation>
			<usecontrolcoords>true</usecontrolcoords>
			<control type="button" id="555">
				<include>BreadCrumbHomeIcon</include>
				<include>BreadCrumbSlideLvl1Anim</include>
			</control>
			<control type="image">
				<include>BreadCrumbSeparator</include>
				<include>BreadCrumbSlideLvl1Anim</include>
			</control>
			<control type="label" id="5501">
				<description>Pictures</description>
				<include>BreadCrumbLabel</include>
				<label>[UPPERCASE][B]$LOCALIZE[1][/B][/UPPERCASE]</label>
				<include>BreadCrumbSlideLvl2Anim</include>
			</control>
			<control type="image">
				<include>BreadCrumbSeparator</include>
				<include>BreadCrumbSlideLvl2Anim</include>
			</control>
			<control type="label" id="5502">
				<description>Files</description>
				<include>BreadCrumbLabel</include>
				<label>[UPPERCASE][B]$LOCALIZE[1214][/B][/UPPERCASE]</label>
				<visible>!Container.Content(Addons) + !String.Contains(Container.FolderPath,plugin:)</visible>
				<include>BreadCrumbSlideLvl3Anim</include>
			</control>
			<control type="label" id="5503">
				<description>Add-ons</description>
				<include>BreadCrumbLabel</include>
				<label>[UPPERCASE][B]$LOCALIZE[24001][/B][/UPPERCASE]</label>
				<visible>Container.Content(Addons) | String.Contains(Container.FolderPath,plugin:)</visible>
				<include>BreadCrumbSlideLvl3Anim</include>
			</control>
			<control type="image">
				<include>BreadCrumbSeparator</include>
				<visible>Control.IsVisible(5502) | Control.IsVisible(5503)</visible>
				<include>BreadCrumbSlideLvl3Anim</include>
			</control>
			<control type="label" id="5504">
				<description>Folder</description>
				<include>BreadCrumbLabel</include>
				<label>[UPPERCASE][B]$INFO[Container.FolderName][/B][/UPPERCASE]</label>
				<visible>!String.IsEmpty(Container.FolderPath) + !Container.Content(Addons) | String.Contains(Container.FolderPath,plugin:)</visible>
				<include>BreadCrumbSlideLvl4Anim</include>
			</control>
			<control type="image">
				<include>BreadCrumbSeparator</include>
				<visible>Control.IsVisible(5504)</visible>
				<include>BreadCrumbSlideLvl4Anim</include>
			</control>
		</control>
	</include>
	
	<include name="BreadCrumbPrograms">		
		<control type="grouplist">
			<left>10</left>
			<top>StatusBartop</top>
			<height>43</height>
			<width>740</width>
			<itemgap>8</itemgap>
			<orientation>horizontal</orientation>
			<usecontrolcoords>true</usecontrolcoords>
			<control type="button" id="555">
				<include>BreadCrumbHomeIcon</include>
				<include>BreadCrumbSlideLvl1Anim</include>
			</control>
			<control type="image">
				<include>BreadCrumbSeparator</include>
				<include>BreadCrumbSlideLvl1Anim</include>
			</control>
			<control type="label" id="5501">
				<description>Programs</description>
				<include>BreadCrumbLabel</include>
				<label>[UPPERCASE][B]$LOCALIZE[0][/B][/UPPERCASE]</label>
				<include>BreadCrumbSlideLvl2Anim</include>
			</control>
			<control type="image">
				<include>BreadCrumbSeparator</include>
				<include>BreadCrumbSlideLvl2Anim</include>
			</control>
			<control type="label" id="5502">
				<description>Files</description>
				<include>BreadCrumbLabel</include>
				<label>[UPPERCASE][B]$LOCALIZE[1214][/B][/UPPERCASE]</label>
				<visible>!Container.Content(Addons) + !String.Contains(Container.FolderPath,plugin:)</visible>
				<include>BreadCrumbSlideLvl3Anim</include>
			</control>
			<control type="label" id="5503">
				<description>Add-ons</description>
				<include>BreadCrumbLabel</include>
				<label>[UPPERCASE][B]$LOCALIZE[24001][/B][/UPPERCASE]</label>
				<visible>Container.Content(Addons) | String.Contains(Container.FolderPath,plugin:)</visible>
				<include>BreadCrumbSlideLvl3Anim</include>
			</control>
			<control type="image">
				<include>BreadCrumbSeparator</include>
				<visible>Control.IsVisible(5502) | Control.IsVisible(5503)</visible>
				<include>BreadCrumbSlideLvl3Anim</include>
			</control>
			<control type="label" id="5504">
				<description>Folder</description>
				<include>BreadCrumbLabel</include>
				<label>[UPPERCASE][B]$INFO[Container.FolderName][/B][/UPPERCASE]</label>
				<visible>!String.IsEmpty(Container.FolderPath) + !Container.Content(Addons) | String.Contains(Container.FolderPath,plugin:)</visible>
				<include>BreadCrumbSlideLvl4Anim</include>
			</control>
			<control type="image">
				<include>BreadCrumbSeparator</include>
				<visible>Control.IsVisible(5504)</visible>
				<include>BreadCrumbSlideLvl4Anim</include>
			</control>
		</control>	
	</include>
	
	<include name="BreadCrumbAddons">
		<control type="grouplist">
			<left>10</left>
			<top>StatusBartop</top>
			<height>43</height>
			<width>740</width>
			<itemgap>8</itemgap>
			<orientation>horizontal</orientation>
			<usecontrolcoords>true</usecontrolcoords>
			<control type="button" id="555">
				<include>BreadCrumbHomeIcon</include>
				<include>BreadCrumbSlideLvl1Anim</include>
			</control>
			<control type="image">
				<include>BreadCrumbSeparator</include>
				<include>BreadCrumbSlideLvl1Anim</include>
			</control>
			<control type="label" id="5501">
				<description>Add-ons</description>
				<include>BreadCrumbLabel</include>
				<label>[UPPERCASE][B]$LOCALIZE[24001][/B][/UPPERCASE]</label>
				<include>BreadCrumbSlideLvl2Anim</include>
			</control>
			<control type="image">
				<include>BreadCrumbSeparator</include>
				<include>BreadCrumbSlideLvl2Anim</include>
			</control>
			<control type="label" id="5502">
				<description>Enabled Add-ons</description>
				<include>BreadCrumbLabel</include>
				<label>[UPPERCASE][B]$LOCALIZE[24062][/B][/UPPERCASE]</label>
				<visible>String.Contains(Container.FolderPath,addons://enabled/)</visible>
				<include>BreadCrumbSlideLvl3Anim</include>
			</control>
			<control type="label" id="5503">
				<description>Repository Name</description>
				<include>BreadCrumbLabel</include>
				<label>[UPPERCASE][B]$INFO[Container.Property(reponame)][/B][/UPPERCASE]</label>
				<visible>![String.IsEmpty(Container.Property(reponame)) | String.Contains(Container.FolderPath,addons://enabled/)]</visible>
				<include>BreadCrumbSlideLvl3Anim</include>
			</control>
			<control type="label" id="5504">
				<description>Get Add-ons</description>
				<include>BreadCrumbLabel</include>
				<label>[UPPERCASE][B]$LOCALIZE[24033][/B][/UPPERCASE]</label>
				<visible>String.IsEqual(Container.FolderPath,addons://repos/)</visible>
				<include>BreadCrumbSlideLvl3Anim</include>
			</control>
			<control type="image">
				<include>BreadCrumbSeparator</include>
				<visible>Control.IsVisible(5502) | Control.IsVisible(5503) | Control.IsVisible(5504)</visible>
				<include>BreadCrumbSlideLvl3Anim</include>
			</control>
			<control type="label" id="5505">
				<description>Add-on Category</description>
				<include>BreadCrumbLabel</include>
				<label>[UPPERCASE][B]$INFO[Container.Property(AddonCategory)][/B][/UPPERCASE]</label>
				<visible>!String.IsEmpty(Container.Property(AddonCategory))</visible>
				<include>BreadCrumbSlideLvl4Anim</include>
			</control>
			<control type="image">
				<include>BreadCrumbSeparator</include>
				<visible>Control.IsVisible(5505)</visible>
				<include>BreadCrumbSlideLvl4Anim</include>
			</control>
		</control>
	</include>

	<include name="BreadCrumbPVR">
		<control type="grouplist">
			<left>10</left>
			<top>StatusBartop</top>
			<height>43</height>
			<width>740</width>
			<itemgap>8</itemgap>
			<orientation>horizontal</orientation>
			<usecontrolcoords>true</usecontrolcoords>
			<control type="button" id="555">
				<include>BreadCrumbHomeIcon</include>
				<include>BreadCrumbSlideLvl1Anim</include>
			</control>
			<control type="image">
				<include>BreadCrumbSeparator</include>
				<include>BreadCrumbSlideLvl1Anim</include>
			</control>
			<control type="label" id="5501">
				<description>TV</description>
				<include>BreadCrumbLabel</include>
				<label>[UPPERCASE]$LOCALIZE[19020][/UPPERCASE]</label>
				<include>BreadCrumbSlideLvl2Anim</include>
				<visible>String.IsEmpty(Window.Property(IsRadio))</visible>
			</control>
			<control type="label" id="5501">
				<description>Radio</description>
				<include>BreadCrumbLabel</include>
				<label>[UPPERCASE]$LOCALIZE[19021][/UPPERCASE]</label>
				<include>BreadCrumbSlideLvl2Anim</include>
				<visible>!String.IsEmpty(Window.Property(IsRadio))</visible>
			</control>
			<control type="image">
				<include>BreadCrumbSeparator</include>
				<include>BreadCrumbSlideLvl2Anim</include>
			</control>
			<control type="label">
				<include>BreadCrumbLabel</include>
				<include>BreadCrumbSlideLvl3Anim</include>
				<label>[UPPERCASE]$VAR[PVRBreadCrumbLabel][/UPPERCASE]</label>
			</control>
			<control type="image">
				<include>BreadCrumbSeparator</include>
				<include>BreadCrumbSlideLvl2Anim</include>
			</control>
			<control type="label" id="29">
				<include>BreadCrumbLabel</include>
				<include>BreadCrumbSlideLvl3Anim</include>
			</control>
			<control type="image">
				<visible>!String.IsEmpty(Control.GetLabel(29))</visible>
				<include>BreadCrumbSeparator</include>
				<include>BreadCrumbSlideLvl3Anim</include>
			</control>
			<control type="label" id="30">
				<include>BreadCrumbLabel</include>
				<include>BreadCrumbSlideLvl4Anim</include>
			</control>
			<control type="image">
				<visible>!String.IsEmpty(Control.GetLabel(30))</visible>
				<include>BreadCrumbSeparator</include>
				<include>BreadCrumbSlideLvl4Anim</include>
			</control>
		</control>
	</include>
	
	<include name="BreadCrumbSettings">
		<control type="grouplist">
			<left>10</left>
			<top>StatusBartop</top>
			<height>43</height>
			<width>740</width>
			<itemgap>8</itemgap>
			<orientation>horizontal</orientation>
			<usecontrolcoords>true</usecontrolcoords>
			<control type="button" id="555">
				<include>BreadCrumbHomeIcon</include>
				<include>BreadCrumbSlideLvl1Anim</include>
			</control>
			<control type="image">
				<include>BreadCrumbSeparator</include>
				<include>BreadCrumbSlideLvl1Anim</include>
			</control>
			<control type="label" id="5501">
				<description>Settings</description>
				<include>BreadCrumbLabel</include>
				<label>[UPPERCASE][B]$LOCALIZE[5][/B][/UPPERCASE]</label>
				<include>BreadCrumbSlideLvl2Anim</include>
			</control>
			<control type="image">
				<include>BreadCrumbSeparator</include>
				<include>BreadCrumbSlideLvl2Anim</include>
			</control>
			<control type="label" id="5502">
				<description>Label</description>
				<include>BreadCrumbLabel</include>
				<label>[UPPERCASE][B]$VAR[BreadCrumbSettingsLabel][/B][/UPPERCASE]</label>
				<include>BreadCrumbSlideLvl3Anim</include>
			</control>
			<control type="image">
				<include>BreadCrumbSeparator</include>
				<include>BreadCrumbSlideLvl3Anim</include>
			</control>
		</control>
	</include>
	
	<include name="BreadCrumbMediaInfo">
		<control type="grouplist">
			<left>10</left>
			<top>StatusBartop</top>
			<height>43</height>
			<width>740</width>
			<itemgap>8</itemgap>
			<orientation>horizontal</orientation>
			<usecontrolcoords>true</usecontrolcoords>
			<control type="button" id="555">
				<include>BreadCrumbHomeIcon</include>
				<include>BreadCrumbSlideLvl1Anim</include>
			</control>
			<control type="image">
				<include>BreadCrumbSeparator</include>
				<include>BreadCrumbSlideLvl1Anim</include>
			</control>
			<control type="label" id="5501">
				<description>Unknown</description>
				<include>BreadCrumbLabel</include>
				<label>[UPPERCASE][B]?[/B][/UPPERCASE]</label>
				<visible>!String.IsEqual(ListItem.DBTYPE,movie) + !String.IsEqual(ListItem.DBTYPE,tvshow) + !String.IsEqual(ListItem.DBTYPE,season) + !String.IsEqual(ListItem.DBTYPE,episode) + !String.IsEqual(ListItem.DBTYPE,song)
				+ !String.IsEqual(ListItem.DBTYPE,musicvideo) + !String.IsEqual(ListItem.DBTYPE,album) + !String.IsEqual(ListItem.DBTYPE,artist) + !Container.Content(Directors) + !Container.Content(Actors)
				+ !Window.IsActive(AddonInformation) + !String.Contains(Container.FolderPath,plugin://plugin.program)</visible>
				<include>BreadCrumbSlideLvl2Anim</include>
			</control>
			<control type="label" id="5502">
				<description>Movie</description>
				<include>BreadCrumbLabel</include>
				<label>[UPPERCASE][B]$LOCALIZE[20338][/B][/UPPERCASE]</label>
				<visible>String.IsEqual(ListItem.DBTYPE,movie)</visible>
				<include>BreadCrumbSlideLvl2Anim</include>
			</control>
			<control type="label" id="5503">
				<description>TV Show</description>
				<include>BreadCrumbLabel</include>
				<label>[UPPERCASE][B]$LOCALIZE[20364][/B][/UPPERCASE]</label>
				<visible>String.IsEqual(ListItem.DBTYPE,tvshow) | String.IsEqual(ListItem.DBTYPE,season)</visible>
				<include>BreadCrumbSlideLvl2Anim</include>
			</control>
			<control type="label" id="5504">
				<description>Episode</description>
				<include>BreadCrumbLabel</include>
				<label>[UPPERCASE][B]$LOCALIZE[20359][/B][/UPPERCASE]</label>
				<visible>String.IsEqual(ListItem.DBTYPE,episode)</visible>
				<include>BreadCrumbSlideLvl2Anim</include>
			</control>
			<control type="label" id="5505">
				<description>Music Video</description>
				<include>BreadCrumbLabel</include>
				<label>[UPPERCASE][B]$LOCALIZE[20391][/B][/UPPERCASE]</label>
				<visible>String.IsEqual(ListItem.DBTYPE,musicvideo)</visible>
				<include>BreadCrumbSlideLvl2Anim</include>
			</control>
			<control type="label" id="5506">
				<description>Album</description>
				<include>BreadCrumbLabel</include>
				<label>[UPPERCASE][B]$LOCALIZE[558][/B][/UPPERCASE]</label>
				<visible>String.IsEqual(ListItem.DBTYPE,album)</visible>
				<include>BreadCrumbSlideLvl2Anim</include>
			</control>
			<control type="label" id="5507">
				<description>Artist</description>
				<include>BreadCrumbLabel</include>
				<label>[UPPERCASE][B]$LOCALIZE[557][/B][/UPPERCASE]</label>
				<visible>String.IsEqual(ListItem.DBTYPE,artist)</visible>
				<include>BreadCrumbSlideLvl2Anim</include>
			</control>
			<control type="label" id="5508">
				<description>Add-on</description>
				<include>BreadCrumbLabel</include>
				<label>[UPPERCASE][B]$LOCALIZE[24000][/B][/UPPERCASE]</label>
				<visible>Window.IsActive(AddonInformation)</visible>
				<include>BreadCrumbSlideLvl2Anim</include>
			</control>
			<control type="label" id="5509">
				<description>Programs</description>
				<include>BreadCrumbLabel</include>
				<label>[UPPERCASE][B]$INFO[Container.FolderName][/B][/UPPERCASE]</label>
				<visible>String.Contains(Container.FolderPath,plugin://plugin.program)</visible>
				<include>BreadCrumbSlideLvl2Anim</include>
			</control>
			<control type="label" id="5510">
				<description>Director</description>
				<include>BreadCrumbLabel</include>
				<label>[UPPERCASE][B]$LOCALIZE[20339][/B][/UPPERCASE]</label>
				<visible>Container.Content(Directors)</visible>
				<include>BreadCrumbSlideLvl2Anim</include>
			</control>
			<control type="label" id="5511">
				<description>Actor</description>
				<include>BreadCrumbLabel</include>
				<label>[UPPERCASE][B]$LOCALIZE[20337][/B][/UPPERCASE]</label>
				<visible>Container.Content(Actors)</visible>
				<include>BreadCrumbSlideLvl2Anim</include>
			</control>
			<control type="label" id="5512">
				<description>Song</description>
				<include>BreadCrumbLabel</include>
				<label>[UPPERCASE][B]$LOCALIZE[179][/B][/UPPERCASE]</label>
				<visible>String.IsEqual(ListItem.DBTYPE,song)</visible>
				<include>BreadCrumbSlideLvl2Anim</include>
			</control>
			<control type="image">
				<include>BreadCrumbSeparator</include>
				<include>BreadCrumbSlideLvl2Anim</include>
			</control>
			<control type="label" id="5510">
				<description>Information</description>
				<include>BreadCrumbLabel</include>
				<label>[UPPERCASE][B]$LOCALIZE[31304][/B][/UPPERCASE]</label>
				<include>BreadCrumbSlideLvl3Anim</include>
			</control>
			<control type="image">
				<include>BreadCrumbSeparator</include>
				<include>BreadCrumbSlideLvl3Anim</include>
			</control>
		</control>
	</include>
	
	<include name="BreadCrumbSystemInfo">
		<control type="grouplist">
			<left>10</left>
			<top>StatusBartop</top>
			<height>43</height>
			<width>740</width>
			<itemgap>8</itemgap>
			<orientation>horizontal</orientation>
			<usecontrolcoords>true</usecontrolcoords>
			<control type="button" id="555">
				<include>BreadCrumbHomeIcon</include>
				<include>BreadCrumbSlideLvl1Anim</include>
			</control>
			<control type="image">
				<include>BreadCrumbSeparator</include>
				<include>BreadCrumbSlideLvl1Anim</include>
			</control>
			<control type="label" id="5501">
				<description>System Info</description>
				<include>BreadCrumbLabel</include>
				<label>[UPPERCASE][B]$LOCALIZE[138][/B][/UPPERCASE]</label>
				<include>BreadCrumbSlideLvl2Anim</include>
			</control>
			<control type="image">
				<include>BreadCrumbSeparator</include>
				<include>BreadCrumbSlideLvl2Anim</include>
			</control>
		</control>
	</include>
	
	<include name="BreadCrumbFileManager">
		<control type="grouplist">
			<left>10</left>
			<top>StatusBartop</top>
			<height>43</height>
			<width>740</width>
			<itemgap>8</itemgap>
			<orientation>horizontal</orientation>
			<usecontrolcoords>true</usecontrolcoords>
			<control type="button" id="555">
				<include>BreadCrumbHomeIcon</include>
				<include>BreadCrumbSlideLvl1Anim</include>
			</control>
			<control type="image">
				<include>BreadCrumbSeparator</include>
				<include>BreadCrumbSlideLvl1Anim</include>
			</control>
			<control type="label">
				<description>File Manager</description>
				<include>BreadCrumbLabel</include>
				<label>[UPPERCASE][B]$LOCALIZE[7][/B][/UPPERCASE]</label>
				<include>BreadCrumbSlideLvl2Anim</include>
			</control>
			<control type="image">
				<include>BreadCrumbSeparator</include>
				<include>BreadCrumbSlideLvl2Anim</include>
			</control>
		</control>
	</include>
	
	<include name="BreadCrumbEventLog">
		<control type="grouplist">
			<left>10</left>
			<top>StatusBartop</top>
			<height>43</height>
			<width>740</width>
			<itemgap>8</itemgap>
			<orientation>horizontal</orientation>
			<usecontrolcoords>true</usecontrolcoords>
			<control type="button" id="555">
				<include>BreadCrumbHomeIcon</include>
				<include>BreadCrumbSlideLvl1Anim</include>
			</control>
			<control type="image">
				<include>BreadCrumbSeparator</include>
				<include>BreadCrumbSlideLvl1Anim</include>
			</control>
			<control type="label">
				<description>Event Log</description>
				<include>BreadCrumbLabel</include>
				<label>[UPPERCASE][B]$LOCALIZE[14111][/B][/UPPERCASE]</label>
				<include>BreadCrumbSlideLvl2Anim</include>
			</control>
			<control type="image">
				<include>BreadCrumbSeparator</include>
				<include>BreadCrumbSlideLvl2Anim</include>
			</control>
		</control>
	</include>
	
	<include name="BreadCrumbWeather">
		<control type="grouplist">
			<left>10</left>
			<top>StatusBartop</top>
			<height>43</height>
			<width>740</width>
			<itemgap>8</itemgap>
			<orientation>horizontal</orientation>
			<usecontrolcoords>true</usecontrolcoords>
			<control type="button" id="555">
				<include>BreadCrumbHomeIcon</include>
				<include>BreadCrumbSlideLvl1Anim</include>
			</control>
			<control type="image">
				<include>BreadCrumbSeparator</include>
				<include>BreadCrumbSlideLvl1Anim</include>
			</control>
			<control type="label" id="5501">
				<description>Weather</description>
				<include>BreadCrumbLabel</include>
				<label>[UPPERCASE][B]$LOCALIZE[8][/B][/UPPERCASE]</label>
				<include>BreadCrumbSlideLvl2Anim</include>
			</control>
			<control type="image">
				<include>BreadCrumbSeparator</include>
				<include>BreadCrumbSlideLvl2Anim</include>
			</control>
			<control type="label" id="5502">
				<description>Today</description>
				<include>BreadCrumbLabel</include>
				<label>[UPPERCASE][B]$LOCALIZE[33006][/B][/UPPERCASE]</label>
				<visible>String.IsEqual(Weather.Plugin,weather.openweathermap.extended) + String.IsEqual(Skin.String(OpenWeatherMap),1)</visible>
				<include>BreadCrumbSlideLvl3Anim</include>
			</control>
			<control type="label" id="5503">
				<description>36 Hour</description>
				<include>BreadCrumbLabel</include>
				<label>[UPPERCASE][B]$LOCALIZE[33034][/B][/UPPERCASE]</label>
				<visible>String.IsEqual(Weather.Plugin,weather.openweathermap.extended) + String.IsEqual(Skin.String(OpenWeatherMap),2)</visible>
				<include>BreadCrumbSlideLvl3Anim</include>
			</control>
			<control type="label" id="5504">
				<description>Weekend</description>
				<include>BreadCrumbLabel</include>
				<label>[UPPERCASE][B]$LOCALIZE[33037][/B][/UPPERCASE]</label>
				<visible>String.IsEqual(Weather.Plugin,weather.openweathermap.extended) + String.IsEqual(Skin.String(OpenWeatherMap),3)</visible>
				<include>BreadCrumbSlideLvl3Anim</include>
			</control>
			<control type="label" id="5505">
				<description>Hourly</description>
				<include>BreadCrumbLabel</include>
				<label>[UPPERCASE][B]$LOCALIZE[33036][/B][/UPPERCASE]</label>
				<visible>String.IsEqual(Weather.Plugin,weather.openweathermap.extended) + String.IsEqual(Skin.String(OpenWeatherMap),4)</visible>
				<include>BreadCrumbSlideLvl3Anim</include>
			</control>
			<control type="label" id="5506">
				<description>16 Days</description>
				<include>BreadCrumbLabel</include>
				<label>[UPPERCASE][B]16 $LOCALIZE[12393][/B][/UPPERCASE]</label>
				<visible>String.IsEqual(Weather.Plugin,weather.openweathermap.extended) + String.IsEqual(Skin.String(OpenWeatherMap),5)</visible>
				<include>BreadCrumbSlideLvl3Anim</include>
			</control>
			<control type="label" id="5507">
				<description>Maps</description>
				<include>BreadCrumbLabel</include>
				<label>[UPPERCASE][B]$LOCALIZE[33035][/B][/UPPERCASE]</label>
				<visible>String.IsEqual(Weather.Plugin,weather.openweathermap.extended) + String.IsEqual(Skin.String(OpenWeatherMap),6)</visible>
				<include>BreadCrumbSlideLvl3Anim</include>
			</control>
			<control type="image">
				<include>BreadCrumbSeparator</include>
				<include>BreadCrumbSlideLvl3Anim</include>
				<visible>Control.IsVisible(5502) | Control.IsVisible(5503) | Control.IsVisible(5504)
				| Control.IsVisible(5505) | Control.IsVisible(5506) | Control.IsVisible(5507)</visible>
			</control>
		</control>
	</include>

	<include name="BreadCrumbNextAired">
		<control type="grouplist">
			<left>10</left>
			<top>StatusBartop</top>
			<height>43</height>
			<width>740</width>
			<itemgap>8</itemgap>
			<orientation>horizontal</orientation>
			<usecontrolcoords>true</usecontrolcoords>
			<control type="button" id="555">
				<include>BreadCrumbHomeIcon</include>
				<include>BreadCrumbSlideLvl1Anim</include>
			</control>
			<control type="image">
				<include>BreadCrumbSeparator</include>
				<include>BreadCrumbSlideLvl1Anim</include>
			</control>
			<control type="label">
				<include>BreadCrumbLabel</include>
				<label>[UPPERCASE][B]$LOCALIZE[4][/B][/UPPERCASE]</label>
				<include>BreadCrumbSlideLvl2Anim</include>
			</control>
			<control type="image">
				<include>BreadCrumbSeparator</include>
				<include>BreadCrumbSlideLvl2Anim</include>
			</control>
		</control>
	</include>
	
	<include name="BreadCrumbGlobalSearch">
		<control type="grouplist">
			<left>10</left>
			<top>StatusBartop</top>
			<height>43</height>
			<width>740</width>
			<itemgap>8</itemgap>
			<orientation>horizontal</orientation>
			<usecontrolcoords>true</usecontrolcoords>
			<control type="button" id="555">
				<include>BreadCrumbHomeIcon</include>
				<include>BreadCrumbSlideLvl1Anim</include>
				<ondown condition="!Window.IsActive(script-globalsearch-infodialog.xml)">Control.SetFocus(9000)</ondown>
				<ondown condition="Window.IsActive(script-globalsearch-infodialog.xml)">Control.SetFocus(190)</ondown>
			</control>
			<control type="image">
				<include>BreadCrumbSeparator</include>
				<include>BreadCrumbSlideLvl1Anim</include>
			</control>
			<control type="label">
				<include>BreadCrumbLabel</include>
				<label>[UPPERCASE][B]$LOCALIZE[137][/B][/UPPERCASE]</label>
				<include>BreadCrumbSlideLvl2Anim</include>
			</control>
			<control type="image">
				<include>BreadCrumbSeparator</include>
				<include>BreadCrumbSlideLvl2Anim</include>
			</control>
			<control type="label">
				<include>BreadCrumbLabel</include>
				<label>[UPPERCASE][B]$INFO[Window.Property(GlobalSearch.SearchString),","][/B][/UPPERCASE]</label>
				<include>BreadCrumbSlideLvl3Anim</include>
				<visible>!Window.IsActive(script-globalsearch-infodialog.xml)</visible>
			</control>
			<control type="image">
				<include>BreadCrumbSeparator</include>
				<include>BreadCrumbSlideLvl3Anim</include>
				<visible>!Window.IsActive(script-globalsearch-infodialog.xml)</visible>
			</control>
			<control type="label">
				<include>BreadCrumbLabel</include>
				<label>[UPPERCASE][B]$INFO[Container(9000).ListItem.Label][/B][/UPPERCASE]</label>
				<include>BreadCrumbSlideLvl4Anim</include>
				<visible>!String.IsEmpty(Container(9000).ListItem.Label) + !Container(9000).HasFocus(11) + !Window.IsActive(script-globalsearch-infodialog.xml)</visible>
			</control>
			<control type="image">
				<include>BreadCrumbSeparator</include>
				<include>BreadCrumbSlideLvl4Anim</include>
				<visible>!String.IsEmpty(Container(9000).ListItem.Label) + !Container(9000).HasFocus(11) + !Window.IsActive(script-globalsearch-infodialog.xml)</visible>
			</control>
			<control type="label">
				<include>BreadCrumbLabel</include>
				<label>[UPPERCASE][B]$INFO[Container(100).ListItem.Label][/B][/UPPERCASE]</label>
				<include>BreadCrumbSlideLvl3Anim</include>
				<visible>Window.IsActive(script-globalsearch-infodialog.xml)</visible>
			</control>
			<control type="image">
				<include>BreadCrumbSeparator</include>
				<include>BreadCrumbSlideLvl3Anim</include>
				<visible>Window.IsActive(script-globalsearch-infodialog.xml)</visible>
			</control>
		</control>
	</include>
	
	<include name="BreadCrumbVideoExtras">
		<control type="grouplist">
			<left>10</left>
			<top>StatusBartop</top>
			<height>43</height>
			<width>740</width>
			<itemgap>8</itemgap>
			<orientation>horizontal</orientation>
			<usecontrolcoords>true</usecontrolcoords>
			<control type="button" id="555">
				<include>BreadCrumbHomeIcon</include>
				<include>BreadCrumbSlideLvl1Anim</include>
			</control>
			<control type="image">
				<include>BreadCrumbSeparator</include>
				<include>BreadCrumbSlideLvl1Anim</include>
			</control>
			<!--
			<control type="label">
				<include>BreadCrumbLabel</include>
				<label>[UPPERCASE][B]$ADDON[script.videoextras 32001][/B][/UPPERCASE]</label>
				<include>BreadCrumbSlideLvl2Anim</include>
			</control>
			<control type="image">
				<include>BreadCrumbSeparator</include>
				<include>BreadCrumbSlideLvl2Anim</include>
			</control>
			-->
			<control type="label">
				<description>Movies</description>
				<include>BreadCrumbLabel</include>
				<label>[UPPERCASE][B]$LOCALIZE[20342][/B][/UPPERCASE]</label>
				<visible>String.IsEmpty(ListItem.TvShowTitle)</visible>
				<include>BreadCrumbSlideLvl2Anim</include>
			</control>			
			<control type="label">
				<description>TV Shows</description>
				<include>BreadCrumbLabel</include>
				<label>[UPPERCASE][B]$LOCALIZE[20343][/B][/UPPERCASE]</label>
				<visible>!String.IsEmpty(ListItem.TvShowTitle)</visible>
				<include>BreadCrumbSlideLvl2Anim</include>
			</control>
			<control type="image">
				<include>BreadCrumbSeparator</include>
				<include>BreadCrumbSlideLvl2Anim</include>
			</control>
			<control type="label">
				<description>Movie / TV Show / Music Video Title</description>
				<include>BreadCrumbLabel</include>
				<label>[UPPERCASE][B]$INFO[ListItem.Title][/UPPERCASE][/B]</label>
				<include>BreadCrumbSlideLvl3Anim</include>
				<visible>!String.IsEmpty(ListItem.Title)</visible>
			</control>
			<control type="image">
				<include>BreadCrumbSeparator</include>
				<include>BreadCrumbSlideLvl3Anim</include>
				<visible>!String.IsEmpty(ListItem.Title)</visible>
			</control>
			<control type="label">
				<include>BreadCrumbLabel</include>
				<label>[UPPERCASE][B]$ADDON[script.videoextras 32001][/B][/UPPERCASE]</label>
				<include>BreadCrumbSlideLvl4Anim</include>
			</control>
			<control type="image">
				<include>BreadCrumbSeparator</include>
				<include>BreadCrumbSlideLvl4Anim</include>
			</control>
		</control>
	</include>
	
	<include name="BreadCrumbMovieSetInfo">	
		<control type="grouplist">
			<left>10</left>
			<top>StatusBartop</top>
			<height>43</height>
			<width>740</width>
			<itemgap>8</itemgap>
			<orientation>horizontal</orientation>
			<usecontrolcoords>true</usecontrolcoords>
			<control type="button" id="555">
				<oninfo>Dialog.Close(3008)</oninfo>
				<include>BreadCrumbHomeIcon</include>
				<include>BreadCrumbSlideLvl1Anim</include>
			</control>
			<control type="image">
				<include>BreadCrumbSeparator</include>
				<include>BreadCrumbSlideLvl1Anim</include>
			</control>
			<control type="label">
				<description>Movies</description>
				<include>BreadCrumbLabel</include>
				<label>[UPPERCASE][B]$LOCALIZE[20342][/B][/UPPERCASE]</label>
				<include>BreadCrumbSlideLvl2Anim</include>
			</control>
			<control type="image">
				<include>BreadCrumbSeparator</include>
				<include>BreadCrumbSlideLvl2Anim</include>
			</control>
			<control type="label">
				<description>Sets</description>
				<include>BreadCrumbLabel</include>
				<label>[UPPERCASE][B]$LOCALIZE[20434][/B][/UPPERCASE]</label>
				<include>BreadCrumbSlideLvl3Anim</include>
			</control>
			<control type="image">
				<include>BreadCrumbSeparator</include>
				<include>BreadCrumbSlideLvl3Anim</include>
			</control>
			<control type="label">
				<description>Information</description>
				<include>BreadCrumbLabel</include>
				<label>[UPPERCASE][B]$LOCALIZE[19033][/B][/UPPERCASE]</label>
				<include>BreadCrumbSlideLvl4Anim</include>
			</control>
			<control type="image">
				<include>BreadCrumbSeparator</include>
				<include>BreadCrumbSlideLvl4Anim</include>
			</control>
		</control>
	</include>
	
	<include name="BreadCrumbExtendedInfoDialogVideoInfo">
		<control type="grouplist">
			<left>10</left>
			<top>StatusBartop</top>
			<height>43</height>
			<width>740</width>
			<itemgap>8</itemgap>
			<orientation>horizontal</orientation>
			<usecontrolcoords>true</usecontrolcoords>
			<control type="button" id="555">
				<include>BreadCrumbHomeIcon</include>
				<include>BreadCrumbSlideLvl1Anim</include>
			</control>
			<control type="image">
				<include>BreadCrumbSeparator</include>
				<include>BreadCrumbSlideLvl1Anim</include>
			</control>
			<control type="label" id="5502">
				<description>Movies / TV Shows / Seasons / Episodes</description>
				<include>BreadCrumbLabel</include>
				<label>[UPPERCASE][B]$VAR[ExtendedInfoDialogVideoInfoLabel][/B][/UPPERCASE]</label>
				<include>BreadCrumbSlideLvl2Anim</include>
			</control>
			<control type="image">
				<include>BreadCrumbSeparator</include>
				<include>BreadCrumbSlideLvl2Anim</include>
			</control>
			<control type="label" id="5510">
				<description>Information</description>
				<include>BreadCrumbLabel</include>
				<label>[UPPERCASE][B]$LOCALIZE[31304][/B][/UPPERCASE]</label>
				<include>BreadCrumbSlideLvl3Anim</include>
			</control>
			<control type="image">
				<include>BreadCrumbSeparator</include>
				<include>BreadCrumbSlideLvl3Anim</include>
			</control>
		</control>
	</include>
	
	<include name="BreadCrumbExtendedInfoVideoList">	
		<control type="grouplist">
			<left>10</left>
			<top>StatusBartop</top>
			<height>43</height>
			<width>740</width>
			<itemgap>8</itemgap>
			<orientation>horizontal</orientation>
			<usecontrolcoords>true</usecontrolcoords>
			<control type="button" id="555">
				<include>BreadCrumbHomeIcon</include>
				<include>BreadCrumbSlideLvl1Anim</include>
			</control>
			<control type="image">
				<include>BreadCrumbSeparator</include>
				<include>BreadCrumbSlideLvl1Anim</include>
			</control>
			<control type="label">
				<description>Youtube Browser</description>
				<include>BreadCrumbLabel</include>
				<label>[UPPERCASE][B]$LOCALIZE[31012][/B][/UPPERCASE]</label>
				<include>BreadCrumbSlideLvl2Anim</include>
				<visible>Window.IsActive(script-ExtendedInfo Script-YoutubeList.xml)</visible>
			</control>
			<control type="image">
				<include>BreadCrumbSeparator</include>
				<include>BreadCrumbSlideLvl2Anim</include>
				<visible>Window.IsActive(script-ExtendedInfo Script-YoutubeList.xml)</visible>
			</control>
			<control type="label">
				<description>Type</description>
				<include>BreadCrumbLabel</include>
				<label>[UPPERCASE][B]$INFO[Window.Property(Type)][/B][/UPPERCASE]</label>
				<include condition="Window.IsActive(script-ExtendedInfo Script-VideoList.xml)">BreadCrumbSlideLvl2Anim</include>
				<include condition="Window.IsActive(script-ExtendedInfo Script-YoutubeList.xml)">BreadCrumbSlideLvl3Anim</include>
			</control>
			<control type="image">
				<include>BreadCrumbSeparator</include>
				<include condition="Window.IsActive(script-ExtendedInfo Script-VideoList.xml)">BreadCrumbSlideLvl2Anim</include>
				<include condition="Window.IsActive(script-ExtendedInfo Script-YoutubeList.xml)">BreadCrumbSlideLvl3Anim</include>
			</control>
			<control type="label">
				<description>Filter</description>
				<width min="10" max="800">auto</width>
				<include>BreadCrumbLabel</include>
				<label>[UPPERCASE][B]$INFO[Window.Property(Filter_Label)][/B][/UPPERCASE]</label>
				<include condition="Window.IsActive(script-ExtendedInfo Script-VideoList.xml)">BreadCrumbSlideLvl3Anim</include>
				<include condition="Window.IsActive(script-ExtendedInfo Script-YoutubeList.xml)">BreadCrumbSlideLvl4Anim</include>
				<visible>!String.IsEmpty(Window.Property(Filter_Label))</visible>
			</control>
			<control type="image">
				<include>BreadCrumbSeparator</include>
				<include condition="Window.IsActive(script-ExtendedInfo Script-VideoList.xml)">BreadCrumbSlideLvl3Anim</include>
				<include condition="Window.IsActive(script-ExtendedInfo Script-YoutubeList.xml)">BreadCrumbSlideLvl4Anim</include>
				<visible>!String.IsEmpty(Window.Property(Filter_Label))</visible>
			</control>
		</control>
	</include>
</includes>
