<?xml version="1.0" encoding="UTF-8"?>
<includes>
	<include name="AddonsSkinSettings">
		<control type="grouplist" id="904">	
			<description>Add-ons Content Area</description>
			<width>755</width>
			<height>500</height>
			<pagecontrol>911</pagecontrol>
			<itemgap>0</itemgap>
			<onup>904</onup>
			<ondown>904</ondown>
			<onleft>5</onleft>
			<onright>150</onright>
			<visible>Skin.String(SkinSettingsCategory,5)</visible>
			<visible>!Skin.HasSetting(ExpandedSettings)</visible>
			<include>ContentSettingsOpenCloseAnim</include>
			<control type="button" id="5000">
				<description>General Label</description>
				<include>SettingsHeaderBtn</include>
				<label>$LOCALIZE[24001]</label>
			</control>
			<control type="radiobutton" id="5004">
				<description>Show Lyrics Button</description>
				<include>SettingsContentRadioBtn</include>
				<label>$LOCALIZE[31501]</label>
				<selected>!Skin.HasSetting(HideLyricsOSDBtn)</selected>
				<onclick>Skin.ToggleSetting(HideLyricsOSDBtn)</onclick>
			</control>
			<control type="button" id="5005">
				<description>Lyrics Path</description>
				<textoffsetx>20</textoffsetx>
				<include>SettingsContentBtn</include>
				<label>$LOCALIZE[573] - [COLOR=DefaultColor2]$INFO[Skin.String(LyricsScriptPath)][/COLOR]</label>
				<onclick>Skin.SetAddon(LyricsScriptPath,xbmc.python.lyrics)</onclick>
				<visible>!Skin.HasSetting(HideLyricsOSDBtn)</visible>
			</control>
			<control type="button" id="5006">
				<description>Lyrics Settings</description>
				<textoffsetx>20</textoffsetx>
				<include>SettingsContentBtn</include>
				<label>$LOCALIZE[24013] $LOCALIZE[10004]</label>
				<onclick>Addon.OpenSettings($INFO[Skin.String(LyricsScriptPath)])</onclick>
				<enable>!IsEmpty(Skin.String(LyricsScriptPath))</enable>
				<visible>!Skin.HasSetting(HideLyricsOSDBtn)</visible>
			</control>
			<control type="radiobutton" id="5043">
				<description>Use Global Search instead of regular search</description>
				<include>SettingsContentRadioBtn</include>
				<label>$LOCALIZE[31911]</label>
				<selected>!Skin.HasSetting(UseGlobalsearch)</selected>
				<onclick>Skin.ToggleSetting(UseGlobalsearch)</onclick>
				<visible>System.HasAddon(script.globalsearch)</visible>
			</control>
			<control type="button" id="5007">
				<description>Artwork Downloader</description>
				<include>SettingsHeaderBtn</include>
				<label>$LOCALIZE[31502]</label>
			</control>
			<control type="button" id="5008">
				<description>Artwork Downloader Settings</description>
				<include>SettingsContentBtn</include>
				<label>$LOCALIZE[5]</label>
				<onclick>Addon.OpenSettings(script.artwork.downloader)</onclick>
				<enable>System.HasAddon(script.artwork.downloader)</enable>
			</control>
			<control type="button" id="5009">
				<description>Run Artwork Downloader (Addon Settings)</description>
				<include>SettingsContentBtn</include>
				<label>$LOCALIZE[31512]</label>
				<onclick>RunScript(script.artwork.downloader)</onclick>
				<enable>System.HasAddon(script.artwork.downloader)</enable>
			</control>
			<control type="radiobutton" id="5010">
				<description>Download (Movies)</description>
				<include>SettingsContentRadioBtn</include>
				<label>$LOCALIZE[31513] - $LOCALIZE[20342]</label>
				<selected>Skin.HasSetting(ShowMoviesArtworkDownloaderSettings)</selected>
				<onclick>Skin.ToggleSetting(ShowMoviesArtworkDownloaderSettings)</onclick>
				<enable>System.HasAddon(script.artwork.downloader)</enable>
			</control>
			<control type="button" id="5011">
				<description>Run Artwork Downloader (Movies) (All)</description>
				<textoffsetx>20</textoffsetx>
				<include>SettingsContentBtn</include>
				<label>$LOCALIZE[593]</label>
				<onclick>RunScript(script.artwork.downloader, mediatype=movie, poster, fanart, extrafanart, extrathumbs, clearlogo, clearart, discart, thumb, banner)</onclick>
				<visible>Skin.HasSetting(ShowMoviesArtworkDownloaderSettings) + System.HasAddon(script.artwork.downloader)</visible>
			</control>
			<control type="button" id="5012">
				<description>Run Artwork Downloader (Movies) (Poster)</description>
				<textoffsetx>20</textoffsetx>
				<include>SettingsContentBtn</include>
				<label>$LOCALIZE[31503]</label>
				<onclick>RunScript(script.artwork.downloader, mode=custom, mediatype=movie, poster)</onclick>
				<visible>Skin.HasSetting(ShowMoviesArtworkDownloaderSettings) + System.HasAddon(script.artwork.downloader)</visible>
			</control>
			<control type="button" id="5013">
				<description>Run Artwork Downloader (Movies) (Fanart)</description>
				<textoffsetx>20</textoffsetx>
				<include>SettingsContentBtn</include>
				<label>$LOCALIZE[20445]</label>
				<onclick>RunScript(script.artwork.downloader, mode=custom, mediatype=movie, fanart)</onclick>
				<visible>Skin.HasSetting(ShowMoviesArtworkDownloaderSettings) + System.HasAddon(script.artwork.downloader)</visible>
			</control>
			<control type="button" id="5014">
				<description>Run Artwork Downloader (Movies) (ExtraFanart)</description>
				<textoffsetx>20</textoffsetx>
				<include>SettingsContentBtn</include>
				<label>$LOCALIZE[31015]</label>
				<onclick>RunScript(script.artwork.downloader, mode=custom, mediatype=movie, extrafanart)</onclick>
				<visible>Skin.HasSetting(ShowMoviesArtworkDownloaderSettings) + System.HasAddon(script.artwork.downloader)</visible>
			</control>
			<control type="button" id="5015">
				<description>Run Artwork Downloader (Movies) (ExtraThumbs)</description>
				<textoffsetx>20</textoffsetx>
				<include>SettingsContentBtn</include>
				<label>$LOCALIZE[31014]</label>
				<onclick>RunScript(script.artwork.downloader, mode=custom, mediatype=movie, extrathumbs)</onclick>
				<visible>Skin.HasSetting(ShowMoviesArtworkDownloaderSettings) + System.HasAddon(script.artwork.downloader)</visible>
			</control>
			<control type="button" id="5016">
				<description>Run Artwork Downloader (Movies) (Thumb 16:9)</description>
				<textoffsetx>20</textoffsetx>
				<include>SettingsContentBtn</include>
				<label>$LOCALIZE[31107] 16:9</label>
				<onclick>RunScript(script.artwork.downloader, mode=custom, mediatype=movie, thumb)</onclick>
				<visible>Skin.HasSetting(ShowMoviesArtworkDownloaderSettings) + System.HasAddon(script.artwork.downloader)</visible>
			</control>
			<control type="button" id="5017">
				<description>Run Artwork Downloader (Movies) (Banner)</description>
				<textoffsetx>20</textoffsetx>
				<include>SettingsContentBtn</include>
				<label>$LOCALIZE[31108]</label>
				<onclick>RunScript(script.artwork.downloader, mode=custom, mediatype=movie, banner)</onclick>
				<visible>Skin.HasSetting(ShowMoviesArtworkDownloaderSettings) + System.HasAddon(script.artwork.downloader)</visible>
			</control>
			<control type="button" id="5018">
				<description>Run Artwork Downloader (Movies) (Clearart)</description>
				<textoffsetx>20</textoffsetx>
				<include>SettingsContentBtn</include>
				<label>$LOCALIZE[31507]</label>
				<onclick>RunScript(script.artwork.downloader, mode=custom, mediatype=movie, clearart)</onclick>
				<visible>Skin.HasSetting(ShowMoviesArtworkDownloaderSettings) + System.HasAddon(script.artwork.downloader)</visible>
			</control>
			<control type="button" id="5019">
				<description>Run Artwork Downloader (Movies) (Logo)</description>
				<textoffsetx>20</textoffsetx>
				<include>SettingsContentBtn</include>
				<label>$LOCALIZE[31508]</label>
				<onclick>RunScript(script.artwork.downloader, mode=custom, mediatype=movie, clearlogo)</onclick>
				<visible>Skin.HasSetting(ShowMoviesArtworkDownloaderSettings) + System.HasAddon(script.artwork.downloader)</visible>
			</control>
			<control type="button" id="5020">
				<description>Run Artwork Downloader (Movies) (Discart)</description>
				<textoffsetx>20</textoffsetx>
				<include>SettingsContentBtn</include>
				<label>$LOCALIZE[31914]</label>
				<onclick>RunScript(script.artwork.downloader, mode=custom, mediatype=movie, discart)</onclick>
				<visible>Skin.HasSetting(ShowMoviesArtworkDownloaderSettings) + System.HasAddon(script.artwork.downloader)</visible>
			</control>
			<control type="radiobutton" id="5021">
				<description>Download (TVShows)</description>
				<include>SettingsContentRadioBtn</include>
				<label>$LOCALIZE[31513] - $LOCALIZE[20343]</label>
				<selected>Skin.HasSetting(ShowTVShowsArtworkDownloaderSettings)</selected>
				<onclick>Skin.ToggleSetting(ShowTVShowsArtworkDownloaderSettings)</onclick>
				<enable>System.HasAddon(script.artwork.downloader)</enable>
			</control>
			<control type="button" id="5022">
				<description>Run Artwork Downloader (TVShows) (All)</description>
				<textoffsetx>20</textoffsetx>
				<include>SettingsContentBtn</include>
				<label>$LOCALIZE[593]</label>
				<onclick>RunScript(script.artwork.downloader, mediatype=tvshow, poster, seasonposter, fanart, extrafanart, extrathumbs, clearlogo, clearart, tvthumb, seasonthumb, banner, seasonbanner, characterart</onclick>
				<visible>Skin.HasSetting(ShowTVShowsArtworkDownloaderSettings) + System.HasAddon(script.artwork.downloader)</visible>
			</control>
			<control type="button" id="5023">
				<description>Run Artwork Downloader (TVShows) (Poster)</description>
				<textoffsetx>20</textoffsetx>
				<include>SettingsContentBtn</include>
				<label>$LOCALIZE[31503]</label>
				<onclick>RunScript(script.artwork.downloader, mode=custom, mediatype=tvshow, poster)</onclick>
				<visible>Skin.HasSetting(ShowTVShowsArtworkDownloaderSettings) + System.HasAddon(script.artwork.downloader)</visible>
			</control>
			<control type="button" id="5024">
				<description>Run Artwork Downloader (TVShows) (Season Poster)</description>
				<textoffsetx>20</textoffsetx>
				<include>SettingsContentBtn</include>
				<label>$LOCALIZE[20373] $LOCALIZE[31503]</label>
				<onclick>RunScript(script.artwork.downloader, mode=custom, mediatype=tvshow, seasonposter)</onclick>
				<visible>Skin.HasSetting(ShowTVShowsArtworkDownloaderSettings) + System.HasAddon(script.artwork.downloader)</visible>
			</control>
			<control type="button" id="5025">
				<description>Run Artwork Downloader (TVShows) (Banner)</description>
				<textoffsetx>20</textoffsetx>
				<include>SettingsContentBtn</include>
				<label>$LOCALIZE[31108]</label>
				<onclick>RunScript(script.artwork.downloader, mode=custom, mediatype=tvshow, banner)</onclick>
				<visible>Skin.HasSetting(ShowTVShowsArtworkDownloaderSettings) + System.HasAddon(script.artwork.downloader)</visible>
			</control>
			<control type="button" id="5026">
				<description>Run Artwork Downloader (TVShows) (Season Banner)</description>
				<textoffsetx>20</textoffsetx>
				<include>SettingsContentBtn</include>
				<label>$LOCALIZE[20373] $LOCALIZE[31108]</label>
				<onclick>RunScript(script.artwork.downloader, mode=custom, mediatype=tvshow, seasonbanner)</onclick>
				<visible>Skin.HasSetting(ShowTVShowsArtworkDownloaderSettings) + System.HasAddon(script.artwork.downloader)</visible>
			</control>
			<control type="button" id="5027">
				<description>Run Artwork Downloader (TVShows) (Fanart)</description>
				<textoffsetx>20</textoffsetx>
				<include>SettingsContentBtn</include>
				<label>$LOCALIZE[20445]</label>
				<onclick>RunScript(script.artwork.downloader, mode=custom, mediatype=tvshow, fanart)</onclick>
				<visible>Skin.HasSetting(ShowTVShowsArtworkDownloaderSettings) + System.HasAddon(script.artwork.downloader)</visible>
			</control>
			<control type="button" id="5028">
				<description>Run Artwork Downloader (TVShows) (ExtraFanart)</description>
				<textoffsetx>20</textoffsetx>
				<include>SettingsContentBtn</include>
				<label>$LOCALIZE[31015]</label>
				<onclick>RunScript(script.artwork.downloader, mode=custom, mediatype=tvshow, extrafanart)</onclick>
				<visible>Skin.HasSetting(ShowTVShowsArtworkDownloaderSettings) + System.HasAddon(script.artwork.downloader)</visible>
			</control>
			<control type="button" id="5029">
				<description>Run Artwork Downloader (TVShows) (ClearArt)</description>
				<textoffsetx>20</textoffsetx>
				<include>SettingsContentBtn</include>
				<label>$LOCALIZE[31507]</label>
				<onclick>RunScript(script.artwork.downloader, mode=custom, mediatype=tvshow, clearart)</onclick>
				<visible>Skin.HasSetting(ShowTVShowsArtworkDownloaderSettings) + System.HasAddon(script.artwork.downloader)</visible>
			</control>
			<control type="button" id="5030">
				<description>Run Artwork Downloader (TVShows) (ClearLogo)</description>
				<textoffsetx>20</textoffsetx>
				<include>SettingsContentBtn</include>
				<label>$LOCALIZE[31508]</label>
				<onclick>RunScript(script.artwork.downloader, mode=custom, mediatype=tvshow, clearlogo)</onclick>
				<visible>Skin.HasSetting(ShowTVShowsArtworkDownloaderSettings) + System.HasAddon(script.artwork.downloader)</visible>
			</control>
			<control type="button" id="5031">
				<description>Run Artwork Downloader (TVShows) (CharacterArt)</description>
				<textoffsetx>20</textoffsetx>
				<include>SettingsContentBtn</include>
				<label>$LOCALIZE[31510]</label>
				<onclick>RunScript(script.artwork.downloader, mode=custom, mediatype=tvshow, characterart)</onclick>
				<visible>Skin.HasSetting(ShowTVShowsArtworkDownloaderSettings) + System.HasAddon(script.artwork.downloader)</visible>
			</control>
			<control type="button" id="5032">
				<description>Run Artwork Downloader (TVShows) (TV Thumb 16:9)</description>
				<textoffsetx>20</textoffsetx>
				<include>SettingsContentBtn</include>
				<label>$LOCALIZE[31509] 16:9</label>
				<onclick>RunScript(script.artwork.downloader, mode=custom, mediatype=tvshow, tvthumb)</onclick>
				<visible>Skin.HasSetting(ShowTVShowsArtworkDownloaderSettings) + System.HasAddon(script.artwork.downloader)</visible>
			</control>
			<control type="button" id="5033">
				<description>Run Artwork Downloader (TVShows) (Season Thumb 16:9)</description>
				<textoffsetx>20</textoffsetx>
				<include>SettingsContentBtn</include>
				<label>$LOCALIZE[20373] $LOCALIZE[31107] 16:9</label>
				<onclick>RunScript(script.artwork.downloader, mode=custom, mediatype=tvshow, seasonthumb)</onclick>
				<visible>Skin.HasSetting(ShowTVShowsArtworkDownloaderSettings) + System.HasAddon(script.artwork.downloader)</visible>
			</control>
			<control type="radiobutton" id="5034">
				<description>Download (Music Videos)</description>
				<include>SettingsContentRadioBtn</include>
				<label>$LOCALIZE[31513] - $LOCALIZE[20389]</label>
				<selected>Skin.HasSetting(ShowMusicVideosArtworkDownloaderSettings)</selected>
				<onclick>Skin.ToggleSetting(ShowMusicVideosArtworkDownloaderSettings)</onclick>
				<enable>System.HasAddon(script.artwork.downloader)</enable>
			</control>
			<control type="button" id="5035">
				<description>Run Artwork Downloader (Music Videos) (All)</description>
				<textoffsetx>20</textoffsetx>
				<include>SettingsContentBtn</include>
				<label>$LOCALIZE[593]</label>
				<onclick>RunScript(script.artwork.downloader, mediatype=musicvideos, poster, fanart, extrafanart, extrathumbs, clearlogo, clearart, discart</onclick>
				<visible>Skin.HasSetting(ShowMusicVideosArtworkDownloaderSettings) + System.HasAddon(script.artwork.downloader)</visible>
			</control>
			<control type="button" id="5036">
				<description>Run Artwork Downloader (Music Videos) (Poster)</description>
				<textoffsetx>20</textoffsetx>
				<include>SettingsContentBtn</include>
				<label>$LOCALIZE[31503]</label>
				<onclick>RunScript(script.artwork.downloader, mode=custom, mediatype=musicvideos, poster)</onclick>
				<visible>Skin.HasSetting(ShowMusicVideosArtworkDownloaderSettings) + System.HasAddon(script.artwork.downloader)</visible>
			</control>
			<control type="button" id="5037">
				<description>Run Artwork Downloader (Music Videos) (Fanart)</description>
				<textoffsetx>20</textoffsetx>
				<include>SettingsContentBtn</include>
				<label>$LOCALIZE[20445]</label>
				<onclick>RunScript(script.artwork.downloader, mode=custom, mediatype=musicvideos, fanart)</onclick>
				<visible>Skin.HasSetting(ShowMusicVideosArtworkDownloaderSettings) + System.HasAddon(script.artwork.downloader)</visible>
			</control>
			<control type="button" id="5038">
				<description>Run Artwork Downloader (Music Videos) (ExtraFanart)</description>
				<textoffsetx>20</textoffsetx>
				<include>SettingsContentBtn</include>
				<label>$LOCALIZE[31015]</label>
				<onclick>RunScript(script.artwork.downloader, mode=custom, mediatype=musicvideos, extrafanart)</onclick>
				<visible>Skin.HasSetting(ShowMusicVideosArtworkDownloaderSettings) + System.HasAddon(script.artwork.downloader)</visible>
			</control>
			<control type="button" id="5039">
				<description>Run Artwork Downloader (Music Videos) (ExtraThumbs)</description>
				<textoffsetx>20</textoffsetx>
				<include>SettingsContentBtn</include>
				<label>$LOCALIZE[31014]</label>
				<onclick>RunScript(script.artwork.downloader, mode=custom, mediatype=musicvideos, extrathumbs)</onclick>
				<visible>Skin.HasSetting(ShowMusicVideosArtworkDownloaderSettings) + System.HasAddon(script.artwork.downloader)</visible>
			</control>
			<control type="button" id="5040">
				<description>Run Artwork Downloader (Music Videos) (ClearArt)</description>
				<textoffsetx>20</textoffsetx>
				<include>SettingsContentBtn</include>
				<label>$LOCALIZE[31507]</label>
				<onclick>RunScript(script.artwork.downloader, mode=custom, mediatype=musicvideos, clearart)</onclick>
				<visible>Skin.HasSetting(ShowMusicVideosArtworkDownloaderSettings) + System.HasAddon(script.artwork.downloader)</visible>
			</control>
			<control type="button" id="5041">
				<description>Run Artwork Downloader (Music Videos) (ClearLogo)</description>
				<textoffsetx>20</textoffsetx>
				<include>SettingsContentBtn</include>
				<label>$LOCALIZE[31508]</label>
				<onclick>RunScript(script.artwork.downloader, mode=custom, mediatype=musicvideos, clearlogo)</onclick>
				<visible>Skin.HasSetting(ShowMusicVideosArtworkDownloaderSettings) + System.HasAddon(script.artwork.downloader)</visible>
			</control>
			<control type="button" id="5042">
				<description>Run Artwork Downloader (Music Videos) (Disc Art)</description>
				<textoffsetx>20</textoffsetx>
				<include>SettingsContentBtn</include>
				<label>$LOCALIZE[31914]</label>
				<onclick>RunScript(script.artwork.downloader, mode=custom, mediatype=musicvideos, discart)</onclick>
				<visible>Skin.HasSetting(ShowMusicVideosArtworkDownloaderSettings) + System.HasAddon(script.artwork.downloader)</visible>
			</control>
			<control type="button" id="5046">
				<description>TV Tunes</description>
				<include>SettingsHeaderBtn</include>
				<label>$LOCALIZE[31928]</label>
				<visible>System.HasAddon(script.tvtunes)</visible>
			</control>
			<control type="radiobutton" id="5047">
				<description>Activate TV Tunes</description>
				<include>SettingsContentBtn</include>
				<label>$LOCALIZE[24022] $LOCALIZE[31928]</label>
				<selected>!Skin.HasSetting(ActivateTvTunes)</selected>
				<onclick>Skin.ToggleSetting(ActivateTvTunes)</onclick>
				<visible>System.HasAddon(script.tvtunes)</visible>
			</control>
			<control type="button" id="5048">
				<description>TV Tunes Settings</description>
				<include>SettingsContentBtn</include>
				<label>$LOCALIZE[5]</label>
				<onclick>Addon.OpenSettings(script.tvtunes)</onclick>
				<visible>System.HasAddon(script.tvtunes)</visible>
			</control>			
			<control type="button" id="5049">
				<description>Imdb Update</description>
				<include>SettingsHeaderBtn</include>
				<label>$LOCALIZE[368] $LOCALIZE[24069]</label>
				<visible>System.HasAddon(script.imdbupdate)</visible>
			</control>
			<control type="button" id="5050">
				<description>Imdb Update Settings</description>
				<include>SettingsContentBtn</include>
				<label>$LOCALIZE[5]</label>
				<onclick>Addon.OpenSettings(script.imdbupdate)</onclick>
				<visible>System.HasAddon(script.imdbupdate)</visible>
			</control>
			<control type="button" id="5051">
				<description>Imdb Update Movie Rating</description>
				<include>SettingsContentBtn</include>
				<label>$LOCALIZE[24069] $LOCALIZE[368] $LOCALIZE[20338] $LOCALIZE[563]</label>
				<onclick>RunScript(script.imdbupdate, movies)</onclick>
				<visible>System.HasAddon(script.imdbupdate)</visible>
			</control>
			<control type="button" id="5052">
				<description>Imdb Update Movie Rating (Hidden)</description>
				<include>SettingsContentBtn</include>
				<label>$LOCALIZE[24069] $LOCALIZE[368] $LOCALIZE[20338] $LOCALIZE[563] ($LOCALIZE[31920])</label>
				<onclick>RunScript(script.imdbupdate, movies, hidden)</onclick>
				<visible>System.HasAddon(script.imdbupdate)</visible>
			</control>
			<control type="button" id="5053">
				<description>Imdb Update Top 250</description>
				<include>SettingsContentBtn</include>
				<label>$LOCALIZE[24069] $LOCALIZE[368] $LOCALIZE[13409]</label>
				<onclick>RunScript(script.imdbupdate, top250)</onclick>
				<visible>System.HasAddon(script.imdbupdate)</visible>31920
			</control>
			<control type="button" id="5054">
				<description>Imdb Update Top 250 (Hidden)</description>
				<include>SettingsContentBtn</include>
				<label>$LOCALIZE[24069] $LOCALIZE[368] $LOCALIZE[13409] ($LOCALIZE[31920])</label>
				<onclick>RunScript(script.imdbupdate, top250, hidden)</onclick>
				<visible>System.HasAddon(script.imdbupdate)</visible>
			</control>
		</control>
	</include>
</includes>