<?xml version="1.0" encoding="UTF-8"?>
<includes>
	<!--//// COMMON ///////////////////////////////////////////////////////////////////////////////////-->

	<include name="BackgroundOpenCloseAnim"> 
		<animation effect="fade" start="40" end="100" time="600">WindowOpen</animation>
		<animation effect="fade" start="100" end="40" time="600">WindowClose</animation>
	</include>
	
	<include name="BackgroundVisibleAnim">
		<animation effect="fade" start="0" end="100" time="400">VisibleChange</animation>
	</include>
	
	<include name="DialogOpenCloseAnim">
		<animation type="WindowOpen">
			<effect type="fade" end="100" time="225"/>
			<effect type="slide" start="0,-15" time="300" tween="cubic" easing="out"/>
		</animation>
		<animation type="WindowClose">
			<effect type="fade" end="0" time="325" />
			<effect type="slide" end="0,-15" time="400" tween="cubic" easing="out"/>
		</animation>
		
		<animation type="Visible">
			<effect type="fade" end="100" time="225"/>
			<effect type="slide" start="0,-15" time="300" tween="cubic" easing="out"/>
		</animation>
		<animation type="Hidden">
			<effect type="fade" end="0" time="325" />
			<effect type="slide" end="0,-15" time="400" tween="cubic" easing="out"/>
		</animation>
	</include>
	
	<include name="BottomPaneOpenCloseAnim">
		<animation type="WindowOpen" reversible="false">
			<effect type="fade" time="300"/>
			<effect type="slide" start="0,25" time="500" tween="cubic" easing="out"/>
		</animation>
		
		<animation type="WindowClose" reversible="false">
			<effect type="fade" time="300"/>
			<effect type="slide" end="0,25" time="400" tween="cubic" easing="out"/>
		</animation>
		
		<animation type="Visible" reversible="false">
			<effect type="fade" time="300"/>
			<effect type="slide" start="0,25" time="500" tween="cubic" easing="out"/>
		</animation>
		
		<animation type="Hidden" reversible="false">
			<effect type="fade" time="300"/>
			<effect type="slide" end="0,25" time="400" tween="cubic" easing="out"/>
		</animation>
	</include>
	
	<include name="DialogSliderOpenCloseAnim">
		<animation type="WindowOpen" reversible="false">
			<effect type="fade" time="300"/>
			<effect type="slide" start="0,-25" time="500" tween="cubic" easing="out"/>
		</animation>
		
		<animation type="WindowClose" reversible="false">
			<effect type="fade" time="300"/>
			<effect type="slide" end="0,-25" time="400" tween="cubic" easing="out"/>
		</animation>
		
		<animation type="Visible" reversible="false">
			<effect type="fade" time="300"/>
			<effect type="slide" start="0,-25" time="500" tween="cubic" easing="out"/>
		</animation>
		
		<animation type="Hidden" reversible="false">
			<effect type="fade" time="300"/>
			<effect type="slide" end="0,-25" time="400" tween="cubic" easing="out"/>
		</animation>
	</include>
	
	<include name="NotifyPanelOpenCloseAnim">
		<animation type="Visible">
			<effect type="fade" start="0" end="100" time="400" delay="600"/>
			<effect type="slide" start="0,-45" time="600" delay="600" tween="cubic" easing="out"/>
		</animation>
		
		<animation type="Hidden">
			<effect type="fade" start="100" end="0" time="400"/>
			<effect type="slide" end="0,-45" time="600" tween="cubic" easing="out"/>
		</animation>
		
		<animation type="WindowOpen">
			<effect type="fade" start="0" end="100" time="400" delay="600"/>
			<effect type="slide" start="0,-45" time="600" delay="600" tween="cubic" easing="out"/>
		</animation>
		
		<animation type="WindowClose">
			<effect type="fade" start="100" end="0" time="400"/>
			<effect type="slide" end="0,-45" time="600" tween="cubic" easing="out"/>
		</animation>
	</include>
	
	<include name="ControlsOpenCloseAnim">
		<animation effect="fade" start="0" end="100" time="400">Visible</animation>
		<animation effect="fade" start="0" end="100" time="400">WindowOpen</animation>
		<animation effect="fade" start="100" end="0" time="400">WindowClose</animation>
	</include>
	
	<include name="TVGuideFullscreenOpenCloseAnim">
		<animation effect="fade" start="0" end="100" time="400" condition="String.IsEmpty(Window(home).Property(TVGuideFullscreen)) | [!String.IsEmpty(Window(home).Property(TVGuideFullscreen)) + Control.HasFocus(9001)]">Visible</animation>
		<animation effect="fade" start="0" end="100" time="400" condition="String.IsEmpty(Window(home).Property(TVGuideFullscreen)) | [!String.IsEmpty(Window(home).Property(TVGuideFullscreen)) + Control.HasFocus(9001)]">WindowOpen</animation>
		<animation effect="fade" start="100" end="0" time="400" condition="String.IsEmpty(Window(home).Property(TVGuideFullscreen)) | [!String.IsEmpty(Window(home).Property(TVGuideFullscreen)) + Control.HasFocus(9001)]">WindowClose</animation>
	</include>
	
	<include name="TVGuideFullscreenOpenCloseAnim2">
		<animation type="WindowOpen" condition="!String.IsEmpty(Window(home).Property(TVGuideFullscreen)) + !Control.HasFocus(9001)">
			<effect type="fade" end="100" time="225"/>
			<effect type="slide" start="0,-15" time="300" tween="cubic" easing="out"/>
		</animation>
		<animation type="WindowClose" condition="!String.IsEmpty(Window(home).Property(TVGuideFullscreen)) + !Control.HasFocus(9001)">
			<effect type="fade" end="0" time="325" />
			<effect type="slide" end="0,-15" time="400" tween="cubic" easing="out"/>
		</animation>
		
		<animation type="Visible" condition="!String.IsEmpty(Window(home).Property(TVGuideFullscreen)) + !Control.HasFocus(9001)">
			<effect type="fade" end="100" time="225"/>
			<effect type="slide" start="0,-15" time="300" tween="cubic" easing="out"/>
		</animation>
		<animation type="Hidden" condition="!String.IsEmpty(Window(home).Property(TVGuideFullscreen)) + !Control.HasFocus(9001)">
			<effect type="fade" end="0" time="325" />
			<effect type="slide" end="0,-15" time="400" tween="cubic" easing="out"/>
		</animation>
	</include>
	
	<include name="NotificationsOpenCloseAnim">
		<animation effect="fade" start="0" end="100" time="300">VisibleChange</animation>
		<animation effect="fade" start="0" end="100" time="300">WindowOpen</animation>
		<animation effect="fade" start="100" end="0" time="300">WindowClose</animation>
	</include>
	
	<include name="BreadCrumbSlideLvl1Anim">
		<animation type="WindowOpen" reversible="false">
			<effect type="fade" end="100" time="350" delay="200"/>
			<effect type="slide" start="-50,0" time="500" delay="200" tween="circle" easing="out"/>
		</animation>
	</include>
	
	<include name="BreadCrumbSlideLvl2Anim">
		<animation type="WindowOpen" reversible="false">
			<effect type="fade" end="100" time="350" delay="300"/>
			<effect type="slide" start="-50,0" time="500" delay="300" tween="circle" easing="out"/>
		</animation>
		
		<animation effect="fade" start="0" end="100" delay="100" time="300">Visible</animation>
	</include>
	
	<include name="BreadCrumbSlideLvl3Anim">
		<animation type="WindowOpen" reversible="false">
			<effect type="fade" end="100" time="350" delay="400"/>
			<effect type="slide" start="-50,0" time="500" delay="400" tween="circle" easing="out"/>
		</animation>
		
		<animation effect="fade" start="0" end="100" delay="100" time="300">Visible</animation>
	</include>
	
	<include name="BreadCrumbSlideLvl4Anim">
		<animation type="WindowOpen" reversible="false">
			<effect type="fade" end="100" time="350" delay="500"/>
			<effect type="slide" start="-50,0" time="500" delay="500" tween="circle" easing="out"/>
		</animation>
		
		<animation effect="fade" start="0" end="100" delay="100" time="300">Visible</animation>
	</include>
	
	<include name="TopBarOpenCloseAnim">
		<animation effect="slide" start="0,-45" time="400" tween="cubic" easing="out">WindowOpen</animation>
		<animation effect="slide" end="0,-45" time="400" tween="cubic" easing="out">WindowClose</animation>
		<animation effect="slide" start="0,-45" time="400" tween="cubic" easing="out">Visible</animation>
		<animation effect="slide" end="0,-45" time="400" tween="cubic" easing="out">Hidden</animation>
	</include>
	
	<include name="MenuBarOpenCloseAnim">
		<animation type="Visible">
			<effect type="fade" start="0" end="100" time="250"/>
			<effect type="slide" start="0,-15" time="400" tween="cubic" easing="out"/>
		</animation>
		
		<animation type="Hidden">
			<effect type="fade" start="100" end="0" time="150"/>
			<effect type="slide" end="0,-15" time="300" tween="cubic" easing="out"/>
		</animation>
		
		<animation type="WindowOpen">
			<effect type="fade" start="0" end="100" time="250" delay="350"/>
			<effect type="slide" start="0,-15" time="400" delay="350" tween="cubic" easing="out"/>
		</animation>
		
		<animation type="WindowClose">
			<effect type="fade" start="100" end="0" time="50"/>
			<effect type="slide" end="0,-15" time="100" tween="cubic" easing="out"/>
		</animation>
		
		<animation type="Conditional" condition="Skin.HasSetting(HideMenuBar)">
			<effect type="slide" end="0,-15" tween="cubic" easing="out"/>
		</animation>
		
		<animation type="Conditional" condition="Skin.HasSetting(HideMenuBar) + ControlGroup(850).HasFocus">
			<effect type="slide" end="0,15" time="250" tween="cubic" easing="out"/>
		</animation>
	</include>
	
	<include name="MenuBarOpenCloseAnim2">
		<animation type="Visible">
			<effect type="fade" start="0" end="100" time="250"/>
			<effect type="slide" start="0,-15" time="400" tween="cubic" easing="out"/>
		</animation>
		
		<animation type="Hidden">
			<effect type="fade" start="100" end="0" time="150"/>
			<effect type="slide" end="0,-15" time="300" tween="cubic" easing="out"/>
		</animation>
		
		<animation type="WindowOpen">
			<effect type="fade" start="0" end="100" time="250" delay="350"/>
			<effect type="slide" start="0,-15" time="400" delay="350" tween="cubic" easing="out"/>
		</animation>
		
		<animation type="WindowClose">
			<effect type="fade" start="100" end="0" time="50"/>
			<effect type="slide" end="0,-15" time="100" tween="cubic" easing="out"/>
		</animation>
	</include>

	<include name="MenuBarBtnOpenCloseAnim">
		<animation effect="fade" start="0" end="100" time="1000">WindowOpen</animation>
		<animation effect="fade" start="100" end="0" time="350">Hidden</animation>
	</include>
		
	<include name="MenuBarOptionsSwitchAnim">
		<animation type="Visible">
			<effect type="fade" start="0" end="100" time="150"/>
			<effect type="slide" start="-24,0" time="200"/>
		</animation>
		
		<animation type="Hidden">
			<effect type="fade" start="100" end="0" time="150"/>
			<effect type="slide" end="-24,0" time="200"/>
		</animation>
	</include>
	
	<include name="MenuBarBtnFocusAnim">
		<animation effect="zoom" end="115" center="auto" time="100">Focus</animation>
		<animation effect="zoom" start="115" end="100" center="auto" time="100">Unfocus</animation>
	</include>
	
	<include name="BackgroundAnim">
		<animation effect="zoom" start="110" end="135" center="auto" time="15000" tween="cubic" easing="inout" pulse="true" condition="true">Conditional</animation>
		<animation effect="slide" end="-20,-20" delay="4000" time="8000" tween="sine" easing="inout" pulse="true" condition="true">Conditional</animation>
		<animation effect="slide" end="40,0" delay="10000" time="6000" tween="sine" easing="inout" pulse="true" condition="true">Conditional</animation>
	</include>
	
	<include name="ContentSettingsOpenCloseAnim">
		<animation type="Visible" reversible="false" condition="!ControlGroup(855).HasFocus">
			<effect type="fade" end="100" time="250"/>
			<effect type="slide" start="-150,0" time="300" tween="Quadratic" easing="out"/>
		</animation>
		
		<animation type="Hidden" reversible="false" condition="!ControlGroup(855).HasFocus">
			<effect type="fade" end="0" time="100"/>
			<effect type="slide" end="-150,0" time="300" tween="Quadratic" easing="out"/>
		</animation>
	</include>
	
	<include name="ExpandedSettingsOpenCloseAnim">
		<animation type="Visible" reversible="false" condition="!ControlGroup(855).HasFocus">
			<effect type="fade" end="100" time="250"/>
			<effect type="slide" start="150,0" time="300" tween="Quadratic" easing="out"/>
		</animation>
		
		<animation type="Hidden" reversible="false" condition="!ControlGroup(855).HasFocus">
			<effect type="fade" end="0" time="100"/>
			<effect type="slide" end="150,0" time="300" tween="Quadratic" easing="out"/>
		</animation>
	</include>
	
	<include name="CustomImagePreviewOpenCloseAnim">
		<animation effect="fade" start="0" end="100" time="600">VisibleChange</animation>
	</include>
	
	<include name="ColumnBackgroundFadeAnim">
		<animation effect="fade" end="2" condition="true">Conditional</animation>
	</include>

	<include name="WeatherHeaderFadeAnim">
		<animation effect="fade" end="3" condition="true">Conditional</animation>
	</include>
	
	<include name="WeatherContentBorderFadeAnim">
		<animation effect="fade" end="4" condition="true">Conditional</animation>
	</include>

	<include name="WeatherbitFadeAnim">
		<animation type="Conditional" reversible="false" condition="true" loop="true">
			<effect type="fade" start="0" end="100" time="500" delay="0" />
			<effect type="fade" start="100" end="0" time="500" delay="10000" />
			<effect type="fade" start="100" end="0" time="500" delay="20000" />
		</animation>
	</include>

	<include name="WeatherbitFadeAnim2">
		<animation type="Conditional" reversible="false" condition="true" loop="true">
			<effect type="fade" start="0" end="100" time="500" delay="10500" />
			<effect type="fade" start="100" end="0" time="500" delay="20000" />
		</animation>
	</include>
	
	<include name="NextAiredFadeAnim">
		<animation type="Conditional" reversible="false" condition="Container(850).HasFocus(4) + Integer.IsGreater(Window(Home).Property(NextAired.TodayTotal),6)" loop="true">
			<effect type="fade" start="0" end="100" time="500" delay="0" />
			<effect type="fade" start="100" end="0" time="500" delay="5000" />
			<effect type="fade" start="100" end="0" time="500" delay="10000" />
		</animation>
		<animation type="Conditional" reversible="false" condition="Container(850).HasFocus(4) + Integer.IsGreater(Window(Home).Property(NextAired.TodayTotal),12)" loop="true">
			<effect type="fade" start="0" end="100" time="500" delay="0" />
			<effect type="fade" start="100" end="0" time="500" delay="5000" />
			<effect type="fade" start="100" end="0" time="500" delay="10000" />
			<effect type="fade" start="100" end="0" time="500" delay="15000" />
		</animation>
	</include>
	
	<include name="NextAiredFadeAnim2">
		<animation type="Conditional" reversible="false" condition="Container(850).HasFocus(4) + Integer.IsGreater(Window(Home).Property(NextAired.TodayTotal),6)" loop="true">
			<effect type="fade" start="0" end="100" time="500" delay="5500" />
			<effect type="fade" start="100" end="0" time="500" delay="10000" />
		</animation>
		<animation type="Conditional" reversible="false" condition="Container(850).HasFocus(4) + Integer.IsGreater(Window(Home).Property(NextAired.TodayTotal),12)" loop="true">
			<effect type="fade" start="0" end="100" time="500" delay="5500" />
			<effect type="fade" start="100" end="0" time="500" delay="10000" />
			<effect type="fade" start="100" end="0" time="500" delay="15000" />
		</animation>
	</include>
	
	<include name="NextAiredFadeAnim3">
		<animation type="Conditional" reversible="false" condition="Container(850).HasFocus(4) + Integer.IsGreater(Window(Home).Property(NextAired.TodayTotal),12)" loop="true">
			<effect type="fade" start="0" end="100" time="500" delay="10500" />
			<effect type="fade" start="100" end="0" time="500" delay="15000" />
		</animation>
	</include>
	
	<include name="InfoPaneLabelFadeAnim">
		<animation effect="fade" end="65" condition="true">Conditional</animation>
	</include>
	
	<include name="NextAiredHeaderFadeAnim">
		<animation effect="fade" end="4" condition="true">Conditional</animation>
	</include>

	<include name="NextAiredColumnFadeAnim">
		<animation effect="fade" end="8" condition="true">Conditional</animation>
	</include>

	<include name="NextAiredInfoFadeAnim">
		<animation effect="fade" end="4" condition="true">Conditional</animation>
	</include>
	
	<include name="DialogHeadLabelFade">
		<animation effect="fade" end="60" condition="true">Conditional</animation>
	</include>
	
	<!--//// HOME /////////////////////////////////////////////////////////////////////////////////////-->

	<include name="HomeMenuOpenCloseAnim">
		<animation effect="fade" end="100" time="650">WindowOpen</animation> 
		<animation effect="fade" end="0" time="650">WindowClose</animation>
	</include>
	
	<include name="HomeMenuFocusAnim">
		<animation effect="fade" start="30" end="100" time="650">Focus</animation>
		<animation effect="fade" start="100" end="30" time="650">Unfocus</animation>
	</include>

	<include name="HomeMenuIconAnim">
		<animation type="Visible">
			<effect type="slide" start="0,50" end="0,0" easing="out" tween="quadratic" time="150" />
			<effect type="fade" start="0" end="100" time="200" />
		</animation>
		<animation type="Hidden">
			<effect type="zoom" start="100" end="70" center="auto" easing="in" tween="quadratic" time="150" />
			<effect type="fade" start="100" end="0" time="200" />
		</animation>
		<animation type="WindowOpen">
			<effect type="slide" start="0,50" end="0,0" delay="200" easing="out" tween="quadratic" time="150" />
			<effect type="fade" start="0" end="100" delay="200" time="200" />
		</animation>
		<animation type="WindowClose">
			<effect type="zoom" start="100" end="70" center="auto" easing="in" tween="quadratic" time="150" />
			<effect type="fade" start="100" end="0" time="200" />
		</animation>
	</include>
	
	<include name="HomeSubMenuItemOpenCloseAnim">
		<animation type="Visible" reversible="false" condition="Container(850).OnNext">
			<effect type="fade" end="100" time="250" delay="100"/>
			<effect type="slide" start="100,0" time="300" tween="circle" easing="out" delay="100"/>
		</animation>

		<animation type="Visible" reversible="false" condition="Container(850).OnPrevious">
			<effect type="fade" end="100" time="250" delay="100"/>
			<effect type="slide" start="-100,0" time="300" tween="circle" easing="out" delay="100"/>
		</animation>
	
		<animation effect="fade" end="0" time="200" reversible="false">Hidden</animation>
	</include>
	
	<include name="HomeSubMenuItemsCenterAlignAnim">
		<animation effect="slide" end="90,0" condition="String.IsEqual(Container(110).NumItems,6)">Conditional</animation>
		<animation effect="slide" end="180,0" condition="String.IsEqual(Container(110).NumItems,5)">Conditional</animation>
		<animation effect="slide" end="270,0" condition="String.IsEqual(Container(110).NumItems,4)">Conditional</animation>
		<animation effect="slide" end="360,0" condition="String.IsEqual(Container(110).NumItems,3)">Conditional</animation>
		<animation effect="slide" end="450,0" condition="String.IsEqual(Container(110).NumItems,2)">Conditional</animation>
		<animation effect="slide" end="540,0" condition="String.IsEqual(Container(110).NumItems,1)">Conditional</animation>
	</include>
	
	<include name="HomeMenuPaneOpenCloseAnim">
		<animation type="WindowOpen" reversible="false">
			<effect type="fade" time="450"/>
			<effect type="slide" start="0,80" time="600" tween="cubic" easing="out"/>
		</animation>
		
		<animation type="WindowClose" reversible="false">
			<effect type="fade" time="300"/>
			<effect type="slide" end="0,126" time="500" tween="cubic" easing="out"/>
		</animation>
	</include>
	
	<include name="HomeRightPanelOpenCloseAnim">
		<animation type="WindowOpen" reversible="false">
			<effect type="fade" end="100" time="250"/>
			<effect type="slide" start="100,0" time="300" tween="circle" easing="out"/>
		</animation>
		
		<animation type="WindowClose" reversible="false">
			<effect type="fade" end="0" time="250"/>
			<effect type="slide" end="100,0" time="300" tween="circle" easing="out"/>
		</animation>
		
		<animation type="Visible" reversible="false">
			<effect type="fade" end="100" time="250"/>
			<effect type="slide" start="100,0" time="300" tween="circle" easing="out"/>
		</animation>
		
		<animation type="Hidden" reversible="false">
			<effect type="fade" end="0" time="250"/>
			<effect type="slide" end="100,0" time="300" tween="circle" easing="out"/>
		</animation>
	</include>
	
	<include name="HomeLeftPanelOpenCloseAnim">
		<animation type="WindowOpen" reversible="false">
			<effect type="fade" end="100" time="250"/>
			<effect type="slide" start="-100,0" time="300" tween="circle" easing="out"/>
		</animation>
		
		<animation type="WindowClose" reversible="false">
			<effect type="fade" end="0" time="250"/>
			<effect type="slide" end="-100,0" time="300" tween="circle" easing="out"/>
		</animation>
		
		<animation type="Visible" reversible="false">
			<effect type="fade" end="100" time="250"/>
			<effect type="slide" start="-100,0" time="300" tween="circle" easing="out"/>
		</animation>
		
		<animation type="Hidden" reversible="false">
			<effect type="fade" end="0" time="250"/>
			<effect type="slide" end="-100,0" time="300" tween="circle" easing="out"/>
		</animation>
	</include>
	
	<include name="RecentlyAddedFanartOpenCloseAnim">
		<animation effect="fade" start="0" end="100" time="600">VisibleChange</animation>
	</include>
	
	<include name="HomeWidgetRightAnim">
		<animation type="Conditional" reversible="false" condition="Integer.IsGreater(Container($PARAM[id]).NumItems,0)">
			<effect type="fade" end="100" time="250"/>
			<effect type="slide" start="100,0" time="300" tween="circle" easing="out"/>
		</animation>
		
		<animation type="Conditional" reversible="false" condition="String.IsEqual(Container($PARAM[id]).NumItems,0)">
			<effect type="fade" end="0" time="250"/>
			<effect type="slide" end="100,0" time="300" tween="circle" easing="out"/>
		</animation>
	</include>
	
	<include name="HomeWidgetLeftAnim">
		<animation type="Conditional" reversible="false" condition="Integer.IsGreater(Container($PARAM[id]).NumItems,0)">
			<effect type="fade" end="100" time="250"/>
			<effect type="slide" start="-100,0" time="300" tween="circle" easing="out"/>
		</animation>
		
		<animation type="Conditional" reversible="false" condition="String.IsEqual(Container($PARAM[id]).NumItems,0)">
			<effect type="fade" end="0" time="250"/>
			<effect type="slide" end="-100,0" time="300" tween="circle" easing="out"/>
		</animation>
	</include>
	
	<!--//// MEDIA ////////////////////////////////////////////////////////////////////////////////////-->

	<include name="MenuOpenCloseAnim">
		<animation type="WindowOpen">
			<effect type="fade" end="100" time="200"/>
			<effect type="slide" start="0,-10" time="300" tween="cubic" easing="out"/>
		</animation>
		<animation type="WindowClose">
			<effect type="fade" end="0" time="150"/>
			<effect type="slide" end="0,-10" time="250" tween="cubic" easing="out"/>
		</animation>
	</include>

	<include name="StarRatingFadeAnim">
		<animation effect="fade" end="70" condition="true">Conditional</animation>
	</include>
	
	<include name="MediaInfoListScrollAnim">
		<animation effect="slide" start="0,-29" time="200" tween="quadratic" easing="out" reversible="false" condition="Container(901).OnNext">Focus</animation>
		<animation effect="slide" start="0,29" time="200" tween="quadratic" easing="out" reversible="false" condition="Container(901).OnPrevious">Focus</animation>
	</include>
	
	<include name="MediaInfoListScrollAnim2">
		<animation effect="slide" start="0,-31" time="200" tween="quadratic" easing="out" reversible="false" condition="Container(901).OnNext">Focus</animation>
		<animation effect="slide" start="0,31" time="200" tween="quadratic" easing="out" reversible="false" condition="Container(901).OnPrevious">Focus</animation>
	</include>
	
	<include name="FSMediaInfoOpenCloseAnim">
		<animation effect="fade" start="0" end="100" time="300">VisibleChange</animation>
		<animation effect="fade" start="0" end="100" time="300">WindowOpen</animation>
		<animation effect="fade" start="100" end="0" time="300">WindowClose</animation>
	</include>

	<include name="InfoPaneElementOpenCloseAnim">
		<animation effect="fade" time="800">WindowOpen</animation>
		<animation effect="fade" time="300">WindowClose</animation>
		<animation effect="fade" time="800">Visible</animation>
		<animation effect="fade" time="300">Hidden</animation>
	</include>

	<include name="MediaViewOpenCloseAnim">
		<animation effect="fade" start="0" end="100" time="400">VisibleChange</animation>
		<animation effect="fade" start="0" end="100" time="400">WindowOpen</animation>
		<animation effect="fade" start="100" end="0" time="400">WindowClose</animation>
	</include>
	
	<include name="MediaInfoOpenCloseAnim">
		<animation effect="fade" start="0" end="100" time="400">VisibleChange</animation>
	</include>
	
	<include name="MediaFlagFadeAnim">
		<animation effect="fade" end="55" condition="true">Conditional</animation>
	</include>

	<include name="CdArtImageOpenCloseAnim">
		<animation type="WindowOpen">
			<effect type="slide" end="85" tween="cubic" easing="out" delay="500" time="1500"/>
			<effect type="rotate" center="auto" end="162" time="2250"/>
		</animation>
		<animation type="WindowClose" reversible="false" condition="Player.Playing">
			<effect type="slide" start="85" end="0" tween="cubic" easing="out" time="900"/>
			<effect type="rotate" center="auto" start="0" end="20" time="300"/>
			<effect type="rotate" center="auto" start="0" end="25" time="300" delay="300"/>
			<effect type="rotate" center="auto" start="0" end="30" time="300" delay="600"/>
		</animation>
	</include>
	
	<include name="CdArtImageOpenCloseAnim2">
		<animation type="WindowOpen">
			<effect type="slide" end="93" tween="cubic" easing="out" delay="500" time="1500"/>
			<effect type="rotate" center="auto" end="162" time="2250"/>
		</animation>
		<animation type="WindowClose" reversible="false" condition="Player.Playing">
			<effect type="slide" start="93" end="0" tween="cubic" easing="out" time="900"/>
			<effect type="rotate" center="auto" start="0" end="20" time="300"/>
			<effect type="rotate" center="auto" start="0" end="25" time="300" delay="300"/>
			<effect type="rotate" center="auto" start="0" end="30" time="300" delay="600"/>
		</animation>
	</include>
	
	<include name="CdArtLabelOpenCloseAnim">
		<animation effect="fade" start="0" end="100" time="400" delay="1600">WindowOpen</animation>
		<animation effect="fade" start="100" end="0" time="100" delay="400" condition="Player.Playing">WindowClose</animation>
	</include>
	
	<include name="CdArtLabelOpenCloseAnim2">
		<animation effect="fade" start="0" end="100" time="400" delay="2000">WindowOpen</animation>
		<animation effect="fade" start="100" end="0" time="100" delay="300" condition="Player.Playing">WindowClose</animation>
	</include>
	
	<include name="CdArtLabelOpenCloseAnim3">
		<animation effect="fade" start="0" end="100" time="400" delay="2400">WindowOpen</animation>
		<animation effect="fade" start="100" end="0" time="100" delay="200" condition="Player.Playing">WindowClose</animation>
	</include>
	
	<include name="CdArtLabelOpenCloseAnim4">
		<animation effect="fade" start="0" end="100" time="400" delay="2800">WindowOpen</animation>
		<animation effect="fade" start="100" end="0" time="100" delay="100" condition="Player.Playing">WindowClose</animation>
	</include>
	
	<include name="CdArtLabelOpenCloseAnim5">
		<animation effect="fade" start="0" end="100" time="400" delay="3200">WindowOpen</animation>
		<animation effect="fade" start="100" end="0" time="100" delay="0" condition="Player.Playing">WindowClose</animation>
	</include>
	
	<include name="CdArtImageRotateAnim">
		<animation effect="rotate" end="-36000" center="auto" time="500000" loop="true" reversible="false" condition="true">Conditional</animation>
		<animation effect="rotate" end="-360" center="auto" time="3000" loop="true" reversible="false" condition="Player.Forwarding2x">Conditional</animation>
		<animation effect="rotate" end="-360" center="auto" time="2000" loop="true" reversible="false" condition="Player.Forwarding4x">Conditional</animation>
		<animation effect="rotate" end="-360" center="auto" time="1500" loop="true" reversible="false" condition="Player.Forwarding8x">Conditional</animation>
		<animation effect="rotate" end="-360" center="auto" time="1000" loop="true" reversible="false" condition="Player.Forwarding16x">Conditional</animation>
		<animation effect="rotate" end="-360" center="auto" time="500" loop="true" reversible="false" condition="Player.Forwarding32x">Conditional</animation>
		<animation effect="rotate" end="720" center="auto" time="3000" loop="true" reversible="false" condition="Player.Rewinding2x">Conditional</animation>
		<animation effect="rotate" end="720" center="auto" time="2000" loop="true" reversible="false" condition="Player.Rewinding4x">Conditional</animation>
		<animation effect="rotate" end="720" center="auto" time="1500" loop="true" reversible="false" condition="Player.Rewinding8x">Conditional</animation>
		<animation effect="rotate" end="720" center="auto" time="1000" loop="true" reversible="false" condition="Player.Rewinding16x">Conditional</animation>
		<animation effect="rotate" end="720" center="auto" time="500" loop="true" reversible="false" condition="Player.Rewinding32x">Conditional</animation>
		<animation effect="rotate" end="36000" center="auto" time="500000" loop="true" reversible="false" condition="Player.Paused">Conditional</animation>
		<animation effect="rotate" end="-28" center="auto" time="500" reversible="false" condition="Player.Paused">Conditional</animation>
		<animation effect="rotate" end="-15" center="auto" time="500" delay="500" reversible="false" condition="Player.Paused">Conditional</animation>
		<animation effect="rotate" end="-3" center="auto" time="250" delay="1000" reversible="false" condition="Player.Paused">Conditional</animation>
	</include>
	
	<include name="LiveTVColumnFadeAnim">
		<animation effect="fade" end="60" condition="true">Conditional</animation>
	</include>

	<include name="PanelFadeAnim">
		<animation effect="fade" end="70" condition="true">Conditional</animation>
	</include>
	
	<include name="3DViewFocusAnim">
		<animation effect="zoom" end="135" center="86,8" tween="back" easing="out" time="300" delay="100">Focus</animation>
		<animation effect="zoom" start="135" end="100" center="86,8" time="150">UnFocus</animation>
	</include>
	
	<!-- Views -->
	<include name="ListViewSelectFadeAnim">
		<animation effect="fade" end="60" condition="true">Conditional</animation>
	</include>
	
	<include name="ListViewSelectFadeAnim2">
		<animation effect="fade" end="20" condition="true">Conditional</animation>
	</include>
	
	<include name="ListViewOverlayFadeAnim">
		<animation effect="fade" end="75" condition="true">Conditional</animation>
	</include>
	
	<include name="ListViewPartialWatchedOverlayFadeAnim">
		<animation effect="fade" end="60" condition="true">Conditional</animation>
	</include>
	
	<include name="ListViewWatchedOverlayFadeAnim">
		<animation effect="fade" end="40" condition="String.IsEqual(ListItem.Overlay,OverlayWatched.png)">Conditional</animation>
	</include>

	<include name="ListViewScrollAnim">
		<animation type="Focus" condition="Container.OnNext" reversible="false">
			<effect type="Fade" start="40" end="100" time="500" tween="back" easing="in"/>
			<effect type="slide" start="0,-37" time="200" tween="sine" easing="out"/>
		</animation>
		
		<animation type="Focus" condition="Container.OnPrevious" reversible="false">
			<effect type="Fade" start="40" end="100" time="500" tween="back" easing="in"/>
			<effect type="slide" start="0,37" time="200" tween="sine" easing="out"/>
		</animation>
	</include>
	
	<include name="ListViewDialogScrollAnim">
		<animation type="Focus" condition="Container(450).OnNext" reversible="false">
			<effect type="Fade" start="40" end="100" time="500" tween="back" easing="in"/>
			<effect type="slide" start="0,-35" time="200" tween="sine" easing="out"/>
		</animation>
		
		<animation type="Focus" condition="Container(450).OnPrevious" reversible="false">
			<effect type="Fade" start="40" end="100" time="500" tween="back" easing="in"/>
			<effect type="slide" start="0,35" time="200" tween="sine" easing="out"/>
		</animation>
	</include>

	<include name="ListViewScrollAnim2">
		<animation type="Focus" condition="Container.OnNext" reversible="false">
			<effect type="Fade" start="40" end="100" time="550" tween="back" easing="in"/>
			<effect type="slide" start="0,-74" time="250" tween="sine" easing="out"/>
		</animation>
		
		<animation type="Focus" condition="Container.OnPrevious" reversible="false">
			<effect type="Fade" start="40" end="100" time="550" tween="back" easing="in"/>
			<effect type="slide" start="0,74" time="250" tween="sine" easing="out"/>
		</animation>
	</include>
	
	<include name="ListViewCoverFocusAnim">
		<animation type="Focus" reversible="false">
			<effect type="fade" start="0" end="100" delay="100" time="100"/>
			<effect type="zoom" start="60" end="100" time="300" delay="100" center="auto" easing="out" tween="back"/>
		</animation>
	</include>
	
	<include name="ThumbnailViewCoverFocusAnim">
		<animation effect="zoom" end="112" center="auto" time="100">Focus</animation>
		<animation effect="zoom" start="112" end="100" center="auto" time="100">UnFocus</animation>
	</include>
	
	<include name="ThumbnailViewCoverFocusAnim2">
		<animation effect="zoom" end="116" center="auto" time="100">Focus</animation>
		<animation effect="zoom" start="116" end="100" center="auto" time="100">UnFocus</animation>
	</include>
	
	<include name="ThumbnailViewCoverFocusAnim3">
		<animation effect="zoom" end="108" center="auto" time="100">Focus</animation>
		<animation effect="zoom" start="108" end="100" center="auto" time="100">UnFocus</animation>
	</include>
	
	<include name="WideListViewCoverFocusAnim">
		<animation type="Focus" reversible="false">
			<effect type="fade" start="0" end="100" delay="100" time="100"/>
			<effect type="zoom" start="80" end="100" time="300" delay="100" center="auto" easing="out" tween="back"/>
		</animation>
	</include>
	
	<include name="ListInfoViewContentBackgroundFadeAnim">
		<animation effect="fade" end="9" condition="true">Conditional</animation>
	</include>
	
	<include name="ListInfoViewMediaInfoBackgroundFadeAnim">
		<animation effect="fade" end="60" condition="true">Conditional</animation>
	</include>
	
	<include name="CoverDimAnim">
		<animation effect="fade" end="15" condition="true">Conditional</animation>
	</include>
	
	<include name="WrapListInfoCoverGlowScrollAnim">
		<animation effect="fade" start="10" end="100" time="600">Visible</animation>
	</include>
	
	<include name="WrapListInfoCoverGlowScrollAnim2">
		<animation effect="fade" start="10" end="100" time="660">Visible</animation>
	</include>
	
	<include name="WallViewVerticalAnimation">
		<animation effect="slide" end="0,35" condition="Skin.HasSetting(WallViewVerticalNavigation)">Conditional</animation>
	</include>
	
	<include name="ThumbsInfoDefaultStyleFocusAnim">
		<animation effect="zoom" start="100" end="135" center="auto" time="200" delay="600" tween="circle" easing="out" reversible="false">Focus</animation>
		<animation effect="slide" start="0,0" end="15,20" time="200" delay="600" tween="circle" easing="out" reversible="false" condition="Container.Column(0) + Container.Row(0)">Conditional</animation>
		<animation effect="slide" start="0,0" end="0,20" time="200" delay="600" tween="circle" easing="out" reversible="false" condition="!Container.Column(0) + !Container.Column(5) + Container.Row(0)">Conditional</animation>
		<animation effect="slide" start="0,0" end="-17,20" time="200" delay="600" tween="circle" easing="out" reversible="false" condition="Container.Column(5) + Container.Row(0)">Conditional</animation>
		<animation effect="slide" start="0,0" end="15,0" time="200" delay="600" tween="circle" easing="out" reversible="false" condition="Container.Column(0) + Container.Row(1)">Conditional</animation>
		<animation effect="slide" start="0,0" end="-17,0" time="200" delay="600" tween="circle" easing="out" reversible="false" condition="Container.Column(5) + Container.Row(1)">Conditional</animation>
		<animation effect="slide" start="0,0" end="15,-22" time="200" delay="600" tween="circle" easing="out" reversible="false" condition="Container.Column(0) + Container.Row(2)">Conditional</animation>
		<animation effect="slide" start="0,0" end="0,-22" time="200" delay="600" tween="circle" easing="out" reversible="false" condition="!Container.Column(0) + !Container.Column(5) + Container.Row(2)">Conditional</animation>
		<animation effect="slide" start="0,0" end="-17,-22" time="200" delay="600" tween="circle" easing="out" reversible="false" condition="Container.Column(5) + Container.Row(2)">Conditional</animation>
	</include>
	
	<include name="ThumbsInfoBannerStyleFocusAnim">
		<animation effect="zoom" start="100" end="135" center="auto" time="200" delay="600" tween="circle" easing="out" reversible="false">Focus</animation>
		<animation effect="slide" start="0,0" end="48,8" time="200" delay="600" tween="circle" easing="out" reversible="false" condition="Container.Column(0) + Container.Row(0)">Conditional</animation>
		<animation effect="slide" start="0,0" end="-50,8" time="200" delay="600" tween="circle" easing="out" reversible="false" condition="Container.Column(1) + Container.Row(0)">Conditional</animation>
		<animation effect="slide" start="0,0" end="48,0" time="200" delay="600" tween="circle" easing="out" reversible="false" condition="Container.Column(0) + !Container.Row(0) + !Container.Row(6)">Conditional</animation>
		<animation effect="slide" start="0,0" end="-50,0" time="200" delay="600" tween="circle" easing="out" reversible="false" condition="Container.Column(1) + !Container.Row(0) + !Container.Row(6)">Conditional</animation>
		<animation effect="slide" start="0,0" end="48,-10" time="200" delay="600" tween="circle" easing="out" reversible="false" condition="Container.Column(0) + Container.Row(6)">Conditional</animation>
		<animation effect="slide" start="0,0" end="-50,-10" time="200" delay="600" tween="circle" easing="out" reversible="false" condition="Container.Column(1) + Container.Row(6)">Conditional</animation>
	</include>
	
	<include name="ThumbsInfoLogoStyleFocusAnim">
		<animation effect="zoom" start="100" end="121" center="auto" time="200" delay="600" tween="circle" easing="out" reversible="false">Focus</animation>
		<animation effect="slide" start="0,0" end="23,12" time="200" delay="600" tween="circle" easing="out" reversible="false" condition="Container.Column(0) + Container.Row(0)">Conditional</animation>
		<animation effect="slide" start="0,0" end="0,12" time="200" delay="600" tween="circle" easing="out" reversible="false" condition="Container.Column(1) + Container.Row(0)">Conditional</animation>
		<animation effect="slide" start="0,0" end="-25,12" time="200" delay="600" tween="circle" easing="out" reversible="false" condition="Container.Column(2) + Container.Row(0)">Conditional</animation>
		<animation effect="slide" start="0,0" end="23,0" time="200" delay="600" tween="circle" easing="out" reversible="false" condition="Container.Column(0) + [Container.Row(1) | Container.Row(2)]">Conditional</animation>
		<animation effect="slide" start="0,0" end="-25,0" time="200" delay="600" tween="circle" easing="out" reversible="false" condition="Container.Column(2) + [Container.Row(1) | Container.Row(2)]">Conditional</animation>
		<animation effect="slide" start="0,0" end="23,-13" time="200" delay="600" tween="circle" easing="out" reversible="false" condition="Container.Column(0) + Container.Row(3)">Conditional</animation>
		<animation effect="slide" start="0,0" end="0,-13" time="200" delay="600" tween="circle" easing="out" reversible="false" condition="Container.Column(1) + Container.Row(3)">Conditional</animation>
		<animation effect="slide" start="0,0" end="-25,-13" time="200" delay="600" tween="circle" easing="out" reversible="false" condition="Container.Column(2) + Container.Row(3)">Conditional</animation>
	</include>
	
	<include name="ThumbsInfoClearArtStyleFocusAnim">
		<animation effect="zoom" start="100" end="121" center="auto" time="200" delay="600" tween="circle" easing="out" reversible="false">Focus</animation>
		<animation effect="slide" start="0,0" end="23,16" time="200" delay="600" tween="circle" easing="out" reversible="false" condition="Container.Column(0) + Container.Row(0)">Conditional</animation>
		<animation effect="slide" start="0,0" end="0,16" time="200" delay="600" tween="circle" easing="out" reversible="false" condition="Container.Column(1) + Container.Row(0)">Conditional</animation>
		<animation effect="slide" start="0,0" end="-25,16" time="200" delay="600" tween="circle" easing="out" reversible="false" condition="Container.Column(2) + Container.Row(0)">Conditional</animation>
		<animation effect="slide" start="0,0" end="23,0" time="200" delay="600" tween="circle" easing="out" reversible="false" condition="Container.Column(0) + Container.Row(1)">Conditional</animation>
		<animation effect="slide" start="0,0" end="-25,0" time="200" delay="600" tween="circle" easing="out" reversible="false" condition="Container.Column(2) + Container.Row(1)">Conditional</animation>
		<animation effect="slide" start="0,0" end="23,-17" time="200" delay="600" tween="circle" easing="out" reversible="false" condition="Container.Column(0) + Container.Row(2)">Conditional</animation>
		<animation effect="slide" start="0,0" end="0,-17" time="200" delay="600" tween="circle" easing="out" reversible="false" condition="Container.Column(1) + Container.Row(2)">Conditional</animation>
		<animation effect="slide" start="0,0" end="-25,-17" time="200" delay="600" tween="circle" easing="out" reversible="false" condition="Container.Column(2) + Container.Row(2)">Conditional</animation>
	</include>
	
	<include name="VideosThumbsInfoFocusAnim">
		<animation effect="zoom" start="100" end="135" center="auto" time="200" delay="600" tween="circle" easing="out" reversible="false">Focus</animation>
		<animation effect="slide" start="0,0" end="31,20" time="200" delay="600" tween="circle" easing="out" reversible="false" condition="Container.Column(0) + Container.Row(0)">Conditional</animation>
		<animation effect="slide" start="0,0" end="0,20" time="200" delay="600" tween="circle" easing="out" reversible="false" condition="Container.Column(1) + Container.Row(0)">Conditional</animation>
		<animation effect="slide" start="0,0" end="-33,20" time="200" delay="600" tween="circle" easing="out" reversible="false" condition="Container.Column(2) + Container.Row(0)">Conditional</animation>
		<animation effect="slide" start="0,0" end="31,0" time="200" delay="600" tween="circle" easing="out" reversible="false" condition="Container.Column(0) + Container.Row(1)">Conditional</animation>
		<animation effect="slide" start="0,0" end="-33,0" time="200" delay="600" tween="circle" easing="out" reversible="false" condition="Container.Column(2) + Container.Row(1)">Conditional</animation>
		<animation effect="slide" start="0,0" end="31,-22" time="200" delay="600" tween="circle" easing="out" reversible="false" condition="Container.Column(0) + Container.Row(2)">Conditional</animation>
		<animation effect="slide" start="0,0" end="0,-22" time="200" delay="600" tween="circle" easing="out" reversible="false" condition="Container.Column(1) + Container.Row(2)">Conditional</animation>
		<animation effect="slide" start="0,0" end="-33,-22" time="200" delay="600" tween="circle" easing="out" reversible="false" condition="Container.Column(2) + Container.Row(2)">Conditional</animation>
	</include>
	
	<include name="ThumbsInfoSquareFocusAnim">
		<animation effect="zoom" start="100" end="135" center="auto" time="200" delay="600" tween="circle" easing="out" reversible="false">Focus</animation>
		<animation effect="slide" start="0,0" end="12,12" time="200" delay="600" tween="circle" easing="out" reversible="false" condition="Container.Column(0) + Container.Row(0)">Conditional</animation>
		<animation effect="slide" start="0,0" end="0,12" time="200" delay="600" tween="circle" easing="out" reversible="false" condition="!Container.Column(0) + !Container.Column(5) + Container.Row(0)">Conditional</animation>
		<animation effect="slide" start="0,0" end="-12,12" time="200" delay="600" tween="circle" easing="out" reversible="false" condition="Container.Column(5) + Container.Row(0)">Conditional</animation>
		<animation effect="slide" start="0,0" end="12,0" time="200" delay="600" tween="circle" easing="out" reversible="false" condition="Container.Column(0) + [Container.Row(1) | Container.Row(2)]">Conditional</animation>
		<animation effect="slide" start="0,0" end="-12,0" time="200" delay="600" tween="circle" easing="out" reversible="false" condition="Container.Column(5) + [Container.Row(1) | Container.Row(2)]">Conditional</animation>
		<animation effect="slide" start="0,0" end="12,-12" time="200" delay="600" tween="circle" easing="out" reversible="false" condition="Container.Column(0) + Container.Row(3)">Conditional</animation>
		<animation effect="slide" start="0,0" end="0,-12" time="200" delay="600" tween="circle" easing="out" reversible="false" condition="!Container.Column(0) + !Container.Column(5) + Container.Row(3)">Conditional</animation>
		<animation effect="slide" start="0,0" end="-12,-12" time="200" delay="600" tween="circle" easing="out" reversible="false" condition="Container.Column(5) + Container.Row(3)">Conditional</animation>
	</include>
	
	<include name="ProgramsThumbsInfoWideFocusAnim">
		<animation effect="zoom" start="100" end="135" center="auto" time="200" delay="600" tween="circle" easing="out" reversible="false">Focus</animation>
		<animation effect="slide" start="0,0" end="25,17" time="200" delay="600" tween="circle" easing="out" reversible="false" condition="Container.Column(0) + Container.Row(0)">Conditional</animation>
		<animation effect="slide" start="0,0" end="0,17" time="200" delay="600" tween="circle" easing="out" reversible="false" condition="!Container.Column(0) + !Container.Column(3) + Container.Row(0)">Conditional</animation>
		<animation effect="slide" start="0,0" end="-25,17" time="200" delay="600" tween="circle" easing="out" reversible="false" condition="Container.Column(3) + Container.Row(0)">Conditional</animation>
		<animation effect="slide" start="0,0" end="25,0" time="200" delay="600" tween="circle" easing="out" reversible="false" condition="Container.Column(0) + [Container.Row(1) | Container.Row(2)]">Conditional</animation>
		<animation effect="slide" start="0,0" end="-25,0" time="200" delay="600" tween="circle" easing="out" reversible="false" condition="Container.Column(3) + [Container.Row(1) | Container.Row(2)]">Conditional</animation>
		<animation effect="slide" start="0,0" end="25,-17" time="200" delay="600" tween="circle" easing="out" reversible="false" condition="Container.Column(0) + Container.Row(3)">Conditional</animation>
		<animation effect="slide" start="0,0" end="0,-17" time="200" delay="600" tween="circle" easing="out" reversible="false" condition="!Container.Column(0) + !Container.Column(3) + Container.Row(3)">Conditional</animation>
		<animation effect="slide" start="0,0" end="-25,-17" time="200" delay="600" tween="circle" easing="out" reversible="false" condition="Container.Column(3) + Container.Row(3)">Conditional</animation>
	</include>
	
	<include name="WallStyle1FocusAnim">
		<animation effect="zoom" start="100" end="140" center="auto" time="300" delay="600" tween="back" easing="out" reversible="false">Focus</animation>
		<animation effect="slide" start="0,0" end="25,34" time="300" delay="600" tween="back" easing="out" reversible="false" condition="Container.Column(0) + Container.Row(0)">Conditional</animation>
		<animation effect="slide" start="0,0" end="0,34" time="300" delay="600" tween="back" easing="out" reversible="false" condition="!Container.Column(0) + !Container.Column(7) + Container.Row(0)">Conditional</animation>
		<animation effect="slide" start="0,0" end="-31,34" time="300" delay="600" tween="back" easing="out" reversible="false" condition="Container.Column(7) + Container.Row(0)">Conditional</animation>
		<animation effect="slide" start="0,0" end="25,0" time="300" delay="600" tween="back" easing="out" reversible="false" condition="Container.Column(0) + Container.Row(1)">Conditional</animation>
		<animation effect="slide" start="0,0" end="-31,0" time="300" delay="600" tween="back" easing="out" reversible="false" condition="Container.Column(7) + Container.Row(1)">Conditional</animation>
		<animation effect="slide" start="0,0" end="25,-40" time="300" delay="600" tween="back" easing="out" reversible="false" condition="Container.Column(0) + Container.Row(2)">Conditional</animation>
		<animation effect="slide" start="0,0" end="0,-40" time="300" delay="600" tween="back" easing="out" reversible="false" condition="!Container.Column(0) + !Container.Column(7) + Container.Row(2)">Conditional</animation>
		<animation effect="slide" start="0,0" end="-31,-40" time="300" delay="600" tween="back" easing="out" reversible="false" condition="Container.Column(7) + Container.Row(2)">Conditional</animation>
	</include>
	
	<include name="WallStyle2FocusAnim">
		<animation effect="zoom" start="100" end="140" center="auto" time="300" delay="600" tween="back" easing="out" reversible="false">Focus</animation>
		<animation effect="slide" start="0,0" end="17,21" time="300" delay="600" tween="back" easing="out" reversible="false" condition="Container.Column(0) + Container.Row(0)">Conditional</animation>
		<animation effect="slide" start="0,0" end="0,21" time="300" delay="600" tween="back" easing="out" reversible="false" condition="!Container.Column(0) + !Container.Column(13) + Container.Row(0)">Conditional</animation>
		<animation effect="slide" start="0,0" end="-24,21" time="300" delay="600" tween="back" easing="out" reversible="false" condition="Container.Column(13) + Container.Row(0)">Conditional</animation>
		<animation effect="slide" start="0,0" end="17,0" time="300" delay="600" tween="back" easing="out" reversible="false" condition="Container.Column(0) + ![Container.Row(0) | Container.Row(4)]">Conditional</animation>
		<animation effect="slide" start="0,0" end="-24,0" time="300" delay="600" tween="back" easing="out" reversible="false" condition="Container.Column(13) + ![Container.Row(0) | Container.Row(4)]">Conditional</animation>
		<animation effect="slide" start="0,0" end="17,-27" time="300" delay="600" tween="back" easing="out" reversible="false" condition="Container.Column(0) + Container.Row(4)">Conditional</animation>
		<animation effect="slide" start="0,0" end="0,-27" time="300" delay="600" tween="back" easing="out" reversible="false" condition="!Container.Column(0) + !Container.Column(13) + Container.Row(4)">Conditional</animation>
		<animation effect="slide" start="0,0" end="-24,-27" time="300" delay="600" tween="back" easing="out" reversible="false" condition="Container.Column(13) + Container.Row(4)">Conditional</animation>
	</include>
	
	<include name="MusicWallFocusAnim">
		<animation effect="zoom" start="100" end="140" center="auto" time="300" delay="600" tween="back" easing="out" reversible="false">Focus</animation>
		<animation effect="slide" start="0,0" end="34,34" time="300" delay="600" tween="back" easing="out" reversible="false" condition="Container.Column(0) + Container.Row(0)">Conditional</animation>
		<animation effect="slide" start="0,0" end="0,34" time="300" delay="600" tween="back" easing="out" reversible="false" condition="!Container.Column(0) + !Container.Column(5) + Container.Row(0)">Conditional</animation>
		<animation effect="slide" start="0,0" end="-40,34" time="300" delay="600" tween="back" easing="out" reversible="false" condition="Container.Column(5) + Container.Row(0)">Conditional</animation>
		<animation effect="slide" start="0,0" end="34,0" time="300" delay="600" tween="back" easing="out" reversible="false" condition="Container.Column(0) + Container.Row(1)">Conditional</animation>
		<animation effect="slide" start="0,0" end="-40,0" time="300" delay="600" tween="back" easing="out" reversible="false" condition="Container.Column(5) + Container.Row(1)">Conditional</animation>
		<animation effect="slide" start="0,0" end="34,-40" time="300" delay="600" tween="back" easing="out" reversible="false" condition="Container.Column(0) + Container.Row(2)">Conditional</animation>
		<animation effect="slide" start="0,0" end="0,-40" time="300" delay="600" tween="back" easing="out" reversible="false" condition="!Container.Column(0) + !Container.Column(5) + Container.Row(2)">Conditional</animation>
		<animation effect="slide" start="0,0" end="-40,-40" time="300" delay="600" tween="back" easing="out" reversible="false" condition="Container.Column(5) + Container.Row(2)">Conditional</animation>
	</include>
	<!-- END Views -->
</includes>