<?xml version="1.0" encoding="UTF-8"?>
<window id="1101" type="dialog">
	<defaultcontrol>9000</defaultcontrol>
	<include>dialogeffect</include>
	<coordinates>
		<system>1</system>
		<left>290</left>
		<top>30</top>
	</coordinates>
	<controls>
		<control type="group">
			<animation effect="fade" start="100" end="0" time="200" condition="Window.IsVisible(SliderDialog) | Window.IsVisible(DialogSettings.xml)">Conditional</animation>
			<control type="image">
				<description>background image</description>
				<width>700</width>
				<height>660</height>
				<colordiffuse>EEFFFFFF</colordiffuse>
				<texture border="50,100,50,50">Dialog.png</texture>
			</control>
			<control type="label">
				<description>heading label</description>
				<left>50</left>
				<top>50</top>
				<width>600</width>
				<height>30</height>
				<align>center</align>
				<aligny>center</aligny>
				<font>font16</font>
				<label>$INFO[Window(Home).Property(settingslist_header)]</label>
				<textcolor>orange</textcolor>
			</control>
			<control type="group" id="9000">
				<left>50</left>
				<top>100</top>
				<control type="grouplist" id="9010">
					<width>600</width>
					<itemgap>5</itemgap>
					<ondown>9001</ondown>
					<onup>9001</onup>
					<onleft>9001</onleft>
					<onright>9001</onright>
					<usecontrolcoords>true</usecontrolcoords>
					<visible>String.IsEqual(window(home).Property(settingslist_content),3d)</visible>
					<control type="radiobutton" id="9011">
						<width>600</width>
						<include>DialogButtonCommonValues</include>
						<label>$LOCALIZE[24022]</label>
						<onclick>ToggleStereoMode</onclick>
						<selected>Integer.IsGreater(System.StereoscopicMode,0)</selected>
					</control>
					<control type="button" id="9012">
						<width>600</width>
						<include>DialogButtonCommonValues</include>
						<label>$LOCALIZE[31504]</label>
						<label2>[B]$INFO[VideoPlayer.StereoscopicMode][/B]</label2>
						<onclick>StereoMode</onclick>
					</control>
					<control type="radiobutton" id="9013">
						<width>600</width>
						<include>DialogButtonCommonValues</include>
						<label>$LOCALIZE[31505]</label>
						<onclick>StereoModeToMono</onclick>
						<selected>Integer.IsEqual(System.StereoscopicMode,9)</selected>
					</control>
				</control>
				<control type="grouplist" id="9020">
					<width>600</width>
					<itemgap>5</itemgap>
					<ondown>9001</ondown>
					<onup>9001</onup>
					<onleft>9001</onleft>
					<onright>9001</onright>
					<usecontrolcoords>true</usecontrolcoords>
					<visible>String.IsEqual(window(home).Property(settingslist_content),settings)</visible>
					<control type="button" id="9021">
						<width>600</width>
						<include>DialogButtonCommonValues</include>
						<label>$LOCALIZE[36560]</label>
						<onclick>ActivateWindow(osdcmssettings)</onclick>
						<visible>System.HasCMS</visible>
					</control>
					<control type="button" id="9022">
						<width>600</width>
						<include>DialogButtonCommonValues</include>
						<label>$LOCALIZE[31226]</label>
						<label2>[B]$INFO[VideoPlayer.AudioLanguage][/B]</label2>
						<onclick>AudioNextLanguage</onclick>
						<visible>Integer.IsGreater(VideoPlayer.AudioStreamCount,1)</visible>
					</control>
					<control type="button" id="9023">
						<width>600</width>
						<include>DialogButtonCommonValues</include>
						<label>31225</label>
						<label2>$VAR[ActiveVideoPlayerSubtitleLanguage]</label2>
						<onclick condition="VideoPlayer.HasSubtitles">NextSubtitle</onclick>
						<onclick condition="!VideoPlayer.HasSubtitles">ActivateWindow(osdsubtitlesettings)</onclick>
					</control>
					<control type="button" id="9024">
						<width>600</width>
						<include>DialogButtonCommonValues</include>
						<label>31224</label>
						<onclick>PlayerProgramSelect</onclick>
						<visible>Player.HasPrograms</visible>
					</control>
					<control type="button" id="9025">
						<width>600</width>
						<include>DialogButtonCommonValues</include>
						<label>31223</label>
						<onclick>PlayerResolutionSelect</onclick>
						<visible>Player.HasResolutions</visible>
					</control>
					<control type="button" id="9026">
						<width>600</width>
						<include>DialogButtonCommonValues</include>
						<label>31222</label>
						<onclick>Dialog.Close(1101)</onclick>
						<onclick>ActivateWindow(1102)</onclick>
						<visible>Player.TempoEnabled</visible>
					</control>
				</control>
				<control type="button" id="9001">
					<left>200</left>
					<top>470</top>
					<label>15067</label>
					<include>DialogButton2CommonValues</include>
					<font>font12</font>
					<onclick>PreviousMenu</onclick>
					<onright condition="Control.IsVisible(9010)">9010</onright>
					<onright condition="Control.IsVisible(9020)">9020</onright>
					<onleft condition="Control.IsVisible(9010)">9010</onleft>
					<onleft condition="Control.IsVisible(9020)">9020</onleft>
					<ondown condition="Control.IsVisible(9011)">9011</ondown>
					<ondown condition="Control.IsVisible(9021)">9021</ondown>
					<ondown condition="Control.IsVisible(9022)">9022</ondown>
					<ondown condition="Control.IsVisible(9023)">9023</ondown>
					<onup condition="Control.IsVisible(9026)">9026</onup>
					<onup condition="Control.IsVisible(9025)">9025</onup>
					<onup condition="Control.IsVisible(9024)">9024</onup>
					<onup condition="Control.IsVisible(9023)">9023</onup>
					<onup condition="Control.IsVisible(9013)">9013</onup>
				</control>
			</control>
		</control>
	</controls>
</window>