<?xml version="1.0" encoding="UTF-8"?>
<window>
	<defaultcontrol always="true">52</defaultcontrol>
	<controls>
		<include>CommonMediaBackground</include>
		<control type="group">
			<top>-95</top>
			<control type="image">
				<description>Background</description>
				<left>11</left>
				<width>68</width>
				<height>910</height>
				<texture>background-overlay-blackwash-left-ws.png</texture>
			</control>
			<control type="image">
				<description>Background</description>
				<left>65r</left>
				<width>68</width>
				<height>910</height>
				<texture>background-overlay-blackwash-right-ws.png</texture>
			</control>
			<control type="image">
				<description>Background</description>
				<left>79</left>
				<width>1136</width>
				<height>910</height>
				<texture>background-overlay-blackwash-centertile-ws.png</texture>
			</control>
		</control>
		<control type="group">
			<include>Window_OpenClose_Animation</include>
			<control type="group">
				<left>80</left>
				<animation effect="fade" delay="500" time="HomeVisibleFadeAnimationSpeed">WindowOpen</animation>
				<animation effect="fade" start="0" end="0" time="0">WindowClose</animation>
				<include>HomeLogoButton</include>
				<control type="label">
					<description>Header label</description>
					<label>$LOCALIZE[20096]</label>
					<include>HeaderTextCommons</include>
				</control>
				<include content="ClockTextCommons">
					<param name="left" value="740" />
				</include>
				<control type="label">
					<description>heading label</description>
					<left>110</left>
					<top>140</top>
					<width>900</width>
					<height>80</height>
					<align>center</align>
					<aligny>center</aligny>
					<font>font16</font>
					<label>31460</label>
				</control>
				<control type="fixedlist" id="52">
					<left>18</left>
					<top>260</top>
					<width>1308</width>
					<height>260</height>
					<onup>9050</onup>
					<focusposition>2</focusposition>
					<viewtype label="31028">list</viewtype>
					<scrolltime>200</scrolltime>
					<orientation>horizontal</orientation>
					<preloaditems>4</preloaditems>
					<itemlayout height="260" width="218">
						<control type="image">
							<left>2</left>
							<width>212</width>
							<height>250</height>
							<aspectratio>stretch</aspectratio>
							<texture border="10">list-nofocus.png</texture>
						</control>
						<control type="image">
							<left>12</left>
							<top>10</top>
							<width>192</width>
							<height>194</height>
							<aspectratio>keep</aspectratio>
							<texture background="true">$INFO[ListItem.Icon]</texture>
							<bordertexture border="5">black-back.png</bordertexture>
							<bordersize>2</bordersize>
						</control>
					</itemlayout>
					<focusedlayout height="260" width="218">
						<control type="image">
							<left>2</left>
							<width>212</width>
							<height>250</height>
							<aspectratio>stretch</aspectratio>
							<texture border="10">list-focus.png</texture>
							<visible>Control.HasFocus(52)</visible>
						</control>
						<control type="image">
							<left>2</left>
							<width>212</width>
							<height>250</height>
							<aspectratio>stretch</aspectratio>
							<texture border="10">thumb-nofocus.png</texture>
							<visible>!Control.HasFocus(52)</visible>
						</control>
						<control type="image">
							<left>12</left>
							<top>10</top>
							<width>192</width>
							<height>194</height>
							<aspectratio>keep</aspectratio>
							<texture background="true">$INFO[ListItem.Icon]</texture>
							<bordertexture border="5">black-back.png</bordertexture>
							<bordersize>2</bordersize>
						</control>
						<control type="label">
							<description>Last Login label</description>
							<left>18</left>
							<top>210</top>
							<width>180</width>
							<height>30</height>
							<align>center</align>
							<aligny>center</aligny>
							<font>font13</font>
							<label>$INFO[ListItem.Label]</label>
						</control>
					</focusedlayout>
				</control>
				<control type="label">
					<description>Last Login label</description>
					<left>110</left>
					<top>540</top>
					<width>900</width>
					<height>40</height>
					<align>center</align>
					<aligny>center</aligny>
					<font>font13</font>
					<label>$INFO[Container(52).ListItem.Label2]</label>
				</control>
			</control>
		</control>
		<control type="image">
			<left>-110</left>
			<top>-40</top>
			<width>180</width>
			<height>800</height>
			<aspectratio>stretch</aspectratio>
			<texture>blades-runner-left1.png</texture>
		</control>
		<control type="image">
			<left>65r</left>
			<top>-40</top>
			<width>180</width>
			<height>800</height>
			<aspectratio>stretch</aspectratio>
			<texture>blades-runner-right.png</texture>
		</control>
		<include>BackgroundDim</include>
	</controls>
</window>