<?xml version="1.0" encoding="UTF-8"?>
<includes>
	<include name="MenuBarImage">
		<control type="image">
			<width>ScreenWidth</width>
			<height>40</height>
			<texture border="0,0,0,8">gui/menu-bar-background.png</texture>
			<aspectratio>stretch</aspectratio>
			<animation effect="fade" end="80" condition="true">Conditional</animation>
		</control>
		
		<control type="button">
			<top>-45</top>
			<width>ScreenWidth</width>
			<height>95</height>
			<texturefocus>-</texturefocus>
			<texturenofocus>-</texturenofocus>
		</control>
	</include>
	
	<include name="MenuBarIconBtn">
		<width>30</width>
		<height>MenuBarHeight</height>
		<aspectratio>keep</aspectratio>
		<pulseonselect>false</pulseonselect>
		<include>MenuBarBtnFocusAnim</include>
	</include>
	
	<include name="MenuBarBtn">
		<width>160</width>
		<height>MenuBarHeight</height>	
		<font>MenuBarBtnFont</font>	
		<textcolor>ButtonColor</textcolor>
		<focusedcolor>ButtonFocusColor</focusedcolor>
		<aligny>top</aligny>
		<textoffsety>9</textoffsety>
		<textoffsetx>13</textoffsetx>
		<textwidth>134</textwidth>
		<texturefocus border="4">gui/menu-bar-button-focus.png</texturefocus>
		<texturenofocus>-</texturenofocus>		
	</include>

	<include name="MenuBarMidBtn">
		<width>166.166</width>
		<height>MenuBarHeight</height>	
		<font>MenuBarBtnFont</font>	
		<textcolor>ButtonColor</textcolor>
		<focusedcolor>ButtonFocusColor</focusedcolor>
		<aligny>top</aligny>
		<textoffsety>9</textoffsety>
		<textoffsetx>13</textoffsetx>
		<textwidth>134</textwidth>
		<texturefocus border="4">gui/menu-bar-button-focus.png</texturefocus>
		<texturenofocus>-</texturenofocus>		
	</include>

	<include name="MenuBarBigBtn">
		<width>200</width>
		<height>MenuBarHeight</height>	
		<font>MenuBarBtnFont</font>	
		<textcolor>ButtonColor</textcolor>
		<focusedcolor>ButtonFocusColor</focusedcolor>
		<aligny>top</aligny>
		<textoffsety>9</textoffsety>
		<textoffsetx>13</textoffsetx>
		<textwidth>174</textwidth>
		<texturefocus border="4">gui/menu-bar-button-focus.png</texturefocus>
		<texturenofocus>-</texturenofocus>		
	</include>
	
	<include name="MenuBarRadioBtn">
		<width>185</width>
		<height>MenuBarHeight</height>
		<font>MenuBarBtnFont</font>	
		<focusedcolor>ButtonFocusColor</focusedcolor>
		<textcolor>ButtonColor</textcolor>
		<disabledcolor>DisabledColor</disabledcolor>
		<textwidth>110</textwidth>
		<aligny>top</aligny>
		<textoffsety>9</textoffsety>
		<textoffsetx>13</textoffsetx>
		<radiowidth>40</radiowidth>
		<radioheight>16</radioheight>
		<texturefocus border="4">gui/menu-bar-button-focus.png</texturefocus>
		<texturenofocus>-</texturenofocus>		
	</include>
	
	<include name="MenuBarSpinBtn">	
		<width>185</width>
		<height>MenuBarHeight</height>	
		<font>MenuBarBtnFont</font>	
		<textcolor>ButtonColor</textcolor>
		<focusedcolor>ButtonFocusColor</focusedcolor>
		<aligny>center</aligny>
		<textoffsetx>13</textoffsetx>
		<textwidth>134</textwidth>
		<align>left</align>
		<texturefocus border="4">gui/menu-bar-button-focus.png</texturefocus>
		<texturenofocus>-</texturenofocus>	
	</include>
	
	<include name="MenuBarArrowBtn">
		<width>200</width>
		<height>MenuBarHeight</height>
		<font>MenuBarBtnFont</font>	
		<textcolor>ButtonColor</textcolor>
		<focusedcolor>ButtonFocusColor</focusedcolor>
		<align>left</align>
		<aligny>top</aligny>
		<textoffsety>9</textoffsety>
		<textoffsetx>13</textoffsetx>
		<textwidth>149</textwidth>
		<texturefocus border="4,4,32,4">gui/menu-bar-button-arrow-focus.png</texturefocus>
		<texturenofocus border="4,4,32,4">gui/menu-bar-button-arrow-nofocus.png</texturenofocus>
	</include>

	<include name="MenuBarSettingsBtn">	
		<width>156</width>
		<height>MenuBarHeight</height>	
		<font>MenuBarBtnFont</font>	
		<focusedcolor>ButtonFocusColor</focusedcolor>
		<textwidth>142</textwidth>
		<aligny>top</aligny>
		<textoffsety>9</textoffsety>
		<texturefocus border="4">gui/menu-bar-button-focus.png</texturefocus>
		<texturenofocus>-</texturenofocus>		
	</include>
	
	<include name="MenuBarSettingsBtn2">
		<width>139</width>
		<textwidth>128</textwidth>
		<include>MenuBarSettingsBtn</include>
	</include>
	
	<include name="DropDownMenuBtn">	
		<width>212</width>
		<height>37</height>
		<font>MenuItemFont</font>
		<textcolor>MenuItemColor</textcolor>
		<focusedcolor>MenuItemFocusColor</focusedcolor>
		<textoffsetx>18</textoffsetx>
		<align>left</align>
		<textwidth>176</textwidth>
		<texturefocus border="12,4,12,5">gui/menu-bar-item-focus.png</texturefocus>
		<texturenofocus border="9,0,9,3">gui/menu-bar-item-nofocus.png</texturenofocus>
		<pulseonselect>false</pulseonselect>		
	</include>
	
	<include name="DropDownMenuViewModeBtn">	
		<width>212</width>
		<height>37</height>
		<font>MenuItemFont</font>
		<textcolor>MenuItemColor</textcolor>
		<focusedcolor>MenuItemFocusColor</focusedcolor>
		<textoffsetx>60</textoffsetx>
		<align>left</align>
		<textwidth>134</textwidth>
		<texturefocus border="12,4,12,5">gui/menu-bar-item-focus.png</texturefocus>
		<texturenofocus border="9,0,9,3">gui/menu-bar-item-nofocus.png</texturenofocus>
		<pulseonselect>false</pulseonselect>		
	</include>
	
	<include name="DropDownMenuRadioBtn">	
		<width>212</width>
		<height>37</height>
		<font>MenuItemFont</font>
		<textcolor>MenuItemColor</textcolor>
		<focusedcolor>MenuItemFocusColor</focusedcolor>
		<textoffsetx>18</textoffsetx>
		<align>left</align>
		<radiowidth>26</radiowidth>
		<radioheight>20</radioheight>
		<radioposx>172</radioposx>
		<radioposy>-</radioposy>
		<textwidth>143</textwidth>
		<textureradiofocus>controls/radio-button-focus4.png</textureradiofocus>
		<textureradionofocus>controls/radio-button-nofocus4.png</textureradionofocus>
		<texturefocus border="12,4,12,5">gui/menu-bar-item-focus.png</texturefocus>
		<texturenofocus border="9,0,9,3">gui/menu-bar-item-nofocus.png</texturenofocus>
		<pulseonselect>false</pulseonselect>		
	</include>
	
	<include name="DropDownMenuHeader">	
		<width>212</width>
		<height>30</height>
		<font>MenuBarBtnFont</font>
		<textcolor>ContentTitleColor</textcolor>
		<disabledcolor>ContentTitleColor</disabledcolor>
		<textoffsetx>18</textoffsetx>
		<textwidth>176</textwidth>
		<texturefocus border="9,0,9,3">gui/menu-bar-item-nofocus2.png</texturefocus>
		<texturenofocus border="9,0,9,3">gui/menu-bar-item-nofocus2.png</texturenofocus>
		<enable>false</enable>
	</include>
	
	<include name="DropDownMenuTopBorder">
		<width>212</width>
		<height>10</height>
		<texture border="7,7,7,0">gui/menu-bar-item-top-border.png</texture>		
	</include>
	
	<include name="DropDownMenuBottomBorder">
		<width>212</width>
		<height>7</height>
		<texture border="7,0,7,7">gui/menu-bar-item-bottom-border.png</texture>	
	</include>

	<include name="MenuBarSeparator">	
		<top>0</top>
		<width>3</width>
		<height>MenuBarHeight</height>
		<texture>gui/menu-bar-separator.png</texture>		
	</include>
	
	<include name="MediaMenuBar">
		<control type="group" id="505">
			<description>Menu Bar Area</description>
			<top>MenuBarOffsetY</top>
			<include>MenuBarImage</include>
			<include>MenuBarOpenCloseAnim</include>
			<include>DefaultMenuBar</include>
			<visible allowhiddenfocus="true">ControlGroup(505).HasFocus | ![Skin.HasSetting(HideMenuBar) | Window.IsActive(MovieInformation) | Window.IsActive(AddonInformation) | Window.IsActive(MusicInformation)]</visible>
		</control>
	</include>
	
	<include name="DefaultMenuBar">
		<control type="group" id="850">
			<control type="grouplist" id="563">
				<description>Menu Bar Icon Buttons</description>
				<left>5</left>
				<top>0</top>
				<width>150</width>
				<height>MenuBarHeight</height>
				<orientation>horizontal</orientation>
				<itemgap>0</itemgap>
				<onup>555</onup>
				<ondown>500</ondown>
				<onleft>212</onleft>
				<onright>212</onright>
				<control type="button" id="345">
					<description>Shutdown</description>
					<include>MenuBarIconBtn</include>
					<texturefocus>gui/menu-bar-power-focus.png</texturefocus>
					<texturenofocus>gui/menu-bar-power-nofocus.png</texturenofocus>
					<onclick>ActivateWindow(ShutdownMenu)</onclick>
				</control>
				<control type="button" id="346">
					<description>Favourites</description>
					<include>MenuBarIconBtn</include>
					<texturefocus>gui/menu-bar-favourites-focus.png</texturefocus>
					<texturenofocus>gui/menu-bar-favourites-nofocus.png</texturenofocus>
					<onclick>ActivateWindow(Favourites)</onclick>
				</control>
				<control type="togglebutton" id="347">
					<description>Extra Options</description>
					<include>MenuBarIconBtn</include>
					<texturefocus>gui/menu-bar-options-focus.png</texturefocus>
					<texturenofocus>gui/menu-bar-options-nofocus.png</texturenofocus>
					<alttexturefocus>gui/menu-bar-options-focus2.png</alttexturefocus>
					<alttexturenofocus>gui/menu-bar-options-nofocus2.png</alttexturenofocus>
					<usealttexture>Skin.HasSetting(ShowMediaExtraOptions)</usealttexture>
					<onclick>Skin.ToggleSetting(ShowMediaExtraOptions)</onclick>
				</control>
			</control>

			<control type="group">      				
				<include>MenuBarOptions</include>
				<include>MenuBarOptionsSwitchAnim</include>
				<visible>!Skin.HasSetting(ShowMediaExtraOptions)</visible>
			</control>
			
			<control type="group">   			
				<include condition="!Window.IsActive(AddonBrowser)">MenuBarExtraOptions</include>
				<include condition="Window.IsActive(AddonBrowser)">MenuBarExtraOptionsAddonBrowser</include>
				<include>MenuBarOptionsSwitchAnim</include>
				<visible>Skin.HasSetting(ShowMediaExtraOptions)</visible>
			</control>		
		</control>
	</include>	
	
	<include name="MenuBarOptions">
		<control type="grouplist" id="212">
			<left>99</left>
			<top>0</top>
			<width>ScreenWidth</width>
			<height>MenuBarHeight</height>
			<itemgap>0</itemgap>
			<onup>555</onup>
			<ondown>500</ondown>
			<onleft>347</onleft>
			<onright>345</onright>
			<orientation>horizontal</orientation>
			<usecontrolcoords>true</usecontrolcoords>
			<include>MenuBarBtnOpenCloseAnim</include>
			<visible>ControlGroup(505).HasFocus | !Skin.HasSetting(HideMenuBar)</visible>
			<control type="image" id="350">
				<include>MenuBarSeparator</include>
			</control>
			<control type="button" id="400">
				<description>View As</description>
				<include>MenuBarArrowBtn</include>
				<label>[UPPERCASE]$INFO[Control.GetLabel(2)][/UPPERCASE]</label>
				<onclick>ActivateWindow(3002)</onclick>
				<onclick>Control.SetFocus(500)</onclick>
			</control>	
			<control type="image" id="351">
				<include>MenuBarSeparator</include>
			</control>
			<control type="button" id="437">
				<description>View Options</description>
				<include>MenuBarArrowBtn</include>
				<label>[UPPERCASE]$LOCALIZE[14018][/UPPERCASE]</label>
				<onclick condition="Control.IsVisible(50)">Skin.SetString(CurrentViewMode,50)</onclick>
				<onclick condition="Control.IsVisible(51)">Skin.SetString(CurrentViewMode,51)</onclick>
				<onclick condition="Control.IsVisible(52)">Skin.SetString(CurrentViewMode,52)</onclick>
				<onclick condition="Control.IsVisible(53)">Skin.SetString(CurrentViewMode,53)</onclick>
				<onclick condition="Control.IsVisible(54)">Skin.SetString(CurrentViewMode,54)</onclick>
				<onclick condition="Control.IsVisible(56)">Skin.SetString(CurrentViewMode,56)</onclick>
				<onclick condition="Control.IsVisible(58)">Skin.SetString(CurrentViewMode,58)</onclick>
				<onclick condition="Control.IsVisible(61)">Skin.SetString(CurrentViewMode,61)</onclick>
				<onclick condition="Control.IsVisible(62)">Skin.SetString(CurrentViewMode,62)</onclick>
				<onclick condition="Control.IsVisible(63)">Skin.SetString(CurrentViewMode,63)</onclick>
				<onclick condition="Control.IsVisible(64)">Skin.SetString(CurrentViewMode,64)</onclick>
				<onclick condition="Control.IsVisible(65)">Skin.SetString(CurrentViewMode,65)</onclick>
				<onclick condition="Control.IsVisible(66)">Skin.SetString(CurrentViewMode,66)</onclick>
				<onclick condition="Control.IsVisible(67)">Skin.SetString(CurrentViewMode,67)</onclick>
				<onclick condition="Control.IsVisible(68)">Skin.SetString(CurrentViewMode,68)</onclick>
				<onclick condition="Control.IsVisible(69)">Skin.SetString(CurrentViewMode,69)</onclick>
				<onclick condition="Control.IsVisible(70)">Skin.SetString(CurrentViewMode,70)</onclick>
				<onclick condition="Control.IsVisible(73)">Skin.SetString(CurrentViewMode,73)</onclick>
				<onclick condition="Control.IsVisible(74)">Skin.SetString(CurrentViewMode,74)</onclick>
				<onclick condition="Control.IsVisible(75)">Skin.SetString(CurrentViewMode,75)</onclick>
				<onclick condition="Control.IsVisible(76)">Skin.SetString(CurrentViewMode,76)</onclick>
				<onclick condition="Control.IsVisible(77)">Skin.SetString(CurrentViewMode,77)</onclick>
				<onclick condition="Control.IsVisible(90)">Skin.SetString(CurrentViewMode,90)</onclick>
				<onclick condition="Control.IsVisible(91)">Skin.SetString(CurrentViewMode,91)</onclick>
				<onclick condition="Control.IsVisible(93)">Skin.SetString(CurrentViewMode,93)</onclick>
				<onclick condition="Control.IsVisible(94)">Skin.SetString(CurrentViewMode,94)</onclick>
				<onclick condition="Control.IsVisible(95)">Skin.SetString(CurrentViewMode,95)</onclick>
				<onclick condition="Control.IsVisible(96)">Skin.SetString(CurrentViewMode,96)</onclick>
				<onclick condition="Control.IsVisible(97)">Skin.SetString(CurrentViewMode,97)</onclick>
				<onclick condition="Control.IsVisible(599)">Skin.SetString(CurrentViewMode,599)</onclick>
				<onclick condition="Control.IsVisible(100)">Skin.SetString(CurrentViewMode,100)</onclick>
				<onclick condition="Control.IsVisible(586)">Skin.SetString(CurrentViewMode,586)</onclick>
				<onclick condition="Control.IsVisible(587)">Skin.SetString(CurrentViewMode,587)</onclick>
				<onclick condition="Control.IsVisible(588)">Skin.SetString(CurrentViewMode,588)</onclick>
				<onclick condition="Control.IsVisible(589)">Skin.SetString(CurrentViewMode,589)</onclick>
				<onclick condition="Control.IsVisible(590)">Skin.SetString(CurrentViewMode,590)</onclick>
				<onclick condition="Control.IsVisible(591)">Skin.SetString(CurrentViewMode,591)</onclick>
				<onclick condition="Control.IsVisible(592)">Skin.SetString(CurrentViewMode,592)</onclick>
				<onclick condition="Control.IsVisible(593)">Skin.SetString(CurrentViewMode,593)</onclick>
				<onclick condition="Control.IsVisible(594)">Skin.SetString(CurrentViewMode,594)</onclick>
				<onclick condition="Control.IsVisible(595)">Skin.SetString(CurrentViewMode,595)</onclick>
				<onclick condition="Control.IsVisible(596)">Skin.SetString(CurrentViewMode,596)</onclick>
				<onclick condition="Control.IsVisible(597)">Skin.SetString(CurrentViewMode,597)</onclick>
				<onclick condition="Control.IsVisible(598)">Skin.SetString(CurrentViewMode,598)</onclick>
				<onclick>ActivateWindow(3017)</onclick>
				<onclick>Control.SetFocus(500)</onclick>
			</control>	
			<control type="image" id="438">
				<include>MenuBarSeparator</include>
			</control>
			<control type="button" id="3">
				<description>Sort By</description>
				<include>MenuBarBigBtn</include>
				<label>[UPPERCASE]$LOCALIZE[103][/UPPERCASE]</label>
			</control>
			<!--<control type="button" id="401">
				<description>Sort By</description>
				<include>MenuBarArrowBtn</include>
				<label>[UPPERCASE]$INFO[Control.GetLabel(3)][/UPPERCASE]</label>
				<onclick>ActivateWindow(3003)</onclick>
				<onclick>Control.SetFocus(500)</onclick>
				<visible>!Substring(Container.FolderPath,plugin:)</visible>
			</control>
			<control type="button" id="439">
				<description>Sort By</description>
				<include>MenuBarBigBtn</include>
				<label>[UPPERCASE]$INFO[Control.GetLabel(3)][/UPPERCASE]</label>
				<onclick>Container.NextSortMethod</onclick>
				<visible>Substring(Container.FolderPath,plugin:)</visible>
			</control>-->
			<control type="image" id="352">
				<include>MenuBarSeparator</include>
			</control>
			<control type="togglebutton" id="404">			
				<description>Order By</description>
				<include>MenuBarBigBtn</include>
				<label>$LOCALIZE[21429]: $LOCALIZE[21430]</label>
				<altlabel>$LOCALIZE[21429]: $LOCALIZE[21431]</altlabel>
				<alttexturefocus border="4">gui/menu-bar-button-focus.png</alttexturefocus>
				<alttexturenofocus>-</alttexturenofocus>
				<onclick>Container.SortDirection</onclick>
			</control>
			<control type="image" id="355">
				<include>MenuBarSeparator</include>
			</control>
			<control type="button" id="402">
				<description>Video Library</description>
				<include>MenuBarArrowBtn</include>
				<label>[UPPERCASE]$LOCALIZE[14022][/UPPERCASE]</label>
				<onclick>ActivateWindow(3004)</onclick>
				<onclick>Control.SetFocus(500)</onclick>
				<enable>Substring(Container.FolderPath,videodb)</enable>
				<visible>Window.IsVisible(Videos) | Window.IsVisible(Videos,Files)</visible>
			</control>
			<control type="image" id="353">
				<include>MenuBarSeparator</include>
				<visible>Window.IsVisible(Videos) | Window.IsVisible(Videos,Files)</visible>
			</control>
			<control type="button" id="436">
				<description>Music Library</description>
				<include>MenuBarArrowBtn</include>
				<label>[UPPERCASE]$LOCALIZE[14022][/UPPERCASE]</label>
				<onclick>ActivateWindow(3004)</onclick>
				<onclick>Control.SetFocus(500)</onclick>
				<enable>Substring(Container.FolderPath,musicdb) | Substring(Container.FolderPath,videodb://musicvideos/)</enable>
				<visible>Window.IsVisible(MusicLibrary) | Window.IsVisible(MusicFiles)</visible>
			</control>
			<control type="image" id="369">
				<include>MenuBarSeparator</include>
				<visible>Window.IsVisible(MusicLibrary) | Window.IsVisible(MusicFiles)</visible>
			</control>
			<control type="button" id="405">			
				<description>Video Settings</description>
				<include>MenuBarBtn</include>
				<align>center</align>
				<label>[UPPERCASE]$LOCALIZE[10004][/UPPERCASE]</label>
				<onclick>ActivateWindow(VideosSettings)</onclick>
				<visible>Window.IsVisible(Videos) | Window.IsVisible(Videos,Files)</visible>
			</control>
			<control type="button" id="406">			
				<description>Music Settings</description>
				<include>MenuBarBtn</include>
				<align>center</align>
				<label>[UPPERCASE]$LOCALIZE[10004][/UPPERCASE]</label>
				<onclick>ActivateWindow(MusicSettings)</onclick>
				<visible>Window.IsVisible(MusicLibrary) | Window.IsVisible(MusicFiles)</visible>
			</control>
			<control type="button" id="407">			
				<description>Picture Settings</description>
				<include>MenuBarBtn</include>
				<align>center</align>
				<label>[UPPERCASE]$LOCALIZE[10004][/UPPERCASE]</label>
				<onclick>ActivateWindow(PicturesSettings)</onclick>
				<visible>Window.IsVisible(Pictures)</visible>
			</control>
			<control type="image" id="370">
				<include>MenuBarSeparator</include>
				<visible>Window.IsVisible(Videos) | Window.IsVisible(Videos,Files) | Window.IsVisible(Pictures) | Window.IsVisible(MusicLibrary) | Window.IsVisible(MusicFiles)</visible>
			</control>
			<control type="button" id="411">
				<description>Go to playlist</description>
				<width>180</width>
				<textwidth>154</textwidth>
				<include>MenuBarBtn</include>
				<onclick condition="Player.HasAudio">ActivateWindow(musicplaylist)</onclick>
				<onclick condition="Player.HasVideo">ActivateWindow(videoplaylist)</onclick>
				<label>[UPPERCASE]$LOCALIZE[13350][/UPPERCASE]</label>
				<visible>Window.IsActive(AddonBrowser) + [Player.HasAudio | [Player.HasVideo + !VideoPlayer.Content(livetv)]]</visible>
			</control>
			<control type="image" id="371">
				<include>MenuBarSeparator</include>
				<visible>Window.IsActive(AddonBrowser) + [Player.HasAudio | [Player.HasVideo + !VideoPlayer.Content(livetv)]]</visible>
			</control>
			<control type="button" id="412">
				<description>Fullscreen</description>
				<width>180</width>
				<textwidth>154</textwidth>
				<include>MenuBarBtn</include>
				<onclick>fullscreen</onclick>
				<label>[UPPERCASE]$LOCALIZE[31961][/UPPERCASE]</label>
				<visible>Window.IsActive(AddonBrowser) + Player.HasMedia</visible>
			</control>
			<control type="image" id="372">
				<include>MenuBarSeparator</include>
				<visible>Window.IsActive(AddonBrowser) + Player.HasMedia</visible>
			</control>
		</control>
		
		<control type="button" id="2">
			<visible>false</visible>
		</control>
		
		<control type="button" id="3">
			<visible>false</visible>
		</control>
	</include>
	
	<include name="MenuBarExtraOptions">
		<control type="grouplist" id="212">
			<left>99</left>
			<top>0</top>
			<width>ScreenWidth</width>
			<height>MenuBarHeight</height>
			<itemgap>0</itemgap>
			<onup>555</onup>
			<ondown>500</ondown>
			<onleft>347</onleft>
			<onright>345</onright>
			<orientation>horizontal</orientation>
			<usecontrolcoords>true</usecontrolcoords>
			<include>MenuBarBtnOpenCloseAnim</include>
			<visible>ControlGroup(505).HasFocus | !Skin.HasSetting(HideMenuBar)</visible>
			<control type="image" id="99">
				<include>MenuBarSeparator</include>
			</control>
			<control type="radiobutton" id="16">
				<description>Party Mode</description>
				<include>MenuBarRadioBtn</include>
				<label>[UPPERCASE]$LOCALIZE[589][/UPPERCASE]</label>
				<visible>Window.IsVisible(Videos) | Window.IsVisible(MusicLibrary)</visible>
			</control>
			<control type="image" id="105">
				<include>MenuBarSeparator</include>
				<visible>Window.IsVisible(Videos) | Window.IsVisible(MusicLibrary)</visible>
			</control>
			<control type="button" id="10">
				<description>All Videos/Watched/Unwatched</description>
				<include>MenuBarRadioBtn</include>
				<visible>Window.IsVisible(Videos)</visible>
			</control>
			<control type="image" id="104">
				<include>MenuBarSeparator</include>
				<visible>Window.IsVisible(Videos)</visible>
			</control>
			<control type="button" id="8">			
				<description>Search</description>
				<include>MenuBarBtn</include>
				<label>$LOCALIZE[137]</label>
				<enable>Window.IsVisible(Videos) | Window.IsActive(MusicLibrary)</enable>
				<visible>[Window.IsVisible(Videos) | Window.IsActive(MusicLibrary) | Window.IsVisible(Videos,Files) | Window.IsVisible(MusicFiles)] + Skin.HasSetting(UseGlobalsearch)</visible>
			</control>
			<control type="button" id="367">			
				<description>Global Search</description>
				<include>MenuBarBtn</include>
				<label>$LOCALIZE[31058] $LOCALIZE[137]</label>
				<onclick>RunScript(script.globalsearch)</onclick>
				<enable>Window.IsVisible(Videos) | Window.IsActive(MusicLibrary)</enable>
				<visible>[Window.IsVisible(Videos) | Window.IsActive(MusicLibrary) | Window.IsVisible(Videos,Files) | Window.IsVisible(MusicFiles)] + !Skin.HasSetting(UseGlobalsearch)</visible>
			</control>
			<control type="image" id="368">
				<include>MenuBarSeparator</include>
				<visible>Window.IsVisible(Videos) | Window.IsActive(MusicLibrary) | Window.IsVisible(Videos,Files) | Window.IsVisible(MusicFiles)</visible>
			</control>
			<control type="button" id="19">
				<visible>Container.CanFilter + !Container.CanFilterAdvanced</visible>
				<description>Filter</description>
				<textwidth>230</textwidth>
				<include>MenuBarBtn</include>
				<label>[UPPERCASE]$LOCALIZE[587][/UPPERCASE]</label>
			</control>
			<control type="image" id="101">
				<visible>Container.CanFilter + !Container.CanFilterAdvanced</visible>
				<include>MenuBarSeparator</include>
			</control>
			<control type="button" id="98">
				<visible>Container.CanFilterAdvanced</visible>
				<description>Filter</description>
				<include>MenuBarBtn</include>
				<label>[UPPERCASE]$LOCALIZE[587][/UPPERCASE]</label>
				<selected>Container.Filtered</selected>
				<onclick>Filter</onclick>
			</control>
			<control type="image" id="116">
				<visible>Container.CanFilterAdvanced</visible>
				<include>MenuBarSeparator</include>
			</control>
			<control type="togglebutton" id="20">
				<description>Update Library</description>
				<include>MenuBarBtn</include>
				<label>[UPPERCASE]$LOCALIZE[653][/UPPERCASE]</label>
				<altlabel>[UPPERCASE]$LOCALIZE[13353][/UPPERCASE]</altlabel>
				<alttexturenofocus>-</alttexturenofocus>
				<usealttexture>library.isscanningvideo</usealttexture>
				<visible>Window.IsVisible(Videos) | Window.IsActive(MusicLibrary)</visible>
			</control>
			<control type="image" id="117">
				<include>MenuBarSeparator</include>
				<visible>Window.IsVisible(Videos) | Window.IsActive(MusicLibrary)</visible>
			</control>
			<control type="button" id="408">
				<description>Go to playlist</description>
				<include>MenuBarBtn</include>
				<onclick condition="Player.HasAudio">ActivateWindow(musicplaylist)</onclick>
				<onclick condition="Player.HasVideo">ActivateWindow(videoplaylist)</onclick>
				<label>[UPPERCASE]$LOCALIZE[13350][/UPPERCASE]</label>
				<visible>Player.HasAudio | [Player.HasVideo + !VideoPlayer.Content(livetv)]</visible>
			</control>
			<control type="image" id="118">
				<include>MenuBarSeparator</include>
				<visible>Player.HasAudio | [Player.HasVideo + !VideoPlayer.Content(livetv)]</visible>
			</control>
			<control type="button" id="409">
				<description>Fullscreen</description>
				<include>MenuBarBtn</include>
				<onclick>fullscreen</onclick>
				<label>[UPPERCASE]$LOCALIZE[31961][/UPPERCASE]</label>
				<visible>Player.HasMedia</visible>
			</control>
			<control type="image" id="119">
				<include>MenuBarSeparator</include>
				<visible>Player.HasMedia</visible>
			</control>
			<control type="radiobutton" id="410">			
				<description>Shuffle</description>
				<include>MenuBarRadioBtn</include>
				<label>[UPPERCASE]$LOCALIZE[191][/UPPERCASE]</label>
				<onclick>PlayerControl(Random)</onclick>
				<visible>Window.IsVisible(VideoPlaylist) | Window.IsVisible(MusicPlaylist)</visible>
			</control>
			<control type="image" id="109">
				<include>MenuBarSeparator</include>
				<visible>Window.IsVisible(VideoPlaylist) | Window.IsVisible(MusicPlaylist)</visible>
			</control>
			<control type="button" id="26">			
				<description>Repeat</description>
				<include>MenuBarBtn</include>
				<align>center</align>
				<label>[UPPERCASE]$LOCALIZE[486][/UPPERCASE]</label>
				<onclick>PlayerControl(Repeat)</onclick>
				<visible>Window.IsVisible(VideoPlaylist) | Window.IsVisible(MusicPlaylist)</visible>
			</control>
			<control type="image" id="110">
				<include>MenuBarSeparator</include>
				<visible>Window.IsVisible(VideoPlaylist) | Window.IsVisible(MusicPlaylist)</visible>
			</control>
			<control type="button" id="21">			
				<description>Save</description>
				<include>MenuBarBtn</include>
				<align>center</align>
				<label>[UPPERCASE]$LOCALIZE[190][/UPPERCASE]</label>
				<visible>Window.IsVisible(VideoPlaylist) | Window.IsVisible(MusicPlaylist)</visible>
			</control>
			<control type="image" id="111">
				<include>MenuBarSeparator</include>
				<visible>Window.IsVisible(VideoPlaylist) | Window.IsVisible(MusicPlaylist)</visible>
			</control>
			<control type="button" id="22">			
				<description>Clear</description>
				<include>MenuBarBtn</include>
				<align>center</align>
				<label>[UPPERCASE]$LOCALIZE[192][/UPPERCASE]</label>
				<visible>Window.IsVisible(VideoPlaylist) | Window.IsVisible(MusicPlaylist)</visible>
			</control>
			<control type="image" id="112">
				<include>MenuBarSeparator</include>
				<visible>Window.IsVisible(VideoPlaylist) | Window.IsVisible(MusicPlaylist)</visible>
			</control>
			<control type="button" id="6">
				<description>SlideShow</description>
				<include>MenuBarBtn</include>
				<label>[UPPERCASE]$LOCALIZE[108][/UPPERCASE]</label>
				<enable>!IsEmpty(Container.FolderPath)</enable>
				<visible>Window.IsVisible(Pictures)</visible>
				<onleft>185</onleft>
			</control>
			<control type="image" id="107">
				<include>MenuBarSeparator</include>
				<visible>Window.IsVisible(Pictures)</visible>
			</control>
			<control type="button" id="7">
				<description>Recursive SlideShow</description>
				<include>MenuBarBtn</include>
				<label>[UPPERCASE]$LOCALIZE[361][/UPPERCASE]</label>
				<enable>!IsEmpty(Container.FolderPath)</enable>
				<visible>Window.IsVisible(Pictures)</visible>
			</control>
			<control type="image" id="108">
				<include>MenuBarSeparator</include>
				<visible>Window.IsVisible(Pictures)</visible>
			</control>
			<control type="radiobutton" id="9">
				<description>Randomize</description>
				<include>MenuBarRadioBtn</include>
				<label>[UPPERCASE]$LOCALIZE[13319][/UPPERCASE]</label>
				<enable>!IsEmpty(Container.FolderPath)</enable>
				<visible>Window.IsVisible(Pictures)</visible>
			</control>
			<control type="image" id="106">
				<include>MenuBarSeparator</include>
				<visible>Window.IsVisible(Pictures)</visible>
			</control>
		</control>		
	</include>
	
	<include name="MenuBarExtraOptionsAddonBrowser">
		<control type="grouplist" id="212">
			<left>99</left>
			<top>0</top>
			<width>ScreenWidth</width>
			<height>MenuBarHeight</height>
			<itemgap>0</itemgap>
			<onup>555</onup>
			<ondown>500</ondown>
			<onleft>347</onleft>
			<onright>345</onright>
			<orientation>horizontal</orientation>
			<usecontrolcoords>true</usecontrolcoords>
			<include>MenuBarBtnOpenCloseAnim</include>
			<visible>ControlGroup(505).HasFocus | !Skin.HasSetting(HideMenuBar)</visible>
			<control type="image" id="99">
				<include>MenuBarSeparator</include>
			</control>
			<control type="button" id="19">
				<visible>Container.CanFilter + !Container.CanFilterAdvanced</visible>
				<description>Filter</description>
				<width>190</width>
				<textwidth>164</textwidth>
				<include>MenuBarBtn</include>
				<label>[UPPERCASE]$LOCALIZE[587][/UPPERCASE]</label>
			</control>
			<control type="image" id="101">
				<visible>Container.CanFilter + !Container.CanFilterAdvanced</visible>
				<include>MenuBarSeparator</include>
			</control>
			<control type="button" id="98">
				<visible>Container.CanFilterAdvanced</visible>
				<description>Filter</description>
				<width>190</width>
				<textwidth>164</textwidth>
				<include>MenuBarBtn</include>
				<label>[UPPERCASE]$LOCALIZE[587][/UPPERCASE]</label>
				<selected>Container.Filtered</selected>
				<onclick>Filter</onclick>
			</control>
			<control type="image" id="116">
				<visible>Container.CanFilterAdvanced</visible>
				<include>MenuBarSeparator</include>
			</control>
			<control type="button" id="5">
				<description>Enable auto-updates</description>
				<width>190</width>
				<textwidth>164</textwidth>
				<include>MenuBarBtn</include>
				<label>[UPPERCASE]$LOCALIZE[24063][/UPPERCASE]</label>
			</control>
			<control type="image" id="120">
				<include>MenuBarSeparator</include>
			</control>
			<control type="button" id="9">
				<description>Force Refresh Repo</description>
				<width>190</width>
				<textwidth>164</textwidth>
				<include>MenuBarBtn</include>
				<label>[UPPERCASE]$LOCALIZE[24034][/UPPERCASE]</label>
			</control>
			<control type="image" id="121">
				<include>MenuBarSeparator</include>
			</control>
			<control type="radiobutton" id="6">
				<description>No notifications</description>
				<width>197</width>
				<textwidth>122</textwidth>
				<include>MenuBarRadioBtn</include>
				<label>[UPPERCASE]$LOCALIZE[25000][/UPPERCASE]</label>
			</control>
			<control type="image" id="122">
				<include>MenuBarSeparator</include>
			</control>
			<control type="radiobutton" id="7">
				<description>Hide foreign</description>
				<width>197</width>
				<textwidth>122</textwidth>
				<include>MenuBarRadioBtn</include>
				<label>[UPPERCASE]$LOCALIZE[25001][/UPPERCASE]</label>
			</control>
			<control type="image" id="123">
				<include>MenuBarSeparator</include>
			</control>
			<control type="radiobutton" id="8">
				<description>Show / Hide broken add-ons</description>
				<width>197</width>
				<textwidth>122</textwidth>
				<include>MenuBarRadioBtn</include>
				<label>[UPPERCASE]$LOCALIZE[24999][/UPPERCASE]</label>
			</control>
			<control type="image" id="124">
				<include>MenuBarSeparator</include>
			</control>
		</control>		
	</include>
	
	<include name="SettingsMenuBar">
		<control type="grouplist" id="850">
			<left>2</left>
			<top>0</top>
			<width>1278</width>
			<height>MenuBarHeight</height>
			<itemgap>0</itemgap>
			<onup>555</onup>
			<ondown>9001</ondown>
			<onleft>850</onleft>
			<onright>850</onright>
			<orientation>horizontal</orientation>
			<usecontrolcoords>true</usecontrolcoords>
			<include>MenuBarBtnOpenCloseAnim</include>
			<control type="button" id="101">
				<description>Appearance</description>
				<include>MenuBarSettingsBtn2</include>
				<label>[UPPERCASE]$LOCALIZE[480][/UPPERCASE]</label>
				<onclick>ReplaceWindow(AppearanceSettings)</onclick>	
			</control>	
			<control type="image" id="116">
				<include>MenuBarSeparator</include>
			</control>
			<control type="button" id="104">
				<description>Music</description>
				<include>MenuBarSettingsBtn2</include>
				<label>[UPPERCASE]$LOCALIZE[2][/UPPERCASE]</label>
				<onclick>ReplaceWindow(MusicSettings)</onclick>	
			</control>
			<control type="image" id="119">
				<include>MenuBarSeparator</include>
			</control>
			<control type="button" id="105">
				<description>Videos</description>
				<include>MenuBarSettingsBtn2</include>
				<label>[UPPERCASE]$LOCALIZE[3][/UPPERCASE]</label>
				<onclick>ReplaceWindow(VideosSettings)</onclick>	
			</control>
			<control type="image" id="120">
				<include>MenuBarSeparator</include>
			</control>
			<control type="button" id="110">
				<description>PVR</description>
				<include>MenuBarSettingsBtn2</include>
				<label>[UPPERCASE]$LOCALIZE[31909][/UPPERCASE]</label>
				<onclick>ReplaceWindow(PVRSettings)</onclick>
			</control>
			<control type="image" id="124">
				<include>MenuBarSeparator</include>
			</control>
			<control type="button" id="103">
				<description>Pictures</description>
				<include>MenuBarSettingsBtn2</include>
				<label>[UPPERCASE]$LOCALIZE[1][/UPPERCASE]</label>
				<onclick>ReplaceWindow(PicturesSettings)</onclick>	
			</control>
			<control type="image" id="118">
				<include>MenuBarSeparator</include>
			</control>
			<control type="button" id="106">
				<description>Weather</description>
				<include>MenuBarSettingsBtn2</include>
				<label>[UPPERCASE]$LOCALIZE[8][/UPPERCASE]</label>
				<onclick>ReplaceWindow(WeatherSettings)</onclick>	
			</control>
			<control type="image" id="121">
				<include>MenuBarSeparator</include>
			</control>
			<control type="button" id="107">
				<description>Services</description>
				<include>MenuBarSettingsBtn2</include>
				<label>[UPPERCASE]$LOCALIZE[14036][/UPPERCASE]</label>
				<onclick>ReplaceWindow(ServiceSettings)</onclick>	
			</control>
			<control type="image" id="122">
				<include>MenuBarSeparator</include>
			</control>
			<control type="button" id="108">
				<description>System</description>
				<include>MenuBarSettingsBtn2</include>
				<label>[UPPERCASE]$LOCALIZE[13000][/UPPERCASE]</label>
				<onclick>ReplaceWindow(SystemSettings)</onclick>	
			</control>
			<control type="image" id="123">
				<include>MenuBarSeparator</include>
			</control>
			<control type="button" id="109">
				<description>Skin</description>
				<include>MenuBarSettingsBtn2</include>
				<label>[UPPERCASE]$LOCALIZE[166][/UPPERCASE]</label>
				<onclick>ReplaceWindow(SkinSettings)</onclick>	
			</control>
		</control>
	</include>
	
	<include name="MyWeatherMenuBar">
		<control type="grouplist" id="850">
			<left>2</left>
			<top>0</top>
			<width>ScreenWidth</width>
			<height>MenuBarHeight</height>
			<itemgap>0</itemgap>
			<onup>555</onup>
			<ondown>9001</ondown>
			<onleft>850</onleft>
			<onright>850</onright>
			<orientation>horizontal</orientation>
			<usecontrolcoords>true</usecontrolcoords>
			<include>MenuBarBtnOpenCloseAnim</include>
			<control type="spincontrolex" id="3">
				<description>Select Location</description>
				<width>160</width>
				<height>MenuBarHeight</height>	
				<font>-</font>	
				<textcolor>ButtonColor</textcolor>
				<focusedcolor>ButtonFocusColor</focusedcolor>
				<aligny>center</aligny>
				<textoffsetx>13</textoffsetx>
				<textwidth>106</textwidth>
				<align>left</align>
				<texturefocus border="4">gui/menu-bar-button-focus.png</texturefocus>
				<texturenofocus>-</texturenofocus>
			</control>
			<control type="label" id="119">
				<description>Select Location Label</description>
				<left>-160</left>
				<width>160</width>
				<height>MenuBarHeight</height>	
				<font>MenuBarBtnFont</font>	
				<textcolor>WhiteColor</textcolor>
				<shadowcolor>ShadowColor</shadowcolor>
				<aligny>center</aligny>
				<textoffsetx>10</textoffsetx>
				<textwidth>90</textwidth>
				<label>$LOCALIZE[35500]</label>
				<visible>Control.HasFocus(3)</visible>
			</control>
			<control type="label" id="120">
				<description>Select Location Label</description>
				<left>-160</left>
				<width>160</width>
				<height>MenuBarHeight</height>	
				<font>MenuBarBtnFont</font>	
				<textcolor>ButtonColor</textcolor>
				<shadowcolor>ShadowColor</shadowcolor>
				<aligny>center</aligny>
				<textoffsetx>10</textoffsetx>
				<textwidth>90</textwidth>
				<label>$LOCALIZE[35500]</label>
				<visible>!Control.HasFocus(3)</visible>
			</control>		
			<control type="image" id="116">
				<include>MenuBarSeparator</include>
			</control>
			<control type="button" id="2">
				<description>Refresh</description>
				<include>MenuBarBtn</include>
				<label>[UPPERCASE]$LOCALIZE[103][/UPPERCASE]</label>
			</control>
			<control type="image" id="117">
				<include>MenuBarSeparator</include>
			</control>
			<control type="button" id="4">
				<description>Settings</description>
				<include>MenuBarBtn</include>
				<label>[UPPERCASE]$LOCALIZE[5][/UPPERCASE]</label>
				<onclick>ActivateWindow(WeatherSettings)</onclick>
			</control>
			<control type="image" id="118">
				<include>MenuBarSeparator</include>
			</control>
		</control>	
	</include>

	<include name="MyOpenWeatherMapMenuBar">
		<control type="grouplist" id="850">
			<left>2</left>
			<top>0</top>
			<width>ScreenWidth</width>
			<height>MenuBarHeight</height>
			<itemgap>0</itemgap>
			<onup>555</onup>
			<ondown>500</ondown>
			<onleft>850</onleft>
			<onright>850</onright>
			<orientation>horizontal</orientation>
			<usecontrolcoords>true</usecontrolcoords>
			<include>MenuBarBtnOpenCloseAnim</include>
			<control type="spincontrolex" id="3">
				<description>Select Location</description>
				<width>160</width>
				<height>MenuBarHeight</height>	
				<font>-</font>	
				<textcolor>ButtonColor</textcolor>
				<focusedcolor>ButtonFocusColor</focusedcolor>
				<aligny>center</aligny>
				<textoffsetx>13</textoffsetx>
				<textwidth>106</textwidth>
				<align>left</align>
				<texturefocus border="4">gui/menu-bar-button-focus.png</texturefocus>
				<texturenofocus>-</texturenofocus>
			</control>
			<control type="label" id="119">
				<description>Select Location Label</description>
				<left>-160</left>
				<width>160</width>
				<height>MenuBarHeight</height>	
				<font>MenuBarBtnFont</font>	
				<textcolor>WhiteColor</textcolor>
				<shadowcolor>ShadowColor</shadowcolor>
				<aligny>center</aligny>
				<textoffsetx>10</textoffsetx>
				<textwidth>90</textwidth>
				<label>$LOCALIZE[35500]</label>
				<visible>Control.HasFocus(3)</visible>
			</control>
			<control type="label" id="120">
				<description>Select Location Label</description>
				<left>-160</left>
				<width>160</width>
				<height>MenuBarHeight</height>	
				<font>MenuBarBtnFont</font>	
				<textcolor>ButtonColor</textcolor>
				<shadowcolor>ShadowColor</shadowcolor>
				<aligny>center</aligny>
				<textoffsetx>10</textoffsetx>
				<textwidth>90</textwidth>
				<label>$LOCALIZE[35500]</label>
				<visible>!Control.HasFocus(3)</visible>
			</control>
			<control type="image" id="116">
				<include>MenuBarSeparator</include>
			</control>
			<control type="button" id="101">
				<description>Today</description>
				<width>138</width>
				<include>MenuBarBtn</include>
				<label>[UPPERCASE]$LOCALIZE[33006][/UPPERCASE]</label>
				<onfocus>Skin.SetString(OpenWeatherMap,1)</onfocus>
			</control>
			<control type="image" id="117">
				<include>MenuBarSeparator</include>
			</control>
			<control type="button" id="102">
				<description>36 Hour</description>
				<width>138</width>
				<include>MenuBarBtn</include>
				<label>[UPPERCASE]$LOCALIZE[33034][/UPPERCASE]</label>
				<onfocus>Skin.SetString(OpenWeatherMap,2)</onfocus>
			</control>
			<control type="image" id="118">
				<include>MenuBarSeparator</include>
			</control>
			<control type="button" id="103">
				<description>Weekend</description>
				<width>138</width>
				<include>MenuBarBtn</include>
				<label>[UPPERCASE]$LOCALIZE[33037][/UPPERCASE]</label>
				<onfocus>Skin.SetString(OpenWeatherMap,3)</onfocus>
			</control>
			<control type="image" id="124">
				<include>MenuBarSeparator</include>
			</control>
			<control type="button" id="104">
				<description>Hourly</description>
				<width>138</width>
				<ondown>990</ondown>
				<include>MenuBarBtn</include>
				<label>[UPPERCASE]$LOCALIZE[33036][/UPPERCASE]</label>
				<onfocus>Skin.SetString(OpenWeatherMap,4)</onfocus>
			</control>
			<control type="image" id="125">
				<include>MenuBarSeparator</include>
			</control>
			<control type="button" id="105">
				<description>16 Days</description>
				<width>138</width>
				<ondown>991</ondown>
				<include>MenuBarBtn</include>
				<label>[UPPERCASE]16 $LOCALIZE[12393][/UPPERCASE]</label>
				<onfocus>Skin.SetString(OpenWeatherMap,5)</onfocus>
			</control>
			<control type="image" id="121">
				<include>MenuBarSeparator</include>
			</control>
			<control type="button" id="106">
				<description>Maps</description>
				<width>138</width>
				<ondown>994</ondown>
				<include>MenuBarBtn</include>
				<label>[UPPERCASE]$LOCALIZE[33035][/UPPERCASE]</label>
				<onfocus>Skin.SetString(OpenWeatherMap,6)</onfocus>
			</control>
			<control type="image" id="122">
				<include>MenuBarSeparator</include>
			</control>
			<control type="button" id="2">
				<description>Refresh</description>
				<width>132</width>
				<include>MenuBarBtn</include>
				<label>[UPPERCASE]$LOCALIZE[103][/UPPERCASE]</label>
			</control>
			<control type="image" id="123">
				<include>MenuBarSeparator</include>
			</control>
			<control type="button" id="107">
				<description>Settings</description>
				<width>132</width>
				<include>MenuBarBtn</include>
				<label>[UPPERCASE]$LOCALIZE[5][/UPPERCASE]</label>
				<onclick>ActivateWindow(WeatherSettings)</onclick>
			</control>
		</control>	
	</include>

	<include name="PVRMenuBar">
		<control type="group" id="505">
			<description>Menu Bar Area</description>
			<top>MenuBarOffsetY</top>
			<include>MenuBarImage</include>
			<include>MenuBarOpenCloseAnim</include>
			<include>DefaultPVRMenuBar</include>
			<visible allowhiddenfocus="true">ControlGroup(505).HasFocus | !Skin.HasSetting(HideMenuBar)</visible>
		</control>
	</include>

	<include name="DefaultPVRMenuBar">
		<control type="group" id="850">
			<control type="grouplist" id="563">
				<description>Menu Bar Icon Buttons</description>
				<left>5</left>
				<top>0</top>
				<width>150</width>
				<height>MenuBarHeight</height>
				<orientation>horizontal</orientation>
				<itemgap>0</itemgap>
				<onup>555</onup>
				<ondown>500</ondown>
				<onleft>212</onleft>
				<onright>212</onright>
				<control type="button" id="345">
					<description>Shutdown</description>
					<include>MenuBarIconBtn</include>
					<texturefocus>gui/menu-bar-power-focus.png</texturefocus>
					<texturenofocus>gui/menu-bar-power-nofocus.png</texturenofocus>
					<onclick>ActivateWindow(ShutdownMenu)</onclick>
				</control>
				<control type="button" id="346">
					<description>Favourites</description>
					<include>MenuBarIconBtn</include>
					<texturefocus>gui/menu-bar-favourites-focus.png</texturefocus>
					<texturenofocus>gui/menu-bar-favourites-nofocus.png</texturenofocus>
					<onclick>ActivateWindow(Favourites)</onclick>
				</control>
				<control type="togglebutton" id="347">
					<description>Extra Options</description>
					<include>MenuBarIconBtn</include>
					<texturefocus>gui/menu-bar-options-focus.png</texturefocus>
					<texturenofocus>gui/menu-bar-options-nofocus.png</texturenofocus>
					<alttexturefocus>gui/menu-bar-options-focus2.png</alttexturefocus>
					<alttexturenofocus>gui/menu-bar-options-nofocus2.png</alttexturenofocus>
					<usealttexture>Skin.HasSetting(PVRMenuBarExtraOptions)</usealttexture>
					<onclick>Skin.ToggleSetting(PVRMenuBarExtraOptions)</onclick>
				</control>
			</control>

			<control type="group">      				
				<include>PVRMenuBarOptions</include>
				<include>MenuBarOptionsSwitchAnim</include>
				<visible>!Skin.HasSetting(PVRMenuBarExtraOptions)</visible>
			</control>

			<control type="group">   			
				<include>PVRMenuBarExtraOptions</include>
				<include>MenuBarOptionsSwitchAnim</include>
				<visible>Skin.HasSetting(PVRMenuBarExtraOptions)</visible>
			</control>		
		</control>
	</include>	

	<include name="PVRMenuBarOptions">
		<control type="grouplist" id="212">
			<left>99</left>
			<top>0</top>
			<width>ScreenWidth</width>
			<height>MenuBarHeight</height>
			<itemgap>0</itemgap>
			<onup>555</onup>
			<ondown>500</ondown>
			<onleft>347</onleft>
			<onright>345</onright>
			<orientation>horizontal</orientation>
			<usecontrolcoords>true</usecontrolcoords>
			<include>MenuBarBtnOpenCloseAnim</include>
			<visible>ControlGroup(505).HasFocus | !Skin.HasSetting(HideMenuBar)</visible>
			<control type="image" id="350">
				<include>MenuBarSeparator</include>
			</control>
			<control type="button" id="32">
				<description>Channels</description>
				<include>MenuBarBtn</include>
				<label>[UPPERCASE]$LOCALIZE[19019][/UPPERCASE]</label>
				<onclick condition="Window.IsActive(TVChannels) | Window.IsActive(RadioChannels)">NextChannelGroup</onclick>
				<onclick condition="IsEmpty(Window.Property(IsRadio))">ActivateWindow(TVChannels)</onclick>
				<onclick condition="!IsEmpty(Window.Property(IsRadio))">ActivateWindow(RadioChannels)</onclick>
			</control>
			<control type="image" id="351">
				<include>MenuBarSeparator</include>
			</control>
			<control type="button" id="33">
				<description>TV Guide</description>
				<include>MenuBarBtn</include>
				<label>[UPPERCASE]$LOCALIZE[22020][/UPPERCASE]</label>
				<onclick condition="Window.IsActive(TVGuide) | Window.IsActive(RadioGuide)">NextChannelGroup</onclick>
				<onclick condition="IsEmpty(Window.Property(IsRadio))">ActivateWindow(TVGuide)</onclick>
				<onclick condition="!IsEmpty(Window.Property(IsRadio))">ActivateWindow(RadioGuide)</onclick>
			</control>
			<control type="image" id="352">
				<include>MenuBarSeparator</include>
			</control>
			<control type="button" id="36">
				<description>Search</description>
				<include>MenuBarBtn</include>
				<label>[UPPERCASE]$LOCALIZE[137][/UPPERCASE]</label>
				<onclick condition="IsEmpty(Window.Property(IsRadio))">ActivateWindow(TVSearch)</onclick>
				<onclick condition="!IsEmpty(Window.Property(IsRadio))">ActivateWindow(RadioSearch)</onclick>
			</control>
			<control type="image" id="353">
				<include>MenuBarSeparator</include>
			</control>
			<control type="button" id="35">
				<description>Timers</description>
				<include>MenuBarBtn</include>
				<label>[UPPERCASE]$LOCALIZE[19040][/UPPERCASE]</label>
				<onclick condition="IsEmpty(Window.Property(IsRadio))">ActivateWindow(TVTimers)</onclick>
				<onclick condition="!IsEmpty(Window.Property(IsRadio))">ActivateWindow(RadioTimers)</onclick>
			</control>
			<control type="image" id="354">
				<include>MenuBarSeparator</include>
			</control>
			<control type="button" id="34">
				<description>Recordings</description>
				<include>MenuBarBtn</include>
				<label>[UPPERCASE]$LOCALIZE[19163][/UPPERCASE]</label>
				<onclick condition="IsEmpty(Window.Property(IsRadio))">ActivateWindow(TVRecordings)</onclick>
				<onclick condition="!IsEmpty(Window.Property(IsRadio))">ActivateWindow(RadioRecordings)</onclick>
			</control>
			<control type="image" id="355">
				<include>MenuBarSeparator</include>
			</control>
			<control type="button" id="2">
				<description>View As button</description>
				<include>MenuBarBtn</include>
				<label>-</label>
				<visible>Window.IsActive(TVGuide) | Window.IsActive(RadioGuide)</visible>
			</control>
			<control type="button" id="37">
				<description>Settings</description>
				<include>MenuBarBtn</include>
				<label>[UPPERCASE]$LOCALIZE[10004][/UPPERCASE]</label>
				<onclick>ActivateWindow(PVRSettings)</onclick>
				<visible>![Window.IsActive(TVGuide) | Window.IsActive(RadioGuide)]</visible>
			</control>
			<control type="image" id="356">
				<include>MenuBarSeparator</include>
			</control>
			<control type="button" id="475">
				<description>View Options</description>
				<include>MenuBarArrowBtn</include>
				<label>[UPPERCASE]$LOCALIZE[14018][/UPPERCASE]</label>
				<onclick>ActivateWindow(3018)</onclick>
				<onclick>Control.SetFocus(500)</onclick>
				<enable>!Skin.HasSetting(EnableKioskMode)</enable>
			</control>
		</control>
	</include>

	<include name="PVRMenuBarExtraOptions">
		<control type="grouplist" id="212">
			<left>99</left>
			<top>0</top>
			<width>ScreenWidth</width>
			<height>MenuBarHeight</height>
			<itemgap>0</itemgap>
			<onup>555</onup>
			<ondown>500</ondown>
			<onleft>347</onleft>
			<onright>345</onright>
			<orientation>horizontal</orientation>
			<usecontrolcoords>true</usecontrolcoords>
			<include>MenuBarBtnOpenCloseAnim</include>
			<visible>ControlGroup(505).HasFocus | !Skin.HasSetting(HideMenuBar)</visible>
			<control type="image" id="99">
				<include>MenuBarSeparator</include>
			</control>
			<control type="button" id="28">
				<description>Channel Groups</description>
				<include>MenuBarBigBtn</include>
				<label>-</label>
			</control>
			<control type="image" id="101">
				<include>MenuBarSeparator</include>
			</control>
			<control type="button" id="3">
				<description>Sort by button</description>
				<include>MenuBarBigBtn</include>
				<label>103</label>
				<enable>!Skin.HasSetting(EnableKioskMode)</enable>
			</control>
			<control type="image" id="102">
				<include>MenuBarSeparator</include>
			</control>
			<control type="togglebutton" id="4">
				<description>Sort asc</description>
				<include>MenuBarBigBtn</include>
				<label>$LOCALIZE[21429]: $LOCALIZE[21430]</label>
				<altlabel>$LOCALIZE[21429]: $LOCALIZE[21431]</altlabel>
				<alttexturefocus border="4">gui/menu-bar-button-focus.png</alttexturefocus>
				<alttexturenofocus>-</alttexturenofocus>
				<enable>!Skin.HasSetting(EnableKioskMode)</enable>
			</control>
			<control type="image" id="103">
				<include>MenuBarSeparator</include>
			</control>			
			<control type="button" id="31">
				<description>Filter</description>
				<include>MenuBarBigBtn</include>
				<label>[UPPERCASE]$LOCALIZE[587][/UPPERCASE]</label>
				<selected>Container.Filtered</selected>
				<onclick>right</onclick>
				<enable>!Skin.HasSetting(EnableKioskMode)</enable>
				<visible>Window.IsActive(TVChannels) | Window.IsActive(RadioChannels)</visible>
			</control>
			<control type="image" id="104">
				<include>MenuBarSeparator</include>
				<visible>Window.IsActive(TVChannels) | Window.IsActive(RadioChannels)</visible>
			</control>
			<control type="radiobutton" id="5">
				<description>Group recording items by folder structure</description>
				<width>200</width>
				<textwidth>125</textwidth>
				<include>MenuBarRadioBtn</include>
				<label>19270</label>
				<enable>!Skin.HasSetting(EnableKioskMode)</enable>
				<visible>Window.IsActive(TVRecordings) | Window.IsActive(RadioRecordings)</visible>
			</control>
			<control type="image" id="105">
				<include>MenuBarSeparator</include>
				<visible>Window.IsActive(TVRecordings) | Window.IsActive(RadioRecordings)</visible>
			</control>
			<control type="radiobutton" id="6">
				<description>Show hidden channels</description>
				<width>200</width>
				<textwidth>125</textwidth>
				<include>MenuBarRadioBtn</include>
				<label>[UPPERCASE]$LOCALIZE[19051][/UPPERCASE]</label>
				<enable>!Skin.HasSetting(EnableKioskMode)</enable>
				<visible>Window.IsActive(TVChannels) | Window.IsActive(RadioChannels)</visible>
			</control>
			<control type="radiobutton" id="7">
				<description>Show deleted recordings</description>
				<width>200</width>
				<textwidth>125</textwidth>
				<include>MenuBarRadioBtn</include>
				<label>[UPPERCASE]$LOCALIZE[19184][/UPPERCASE]</label>
				<enable>!Skin.HasSetting(EnableKioskMode)</enable>
				<visible>Window.IsActive(TVRecordings) | Window.IsActive(RadioRecordings)</visible>
			</control>
			<control type="button" id="38">
				<description>Settings</description>
				<include>MenuBarBigBtn</include>
				<label>[UPPERCASE]$LOCALIZE[10004][/UPPERCASE]</label>
				<onclick>ActivateWindow(PVRSettings)</onclick>
				<visible>Window.IsActive(TVGuide) | Window.IsActive(RadioGuide)</visible>
			</control>
			<control type="image" id="106">
				<include>MenuBarSeparator</include>
				<visible>Window.IsActive(TVChannels) | Window.IsActive(RadioChannels) | Window.IsActive(TVGuide) | Window.IsActive(RadioGuide) | Window.IsActive(TVRecordings) | Window.IsActive(RadioRecordings)</visible>
			</control>
		</control>		
	</include>

	<include name="NextAiredMenuBar">
		<control type="group" id="505">
			<description>Menu Bar Area</description>
			<top>MenuBarOffsetY</top>
			<include>MenuBarImage</include>
			<include>MenuBarOpenCloseAnim</include>
			<include>DefaultNextAiredMenuBar</include>
			<visible allowhiddenfocus="true">ControlGroup(505).HasFocus | !Skin.HasSetting(HideMenuBar)</visible>
		</control>
	</include>

	<include name="DefaultNextAiredMenuBar">
		<control type="group" id="850">
			<control type="grouplist" id="563">
				<description>Menu Bar Icon Buttons</description>
				<left>5</left>
				<top>0</top>
				<width>150</width>
				<height>MenuBarHeight</height>
				<orientation>horizontal</orientation>
				<itemgap>0</itemgap>
				<onup>555</onup>
				<ondown>500</ondown>
				<onleft>216</onleft>
				<onright>216</onright>
				<control type="button" id="345">
					<description>Shutdown</description>
					<include>MenuBarIconBtn</include>
					<texturefocus>gui/menu-bar-power-focus.png</texturefocus>
					<texturenofocus>gui/menu-bar-power-nofocus.png</texturenofocus>
					<onclick>ActivateWindow(ShutdownMenu)</onclick>
				</control>
				<control type="button" id="346">
					<description>Favourites</description>
					<include>MenuBarIconBtn</include>
					<texturefocus>gui/menu-bar-favourites-focus.png</texturefocus>
					<texturenofocus>gui/menu-bar-favourites-nofocus.png</texturenofocus>
					<onclick>ActivateWindow(Favourites)</onclick>
				</control>
				<control type="togglebutton" id="347">
					<description>Extra Options</description>
					<include>MenuBarIconBtn</include>
					<texturefocus>gui/menu-bar-options-focus.png</texturefocus>
					<texturenofocus>gui/menu-bar-options-nofocus.png</texturenofocus>
					<onclick>noop</onclick>
					<enable>false</enable>
				</control>
			</control>

			<control type="group">      				
				<include>NextAiredMenuBarOptions</include>
				<include>MenuBarOptionsSwitchAnim</include>
			</control>		
		</control>
	</include>

	<include name="NextAiredMenuBarOptions">
		<control type="grouplist" id="216">
			<left>99</left>
			<top>0</top>
			<width>ScreenWidth</width>
			<height>MenuBarHeight</height>
			<itemgap>0</itemgap>
			<onup>555</onup>
			<ondown>500</ondown>
			<onleft>347</onleft>
			<onright>345</onright>
			<orientation>horizontal</orientation>
			<usecontrolcoords>true</usecontrolcoords>
			<include>MenuBarBtnOpenCloseAnim</include>
			<visible>ControlGroup(505).HasFocus | !Skin.HasSetting(HideMenuBar)</visible>
			<control type="image" id="350">
				<include>MenuBarSeparator</include>
			</control>
			<control type="button" id="400">
				<description>TV Shows</description>
				<include>MenuBarBigBtn</include>
				<align>center</align>
				<label>[UPPERCASE]$LOCALIZE[20343][/UPPERCASE]</label>
				<onclick>ActivateWindow(Videos,TVShowTitles,Return)</onclick>
			</control>
			<control type="image" id="351">
				<include>MenuBarSeparator</include>
			</control>
			<control type="button" id="401">
				<description>Recently Added Episodes</description>
				<include>MenuBarBigBtn</include>
				<align>center</align>
				<label>[UPPERCASE]$LOCALIZE[31303][/UPPERCASE]</label>
				<onclick>ActivateWindow(Videos,RecentlyAddedEpisodes,Return)</onclick>
			</control>			
			<control type="image" id="352">
				<include>MenuBarSeparator</include>
			</control>
			<control type="button" id="402">
				<description>Update info</description>
				<include>MenuBarBigBtn</include>
				<align>center</align>
				<label>[UPPERCASE]$LOCALIZE[31969][/UPPERCASE]</label>
				<onclick>RunScript(script.tv.show.next.aired,force=True)</onclick>
			</control>			
			<control type="image" id="353">
				<include>MenuBarSeparator</include>
			</control>
			<control type="button" id="403">
				<description>Reset / Update info</description>
				<include>MenuBarBigBtn</include>
				<align>center</align>
				<label>[UPPERCASE]$LOCALIZE[31970][/UPPERCASE]</label>
				<onclick>RunScript(script.tv.show.next.aired,reset=True)</onclick>
			</control>			
			<control type="image" id="354">
				<include>MenuBarSeparator</include>
			</control>
			<control type="button" id="8">
				<description>Settings</description>
				<include>MenuBarBigBtn</include>
				<align>center</align>
				<label>[UPPERCASE]$LOCALIZE[10004][/UPPERCASE]</label>
			</control>
			<control type="image" id="355">
				<include>MenuBarSeparator</include>
			</control>
		</control>
	</include>	

	<include name="ProfileSettingsMenuBar">
		<control type="grouplist" id="850">
			<left>2</left>
			<top>0</top>
			<width>ScreenWidth</width>
			<height>MenuBarHeight</height>
			<itemgap>0</itemgap>
			<orientation>horizontal</orientation>
			<usecontrolcoords>true</usecontrolcoords>
			<onup>555</onup>
			<ondown>2</ondown>
			<onleft>850</onleft>
			<onright>850</onright>
			<include>MenuBarBtnOpenCloseAnim</include>
			<control type="radiobutton" id="4">
				<description>Enable Login Screen</description>
				<include>MenuBarRadioBtn</include>
				<label>[UPPERCASE]$LOCALIZE[20096][/UPPERCASE]</label>
			</control>	
			<control type="image" id="116">
				<include>MenuBarSeparator</include>
			</control>
			<control type="button" id="5">
				<description>Auto Login</description>
				<include>MenuBarRadioBtn</include>
				<label>[UPPERCASE]$LOCALIZE[31960][/UPPERCASE]</label>
				<!--<label2>$INFO[System.ProfileAutoLogin]</label2>-->
				<enable>!System.HasLoginScreen</enable>
			</control>	
			<control type="image" id="117">
				<include>MenuBarSeparator</include>
			</control>
		</control>
	</include>
	
	<include name="VideoInfoMenuBar">
		<control type="grouplist" id="987">
			<top>0</top>
			<width>ScreenWidth</width>
			<height>MenuBarHeight</height>
			<itemgap>0</itemgap>
			<align>center</align>
			<orientation>horizontal</orientation>
			<usecontrolcoords>true</usecontrolcoords>
			<onup>555</onup>
			<ondown>901</ondown>
			<onleft>987</onleft>
			<onright>987</onright>
			<include>MenuBarBtnOpenCloseAnim</include>
			<control type="image" id="115">
				<include>MenuBarSeparator</include>
			</control>
			<control type="button" id="210">
				<description>Home Theatre</description>
				<include>MenuBarSettingsBtn</include>
				<label>[UPPERCASE]$LOCALIZE[31220][/UPPERCASE]</label>
				<onclick>Playlist.Clear</onclick>
				<onclick>Dialog.Close(MovieInformation)</onclick>
				<onclick>RunScript(script.cinema.experience)</onclick>
				<visible>System.HasAddon(script.cinema.experience) + Container.Content(Movies)</visible>
			</control>
			<control type="image" id="122">
				<include>MenuBarSeparator</include>
				<visible>Control.IsVisible(210)</visible>
			</control>
			<control type="button" id="8">
				<description>Play</description>
				<include>MenuBarSettingsBtn</include>
				<label>[UPPERCASE]$LOCALIZE[208][/UPPERCASE]</label>
			</control>
			<control type="image" id="117">
				<include>MenuBarSeparator</include>
			</control>
			<control type="button" id="5">
				<description>Cast/Plot</description>
				<include>MenuBarSettingsBtn</include>
				<label>[UPPERCASE]$LOCALIZE[206][/UPPERCASE]</label>
			</control>	
			<control type="image" id="116">
				<include>MenuBarSeparator</include>
			</control>
			<control type="button" id="6">
				<description>Refresh</description>
				<include>MenuBarSettingsBtn</include>
				<label>[UPPERCASE]$LOCALIZE[184][/UPPERCASE]</label>
				<enable>!Skin.HasSetting(EnableKioskMode)</enable>
			</control>
			<control type="image" id="118">
				<include>MenuBarSeparator</include>
			</control>
			<control type="button" id="10">
				<description>Choose Art</description>
				<include>MenuBarSettingsBtn</include>
				<label>[UPPERCASE]$LOCALIZE[13511][/UPPERCASE]</label>	
				<enable>!Skin.HasSetting(EnableKioskMode)</enable>
			</control>
			<control type="image" id="119">
				<include>MenuBarSeparator</include>
			</control>
			<control type="button" id="14">
				<description>Get Artwork</description>
				<include>MenuBarSettingsBtn</include>
				<label>[UPPERCASE]$LOCALIZE[31302][/UPPERCASE]</label>
				<onclick condition="Container.Content(Movies)">RunScript(script.artwork.downloader, mode=gui, mediatype=movie, dbid=$INFO[ListItem.DBID])</onclick>
				<onclick condition="Container.Content(TVShows)">RunScript(script.artwork.downloader, mode=gui, mediatype=tvshow, dbid=$INFO[ListItem.DBID])</onclick>
				<onclick condition="Container.Content(musicvideos)">RunScript(script.artwork.downloader, mode=gui, mediatype=musicvideo, dbid=$INFO[ListItem.DBID])</onclick>
				<visible>Container.Content(Movies) | Container.Content(TVShows) | Container.Content(musicvideos)</visible>
				<enable>!Skin.HasSetting(EnableKioskMode) + System.HasAddon(script.artwork.downloader)</enable>
			</control>
			<control type="image" id="123">
				<include>MenuBarSeparator</include>
				<visible>Container.Content(Movies) | Container.Content(TVShows)</visible>
			</control>
			<control type="button" id="11">
				<description>Play Trailer</description>
				<include>MenuBarSettingsBtn</include>
				<label>[UPPERCASE]$LOCALIZE[20410][/UPPERCASE]</label>
				<visible>!IsEmpty(ListItem.Trailer) + !Skin.HasSetting(PlayTrailerWindowed)</visible>
			</control>
			<control type="button" id="15">
				<description>Play Trailer</description>
				<include>MenuBarSettingsBtn</include>
				<label>[UPPERCASE]$LOCALIZE[20410][/UPPERCASE]</label>
				<onclick>PlayMedia($INFO[ListItem.Trailer],1)</onclick>
				<visible>!IsEmpty(ListItem.Trailer) + Skin.HasSetting(PlayTrailerWindowed)</visible>
			</control>
			<control type="button" id="211">
				<description>Play Trailer</description>
				<include>MenuBarSettingsBtn</include>
				<label>[UPPERCASE]$LOCALIZE[20410][/UPPERCASE]</label>
				<onclick>ActivateWindow(videos,$ESCINFO[ListItem.Label,plugin://plugin.video.youtube/?path=/root/search&amp;feed=search&amp;search=, Trailer],return)</onclick>
				<onclick>Dialog.Close(movieinformation)</onclick>
				<visible>IsEmpty(ListItem.Trailer)</visible>
			</control>
			<control type="image" id="121">
				<include>MenuBarSeparator</include>
			</control>
			<control type="button" id="213">
				<description>TV Tunes</description>
				<include>MenuBarSettingsBtn</include>
				<label>[UPPERCASE]$LOCALIZE[31928][/UPPERCASE]</label>
				<onclick>RunScript(script.tvtunes,mode=solo)</onclick>
				<enable>!Skin.HasSetting(EnableKioskMode)</enable>
				<visible>!Skin.HasSetting(ActivateTvTunes) + System.HasAddon(script.tvtunes) + [Container.Content(TVShows) | Container.Content(movies) | Container.Content(musicvideos)] 
				+ IsEmpty(Window(movieinformation).Property(TvTunes_HideVideoInfoButton))</visible>
			</control>
			<control type="image" id="124">
				<include>MenuBarSeparator</include>
				<visible>!Skin.HasSetting(ActivateTvTunes) + System.HasAddon(script.tvtunes) + [Container.Content(TVShows) | Container.Content(movies) | Container.Content(musicvideos)] 
				+ IsEmpty(Window(movieinformation).Property(TvTunes_HideVideoInfoButton))</visible>
			</control>
			<control type="button" id="214">
				<description>Edit Database</description>
				<include>MenuBarSettingsBtn</include>
				<label>[UPPERCASE]$LOCALIZE[21435] $LOCALIZE[15101][/UPPERCASE]</label>
				<onclick>RunScript(script.libraryeditor,DBID=$INFO[ListItem.DBID])</onclick>
				<enable>!Skin.HasSetting(EnableKioskMode)</enable>
				<visible>System.HasAddon(script.libraryeditor)</visible>
			</control>
			<control type="image" id="125">
				<include>MenuBarSeparator</include>
				<visible>System.HasAddon(script.libraryeditor)</visible>
			</control>
			<control type="button" id="218">
				<description>Video Extras</description>
				<include>MenuBarSettingsBtn</include>
				<label>[UPPERCASE]$ADDON[script.videoextras 32001][/UPPERCASE]</label>
				<onclick>RunScript(script.videoextras,display,"$INFO[ListItem.FilenameAndPath]")</onclick>
				<visible>System.HasAddon(script.videoextras) + [Container.Content(movies) | Container.Content(episodes) | Container.Content(TVShows) | Container.Content(musicvideos)]
				+ IsEmpty(Window(movieinformation).Property("HideVideoExtrasButton"))</visible>
			</control>
			<control type="image" id="126">
				<include>MenuBarSeparator</include>
				<visible>System.HasAddon(script.videoextras) + [Container.Content(movies) | Container.Content(episodes) | Container.Content(TVShows) | Container.Content(musicvideos)]
				+ IsEmpty(Window(movieinformation).Property("HideVideoExtrasButton"))</visible>
			</control>
		</control>		
	</include>

	<include name="AlbumInfoMenuBar">	
		<control type="grouplist" id="987">
			<top>0</top>
			<width>ScreenWidth</width>
			<height>MenuBarHeight</height>
			<itemgap>0</itemgap>
			<align>center</align>
			<orientation>horizontal</orientation>
			<usecontrolcoords>true</usecontrolcoords>
			<onup>555</onup>
			<ondown>901</ondown>
			<onleft>987</onleft>
			<onright>987</onright>
			<include>MenuBarBtnOpenCloseAnim</include>
			<control type="image" id="115">
				<include>MenuBarSeparator</include>
			</control>
			<control type="button" id="5">
				<description>Tracks</description>
				<include>MenuBarSettingsBtn</include>
				<label>[UPPERCASE]$LOCALIZE[206][/UPPERCASE]</label>
			</control>	
			<control type="image" id="116">
				<include>MenuBarSeparator</include>
			</control>
			<control type="button" id="6">
				<description>Refresh</description>
				<include>MenuBarSettingsBtn</include>
				<label>[UPPERCASE]$LOCALIZE[184][/UPPERCASE]</label>
				<enable>!Skin.HasSetting(EnableKioskMode)</enable>
			</control>
			<control type="image" id="118">
				<include>MenuBarSeparator</include>
			</control>
			<control type="button" id="10">
				<description>Get Thumb</description>
				<include>MenuBarSettingsBtn</include>
				<label>[UPPERCASE]$LOCALIZE[13405][/UPPERCASE]</label>	
				<enable>!Skin.HasSetting(EnableKioskMode)</enable>
			</control>
			<control type="image" id="119">
				<include>MenuBarSeparator</include>
			</control>
			<control type="button" id="12">
				<description>Get Fanart</description>
				<include>MenuBarSettingsBtn</include>
				<label>[UPPERCASE]$LOCALIZE[20413][/UPPERCASE]</label>
				<enable>!Skin.HasSetting(EnableKioskMode)</enable>
			</control>
			<control type="image" id="120">
				<include>MenuBarSeparator</include>
			</control>
			<control type="button" id="209">
				<description>CD Art Manager</description>
				<include>MenuBarSettingsBtn</include>
				<label>[UPPERCASE]$ADDON[script.cdartmanager 32042][/UPPERCASE]</label>
				<onclick>RunScript(script.cdartmanager)</onclick>
				<enable>!Skin.HasSetting(EnableKioskMode)</enable>
				<visible>System.HasAddon(script.cdartmanager)</visible>
			</control>
			<control type="image" id="121">
				<include>MenuBarSeparator</include>
				<visible>System.HasAddon(script.cdartmanager)</visible>
			</control>
			<control type="button" id="210">
				<description>Edit Database</description>
				<include>MenuBarSettingsBtn</include>
				<label>[UPPERCASE]$LOCALIZE[21435] $LOCALIZE[15101][/UPPERCASE]</label>
				<onclick>RunScript(script.libraryeditor,DBID=$INFO[ListItem.DBID])</onclick>
				<enable>!Skin.HasSetting(EnableKioskMode)</enable>
				<visible>System.HasAddon(script.libraryeditor)</visible>
			</control>
			<control type="image" id="122">
				<include>MenuBarSeparator</include>
				<visible>System.HasAddon(script.libraryeditor)</visible>
			</control>
		</control>		
	</include>
	
	<include name="AddonInfoMenuBar">	
		<control type="grouplist" id="987">
			<top>0</top>
			<width>ScreenWidth</width>
			<height>MenuBarHeight</height>
			<itemgap>0</itemgap>
			<align>center</align>
			<orientation>horizontal</orientation>
			<usecontrolcoords>true</usecontrolcoords>
			<onup>555</onup>
			<ondown>901</ondown>
			<onleft>987</onleft>
			<onright>987</onright>
			<include>MenuBarBtnOpenCloseAnim</include>
			<control type="image" id="115">
				<include>MenuBarSeparator</include>
			</control>
			<control type="button" id="6">
				<description>Enable Add-on</description>
				<include>MenuBarSettingsBtn</include>
				<label>[UPPERCASE]$LOCALIZE[24022][/UPPERCASE]</label>
				<enable>!Skin.HasSetting(EnableKioskMode)</enable>
			</control>	
			<control type="image" id="116">
				<include>MenuBarSeparator</include>
			</control>
			<control type="button" id="7">
				<description>Disable Add-on</description>
				<include>MenuBarSettingsBtn</include>
				<label>[UPPERCASE]$LOCALIZE[24021][/UPPERCASE]</label>
				<enable>!Skin.HasSetting(EnableKioskMode)</enable>
			</control>
			<control type="image" id="118">
				<include>MenuBarSeparator</include>
			</control>
			<control type="button" id="9">
				<description>Add-on Settings</description>
				<include>MenuBarSettingsBtn</include>
				<label>[UPPERCASE]$LOCALIZE[24020][/UPPERCASE]</label>
				<enable>!Skin.HasSetting(EnableKioskMode)</enable>
			</control>
			<control type="image" id="119">
				<include>MenuBarSeparator</include>
			</control>
			<control type="button" id="12">
				<description>Launch Add-on</description>
				<include>MenuBarSettingsBtn</include>
				<label>[UPPERCASE]$LOCALIZE[518][/UPPERCASE]</label>	
			</control>
			<control type="image" id="120">
				<include>MenuBarSeparator</include>
			</control>
			<control type="button" id="8">
				<description>Update Add-on</description>
				<include>MenuBarSettingsBtn</include>
				<label>[UPPERCASE]$LOCALIZE[24069][/UPPERCASE]</label>
				<enable>!Skin.HasSetting(EnableKioskMode)</enable>
			</control>
			<control type="image" id="121">
				<include>MenuBarSeparator</include>
			</control>
			<control type="button" id="11">
				<description>Rollback</description>
				<include>MenuBarSettingsBtn</include>
				<label>[UPPERCASE]$LOCALIZE[24048][/UPPERCASE]</label>
				<enable>!Skin.HasSetting(EnableKioskMode)</enable>
			</control>
			<control type="image" id="122">
				<include>MenuBarSeparator</include>
			</control>
			<control type="button" id="10">
				<description>Changelog</description>
				<include>MenuBarSettingsBtn</include>
				<label>[UPPERCASE]$LOCALIZE[24036][/UPPERCASE]</label>
			</control>
			<control type="image" id="123">
				<include>MenuBarSeparator</include>
			</control>
		</control>		
	</include>
	
	<include name="ProgramsInfoMenuBar">	
		<control type="grouplist" id="987">
			<top>0</top>
			<width>ScreenWidth</width>
			<height>MenuBarHeight</height>
			<itemgap>0</itemgap>
			<align>center</align>
			<orientation>horizontal</orientation>
			<usecontrolcoords>true</usecontrolcoords>
			<onup>555</onup>
			<ondown>901</ondown>
			<onleft>987</onleft>
			<onright>987</onright>
			<include>MenuBarBtnOpenCloseAnim</include>
			<control type="image" id="115">
				<include>MenuBarSeparator</include>
			</control>
			<control type="button" id="8">
				<description>Play</description>
				<include>MenuBarSettingsBtn</include>
				<onclick>Close</onclick>
				<onclick>RunPlugin($INFO[ListItem.FileNameAndPath])</onclick>
				<label>[UPPERCASE]$LOCALIZE[208][/UPPERCASE]</label>
			</control>
			<control type="image" id="117">
				<include>MenuBarSeparator</include>
			</control>
			<control type="button" id="5">
				<description>Get Info</description>
				<include>MenuBarSettingsBtn</include>
				<onclick>RunPlugin($INFO[ListItem.FileNameAndPath]/%%GET_INFO%%)</onclick>
				<label>[UPPERCASE]$LOCALIZE[32029][/UPPERCASE]</label>
				<enable>!Skin.HasSetting(EnableKioskMode)</enable>
			</control>	
			<control type="image" id="116">
				<include>MenuBarSeparator</include>
			</control>
			<control type="button" id="10">
				<description>Get Thumb</description>
				<include>MenuBarSettingsBtn</include>
				<onclick>RunPlugin($INFO[ListItem.FileNameAndPath]/%%GET_THUMB%%)</onclick>
				<label>[UPPERCASE]$LOCALIZE[13405][/UPPERCASE]</label>	
				<enable>!Skin.HasSetting(EnableKioskMode)</enable>
			</control>
			<control type="image" id="119">
				<include>MenuBarSeparator</include>
			</control>
			<control type="button" id="12">
				<description>Get Fanart</description>
				<include>MenuBarSettingsBtn</include>
				<onclick>RunPlugin($INFO[ListItem.FileNameAndPath]/%%GET_FANART%%)</onclick>
				<label>[UPPERCASE]$LOCALIZE[20413][/UPPERCASE]</label>
				<enable>!Skin.HasSetting(EnableKioskMode)</enable>
			</control>
			<control type="image" id="120">
				<include>MenuBarSeparator</include>
			</control>
		</control>		
	</include>
	
	<include name="VideoExtrasMenuBar">
		<control type="grouplist" id="987">
			<top>0</top>
			<width>ScreenWidth</width>
			<height>MenuBarHeight</height>
			<itemgap>0</itemgap>
			<align>center</align>
			<orientation>horizontal</orientation>
			<usecontrolcoords>true</usecontrolcoords>
			<onup>555</onup>
			<ondown>500</ondown>
			<onleft>987</onleft>
			<onright>987</onright>
			<include>MenuBarBtnOpenCloseAnim</include>
			<control type="image" id="115">
				<include>MenuBarSeparator</include>
			</control>
			<control type="button" id="215">
				<description>Close</description>
				<include>MenuBarSettingsBtn</include>
				<onclick>PreviousMenu</onclick>
				<label>[UPPERCASE]$LOCALIZE[31937][/UPPERCASE]</label>
			</control>
			<control type="image" id="116">
				<include>MenuBarSeparator</include>
			</control>
			<control type="radiobutton" id="216">
				<description>Hide Plot</description>
				<include>MenuBarRadioBtn</include>
				<selected>Skin.HasSetting(HideVideoExtrasPlot)</selected>
				<onclick>Skin.ToggleSetting(HideVideoExtrasPlot)</onclick>
				<label>[UPPERCASE]$LOCALIZE[31044][/UPPERCASE]</label>
				<enable>!Skin.HasSetting(EnableKioskMode)</enable>
			</control>
			<control type="image" id="117">
				<include>MenuBarSeparator</include>
			</control>
			<control type="button" id="217">
				<description>TV Tunes</description>
				<include>MenuBarSettingsBtn</include>
				<label>[UPPERCASE]$LOCALIZE[31928][/UPPERCASE]</label>
				<onclick>RunScript(script.tvtunes,mode=solo)</onclick>
				<enable>!Skin.HasSetting(EnableKioskMode)</enable>
				<visible>!Skin.HasSetting(ActivateTvTunes) + System.HasAddon(script.tvtunes) + IsEmpty(Window(movieinformation).Property(TvTunes_HideVideoInfoButton))</visible>
			</control>
			<control type="image" id="124">
				<include>MenuBarSeparator</include>
				<visible>!Skin.HasSetting(ActivateTvTunes) + System.HasAddon(script.tvtunes) + IsEmpty(Window(movieinformation).Property(TvTunes_HideVideoInfoButton))</visible>
			</control>
			<control type="button" id="219">
				<description>Settings</description>
				<include>MenuBarSettingsBtn</include>
				<enable>!Skin.HasSetting(EnableKioskMode)</enable>
				<onclick>Addon.OpenSettings(script.videoextras)</onclick>
				<label>[UPPERCASE]$LOCALIZE[10004][/UPPERCASE]</label>
			</control>
			<control type="image" id="125">
				<include>MenuBarSeparator</include>
			</control>
		</control>		
	</include>
	
	<include name="GlobalSearchInfoDialogMenuBar">
		<control type="grouplist" id="190">
			<top>0</top>
			<width>ScreenWidth</width>
			<height>MenuBarHeight</height>
			<itemgap>0</itemgap>
			<align>center</align>
			<orientation>horizontal</orientation>
			<usecontrolcoords>true</usecontrolcoords>
			<onup>555</onup>
			<onleft>190</onleft>
			<onright>190</onright>
			<ondown condition="Control.IsVisible(195)">195</ondown>
			<include>MenuBarBtnOpenCloseAnim</include>
			<control type="image" id="186">
				<include>MenuBarSeparator</include>
			</control>
			<control type="button" id="191">
				<description>Close</description>
				<include>MenuBarSettingsBtn</include>
				<label>[UPPERCASE]$LOCALIZE[31937][/UPPERCASE]</label>
			</control>
			<control type="image" id="187">
				<include>MenuBarSeparator</include>
			</control>
			<control type="button" id="192">
				<include>MenuBarSettingsBtn</include>
			</control>
			<control type="image" id="188">
				<include>MenuBarSeparator</include>
			</control>
			<control type="button" id="193">
				<include>MenuBarSettingsBtn</include>
			</control>			
			<control type="image" id="189">
				<include>MenuBarSeparator</include>
				<visible>Control.IsVisible(193)</visible>
			</control>
		</control>		
	</include>
</includes>