<?xml version="1.0" encoding="UTF-8"?>
<window>
	<defaultcontrol always="true">50</defaultcontrol>
	<allowoverlay>no</allowoverlay>
	<views>50</views>
	<controls>
		<control type="group">	
			<include>BackgroundDefault</include>
			<include condition="[!IsEmpty(Skin.String(CustomPVRBGPath)) + [Skin.String(CustomPVRBGType,2) | Skin.String(CustomPVRBGType,3)]]
			+ Skin.HasSetting(ApplyAllPVRCustomBG)">BackgroundPVR</include>
			<include>BackgroundOpenCloseAnim</include>	
		</control>

		<include>LiveTVListInfoArea</include>	
		
		<control type="group" id="500">
			<defaultcontrol always="true">50</defaultcontrol>
			<include>ControlsOpenCloseAnim</include> 

			<control type="list" id="50">
				<viewtype label="535">list</viewtype>
				<left>595</left>
				<top>110</top>
				<width>630</width>
				<height>518</height>
				<pagecontrol>906</pagecontrol>
				<preloaditems>2</preloaditems>
				<scrolltime tween="sine" easing="inout">300</scrolltime>
				<onup>50</onup>
				<ondown>50</ondown>
				<onleft>850</onleft>
				<onright>150</onright>
				<itemlayout height="74">
					<include>LiveTVListInfoStyleItemLayout</include>
					<control type="group">
						<description>Overlay</description>
						<left>596</left>
						<top>25</top>
						<include>LiveTVOverlayImage</include>
					</control>
				</itemlayout>
				<focusedlayout height="74">	
					<include>LiveTVListInfoStyleFocusedLayout</include>
					<control type="group">
						<description>Overlay</description>
						<left>596</left>
						<top>25</top>
						<include>LiveTVOverlayImage</include>
					</control>
				</focusedlayout>
			</control>

			<include>ListInfo2ViewScrollbar</include>

			<control type="group">
				<top>SortLetterOffsetY</top>
				<include>SortLetterNotification</include>
			</control>
			
			<control type="group">
				<description>Bottom Bar Area</description>
				<top>BottomPaneOffsetY</top>	
				<!--<include>InfoPaneImage</include>-->
				<include>InfoPaneMediaDetails</include>
				<include>BottomPaneOpenCloseAnim</include>
			</control>

			<include>ViewsDialogPopUpScreenDim</include>
		</control>
		
		<include>PVRMenuBar</include>

		<control type="group">
			<description>Top Bar Area</description>
			<include>TopBarImage</include>
			<include>TopBarOpenCloseAnim</include>
			<include>BreadCrumbPVR</include>
			<include>Notifications</include>
		</control>	
	</controls>
</window>