<?xml version="1.0" encoding="UTF-8"?>
<includes>
	<!--//// START THUMBS INFO VIEW ///////////////////////////////////////////////////////////////////-->
	<include name="MoviesThumbsInfoView">
		<control type="group" id="500">
	        <defaultcontrol always="true">97</defaultcontrol>
			<visible>Control.IsVisible(97)</visible>
			<include>MediaViewOpenCloseAnim</include>
			<include>ViewContentPanel</include>
			<include>ListInfo3MediaInfoPanelCommon</include>

			<control type="group">
				<visible>!ListItem.IsParentFolder</visible>
				<include>ListInfo3PanelFanart</include>
				
				<control type="label">
					<left>40</left>
					<top>348</top>
					<width>404</width>
					<height>58</height>
					<align>center</align>
					<aligny>center</aligny>
					<font>MediaInfoFont</font>
					<textcolor>MediaInfoItemColor</textcolor>
					<shadowcolor>ShadowColor</shadowcolor>
					<label>$LOCALIZE[20457]</label>
					<visible>ListItem.IsCollection + !System.HasAddon(script.skin.helper.service)</visible>
				</control>
				
				<include content="ThumbsInfoMediaInfoArea">
					<param name="visible" value="!ListItem.IsCollection" />
					<param name="Grouplist1LabelWidth" value="110" />
					<param name="Grouplist1Label" value="$LOCALIZE[20339]" />
					<param name="Grouplist1InfoWidth" value="190" />
					<param name="Grouplist1Info" value="$INFO[ListItem.Director]" />
					<param name="Grouplist2LabelWidth" value="110" />
					<param name="Grouplist2Label" value="$LOCALIZE[2050]" />
					<param name="Grouplist2InfoWidth" value="110" />
					<param name="Grouplist2Info" value="$VAR[DurationVar]" />
					<param name="Grouplist3LabelWidth" value="110" />
					<param name="Grouplist3Label" value="$LOCALIZE[345]" />
					<param name="Grouplist3InfoWidth" value="110" />
					<param name="Grouplist3Info" value="$INFO[ListItem.Year]" />
					<param name="Grouplist4LabelWidth" value="110" />
					<param name="Grouplist4Label" value="$LOCALIZE[563]" />
					<param name="Grouplist4InfoWidth" value="110" />
					<param name="Grouplist4Info" value="$VAR[RatingType]" />
				</include>
				
				<include content="ThumbsInfoMediaInfoArea">
					<param name="visible" value="ListItem.IsCollection + System.HasAddon(script.skin.helper.service)" />
					<param name="Grouplist1LabelWidth" value="110" />
					<param name="Grouplist1Label" value="$LOCALIZE[20342]" />
					<param name="Grouplist1InfoWidth" value="190" />
					<param name="Grouplist1Info" value="$INFO[Window(Home).Property(SkinHelper.ListItem.Count)]" />
					<param name="Grouplist2LabelWidth" value="110" />
					<param name="Grouplist2Label" value="$LOCALIZE[345]" />
					<param name="Grouplist2InfoWidth" value="220" />
					<param name="Grouplist2Info" value="$INFO[Window(Home).Property(SkinHelper.ListItem.Years)]" />
					<param name="Grouplist3LabelWidth" value="110" />
					<param name="Grouplist3Label" value="$LOCALIZE[563]" />
					<param name="Grouplist3InfoWidth" value="110" />
					<param name="Grouplist3Info" value="$VAR[RatingType]" />
					<param name="Grouplist4LabelWidth" value="110" />
					<param name="Grouplist4Label" value="$LOCALIZE[2050]" />
					<param name="Grouplist4InfoWidth" value="110" />
					<param name="Grouplist4Info" value="$VAR[SkinHelperDurationVar]" />
				</include>
				
				<include content="ThumbsInfoPlot">
					<param name="fallback" value="31203" />
					<param name="label" value="$VAR[MoviePlot]" />
				</include>
			</control>
			
			<include condition="Skin.String(ThumbsInfoMoviesStyle,1) | String.IsEmpty(Skin.String(ThumbsInfoMoviesStyle)) | String.Contains(Container.FolderPath,videodb://movies/sets/)">MoviesThumbsInfoDefaultStyle</include>
			<include condition="Skin.String(ThumbsInfoMoviesStyle,2) + !String.Contains(Container.FolderPath,videodb://movies/sets/)">MoviesThumbsInfoLogoStyle</include>
			
			<include content="ThumbsInfoViewScrollbar">
				<param name="id" value="90902" />
			</include>
			
			<control type="group">
				<description>Bottom Bar Area</description>
				<top>BottomPaneOffsetY</top>
				<!--<include>InfoPaneImage</include>-->
				<include>InfoPaneMediaDetails</include>
				<include>BottomPaneOpenCloseAnim</include>
				
				<control type="group">
					<visible>!Skin.HasSetting(HideMoviesThumbsInfoLabel) + !ListItem.IsParentFolder</visible>
					
					<control type="label">
						<include>InfoPaneItemTitle</include>
						<label>[B]$INFO[ListItem.Label][/B]</label>
						<visible>String.IsEmpty(ListItem.Art(clearlogo)) | Skin.HasSetting(DisableMoviesClearLogo)</visible>
					</control>
					
					<control type="group">
						<animation effect="slide" end="0,-11" condition="true">Conditional</animation>
						<include condition="!Skin.HasSetting(DisableMoviesClearLogo)">InfoPaneClearLogoMovies</include>
					</control>
					
					<control type="image">
						<left>590</left>
						<top>24</top>
						<width>100</width>
						<height>16</height>
						<texture background="true">$VAR[StarRating]</texture>
						<aspectratio>keep</aspectratio>
						<animation effect="slide" end="0,8" time="100" condition="!String.IsEmpty(ListItem.Art(clearlogo)) + !Skin.HasSetting(DisableMoviesClearLogo)">Conditional</animation>
						<include>MediaFlagFadeAnim</include>
						<visible>![String.IsEmpty(ListItem.Rating) + String.IsEmpty(ListItem.UserRating)]</visible>
					</control>
				</control>
			</control>

			<include>ViewsDialogPopUpScreenDim</include>
		</control>
	</include>
	
	<include name="MoviesThumbsInfoDefaultStyle">
		<control type="panel" id="97">
			<viewtype label="31116">icon</viewtype>
			<left>450</left>
			<top>111</top>
			<width>776</width>
			<height>514</height>
			<pagecontrol>90902</pagecontrol>
			<orientation>vertical</orientation>
			<preloaditems>2</preloaditems>
			<scrolltime tween="sine" easing="inout">350</scrolltime>
			<onleft>850</onleft>
			<onright>150</onright>
			<onup>97</onup>
			<ondown>97</ondown>
			<visible>Container.Content(Movies) | Container.Content(Sets)</visible>
			<itemlayout width="129" height="171">
				<control type="group">
					<top>-2</top>
					<control type="image">
						<description>Default Cover Case</description>
						<width>135</width>
						<height>178</height>
						<texture background="true" border="4">covers/cover-case2.png</texture>
						<aspectratio>stretch</aspectratio>
						<bordersize>6</bordersize>
						<animation effect="fade" end="50" condition="true">Conditional</animation>
					</control>
					<control type="image">
						<description>Default Cover</description>
						<width>135</width>
						<height>178</height>
						<bordersize>12</bordersize>
						<texture background="true">$INFO[ListItem.ActualIcon]</texture>
						<aspectratio>keep</aspectratio>
						<visible>String.IsEmpty(ListItem.Thumb)</visible>
						<animation effect="fade" end="60" condition="true">Conditional</animation>
					</control>
					<control type="image">
						<description>Cover</description>
						<width>135</width>
						<height>178</height>
						<texture background="true">$VAR[PosterThumb]</texture>
						<aspectratio>scale</aspectratio>
						<bordersize>10</bordersize>
					</control>
					<control type="image">
						<description>Dim</description>
						<width>135</width>
						<height>178</height>
						<texture background="true">dim.png</texture>
						<aspectratio>stretch</aspectratio>
						<bordersize>10</bordersize>
						<include>CoverDimAnim</include>
					</control>
					<control type="image">
						<description>Overlay</description>
						<left>96</left>
						<top>133</top>
						<width>24</width>
						<height>24</height>
						<texture background="true">$INFO[ListItem.Overlay]</texture>
						<aspectratio>keep</aspectratio>
						<visible>!Skin.HasSetting(HideMoviesThumbsInfoOverlay)</visible>
					</control>
					<control type="image">
						<description>Watched Partial</description>
						<left>96</left>
						<top>133</top>
						<width>24</width>
						<height>24</height>
						<texture background="true">$VAR[WatchedPartial]</texture>
						<aspectratio>keep</aspectratio>
						<visible>ListItem.IsResumable + !String.IsEqual(ListItem.Overlay,OverlayWatched.png) + !Skin.HasSetting(HideMoviesThumbsInfoOverlay)</visible>
					</control>
				</control>
			</itemlayout>
			<focusedlayout width="129" height="171">
				<control type="group">
					<top>-2</top>
					<include>DVDThumbsStyleCoverImage</include>
					<include>DVDThumbsStyleOverlayImage</include>
					<include condition="![Skin.String(LowCPUPowerMode,Animations) | Skin.String(LowCPUPowerMode,Full)]">ThumbsInfoDefaultStyleFocusAnim</include>
				</control>
			</focusedlayout>
		</control>
	</include>
	
	<include name="MoviesThumbsInfoLogoStyle">
		<control type="panel" id="97">
			<viewtype label="31116">icon</viewtype>
			<left>450</left>
			<top>110</top>
			<width>778</width>
			<height>517</height>
			<pagecontrol>90902</pagecontrol>
			<scrolltime tween="sine" easing="inout">350</scrolltime>
			<orientation>vertical</orientation>
			<preloaditems>2</preloaditems>
			<onleft>850</onleft>
			<onright>150</onright>
			<onup>97</onup>
			<ondown>97</ondown>
			<visible>Container.Content(Movies)</visible>
			<itemlayout width="257" height="129">
				<control type="group">
					<top>-6</top>
					<control type="image">
						<description>Default Cover Case</description>
						<width>269</width>
						<height>142</height>
						<texture background="true" border="4">covers/cover-case2.png</texture>
						<aspectratio>stretch</aspectratio>
						<bordersize>6</bordersize>
						<animation effect="fade" end="50" condition="true">Conditional</animation>
					</control>
					<control type="image">
						<description>Logo</description>
						<width>269</width>
						<height>142</height>
						<texture background="true">$INFO[ListItem.Art(clearlogo)]</texture>
						<aspectratio>keep</aspectratio>
						<bordersize>10</bordersize>
					</control>
					<control type="image">
						<description>Default Cover</description>
						<width>269</width>
						<height>142</height>
						<texture background="true">$INFO[ListItem.ActualIcon]</texture>
						<aspectratio align="center">keep</aspectratio>
						<bordersize>8</bordersize>
						<animation effect="fade" end="50" condition="true">Conditional</animation>
						<visible>String.IsEmpty(ListItem.Art(clearlogo))</visible>
					</control>
					<control type="image">
						<description>Overlay</description>
						<left>236</left>
						<top>9</top>
						<width>24</width>
						<height>24</height>
						<texture background="true">$INFO[ListItem.Overlay]</texture>
						<aspectratio>keep</aspectratio>
						<visible>!Skin.HasSetting(HideMoviesThumbsInfoOverlay)</visible>
						<animation effect="fade" end="70" condition="true">Conditional</animation>
					</control>
					<control type="image">
						<description>Watched Partial</description>
						<left>236</left>
						<top>9</top>
						<width>24</width>
						<height>24</height>
						<texture background="true">$VAR[WatchedPartialAlt]</texture>
						<aspectratio>keep</aspectratio>
						<animation effect="fade" end="70" condition="true">Conditional</animation>
						<visible>ListItem.IsResumable + !String.IsEqual(ListItem.Overlay,OverlayWatched.png) + !Skin.HasSetting(HideMoviesThumbsInfoOverlay)</visible>
					</control>
				</control>
			</itemlayout>
			<focusedlayout condition="String.IsEmpty(ListItem.Title)" width="257" height="129">
				<control type="group">
					<top>-6</top>
					<control type="image">
						<width>269</width>
						<height>142</height>
						<texture border="7">covers/cover-case-focus.png</texture>
						<aspectratio>stretch</aspectratio>
						<animation effect="fade" start="0" end="100" time="150" reversible="false">Focus</animation>
					</control>
					<control type="image">
						<left>5</left>
						<top>5</top>
						<width>259</width>
						<height>132</height>
						<bordersize>4</bordersize>
						<texture background="true">dim.png</texture>
						<aspectratio>stretch</aspectratio>
						<animation effect="fade" end="60" condition="true">Conditional</animation>
					</control>
					<control type="image">
						<description>Default Cover</description>
						<width>269</width>
						<height>142</height>
						<bordersize>8</bordersize>
						<texture background="true">$INFO[ListItem.ActualIcon]</texture>
						<aspectratio align="center">keep</aspectratio>
					</control>
				</control>
			</focusedlayout>
			<focusedlayout width="257" height="129">
				<control type="group">
					<top>-6</top>
					<include>LogoThumbsStyleCoverImage</include>
					<include condition="![Skin.String(LowCPUPowerMode,Animations) | Skin.String(LowCPUPowerMode,Full)]">ThumbsInfoLogoStyleFocusAnim</include>
				</control>
			</focusedlayout>
		</control>
	</include>
	<!--//// END THUMBS INFO VIEW /////////////////////////////////////////////////////////////////////-->

	<!--//// START WRAP LIST INFO VIEW ////////////////////////////////////////////////////////////////-->
	<variable name="WrapListInfoCastVar">
		<value condition="ListItem.IsCollection">plugin://script.skin.helper.service/?action=getcast&amp;movieset=$INFO[ListItem.DBID]&amp;castaction=extendedinfo</value>
		<value>plugin://script.skin.helper.service/?action=getcast&amp;movie=$INFO[ListItem.DBID]&amp;castaction=extendedinfo</value>
	</variable>
	
	<include name="MoviesWrapListInfoView">
		<control type="group" id="500">
		    <defaultcontrol always="true">53</defaultcontrol>
			<visible>Control.IsVisible(53)</visible>
			<include>MediaViewOpenCloseAnim</include>
			
			<control type="group" id="254">
				<animation effect="slide" end="0,120" time="500" condition="Skin.HasSetting(EnableMoviesWrapListInfoCompactMode)">Conditional</animation>
				<include condition="Skin.String(MoviesWrapListInfoStyle,1) | String.IsEmpty(Skin.String(MoviesWrapListInfoStyle))">MoviesWrapListInfoStyle1</include>
				<include condition="Skin.String(MoviesWrapListInfoStyle,2)">MoviesWrapListInfoStyle2</include>
			</control>
			
			<control type="group">
				<description>Bottom Bar Area</description>
				<top>BottomPaneOffsetY</top>
				<!--<include>InfoPaneImage</include>-->
				<include condition="!Skin.HasSetting(DisableMoviesClearLogo)">InfoPaneClearLogoMovies</include>
				<include>InfoPaneMediaDetails</include>
				<include>BottomPaneOpenCloseAnim</include>
			</control>

			<include>ViewsDialogPopUpScreenDim</include>
		</control>
	</include>
	
	<include name="MoviesWrapListInfoStyle1">
		<control type="image">
			<description>Bottom Pane Background</description>
			<top>378</top>
			<width>ScreenWidth</width>
			<height>347</height>
			<texture border="0,6,0,0">gui/bottom-info-background.png</texture>
		</control>
		
		<control type="image">
			<description>Background Glow</description>
			<left>492</left>
			<top>382</top>
			<width>755</width>
			<height>345</height>
			<texture flipy="true">gui/background-glow.png</texture>
			<animation effect="fade" end="20" condition="true">Conditional</animation>
		</control> 
		
		<control type="image">
			<description>Cover Glow</description>
			<left>41</left>
			<top>382</top>
			<width>600</width>
			<height>345</height>
			<texture>views/cover-glow.png</texture>
			<aspectratio aligny="bottom">center</aspectratio>
			<visible>!Container.OnNext + !Container.OnPrevious</visible>
			<include>WrapListInfoCoverGlowScrollAnim</include>
		</control>
		
		<control type="image">
			<top>211</top>
			<width>ScreenWidth</width>
			<height>171</height>
			<texture border="0,0,0,2">views/wrap-list-header.png</texture>
			<aspectratio>stretch</aspectratio>
		</control>

		<control type="label">
			<description>Title</description>
			<left>485</left>
			<top>211</top>
			<width>765</width>
			<height>33</height>
			<font>WrapListFont</font>
			<textcolor>DefaultColor</textcolor>
			<shadowcolor>ShadowColor</shadowcolor>
			<label>$INFO[ListItem.Label]</label>
			<aligny>center</aligny>
			<scroll>true</scroll>
		</control>
		
		<control type="image">
			<top>244</top>
			<width>ScreenWidth</width>
			<height>2</height>
			<texture>panels/panel-separator.png</texture>
		</control>
		
		<include content="WrapListInfoCast">
			<param name="id" value="8000" />
			<param name="content" value="$VAR[WrapListInfoCastVar]" />
		</include>

		<control type="grouplist">
			<description>Media Info</description>
			<depth>DepthContent+</depth>
			<left>485</left>
			<top>472</top>
			<width>765</width>
			<orientation>horizontal</orientation>
			<usecontrolcoords>true</usecontrolcoords>
			<visible>!String.IsEmpty(ListItem.Title) + !ListItem.IsCollection</visible>
			<control type="label">
				<description>Director</description>
				<width min="0" max="110">auto</width>
				<include>WrapInfoViewCatLabel</include>
				<label>$LOCALIZE[20339]:</label>
			</control>
			<control type="label">
				<description>Director Value</description>
				<width min="0" max="150">auto</width>
				<include>WrapInfoViewCatValueLabel</include>
				<label fallback="31001">$INFO[ListItem.Director]</label>
			</control>
			<include>WrapInfoViewDot</include>
			<control type="label">
				<description>Writer</description>
				<width min="0" max="110">auto</width>
				<include>WrapInfoViewCatLabel</include>
				<label>$LOCALIZE[20417]:</label>
			</control>
			<control type="label">
				<description>Writer Value</description>
				<width min="0" max="140">auto</width>
				<include>WrapInfoViewCatValueLabel</include>
				<label fallback="31001">$INFO[ListItem.Writer]</label>
			</control>
			<include>WrapInfoViewDot</include>
			<control type="label">
				<description>Year</description>
				<width min="0" max="110">auto</width>
				<include>WrapInfoViewCatLabel</include>
				<label>$LOCALIZE[345]:</label>
			</control>
			<control type="label">
				<description>Year Value</description>
				<width min="0" max="110">auto</width>
				<include>WrapInfoViewCatValueLabel</include>
				<label fallback="31001">$INFO[ListItem.Year]</label>
			</control>
			<include>WrapInfoViewDot</include>
			<control type="label">
				<description>Runtime</description>
				<width min="0" max="110">auto</width>
				<include>WrapInfoViewCatLabel</include>
				<label>$LOCALIZE[2050]:</label>
			</control>
			<control type="label">
				<description>Runtime Value</description>
				<width min="0" max="110">auto</width>
				<include>WrapInfoViewCatValueLabel</include>
				<label fallback="31001">$VAR[DurationVar]</label>
			</control>
		</control>
		
		<control type="grouplist">
			<description>Media Info</description>
			<depth>DepthContent+</depth>
			<left>485</left>
			<top>472</top>
			<width>765</width>
			<orientation>horizontal</orientation>
			<usecontrolcoords>true</usecontrolcoords>
			<visible>!String.IsEmpty(ListItem.Title) + ListItem.IsCollection + System.HasAddon(script.skin.helper.service)</visible>
			<control type="label">
				<description>Movies</description>
				<width min="0" max="110">auto</width>
				<include>WrapInfoViewCatLabel</include>
				<label>$LOCALIZE[20342]:</label>
			</control>
			<control type="label">
				<description>Movies Value</description>
				<width min="0" max="110">auto</width>
				<include>WrapInfoViewCatValueLabel</include>
				<label fallback="31001">$INFO[Window(Home).Property(SkinHelper.ListItem.Count)]</label>
			</control>
			<include>WrapInfoViewDot</include>
			<control type="label">
				<description>Years</description>
				<width min="0" max="110">auto</width>
				<include>WrapInfoViewCatLabel</include>
				<label>$LOCALIZE[345]:</label>
			</control>
			<control type="label">
				<description>Years Value</description>
				<width min="0" max="437">auto</width>
				<include>WrapInfoViewCatValueLabel</include>
				<label fallback="31001">$INFO[Window(Home).Property(SkinHelper.ListItem.Years)]</label>
			</control>
			<include>WrapInfoViewDot</include>
			<control type="label">
				<description>Runtime</description>
				<width min="0" max="110">auto</width>
				<include>WrapInfoViewCatLabel</include>
				<label>$LOCALIZE[2050]:</label>
			</control>
			<control type="label">
				<description>Runtime Value</description>
				<width min="0" max="110">auto</width>
				<include>WrapInfoViewCatValueLabel</include>
				<label fallback="31001">$VAR[SkinHelperDurationVar]</label>
			</control>
		</control>
				
		<control type="group">
			<visible>!String.IsEmpty(ListItem.Title) + !Skin.HasSetting(EnableMoviesWrapListInfoCompactMode)</visible>
			<depth>DepthContent+</depth>

			<control type="textbox">
				<description>Plot</description>
				<left>485</left>
				<top>507</top>
				<width>765</width>
				<height>123</height>
				<font>MediaInfoDescFont</font>
				<textcolor>MediaInfoColor</textcolor>
				<shadowcolor>ShadowColor</shadowcolor>
				<align>justify</align>
				<label fallback="31203">$VAR[MoviePlot]</label>
				<wrapmultiline>true</wrapmultiline>
				<autoscroll time="2000" delay="6000" repeat="10000">!Skin.HasSetting(DoNotAutoScrollPlot)</autoscroll>
				<visible>!Container.OnNext + !Container.OnPrevious</visible>
				<include>ControlsOpenCloseAnim</include>
			</control>
			
			<control type="group">
				<left>239</left>
				<top>520</top>
				
				<control type="label">
					<description>Genre</description>
					<top>10</top>
					<width>204</width>
					<font>MediaInfoFont2</font>
					<textcolor>WhiteColor</textcolor>
					<shadowcolor>ShadowColor</shadowcolor>
					<align>center</align>
					<label>[UPPERCASE]$VAR[MovieGenre][/UPPERCASE]</label>
				</control>
				
				<control type="label">
					<description>Rating</description>
					<top>30</top>
					<width>204</width>
					<font>WrapListRatingFont</font>
					<textcolor>DefaultColor</textcolor>
					<shadowcolor>ShadowColor</shadowcolor>
					<align>center</align>
					<label>[UPPERCASE]$VAR[RatingType][/UPPERCASE]</label>
					<visible>Skin.HasSetting(DoNotUseStarRatingMovies) + ![String.IsEmpty(ListItem.Rating) + String.IsEmpty(ListItem.UserRating)]</visible>
				</control>
				
				<control type="image">
					<description>Star Rating</description>
					<top>35</top>
					<width>204</width>
					<height>22</height>
					<texture>$VAR[StarRating]</texture>
					<aspectratio align="center">keep</aspectratio>
					<visible>!Skin.HasSetting(DoNotUseStarRatingMovies) + ![String.IsEmpty(ListItem.Rating) + String.IsEmpty(ListItem.UserRating)]</visible>
					<include>StarRatingFadeAnim</include>
				</control>
			</control>
		</control>
		
		<control type="wraplist" id="53">
			<viewtype label="31106">bigwrap</viewtype>
			<left>-38</left>
			<top>244</top>
			<width>1350</width>
			<height>330</height>
			<focusposition>2</focusposition>
			<pagecontrol>91103</pagecontrol>
			<orientation>horizontal</orientation>
			<preloaditems>4</preloaditems>
			<scrolltime tween="sine" easing="inout">401</scrolltime>
			<onup>850</onup>
			<ondown>150</ondown>
			<visible>Container.Content(Movies) | Container.Content(Sets)</visible>
			<itemlayout width="150">
				<control type="image">
					<description>Cover Case</description>
					<width>155</width>
					<height>214</height>
					<texture border="7">covers/cover-case-nofocus.png</texture>
					<aspectratio>stretch</aspectratio>
				</control>
				<control type="image">
					<description>Cover</description>
					<width>155</width>
					<height>214</height>
					<texture background="true">$VAR[PosterThumb]</texture>
					<bordersize>9</bordersize>
					<aspectratio>stretch</aspectratio>
				</control>
				<control type="image">
					<description>Default Cover Background</description>
					<width>155</width>
					<height>214</height>
					<texture>dim.png</texture>
					<bordersize>9</bordersize>
					<aspectratio>stretch</aspectratio>
					<visible>String.IsEmpty(ListItem.Thumb)</visible>
				</control>
				<control type="image">
					<description>Default Cover</description>
					<width>155</width>
					<height>214</height>
					<texture background="true">$INFO[ListItem.ActualIcon]</texture>
					<bordersize>12</bordersize>
					<aspectratio>keep</aspectratio>
					<visible>String.IsEmpty(ListItem.Thumb)</visible>
					<animation effect="fade" end="30" condition="true">Conditional</animation>
				</control>
				<control type="image">
					<description>Overlay</description>
					<left>111</left>
					<top>170</top>
					<width>24</width>
					<height>24</height>
					<texture background="true">$INFO[ListItem.Overlay]</texture>
					<aspectratio>keep</aspectratio>
					<visible>!Skin.HasSetting(HideMoviesWrapListInfoOverlay)</visible>
				</control>
				<control type="image">
					<description>Watched Partial</description>
					<left>111</left>
					<top>170</top>
					<width>24</width>
					<height>24</height>
					<texture background="true">$VAR[WatchedPartial]</texture>
					<aspectratio>keep</aspectratio>
					<visible>ListItem.IsResumable + !String.IsEqual(ListItem.Overlay,OverlayWatched.png) + !Skin.HasSetting(HideMoviesWrapListInfoOverlay)</visible>
				</control>
				<control type="image">
					<description>Reflection</description>
					<left>4</left>
					<top>211</top>
					<width>147</width>
					<height>214</height>
					<texture flipy="true" diffuse="views/reflection.png" background="true">$INFO[ListItem.Icon]</texture>
					<bordertexture flipy="true" diffuse="views/reflection.png" border="4">covers/cover-case2.png</bordertexture>
					<bordersize>5</bordersize>
					<aspectratio>stretch</aspectratio>
					<animation effect="fade" end="70" condition="true">Conditional</animation>
				</control>
			</itemlayout>
			<focusedlayout width="150">
				<control type="group">
					<depth>DepthContent+</depth>
					<animation effect="zoom" start="100" end="145" center="78,90" time="300" tween="back" easing="out" reversible="false" delay="150">Focus</animation>
					<animation effect="zoom" start="145" end="100" center="78,90" time="100" reversible="false">UnFocus</animation>
					<control type="image">
						<description>Cover Case</description>
						<width>155</width>
						<height>214</height>
						<texture border="7">covers/cover-case-focus.png</texture>
						<aspectratio>stretch</aspectratio>
					</control>
					<control type="image">
						<description>Cover</description>
						<width>155</width>
						<height>214</height>
						<texture background="true">$VAR[PosterThumb]</texture>
						<bordersize>10</bordersize>
						<aspectratio>stretch</aspectratio>
					</control>
					<control type="image">
						<description>Default Cover Background</description>
						<width>155</width>
						<height>214</height>
						<texture>dim.png</texture>
						<bordersize>10</bordersize>
						<aspectratio>stretch</aspectratio>
						<visible>String.IsEmpty(ListItem.Thumb)</visible>
					</control>
					<control type="image">
						<description>Default Cover</description>
						<width>155</width>
						<height>214</height>
						<texture background="true">$INFO[ListItem.ActualIcon]</texture>
						<bordersize>12</bordersize>
						<aspectratio>keep</aspectratio>
						<visible>String.IsEmpty(ListItem.Thumb)</visible>
					</control>
					<control type="image">
						<description>Reflection</description>
						<left>4</left>
						<top>211</top>
						<width>147</width>
						<height>214</height>
						<texture flipy="true" diffuse="views/reflection.png" background="true">$INFO[ListItem.Icon]</texture>
						<bordertexture flipy="true" diffuse="views/reflection.png" border="4">covers/cover-case2.png</bordertexture>
						<bordersize>6</bordersize>
						<aspectratio>stretch</aspectratio>
						<animation effect="fade" end="70" condition="true">Conditional</animation>
					</control>
					<control type="image">
						<description>Overlay</description>
						<left>111</left>
						<top>170</top>
						<width>24</width>
						<height>24</height>
						<texture background="true">$INFO[ListItem.Overlay]</texture>
						<aspectratio>keep</aspectratio>
						<visible>!Skin.HasSetting(HideMoviesWrapListInfoOverlay)</visible>
					</control>
					<control type="image">
						<description>Watched Partial</description>
						<left>111</left>
						<top>170</top>
						<width>24</width>
						<height>24</height>
						<texture background="true">$VAR[WatchedPartial]</texture>
						<aspectratio>keep</aspectratio>
						<visible>ListItem.IsResumable + !String.IsEqual(ListItem.Overlay,OverlayWatched.png) + !Skin.HasSetting(HideMoviesWrapListInfoOverlay)</visible>
					</control>
				</control>
			</focusedlayout>
		</control>
		
		<control type="group">
			<depth>DepthContent+</depth>
			<include content="WrapInfoViewScrollbar">
				<param name="id" value="91103" />
			</include>
		</control>
	</include>
	
	<include name="MoviesWrapListInfoStyle2">
		<control type="image">
			<description>Bottom Pane Background</description>
			<top>345</top>
			<width>ScreenWidth</width>
			<height>380</height>
			<texture border="0,6,0,0">gui/bottom-info-background.png</texture>
		</control>

		<control type="image">
			<description>Background Glow</description>
			<left>492</left>
			<top>349</top>
			<width>755</width>
			<height>415</height>
			<texture flipy="true">gui/background-glow.png</texture>
			<animation effect="fade" end="20" condition="true">Conditional</animation>
		</control> 
		
		<control type="image">
			<description>Cover Glow</description>
			<left>-52</left>
			<top>334</top>
			<width>744</width>
			<height>415</height>
			<texture>views/cover-glow.png</texture>
			<aspectratio aligny="bottom">center</aspectratio>
			<visible>!Container.OnNext + !Container.OnPrevious</visible>
			<include>WrapListInfoCoverGlowScrollAnim2</include>
		</control>
		
		<control type="image">
			<top>137</top>
			<width>ScreenWidth</width>
			<height>212</height>
			<texture border="0,0,0,2">views/wrap-list-header.png</texture>
			<aspectratio>stretch</aspectratio>
		</control>
		
		<control type="label">
			<description>Title</description>
			<left>485</left>
			<top>137</top>
			<width>765</width>
			<height>33</height>
			<font>WrapListFont</font>
			<textcolor>DefaultColor</textcolor>
			<shadowcolor>ShadowColor</shadowcolor>
			<label>$INFO[ListItem.Title]</label>
			<aligny>center</aligny>
			<scroll>true</scroll>
		</control>
		
		<control type="image">
			<top>170</top>
			<width>ScreenWidth</width>
			<height>2</height>
			<texture>panels/panel-separator.png</texture>
		</control>
		
		<control type="grouplist">
			<description>Media Info</description>
			<depth>DepthContent+</depth>
			<left>485</left>
			<top>472</top>
			<width>765</width>
			<orientation>horizontal</orientation>
			<usecontrolcoords>true</usecontrolcoords>
			<visible>!String.IsEmpty(ListItem.Title) + !ListItem.IsCollection</visible>
			<control type="label">
				<description>Director</description>
				<width min="0" max="110">auto</width>
				<include>WrapInfoViewCatLabel</include>
				<label>$LOCALIZE[20339]:</label>
			</control>
			<control type="label">
				<description>Director Value</description>
				<width min="0" max="150">auto</width>
				<include>WrapInfoViewCatValueLabel</include>
				<label fallback="31001">$INFO[ListItem.Director]</label>
			</control>
			<include>WrapInfoViewDot</include>
			<control type="label">
				<description>Writer</description>
				<width min="0" max="110">auto</width>
				<include>WrapInfoViewCatLabel</include>
				<label>$LOCALIZE[20417]:</label>
			</control>
			<control type="label">
				<description>Writer Value</description>
				<width min="0" max="140">auto</width>
				<include>WrapInfoViewCatValueLabel</include>
				<label fallback="31001">$INFO[ListItem.Writer]</label>
			</control>
			<include>WrapInfoViewDot</include>
			<control type="label">
				<description>Year</description>
				<width min="0" max="110">auto</width>
				<include>WrapInfoViewCatLabel</include>
				<label>$LOCALIZE[345]:</label>
			</control>
			<control type="label">
				<description>Year Value</description>
				<width min="0" max="110">auto</width>
				<include>WrapInfoViewCatValueLabel</include>
				<label fallback="31001">$INFO[ListItem.Year]</label>
			</control>
			<include>WrapInfoViewDot</include>
			<control type="label">
				<description>Runtime</description>
				<width min="0" max="110">auto</width>
				<include>WrapInfoViewCatLabel</include>
				<label>$LOCALIZE[2050]:</label>
			</control>
			<control type="label">
				<description>Runtime Value</description>
				<width min="0" max="110">auto</width>
				<include>WrapInfoViewCatValueLabel</include>
				<label fallback="31001">$VAR[DurationVar]</label>
			</control>
		</control>
		
		<control type="grouplist">
			<description>Media Info</description>
			<depth>DepthContent+</depth>
			<left>485</left>
			<top>472</top>
			<width>765</width>
			<orientation>horizontal</orientation>
			<usecontrolcoords>true</usecontrolcoords>
			<visible>!String.IsEmpty(ListItem.Title) + ListItem.IsCollection + System.HasAddon(script.skin.helper.service)</visible>
			<control type="label">
				<description>Movies</description>
				<width min="0" max="110">auto</width>
				<include>WrapInfoViewCatLabel</include>
				<label>$LOCALIZE[20342]:</label>
			</control>
			<control type="label">
				<description>Movies Value</description>
				<width min="0" max="110">auto</width>
				<include>WrapInfoViewCatValueLabel</include>
				<label fallback="31001">$INFO[Window(Home).Property(SkinHelper.ListItem.Count)]</label>
			</control>
			<include>WrapInfoViewDot</include>
			<control type="label">
				<description>Years</description>
				<width min="0" max="110">auto</width>
				<include>WrapInfoViewCatLabel</include>
				<label>$LOCALIZE[345]:</label>
			</control>
			<control type="label">
				<description>Years Value</description>
				<width min="0" max="437">auto</width>
				<include>WrapInfoViewCatValueLabel</include>
				<label fallback="31001">$INFO[Window(Home).Property(SkinHelper.ListItem.Years)]</label>
			</control>
			<include>WrapInfoViewDot</include>
			<control type="label">
				<description>Runtime</description>
				<width min="0" max="110">auto</width>
				<include>WrapInfoViewCatLabel</include>
				<label>$LOCALIZE[2050]:</label>
			</control>
			<control type="label">
				<description>Runtime Value</description>
				<width min="0" max="110">auto</width>
				<include>WrapInfoViewCatValueLabel</include>
				<label fallback="31001">$VAR[SkinHelperDurationVar]</label>
			</control>
		</control>
	
		<control type="group">
			<visible>!String.IsEmpty(ListItem.Title) + !Skin.HasSetting(EnableMoviesWrapListInfoCompactMode)</visible>
			<depth>DepthContent+</depth>

			<control type="textbox">
				<description>Plot</description>
				<left>485</left>
				<top>507</top>
				<width>765</width>
				<height>123</height>
				<font>MediaInfoDescFont</font>
				<textcolor>MediaInfoColor</textcolor>
				<shadowcolor>ShadowColor</shadowcolor>
				<align>justify</align>
				<label fallback="31203">$VAR[MoviePlot]</label>
				<wrapmultiline>true</wrapmultiline>
				<autoscroll time="2000" delay="6000" repeat="10000">!Skin.HasSetting(DoNotAutoScrollPlot)</autoscroll>
				<visible>!Container.OnNext + !Container.OnPrevious</visible>
				<include>ControlsOpenCloseAnim</include>
			</control>
			
			<control type="group">
				<left>188</left>
				<top>520</top>
				
				<control type="label">
					<description>Genre</description>
					<top>10</top>
					<width>268</width>
					<font>MediaInfoFont2</font>
					<textcolor>WhiteColor</textcolor>
					<shadowcolor>ShadowColor</shadowcolor>
					<align>center</align>
					<label>[UPPERCASE]$VAR[MovieGenre][/UPPERCASE]</label>
				</control>
				
				<control type="label">
					<description>Rating</description>
					<top>30</top>
					<width>268</width>
					<font>WrapListRatingFont</font>
					<textcolor>DefaultColor</textcolor>
					<shadowcolor>ShadowColor</shadowcolor>
					<align>center</align>
					<label>[UPPERCASE]$VAR[RatingType][/UPPERCASE]</label>
					<visible>Skin.HasSetting(DoNotUseStarRatingMovies) + ![String.IsEmpty(ListItem.Rating) + String.IsEmpty(ListItem.UserRating)]</visible>
				</control>
				
				<control type="image">
					<description>Star Rating</description>
					<top>35</top>
					<width>268</width>
					<height>22</height>
					<texture>$VAR[StarRating]</texture>
					<aspectratio align="center">keep</aspectratio>
					<visible>!Skin.HasSetting(DoNotUseStarRatingMovies) + ![String.IsEmpty(ListItem.Rating) + String.IsEmpty(ListItem.UserRating)]</visible>
					<include>StarRatingFadeAnim</include>
				</control>
			</control>
		</control>
		
		<control type="wraplist" id="53">
			<viewtype label="31106">bigwrap</viewtype>
			<left>-3</left>
			<top>170</top>
			<width>ScreenWidth</width>
			<height>470</height>
			<focusposition>1</focusposition>
			<pagecontrol>91103</pagecontrol>
			<orientation>horizontal</orientation>
			<preloaditems>4</preloaditems>
			<scrolltime tween="sine" easing="inout">500</scrolltime>
			<onup>850</onup>
			<ondown>150</ondown>
			<visible>Container.Content(Movies) | Container.Content(Sets)</visible>
			<itemlayout width="214">
				<control type="image">
					<description>Cover Case</description>
					<width>214</width>
					<height>288</height>
					<texture border="7">covers/cover-case-nofocus.png</texture>
					<aspectratio>stretch</aspectratio>
				</control>
				<control type="image">
					<description>Cover</description>
					<width>214</width>
					<height>288</height>
					<texture background="true">$VAR[PosterThumb]</texture>
					<bordersize>12</bordersize>
					<aspectratio>stretch</aspectratio>
				</control>
				<control type="image">
					<description>Default Cover Background</description>
					<width>214</width>
					<height>288</height>
					<texture>dim.png</texture>
					<bordersize>12</bordersize>
					<aspectratio>stretch</aspectratio>
					<visible>String.IsEmpty(ListItem.Thumb)</visible>
				</control>
				<control type="image">
					<description>Default Cover</description>
					<width>214</width>
					<height>288</height>
					<texture background="true">$INFO[ListItem.ActualIcon]</texture>
					<bordersize>20</bordersize>
					<aspectratio>keep</aspectratio>
					<animation effect="fade" end="30" condition="true">Conditional</animation>
					<visible>String.IsEmpty(ListItem.Thumb)</visible>
				</control>
				<control type="image">
					<description>Overlay</description>
					<left>161</left>
					<top>235</top>
					<width>26</width>
					<height>26</height>
					<texture background="true">$INFO[ListItem.Overlay]</texture>
					<aspectratio>keep</aspectratio>
					<visible>!Skin.HasSetting(HideMoviesWrapListInfoOverlay)</visible>
				</control>
				<control type="image">
					<description>Watched Partial</description>
					<left>161</left>
					<top>235</top>
					<width>26</width>
					<height>26</height>
					<texture background="true">$VAR[WatchedPartial]</texture>
					<aspectratio>keep</aspectratio>
					<visible>ListItem.IsResumable + !String.IsEqual(ListItem.Overlay,OverlayWatched.png) + !Skin.HasSetting(HideMoviesWrapListInfoOverlay)</visible>
				</control>
				<control type="image">
					<description>Reflection</description>
					<left>4</left>
					<top>285</top>
					<width>206</width>
					<height>288</height>
					<texture flipy="true" diffuse="views/reflection.png" background="true">$INFO[ListItem.Icon]</texture>
					<bordertexture flipy="true" diffuse="views/reflection.png" border="4">covers/cover-case2.png</bordertexture>
					<bordersize>8</bordersize>
					<aspectratio>stretch</aspectratio>
					<animation effect="fade" end="70" condition="true">Conditional</animation>
				</control>
			</itemlayout>
			<focusedlayout width="214">
				<control type="group">
					<depth>DepthContent+</depth>
					<animation effect="zoom" start="100" end="130" center="107,132" time="360" tween="back" easing="out" reversible="false" delay="200">Focus</animation>
					<animation effect="zoom" start="130" end="100" center="107,132" time="200" reversible="false">UnFocus</animation>
					<control type="image">
						<description>Cover Case</description>
						<width>214</width>
						<height>288</height>
						<texture border="7">covers/cover-case-focus.png</texture>
						<aspectratio>stretch</aspectratio>
					</control>
					<control type="image">
						<description>Cover</description>
						<width>214</width>
						<height>288</height>
						<texture background="true">$VAR[PosterThumb]</texture>
						<bordersize>12</bordersize>
						<aspectratio>stretch</aspectratio>
					</control>
					<control type="image">
						<description>Default Cover Background</description>
						<width>214</width>
						<height>288</height>
						<texture>dim.png</texture>
						<bordersize>12</bordersize>
						<aspectratio>stretch</aspectratio>
						<visible>String.IsEmpty(ListItem.Thumb)</visible>
					</control>
					<control type="image">
						<description>Default Cover</description>
						<width>214</width>
						<height>288</height>
						<texture background="true">$INFO[ListItem.ActualIcon]</texture>
						<bordersize>20</bordersize>
						<aspectratio>keep</aspectratio>
						<visible>String.IsEmpty(ListItem.Thumb)</visible>
					</control>
					<control type="image">
						<description>Reflection</description>
						<left>4</left>
						<top>285</top>
						<width>206</width>
						<height>288</height>
						<texture flipy="true" diffuse="views/reflection.png" background="true">$INFO[ListItem.Icon]</texture>
						<bordertexture flipy="true" diffuse="views/reflection.png" border="4">covers/cover-case2.png</bordertexture>
						<bordersize>8</bordersize>
						<aspectratio>stretch</aspectratio>
						<animation effect="fade" end="70" condition="true">Conditional</animation>
					</control>
					<control type="image">
						<description>Overlay</description>
						<left>161</left>
						<top>235</top>
						<width>26</width>
						<height>26</height>
						<texture background="true">$INFO[ListItem.Overlay]</texture>
						<aspectratio>keep</aspectratio>
						<visible>!Skin.HasSetting(HideMoviesWrapListInfoOverlay)</visible>
					</control>
					<control type="image">
						<description>Watched Partial</description>
						<left>161</left>
						<top>235</top>
						<width>26</width>
						<height>26</height>
						<texture background="true">$VAR[WatchedPartial]</texture>
						<aspectratio>keep</aspectratio>
						<visible>ListItem.IsResumable + !String.IsEqual(ListItem.Overlay,OverlayWatched.png) + !Skin.HasSetting(HideMoviesWrapListInfoOverlay)</visible>
					</control>
				</control>
			</focusedlayout>
		</control>
			
		<control type="group">
			<depth>DepthContent+</depth>
			<include content="WrapInfoViewScrollbar">
				<param name="id" value="91103" />
			</include>
		</control>
	</include>
	<!--//// END WRAP LIST INFO VIEW //////////////////////////////////////////////////////////////////-->

	<!--//// START WALL VIEW //////////////////////////////////////////////////////////////////////////-->
	<include name="MoviesWallView">
		<control type="group" id="500">
		    <defaultcontrol always="true">69</defaultcontrol>
			<visible>Control.IsVisible(69)</visible>
			<include>MediaViewOpenCloseAnim</include>
			
			<control type="panel" id="69">
				<viewtype label="31113">bigicon</viewtype>
				<left>-10</left>
				<width>1300</width>
				<pagecontrol>91202</pagecontrol>
				<preloaditems>2</preloaditems>
				<scrolltime tween="sine" easing="inout">403</scrolltime>
				<include condition="Skin.HasSetting(WallViewVerticalNavigation)">WallViewVertical</include>
				<include condition="!Skin.HasSetting(WallViewVerticalNavigation)">WallViewHorizontal</include>
				<visible>Container.Content(Movies)</visible>
				<itemlayout width="160" height="225" condition="Skin.String(MoviesWallStyle,1) | String.IsEmpty(Skin.String(MoviesWallStyle))">
					<control type="image">
						<description>Default Cover</description>
						<left>10</left>
						<include content="WallViewTop" condition="!Skin.HasSetting(WallViewVerticalNavigation)"><param name="top" value="10" /></include>
						<include content="WallViewTop" condition="Skin.HasSetting(WallViewVerticalNavigation)"><param name="top" value="45" /></include>
						<width>160</width>
						<height>225</height>
						<bordersize>18</bordersize>
						<texture background="true">$INFO[ListItem.ActualIcon]</texture>
						<aspectratio>keep</aspectratio>
						<visible>String.IsEmpty(ListItem.Thumb)</visible>
						<animation effect="fade" end="60" condition="true">Conditional</animation>
					</control>
					<control type="image">
						<description>Cover</description>
						<left>10</left>
						<include content="WallViewTop" condition="!Skin.HasSetting(WallViewVerticalNavigation)"><param name="top" value="10" /></include>
						<include content="WallViewTop" condition="Skin.HasSetting(WallViewVerticalNavigation)"><param name="top" value="45" /></include>
						<width>160</width>
						<height>225</height>
						<texture background="true">$VAR[PosterThumb]</texture>
						<aspectratio>scale</aspectratio>
					</control>
					<control type="image">
						<description>Dim</description>
						<left>10</left>
						<include content="WallViewTop" condition="!Skin.HasSetting(WallViewVerticalNavigation)"><param name="top" value="10" /></include>
						<include content="WallViewTop" condition="Skin.HasSetting(WallViewVerticalNavigation)"><param name="top" value="45" /></include>
						<width>160</width>
						<height>225</height>
						<texture background="true">dim.png</texture>
						<aspectratio>stretch</aspectratio>
						<visible>!Skin.HasSetting(DoNotDimMoviesWallCover)</visible>
						<include>CoverDimAnim</include>
					</control>
					<control type="image">
						<description>Overlay</description>
						<left>135</left>
						<include content="WallViewTop" condition="!Skin.HasSetting(WallViewVerticalNavigation)"><param name="top" value="200" /></include>
						<include content="WallViewTop" condition="Skin.HasSetting(WallViewVerticalNavigation)"><param name="top" value="235" /></include>
						<width>24</width>
						<height>24</height>
						<texture background="true">$INFO[ListItem.Overlay]</texture>
						<aspectratio>keep</aspectratio>
						<visible>!Skin.HasSetting(HideMoviesWallOverlay)</visible>
					</control>
					<control type="image">
						<description>Watched Partial</description>
						<left>135</left>
						<include content="WallViewTop" condition="!Skin.HasSetting(WallViewVerticalNavigation)"><param name="top" value="200" /></include>
						<include content="WallViewTop" condition="Skin.HasSetting(WallViewVerticalNavigation)"><param name="top" value="235" /></include>
						<width>24</width>
						<height>24</height>
						<texture background="true">$VAR[WatchedPartial]</texture>
						<aspectratio>keep</aspectratio>
						<visible>ListItem.IsResumable + !String.IsEqual(ListItem.Overlay,OverlayWatched.png) + !Skin.HasSetting(HideMoviesWallOverlay)</visible>
					</control>
				</itemlayout>
				<itemlayout width="92" height="135" condition="Skin.String(MoviesWallStyle,2)">
					<control type="image">
						<description>Default Cover</description>
						<left>8</left>
						<include content="WallViewTop" condition="!Skin.HasSetting(WallViewVerticalNavigation)"><param name="top" value="10" /></include>
						<include content="WallViewTop" condition="Skin.HasSetting(WallViewVerticalNavigation)"><param name="top" value="45" /></include>
						<width>92</width>
						<height>135</height>
						<bordersize>18</bordersize>
						<texture background="true">$INFO[ListItem.ActualIcon]</texture>
						<aspectratio>keep</aspectratio>
						<visible>String.IsEmpty(ListItem.Thumb)</visible>
						<animation effect="fade" end="60" condition="true">Conditional</animation>
					</control>
					<control type="image">
						<description>Cover</description>
						<left>8</left>
						<include content="WallViewTop" condition="!Skin.HasSetting(WallViewVerticalNavigation)"><param name="top" value="10" /></include>
						<include content="WallViewTop" condition="Skin.HasSetting(WallViewVerticalNavigation)"><param name="top" value="45" /></include>
						<width>92</width>
						<height>135</height>
						<texture background="true">$VAR[PosterThumb]</texture>
						<aspectratio>scale</aspectratio>
					</control>
					<control type="image">
						<description>Dim</description>
						<left>8</left>
						<include content="WallViewTop" condition="!Skin.HasSetting(WallViewVerticalNavigation)"><param name="top" value="10" /></include>
						<include content="WallViewTop" condition="Skin.HasSetting(WallViewVerticalNavigation)"><param name="top" value="45" /></include>
						<width>92</width>
						<height>135</height>
						<texture background="true">dim.png</texture>
						<aspectratio>stretch</aspectratio>
						<visible>!Skin.HasSetting(DoNotDimMoviesWallCover)</visible>
						<include>CoverDimAnim</include>
					</control>
					<control type="image">
						<description>Overlay</description>
						<left>65</left>
						<include content="WallViewTop" condition="!Skin.HasSetting(WallViewVerticalNavigation)"><param name="top" value="110" /></include>
						<include content="WallViewTop" condition="Skin.HasSetting(WallViewVerticalNavigation)"><param name="top" value="145" /></include>
						<width>24</width>
						<height>24</height>
						<texture background="true">$INFO[ListItem.Overlay]</texture>
						<aspectratio>keep</aspectratio>
						<visible>!Skin.HasSetting(HideMoviesWallOverlay)</visible>
					</control>
					<control type="image">
						<description>Watched Partial</description>
						<left>65</left>
						<include content="WallViewTop" condition="!Skin.HasSetting(WallViewVerticalNavigation)"><param name="top" value="110" /></include>
						<include content="WallViewTop" condition="Skin.HasSetting(WallViewVerticalNavigation)"><param name="top" value="145" /></include>
						<width>24</width>
						<height>24</height>
						<texture background="true">$VAR[WatchedPartial]</texture>
						<aspectratio>keep</aspectratio>
						<visible>ListItem.IsResumable + !String.IsEqual(ListItem.Overlay,OverlayWatched.png) + !Skin.HasSetting(HideMoviesWallOverlay)</visible>
					</control>
				</itemlayout>
				<focusedlayout width="160" height="225" condition="Skin.String(MoviesWallStyle,1) | String.IsEmpty(Skin.String(MoviesWallStyle))">
					<control type="group">
						<description>Top Left Corner Cover</description>
						<depth>DepthContent+</depth>
						<include>DVDWallCoverImage</include>
						<include>DVDWallOverlayImage</include>
						<include condition="![Skin.String(LowCPUPowerMode,Animations) | Skin.String(LowCPUPowerMode,Full)]">WallStyle1FocusAnim</include>
					</control>
				</focusedlayout>
				<focusedlayout width="92" height="135" condition="Skin.String(MoviesWallStyle,2)">
					<control type="group">
						<depth>DepthContent+</depth>
						<left>-2</left>
						<include>DVDWallCoverImageSmall</include>
						<include>DVDWallOverlayImageSmall</include>
						<include condition="![Skin.String(LowCPUPowerMode,Animations) | Skin.String(LowCPUPowerMode,Full)]">WallStyle2FocusAnim</include>
					</control>
				</focusedlayout>
			</control>
			
			<control type="group">
				<visible>Control.HasFocus(69) + System.IdleTime(1) + Skin.HasSetting(HideMoviesWallExtendedInfoPanel) + !String.IsEmpty(ListItem.Title)</visible>
				<depth>DepthContent+</depth>
				<left>-3</left>
				<top>43</top>
				
				<animation effect="slide" end="159,0" condition="Container(69).Row(0) + Container(69).Column(5)">Conditional</animation>
				<animation effect="slide" end="319,0" condition="Container(69).Row(0) + [Container(69).Column(0) | Container(69).Column(6)]">Conditional</animation>
				<animation effect="slide" end="479,0" condition="Container(69).Row(0) + [Container(69).Column(1) | Container(69).Column(7)]">Conditional</animation>
				<animation effect="slide" end="639,0" condition="Container(69).Row(0) + Container(69).Column(2)">Conditional</animation>
				<animation effect="slide" end="799,0" condition="Container(69).Row(0) + Container(69).Column(3)">Conditional</animation>
				<animation effect="slide" end="159,177" condition="Container(69).Row(1) + Container(69).Column(5)">Conditional</animation>
				<animation effect="slide" end="319,177" condition="Container(69).Row(1) + [Container(69).Column(0) | Container(69).Column(6)]">Conditional</animation>
				<animation effect="slide" end="479,177" condition="Container(69).Row(1) + [Container(69).Column(1) | Container(69).Column(7)]">Conditional</animation>
				<animation effect="slide" end="639,177" condition="Container(69).Row(1) + Container(69).Column(2)">Conditional</animation>
				<animation effect="slide" end="799,177" condition="Container(69).Row(1) + Container(69).Column(3)">Conditional</animation>
				<animation effect="slide" end="0,177" condition="Container(69).Row(1) + Container(69).Column(4)">Conditional</animation>
				<animation effect="slide" end="159,347" condition="Container(69).Row(2) + Container(69).Column(5)">Conditional</animation>
				<animation effect="slide" end="319,347" condition="Container(69).Row(2) + [Container(69).Column(0) | Container(69).Column(6)]">Conditional</animation>
				<animation effect="slide" end="479,347" condition="Container(69).Row(2) + [Container(69).Column(1) | Container(69).Column(7)]">Conditional</animation>
				<animation effect="slide" end="639,347" condition="Container(69).Row(2) + Container(69).Column(2)">Conditional</animation>
				<animation effect="slide" end="799,347" condition="Container(69).Row(2) + Container(69).Column(3)">Conditional</animation>
				<animation effect="slide" end="0,347" condition="Container(69).Row(2) + Container(69).Column(4)">Conditional</animation>
				
				<animation type="Visible">
					<effect type="fade" start="0" end="100" time="300"/>
					<effect type="zoom" end="100" start="50" time="400" tween="back" easing="out" center="243,166"/>
				</animation>
				
				<control type="image">
					<width>487</width>
					<height>333</height>
					<texture border="8">panels/panel.png</texture>
					<aspectratio>stretch</aspectratio>
				</control>
				
				<control type="image">
					<description>Content Background</description>
					<left>8</left>
					<top>8</top>
					<width>471</width>
					<height>317</height>
					<texture border="4">panels/panel-content-border2.png</texture>
					<include>ListInfoViewContentBackgroundFadeAnim</include>
				</control>
				
				<control type="image">
					<left>13</left>
					<top>72</top>
					<width>461</width>
					<height>25</height>
					<texture border="4">panels/panel3.png</texture>
					<include>ListInfoViewMediaInfoBackgroundFadeAnim</include>
				</control>
				
				<control type="image">
					<left>13</left>
					<top>101</top>
					<width>461</width>
					<height>149</height>
					<texture border="4">panels/panel3.png</texture>
					<include>ListInfoViewMediaInfoBackgroundFadeAnim</include>
				</control>
				
				<control type="image">
					<left>13</left>
					<top>255</top>
					<width>461</width>
					<height>25</height>
					<texture border="4">panels/panel3.png</texture>
					<include>ListInfoViewMediaInfoBackgroundFadeAnim</include>
				</control>
				
				<control type="image">
					<left>13</left>
					<top>285</top>
					<width>461</width>
					<height>25</height>
					<texture border="4">panels/panel3.png</texture>
					<include>ListInfoViewMediaInfoBackgroundFadeAnim</include>
					<visible>ListItem.IsCollection + System.HasAddon(script.skin.helper.service)</visible>
				</control>
				
				<control type="image">
					<left>13</left>
					<top>11</top>
					<width>461</width>
					<height>58</height>
					<texture background="true">$INFO[ListItem.Art(clearlogo)]</texture>
					<aspectratio align="center" aligny="center">keep</aspectratio>
					<visible>!String.IsEmpty(ListItem.Art(clearlogo)) + !Skin.HasSetting(DisableMoviesClearLogo)</visible>
				</control>
				
				<control type="label">
					<description>Title</description>
					<top>10</top>
					<left>13</left>
					<width>461</width>
					<height>58</height>
					<align>center</align>
					<aligny>center</aligny>
					<font>KaraokeFont</font>
					<textcolor>MediaInfoTitleColor</textcolor>
					<shadowcolor>ShadowColor</shadowcolor>
					<label>[UPPERCASE]$INFO[ListItem.Title][/UPPERCASE]</label>
					<scroll>true</scroll>
					<visible>String.IsEmpty(ListItem.Art(clearlogo)) | Skin.HasSetting(DisableMoviesClearLogo)</visible>
				</control>
				
				<control type="label">
					<description>Genre</description>
					<left>18</left>
					<top>72</top>
					<width>451</width>
					<height>25</height>
					<align>center</align>
					<aligny>center</aligny>
					<font>MediaInfoFont2</font>
					<textcolor>MediaInfoItemColor2</textcolor>
					<shadowcolor>ShadowColor</shadowcolor>
					<label>[UPPERCASE]$VAR[MovieGenre][/UPPERCASE]</label>
					<scroll>true</scroll>
				</control>
				
				<control type="textbox">
					<description>Plot Outline</description>
					<left>18</left>
					<top>108</top>
					<width>451</width>
					<height>137</height>
					<font>SettingsContentFont2</font>
					<textcolor>MediaInfoColor</textcolor>
					<shadowcolor>ShadowColor</shadowcolor>
					<align>justify</align>
					<label>$INFO[ListItem.PlotOutline]</label>
					<wrapmultiline>true</wrapmultiline>
					<autoscroll time="2000" delay="6000" repeat="10000">true</autoscroll>
					<include>ControlsOpenCloseAnim</include>
					<visible>!String.IsEmpty(ListItem.PlotOutline)</visible>
				</control>
				
				<control type="textbox">
					<description>Plot</description>
					<left>18</left>
					<top>108</top>
					<width>451</width>
					<height>137</height>
					<font>SettingsContentFont2</font>
					<textcolor>MediaInfoColor</textcolor>
					<shadowcolor>ShadowColor</shadowcolor>
					<align>justify</align>
					<label fallback="31203">$VAR[MoviePlot]</label>
					<wrapmultiline>true</wrapmultiline>
					<autoscroll time="2000" delay="6000" repeat="10000">true</autoscroll>
					<include>ControlsOpenCloseAnim</include>
					<visible>String.IsEmpty(ListItem.PlotOutline)</visible>
				</control>
				
				<control type="label">
					<description>Media Info</description>
					<left>18</left>
					<top>255</top>
					<width>451</width>
					<height>25</height>
					<align>center</align>
					<aligny>center</aligny>
					<include>ListInfoViewCatLabel</include>
					<label>$LOCALIZE[345]:$INFO[ListItem.Year,[COLOR=MediaInfoItemColor2] ,  &#x2022;  [/COLOR]]$LOCALIZE[2050]: [COLOR=MediaInfoItemColor2]$VAR[DurationVar]  &#x2022;  [/COLOR]$LOCALIZE[563]:$VAR[RatingType,[COLOR=MediaInfoItemColor2] ,[/COLOR]]</label>
					<visible>!ListItem.IsCollection</visible>
				</control>
				
				<control type="label">
					<description>Media Info</description>
					<left>18</left>
					<top>255</top>
					<width>451</width>
					<height>25</height>
					<align>center</align>
					<aligny>center</aligny>
					<include>ListInfoViewCatLabel</include>
					<label>$INFO[Window(Home).Property(SkinHelper.ListItem.Count),$LOCALIZE[20342]: [COLOR=MediaInfoItemColor2],  &#x2022;  [/COLOR]]$VAR[RatingType,$LOCALIZE[563]: [COLOR=MediaInfoItemColor2],  &#x2022;  [/COLOR]]$LOCALIZE[2050]: [COLOR=MediaInfoItemColor2]$VAR[SkinHelperDurationVar][/COLOR]</label>
					<visible>ListItem.IsCollection + System.HasAddon(script.skin.helper.service)</visible>
				</control>
				
				<control type="label">
					<description>Media Info</description>
					<left>18</left>
					<top>285</top>
					<width>451</width>
					<height>25</height>
					<align>center</align>
					<aligny>center</aligny>
					<include>ListInfoViewCatLabel</include>
					<label>$INFO[Window(Home).Property(SkinHelper.ListItem.Years),$LOCALIZE[345]: [COLOR=MediaInfoItemColor2],[/COLOR]]</label>
					<visible>ListItem.IsCollection + System.HasAddon(script.skin.helper.service)</visible>
				</control>
				
				<control type="label">
					<description>Media Info</description>
					<left>18</left>
					<top>255</top>
					<width>451</width>
					<height>25</height>
					<align>center</align>
					<aligny>center</aligny>
					<include>ListInfoViewCatLabel</include>
					<label>$LOCALIZE[563]:$VAR[RatingType,[COLOR=MediaInfoItemColor2] ,[/COLOR]]</label>
					<visible>ListItem.IsCollection + !System.HasAddon(script.skin.helper.service)</visible>
				</control>
				
				<control type="grouplist">
					<description>Media Flags Area</description>
					<visible>!Skin.HasSetting(DisableMediaFlags)</visible>
					<left>13</left>
					<top>285</top>
					<width>461</width>
					<height>35</height>
					<itemgap>5</itemgap>
					<align>center</align>
					<usecontrolcoords>true</usecontrolcoords>
					<orientation>horizontal</orientation>
					<include>MediaFlagFadeAnim</include>
					<include>VideoSourceMediaFlags</include>
					<include>VideoCodecMediaFlags</include>
					<include>AudioMediaFlags</include>
					<include>AspectMediaFlags</include>
					<include>SubtitleMediaFlags</include>
				</control>
			</control>
			
			<include content="WallViewScrollbar">
				<param name="id" value="91202" />
			</include>
			
			<control type="group" id="659">
				<description>Bottom Bar Area</description>
				<depth>DepthContent+</depth>
				<top>BottomPaneOffsetY</top>
				<visible>Control.HasFocus(69) + System.IdleTime(2) + !Skin.HasSetting(HideMoviesWallInfoPanel)</visible>
				<animation effect="slide" start="0,65" time="300">Visible</animation>
				<include>InfoPaneImage</include>
				<include>InfoPaneMediaDetails</include>
				<include>BottomPaneOpenCloseAnim</include>
				
				<control type="label">
					<include>InfoPaneItemTitle</include>
					<label>[B]$INFO[ListItem.Label][/B]</label>
					<visible>String.IsEmpty(ListItem.Art(clearlogo)) | Skin.HasSetting(DisableMoviesClearLogo)</visible>
				</control>
				
				<control type="group">
					<animation effect="slide" end="0,-6" condition="true">Conditional</animation>
					<include condition="!Skin.HasSetting(DisableMoviesClearLogo)">InfoPaneClearLogoMovies</include>
				</control>
				
				<control type="group">
					<visible>!Skin.HasSetting(ShowMoviesWallRating)</visible>
					<animation effect="slide" end="0,12" time="100" condition="!String.IsEmpty(ListItem.Art(clearlogo)) + !Skin.HasSetting(DisableMoviesClearLogo)">Conditional</animation>
						
					<control type="label">
						<include>InfoPaneItemTitle2</include>
						<label>$VAR[MovieGenre]</label>
						<visible>Window.IsActive(Videos)</visible>
					</control>
					
					<control type="label">
						<include>InfoPaneItemTitle2</include>
						<label>$INFO[ListItem.Label2]</label>
						<visible>Window.IsActive(Videos,Files) + !Container.Content(Movies)</visible>
					</control>
				</control>
				
				<control type="group">
					<visible>Skin.HasSetting(ShowMoviesWallRating)</visible>
					<animation effect="slide" end="0,12" time="100" condition="!String.IsEmpty(ListItem.Art(clearlogo)) + !Skin.HasSetting(DisableMoviesClearLogo)">Conditional</animation>
					
					<control type="label">
						<include>InfoPaneItemTitle2</include>
						<label>$VAR[RatingType]</label>
						<visible>Skin.HasSetting(DoNotUseStarRatingMovies) + ![String.IsEmpty(ListItem.Rating) + String.IsEmpty(ListItem.UserRating)]</visible>
					</control>
					
					<control type="image">
						<left>590</left>
						<top>24</top>
						<width>100</width>
						<height>16</height>
						<texture background="true">$VAR[StarRating]</texture>
						<aspectratio>keep</aspectratio>
						<visible>!Skin.HasSetting(DoNotUseStarRatingMovies) + ![String.IsEmpty(ListItem.Rating) + String.IsEmpty(ListItem.UserRating)]</visible>
						<include>MediaFlagFadeAnim</include>
					</control>
				</control>
			</control>
			
			<include>ViewsDialogPopUpScreenDim</include>
		</control>
	</include>
	<!--//// END WALL VIEW ////////////////////////////////////////////////////////////////////////////-->
</includes>