<?xml version="1.0" encoding="UTF-8"?>
<window>
	<coordinates>
		<system>1</system>
		<left>28</left>
		<top>12</top>
	</coordinates>
	
	<controls>
		<control type="group">
			<depth>DepthOSD-</depth>
			<animation effect="fade" start="100" end="0" time="250" condition="Window.IsActive(AddonSettings)">Conditional</animation>
			<include>FSMediaInfoOpenCloseAnim</include>
			
			<control type="button" id="9000">
				<left>1300</left>
				<onfocus condition="Control.IsVisible(110)">Control.SetFocus(110)</onfocus>
				<onfocus condition="Control.IsVisible(120)">Control.SetFocus(120)</onfocus>
			</control>
			
			<control type="image">
				<width>1224</width>
				<height>309</height>
				<texture border="8">panels/panel.png</texture>
			</control>
			
			<control type="group">			
				<left>20</left>
				<top>270</top>
				
				<control type="image">
					<left>-16</left>
					<width>1216</width>
					<height>35</height>
					<texture border="5">panels/panel-content-border2.png</texture>
					<animation effect="fade" end="5" condition="true">Conditional</animation>
				</control>
				
				<control type="label" id="200">
					<visible>false</visible>
				</control>
				
				<control type="label">
					<description>Scraper Label</description>
					<top>8</top>
					<width>500</width>
					<label>[COLOR=MediaInfoItemColor]$LOCALIZE[21870]:[/COLOR] $INFO[Control.GetLabel(200)]</label>
					<font>ButtonFont</font>
					<textcolor>ButtonColor</textcolor>
					<shadowcolor>ShadowColor</shadowcolor>
					<disabledcolor>60FFFFFF</disabledcolor>
				</control>
				
				<control type="label" id="2">
					<width>1184</width>
					<align>center</align>
					<font>FSInfoTitleFont</font>
					<textcolor>MediaInfoTitleColor</textcolor>
					<shadowcolor>ShadowColor</shadowcolor>
					<scroll>true</scroll>
					<label>$ADDON[script.cu.lrclyrics 32199]</label>
				</control>
				
				<control type="spincontrol" id="111">
					<description>Next page button</description>
					<top>4</top>
					<left>1130</left>
					<onup>110</onup>
					<onleft>110</onleft>
					<onright>110</onright>
					<ondown>ActivateWindow(MusicOSD)</ondown>
					<ondown>Control.SetFocus(151)</ondown>
					<visible>Control.IsVisible(110) + !Substring(Container(110).NumPages,0)</visible>
				</control>
				
				<control type="spincontrol" id="121">
					<description>Next page button</description>
					<top>4</top>
					<left>1130</left>
					<onup>120</onup>
					<onleft>120</onleft>
					<onright>120</onright>
					<ondown>ActivateWindow(MusicOSD)</ondown>
					<ondown>Control.SetFocus(151)</ondown>
					<visible>Control.IsVisible(120) + !Substring(Container(120).NumPages,0)</visible>
				</control>
			</control>
			
			<control type="list" id="110">
				<description>Control Area</description>
				<centerleft>612</centerleft>
				<top>4</top>
				<width>1224</width>
				<height>266</height>
				<pagecontrol>111</pagecontrol>
				<onup>110</onup>
				<ondown>110</ondown>
				<onright>111</onright>
				<onleft>ActivateWindow(MusicOSD)</onleft>
				<onleft>Control.SetFocus(151)</onleft>
				<itemlayout height="26">
					<control type="label">
						<width>1224</width>
						<height>25</height>
						<font>MediaInfoDescFont</font>
						<textcolor>MediaInfoColor</textcolor>
						<shadowcolor>ShadowColor</shadowcolor>
						<align>center</align>
						<aligny>center</aligny>
						<info>ListItem.Label</info>
					</control>
				</itemlayout>
				<focusedlayout height="26">
					<control type="label">
						<width>1224</width>
						<height>25</height>
						<font>MediaInfoDescFont</font>
						<textcolor>SelectedColor2</textcolor>
						<shadowcolor>ShadowColor</shadowcolor>
						<align>center</align>
						<aligny>center</aligny>
						<info>ListItem.Label</info>
					</control>
				</focusedlayout>
			</control>
			
			<control type="list" id="120">
				<description>Control Area</description>
				<centerleft>612</centerleft>
				<top>4</top>
				<width>1224</width>
				<height>266</height>
				<pagecontrol>121</pagecontrol>
				<onup>120</onup>
				<ondown>120</ondown>
				<onright>121</onright>
				<onleft>ActivateWindow(MusicOSD)</onleft>
				<onleft>Control.SetFocus(151)</onleft>
				<itemlayout height="26">
					<control type="label">
						<width>1224</width>
						<height>25</height>
						<font>MediaInfoDescFont</font>
						<textcolor>MediaInfoColor</textcolor>
						<shadowcolor>ShadowColor</shadowcolor>
						<align>center</align>
						<aligny>center</aligny>
						<info>ListItem.Label</info>
					</control>
				</itemlayout>
				<focusedlayout height="26">
					<control type="label">
						<width>1224</width>
						<height>25</height>
						<font>MediaInfoDescFont</font>
						<textcolor>SelectedColor2</textcolor>
						<shadowcolor>ShadowColor</shadowcolor>
						<align>center</align>
						<aligny>center</aligny>
						<info>ListItem.Label</info>
					</control>
				</focusedlayout>
			</control>
			
			<control type="button">
				<left>1180</left>
				<include>DialogCloseBtn</include>
			</control>
		</control>
	</controls>
</window>