<?xml version="1.0" encoding="UTF-8"?>
<window>
	<defaultcontrol always="true">3</defaultcontrol>
	<coordinates>
		<system>1</system>
		<left>315</left>
		<top>35</top>
	</coordinates>
	<include>dialogeffect</include>
	<controls>
		<control type="group">
			<animation effect="slide" end="-105,0" condition="Control.IsVisible(6)">Conditional</animation>
			<control type="image">
				<description>background image</description>
				<width>650</width>
				<height>650</height>
				<texture border="50,100,50,50">Dialog.png</texture>
				<animation effect="fade" start="90" end="90" time="0" condition="Window.IsVisible(Visualisation)">Conditional</animation>
				<visible>Control.IsVisible(3)</visible>
			</control>
			<control type="image">
				<description>background image</description>
				<width>860</width>
				<height>650</height>
				<texture border="50,100,50,50">Dialog.png</texture>
				<animation effect="fade" start="90" end="90" time="0" condition="Window.IsVisible(Visualisation)">Conditional</animation>
				<visible>Control.IsVisible(6)</visible>
			</control>
			<control type="label" id="1">
				<description>heading label</description>
				<left>50</left>
				<top>50</top>
				<width>550</width>
				<height>30</height>
				<align>center</align>
				<aligny>center</aligny>
				<font>font16</font>
				<label>13406</label>
				<textcolor>orange</textcolor>
				<animation effect="slide" end="105,0" condition="Control.IsVisible(6)">Conditional</animation>
			</control>
			<control type="list" id="3">
				<left>50</left>
				<top>100</top>
				<width>550</width>
				<height>450</height>
				<onup>3</onup>
				<ondown>3</ondown>
				<onleft>9001</onleft>
				<onright>61</onright>
				<pagecontrol>61</pagecontrol>
				<scrolltime>200</scrolltime>
				<itemlayout height="45">
					<control type="image">
						<width>550</width>
						<height>45</height>
						<texture border="10">list-nofocus.png</texture>
					</control>
					<control type="label">
						<left>10</left>
						<width>530</width>
						<height>45</height>
						<font>font12</font>
						<align>left</align>
						<aligny>center</aligny>
						<info>ListItem.Label</info>
					</control>
				</itemlayout>
				<focusedlayout height="45">
					<control type="image">
						<width>550</width>
						<height>45</height>
						<visible>!Control.HasFocus(3)</visible>
						<texture border="10">list-nofocus.png</texture>
					</control>
					<control type="image">
						<width>550</width>
						<height>45</height>
						<visible>Control.HasFocus(3)</visible>
						<texture border="10">list-focus.png</texture>
					</control>
					<control type="label">
						<left>10</left>
						<width>530</width>
						<height>45</height>
						<font>font12</font>
						<align>left</align>
						<aligny>center</aligny>
						<textcolor>black</textcolor>
						<info>ListItem.Label</info>
						<visible>Control.HasFocus(3)</visible>
					</control>
					<control type="label">
						<left>10</left>
						<width>530</width>
						<height>45</height>
						<font>font12</font>
						<align>left</align>
						<aligny>center</aligny>
						<textcolor>white</textcolor>
						<info>ListItem.Label</info>
						<visible>!Control.HasFocus(3)</visible>
					</control>
				</focusedlayout>
			</control>
			<control type="list" id="6">
				<left>50</left>
				<top>100</top>
				<width>550</width>
				<height>450</height>
				<onup>61</onup>
				<ondown>61</ondown>
				<onleft>61</onleft>
				<onright>9001</onright>
				<pagecontrol>61</pagecontrol>
				<scrolltime>200</scrolltime>
				<itemlayout height="45">
					<control type="image">
						<width>550</width>
						<height>45</height>
						<texture border="10">list-nofocus.png</texture>
					</control>
					<control type="image">
						<left>5</left>
						<top>5</top>
						<width>40</width>
						<height>35</height>
						<texture>$INFO[ListItem.Icon]</texture>
					</control>
					<control type="label">
						<left>50</left>
						<width>490</width>
						<height>45</height>
						<font>font12</font>
						<align>left</align>
						<aligny>center</aligny>
						<info>ListItem.Label</info>
					</control>
				</itemlayout>
				<focusedlayout height="45">
					<control type="image">
						<width>550</width>
						<height>45</height>
						<visible>!Control.HasFocus(6)</visible>
						<texture border="10">list-nofocus.png</texture>
					</control>
					<control type="image">
						<width>550</width>
						<height>45</height>
						<visible>Control.HasFocus(6)</visible>
						<texture border="10">list-focus.png</texture>
					</control>
					<control type="image">
						<left>5</left>
						<top>5</top>
						<width>40</width>
						<height>35</height>
						<texture>$INFO[ListItem.Icon]</texture>
					</control>
					<control type="label">
						<left>50</left>
						<width>490</width>
						<height>45</height>
						<font>font12</font>
						<align>left</align>
						<aligny>center</aligny>
						<textcolor>black</textcolor>
						<info>ListItem.Label</info>
						<visible>Control.HasFocus(6)</visible>
					</control>
					<control type="label">
						<left>50</left>
						<width>490</width>
						<height>45</height>
						<font>font12</font>
						<align>left</align>
						<aligny>center</aligny>
						<textcolor>white</textcolor>
						<info>ListItem.Label</info>
						<visible>!Control.HasFocus(6)</visible>
					</control>
				</focusedlayout>
			</control>
			<control type="group">
				<visible>Control.IsVisible(6)</visible>
				<control type="image">
					<left>610</left>
					<top>100</top>
					<width>200</width>
					<height>200</height>
					<texture>$INFO[Container(6).ListItem.Icon]</texture>
					<bordertexture border="3">black-back.png</bordertexture>
					<bordersize>2</bordersize>
					<aspectratio>keep</aspectratio>
				</control>
				<control type="label">
					<description>Currently Selected Title</description>
					<left>610</left>
					<top>308</top>
					<width>200</width>
					<font>font12</font>
					<align>center</align>
					<scroll>true</scroll>
					<textcolor>white</textcolor>
					<label>[B]$INFO[Container(6).ListItem.Label][/B]</label>
				</control>
				<control type="label">
					<description>Currently Selected Version</description>
					<left>610</left>
					<top>338</top>
					<width>200</width>
					<font>font10</font>
					<align>center</align>
					<scroll>true</scroll>
					<textcolor>grey2</textcolor>
					<label>[B]$INFO[Container(6).ListItem.AddonVersion][/B]</label>
					<visible>!String.IsEmpty(ListItem.AddonVersion)</visible>
				</control>
				<control type="textbox">
					<description>Currently Selected Summary</description>
					<left>610</left>
					<top>368</top>
					<width>200</width>
					<height>100</height>
					<font>font10</font>
					<align>left</align>
					<textcolor>grey</textcolor>
					<label>$INFO[Container(6).ListItem.Label2]</label>
					<autoscroll time="3000" delay="4000" repeat="5000">true</autoscroll>
					<animation effect="slide" end="0,-30" condition="String.IsEmpty(ListItem.AddonVersion)">Conditional</animation>
				</control>
			</control>
			<control type="spincontrol" id="61">
				<description>Next page Spinner</description>
				<left>540</left>
				<top>567</top>
				<subtype>page</subtype>
				<font />
				<onleft condition="Control.IsVisible(3)">9001</onleft>
				<onleft condition="Control.IsVisible(6)">6</onleft>
				<onright>9001</onright>
				<onup condition="Control.IsVisible(3)">3</onup>
				<onup condition="Control.IsVisible(6)">6</onup>
				<textcolor>white</textcolor>
				<showonepage>true</showonepage>
			</control>
			<control type="label">
				<description>number of files/pages in list text label</description>
				<left>215</left>
				<top>565</top>
				<width>320</width>
				<height>35</height>
				<font>font12</font>
				<align>right</align>
				<aligny>center</aligny>
				<scroll>true</scroll>
				<textcolor>grey2</textcolor>
				<label>$VAR[DialogSelectContainerInfo]</label>
			</control>
			<control type="grouplist" id="9001">
				<left>610</left>
				<bottom>125</bottom>
				<height>135</height>
				<itemgap>0</itemgap>
				<onleft>61</onleft>
				<onright condition="Control.IsVisible(3)">61</onright>
				<onright condition="Control.IsVisible(6)">6</onright>
				<onup condition="Control.IsVisible(3)">3</onup>
				<onup condition="Control.IsVisible(6)">6</onup>
				<orientation>vertical</orientation>
				<animation effect="slide" end="0,45" condition="!Control.IsVisible(8)">Conditional</animation>
				<animation effect="slide" end="0,45" condition="!Control.IsVisible(5)">Conditional</animation>
				<animation effect="slide" end="-560,7" condition="Control.IsVisible(3)">Conditional</animation>
				<control type="button" id="8">
					<description>Optional button</description>
					<label />
					<textcolor>grey2</textcolor>
					<focusedcolor>white</focusedcolor>
					<include>DialogButton2CommonValues</include>
				</control>
				<control type="button" id="5">
					<description>Manual button</description>
					<label />
					<textcolor>grey2</textcolor>
					<focusedcolor>white</focusedcolor>
					<include>DialogButton2CommonValues</include>
				</control>
				<control type="button" id="7">
					<description>Cancel button</description>
					<label />
					<textcolor>grey2</textcolor>
					<focusedcolor>white</focusedcolor>
					<include>DialogButton2CommonValues</include>
				</control>
			</control>
		</control>
	</controls>
</window>