<?xml version="1.0" encoding="UTF-8"?>
<window>
	<defaultcontrol always="true">50</defaultcontrol>
	<menucontrol>9000</menucontrol>
	<views>50</views>
	<controls>
		<include condition="!Skin.HasSetting(DontBlendBackground)">CommonVideoVizBackground</include>
		<control type="group">
			<include>CommonSystemBackground</include>
		</control>
		<include condition="Skin.HasSetting(DontBlendBackground)">CommonVideoVizBackground</include>
		<control type="group">
			<include>CommonSystemBlackwash</include>
		</control>
		<control type="group">
			<left>130</left>
			<animation effect="fade" delay="500" time="HomeVisibleFadeAnimationSpeed">WindowOpen</animation>
			<animation effect="fade" start="0" end="0" time="0">WindowClose</animation>
			<control type="label">
				<description>Header label</description>
				<label>$LOCALIZE[10050][COLOR=grey2]$VAR[SortLetterNotificationVar2][/COLOR]</label>
				<include>HeaderTextCommons</include>
			</control>
			<control type="panel" id="50">
				<left>0</left>
				<top>110</top>
				<width>1070</width>
				<height>480</height>
				<onleft>9000</onleft>
				<onright>60</onright>
				<onup>50</onup>
				<ondown>50</ondown>
				<viewtype label="535">list</viewtype>
				<pagecontrol>60</pagecontrol>
				<scrolltime>200</scrolltime>
				<itemlayout height="80" width="1070">
					<control type="image">
						<left>6</left>
						<top>6</top>
						<width>68</width>
						<height>68</height>
						<texture background="true">$INFO[ListItem.Icon]</texture>
						<bordertexture>black-back.png</bordertexture>
						<bordersize>1</bordersize>
					</control>
					<control type="label">
						<left>84</left>
						<top>5</top>
						<width>525</width>
						<height>36</height>
						<font>font13</font>
						<aligny>center</aligny>
						<selectedcolor>orange</selectedcolor>
						<shadowcolor>black</shadowcolor>
						<align>left</align>
						<info>ListItem.Label</info>
					</control>
					<control type="label">
						<left>84</left>
						<top>35</top>
						<width>525</width>
						<height>36</height>
						<font>font13</font>
						<aligny>center</aligny>
						<textcolor>grey2</textcolor>
						<selectedcolor>orange</selectedcolor>
						<shadowcolor>black</shadowcolor>
						<align>left</align>
						<label>$INFO[ListItem.Property(Event.Description)]</label>
					</control>
					<control type="label">
						<left>609</left>
						<top>5</top>
						<width>451</width>
						<height>36</height>
						<font>font13</font>
						<aligny>center</aligny>
						<selectedcolor>orange</selectedcolor>
						<textcolor>grey2</textcolor>
						<shadowcolor>black</shadowcolor>
						<align>right</align>
						<info>ListItem.Label2</info>
					</control>
				</itemlayout>
				<focusedlayout height="80" width="1200">
					<control type="image">
						<width>1070</width>
						<height>80</height>
						<texture border="10">list-focus.png</texture>
					</control>
					<control type="image">
						<left>6</left>
						<top>6</top>
						<width>68</width>
						<height>68</height>
						<texture background="true">$INFO[ListItem.Icon]</texture>
						<bordertexture>black-back.png</bordertexture>
						<bordersize>1</bordersize>
					</control>
					<control type="label">
						<left>84</left>
						<top>5</top>
						<width>525</width>
						<height>36</height>
						<font>font13</font>
						<aligny>center</aligny>
						<textcolor>black</textcolor>
						<selectedcolor>orange</selectedcolor>
						<align>left</align>
						<label>$INFO[ListItem.Label]</label>
					</control>
					<control type="label">
						<left>84</left>
						<top>35</top>
						<width>525</width>
						<height>36</height>
						<font>font13</font>
						<aligny>center</aligny>
						<textcolor>white2</textcolor>
						<selectedcolor>orange</selectedcolor>
						<align>left</align>
						<label>$INFO[ListItem.Property(Event.Description)]</label>
					</control>
					<control type="label">
						<left>609</left>
						<top>5</top>
						<width>451</width>
						<height>36</height>
						<font>font13</font>
						<aligny>center</aligny>
						<textcolor>white2</textcolor>
						<selectedcolor>orange</selectedcolor>
						<align>right</align>
						<label>$INFO[ListItem.Label2]</label>
					</control>
				</focusedlayout>
			</control>
		</control>
		<include>BackgroundDim</include>
		<control type="group" id="9000">
			<include>Container9000BladesRunner</include>
			<control type="group">
				<include>Container9000Header</include>
				<control type="togglebutton" id="4">
					<description>Order by button</description>
					<include>ButtonCommonValues</include>
					<alttexturefocus border="4,6,4,8">button-focus.png</alttexturefocus>
					<alttexturenofocus border="4,6,4,8">button-focus.png</alttexturenofocus>
					<usealttexture>Container.SortDirection(Ascending)</usealttexture>
					<label>$LOCALIZE[31228]: $LOCALIZE[584]</label>
					<altlabel>$LOCALIZE[31228]: $LOCALIZE[585]</altlabel>
					<onleft>50</onleft>
					<onright>50</onright>
					<onup>611</onup>
					<ondown>21</ondown>
				</control>
				<control type="button" id="21">
					<description>Level button</description>
					<left>2</left>
					<top>40</top>
					<include>ButtonCommonValues</include>
					<onleft>50</onleft>
					<onright>50</onright>
					<onup>4</onup>
					<ondown>22</ondown>
				</control>
				<control type="radiobutton" id="22">
					<description>Only show current level</description>
					<left>4</left>
					<top>80</top>
					<include>ButtonCommonValues</include>
					<onleft>50</onleft>
					<onright>50</onright>
					<onup>21</onup>
					<ondown>20</ondown>
				</control>
				<control type="button" id="20">
					<description>Clear</description>
					<left>6</left>
					<top>120</top>
					<include>ButtonCommonValues</include>
					<label>$LOCALIZE[192]</label>
					<onleft>50</onleft>
					<onright>50</onright>
					<onup>22</onup>
					<ondown>612</ondown>
				</control>
				<control type="button" id="612">
					<description>Settings</description>
					<left>8</left>
					<top>160</top>
					<include>ButtonCommonValues</include>
					<label>$LOCALIZE[5]</label>
					<onclick>ActivateWindow(systemsettings,logging)</onclick>
					<onleft>50</onleft>
					<onright>50</onright>
					<onup>20</onup>
					<ondown>610</ondown>
				</control>
				<control type="button" id="610">
					<description>Fake Button to fix Player Controls Navigation</description>
					<onup>11</onup>
					<ondown>603</ondown>
					<visible>false</visible>
				</control>
				<control type="button" id="611">
					<description>Fake Button to fix Player Controls Navigation</description>
					<onup>606</onup>
					<ondown>2</ondown>
					<visible>false</visible>
				</control>
				<include>CommonPlayerControls</include>
			</control>
		</control>
		<include>AllViewCommonPageControls</include>
		<control type="group">
			<include>SettingsToSubBlades</include>
		</control>
		<include>Common_Now_Playing</include>
	</controls>
</window>