<?xml version="1.0" encoding="UTF-8"?>
<window>
	<defaultcontrol always="true">50</defaultcontrol>
	<menucontrol>9000</menucontrol>
	<views>50,52,55</views>
	<controls>
		<include>CommonMediaBackgrounds</include>
		<control type="group">
			<left>130</left>
			<animation effect="fade" delay="500" time="HomeVisibleFadeAnimationSpeed">WindowOpen</animation>
			<animation effect="fade" start="0" end="0" time="0">WindowClose</animation>
			<control type="label">
				<description>Header label</description>
				<label>$LOCALIZE[1][COLOR=grey2]$VAR[SortLetterNotificationVar][/COLOR]</label>
				<include>HeaderTextCommons</include>
			</control>
			<control type="group">
				<top>110</top>
				<include>ListViewCommons</include> <!-- View ID 50 -->
				<include>ThumbnailView</include> <!-- View ID 52 -->
				<include>ThumbnailInfoView</include> <!-- View ID 55 -->
			</control>
			<control type="grouplist">
				<description>Media Codec Flagging Images</description>
				<left>-20</left>
				<top>120r</top>
				<width>620</width>
				<itemgap>5</itemgap>
				<orientation>horizontal</orientation>
				<include>PictureTypeHackFlaggingConditions</include>
			</control>
		</control>
		<include>BackgroundDim</include>
		<control type="group" id="9000">
			<include>Container9000BladesRunner</include>
			<control type="group">
				<include>Container9000Header</include>
				<control type="button" id="2">
					<description>View As button</description>
					<include>ButtonCommonValues</include>
					<onleft>50</onleft>
					<onright>50</onright>
					<onup>611</onup>
					<ondown>3</ondown>
				</control>
				<control type="togglebutton" id="3">
					<description>Sort by button</description>
					<include>SortbyButton</include>
					<include>ButtonCommonValues</include>
					<ondown>6</ondown>
				</control>
				<control type="togglebutton" id="4">
					<description>Sort asc</description>
					<include>SortAscendingButton</include>
					<ondown>6</ondown>
				</control>
				<control type="button" id="6">
					<description>Slideshow button</description>
					<left>4</left>
					<top>80</top>
					<label>108</label>
					<include>ButtonCommonValues</include>
					<onleft>50</onleft>
					<onright>50</onright>
					<onup>3</onup>
					<ondown>7</ondown>
				</control>
				<control type="button" id="7">
					<description>Recursive Slideshow button</description>
					<left>6</left>
					<top>120</top>
					<label>361</label>
					<include>ButtonCommonValues</include>
					<onleft>50</onleft>
					<onright>50</onright>
					<onup>6</onup>
					<ondown>9</ondown>
				</control>
				<control type="radiobutton" id="9">
					<description>Random Toggle</description>
					<left>8</left>
					<top>160</top>
					<include>ButtonCommonValues</include>
					<label>13319</label>
					<onleft>50</onleft>
					<onright>50</onright>
					<onup>7</onup>
					<ondown condition="Control.IsVisible(19)">19</ondown>
					<ondown condition="!Control.IsVisible(19)">9001</ondown>
				</control>
				<control type="radiobutton" id="19">
					<description>Filter</description>
					<left>8</left>
					<top>200</top>
					<include>ButtonCommonValues</include>
					<label>587</label>
					<onleft>50</onleft>
					<onright>50</onright>
					<onup>9</onup>
					<ondown>610</ondown>
					<selected>Container.Filtered</selected>
					<visible>Container.CanFilter + !Container.CanFilterAdvanced</visible>
				</control>
				<control type="radiobutton" id="9001">
					<description>Filter Advanced</description>
					<left>8</left>
					<top>200</top>
					<include>ButtonCommonValues</include>
					<label>587</label>
					<onleft>50</onleft>
					<onright>50</onright>
					<onup>9</onup>
					<ondown>610</ondown>
					<onclick>Filter</onclick>
					<selected>Container.Filtered</selected>
					<visible>Container.CanFilterAdvanced</visible>
				</control>
				<control type="button" id="610">
					<description>Fake Button to fix Player Controls Navigation</description>
					<onup condition="Control.IsVisible(19)">19</onup>
					<onup condition="!Control.IsVisible(19)">9001</onup>
					<ondown>603</ondown>
					<visible>false</visible>
				</control>
				<control type="button" id="611">
					<description>Fake Button to fix Player Controls Navigation</description>
					<onup>606</onup>
					<ondown>2</ondown>
					<visible>false</visible>
				</control>
				<include>CommonPlayerControls</include>
			</control>
		</control>
		<include>AllViewCommonPageControls</include>
		<control type="group">
			<include>MediaToSubBlades</include>
		</control>
		<include>Common_Now_Playing</include>
	</controls>
</window>