<?xml version="1.0" encoding="UTF-8"?>
<window>
	<defaultcontrol always="true">3</defaultcontrol>
	<controls>
		<include condition="!Skin.HasSetting(DontBlendBackground)">CommonVideoVizBackground</include>
		<control type="group">
			<include>CommonSystemBackground</include>
		</control>
		<include condition="Skin.HasSetting(DontBlendBackground)">CommonVideoVizBackground</include>
		<control type="group">
			<include>CommonSystemBlackwash</include>
		</control>
		<control type="group">
			<left>130</left>
			<animation effect="fade" delay="500" time="HomeVisibleFadeAnimationSpeed">WindowOpen</animation>
			<animation effect="fade" start="0" end="0" time="0">WindowClose</animation>
			<control type="label">
				<description>Header label</description>
				<label>$LOCALIZE[20077]</label>
				<include>HeaderTextCommons</include>
			</control>
			<control type="textbox">
				<description>textarea</description>
				<top>470</top>
				<width>250</width>
				<height>250</height>
				<font>font10</font>
				<label>$VAR[SkinSettingsHelpText]</label>
				<align>right</align>
				<include>VisibleFadeEffect</include>
				<visible>Control.IsVisible(300) | Control.IsVisible(600)</visible>
			</control>
			<control type="grouplist" id="3">
				<description>button area</description>
				<left>0</left>
				<top>115</top>
				<width>250</width>
				<height>350</height>
				<itemgap>-2</itemgap>
				<onleft condition="!Skin.String(SkinSettings,7)">5</onleft>
				<onright condition="!Skin.String(SkinSettings,7)">5</onright>
				<control type="button" id="10">
					<description>General Category Button</description>
					<height>50</height>
					<width>250</width>
					<textcolor>white</textcolor>
					<texturefocus border="10">button-focus.png</texturefocus>
					<texturenofocus border="10">button-nofocus.png</texturenofocus>
					<label>128</label>
					<onfocus>Skin.SetString(SkinSettings,1)</onfocus>
				</control>
				<control type="button" id="12">
					<description>Blades Category Button</description>
					<height>50</height>
					<width>250</width>
					<textcolor>white</textcolor>
					<texturefocus border="10">button-focus.png</texturefocus>
					<texturenofocus border="10">button-nofocus.png</texturenofocus>
					<label>31502</label>
					<onfocus>Skin.SetString(SkinSettings,3)</onfocus>
				</control>
				<control type="button" id="13">
					<description>Image Packs Category Button</description>
					<height>50</height>
					<width>250</width>
					<textcolor>white</textcolor>
					<texturefocus border="10">button-focus.png</texturefocus>
					<texturenofocus border="10">button-nofocus.png</texturenofocus>
					<label>31503</label>
					<onfocus>Skin.SetString(SkinSettings,4)</onfocus>
				</control>
				<control type="button" id="14">
					<description>Backgrounds Category Button</description>
					<height>50</height>
					<width>250</width>
					<textcolor>white</textcolor>
					<texturefocus border="10">button-focus.png</texturefocus>
					<texturenofocus border="10">button-nofocus.png</texturenofocus>
					<label>33069</label>
					<onfocus>Skin.SetString(SkinSettings,5)</onfocus>
				</control>
				<control type="button" id="11">
					<description>Addon Category Button</description>
					<height>50</height>
					<width>250</width>
					<textcolor>white</textcolor>
					<texturefocus border="10">button-focus.png</texturefocus>
					<texturenofocus border="10">button-nofocus.png</texturenofocus>
					<label>24001</label>
					<onfocus>Skin.SetString(SkinSettings,2)</onfocus>
				</control>
				<control type="button" id="15">
					<description>Supported Addons Category Button</description>
					<height>50</height>
					<width>250</width>
					<textcolor>white</textcolor>
					<texturefocus border="10">button-focus.png</texturefocus>
					<texturenofocus border="10">button-nofocus.png</texturenofocus>
					<label>31539</label>
					<onfocus>Skin.SetString(SkinSettings,6)</onfocus>
				</control>
				<control type="button" id="16">
					<description>About Category Button</description>
					<height>50</height>
					<width>250</width>
					<textcolor>white</textcolor>
					<texturefocus border="10">button-focus.png</texturefocus>
					<texturenofocus border="10">button-nofocus.png</texturenofocus>
					<label>31538</label>
					<onfocus>Skin.SetString(SkinSettings,7)</onfocus>
				</control>
			</control>
			<control type="group" id="5">
				<description>control area</description>
				<control type="grouplist" id="100">
					<visible>Skin.String(SkinSettings,1)</visible>
					<description>control area</description>
					<left>270</left>
					<top>115</top>
					<width>790</width>
					<height>500</height>
					<itemgap>-2</itemgap>
					<pagecontrol>90</pagecontrol>
					<onleft>3</onleft>
					<onright>90</onright>
					<onup>100</onup>
					<ondown>100</ondown>
					<control type="radiobutton" id="101">
						<include>SkinSettingsRadioButtonCommonValues</include>
						<label>31520</label>
						<onclick>Skin.ToggleSetting(Back_Video)</onclick>
						<selected>!Skin.HasSetting(Back_Video)</selected>
					</control>
					<control type="radiobutton" id="102">
						<include>SkinSettingsRadioButtonCommonValues</include>
						<label>31521</label>
						<onclick>Skin.ToggleSetting(Back_Vis)</onclick>
						<selected>!Skin.HasSetting(Back_Vis)</selected>
					</control>
					<control type="radiobutton" id="103">
						<include>SkinSettingsRadioButtonCommonValues</include>
						<label>31522</label>
						<onclick>Skin.ToggleSetting(Back_Fanart)</onclick>
						<selected>!Skin.HasSetting(Back_Fanart)</selected>
					</control>
					<control type="radiobutton" id="104">
						<include>SkinSettingsRadioButtonCommonValues</include>
						<label>31524</label>
						<onclick>Skin.ToggleSetting(DontBlendBackground)</onclick>
						<selected>Skin.HasSetting(DontBlendBackground)</selected>
					</control>
					<control type="radiobutton" id="105">
						<include>SkinSettingsRadioButtonCommonValues</include>
						<label>31523</label>
						<onclick>Skin.ToggleSetting(HideRainDrops)</onclick>
						<selected>Skin.HasSetting(HideRainDrops)</selected>
					</control>
					<control type="button" id="106">
						<include>SkinSettingsButtonCommonValues</include>
						<label>$LOCALIZE[31525]: $VAR[RatingTypeLabel]</label>
						<onclick>Skin.SelectBool(31525, 38018|RatingTypeUser, 571|RatingTypeDefault)</onclick>
					</control>
				</control>

				<control type="grouplist" id="200">
					<visible>Skin.String(SkinSettings,2)</visible>
					<description>control area</description>
					<left>270</left>
					<top>115</top>
					<width>790</width>
					<height>500</height>
					<itemgap>-2</itemgap>
					<pagecontrol>90</pagecontrol>
					<onleft>3</onleft>
					<onright>90</onright>
					<onup>200</onup>
					<ondown>200</ondown>
					<control type="button" id="201">
						<include>SkinSettingsButtonCommonValues</include>
						<label>$LOCALIZE[31540]$INFO[Skin.String(LyricScript_Path),: [COLOR grey2],[/COLOR]]</label>
						<onclick>Skin.SetAddon(LyricScript_Path,xbmc.python.lyrics)</onclick>
					</control>
				</control>

				<control type="grouplist" id="300">
					<visible>Skin.String(SkinSettings,3)</visible>
					<description>control area</description>
					<left>270</left>
					<top>115</top>
					<width>790</width>
					<height>480</height>
					<itemgap>-2</itemgap>
					<pagecontrol>90</pagecontrol>
					<onleft>3</onleft>
					<onright>90</onright>
					<onup>300</onup>
					<ondown>300</ondown>
					<control type="label" id="301">
						<description>Heading label</description>
						<width>790</width>
						<height>30</height>
						<align>center</align>
						<font>font13</font>
						<label>128</label>
						<textcolor>orange</textcolor>
						<shadowcolor>black</shadowcolor>
					</control>
					<control type="radiobutton" id="302">
						<include>SkinSettingsRadioButtonCommonValues</include>
						<label>$LOCALIZE[31317]</label>
						<onclick>Skin.ToggleSetting(Blades_CenterLogoButton)</onclick>
						<selected>Skin.HasSetting(Blades_CenterLogoButton)</selected>
					</control>
					<control type="radiobutton" id="303">
						<include>SkinSettingsRadioButtonCommonValues</include>
						<label>$LOCALIZE[31314]</label>
						<onclick>Skin.ToggleSetting(Blades_HideWidgets)</onclick>
						<selected>Skin.HasSetting(Blades_HideWidgets)</selected>
					</control>
					<control type="label" id="311">
						<description>Heading label</description>
						<width>790</width>
						<height>30</height>
						<align>center</align>
						<font>font13</font>
						<label>14211</label>
						<textcolor>orange</textcolor>
						<shadowcolor>black</shadowcolor>
					</control>
					<control type="radiobutton" id="312">
						<include>SkinSettingsRadioButtonCommonValues</include>
						<label>$LOCALIZE[31309]$LOCALIZE[3]</label>
						<onclick>Skin.ToggleSetting(MediaBlade_HideVideos)</onclick>
						<selected>Skin.HasSetting(MediaBlade_HideVideos)</selected>
					</control>
					<control type="radiobutton" id="313">
						<include>SkinSettingsRadioButtonCommonValues</include>
						<label>$LOCALIZE[31309]$LOCALIZE[342]</label>
						<onclick>Skin.ToggleSetting(MediaBlade_HideMovies)</onclick>
						<selected>Skin.HasSetting(MediaBlade_HideMovies)</selected>
					</control>
					<control type="radiobutton" id="314">
						<include>SkinSettingsRadioButtonCommonValues</include>
						<label>$LOCALIZE[31309]$LOCALIZE[20343]</label>
						<onclick>Skin.ToggleSetting(MediaBlade_HideTVShows)</onclick>
						<selected>Skin.HasSetting(MediaBlade_HideTVShows)</selected>
					</control>
					<control type="radiobutton" id="315">
						<include>SkinSettingsRadioButtonCommonValues</include>
						<label>$LOCALIZE[31309]$LOCALIZE[2]</label>
						<onclick>Skin.ToggleSetting(MediaBlade_HideMusic)</onclick>
						<selected>Skin.HasSetting(MediaBlade_HideMusic)</selected>
					</control>
					<control type="radiobutton" id="316">
						<include>SkinSettingsRadioButtonCommonValues</include>
						<label>$LOCALIZE[31309]$LOCALIZE[1]</label>
						<onclick>Skin.ToggleSetting(MediaBlade_HidePictures)</onclick>
						<selected>Skin.HasSetting(MediaBlade_HidePictures)</selected>
					</control>
					<!--
					<control type="label" id="317">
						<description>Heading label</description>
						<width>790</width>
						<height>30</height>
						<align>center</align>
						<font>font13</font>
						<label>31551</label>
						<textcolor>orange</textcolor>
						<shadowcolor>black</shadowcolor>
					</control>
					<control type="radiobutton" id="318">
						<include>SkinSettingsRadioButtonCommonValues</include>
						<label>$LOCALIZE[31309]$INFO[Skin.String(MediaBlade_NameSmartPlaylist1)]</label>
						<onclick>Skin.ToggleSetting(MediaBlade_ShowSmartPlaylist1)</onclick>
						<selected>!Skin.HasSetting(MediaBlade_ShowSmartPlaylist1)</selected>
					</control>
					<control type="button" id="319">
						<include>SkinSettingsButtonCommonValues</include>
						<label> - $LOCALIZE[31311]</label>
						<label2>$INFO[Skin.String(MediaBlade_NameSmartPlaylist1)]</label2>
						<onclick>Skin.SetString(MediaBlade_NameSmartPlaylist1)</onclick>
					</control>
					<control type="button" id="320">
						<include>SkinSettingsButtonCommonValues</include>
						<label> - $LOCALIZE[31310]</label>
						<label2>$INFO[Skin.String(MediaBlade_LinkSmartPlaylist1)]</label2>
						<onclick>Skin.SetFile(MediaBlade_LinkSmartPlaylist1,,special://videoplaylists/)</onclick>
					</control>
					<control type="radiobutton" id="321">
						<include>SkinSettingsRadioButtonCommonValues</include>
						<label>$LOCALIZE[31309]$INFO[Skin.String(MediaBlade_NameSmartPlaylist2)]</label>
						<onclick>Skin.ToggleSetting(MediaBlade_ShowSmartPlaylist2)</onclick>
						<selected>!Skin.HasSetting(MediaBlade_ShowSmartPlaylist2)</selected>
					</control>
					<control type="button" id="322">
						<include>SkinSettingsButtonCommonValues</include>
						<label> - $LOCALIZE[31311]</label>
						<label2>$INFO[Skin.String(MediaBlade_NameSmartPlaylist2)]</label2>
						<onclick>Skin.SetString(MediaBlade_NameSmartPlaylist2)</onclick>
					</control>
					<control type="button" id="323">
						<include>SkinSettingsButtonCommonValues</include>
						<label> - $LOCALIZE[31310]</label>
						<label2>$INFO[Skin.String(MediaBlade_LinkSmartPlaylist2)]</label2>
						<onclick>Skin.SetFile(MediaBlade_LinkSmartPlaylist2,,special://videoplaylists/)</onclick>
					</control>
					-->
					<control type="label" id="331">
						<description>Heading label</description>
						<width>790</width>
						<height>30</height>
						<align>center</align>
						<font>font13</font>
						<label>31005</label>
						<textcolor>orange</textcolor>
						<shadowcolor>black</shadowcolor>
					</control>
					<control type="radiobutton" id="332">
						<include>SkinSettingsRadioButtonCommonValues</include>
						<label>$LOCALIZE[31309]$LOCALIZE[24001]</label>
						<onclick>Skin.ToggleSetting(AppsBlade_HideAddons)</onclick>
						<selected>Skin.HasSetting(AppsBlade_HideAddons)</selected>
					</control>
					<control type="radiobutton" id="334">
						<include>SkinSettingsRadioButtonCommonValues</include>
						<label>$LOCALIZE[31309]$LOCALIZE[7]</label>
						<onclick>Skin.ToggleSetting(AppsBlade_HideFilemanager)</onclick>
						<selected>Skin.HasSetting(AppsBlade_HideFilemanager)</selected>
					</control>
					<control type="radiobutton" id="335">
						<include>SkinSettingsRadioButtonCommonValues</include>
						<label>$LOCALIZE[31309]$LOCALIZE[1036]</label>
						<onclick>Skin.ToggleSetting(AppsBlade_HideFavourites)</onclick>
						<selected>Skin.HasSetting(AppsBlade_HideFavourites)</selected>
					</control>
				</control>
				
				<control type="grouplist" id="400">
					<visible>Skin.String(SkinSettings,4)</visible>
					<description>control area</description>
					<left>270</left>
					<top>115</top>
					<width>790</width>
					<height>480</height>
					<itemgap>-2</itemgap>
					<pagecontrol>90</pagecontrol>
					<onleft>3</onleft>
					<onright>90</onright>
					<onup>300</onup>
					<ondown>300</ondown>
					<control type="label" id="401">
						<description>Heading label</description>
						<width>790</width>
						<height>30</height>
						<align>center</align>
						<font>font13</font>
						<label>8</label>
						<textcolor>orange</textcolor>
						<shadowcolor>black</shadowcolor>
					</control>
					<control type="button" id="402">
						<include>SkinSettingsButtonCommonValues</include>
						<label>$LOCALIZE[536]$VAR[WeatherIconsAddonNameVar,: [COLOR grey2],[/COLOR]]</label>
						<onclick condition="System.AddonIsEnabled(script.image.resource.select)">RunScript(script.image.resource.select,property=WeatherIconsAddon&amp;type=resource.images.weathericons)</onclick>
						<onclick condition="!System.HasAddon(script.image.resource.select)">InstallAddon(script.image.resource.select)</onclick>
						<onclick condition="System.HasAddon(script.image.resource.select) + !System.AddonIsEnabled(script.image.resource.select)">EnableAddon(script.image.resource.select)</onclick>
					</control>
					<control type="button" id="403">
						<include>SkinSettingsButtonCommonValues</include>
						<label>$LOCALIZE[20445]$VAR[WeatherFanartAddonNameVar,: [COLOR grey2],[/COLOR]]</label>
						<onclick condition="System.AddonIsEnabled(script.image.resource.select)">RunScript(script.image.resource.select,property=WeatherFanartAddon&amp;type=resource.images.weatherfanart)</onclick>
						<onclick condition="!System.HasAddon(script.image.resource.select)">InstallAddon(script.image.resource.select)</onclick>
						<onclick condition="System.HasAddon(script.image.resource.select) + !System.AddonIsEnabled(script.image.resource.select)">EnableAddon(script.image.resource.select)</onclick>
					</control>
				</control>

				<control type="group" id="500">
					<visible>Skin.String(SkinSettings,5)</visible>
					<description>control area</description>
					<left>290</left>
					<top>75</top>
					<width>790</width>
					<height>500</height>
					<control type="group">
						<left>0</left>
						<top>0</top>
						<control type="image">
							<width>370</width>
							<height>280</height>
							<colordiffuse>BBFFFFFF</colordiffuse>
							<texture>back-fade.png</texture>
						</control>
						<control type="label">
							<description>number of files/pages in list text label</description>
							<left>10</left>
							<top>5</top>
							<width>350</width>
							<height>20</height>
							<font>font12</font>
							<align>center</align>
							<aligny>center</aligny>
							<textcolor>white</textcolor>
							<label>$LOCALIZE[8]</label>
						</control>
						<control type="image">
							<left>10</left>
							<top>25</top>
							<width>350</width>
							<height>196</height>
							<aspectratio>keep</aspectratio>
							<texture background="true" fallback="backgrounds/weather.png">$INFO[Skin.String(Background_Weather)]</texture>
							<bordertexture border="19,3,19,3">thumb-border.png</bordertexture>
							<bordersize>18,2,18,2</bordersize>
							<fadetime>IconCrossfadeTime</fadetime>
						</control>
						<control type="button" id="301">
							<left>10</left>
							<top>225</top>
							<height>45</height>
							<width>175</width>
							<font>font13</font>
							<textcolor>white</textcolor>
							<focusedcolor>black</focusedcolor>
							<align>center</align>
							<aligny>center</aligny>
							<texturefocus border="10">list-focus.png</texturefocus>
							<texturenofocus border="10">list-nofocus.png</texturenofocus>
							<label>1024</label>
							<onclick>Skin.SetImage(Background_Weather)</onclick>
							<onleft>3</onleft>
							<onright>302</onright>
							<onup>321</onup>
							<ondown>321</ondown>
						</control>
						<control type="button" id="302">
							<left>185</left>
							<top>225</top>
							<height>45</height>
							<width>175</width>
							<font>font13</font>
							<textcolor>white</textcolor>
							<focusedcolor>black</focusedcolor>
							<align>center</align>
							<aligny>center</aligny>
							<texturefocus border="10">list-focus.png</texturefocus>
							<texturenofocus border="10">list-nofocus.png</texturenofocus>
							<label>31305</label>
							<onclick>Skin.Reset(Background_Weather)</onclick>
							<onleft>301</onleft>
							<onright>311</onright>
							<onup>322</onup>
							<ondown>322</ondown>
						</control>
					</control>
					<control type="group">
						<left>390</left>
						<top>0</top>
						<control type="image">
							<width>370</width>
							<height>280</height>
							<colordiffuse>BBFFFFFF</colordiffuse>
							<texture>back-fade.png</texture>
						</control>
						<control type="label">
							<description>number of files/pages in list text label</description>
							<left>10</left>
							<top>5</top>
							<width>350</width>
							<height>20</height>
							<font>font12</font>
							<align>center</align>
							<aligny>center</aligny>
							<textcolor>white</textcolor>
							<label>$LOCALIZE[31005]</label>
						</control>
						<control type="image">
							<left>10</left>
							<top>25</top>
							<width>350</width>
							<height>196</height>
							<aspectratio>keep</aspectratio>
							<texture background="true" fallback="backgrounds/apps.png">$INFO[Skin.String(Background_Apps)]</texture>
							<bordertexture border="19,3,19,3">thumb-border.png</bordertexture>
							<bordersize>18,2,18,2</bordersize>
							<fadetime>IconCrossfadeTime</fadetime>
						</control>
						<control type="button" id="311">
							<left>10</left>
							<top>225</top>
							<height>45</height>
							<width>175</width>
							<font>font13</font>
							<textcolor>white</textcolor>
							<focusedcolor>black</focusedcolor>
							<align>center</align>
							<aligny>center</aligny>
							<texturefocus border="10">list-focus.png</texturefocus>
							<texturenofocus border="10">list-nofocus.png</texturenofocus>
							<label>1024</label>
							<onclick>Skin.SetImage(Background_Apps)</onclick>
							<onleft>302</onleft>
							<onright>312</onright>
							<onup>331</onup>
							<ondown>331</ondown>
						</control>
						<control type="button" id="312">
							<left>185</left>
							<top>225</top>
							<height>45</height>
							<width>175</width>
							<font>font13</font>
							<textcolor>white</textcolor>
							<focusedcolor>black</focusedcolor>
							<align>center</align>
							<aligny>center</aligny>
							<texturefocus border="10">list-focus.png</texturefocus>
							<texturenofocus border="10">list-nofocus.png</texturenofocus>
							<label>31305</label>
							<onclick>Skin.Reset(Background_Apps)</onclick>
							<onleft>311</onleft>
							<onright>3</onright>
							<onup>332</onup>
							<ondown>332</ondown>
						</control>
					</control>
					<control type="group">
						<left>0</left>
						<top>290</top>
						<control type="image">
							<width>370</width>
							<height>280</height>
							<colordiffuse>BBFFFFFF</colordiffuse>
							<texture>back-fade.png</texture>
						</control>
						<control type="label">
							<description>number of files/pages in list text label</description>
							<left>10</left>
							<top>5</top>
							<width>350</width>
							<height>20</height>
							<font>font12</font>
							<align>center</align>
							<aligny>center</aligny>
							<textcolor>white</textcolor>
							<label>$LOCALIZE[14211]</label>
						</control>
						<control type="image">
							<left>10</left>
							<top>25</top>
							<width>350</width>
							<height>196</height>
							<aspectratio>keep</aspectratio>
							<texture background="true" fallback="backgrounds/media.png">$INFO[Skin.String(Background_Media)]</texture>
							<bordertexture border="19,3,19,3">thumb-border.png</bordertexture>
							<bordersize>18,2,18,2</bordersize>
							<fadetime>IconCrossfadeTime</fadetime>
						</control>
						<control type="button" id="321">
							<left>10</left>
							<top>225</top>
							<height>45</height>
							<width>175</width>
							<font>font13</font>
							<textcolor>white</textcolor>
							<focusedcolor>black</focusedcolor>
							<align>center</align>
							<aligny>center</aligny>
							<texturefocus border="10">list-focus.png</texturefocus>
							<texturenofocus border="10">list-nofocus.png</texturenofocus>
							<label>1024</label>
							<onclick>Skin.SetImage(Background_Media)</onclick>
							<onleft>3</onleft>
							<onright>322</onright>
							<onup>301</onup>
							<ondown>301</ondown>
						</control>
						<control type="button" id="322">
							<left>185</left>
							<top>225</top>
							<height>45</height>
							<width>175</width>
							<font>font13</font>
							<textcolor>white</textcolor>
							<focusedcolor>black</focusedcolor>
							<align>center</align>
							<aligny>center</aligny>
							<texturefocus border="10">list-focus.png</texturefocus>
							<texturenofocus border="10">list-nofocus.png</texturenofocus>
							<label>31305</label>
							<onclick>Skin.Reset(Background_Media)</onclick>
							<onleft>321</onleft>
							<onright>331</onright>
							<onup>302</onup>
							<ondown>302</ondown>
						</control>
					</control>
					<control type="group">
						<left>390</left>
						<top>290</top>
						<control type="image">
							<width>370</width>
							<height>280</height>
							<colordiffuse>BBFFFFFF</colordiffuse>
							<texture>back-fade.png</texture>
						</control>
						<control type="label">
							<description>number of files/pages in list text label</description>
							<left>10</left>
							<top>5</top>
							<width>350</width>
							<height>20</height>
							<font>font12</font>
							<align>center</align>
							<aligny>center</aligny>
							<textcolor>white</textcolor>
							<label>$LOCALIZE[13000]</label>
						</control>
						<control type="image">
							<left>10</left>
							<top>25</top>
							<width>350</width>
							<height>196</height>
							<aspectratio>keep</aspectratio>
							<texture background="true" fallback="backgrounds/system.png">$INFO[Skin.String(Background_System)]</texture>
							<bordertexture border="19,3,19,3">thumb-border.png</bordertexture>
							<bordersize>18,2,18,2</bordersize>
							<fadetime>IconCrossfadeTime</fadetime>
						</control>
						<control type="button" id="331">
							<left>10</left>
							<top>225</top>
							<height>45</height>
							<width>175</width>
							<font>font13</font>
							<textcolor>white</textcolor>
							<focusedcolor>black</focusedcolor>
							<align>center</align>
							<aligny>center</aligny>
							<texturefocus border="10">list-focus.png</texturefocus>
							<texturenofocus border="10">list-nofocus.png</texturenofocus>
							<label>1024</label>
							<onclick>Skin.SetImage(Background_System)</onclick>
							<onleft>322</onleft>
							<onright>332</onright>
							<onup>311</onup>
							<ondown>311</ondown>
						</control>
						<control type="button" id="332">
							<left>185</left>
							<top>225</top>
							<height>45</height>
							<width>175</width>
							<font>font13</font>
							<textcolor>white</textcolor>
							<focusedcolor>black</focusedcolor>
							<align>center</align>
							<aligny>center</aligny>
							<texturefocus border="10">list-focus.png</texturefocus>
							<texturenofocus border="10">list-nofocus.png</texturenofocus>
							<label>31305</label>
							<onclick>Skin.Reset(Background_System)</onclick>
							<onleft>331</onleft>
							<onright>3</onright>
							<onup>312</onup>
							<ondown>312</ondown>
						</control>
					</control>
				</control>
				
				<control type="grouplist" id="600">
					<visible>Skin.String(SkinSettings,6)</visible>
					<description>control area</description>
					<left>270</left>
					<top>115</top>
					<width>790</width>
					<height>500</height>
					<itemgap>-2</itemgap>
					<pagecontrol>90</pagecontrol>
					<onleft>3</onleft>
					<onright>90</onright>
					<control type="button" id="601">
						<include>SkinSettingsButtonCommonValues</include>
						<label>Embuary Helper</label>
						<label2>$VAR[StatusEmbuaryHelperVar]</label2>
						<onclick condition="System.AddonIsEnabled(script.embuary.helper)">Addon.OpenSettings(script.embuary.helper)</onclick>
						<onclick condition="!System.HasAddon(script.embuary.helper)">InstallAddon(script.embuary.helper)</onclick>
						<onclick condition="System.HasAddon(script.embuary.helper) + !System.AddonIsEnabled(script.embuary.helper)">EnableAddon(script.embuary.helper)</onclick>
					</control>
					<control type="button" id="602">
						<include>SkinSettingsButtonCommonValues</include>
						<label>TheMovieDb Helper</label>
						<label2>$VAR[StatusTheMovieDbHelperVar]</label2>
						<onclick condition="System.AddonIsEnabled(plugin.video.themoviedb.helper)">Addon.OpenSettings(plugin.video.themoviedb.helper)</onclick>
						<onclick condition="!System.HasAddon(plugin.video.themoviedb.helper)">InstallAddon(plugin.video.themoviedb.helper)</onclick>
						<onclick condition="System.HasAddon(plugin.video.themoviedb.helper) + !System.AddonIsEnabled(plugin.video.themoviedb.helper)">EnableAddon(plugin.video.themoviedb.helper)</onclick>
					</control>
					<control type="button" id="603">
						<include>SkinSettingsButtonCommonValues</include>
						<label>CU LRC Lyrics</label>
						<label2>$VAR[StatusCULRCLyricsVar]</label2>
						<onclick condition="System.AddonIsEnabled(script.cu.lrclyrics)">Addon.OpenSettings(script.cu.lrclyrics)</onclick>
						<onclick condition="!System.HasAddon(script.cu.lrclyrics)">InstallAddon(script.cu.lrclyrics)</onclick>
						<onclick condition="System.HasAddon(script.cu.lrclyrics) + !System.AddonIsEnabled(script.cu.lrclyrics)">EnableAddon(script.cu.lrclyrics)</onclick>
					</control>
					<control type="button" id="604">
						<include>SkinSettingsButtonCommonValues</include>
						<label>Image Resource Select Add-on</label>
						<label2>$VAR[StatusImageResourceSelectVar]</label2>
						<onclick condition="System.AddonIsEnabled(script.image.resource.select)">Addon.OpenSettings(script.image.resource.select)</onclick>
						<onclick condition="!System.HasAddon(script.image.resource.select)">InstallAddon(script.image.resource.select)</onclick>
						<onclick condition="System.HasAddon(script.image.resource.select) + !System.AddonIsEnabled(script.image.resource.select)">EnableAddon(script.image.resource.select)</onclick>
					</control>
					<control type="button" id="605">
						<include>SkinSettingsButtonCommonValues</include>
						<label>Global Search</label>
						<label2>$VAR[StatusGlobalSearchVar]</label2>
						<onclick condition="System.AddonIsEnabled(script.globalsearch)">Addon.OpenSettings(script.globalsearch)</onclick>
						<onclick condition="!System.HasAddon(script.globalsearch)">InstallAddon(script.globalsearch)</onclick>
						<onclick condition="System.HasAddon(script.globalsearch) + !System.AddonIsEnabled(script.globalsearch)">EnableAddon(script.globalsearch)</onclick>
					</control>
					<control type="button" id="606">
						<include>SkinSettingsButtonCommonValues</include>
						<label>YouTube</label>
						<label2>$VAR[StatusYouTubeVar]</label2>
						<onclick condition="System.AddonIsEnabled(plugin.video.youtube)">Addon.OpenSettings(plugin.video.youtube)</onclick>
						<onclick condition="!System.HasAddon(plugin.video.youtube)">InstallAddon(plugin.video.youtube)</onclick>
						<onclick condition="System.HasAddon(plugin.video.youtube) + !System.AddonIsEnabled(plugin.video.youtube)">EnableAddon(plugin.video.youtube)</onclick>
					</control>
				</control>
				
				<control type="grouplist" id="700">
					<visible>Skin.String(SkinSettings,7)</visible>
					<description>control area</description>
					<left>270</left>
					<top>115</top>
					<width>790</width>
					<height>500</height>
					<itemgap>-2</itemgap>
					<control type="image">
						<height>80</height>
						<width>790</width>
						<aspectratio align="center">keep</aspectratio>
						<texture>tetradui_logo.png</texture>
					</control>
					<control type="label">
						<width>790</width>
						<height>30</height>
						<align>center</align>
						<aligny>center</aligny>
						<font>font10</font>
						<textcolor>orange</textcolor>
						<label>$INFO[System.AddonVersion(skin.tetradui)]</label>
					</control>
					<control type="image">
						<height>20</height>
						<texture />
					</control>
					<control type="label">
						<width>790</width>
						<height>130</height>
						<align>center</align>
						<font>font10</font>
						<label>$LOCALIZE[31010]</label>
					</control>
					<control type="image">
						<height>200</height>
						<width>790</width>
						<aspectratio align="center">keep</aspectratio>
						<texture>qr.png</texture>
					</control>
				</control>
			</control>
			<control type="spincontrol" id="90">
				<description>Next page button</description>
				<left>1000</left>
				<top>120r</top>
				<subtype>page</subtype>
				<font>font13</font>
				<onleft>5</onleft>
				<onright>3</onright>
				<ondown>90</ondown>
				<onup>90</onup>
				<textcolor>white2</textcolor>
				<showonepage>false</showonepage>
				<animation effect="slide" start="0,0" end="-100,0" time="200" condition="Player.HasAudio">Conditional</animation>
				<animation effect="slide" start="0,0" end="-100,0" time="200" condition="Player.HasVideo + VideoPlayer.Content(Movies)">Conditional</animation>
				<animation effect="slide" start="0,0" end="-160,0" time="200" condition="Player.HasVideo + !VideoPlayer.Content(Movies)">Conditional</animation>
			</control>
		</control>
		<control type="group">
			<include>SettingsToSubBlades</include>
		</control>
		<include>Common_Now_Playing</include>
		<include>BackgroundDim</include>
	</controls>
</window>