<?xml version="1.0" encoding="UTF-8"?>
<includes>
	<include name="ListViewCommons">
		<control type="panel" id="50">
			<left>0</left>
			<top>0</top>
			<width>615</width>
			<height>480</height>
			<onleft>9000</onleft>
			<onright>60</onright>
			<onup>50</onup>
			<ondown>50</ondown>
			<viewtype label="535">list</viewtype>
			<pagecontrol>60</pagecontrol>
			<scrolltime>200</scrolltime>
			<itemlayout height="40" width="615">
				<control type="label">
					<left>10</left>
					<width>520</width>
					<height>36</height>
					<font>font13</font>
					<aligny>center</aligny>
					<selectedcolor>orange</selectedcolor>
					<shadowcolor>black</shadowcolor>
					<align>left</align>
					<info>ListItem.Label</info>
				</control>
				<control type="label">
					<left>605</left>
					<width>400</width>
					<height>36</height>
					<font>font13</font>
					<aligny>center</aligny>
					<selectedcolor>orange</selectedcolor>
					<textcolor>white</textcolor>
					<shadowcolor>black</shadowcolor>
					<align>right</align>
					<info>ListItem.Label2</info>
				</control>
			</itemlayout>
			<focusedlayout height="40" width="615">
				<control type="image">
					<width>615</width>
					<height>40</height>
					<texture border="10">list-focus.png</texture>
				</control>
				<control type="label">
					<left>10</left>
					<width>520</width>
					<height>36</height>
					<font>font13</font>
					<aligny>center</aligny>
					<textcolor>black</textcolor>
					<selectedcolor>orange</selectedcolor>
					<align>left</align>
					<label>$INFO[ListItem.Label]</label>
				</control>
				<control type="label">
					<left>605</left>
					<width>400</width>
					<height>36</height>
					<font>font13</font>
					<aligny>center</aligny>
					<textcolor>black</textcolor>
					<selectedcolor>orange</selectedcolor>
					<align>right</align>
					<label>$INFO[ListItem.Label2]</label>
				</control>
			</focusedlayout>
		</control>
		<control type="group">
			<left>640</left>
			<top>20</top>
			<visible>Control.IsVisible(50)</visible>
			<control type="image">
				<width>420</width>
				<height>440</height>
				<aspectratio>keep</aspectratio>
				<texture background="true">$VAR[ListItemPosterVar]</texture>
				<bordertexture border="19,3,19,3">thumb-border.png</bordertexture>
				<bordersize>18,2,18,2</bordersize>
				<fadetime>IconCrossfadeTime</fadetime>
			</control>
			<control type="image">
				<left>480</left>
				<top>465</top>
				<width>64</width>
				<height>64</height>
				<colordiffuse>FFFFFFFF</colordiffuse>
				<aspectratio>keep</aspectratio>
				<info>Listitem.Overlay</info>
			</control>
		</control>
	</include>
	<include name="ThumbnailView">
		<control type="panel" id="52">
			<visible>![Window.IsVisible(Videos) + Container.Content(TVShows)]</visible>
			<left>0</left>
			<top>0</top>
			<width>1080</width>
			<height>480</height>
			<onleft>9000</onleft>
			<onright>60</onright>
			<onup>52</onup>
			<ondown>52</ondown>
			<viewtype label="21371">icon</viewtype>
			<pagecontrol>60</pagecontrol>
			<scrolltime>200</scrolltime>
			<preloaditems>2</preloaditems>
			<itemlayout condition="!Container.Content(Movies) + !Container.Content(Seasons)" height="160" width="180">
				<control type="image">
					<left>1</left>
					<top>1</top>
					<width>178</width>
					<height>158</height>
					<texture border="10">thumb-nofocus.png</texture>
				</control>
				<control type="image">
					<left>6</left>
					<top>6</top>
					<width>168</width>
					<height>128</height>
					<texture background="true">$VAR[ListItemPosterVar]</texture>
					<bordertexture>black-back.png</bordertexture>
					<bordersize>1</bordersize>
					<aspectratio>keep</aspectratio>
				</control>
				<control type="label">
					<left>8</left>
					<top>130</top>
					<width>164</width>
					<height>25</height>
					<font>font10</font>
					<textcolor>grey2</textcolor>
					<selectedcolor>orange</selectedcolor>
					<align>center</align>
					<aligny>center</aligny>
					<label>$INFO[ListItem.Label]</label>
				</control>
				<control type="image">
					<left>150</left>
					<top>100</top>
					<width>25</width>
					<height>25</height>
					<aspectratio>keep</aspectratio>
					<texture>$INFO[ListItem.Overlay]</texture>
				</control>
			</itemlayout>
			<focusedlayout condition="!Container.Content(Movies) + !Container.Content(Seasons)" height="160" width="180">
				<control type="image">
					<left>1</left>
					<top>1</top>
					<width>178</width>
					<height>158</height>
					<texture border="10">thumb-focus.png</texture>
				</control>
				<control type="image">
					<left>6</left>
					<top>6</top>
					<width>168</width>
					<height>128</height>
					<texture background="true">$VAR[ListItemPosterVar]</texture>
					<bordertexture>black-back.png</bordertexture>
					<bordersize>1</bordersize>
					<aspectratio>keep</aspectratio>
				</control>
				<control type="label">
					<left>8</left>
					<top>130</top>
					<width>164</width>
					<height>25</height>
					<font>font10</font>
					<textcolor>black</textcolor>
					<selectedcolor>orange</selectedcolor>
					<align>center</align>
					<aligny>center</aligny>
					<label>$INFO[ListItem.Label]</label>
				</control>
				<control type="image">
					<left>150</left>
					<top>100</top>
					<width>25</width>
					<height>25</height>
					<aspectratio>keep</aspectratio>
					<texture>$INFO[ListItem.Overlay]</texture>
				</control>
			</focusedlayout>
			<itemlayout condition="Container.Content(Movies) | Container.Content(Seasons)" height="240" width="154">
				<control type="image">
					<left>1</left>
					<top>1</top>
					<width>152</width>
					<height>238</height>
					<aspectratio>stretch</aspectratio>
					<texture border="10">thumb-nofocus.png</texture>
				</control>
				<control type="image">
					<left>6</left>
					<top>6</top>
					<width>142</width>
					<height>200</height>
					<aspectratio>keep</aspectratio>
					<texture background="true">$VAR[ListItemPosterVar]</texture>
					<bordertexture>black-back.png</bordertexture>
					<bordersize>1</bordersize>
				</control>
				<control type="label">
					<left>8</left>
					<top>206</top>
					<width>138</width>
					<height>25</height>
					<font>font10</font>
					<textcolor>grey2</textcolor>
					<selectedcolor>orange</selectedcolor>
					<align>center</align>
					<aligny>center</aligny>
					<label>$INFO[ListItem.Label]</label>
				</control>
				<control type="image">
					<left>125</left>
					<top>180</top>
					<width>25</width>
					<height>25</height>
					<aspectratio>keep</aspectratio>
					<texture>$INFO[ListItem.Overlay]</texture>
				</control>
			</itemlayout>
			<focusedlayout  condition="Container.Content(Movies) | Container.Content(Seasons)" height="240" width="154">
				<control type="image">
					<left>1</left>
					<top>1</top>
					<width>152</width>
					<height>238</height>
					<aspectratio>stretch</aspectratio>
					<texture border="10">thumb-focus.png</texture>
				</control>
				<control type="image">
					<left>6</left>
					<top>6</top>
					<width>142</width>
					<height>200</height>
					<aspectratio>keep</aspectratio>
					<texture background="true">$VAR[ListItemPosterVar]</texture>
					<bordertexture>black-back.png</bordertexture>
					<bordersize>1</bordersize>
				</control>
				<control type="label">
					<left>8</left>
					<top>206</top>
					<width>138</width>
					<height>25</height>
					<font>font10</font>
					<textcolor>black</textcolor>
					<selectedcolor>orange</selectedcolor>
					<align>center</align>
					<aligny>center</aligny>
					<label>$INFO[ListItem.Label]</label>
				</control>
				<control type="image">
					<left>125</left>
					<top>180</top>
					<width>25</width>
					<height>25</height>
					<aspectratio>keep</aspectratio>
					<texture>$INFO[ListItem.Overlay]</texture>
				</control>
			</focusedlayout>
		</control>
	</include>
	<include name="WideIconView">
		<control type="panel" id="53">
			<visible>!Container.Content(Addons) + !Container.Content(Episodes)</visible>
			<left>10</left>
			<top>-20</top>
			<width>1040</width>
			<height>508</height>
			<onleft>9000</onleft>
			<onright>60</onright>
			<onup>53</onup>
			<ondown>53</ondown>
			<viewtype label="539">wide</viewtype>
			<pagecontrol>60</pagecontrol>
			<scrolltime>200</scrolltime>
			<preloaditems>2</preloaditems>
			<itemlayout height="127" width="520">
				<control type="image">
					<left>1</left>
					<top>1</top>
					<width>518</width>
					<height>125</height>
					<texture border="10">wide-thumb-nofocus.png</texture>
				</control>
				<control type="image">
					<left>10</left>
					<top>7</top>
					<width>500</width>
					<height>95</height>
					<texture background="true">$VAR[ListItemBannerVar]</texture>
					<bordertexture>black-back.png</bordertexture>
					<bordersize>1</bordersize>
					<aspectratio>scale</aspectratio>
				</control>
				<control type="label">
					<left>20</left>
					<top>100</top>
					<width>320</width>
					<height>20</height>
					<font>font10</font>
					<textcolor>white</textcolor>
					<selectedcolor>orange</selectedcolor>
					<align>left</align>
					<aligny>center</aligny>
					<label>$INFO[ListItem.Label]</label>
				</control>
				<control type="label">
					<left>340</left>
					<top>100</top>
					<width>160</width>
					<height>20</height>
					<font>font10</font>
					<textcolor>white</textcolor>
					<selectedcolor>orange</selectedcolor>
					<align>right</align>
					<aligny>center</aligny>
					<label>$INFO[ListItem.Label2]</label>
				</control>
				<control type="image">
					<left>485</left>
					<top>75</top>
					<width>25</width>
					<height>25</height>
					<aspectratio>keep</aspectratio>
					<texture>$INFO[ListItem.Overlay]</texture>
				</control>
			</itemlayout>
			<focusedlayout height="140" width="520">
				<control type="image">
					<left>1</left>
					<top>1</top>
					<width>518</width>
					<height>125</height>
					<texture border="10">wide-thumb-focus.png</texture>
				</control>
				<control type="image">
					<left>10</left>
					<top>7</top>
					<width>500</width>
					<height>95</height>
					<texture background="true">$VAR[ListItemBannerVar]</texture>
					<bordertexture>black-back.png</bordertexture>
					<bordersize>1</bordersize>
					<aspectratio>scale</aspectratio>
				</control>
				<control type="label">
					<left>20</left>
					<top>100</top>
					<width>320</width>
					<height>20</height>
					<font>font10</font>
					<textcolor>black</textcolor>
					<selectedcolor>orange</selectedcolor>
					<align>left</align>
					<aligny>center</aligny>
					<label>$INFO[ListItem.Label]</label>
				</control>
				<control type="label">
					<left>340</left>
					<top>100</top>
					<width>160</width>
					<height>20</height>
					<font>font10</font>
					<textcolor>black</textcolor>
					<selectedcolor>orange</selectedcolor>
					<align>right</align>
					<aligny>center</aligny>
					<label>$INFO[ListItem.Label2]</label>
				</control>
				<control type="image">
					<left>485</left>
					<top>75</top>
					<width>25</width>
					<height>25</height>
					<aspectratio>keep</aspectratio>
					<texture>$INFO[ListItem.Overlay]</texture>
				</control>
			</focusedlayout>
		</control>
	</include>
	<include name="PosterWrapView">
		<control type="group">
			<left>0</left>
			<top>-35</top>
			<visible>Control.IsVisible(54)</visible>
			<control type="label">
				<top>10</top>
				<width>1060</width>
				<height>20</height>
				<font>font16</font>
				<textcolor>orange</textcolor>
				<align>left</align>
				<aligny>center</aligny>
				<label>$VAR[MovieSetLabel]</label>
			</control>
			<control type="textbox" id="400">
				<description>textarea</description>
				<top>420</top>
				<width>1060</width>
				<height>90</height>
				<font>font12</font>
				<label>$VAR[MoviePlot]</label>
				<textcolor>white</textcolor>
				<align>justify</align>
				<autoscroll time="3000" delay="4000" repeat="5000">true</autoscroll>
			</control>
		</control>
		<control type="fixedlist" id="54">
			<visible>!Container.Content(Addons)</visible>
			<left>-35</left>
			<top>40</top>
			<width>1160</width>
			<height>400</height>
			<onleft>54</onleft>
			<onright>54</onright>
			<onup>9000</onup>
			<ondown>60</ondown>
			<viewtype label="31250">bigicon</viewtype>
			<pagecontrol>60</pagecontrol>
			<scrolltime>200</scrolltime>
			<focusposition>1</focusposition>
			<orientation>horizontal</orientation>
			<preloaditems>4</preloaditems>
			<itemlayout height="310" width="218" condition="!Container.Content(Episodes)">
				<control type="image">
					<width>218</width>
					<height>310</height>
					<aspectratio>stretch</aspectratio>
					<bordertexture border="10">thumb-nofocus.png</bordertexture>
					<bordersize>10</bordersize>
					<texture background="true">$VAR[ListItemPosterVar]</texture>
				</control>
				<control type="image">
					<left>170</left>
					<top>265</top>
					<width>35</width>
					<height>35</height>
					<aspectratio>keep</aspectratio>
					<texture>$INFO[ListItem.Overlay]</texture>
				</control>
			</itemlayout>
			<focusedlayout height="310" width="218" condition="!Container.Content(Episodes)">
				<control type="image">
					<width>218</width>
					<height>310</height>
					<aspectratio>stretch</aspectratio>
					<bordertexture border="10">thumb-focus.png</bordertexture>
					<bordersize>10</bordersize>
					<texture background="true">$VAR[ListItemPosterVar]</texture>
					<animation reversible="false" effect="zoom" start="0,0,218,310" end="-30,-30,278,370" time="200">focus</animation>
					<animation reversible="false" effect="zoom" end="0,0,218,310" start="-30,-30,278,370" time="200">unfocus</animation>
				</control>
				<control type="image">
					<left>170</left>
					<top>265</top>
					<width>35</width>
					<height>35</height>
					<aspectratio>keep</aspectratio>
					<texture>$INFO[ListItem.Overlay]</texture>
					<animation effect="slide" start="0,0" end="30,30" time="200">Focus</animation>
					<animation effect="slide" end="0,0" start="30,30" time="200">UnFocus</animation>
				</control>
			</focusedlayout>
			<itemlayout height="310" width="420" condition="Container.Content(Episodes)">
				<control type="image">
					<width>420</width>
					<height>310</height>
					<aspectratio aligny="top">scale</aspectratio>
					<bordertexture border="10">thumb-nofocus.png</bordertexture>
					<bordersize>10</bordersize>
					<texture background="true">$VAR[ListItemPosterVar]</texture>
				</control>
				<control type="image">
					<left>372</left>
					<top>265</top>
					<width>35</width>
					<height>35</height>
					<aspectratio>keep</aspectratio>
					<texture>$INFO[ListItem.Overlay]</texture>
				</control>
			</itemlayout>
			<focusedlayout height="310" width="420" condition="Container.Content(Episodes)">
				<control type="image">
					<width>420</width>
					<height>310</height>
					<aspectratio aligny="top">scale</aspectratio>
					<bordertexture border="10">thumb-focus.png</bordertexture>
					<bordersize>10</bordersize>
					<texture background="true">$VAR[ListItemPosterVar]</texture>
					<animation center="auto" effect="zoom" start="100" end="115" time="200">Focus</animation>
					<animation center="auto" effect="zoom" start="115" end="100" time="200">UnFocus</animation>
				</control>
				<control type="image">
					<left>372</left>
					<top>265</top>
					<width>35</width>
					<height>35</height>
					<aspectratio>keep</aspectratio>
					<texture>$INFO[ListItem.Overlay]</texture>
					<animation effect="slide" start="0,0" end="30,22" time="200">Focus</animation>
					<animation effect="slide" end="0,0" start="30,22" time="200">UnFocus</animation>
				</control>
			</focusedlayout>
		</control>
	</include>
	<variable name="ThumbnailInfoViewLabel">
		<value condition="Container.Content(Addons)">$INFO[ListItem.AddonName]</value>
		<value condition="Container.Content(Albums)">$INFO[ListItem.Album]</value>
		<value condition="Container.Content(Artists)">$INFO[ListItem.Artist]</value>
		<value>$INFO[ListItem.Label]</value>
	</variable>
	<variable name="ThumbnailInfoViewLabel2">
		<value condition="Container.Content(Episodes)">$INFO[ListItem.TVShowTitle] [COLOR=grey]($INFO[ListItem.Season]x$INFO[ListItem.Episode])[/COLOR]</value>
		<value>$INFO[ListItem.Label]</value>
	</variable>
	<variable name="ThumbnailInfoViewPlot">
		<value condition="Container.Content(Addons)">$INFO[ListItem.AddonDescription]</value>
		<value condition="Container.Content(Albums)">$INFO[ListItem.Property(Album_Description)]</value>
		<value condition="Container.Content(Albums)">$INFO[ListItem.Property(Artist_Description)]</value>
		<value>$INFO[ListItem.Plot]</value>
	</variable>
	<variable name="ThumbnailInfoViewTitle">
		<value condition="Container.Content(Episodes)">$INFO[ListItem.Title]</value>
		<value>$INFO[ListItem.Label2]</value>
	</variable>
	<include name="ThumbnailInfoViewPictureContent">
		<control type="group">
			<visible>!String.IsEmpty($PARAM[value])</visible>
			<height>28</height>
			<control type="label">
				<width>140</width>
				<font>font12</font>
				<label>$PARAM[label]</label>
				<textcolor>grey2</textcolor>
				<shadowcolor>black</shadowcolor>
			</control>
			<control type="label">
				<left>150</left>
				<width>2900</width>
				<font>font12</font>
				<label>$INFO[$PARAM[value]]</label>
				<textcolor>white</textcolor>
				<shadowcolor>black</shadowcolor>
				<scroll>true</scroll>
			</control>
		</control>
	</include>
	<include name="ThumbnailInfoView">
		<control type="panel" id="55">
			<left>0</left>
			<top>0</top>
			<width>720</width>
			<height>480</height>
			<onleft>9000</onleft>
			<onright>60</onright>
			<onup>55</onup>
			<ondown>55</ondown>
			<viewtype label="31251">icon</viewtype>
			<pagecontrol>60</pagecontrol>
			<scrolltime>200</scrolltime>
			<preloaditems>2</preloaditems>
			<itemlayout condition="!Container.Content(Movies) + !Container.Content(TVShows) + !Container.Content(Seasons)" height="160" width="180">
				<control type="image">
					<left>1</left>
					<top>1</top>
					<width>178</width>
					<height>158</height>
					<texture border="10">thumb-nofocus.png</texture>
				</control>
				<control type="image">
					<left>6</left>
					<top>6</top>
					<width>168</width>
					<height>128</height>
					<texture background="true">$VAR[ListItemPosterVar]</texture>
					<bordertexture>black-back.png</bordertexture>
					<bordersize>1</bordersize>
				</control>
				<control type="label">
					<left>8</left>
					<top>130</top>
					<width>164</width>
					<height>25</height>
					<font>font10</font>
					<textcolor>grey2</textcolor>
					<selectedcolor>orange</selectedcolor>
					<align>center</align>
					<aligny>center</aligny>
					<label>$INFO[ListItem.Label]</label>
				</control>
				<control type="image">
					<left>150</left>
					<top>100</top>
					<width>25</width>
					<height>25</height>
					<aspectratio>keep</aspectratio>
					<texture>$INFO[ListItem.Overlay]</texture>
				</control>
			</itemlayout>
			<focusedlayout condition="!Container.Content(Movies) + !Container.Content(TVShows) + !Container.Content(Seasons)" height="160" width="180">
				<control type="image">
					<left>1</left>
					<top>1</top>
					<width>178</width>
					<height>158</height>
					<texture border="10">thumb-focus.png</texture>
				</control>
				<control type="image">
					<left>6</left>
					<top>6</top>
					<width>168</width>
					<height>128</height>
					<texture background="true">$VAR[ListItemPosterVar]</texture>
					<bordertexture>black-back.png</bordertexture>
					<bordersize>1</bordersize>
				</control>
				<control type="label">
					<left>8</left>
					<top>130</top>
					<width>164</width>
					<height>25</height>
					<font>font10</font>
					<textcolor>black</textcolor>
					<selectedcolor>orange</selectedcolor>
					<align>center</align>
					<aligny>center</aligny>
					<label>$INFO[ListItem.Label]</label>
				</control>
				<control type="image">
					<left>150</left>
					<top>100</top>
					<width>25</width>
					<height>25</height>
					<aspectratio>keep</aspectratio>
					<texture>$INFO[ListItem.Overlay]</texture>
				</control>
			</focusedlayout>
			<itemlayout condition="Container.Content(Movies) | Container.Content(TVShows) | Container.Content(Seasons)" height="240" width="154">
				<control type="image">
					<left>1</left>
					<top>1</top>
					<width>152</width>
					<height>238</height>
					<aspectratio>stretch</aspectratio>
					<texture border="10">thumb-nofocus.png</texture>
				</control>
				<control type="image">
					<left>6</left>
					<top>6</top>
					<width>142</width>
					<height>200</height>
					<aspectratio>keep</aspectratio>
					<texture background="true">$VAR[ListItemPosterVar]</texture>
					<bordertexture>black-back.png</bordertexture>
					<bordersize>1</bordersize>
				</control>
				<control type="label">
					<left>8</left>
					<top>206</top>
					<width>138</width>
					<height>25</height>
					<font>font10</font>
					<textcolor>grey2</textcolor>
					<selectedcolor>orange</selectedcolor>
					<align>center</align>
					<aligny>center</aligny>
					<label>$INFO[ListItem.Label]</label>
				</control>
				<control type="image">
					<left>125</left>
					<top>180</top>
					<width>25</width>
					<height>25</height>
					<aspectratio>keep</aspectratio>
					<texture>$INFO[ListItem.Overlay]</texture>
				</control>
			</itemlayout>
			<focusedlayout  condition="Container.Content(Movies) | Container.Content(TVShows) | Container.Content(Seasons)" height="240" width="154">
				<control type="image">
					<left>1</left>
					<top>1</top>
					<width>152</width>
					<height>238</height>
					<aspectratio>stretch</aspectratio>
					<texture border="10">thumb-focus.png</texture>
				</control>
				<control type="image">
					<left>6</left>
					<top>6</top>
					<width>142</width>
					<height>200</height>
					<aspectratio>keep</aspectratio>
					<texture background="true">$VAR[ListItemPosterVar]</texture>
					<bordertexture>black-back.png</bordertexture>
					<bordersize>1</bordersize>
				</control>
				<control type="label">
					<left>8</left>
					<top>206</top>
					<width>138</width>
					<height>25</height>
					<font>font10</font>
					<textcolor>black</textcolor>
					<selectedcolor>orange</selectedcolor>
					<align>center</align>
					<aligny>center</aligny>
					<label>$INFO[ListItem.Label]</label>
				</control>
				<control type="image">
					<left>125</left>
					<top>180</top>
					<width>25</width>
					<height>25</height>
					<aspectratio>keep</aspectratio>
					<texture>$INFO[ListItem.Overlay]</texture>
				</control>
			</focusedlayout>
		</control>
		<control type="group">
			<left>730</left>
			<top>10</top>
			<visible>Control.IsVisible(55) + ![Container.Content(Movies) | Container.Content(TVShows) | Container.Content(Seasons) | Container.Content(Episodes) | Container.Content(LiveTV) | Window.IsActive(Pictures)]</visible>
			<control type="fadelabel">
				<width>350</width>
				<height>20</height>
				<font>font16</font>
				<textcolor>orange</textcolor>
				<shadowcolor>black</shadowcolor>
				<align>left</align>
				<aligny>center</aligny>
				<label>$VAR[ThumbnailInfoViewLabel]</label>
				<scrollout>false</scrollout>
				<pauseatend>2000</pauseatend>
			</control>
			<control type="textbox" id="400">
				<description>textarea</description>
				<top>40</top>
				<width>350</width>
				<height>410</height>
				<font>font12</font>
				<label>$VAR[ThumbnailInfoViewPlot]</label>
				<textcolor>white</textcolor>
				<shadowcolor>black</shadowcolor>
				<align>justify</align>
			</control>
		</control>
		<control type="group">
			<left>645</left>
			<top>10</top>
			<visible>Control.IsVisible(55) + [Container.Content(Movies) | Container.Content(TVShows) | Container.Content(Seasons)]</visible>
			<control type="fadelabel">
				<width>420</width>
				<height>20</height>
				<font>font16</font>
				<textcolor>orange</textcolor>
				<shadowcolor>black</shadowcolor>
				<align>left</align>
				<aligny>center</aligny>
				<label>$VAR[MovieSetLabel]</label>
				<scrollout>false</scrollout>
				<pauseatend>2000</pauseatend>
			</control>
			<control type="textbox" id="400">
				<description>textarea</description>
				<top>40</top>
				<width>420</width>
				<height>410</height>
				<font>font12</font>
				<label>$VAR[MoviePlot]</label>
				<textcolor>white</textcolor>
				<shadowcolor>black</shadowcolor>
				<align>justify</align>
				<autoscroll time="3000" delay="4000" repeat="5000">true</autoscroll>
			</control>
		</control>
		<control type="group">
			<left>730</left>
			<top>10</top>
			<visible>Control.IsVisible(55) + [Container.Content(Episodes) | Container.Content(LiveTV)]</visible>
			<control type="fadelabel">
				<width>350</width>
				<height>20</height>
				<font>font13</font>
				<textcolor>white</textcolor>
				<shadowcolor>black</shadowcolor>
				<align>left</align>
				<aligny>center</aligny>
				<label>$VAR[ThumbnailInfoViewLabel2]</label>
				<scrollout>false</scrollout>
				<pauseatend>2000</pauseatend>
			</control>
			<control type="fadelabel">
				<top>35</top>
				<width>350</width>
				<height>20</height>
				<font>font16</font>
				<textcolor>orange</textcolor>
				<shadowcolor>black</shadowcolor>
				<align>left</align>
				<aligny>center</aligny>
				<label>$VAR[ThumbnailInfoViewTitle]</label>
				<scrollout>false</scrollout>
				<pauseatend>2000</pauseatend>
			</control>
			<control type="textbox" id="400">
				<description>textarea</description>
				<top>70</top>
				<width>350</width>
				<height>380</height>
				<font>font12</font>
				<label>$INFO[ListItem.Plot]</label>
				<textcolor>white</textcolor>
				<shadowcolor>black</shadowcolor>
				<align>justify</align>
			</control>
		</control>
		<control type="group">
			<left>730</left>
			<top>10</top>
			<visible>Control.IsVisible(55) + Window.IsActive(Pictures)</visible>
			<control type="fadelabel">
				<width>350</width>
				<height>20</height>
				<font>font16</font>
				<textcolor>orange</textcolor>
				<shadowcolor>black</shadowcolor>
				<align>left</align>
				<aligny>center</aligny>
				<label>$INFO[ListItem.Label]</label>
				<scrollout>false</scrollout>
				<pauseatend>2000</pauseatend>
			</control>
			<control type="grouplist">
				<top>40</top>
				<height>410</height>
				<itemgap>0</itemgap>
				<orientation>vertical</orientation>
				<include content="ThumbnailInfoViewPictureContent">
					<param name="label" value="$LOCALIZE[169]:" />
					<param name="value" value="ListItem.PictureResolution" />
				</include>
				<include content="ThumbnailInfoViewPictureContent">
					<param name="label" value="$LOCALIZE[552]:" />
					<param name="value" value="ListItem.Date" />
				</include>
				<include content="ThumbnailInfoViewPictureContent">
					<param name="label" value="$LOCALIZE[21802]:" />
					<param name="value" value="ListItem.Size" />
				</include>
				<include content="ThumbnailInfoViewPictureContent">
					<param name="label" value="$LOCALIZE[21826]:" />
					<param name="value" value="ListItem.PictureAperture" />
				</include>
				<include content="ThumbnailInfoViewPictureContent">
					<param name="label" value="$LOCALIZE[21822]:" />
					<param name="value" value="ListItem.PictureCamMake" />
				</include>
				<include content="ThumbnailInfoViewPictureContent">
					<param name="label" value="$LOCALIZE[21823]:" />
					<param name="value" value="ListItem.PictureCamModel" />
				</include>
				<include content="ThumbnailInfoViewPictureContent">
					<param name="label" value="$LOCALIZE[21863]:" />
					<param name="value" value="ListItem.PictureAuthor" />
				</include>
				<include content="ThumbnailInfoViewPictureContent">
					<param name="label" value="$LOCALIZE[21867]:" />
					<param name="value" value="ListItem.PictureByline" />
				</include>
				<include content="ThumbnailInfoViewPictureContent">
					<param name="label" value="$LOCALIZE[21868]:" />
					<param name="value" value="ListItem.PictureBylineTitle" />
				</include>
				<include content="ThumbnailInfoViewPictureContent">
					<param name="label" value="$LOCALIZE[21862]:" />
					<param name="value" value="ListItem.PictureCaption" />
				</include>
				<include content="ThumbnailInfoViewPictureContent">
					<param name="label" value="$LOCALIZE[21866]:" />
					<param name="value" value="ListItem.PictureCategory" />
				</include>
				<include content="ThumbnailInfoViewPictureContent">
					<param name="label" value="$LOCALIZE[21839]:" />
					<param name="value" value="ListItem.PictureCCDWidth" />
				</include>
				<include content="ThumbnailInfoViewPictureContent">
					<param name="label" value="$LOCALIZE[21873]:" />
					<param name="value" value="ListItem.PictureCity" />
				</include>
				<include content="ThumbnailInfoViewPictureContent">
					<param name="label" value="$LOCALIZE[21807]:" />
					<param name="value" value="ListItem.PictureColour" />
				</include>
				<include content="ThumbnailInfoViewPictureContent">
					<param name="label" value="$LOCALIZE[21839]:" />
					<param name="value" value="ListItem.PictureComment" />
				</include>
				<include content="ThumbnailInfoViewPictureContent">
					<param name="label" value="$LOCALIZE[21871]:" />
					<param name="value" value="ListItem.PictureCopyrightNotice" />
				</include>
				<include content="ThumbnailInfoViewPictureContent">
					<param name="label" value="$LOCALIZE[21875]:" />
					<param name="value" value="ListItem.PictureCountry" />
				</include>
				<include content="ThumbnailInfoViewPictureContent">
					<param name="label" value="$LOCALIZE[21879]:" />
					<param name="value" value="ListItem.PictureCountryCode" />
				</include>
				<include content="ThumbnailInfoViewPictureContent">
					<param name="label" value="$LOCALIZE[21869]:" />
					<param name="value" value="ListItem.PictureCredit" />
				</include>
				<include content="ThumbnailInfoViewPictureContent">
					<param name="label" value="$LOCALIZE[21821]:" />
					<param name="value" value="ListItem.PictureDesc" />
				</include>
				<include content="ThumbnailInfoViewPictureContent">
					<param name="label" value="$LOCALIZE[21838]:" />
					<param name="value" value="ListItem.PictureDigitalZoom" />
				</include>
				<include content="ThumbnailInfoViewPictureContent">
					<param name="label" value="$LOCALIZE[21832]:" />
					<param name="value" value="ListItem.PictureExpMode" />
				</include>
				<include content="ThumbnailInfoViewPictureContent">
					<param name="label" value="$LOCALIZE[21829]:" />
					<param name="value" value="ListItem.PictureExposure" />
				</include>
				<include content="ThumbnailInfoViewPictureContent">
					<param name="label" value="$LOCALIZE[21831]:" />
					<param name="value" value="ListItem.PictureExposureBias" />
				</include>
				<include content="ThumbnailInfoViewPictureContent">
					<param name="label" value="$LOCALIZE[21830]:" />
					<param name="value" value="ListItem.PictureExpTime" />
				</include>
				<include content="ThumbnailInfoViewPictureContent">
					<param name="label" value="$LOCALIZE[21833]:" />
					<param name="value" value="ListItem.PictureFlashUsed" />
				</include>
				<include content="ThumbnailInfoViewPictureContent">
					<param name="label" value="$LOCALIZE[21827]:" />
					<param name="value" value="ListItem.PictureFocalLen" />
				</include>
				<include content="ThumbnailInfoViewPictureContent">
					<param name="label" value="$LOCALIZE[21828]:" />
					<param name="value" value="ListItem.PictureFocusDist" />
				</include>
				<include content="ThumbnailInfoViewPictureContent">
					<param name="label" value="$LOCALIZE[21834]:" />
					<param name="value" value="ListItem.PictureWhiteBalance" />
				</include>
				<include content="ThumbnailInfoViewPictureContent">
					<param name="label" value="$LOCALIZE[21840]:" />
					<param name="value" value="ListItem.PictureGPSLat" />
				</include>
				<include content="ThumbnailInfoViewPictureContent">
					<param name="label" value="$LOCALIZE[21841]:" />
					<param name="value" value="ListItem.PictureGPSLon" />
				</include>
				<include content="ThumbnailInfoViewPictureContent">
					<param name="label" value="$LOCALIZE[21842]:" />
					<param name="value" value="ListItem.PictureGPSAlt" />
				</include>
				<include content="ThumbnailInfoViewPictureContent">
					<param name="label" value="$LOCALIZE[21864]:" />
					<param name="value" value="ListItem.PictureHeadline" />
				</include>
				<include content="ThumbnailInfoViewPictureContent">
					<param name="label" value="$LOCALIZE[21858]:" />
					<param name="value" value="ListItem.PictureImageType" />
				</include>
				<include content="ThumbnailInfoViewPictureContent">
					<param name="label" value="$LOCALIZE[21837]:" />
					<param name="value" value="ListItem.PictureISO" />
				</include>
				<include content="ThumbnailInfoViewPictureContent">
					<param name="label" value="$LOCALIZE[21861]:" />
					<param name="value" value="ListItem.PictureKeywords" />
				</include>
				<include content="ThumbnailInfoViewPictureContent">
					<param name="label" value="$LOCALIZE[21843]:" />
					<param name="value" value="ListItem.PictureOrientation" />
				</include>
				<include content="ThumbnailInfoViewPictureContent">
					<param name="label" value="$LOCALIZE[21808]:" />
					<param name="value" value="ListItem.PictureProcess" />
				</include>
			</control>
			<control type="textbox" id="400">
				<description>textarea</description>
				<top>40</top>
				<width>350</width>
				<height>410</height>
				<font>font12</font>
				<label>$VAR[ThumbnailInfoViewPlot]</label>
				<textcolor>white</textcolor>
				<shadowcolor>black</shadowcolor>
				<align>justify</align>
			</control>
		</control>
	</include>
</includes>