<?xml version="1.0" encoding="UTF-8"?>
<includes>
	<!--//// START ALBUM THUMBS VIEW //////////////////////////////////////////////////////////////////-->	
	<include name="AlbumThumbsView">
		<control type="group" id="500">
	        <defaultcontrol always="true">63</defaultcontrol>
			<visible>Control.IsVisible(63)</visible>
			<include>MediaViewOpenCloseAnim</include>
			
			<include content="ThumbnailViewScrollbar">
				<param name="id" value="90303" />
			</include>
			
			<include condition="Skin.String(CommonAlbumThumbsStyle,1) | String.IsEmpty(Skin.String(CommonAlbumThumbsStyle))">CommonAlbumThumbsStyle1</include>
			<include condition="Skin.String(CommonAlbumThumbsStyle,2)">CommonAlbumThumbsStyle2</include>
			
			<control type="group">
				<description>Bottom Bar Area</description>
				<top>BottomPaneOffsetY</top>
				<!--<include>InfoPaneImage</include>-->
				<include>InfoPaneMediaDetails</include>
				<!--<include condition="!Skin.HasSetting(EnableMusicLibraryClearLogos)">InfoPaneClearLogoMusic</include>-->
				<include>BottomPaneOpenCloseAnim</include>
								
				<control type="group">
					<visible>!Skin.HasSetting(HideAlbumThumbsLabel)</visible>
					
					<control type="label">
						<include>InfoPaneItemTitle</include>
						<label>[B]$VAR[AlbumThumbsLabel1][/B]</label>
					</control>
					
					<control type="label">
						<include>InfoPaneItemTitle2</include>
						<label>$VAR[AlbumThumbsLabel2]</label>
					</control>
				</control>
			</control>

			<include>ViewsDialogPopUpScreenDim</include>
		</control>
	</include>
	<!--//// START ALBUM THUMBS VIEW //////////////////////////////////////////////////////////////////-->
	
	<!-- INCLUDES -->
	<variable name="AlbumThumbsLabel1">
		<value condition="ListItem.IsBoxset + !String.IsEqual(ListItem.Album,ListItem.Title)">$INFO[ListItem.Title]$INFO[ListItem.Album,  (,)]</value>
		<value condition="Container.Content(Albums)">$INFO[ListItem.Album]</value>
		<value condition="Container.Content(Songs) | Window.IsActive(MusicPlaylist)">$INFO[ListItem.Title]</value>
		<value>$INFO[ListItem.Label]</value>
	</variable>
	
	<variable name="AlbumThumbsLabel2">
		<value condition="Container.Content(Addons)">$INFO[ListItem.AddonVersion]</value>
		<value>$INFO[ListItem.Artist]</value>
	</variable>
	
	<include name="AlbumThumbsContainerLayout">
		<control type="image">
			<description>Cover Case</description>
			<left>$PARAM[left]</left>
			<width>$PARAM[size]</width>
			<height>$PARAM[size]</height>
			<texture background="true" border="14">$PARAM[cover_texture]</texture>
			<aspectratio>stretch</aspectratio>
		</control>
		<control type="image">
			<description>Cover</description>
			<left>$PARAM[left]</left>
			<width>$PARAM[size]</width>
			<height>$PARAM[size]</height>
			<bordersize>$PARAM[image_bordersize]</bordersize>
			<texture background="true">$INFO[ListItem.Thumb]</texture>
			<aspectratio>scale</aspectratio>
		</control>
		<control type="image">
			<description>Default Cover</description>
			<left>$PARAM[left]</left>
			<width>$PARAM[size]</width>
			<height>$PARAM[size]</height>
			<bordersize>$PARAM[actualicon_bordersize]</bordersize>
			<texture background="true">$INFO[ListItem.ActualIcon]</texture>
			<aspectratio>keep</aspectratio>
			<visible>String.IsEmpty(ListItem.Thumb)</visible>
			<animation effect="fade" end="40" condition="$PARAM[actualicon_fade]">Conditional</animation>
		</control>
	</include>
	
	<include name="CommonAlbumThumbsStyle1">
		<control type="panel" id="63">
			<viewtype label="31103">icon</viewtype>
			<left>16</left>
			<top>101</top>
			<width>1245</width>
			<height>540</height>
			<pagecontrol>90303</pagecontrol>
			<preloaditems>2</preloaditems>
			<scrolltime tween="sine" easing="inout">404</scrolltime>
			<onup>63</onup>
			<ondown>63</ondown>
			<onleft>850</onleft>
			<onright>150</onright>
			<visible>Container.Content(Albums) | Container.Content(Songs) | Container.Content(Addons) | Container.Content(Games) | Window.IsActive(MusicPlaylist)</visible>
			<itemlayout height="270" width="249">
				<include content="AlbumThumbsContainerLayout">
					<param name="left" value="10" />
					<param name="size" value="231" />
					<param name="cover_texture" value="covers/cover-case-thumbnail-nofocus.png" />
					<param name="image_bordersize" value="14" />
					<param name="actualicon_bordersize" value="45" />
					<param name="actualicon_fade" value="true" />
				</include>
			</itemlayout>
			<focusedlayout height="270" width="249">
				<control type="group">
					<include condition="![Skin.String(LowCPUPowerMode,Animations) | Skin.String(LowCPUPowerMode,Full)]">ThumbnailViewCoverFocusAnim3</include>
					<include content="AlbumThumbsContainerLayout">
						<param name="left" value="10" />
						<param name="size" value="231" />
						<param name="cover_texture" value="covers/cover-case-thumbnail-focus.png" />
						<param name="image_bordersize" value="14" />
						<param name="actualicon_bordersize" value="45" />
						<param name="actualicon_fade" value="false" />
					</include>
				</control>
			</focusedlayout>
		</control>
	</include>
	
	<include name="CommonAlbumThumbsStyle2">
		<control type="panel" id="63">
			<viewtype label="31103">icon</viewtype>
			<left>20</left>
			<top>101</top>
			<width>1239</width>
			<height>531</height>
			<pagecontrol>90303</pagecontrol>
			<preloaditems>2</preloaditems>
			<scrolltime tween="sine" easing="inout">404</scrolltime>
			<onup>63</onup>
			<ondown>63</ondown>
			<onleft>850</onleft>
			<onright>150</onright>
			<visible>Container.Content(Albums) | Container.Content(Songs) | Container.Content(Addons) | Container.Content(Games) | Window.IsActive(MusicPlaylist)</visible>
			<itemlayout height="177" width="177">
				<include content="AlbumThumbsContainerLayout">
					<param name="left" value="5" />
					<param name="size" value="168" />
					<param name="cover_texture" value="covers/cover-case-thumbnail-nofocus.png" />
					<param name="image_bordersize" value="12" />
					<param name="actualicon_bordersize" value="33" />
					<param name="actualicon_fade" value="true" />
				</include>
			</itemlayout>
			<focusedlayout height="177" width="177">
				<control type="group">
					<include condition="![Skin.String(LowCPUPowerMode,Animations) | Skin.String(LowCPUPowerMode,Full)]">ThumbnailViewCoverFocusAnim2</include>
					<include content="AlbumThumbsContainerLayout">
						<param name="left" value="5" />
						<param name="size" value="168" />
						<param name="cover_texture" value="covers/cover-case-thumbnail-focus.png" />
						<param name="image_bordersize" value="12" />
						<param name="actualicon_bordersize" value="33" />
						<param name="actualicon_fade" value="false" />
					</include>
				</control>
			</focusedlayout>
		</control>
	</include>
	<!-- END INCLUDES -->
</includes>