<?xml version="1.0" encoding="UTF-8"?>
<window>
	<defaultcontrol always="true">3012</defaultcontrol>
	<zorder>0</zorder>
	<controls>
	
		<control type="group">
			<left>28</left>
			<top>350</top>
			<include>FSMediaInfoPanelLiveTV</include>
			<include>FSMediaInfoOpenCloseAnim</include>

			<control type="group">			
				<left>18</left>
				<top>10</top>
				
				<control type="group">
					<left>1400</left>
					<control type="label" description="episode/season info" id="3002">
					</control>
					<control type="label" description="Title" id="3000">
					</control>
					<control type="image" id="3006">
						<description>Clearart</description>
					</control>
					<control type="image" id="3009">
						<description>Poster</description>
					</control>
				</control>

				<control type="grouplist">
					<width>820</width>
					<height>60</height>
					<orientation>horizontal</orientation>
					<itemgap>10</itemgap>
					<usecontrolcoords>true</usecontrolcoords>
					<control type="label">
						<description>Title</description>
						<width min="10" max="710">auto</width>
						<height>60</height>
						<font>FSInfoTitleFont</font>
						<textcolor>MediaInfoTitleColor</textcolor>
						<shadowcolor>ShadowColor</shadowcolor>
						<label>[UPPERCASE][COLOR=MediaInfoItemColor]$ADDON[service.nextup.notification 30008]:  [/COLOR]$INFO[Control.GetLabel(3002)] $INFO[Control.GetLabel(3000)][/UPPERCASE]</label>
						<aligny>top</aligny>
						<scroll>true</scroll>
					</control>
				</control>

				<control type="label">
					<description>TV Show</description>
					<top>30</top>
					<width>820</width>
					<height>26</height>
					<font>FSInfoFont</font>
					<textcolor>MediaInfoTitleColor2</textcolor>
					<shadowcolor>ShadowColor</shadowcolor>
					<label>[UPPERCASE]$INFO[VideoPlayer.TVShowTitle][/UPPERCASE]</label>
					<aligny>center</aligny>
				</control>
				
				<control type="grouplist">
					<description>Time</description>
					<left>868</left>
					<width>320</width>
					<align>right</align>
					<orientation>horizontal</orientation>
					<itemgap>10</itemgap>
					<usecontrolcoords>true</usecontrolcoords>
					<control type="image">
						<top>6</top>
						<width>24</width>
						<height>24</height>	
						<texture>pvr/status_timer_alt.png</texture>
						<aspectratio>keep</aspectratio>
					</control>
					<control type="label">
						<left>-6</left>
						<height>60</height>	
						<width min="25" max="250">auto</width>
						<font>FSInfoTitleFont</font>
						<textcolor>BreadCrumbColor</textcolor>
						<shadowcolor>ShadowColor</shadowcolor>
						<label>[UPPERCASE]$INFO[System.Time][/UPPERCASE]</label>
						<aligny>top</aligny>
					</control>
				</control>
				
				<control type="grouplist">
					<description>Media Info Labels</description>
					<top>66</top>
					<width>820</width>
					<orientation>horizontal</orientation>
					<control type="label">
						<width min="10" max="110">auto</width>
						<height>40</height>
						<font>MediaInfoFont</font>
						<textcolor>MediaInfoItemColor</textcolor>
						<shadowcolor>ShadowColor</shadowcolor>							
						<label>$LOCALIZE[20416]</label>
						<aligny>center</aligny>
						<visible>!IsEmpty(Control.GetLabel(3004))</visible>
					</control>
					<control type="label" id="3004">
						<width min="10" max="320">auto</width>
						<height>40</height>
						<font>MediaInfoFont</font>
						<textcolor>MediaInfoItemColor2</textcolor>
						<shadowcolor>ShadowColor</shadowcolor>
						<aligny>center</aligny>
					</control>
					<control type="label">
						<width min="10" max="110">auto</width>
						<height>40</height>
						<font>MediaInfoFont</font>
						<textcolor>MediaInfoItemColor</textcolor>
						<shadowcolor>ShadowColor</shadowcolor>
						<label>     $LOCALIZE[563]</label>
						<aligny>center</aligny>
						<visible>!IsEmpty(Control.GetLabel(3003))</visible>
					</control>
					<control type="label" id="3003">
						<width min="10" max="320">auto</width>
						<height>40</height>
						<font>MediaInfoFont</font>
						<textcolor>MediaInfoItemColor2</textcolor>
						<shadowcolor>ShadowColor</shadowcolor>
						<aligny>center</aligny>
					</control>
				</control>

				<control type="textbox" id="3001">
					<description>Plot</description>
					<top>107</top>
					<width>820</width>
					<height>142</height>
					<font>MediaInfoDescFont</font>
					<textcolor>MediaInfoColor</textcolor>
					<shadowcolor>ShadowColor</shadowcolor>
					<align>justify</align>
					<wrapmultiline>true</wrapmultiline>
					<autoscroll time="2000" delay="6000" repeat="10000">true</autoscroll>
					<animation effect="slide" end="0,1400" condition="Skin.HasSetting(osd.hidespoilers)">Conditional</animation>
				</control>
				
				<control type="textbox">
					<description>Plot</description>
					<top>107</top>
					<width>820</width>
					<height>142</height>
					<font>MediaInfoDescFont</font>
					<textcolor>MediaInfoColor</textcolor>
					<shadowcolor>ShadowColor</shadowcolor>
					<align>justify</align>
					<wrapmultiline>true</wrapmultiline>
					<label>$LOCALIZE[20370]</label>
					<autoscroll time="2000" delay="6000" repeat="10000">true</autoscroll>
					<visible>Skin.HasSetting(osd.hidespoilers)</visible>
				</control>
				
				<control type="label">
					<top>266</top>
					<width>1192</width>
					<align>center</align>
					<font>FullMediaInfoTaglineFont</font>
					<textcolor>MediaInfoItemColor</textcolor>
					<shadowcolor>ShadowColor</shadowcolor>							
					<label>$ADDON[service.nextup.notification 30007]</label>
				</control>
			</control>
			
			<control type="image" id="3008">
				<description>Cover</description>
				<left>857</left>
				<top>88</top>
				<width>347</width>
				<height>174</height>
				<texture diffuse="covers/list-info-thumb-diffuse.png"></texture>
				<aspectratio aligny="center" align="center" scalediffuse="false">scale</aspectratio>
			</control>
			
			<control type="image">
				<description>Clear Logo</description>
				<left>1110</left>
				<top>222</top>
				<width>88</width>
				<height>34</height>
				<texture>$INFO[Player.Art(tvshow.clearlogo)]</texture>
				<aspectratio aligny="center" align="center">keep</aspectratio>
				<visible>Control.IsVisible(3008)</visible>
			</control>

			<control type="image">
				<description>Cover</description>
				<left>857</left>
				<top>88</top>
				<width>343</width>
				<height>169</height>
				<texture diffuse="covers/player-media-cover-diffuse.png">$VAR[ClearImageOSD]</texture>
				<aspectratio aligny="center" align="center">keep</aspectratio>
				<animation effect="slide" end="0,18" condition="Skin.HasSetting(ShowClearArtOSD) + [[VideoPlayer.Content(Episodes) + !IsEmpty(Player.Art(tvshow.clearart))] | [VideoPlayer.Content(Movies) + !IsEmpty(Player.Art(clearart))]]">Conditional</animation>
				<visible>!Control.IsVisible(3008)</visible>
			</control>
		</control>
		
		<control type="group">
			<top>655</top>
			<include>BottomPaneOpenCloseAnim</include>
			
			<control type="image">
				<left>443</left>
				<width>809</width>
				<height>75</height>
				<texture border="8">panels/panel.png</texture>
				<aspectratio>stretch</aspectratio>
			</control>
		
			<control type="grouplist">
				<description>Controls</description>
				<left>473</left>
				<top>16</top>
				<width>410</width>
				<height>50</height>
				<itemgap>8</itemgap>
				<usecontrolcoords>true</usecontrolcoords>
				<orientation>horizontal</orientation>	
				<onup>noop</onup>
				<ondown>noop</ondown>
				<onleft>112</onleft>
				<onright>100</onright>
				<control type="button" id="3012">
					<description>Watch Now</description>
					<width>150</width>
					<label>Watch Now</label>
					<pulseonselect>false</pulseonselect>
				</control>
				<control type="button" id="3013">
					<description>Cancel</description>
					<width>150</width>
					<label>222</label>
					<pulseonselect>false</pulseonselect>
				</control>
			</control>
		
			<control type="group">
				<left>780</left>
				
				<control type="progress">
					<description>Progressbar Cache</description>
					<left>29</left>
					<top>39</top>
					<width>412</width>
					<midtexture border="2">controls/scrollbar-slider-horz-nofocus.png</midtexture>
					<info>Player.ProgressCache</info>
					<animation effect="fade" end="20" condition="true">Conditional</animation>
				</control>
				
				<control type="progress" id="23">
					<description>Progressbar</description>
					<left>29</left>
					<top>39</top>
					<width>412</width>
					<info>Player.Progress</info>
				</control>
				
				<control type="slider">
					<description>Seek Slider</description>
					<left>29</left>
					<top>39</top>
					<width>412</width>
					<height>12</height>
					<action>seek</action>
					<texturesliderbar border="4">controls/progress-background.png</texturesliderbar>
					<textureslidernib border="2">-</textureslidernib>
					<textureslidernibfocus border="2">controls/progress-nib-focus.png</textureslidernibfocus>
				</control>

				<control type="label">
					<description>Elapsed/Duration Time</description>
					<top>11</top>
					<left>29</left>
					<width min="0" max="250">auto</width>
					<font>OSDFont</font>
					<textcolor>ProgressColor</textcolor>
					<label>$INFO[VideoPlayer.Time] $INFO[VideoPlayer.Duration,/ ]</label>
				</control>
							
				<control type="grouplist">
					<description>Finish Time</description>
					<right>59</right>
					<top>6</top>
					<height>40</height>
					<width>200</width>
					<align>right</align>
					<usecontrolcoords>true</usecontrolcoords>
					<orientation>horizontal</orientation>
					<control type="image">
						<top>5</top>
						<width>28</width>
						<height>28</height>	
						<texture>gui/notification-done.png</texture>
						<bordersize>2</bordersize>
					</control>
					<control type="label">
						<top>5</top>
						<width min="0" max="172">auto</width>
						<font>OSDFont</font>
						<textcolor>ProgressColor2</textcolor>
						<label>$INFO[Player.TimeRemaining(ss)]</label>
					</control>
				</control>
			</control>
		</control>
	</controls>
</window>