<?xml version="1.0" encoding="UTF-8"?>
<window>
	<defaultcontrol>-</defaultcontrol>
	<coordinates>
		<system>1</system>
		<posx>0</posx>
		<posy>0</posy>
	</coordinates>
	<controls>
		<control type="list" id="100">
			<left>2000</left>
			<width>1</width>
			<height>1</height>
			<visible>false</visible>
			<itemlayout width="1" height="1"/>
			<focusedlayout width="1" height="1"/>
		</control>
		<control type="group">
			<include>ControlsOpenCloseAnim</include>
			<include>FSMediaInfoBackgroundDim3</include>
			
			<control type="image">
				<description>Movies / TV Show / Season Poster Image</description>
				<left>100</left>
				<top>143</top>
				<width>336</width>
				<height>500</height>
				<texture>$INFO[Container(100).ListItem.Icon]</texture>
				<bordertexture border="4">covers/cover-case2.png</bordertexture>
				<bordersize>4</bordersize>
				<aspectratio align="center" aligny="center">scale</aspectratio>
				<include>FSMediaInfoOpenCloseAnim</include>
				<visible>Control.IsVisible(110) | Control.IsVisible(120) | Control.IsVisible(130)</visible>
			</control>
			
			<control type="image">
				<description>Music Videos / Episodes Cover Image</description>
				<top>138</top>
				<left>60</left>
				<width>416</width>
				<height>314</height>
				<texture>$INFO[Container(100).ListItem.Icon]</texture>
				<bordertexture border="4">covers/cover-case2.png</bordertexture>
				<bordersize>4</bordersize>
				<include>FSMediaInfoOpenCloseAnim</include>
				<aspectratio align="center" aligny="bottom">keep</aspectratio>
				<visible>Control.IsVisible(140) | Control.IsVisible(150)</visible>
			</control>
			
			<control type="image">
				<description>Album / Artist / Song Cover Image</description>
				<top>121</top>
				<left>100</left>
				<width>328</width>
				<height>328</height>
				<texture>$INFO[Container(100).ListItem.Icon]</texture>
				<bordertexture border="4">covers/cover-case2.png</bordertexture>
				<bordersize>4</bordersize>
				<aspectratio align="center" aligny="center">scale</aspectratio>
				<fadetime>IconCrossfadeTime</fadetime>
				<include>FSMediaInfoOpenCloseAnim</include>
				<visible>Control.IsVisible(160) | Control.IsVisible(170) | Control.IsVisible(180)</visible>
			</control>
			
			<control type="image">
				<description>EPG Cover Background</description>
				<top>121</top>
				<left>100</left>
				<width>328</width>
				<height>328</height>
				<texture border="4">covers/cover-case2.png</texture>
				<include>FSMediaInfoOpenCloseAnim</include>
				<visible>Control.IsVisible(200)</visible>
			</control>
			
			<control type="image">
				<description>EPG Cover Image</description>
				<top>121</top>
				<left>100</left>
				<width>328</width>
				<height>328</height>
				<texture>$INFO[Container(100).ListItem.Icon]</texture>
				<bordersize>4</bordersize>
				<aspectratio align="center" aligny="center">keep</aspectratio>
				<fadetime>IconCrossfadeTime</fadetime>
				<include>FSMediaInfoOpenCloseAnim</include>
				<visible>Control.IsVisible(200)</visible>
			</control>
			
			<control type="image">
				<description>Watched Overlay</description>
				<top>595</top>
				<left>388</left>
				<width>32</width>
				<height>32</height>
				<texture>OverlayWatched.png</texture>
				<aspectratio>keep</aspectratio>
				<include>FSMediaInfoOpenCloseAnim</include>
				<animation effect="slide" end="40,-191" condition="Control.IsVisible(140) | Control.IsVisible(150)">Conditional</animation>
				<animation effect="slide" end="-8,-194" condition="Control.IsVisible(200)">Conditional</animation>
				<visible>!StringCompare(Container(100).ListItem.Property(Playcount),0) + ![Control.IsVisible(160) | Control.IsVisible(170) | Control.IsVisible(180) | Control.IsVisible(200)]</visible>
			</control>
			
			<control type="label">
				<description>Label 1</description>
				<top>109</top>
				<left>470</left>
				<width>710</width>
				<align>center</align>
				<font>FullMediaInfoTitleFont3</font>
				<textcolor>MediaInfoTitleColor</textcolor>
				<shadowcolor>ShadowColor</shadowcolor>
				<label>[UPPERCASE]$VAR[GlobalSearchInfoDialogLabel1][/UPPERCASE]</label>
				<scroll>true</scroll>
				<animation effect="slide" end="0,22" condition="IsEmpty(Container(100).ListItem.Property(Tagline)) + ![Control.IsVisible(160) | Control.IsVisible(170) | Control.IsVisible(180) | Control.IsVisible(200)]">Conditional</animation>
				<animation effect="slide" end="0,2" condition="Control.IsVisible(160) | Control.IsVisible(170) | Control.IsVisible(180) | Control.IsVisible(200)">Conditional</animation>
				<animation effect="slide" end="40,0" condition="Control.IsVisible(140) | Control.IsVisible(150)">Conditional</animation>
			</control>
			
			<control type="label">
				<description>Tagline</description>
				<top>155</top>
				<left>470</left>
				<width>710</width>
				<font>ListFont5</font>
				<textcolor>MediaInfoTitleColor2</textcolor>
				<shadowcolor>ShadowColor</shadowcolor>
				<align>center</align>
				<label>$INFO[Container(100).ListItem.Property(Tagline)]</label>
				<include>FSMediaInfoOpenCloseAnim</include>
				<scroll>true</scroll>
				<visible>!IsEmpty(Container(100).ListItem.Property(Tagline))</visible>
			</control>
			
			<control type="image">
				<top>179</top>
				<left>470</left>
				<width>710</width>
				<height>2</height>
				<animation effect="fade" end="30" condition="true">Conditional</animation>
				<texture>views/videoinfo-separator.png</texture>
				<animation effect="slide" end="40,0" condition="Control.IsVisible(140) | Control.IsVisible(150)">Conditional</animation>
				<animation effect="slide" end="0,-20" condition="Control.IsVisible(160) | Control.IsVisible(170) | Control.IsVisible(180) | Control.IsVisible(200)">Conditional</animation>
			</control>
			
			<control type="label">
				<description>Label 2</description>
				<top>186</top>
				<left>470</left>
				<width>710</width>
				<align>center</align>
				<font>FullMediaInfoTitleFont2</font>
				<textcolor>MediaInfoTitleColor2</textcolor>
				<shadowcolor>ShadowColor</shadowcolor>
				<label fallback="31000">[UPPERCASE]$VAR[GlobalSearchInfoDialogLabel2][/UPPERCASE]</label>
				<animation effect="slide" end="40,0" condition="Control.IsVisible(140) | Control.IsVisible(150)">Conditional</animation>
				<animation effect="slide" end="0,-20" condition="Control.IsVisible(160) | Control.IsVisible(170) | Control.IsVisible(180) | Control.IsVisible(200)">Conditional</animation>
			</control>
			
			<control type="image">
				<top>217</top>
				<left>470</left>
				<width>710</width>
				<height>2</height>
				<animation effect="fade" end="30" condition="true">Conditional</animation>
				<texture>views/videoinfo-separator.png</texture>
				<animation effect="slide" end="40,0" condition="Control.IsVisible(140) | Control.IsVisible(150)">Conditional</animation>
				<animation effect="slide" end="0,-20" condition="Control.IsVisible(160) | Control.IsVisible(170) | Control.IsVisible(180) | Control.IsVisible(200)">Conditional</animation>
			</control>
			
			<control type="image">
				<left>470</left>
				<top>640</top>
				<width>710</width>
				<height>2</height>
				<animation effect="fade" end="30" condition="true">Conditional</animation>
				<texture>views/videoinfo-separator.png</texture>
				<animation effect="slide" end="40,0" condition="Control.IsVisible(140) | Control.IsVisible(150)">Conditional</animation>
				<visible>Control.IsVisible(110) | Control.IsVisible(120) | Control.IsVisible(130)</visible>
			</control>
			
			<control type="image">
				<left>60</left>
				<top>640</top>
				<width>1160</width>
				<height>2</height>
				<animation effect="fade" end="30" condition="true">Conditional</animation>
				<texture>views/videoinfo-separator.png</texture>
				<visible>Control.IsVisible(140) | Control.IsVisible(150)</visible>
			</control>
			
			<control type="image">
				<left>100</left>
				<top>640</top>
				<width>1080</width>
				<height>2</height>
				<animation effect="fade" end="30" condition="true">Conditional</animation>
				<texture>views/videoinfo-separator.png</texture>
				<visible>Control.IsVisible(160) | Control.IsVisible(170) | Control.IsVisible(180) | Control.IsVisible(200)</visible>
			</control>
			
			<control type="list" id="110">
				<left>465</left>
				<top>219</top>
				<width>720</width>
				<height>233</height>
				<pagecontrol>-</pagecontrol>
				<itemlayout width="720" height="29">
					<control type="image">
						<top>27</top>
						<left>5</left>
						<width>710</width>
						<height>2</height>
						<animation effect="fade" end="30" condition="true">Conditional</animation>
						<texture>views/videoinfo-separator.png</texture>
					</control>
					<control type="image">
						<left>170</left>
						<width>1</width>
						<height>32</height>
						<animation effect="fade" end="25" condition="true">Conditional</animation>
						<texture border="1,0,0,10" flipy="true">views/videoinfo-separator.png</texture>
					</control>
					<control type="label">
						<left>5</left>
						<width>165</width>
						<height>29</height>
						<font>FullMediaInfoFont</font>
						<aligny>center</aligny>
						<textcolor>MediaInfoItemColor</textcolor>
						<shadowcolor>ShadowColor</shadowcolor>
						<label>[UPPERCASE]$INFO[ListItem.Label][/UPPERCASE]</label>
					</control>
					<control type="label">
						<left>179</left>
						<width>533</width>
						<height>29</height>
						<font>FullMediaInfoFont2</font>
						<aligny>center</aligny>
						<textcolor>MediaInfoItemColor2</textcolor>
						<shadowcolor>ShadowColor</shadowcolor>
						<label fallback="31000">$INFO[ListItem.Label2]</label>
					</control>
				</itemlayout>
				<focusedlayout width="720" height="29">
					<control type="image">
						<top>27</top>
						<left>5</left>
						<width>710</width>
						<height>2</height>
						<animation effect="fade" end="30" condition="true">Conditional</animation>
						<texture>views/videoinfo-separator.png</texture>
					</control>
					<control type="image">
						<left>170</left>
						<width>1</width>
						<height>32</height>
						<animation effect="fade" end="25" condition="true">Conditional</animation>
						<texture border="1,0,0,10" flipy="true">views/videoinfo-separator.png</texture>
					</control>
					<control type="label">
						<left>5</left>
						<width>165</width>
						<height>29</height>
						<font>FullMediaInfoFont</font>
						<aligny>center</aligny>
						<textcolor>MediaInfoItemColor</textcolor>
						<shadowcolor>ShadowColor</shadowcolor>
						<label>[UPPERCASE]$INFO[ListItem.Label][/UPPERCASE]</label>
					</control>
					<control type="label">
						<left>179</left>
						<width>533</width>
						<height>29</height>
						<font>FullMediaInfoFont2</font>
						<aligny>center</aligny>
						<textcolor>MediaInfoItemColor2</textcolor>
						<shadowcolor>ShadowColor</shadowcolor>
						<label fallback="31000">$INFO[ListItem.Label2]</label>
					</control>
				</focusedlayout>
				<content>
					<item>
						<label>$LOCALIZE[20339]</label>
						<label2>$INFO[Container(100).ListItem.Property(Director)]</label2>
						<onclick>noop</onclick>
						<visible>!IsEmpty(Container(100).ListItem.Property(Director))</visible>
					</item>
					<item>
						<label>$LOCALIZE[20417]</label>
						<label2>$INFO[Container(100).ListItem.Property(Writer)]</label2>
						<onclick>noop</onclick>
						<visible>!IsEmpty(Container(100).ListItem.Property(Writer))</visible>
					</item>
					<item>
						<label>$LOCALIZE[572]</label>
						<label2>$INFO[Container(100).ListItem.Property(Studio)]</label2>
						<onclick>noop</onclick>
						<visible>!IsEmpty(Container(100).ListItem.Property(Studio))</visible>
					</item>
					<item>
						<label>$LOCALIZE[562]</label>
						<label2>$INFO[Container(100).ListItem.Property(Year)]</label2>
						<onclick>noop</onclick>
						<visible>!IsEmpty(Container(100).ListItem.Property(Year))</visible>
					</item>
					<item>
						<label>$LOCALIZE[2050]</label>
						<label2>$INFO[Container(100).ListItem.Property(Duration),, $LOCALIZE[12391]]</label2>
						<onclick>noop</onclick>
						<visible>!IsEmpty(Container(100).ListItem.Property(Duration)) + !SubString(Container(100).ListItem.Property(Duration),min)</visible>
					</item>
					<item>
						<label>$LOCALIZE[2050]</label>
						<label2>$INFO[Container(100).ListItem.Property(Duration)]</label2>
						<onclick>noop</onclick>
						<visible>!IsEmpty(Container(100).ListItem.Property(Duration)) + SubString(Container(100).ListItem.Property(Duration),min)</visible>
					</item>
					<item>
						<label>$LOCALIZE[563]</label>
						<label2>$INFO[Container(100).ListItem.Property(Rating)]</label2>
						<onclick>noop</onclick>
						<visible>!IsEmpty(Container(100).ListItem.Property(Rating))</visible>
					</item>
					<item>
						<label>$LOCALIZE[20074]</label>
						<label2>$INFO[Container(100).ListItem.Property(Mpaa)]</label2>
						<onclick>noop</onclick>
						<visible>!IsEmpty(Container(100).ListItem.Property(Mpaa))</visible>
					</item>
					<item>
						<label>$LOCALIZE[573]</label>
						<label2>$INFO[Container(100).ListItem.Property(Path)]</label2>
						<onclick>noop</onclick>
						<visible>!IsEmpty(Container(100).ListItem.Property(Path))</visible>
					</item>
				</content>
			</control>
			
			<control type="list" id="120">
				<left>465</left>
				<top>219</top>
				<width>720</width>
				<height>233</height>
				<pagecontrol>-</pagecontrol>
				<itemlayout width="720" height="29">
					<control type="image">
						<top>27</top>
						<left>5</left>
						<width>710</width>
						<height>2</height>
						<animation effect="fade" end="30" condition="true">Conditional</animation>
						<texture>views/videoinfo-separator.png</texture>
					</control>
					<control type="image">
						<left>170</left>
						<width>1</width>
						<height>32</height>
						<animation effect="fade" end="25" condition="true">Conditional</animation>
						<texture border="1,0,0,10" flipy="true">views/videoinfo-separator.png</texture>
					</control>
					<control type="label">
						<left>5</left>
						<width>165</width>
						<height>29</height>
						<font>FullMediaInfoFont</font>
						<aligny>center</aligny>
						<textcolor>MediaInfoItemColor</textcolor>
						<shadowcolor>ShadowColor</shadowcolor>
						<label>[UPPERCASE]$INFO[ListItem.Label][/UPPERCASE]</label>
					</control>
					<control type="label">
						<left>179</left>
						<width>533</width>
						<height>29</height>
						<font>FullMediaInfoFont2</font>
						<aligny>center</aligny>
						<textcolor>MediaInfoItemColor2</textcolor>
						<shadowcolor>ShadowColor</shadowcolor>
						<label fallback="31000">$INFO[ListItem.Label2]</label>
					</control>
				</itemlayout>	
				<focusedlayout width="720" height="29">
					<control type="image">
						<top>27</top>
						<left>5</left>
						<width>710</width>
						<height>2</height>
						<animation effect="fade" end="30" condition="true">Conditional</animation>
						<texture>views/videoinfo-separator.png</texture>
					</control>
					<control type="image">
						<left>170</left>
						<width>1</width>
						<height>32</height>
						<animation effect="fade" end="25" condition="true">Conditional</animation>
						<texture border="1,0,0,10" flipy="true">views/videoinfo-separator.png</texture>
					</control>
					<control type="label">
						<left>5</left>
						<width>165</width>
						<height>29</height>
						<font>FullMediaInfoFont</font>
						<aligny>center</aligny>
						<textcolor>MediaInfoItemColor</textcolor>
						<shadowcolor>ShadowColor</shadowcolor>
						<label>[UPPERCASE]$INFO[ListItem.Label][/UPPERCASE]</label>
					</control>
					<control type="label">
						<left>179</left>
						<width>533</width>
						<height>29</height>
						<font>FullMediaInfoFont2</font>
						<aligny>center</aligny>
						<textcolor>MediaInfoItemColor2</textcolor>
						<shadowcolor>ShadowColor</shadowcolor>
						<label fallback="31000">$INFO[ListItem.Label2]</label>
					</control>
				</focusedlayout>
				<content>
					<item>
						<label>$LOCALIZE[20360]</label>
						<label2>$INFO[Container(100).ListItem.Property(Episode)]</label2>
						<onclick>noop</onclick>
						<visible>!IsEmpty(Container(100).ListItem.Property(Episode))</visible>
					</item>
					<item>
						<label>$LOCALIZE[20416]</label>
						<label2>$INFO[Container(100).ListItem.Property(Premiered)]</label2>
						<onclick>noop</onclick>
						<visible>!IsEmpty(Container(100).ListItem.Property(Premiered))</visible>
					</item>
					<item>
						<label>$LOCALIZE[572]</label>
						<label2>$INFO[Container(100).ListItem.Property(Studio)]</label2>
						<onclick>noop</onclick>
						<visible>!IsEmpty(Container(100).ListItem.Property(Studio))</visible>
					</item>
					<item>
						<label>$LOCALIZE[562]</label>
						<label2>$INFO[Container(100).ListItem.Property(Year)]</label2>
						<onclick>noop</onclick>
						<visible>!IsEmpty(Container(100).ListItem.Property(Year))</visible>
					</item>
					<item>
						<label>$LOCALIZE[563]</label>
						<label2>$INFO[Container(100).ListItem.Property(Rating)]</label2>
						<onclick>noop</onclick>
						<visible>!IsEmpty(Container(100).ListItem.Property(Rating))</visible>
					</item>
					<item>
						<label>$LOCALIZE[20074]</label>
						<label2>$INFO[Container(100).ListItem.Property(Mpaa)]</label2>
						<onclick>noop</onclick>
						<visible>!IsEmpty(Container(100).ListItem.Property(Mpaa))</visible>
					</item>
					<item>
						<label>$LOCALIZE[567]</label>
						<label2>$INFO[Container(100).ListItem.Property(Playcount)]</label2>
						<onclick>noop</onclick>
						<visible>!IsEmpty(Container(100).ListItem.Property(Playcount))</visible>
					</item>
					<item>
						<label>$LOCALIZE[573]</label>
						<label2>$INFO[Container(100).ListItem.Property(Path)]</label2>
						<onclick>noop</onclick>
						<visible>!IsEmpty(Container(100).ListItem.Property(Path))</visible>
					</item>
				</content>
			</control>
			
			<control type="list" id="130">
				<left>465</left>
				<top>219</top>
				<width>720</width>
				<height>233</height>
				<pagecontrol>-</pagecontrol>
				<itemlayout width="720" height="29">
					<control type="image">
						<top>27</top>
						<left>5</left>
						<width>710</width>
						<height>2</height>
						<animation effect="fade" end="30" condition="true">Conditional</animation>
						<texture>views/videoinfo-separator.png</texture>
					</control>
					<control type="image">
						<left>170</left>
						<width>1</width>
						<height>32</height>
						<animation effect="fade" end="25" condition="true">Conditional</animation>
						<texture border="1,0,0,10" flipy="true">views/videoinfo-separator.png</texture>
					</control>
					<control type="label">
						<left>5</left>
						<width>165</width>
						<height>29</height>
						<font>FullMediaInfoFont</font>
						<aligny>center</aligny>
						<textcolor>MediaInfoItemColor</textcolor>
						<shadowcolor>ShadowColor</shadowcolor>
						<label>[UPPERCASE]$INFO[ListItem.Label][/UPPERCASE]</label>
					</control>
					<control type="label">
						<left>179</left>
						<width>533</width>
						<height>29</height>
						<font>FullMediaInfoFont2</font>
						<aligny>center</aligny>
						<textcolor>MediaInfoItemColor2</textcolor>
						<shadowcolor>ShadowColor</shadowcolor>
						<label fallback="31000">$INFO[ListItem.Label2]</label>
					</control>
				</itemlayout>	
				<focusedlayout width="720" height="29">
					<control type="image">
						<top>27</top>
						<left>5</left>
						<width>710</width>
						<height>2</height>
						<animation effect="fade" end="30" condition="true">Conditional</animation>
						<texture>views/videoinfo-separator.png</texture>
					</control>
					<control type="image">
						<left>170</left>
						<width>1</width>
						<height>32</height>
						<animation effect="fade" end="25" condition="true">Conditional</animation>
						<texture border="1,0,0,10" flipy="true">views/videoinfo-separator.png</texture>
					</control>
					<control type="label">
						<left>5</left>
						<width>165</width>
						<height>29</height>
						<font>FullMediaInfoFont</font>
						<aligny>center</aligny>
						<textcolor>MediaInfoItemColor</textcolor>
						<shadowcolor>ShadowColor</shadowcolor>
						<label>[UPPERCASE]$INFO[ListItem.Label][/UPPERCASE]</label>
					</control>
					<control type="label">
						<left>179</left>
						<width>533</width>
						<height>29</height>
						<font>FullMediaInfoFont2</font>
						<aligny>center</aligny>
						<textcolor>MediaInfoItemColor2</textcolor>
						<shadowcolor>ShadowColor</shadowcolor>
						<label fallback="31000">$INFO[ListItem.Label2]</label>
					</control>
				</focusedlayout>
				<content>
					<item>
						<label>$LOCALIZE[20360]</label>
						<label2>$INFO[Container(100).ListItem.Property(Episode)]</label2>
						<onclick>noop</onclick>
						<visible>!IsEmpty(Container(100).ListItem.Property(Episode))</visible>
					</item>
					<item>
						<label>$LOCALIZE[567]</label>
						<label2>$INFO[Container(100).ListItem.Property(Playcount)]</label2>
						<onclick>noop</onclick>
						<visible>!IsEmpty(Container(100).ListItem.Property(Playcount))</visible>
					</item>
					<item>
						<label>$LOCALIZE[573]</label>
						<label2>$INFO[Container(100).ListItem.Property(Path)]</label2>
						<onclick>noop</onclick>
						<visible>!IsEmpty(Container(100).ListItem.Property(Path))</visible>
					</item>
				</content>
			</control>
			
			<control type="list" id="140">
				<left>505</left>
				<top>219</top>
				<width>720</width>
				<height>233</height>
				<pagecontrol>-</pagecontrol>
				<itemlayout width="720" height="29">
					<control type="image">
						<top>27</top>
						<left>5</left>
						<width>710</width>
						<height>2</height>
						<animation effect="fade" end="30" condition="true">Conditional</animation>
						<texture>views/videoinfo-separator.png</texture>
					</control>
					<control type="image">
						<left>170</left>
						<width>1</width>
						<height>32</height>
						<animation effect="fade" end="25" condition="true">Conditional</animation>
						<texture border="1,0,0,10" flipy="true">views/videoinfo-separator.png</texture>
					</control>
					<control type="label">
						<left>5</left>
						<width>165</width>
						<height>29</height>
						<font>FullMediaInfoFont</font>
						<aligny>center</aligny>
						<textcolor>MediaInfoItemColor</textcolor>
						<shadowcolor>ShadowColor</shadowcolor>
						<label>[UPPERCASE]$INFO[ListItem.Label][/UPPERCASE]</label>
					</control>
					<control type="label">
						<left>179</left>
						<width>533</width>
						<height>29</height>
						<font>FullMediaInfoFont2</font>
						<aligny>center</aligny>
						<textcolor>MediaInfoItemColor2</textcolor>
						<shadowcolor>ShadowColor</shadowcolor>
						<label fallback="31000">$INFO[ListItem.Label2]</label>
					</control>
				</itemlayout>	
				<focusedlayout width="720" height="29">
					<control type="image">
						<top>27</top>
						<left>5</left>
						<width>710</width>
						<height>2</height>
						<animation effect="fade" end="30" condition="true">Conditional</animation>
						<texture>views/videoinfo-separator.png</texture>
					</control>
					<control type="image">
						<left>170</left>
						<width>1</width>
						<height>32</height>
						<animation effect="fade" end="25" condition="true">Conditional</animation>
						<texture border="1,0,0,10" flipy="true">views/videoinfo-separator.png</texture>
					</control>
					<control type="label">
						<left>5</left>
						<width>165</width>
						<height>29</height>
						<font>FullMediaInfoFont</font>
						<aligny>center</aligny>
						<textcolor>MediaInfoItemColor</textcolor>
						<shadowcolor>ShadowColor</shadowcolor>
						<label>[UPPERCASE]$INFO[ListItem.Label][/UPPERCASE]</label>
					</control>
					<control type="label">
						<left>179</left>
						<width>533</width>
						<height>29</height>
						<font>FullMediaInfoFont2</font>
						<aligny>center</aligny>
						<textcolor>MediaInfoItemColor2</textcolor>
						<shadowcolor>ShadowColor</shadowcolor>
						<label fallback="31000">$INFO[ListItem.Label2]</label>
					</control>
				</focusedlayout>
				<content>
					<item>
						<label>$LOCALIZE[20373]</label>
						<label2>$INFO[Container(100).ListItem.Property(Season)]</label2>
						<onclick>noop</onclick>
						<visible>!IsEmpty(Container(100).ListItem.Property(Season))</visible>
					</item>
					<item>
						<label>$LOCALIZE[36906]</label>
						<label2>$INFO[Container(100).ListItem.Property(Episode)]</label2>
						<onclick>noop</onclick>
						<visible>!IsEmpty(Container(100).ListItem.Property(Episode))</visible>
					</item>
					<item>
						<label>$LOCALIZE[20339]</label>
						<label2>$INFO[Container(100).ListItem.Property(Director)]</label2>
						<onclick>noop</onclick>
						<visible>!IsEmpty(Container(100).ListItem.Property(Director))</visible>
					</item>
					<item>
						<label>$LOCALIZE[20416]</label>
						<label2>$INFO[Container(100).ListItem.Property(Premiered)]</label2>
						<onclick>noop</onclick>
						<visible>!IsEmpty(Container(100).ListItem.Property(Premiered))</visible>
					</item>
					<item>
						<label>$LOCALIZE[2050]</label>
						<label2>$INFO[Container(100).ListItem.Property(Duration),, $LOCALIZE[12391]]</label2>
						<onclick>noop</onclick>
						<visible>!IsEmpty(Container(100).ListItem.Property(Duration)) + !SubString(Container(100).ListItem.Property(Duration),min)</visible>
					</item>
					<item>
						<label>$LOCALIZE[2050]</label>
						<label2>$INFO[Container(100).ListItem.Property(Duration)]</label2>
						<onclick>noop</onclick>
						<visible>!IsEmpty(Container(100).ListItem.Property(Duration)) + SubString(Container(100).ListItem.Property(Duration),min)</visible>
					</item>
					<item>
						<label>$LOCALIZE[563]</label>
						<label2>$INFO[Container(100).ListItem.Property(Rating)]</label2>
						<onclick>noop</onclick>
						<visible>!IsEmpty(Container(100).ListItem.Property(Rating))</visible>
					</item>
					<item>
						<label>$LOCALIZE[567]</label>
						<label2>$INFO[Container(100).ListItem.Property(Playcount)]</label2>
						<onclick>noop</onclick>
						<visible>!IsEmpty(Container(100).ListItem.Property(Playcount))</visible>
					</item>
					<item>
						<label>$LOCALIZE[573]</label>
						<label2>$INFO[Container(100).ListItem.Property(Path)]</label2>
						<onclick>noop</onclick>
						<visible>!IsEmpty(Container(100).ListItem.Property(Path))</visible>
					</item>
				</content>
			</control>
			
			<control type="list" id="150">
				<left>505</left>
				<top>219</top>
				<width>720</width>
				<height>233</height>
				<pagecontrol>-</pagecontrol>
				<itemlayout width="720" height="29">
					<control type="image">
						<top>27</top>
						<left>5</left>
						<width>710</width>
						<height>2</height>
						<animation effect="fade" end="30" condition="true">Conditional</animation>
						<texture>views/videoinfo-separator.png</texture>
					</control>
					<control type="image">
						<left>170</left>
						<width>1</width>
						<height>32</height>
						<animation effect="fade" end="25" condition="true">Conditional</animation>
						<texture border="1,0,0,10" flipy="true">views/videoinfo-separator.png</texture>
					</control>
					<control type="label">
						<left>5</left>
						<width>165</width>
						<height>29</height>
						<font>FullMediaInfoFont</font>
						<aligny>center</aligny>
						<textcolor>MediaInfoItemColor</textcolor>
						<shadowcolor>ShadowColor</shadowcolor>
						<label>[UPPERCASE]$INFO[ListItem.Label][/UPPERCASE]</label>
					</control>
					<control type="label">
						<left>179</left>
						<width>533</width>
						<height>29</height>
						<font>FullMediaInfoFont2</font>
						<aligny>center</aligny>
						<textcolor>MediaInfoItemColor2</textcolor>
						<shadowcolor>ShadowColor</shadowcolor>
						<label fallback="31000">$INFO[ListItem.Label2]</label>
					</control>
				</itemlayout>	
				<focusedlayout width="720" height="29">
					<control type="image">
						<top>27</top>
						<left>5</left>
						<width>710</width>
						<height>2</height>
						<animation effect="fade" end="30" condition="true">Conditional</animation>
						<texture>views/videoinfo-separator.png</texture>
					</control>
					<control type="image">
						<left>170</left>
						<width>1</width>
						<height>32</height>
						<animation effect="fade" end="25" condition="true">Conditional</animation>
						<texture border="1,0,0,10" flipy="true">views/videoinfo-separator.png</texture>
					</control>
					<control type="label">
						<left>5</left>
						<width>165</width>
						<height>29</height>
						<font>FullMediaInfoFont</font>
						<aligny>center</aligny>
						<textcolor>MediaInfoItemColor</textcolor>
						<shadowcolor>ShadowColor</shadowcolor>
						<label>[UPPERCASE]$INFO[ListItem.Label][/UPPERCASE]</label>
					</control>
					<control type="label">
						<left>179</left>
						<width>533</width>
						<height>29</height>
						<font>FullMediaInfoFont2</font>
						<aligny>center</aligny>
						<textcolor>MediaInfoItemColor2</textcolor>
						<shadowcolor>ShadowColor</shadowcolor>
						<label fallback="31000">$INFO[ListItem.Label2]</label>
					</control>
				</focusedlayout>
				<content>
					<item>
						<label>$LOCALIZE[557]</label>
						<label2>$INFO[Container(100).ListItem.Property(Artist)]</label2>
						<onclick>noop</onclick>
						<visible>!IsEmpty(Container(100).ListItem.Property(Artist))</visible>
					</item>
					<item>
						<label>$LOCALIZE[558]</label>
						<label2>$INFO[Container(100).ListItem.Property(Album)]</label2>
						<onclick>noop</onclick>
						<visible>!IsEmpty(Container(100).ListItem.Property(Album))</visible>
					</item>
					<item>
						<label>$LOCALIZE[20339]</label>
						<label2>$INFO[Container(100).ListItem.Property(Director)]</label2>
						<onclick>noop</onclick>
						<visible>!IsEmpty(Container(100).ListItem.Property(Director))</visible>
					</item>
					<item>
						<label>$LOCALIZE[572]</label>
						<label2>$INFO[Container(100).ListItem.Property(Studio)]</label2>
						<onclick>noop</onclick>
						<visible>!IsEmpty(Container(100).ListItem.Property(Studio))</visible>
					</item>
					<item>
						<label>$LOCALIZE[562]</label>
						<label2>$INFO[Container(100).ListItem.Property(Year)]</label2>
						<onclick>noop</onclick>
						<visible>!IsEmpty(Container(100).ListItem.Property(Year))</visible>
					</item>
					<item>
						<label>$LOCALIZE[2050]</label>
						<label2>$INFO[Container(100).ListItem.Property(Duration)]</label2>
						<onclick>noop</onclick>
						<visible>!IsEmpty(Container(100).ListItem.Property(Duration))</visible>
					</item>
					<item>
						<label>$LOCALIZE[567]</label>
						<label2>$INFO[Container(100).ListItem.Property(Playcount)]</label2>
						<onclick>noop</onclick>
						<visible>!IsEmpty(Container(100).ListItem.Property(Playcount))</visible>
					</item>
					<item>
						<label>$LOCALIZE[573]</label>
						<label2>$INFO[Container(100).ListItem.Property(Path)]</label2>
						<onclick>noop</onclick>
						<visible>!IsEmpty(Container(100).ListItem.Property(Path))</visible>
					</item>
				</content>
			</control>
			
			<control type="list" id="160">
				<left>465</left>
				<top>199</top>
				<width>720</width>
				<height>249</height>
				<pagecontrol>-</pagecontrol>
				<itemlayout width="720" height="31">
					<control type="image">
						<top>29</top>
						<left>5</left>
						<width>710</width>
						<height>2</height>
						<animation effect="fade" end="30" condition="true">Conditional</animation>
						<texture>views/videoinfo-separator.png</texture>
					</control>
					<control type="image">
						<left>170</left>
						<width>1</width>
						<height>34</height>
						<animation effect="fade" end="25" condition="true">Conditional</animation>
						<texture border="1,0,0,10" flipy="true">views/videoinfo-separator.png</texture>
					</control>
					<control type="label">
						<left>5</left>
						<width>165</width>
						<height>31</height>
						<font>FullMediaInfoFont</font>
						<aligny>center</aligny>
						<textcolor>MediaInfoItemColor</textcolor>
						<shadowcolor>ShadowColor</shadowcolor>
						<label>[UPPERCASE]$INFO[ListItem.Label][/UPPERCASE]</label>
					</control>
					<control type="label">
						<left>179</left>
						<width>533</width>
						<height>31</height>
						<font>FullMediaInfoFont2</font>
						<aligny>center</aligny>
						<textcolor>MediaInfoItemColor2</textcolor>
						<shadowcolor>ShadowColor</shadowcolor>
						<label fallback="31000">$INFO[ListItem.Label2]</label>
					</control>
				</itemlayout>	
				<focusedlayout width="720" height="31">
					<control type="image">
						<top>29</top>
						<left>5</left>
						<width>710</width>
						<height>2</height>
						<animation effect="fade" end="30" condition="true">Conditional</animation>
						<texture>views/videoinfo-separator.png</texture>
					</control>
					<control type="image">
						<left>170</left>
						<width>1</width>
						<height>34</height>
						<animation effect="fade" end="25" condition="true">Conditional</animation>
						<texture border="1,0,0,10" flipy="true">views/videoinfo-separator.png</texture>
					</control>
					<control type="label">
						<left>5</left>
						<width>165</width>
						<height>31</height>
						<font>FullMediaInfoFont</font>
						<aligny>center</aligny>
						<textcolor>MediaInfoItemColor</textcolor>
						<shadowcolor>ShadowColor</shadowcolor>
						<label>[UPPERCASE]$INFO[ListItem.Label][/UPPERCASE]</label>
					</control>
					<control type="label">
						<left>179</left>
						<width>533</width>
						<height>31</height>
						<font>FullMediaInfoFont2</font>
						<aligny>center</aligny>
						<textcolor>MediaInfoItemColor2</textcolor>
						<shadowcolor>ShadowColor</shadowcolor>
						<label fallback="31000">$INFO[ListItem.Label2]</label>
					</control>
				</focusedlayout>
				<content>
					<item>
						<label>$LOCALIZE[21893]</label>
						<label2>$INFO[Container(100).ListItem.Property(Artist_Born)]</label2>
						<onclick>noop</onclick>
						<visible>!IsEmpty(Container(100).ListItem.Property(Artist_Born))</visible>
					</item>
					<item>
						<label>$LOCALIZE[21894]</label>
						<label2>$INFO[Container(100).ListItem.Property(Artist_Formed)]</label2>
						<onclick>noop</onclick>
						<visible>!IsEmpty(Container(100).ListItem.Property(Artist_Formed))</visible>
					</item>
					<item>
						<label>$LOCALIZE[21897]</label>
						<label2>$INFO[Container(100).ListItem.Property(Artist_Died)]</label2>
						<onclick>noop</onclick>
						<visible>!IsEmpty(Container(100).ListItem.Property(Artist_Died))</visible>
					</item>
					<item>
						<label>$LOCALIZE[21896]</label>
						<label2>$INFO[Container(100).ListItem.Property(Artist_Disbanded)]</label2>
						<onclick>noop</onclick>
						<visible>!IsEmpty(Container(100).ListItem.Property(Artist_Disbanded))</visible>
					</item>
					<item>
						<label>$LOCALIZE[21898]</label>
						<label2>$INFO[Container(100).ListItem.Property(Artist_YearsActive)]</label2>
						<onclick>noop</onclick>
						<visible>!IsEmpty(Container(100).ListItem.Property(Artist_YearsActive))</visible>
					</item>
					<item>
						<label>$LOCALIZE[175]</label>
						<label2>$INFO[Container(100).ListItem.Property(Artist_Mood)]</label2>
						<onclick>noop</onclick>
						<visible>!IsEmpty(Container(100).ListItem.Property(Artist_Mood))</visible>
					</item>
					<item>
						<label>$LOCALIZE[176]</label>
						<label2>$INFO[Container(100).ListItem.Property(Artist_Style)]</label2>
						<onclick>noop</onclick>
						<visible>!IsEmpty(Container(100).ListItem.Property(Artist_Style))</visible>
					</item>
					<item>
						<label>$LOCALIZE[573]</label>
						<label2>$INFO[Container(100).ListItem.Property(Path)]</label2>
						<onclick>noop</onclick>
						<visible>!IsEmpty(Container(100).ListItem.Property(Path))</visible>
					</item>
				</content>
			</control>
			
			<control type="list" id="170">
				<left>465</left>
				<top>199</top>
				<width>720</width>
				<height>249</height>
				<pagecontrol>-</pagecontrol>
				<itemlayout width="720" height="31">
					<control type="image">
						<top>29</top>
						<left>5</left>
						<width>710</width>
						<height>2</height>
						<animation effect="fade" end="30" condition="true">Conditional</animation>
						<texture>views/videoinfo-separator.png</texture>
					</control>
					<control type="image">
						<left>170</left>
						<width>1</width>
						<height>34</height>
						<animation effect="fade" end="25" condition="true">Conditional</animation>
						<texture border="1,0,0,10" flipy="true">views/videoinfo-separator.png</texture>
					</control>
					<control type="label">
						<left>5</left>
						<width>165</width>
						<height>31</height>
						<font>FullMediaInfoFont</font>
						<aligny>center</aligny>
						<textcolor>MediaInfoItemColor</textcolor>
						<shadowcolor>ShadowColor</shadowcolor>
						<label>[UPPERCASE]$INFO[ListItem.Label][/UPPERCASE]</label>
					</control>
					<control type="label">
						<left>179</left>
						<width>533</width>
						<height>31</height>
						<font>FullMediaInfoFont2</font>
						<aligny>center</aligny>
						<textcolor>MediaInfoItemColor2</textcolor>
						<shadowcolor>ShadowColor</shadowcolor>
						<label fallback="31000">$INFO[ListItem.Label2]</label>
					</control>
				</itemlayout>	
				<focusedlayout width="720" height="31">
					<control type="image">
						<top>29</top>
						<left>5</left>
						<width>710</width>
						<height>2</height>
						<animation effect="fade" end="30" condition="true">Conditional</animation>
						<texture>views/videoinfo-separator.png</texture>
					</control>
					<control type="image">
						<left>170</left>
						<width>1</width>
						<height>34</height>
						<animation effect="fade" end="25" condition="true">Conditional</animation>
						<texture border="1,0,0,10" flipy="true">views/videoinfo-separator.png</texture>
					</control>
					<control type="label">
						<left>5</left>
						<width>165</width>
						<height>31</height>
						<font>FullMediaInfoFont</font>
						<aligny>center</aligny>
						<textcolor>MediaInfoItemColor</textcolor>
						<shadowcolor>ShadowColor</shadowcolor>
						<label>[UPPERCASE]$INFO[ListItem.Label][/UPPERCASE]</label>
					</control>
					<control type="label">
						<left>179</left>
						<width>533</width>
						<height>31</height>
						<font>FullMediaInfoFont2</font>
						<aligny>center</aligny>
						<textcolor>MediaInfoItemColor2</textcolor>
						<shadowcolor>ShadowColor</shadowcolor>
						<label fallback="31000">$INFO[ListItem.Label2]</label>
					</control>
				</focusedlayout>
				<content>
					<item>
						<label>$LOCALIZE[557]</label>
						<label2>$INFO[Container(100).ListItem.Property(Artist)]</label2>
						<onclick>noop</onclick>
						<visible>!IsEmpty(Container(100).ListItem.Property(Artist))</visible>
					</item>
					<item>
						<label>$LOCALIZE[562]</label>
						<label2>$INFO[Container(100).ListItem.Property(Year)]</label2>
						<onclick>noop</onclick>
						<visible>!IsEmpty(Container(100).ListItem.Property(Year))</visible>
					</item>
					<item>
						<label>$LOCALIZE[21899]</label>
						<label2>$INFO[Container(100).ListItem.Property(Album_Label)]</label2>
						<onclick>noop</onclick>
						<visible>!IsEmpty(Container(100).ListItem.Property(Album_Label))</visible>
					</item>
					<item>
						<label>$LOCALIZE[563]</label>
						<label2>$INFO[Container(100).ListItem.Property(Album_Rating)]</label2>
						<onclick>noop</onclick>
						<visible>!IsEmpty(Container(100).ListItem.Property(Rating))</visible>
					</item>
					<item>
						<label>$LOCALIZE[175]</label>
						<label2>$INFO[Container(100).ListItem.Property(Album_Mood)]</label2>
						<onclick>noop</onclick>
						<visible>!IsEmpty(Container(100).ListItem.Property(Album_Mood))</visible>
					</item>
					<item>
						<label>$LOCALIZE[176]</label>
						<label2>$INFO[Container(100).ListItem.Property(Album_Style)]</label2>
						<onclick>noop</onclick>
						<visible>!IsEmpty(Container(100).ListItem.Property(Album_Style))</visible>
					</item>
					<item>
						<label>$LOCALIZE[21895]</label>
						<label2>$INFO[Container(100).ListItem.Property(Album_Theme)]</label2>
						<onclick>noop</onclick>
						<visible>!IsEmpty(Container(100).ListItem.Property(Album_Theme))</visible>
					</item>
					<item>
						<label>$LOCALIZE[146]</label>
						<label2>$INFO[Container(100).ListItem.Property(Album_Type)]</label2>
						<onclick>noop</onclick>
						<visible>!IsEmpty(Container(100).ListItem.Property(Album_Type))</visible>
					</item>
					<item>
						<label>$LOCALIZE[573]</label>
						<label2>$INFO[Container(100).ListItem.Property(Path)]</label2>
						<onclick>noop</onclick>
						<visible>!IsEmpty(Container(100).ListItem.Property(Path))</visible>
					</item>
				</content>
			</control>
			
			<control type="list" id="180">
				<left>465</left>
				<top>199</top>
				<width>720</width>
				<height>249</height>
				<pagecontrol>-</pagecontrol>
				<itemlayout width="720" height="31">
					<control type="image">
						<top>29</top>
						<left>5</left>
						<width>710</width>
						<height>2</height>
						<animation effect="fade" end="30" condition="true">Conditional</animation>
						<texture>views/videoinfo-separator.png</texture>
					</control>
					<control type="image">
						<left>170</left>
						<width>1</width>
						<height>34</height>
						<animation effect="fade" end="25" condition="true">Conditional</animation>
						<texture border="1,0,0,10" flipy="true">views/videoinfo-separator.png</texture>
					</control>
					<control type="label">
						<left>5</left>
						<width>165</width>
						<height>31</height>
						<font>FullMediaInfoFont</font>
						<aligny>center</aligny>
						<textcolor>MediaInfoItemColor</textcolor>
						<shadowcolor>ShadowColor</shadowcolor>
						<label>[UPPERCASE]$INFO[ListItem.Label][/UPPERCASE]</label>
					</control>
					<control type="label">
						<left>179</left>
						<width>533</width>
						<height>31</height>
						<font>FullMediaInfoFont2</font>
						<aligny>center</aligny>
						<textcolor>MediaInfoItemColor2</textcolor>
						<shadowcolor>ShadowColor</shadowcolor>
						<label fallback="31000">$INFO[ListItem.Label2]</label>
					</control>
				</itemlayout>	
				<focusedlayout width="720" height="31">
					<control type="image">
						<top>29</top>
						<left>5</left>
						<width>710</width>
						<height>2</height>
						<animation effect="fade" end="30" condition="true">Conditional</animation>
						<texture>views/videoinfo-separator.png</texture>
					</control>
					<control type="image">
						<left>170</left>
						<width>1</width>
						<height>34</height>
						<animation effect="fade" end="25" condition="true">Conditional</animation>
						<texture border="1,0,0,10" flipy="true">views/videoinfo-separator.png</texture>
					</control>
					<control type="label">
						<left>5</left>
						<width>165</width>
						<height>31</height>
						<font>FullMediaInfoFont</font>
						<aligny>center</aligny>
						<textcolor>MediaInfoItemColor</textcolor>
						<shadowcolor>ShadowColor</shadowcolor>
						<label>[UPPERCASE]$INFO[ListItem.Label][/UPPERCASE]</label>
					</control>
					<control type="label">
						<left>179</left>
						<width>533</width>
						<height>31</height>
						<font>FullMediaInfoFont2</font>
						<aligny>center</aligny>
						<textcolor>MediaInfoItemColor2</textcolor>
						<shadowcolor>ShadowColor</shadowcolor>
						<label fallback="31000">$INFO[ListItem.Label2]</label>
					</control>
				</focusedlayout>
				<content>
					<item>
						<label>$LOCALIZE[557]</label>
						<label2>$INFO[Container(100).ListItem.Property(Artist)]</label2>
						<onclick>noop</onclick>
						<visible>!IsEmpty(Container(100).ListItem.Property(Artist))</visible>
					</item>
					<item>
						<label>$LOCALIZE[558]</label>
						<label2>$INFO[Container(100).ListItem.Property(Album)]</label2>
						<onclick>noop</onclick>
						<visible>!IsEmpty(Container(100).ListItem.Property(Album))</visible>
					</item>
					<item>
						<label>$LOCALIZE[562]</label>
						<label2>$INFO[Container(100).ListItem.Property(Year)]</label2>
						<onclick>noop</onclick>
						<visible>!IsEmpty(Container(100).ListItem.Property(Year))</visible>
					</item>
					<item>
						<label>$LOCALIZE[554]</label>
						<label2>$INFO[Container(100).ListItem.Property(Track)]</label2>
						<onclick>noop</onclick>
						<visible>!IsEmpty(Container(100).ListItem.Property(Track))</visible>
					</item>
					<item>
						<label>$LOCALIZE[2050]</label>
						<label2>$INFO[Container(100).ListItem.Property(Duration),, $LOCALIZE[12391]]</label2>
						<onclick>noop</onclick>
						<visible>!IsEmpty(Container(100).ListItem.Property(Duration)) + !SubString(Container(100).ListItem.Property(Duration),min)</visible>
					</item>
					<item>
						<label>$LOCALIZE[2050]</label>
						<label2>$INFO[Container(100).ListItem.Property(Duration)]</label2>
						<onclick>noop</onclick>
						<visible>!IsEmpty(Container(100).ListItem.Property(Duration)) + SubString(Container(100).ListItem.Property(Duration),min)</visible>
					</item>
					<item>
						<label>$LOCALIZE[563]</label>
						<label2>$INFO[Container(100).ListItem.Property(Rating)]</label2>
						<onclick>noop</onclick>
						<visible>!IsEmpty(Container(100).ListItem.Property(Rating))</visible>
					</item>
					<item>
						<label>$LOCALIZE[567]</label>
						<label2>$INFO[Container(100).ListItem.Property(Playcount)]</label2>
						<onclick>noop</onclick>
						<visible>!IsEmpty(Container(100).ListItem.Property(Playcount))</visible>
					</item>
					<item>
						<label>$LOCALIZE[573]</label>
						<label2>$INFO[Container(100).ListItem.Property(Path)]</label2>
						<onclick>noop</onclick>
						<visible>!IsEmpty(Container(100).ListItem.Property(Path))</visible>
					</item>
				</content>
			</control>
			
			<control type="list" id="200">
				<left>465</left>
				<top>199</top>
				<width>720</width>
				<height>249</height>
				<pagecontrol>-</pagecontrol>
				<itemlayout width="720" height="31">
					<control type="image">
						<top>29</top>
						<left>5</left>
						<width>710</width>
						<height>2</height>
						<animation effect="fade" end="30" condition="true">Conditional</animation>
						<texture>views/videoinfo-separator.png</texture>
					</control>
					<control type="image">
						<left>170</left>
						<width>1</width>
						<height>34</height>
						<animation effect="fade" end="25" condition="true">Conditional</animation>
						<texture border="1,0,0,10" flipy="true">views/videoinfo-separator.png</texture>
					</control>
					<control type="label">
						<left>5</left>
						<width>165</width>
						<height>31</height>
						<font>FullMediaInfoFont</font>
						<aligny>center</aligny>
						<textcolor>MediaInfoItemColor</textcolor>
						<shadowcolor>ShadowColor</shadowcolor>
						<label>[UPPERCASE]$INFO[ListItem.Label][/UPPERCASE]</label>
					</control>
					<control type="label">
						<left>179</left>
						<width>533</width>
						<height>31</height>
						<font>FullMediaInfoFont2</font>
						<aligny>center</aligny>
						<textcolor>MediaInfoItemColor2</textcolor>
						<shadowcolor>ShadowColor</shadowcolor>
						<label fallback="31000">$INFO[ListItem.Label2]</label>
					</control>
				</itemlayout>	
				<focusedlayout width="720" height="31">
					<control type="image">
						<top>29</top>
						<left>5</left>
						<width>710</width>
						<height>2</height>
						<animation effect="fade" end="30" condition="true">Conditional</animation>
						<texture>views/videoinfo-separator.png</texture>
					</control>
					<control type="image">
						<left>170</left>
						<width>1</width>
						<height>34</height>
						<animation effect="fade" end="25" condition="true">Conditional</animation>
						<texture border="1,0,0,10" flipy="true">views/videoinfo-separator.png</texture>
					</control>
					<control type="label">
						<left>5</left>
						<width>165</width>
						<height>31</height>
						<font>FullMediaInfoFont</font>
						<aligny>center</aligny>
						<textcolor>MediaInfoItemColor</textcolor>
						<shadowcolor>ShadowColor</shadowcolor>
						<label>[UPPERCASE]$INFO[ListItem.Label][/UPPERCASE]</label>
					</control>
					<control type="label">
						<left>179</left>
						<width>533</width>
						<height>31</height>
						<font>FullMediaInfoFont2</font>
						<aligny>center</aligny>
						<textcolor>MediaInfoItemColor2</textcolor>
						<shadowcolor>ShadowColor</shadowcolor>
						<label fallback="31000">$INFO[ListItem.Label2]</label>
					</control>
				</focusedlayout>
				<content>
					<item>
						<label>$LOCALIZE[19029]</label>
						<label2>$INFO[Container(100).ListItem.Property(ChannelName)]</label2>
						<onclick>noop</onclick>
						<visible>!IsEmpty(Container(100).ListItem.Property(ChannelName))</visible>
					</item>
					<item>
						<label>$LOCALIZE[31995]</label>
						<label2>$INFO[Container(100).ListItem.Property(ChannelNumber)]</label2>
						<onclick>noop</onclick>
						<visible>!IsEmpty(Container(100).ListItem.Property(ChannelNumber))</visible>
					</item>
					<item>
						<label>$LOCALIZE[19126]</label>
						<label2>$INFO[Container(100).ListItem.Property(StartTime)]</label2>
						<onclick>noop</onclick>
						<visible>!IsEmpty(Container(100).ListItem.Property(StartTime))</visible>
					</item>
					<item>
						<label>$LOCALIZE[19127]</label>
						<label2>$INFO[Container(100).ListItem.Property(EndTime)]</label2>
						<onclick>noop</onclick>
						<visible>!IsEmpty(Container(100).ListItem.Property(EndTime))</visible>
					</item>
					<item>
						<label>$LOCALIZE[180]</label>
						<label2>$INFO[Container(100).ListItem.Property(Duration),, $LOCALIZE[31003]]</label2>
						<onclick>noop</onclick>
						<visible>!IsEmpty(Container(100).ListItem.Property(Duration))</visible>
					</item>
					<item>
						<label>$LOCALIZE[573]</label>
						<label2>$INFO[Container(100).ListItem.Property(Path)]</label2>
						<onclick>noop</onclick>
						<visible>!IsEmpty(Container(100).ListItem.Property(Path))</visible>
					</item>
				</content>
			</control>
			
			<control type="textbox" id="196">
				<left>470</left>
				<top>462</top>
				<width>710</width>
				<height>168</height>
				<font>FullMediaInfoDescFont</font>
				<textcolor>MediaInfoColor</textcolor>
				<shadowcolor>ShadowColor</shadowcolor>
				<align>justify</align>
				<pagecontrol>195</pagecontrol>
				<label fallback="31204">$INFO[Container(100).ListItem.Property(Plot)]</label>
				<include>FSMediaInfoOpenCloseAnim</include>
				<autoscroll time="2000" delay="6000" repeat="10000">true</autoscroll>
				<visible>Control.IsVisible(110) | Control.IsVisible(120) | Control.IsVisible(130)</visible>
			</control>
			
			<control type="textbox" id="196">
				<left>60</left>
				<top>462</top>
				<width>1160</width>
				<height>168</height>
				<font>FullMediaInfoDescFont</font>
				<textcolor>MediaInfoColor</textcolor>
				<shadowcolor>ShadowColor</shadowcolor>
				<align>justify</align>
				<pagecontrol>195</pagecontrol>
				<label fallback="31204">$INFO[Container(100).ListItem.Property(Plot)]</label>
				<include>FSMediaInfoOpenCloseAnim</include>
				<autoscroll time="2000" delay="6000" repeat="10000">true</autoscroll>
				<visible>Control.IsVisible(140) | Control.IsVisible(150)</visible>
			</control>
			
			<control type="textbox" id="196">
				<left>100</left>
				<top>462</top>
				<width>1080</width>
				<height>163</height>
				<font>FullMediaInfoDescFont</font>
				<textcolor>MediaInfoColor</textcolor>
				<shadowcolor>ShadowColor</shadowcolor>
				<align>justify</align>
				<pagecontrol>195</pagecontrol>
				<label fallback="31204">$VAR[GlobalSearchDescription]</label>
				<autoscroll time="2000" delay="6000" repeat="10000">true</autoscroll>
				<include>ControlsOpenCloseAnim</include>
				<visible>Control.IsVisible(160) | Control.IsVisible(170) | Control.IsVisible(180) | Control.IsVisible(200)</visible>
			</control>
			
			<control type="group">
				<visible>!IsEmpty(Container(100).ListItem.Property(Studio)) + Control.IsVisible(110)</visible>
				
				<control type="image" id="690">
					<left>246</left>
					<top>650</top>
					<width>58</width>
					<height>35</height>
					<texture border="6">flagging/$VAR[MediaFlagTheme]/flag-bg.png</texture>
					<include>MediaFlagFadeAnim</include>
					<visible>!IsEmpty(Control.GetLabel(691))</visible>
				</control>
						
				<control type="image" id="691">
					<description>Studio Flag</description>
					<left>245</left>
					<top>649</top>
					<width>60</width>
					<height>37</height>
					<aspectratio align="center">keep</aspectratio>
					<texture>studios/$INFO[Container(100).ListItem.Property(Studio)].png</texture>
					<animation effect="fade" end="50" condition="true">Conditional</animation>
				</control>
			</control>
			
			<control type="image">
				<description>Studio</description>
				<left>470</left>
				<top>645</top>
				<width>710</width>
				<height>65</height>
				<aspectratio>keep</aspectratio>
				<align>center</align>
				<!--<fadetime>MediaFlagsCrossfadeTime</fadetime>-->
				<texture>studios/$INFO[Container(100).ListItem.Property(Studio)].png</texture>
				<include>MediaFlagFadeAnim</include>
				<visible>Control.IsVisible(120) | Control.IsVisible(130)</visible>
			</control>
			
			<control type="grouplist">
				<description>Media Flags Area</description>
				<left>470</left>
				<top>650</top>
				<width>608</width>
				<height>60</height>
				<itemgap>5</itemgap>
				<align>left</align>
				<orientation>horizontal</orientation>
				<usecontrolcoords>true</usecontrolcoords>
				<include>MediaFlagFadeAnim</include>
				<include>GlobalSearchVideoSourceMediaFlags</include>
				<include>GlobalSearchVideoCodecMediaFlags</include>
				<include>GlobalSearchAudioMediaFlags</include>
				<include>GlobalSearchAspectMediaFlags</include>
				<include condition="!Skin.HasSetting(HideRatingMediaFlag)">GlobalSearchRatingMediaFlags</include>
				<visible>Control.IsVisible(110)</visible>
			</control>
			
			<control type="grouplist">
				<description>Media Flags Area</description>
				<left>510</left>
				<top>650</top>
				<width>580</width>
				<height>60</height>
				<itemgap>5</itemgap>
				<align>left</align>
				<orientation>horizontal</orientation>
				<usecontrolcoords>true</usecontrolcoords>
				<include>MediaFlagFadeAnim</include>
				<include>GlobalSearchVideoSourceMediaFlags</include>
				<include>GlobalSearchVideoCodecMediaFlags</include>
				<include>GlobalSearchAudioMediaFlags</include>
				<include>GlobalSearchAspectMediaFlags</include>
				<include>GlobalSearchStudioMediaFlag</include>
				<visible>Control.IsVisible(140) | Control.IsVisible(150)</visible>
			</control>
			
			<control type="image">
				<top>651</top>
				<width>1280</width>
				<height>45</height>
				<align>center</align>
				<texture fallback="empty.png">$INFO[Skin.String(MusicLibraryClearLogosPath)]$INFO[Container(100).ListItem.Label,,/logo.png]</texture>
				<aspectratio>keep</aspectratio>
				<visible>Control.IsVisible(160)</visible>
			</control>
			
			<control type="image">
				<top>651</top>
				<width>1280</width>
				<height>45</height>
				<align>center</align>
				<texture fallback="empty.png">$INFO[Skin.String(MusicLibraryClearLogosPath)]$INFO[Container(100).ListItem.Property(Artist),,/logo.png]</texture>
				<aspectratio>keep</aspectratio>
				<visible>Control.IsVisible(170) | Control.IsVisible(180)</visible>
			</control>
			
			<control type="spincontrol" id="195">
				<left>1125</left>
				<top>655</top>
				<width>28</width>
				<height>28</height>
				<spinwidth>30</spinwidth>
				<spinheight>30</spinheight>
				<onup>190</onup>
				<onleft>190</onleft>
				<include>NotificationsOpenCloseAnim</include>
				<visible>!StringCompare(Container(196).NumPages,1)</visible>
			</control>
			
			<control type="group">
				<description>Menu Bar Area</description>
				<top>MenuBarOffsetY</top>
				<include>MenuBarImage</include>
				<include>MenuBarOpenCloseAnim2</include>
				<include>GlobalSearchInfoDialogMenuBar</include>
			</control>
			
			<control type="group">
				<description>Top Bar Area</description>
				<include>TopBarImage</include>
				<include>TopBarOpenCloseAnim</include>
				<include>BreadCrumbGlobalSearch</include>
				<include>Notifications</include>
			</control>
		</control>
	</controls>
</window>
