<?xml version="1.0" encoding="UTF-8"?>
<window type="dialog" id="1102">
	<defaultcontrol always="true">116</defaultcontrol>
	<menucontrol>987</menucontrol>
	<onunload condition="Skin.String(DialogMovieSetInfo,1)">Skin.Reset(DialogMovieSetInfo)</onunload>
	<include>ControlsOpenCloseAnim</include>
	
	<controls>
		<control type="group">
			<visible>!Window.IsActive(script-script.extendedinfo-DialogInfo.xml)</visible>
			<include>FSMediaInfoBackgroundDim2</include>
			
			<control type="group">
				<depth>DepthContent</depth>
				
				<control type="group">
					<left>100</left>
					<top>143</top>
					
					<control type="image">
						<description>Poster Image Background</description>
						<width>336</width>
						<height>500</height>
						<texture border="4">covers/cover-case2.png</texture>
						<aspectratio>stretch</aspectratio>
						<visible>String.IsEmpty(ListItem.Thumb)</visible>
						<animation effect="fade" end="70" condition="true">Conditional</animation>
					</control>
					
					<control type="image">
						<description>Default Poster Image</description>
						<width>336</width>
						<height>500</height>
						<texture>DefaultVideo.png</texture>
						<bordersize>60</bordersize>
						<aspectratio>keep</aspectratio>
						<visible>String.IsEmpty(ListItem.Thumb)</visible>
						<animation effect="fade" end="85" condition="true">Conditional</animation>
					</control>
					
					<control type="image">
						<description>Movies / TV Show Poster Cover Image</description>
						<width>336</width>
						<height>500</height>
						<texture background="true">$VAR[PosterThumb]</texture>
						<bordertexture border="4">covers/cover-case2.png</bordertexture>
						<bordersize>4</bordersize>
						<aspectratio>scale</aspectratio>
						<include>FSMediaInfoOpenCloseAnim</include>
						<visible>!String.IsEmpty(ListItem.Thumb)</visible>
					</control>
					
					<control type="image">
						<description>Watched Overlay</description>
						<top>452</top>
						<left>288</left>
						<width>32</width>
						<height>32</height>
						<texture>OverlayWatched.png</texture>
						<aspectratio>keep</aspectratio>
						<include>FSMediaInfoOpenCloseAnim</include>
						<visible>String.IsEqual(ListItem.Overlay,OverlayWatched.png)</visible>
					</control>
					
					<control type="image">
						<description>UnWatched Overlay</description>
						<top>452</top>
						<left>288</left>
						<width>32</width>
						<height>32</height>
						<texture>OverlayClean.png</texture>
						<aspectratio>keep</aspectratio>
						<include>FSMediaInfoOpenCloseAnim</include>
						<visible>!String.IsEqual(Window(Home).Property(SkinHelper.ListItem.UnWatchedCount),0)</visible>
					</control>
					
					<control type="label">
						<description>Unwatched Label</description>
						<top>452</top>
						<left>288</left>
						<width>32</width>
						<height>32</height>
						<font>ListFont5</font>
						<textcolor>ffebebeb</textcolor>
						<align>center</align>
						<aligny>center</aligny>
						<label>$INFO[Window(Home).Property(SkinHelper.ListItem.UnWatchedCount)]</label>
						<include>FSMediaInfoOpenCloseAnim</include>
						<visible>!String.IsEqual(Window(Home).Property(SkinHelper.ListItem.UnWatchedCount),0) + Integer.IsLessOrEqual(Window(Home).Property(SkinHelper.ListItem.UnWatchedCount),99)</visible>
					</control>
					
					<control type="label">
						<description>Unwatched Label</description>
						<top>452</top>
						<left>288</left>
						<width>32</width>
						<height>32</height>
						<font>ListFont4</font>
						<textcolor>ffebebeb</textcolor>
						<align>center</align>
						<aligny>center</aligny>
						<label>$INFO[Window(Home).Property(SkinHelper.ListItem.UnWatchedCount)]</label>
						<include>FSMediaInfoOpenCloseAnim</include>
						<visible>!String.IsEqual(Window(Home).Property(SkinHelper.ListItem.UnWatchedCount),0) + Integer.IsGreater(Window(Home).Property(SkinHelper.ListItem.UnWatchedCount),99)</visible>
					</control>
				</control>

				<control type="group">
					<left>470</left>
					<top>99</top>
					
					<control type="image">
						<top>-6</top>
						<width>710</width>
						<height>85</height>
						<align>center</align>
						<texture background="true">$INFO[ListItem.Art(clearlogo)]</texture>
						<aspectratio>keep</aspectratio>
						<visible>!String.IsEmpty(ListItem.Art(clearlogo))</visible>
					</control>
					
					<control type="label">
						<description>Title</description>
						<top>32</top>
						<width>710</width>
						<align>center</align>
						<font>FullMediaInfoTitleFont3</font>
						<textcolor>MediaInfoTitleColor</textcolor>
						<shadowcolor>ShadowColor</shadowcolor>
						<label>[UPPERCASE]$INFO[ListItem.Title][/UPPERCASE]</label>
						<scroll>true</scroll>
						<visible>String.IsEmpty(ListItem.Art(clearlogo))</visible>
					</control>
					
					<control type="image">
						<top>80</top>
						<width>710</width>
						<height>2</height>
						<animation effect="fade" end="30" condition="true">Conditional</animation>
						<texture>views/videoinfo-separator.png</texture>
					</control>
					
					<control type="image">
						<top>118</top>
						<width>710</width>
						<height>2</height>
						<animation effect="fade" end="30" condition="true">Conditional</animation>
						<texture>views/videoinfo-separator.png</texture>
					</control>
					
					<control type="image">
						<description>Studio Logo</description>
						<top>546</top>
						<width>710</width>
						<height>65</height>
						<aspectratio>keep</aspectratio>
						<align>center</align>
						<!--<fadetime>MediaFlagsCrossfadeTime</fadetime>-->
						<texture>$INFO[Window(home).Property(SkinHelper.ListItem.Studio),resource://resource.images.studios.white/,.png]</texture>
						<include>MediaFlagFadeAnim</include>
						<visible>!String.IsEmpty(Window(home).Property(SkinHelper.ListItem.Studio))</visible>
					</control>
				</control>
				
				<control type="group">
					<visible>String.IsEmpty(Skin.String(DialogMovieSetInfo))</visible>
					<include>FSMediaInfoOpenCloseAnim</include>
					
					<control type="label">
						<description>Genre</description>
						<left>470</left>
						<top>186</top>
						<width>710</width>
						<align>center</align>
						<font>FullMediaInfoTitleFont2</font>
						<textcolor>MediaInfoTitleColor2</textcolor>
						<shadowcolor>ShadowColor</shadowcolor>
						<label fallback="31000">[UPPERCASE]$INFO[Window(home).Property(SkinHelper.ListItem.Genre)][/UPPERCASE]</label>
					</control>
				
					<control type="list" id="901">
						<left>465</left>
						<top>219</top>
						<width>720</width>
						<height>233</height>
						<onup>987</onup>
						<onleft>987</onleft>
						<onright condition="Control.IsVisible(61)">61</onright>
						<onright condition="!Control.IsVisible(61)">987</onright>
						<ondown condition="Control.IsVisible(61)">61</ondown>
						<oninfo>Dialog.Close(1102)</oninfo>
						<itemlayout height="29">
							<control type="image">
								<top>27</top>
								<left>5</left>
								<width>710</width>
								<height>2</height>
								<animation effect="fade" end="30" condition="true">Conditional</animation>
								<texture>views/videoinfo-separator.png</texture>
							</control>
							<control type="image">
								<left>170</left>
								<width>1</width>
								<height>32</height>
								<animation effect="fade" end="25" condition="true">Conditional</animation>
								<texture border="1,0,0,10" flipy="true">views/videoinfo-separator.png</texture>
							</control>
							<control type="label">
								<left>5</left>
								<width>165</width>
								<height>29</height>
								<font>FullMediaInfoFont</font>
								<aligny>center</aligny>
								<textcolor>MediaInfoItemColor</textcolor>
								<shadowcolor>ShadowColor</shadowcolor>
								<label>[UPPERCASE]$INFO[ListItem.Label][/UPPERCASE]</label>
							</control>
							<control type="label">
								<left>179</left>
								<width>533</width>
								<height>29</height>
								<font>FullMediaInfoFont</font>
								<aligny>center</aligny>
								<textcolor>MediaInfoItemColor2</textcolor>
								<shadowcolor>ShadowColor</shadowcolor>
								<label fallback="31000">$INFO[ListItem.Label2]</label>
							</control>
						</itemlayout>
						<focusedlayout height="29">
							<control type="image">
								<top>27</top>
								<left>5</left>
								<width>710</width>
								<height>2</height>
								<animation effect="fade" end="30" condition="true">Conditional</animation>
								<texture>views/videoinfo-separator.png</texture>
							</control>
							<control type="image">
								<left>170</left>
								<width>1</width>
								<height>32</height>
								<animation effect="fade" end="25" condition="true">Conditional</animation>
								<texture border="1,0,0,10" flipy="true">views/videoinfo-separator.png</texture>
							</control>
							<control type="image">
								<width>720</width>
								<height>29</height>
								<texture border="4">views/list-focus.png</texture>
								<aspectratio>stretch</aspectratio>
								<visible>Control.HasFocus(901)</visible>
								<include>ListViewSelectFadeAnim</include>
								<include condition="![Skin.String(LowCPUPowerMode,Animations) | Skin.String(LowCPUPowerMode,Full)]">MediaInfoListScrollAnim</include>
							</control>
							<control type="label">
								<left>5</left>
								<width>165</width>
								<height>29</height>
								<font>FullMediaInfoFont</font>
								<aligny>center</aligny>
								<textcolor>MediaInfoItemColor</textcolor>
								<shadowcolor>ShadowColor</shadowcolor>
								<label>[UPPERCASE]$INFO[ListItem.Label][/UPPERCASE]</label>
							</control>
							<control type="label">
								<left>179</left>
								<width>533</width>
								<height>29</height>
								<font>FullMediaInfoFont</font>
								<aligny>center</aligny>
								<textcolor>MediaInfoItemColor2</textcolor>
								<shadowcolor>ShadowColor</shadowcolor>
								<label fallback="31000">$INFO[ListItem.Label2]</label>
							</control>
						</focusedlayout>
						<content>
							<item id="1">
								<description>Movies</description>
								<label>$LOCALIZE[342]</label>
								<label2>$INFO[Window(home).Property(SkinHelper.ListItem.Count)]$INFO[Window(home).Property(SkinHelper.ListItem.Totalmovies), / ,]</label2>
								<onclick>Skin.SetString(DialogMovieSetInfo,1)</onclick>
								<onclick>Control.SetFocus(902)</onclick>
							</item>
							<item id="2">
								<description>Director</description>
								<label>$LOCALIZE[20339]</label>
								<label2>$INFO[Window(home).Property(SkinHelper.ListItem.Director)]</label2>
								<onclick condition="System.HasAddon(script.extendedinfo)">RunScript(script.extendedinfo,info=extendedactorinfo,name=$INFO[Window(home).Property(SkinHelper.ListItem.Director)])</onclick>
								<onclick condition="!System.HasAddon(script.extendedinfo)">InstallAddon(script.extendedinfo)</onclick>
							</item>
							<item id="3">
								<description>Writer</description>
								<label>$LOCALIZE[20417]</label>
								<label2>$INFO[Window(home).Property(SkinHelper.ListItem.Writer)]</label2>
								<onclick condition="System.HasAddon(script.extendedinfo)">RunScript(script.extendedinfo,info=extendedactorinfo,name=$INFO[Window(home).Property(SkinHelper.ListItem.Writer)])</onclick>
								<onclick condition="!System.HasAddon(script.extendedinfo)">InstallAddon(script.extendedinfo)</onclick>
							</item>
							<item id="4">
								<description>Year</description>
								<label>$LOCALIZE[345]</label>
								<label2>$INFO[Window(home).Property(SkinHelper.ListItem.Years)]</label2>
							</item>
							<item id="5">
								<description>Runtime</description>
								<label>$LOCALIZE[2050]</label>
								<label2>$VAR[SkinHelperLongDurationVar]</label2>
							</item>
							<item id="6">
								<description>Rating</description>
								<label>$LOCALIZE[563]</label>
								<label2>$INFO[ListItem.Rating]</label2>
							</item>
							<item id="7">
								<description>Studio</description>
								<label>$LOCALIZE[572]</label>
								<label2>$INFO[Window(home).Property(SkinHelper.ListItem.Studio)]</label2>
							</item>
							<item id="8">
								<description>Country</description>
								<label>$LOCALIZE[574]</label>
								<label2>$INFO[Window(home).Property(SkinHelper.ListItem.Country)]</label2>
							</item>
						</content>
					</control>
					
					<control type="textbox" id="903">
						<description>Plot</description>
						<left>470</left>
						<top>462</top>
						<width>710</width>
						<height>168</height>
						<font>FullMediaInfoDescFont</font>
						<textcolor>MediaInfoColor</textcolor>
						<shadowcolor>ShadowColor</shadowcolor>
						<align>justify</align>
						<label>$VAR[MovieSetPlot]</label>
						<pagecontrol>61</pagecontrol>
						<autoscroll time="2000" delay="6000" repeat="10000">true</autoscroll>
					</control>
				</control>
				
				<control type="group">
					<visible>Skin.String(DialogMovieSetInfo,1)</visible>
					<include>FSMediaInfoOpenCloseAnim</include>
					
					<control type="label">
						<description>Movies in Set</description>
						<left>470</left>
						<top>186</top>
						<width>710</width>
						<align>center</align>
						<font>FullMediaInfoTitleFont2</font>
						<textcolor>MediaInfoTitleColor2</textcolor>
						<shadowcolor>ShadowColor</shadowcolor>
						<label fallback="31000">[UPPERCASE]$INFO[Window(home).Property(SkinHelper.ListItem.Count),, $LOCALIZE[342]][/UPPERCASE]</label>
					</control>
					
					<control type="image">
						<left>470</left>
						<top>248</top>
						<width>472</width>
						<height>2</height>
						<animation effect="fade" end="30" condition="true">Conditional</animation>
						<texture>views/videoinfo-separator.png</texture>
					</control>
					
					<control type="list" id="902">
						<left>465</left>
						<top>250</top>
						<width>482</width>
						<height>300</height>
						<onup>987</onup>
						<ondown condition="Control.IsVisible(61)">61</ondown>
						<onleft>987</onleft>
						<onright condition="Control.IsVisible(61)">61</onright>
						<onclick condition="System.HasAddon(script.extendedinfo)">RunScript(script.extendedinfo,info=extendedinfo,name=$INFO[ListItem.Title])</onclick>
						<onclick condition="!System.HasAddon(script.extendedinfo)">InstallAddon(script.extendedinfo)</onclick>
						<pagecontrol>62</pagecontrol>
						<oninfo>Dialog.Close(1102)</oninfo>
						<visible>!String.IsEmpty(ListItem.DBID)</visible>
						<itemlayout height="30">
							<control type="image">
								<top>28</top>
								<left>5</left>
								<width>472</width>
								<height>2</height>
								<animation effect="fade" end="30" condition="true">Conditional</animation>
								<texture>views/videoinfo-separator.png</texture>
							</control>
							<control type="label">
								<left>5</left>
								<width>382</width>
								<height>30</height>
								<font>FullMediaInfoFont</font>
								<aligny>center</aligny>
								<textcolor>MediaInfoItemColor</textcolor>
								<shadowcolor>ShadowColor</shadowcolor>
								<label>[UPPERCASE]$INFO[ListItem.Title][/UPPERCASE]</label>
							</control>
							<control type="label">
								<left>392</left>
								<width>100</width>
								<height>30</height>
								<font>FullMediaInfoFont</font>
								<aligny>center</aligny>
								<textcolor>MediaInfoItemColor2</textcolor>
								<shadowcolor>ShadowColor</shadowcolor>
								<label>$INFO[ListItem.Year]</label>
							</control>
							<control type="image">
								<left>446</left>
								<width>24</width>
								<height>30</height>
								<aligny>center</aligny>
								<texture>$INFO[ListItem.Overlay]</texture>
								<aspectratio>keep</aspectratio>
								<visible>String.IsEqual(ListItem.Overlay,OverlayWatched.png)</visible>
							</control>
							<control type="image">
								<description>Watched Partial</description>
								<left>446</left>
								<width>24</width>
								<height>30</height>
								<aligny>center</aligny>
								<texture background="true">$VAR[WatchedPartial]</texture>
								<aspectratio>keep</aspectratio>
								<visible>ListItem.IsResumable</visible>
								<include>ListViewOverlayFadeAnim</include>
								<include>ListViewWatchedOverlayFadeAnim</include>
							</control>
						</itemlayout>
						<focusedlayout height="30">
							<control type="image">
								<top>28</top>
								<left>5</left>
								<width>472</width>
								<height>2</height>
								<animation effect="fade" end="30" condition="true">Conditional</animation>
								<texture>views/videoinfo-separator.png</texture>
							</control>
							<control type="image">
								<width>482</width>
								<height>30</height>
								<texture border="4">views/list-focus.png</texture>
								<aspectratio>stretch</aspectratio>
								<visible>Control.HasFocus(902)</visible>
								<include>ListViewSelectFadeAnim</include>
								<animation effect="slide" start="0,-30" time="200" tween="quadratic" easing="out" reversible="false" condition="Container(902).OnNext">Focus</animation>
								<animation effect="slide" start="0,30" time="200" tween="quadratic" easing="out" reversible="false" condition="Container(902).OnPrevious">Focus</animation>
							</control>
							<control type="label">
								<left>5</left>
								<width>382</width>
								<height>30</height>
								<font>FullMediaInfoFont</font>
								<aligny>center</aligny>
								<textcolor>MediaInfoItemColor</textcolor>
								<shadowcolor>ShadowColor</shadowcolor>
								<label>[UPPERCASE]$INFO[ListItem.Title][/UPPERCASE]</label>
							</control>
							<control type="label">
								<left>392</left>
								<width>100</width>
								<height>30</height>
								<font>FullMediaInfoFont</font>
								<aligny>center</aligny>
								<textcolor>MediaInfoItemColor2</textcolor>
								<shadowcolor>ShadowColor</shadowcolor>
								<label>$INFO[ListItem.Year]</label>
							</control>
							<control type="image">
								<left>446</left>
								<width>24</width>
								<height>30</height>
								<aligny>center</aligny>
								<texture>$INFO[ListItem.Overlay]</texture>
								<aspectratio>keep</aspectratio>
								<visible>String.IsEqual(ListItem.Overlay,OverlayWatched.png)</visible>
							</control>
							<control type="image">
								<description>Watched Partial</description>
								<left>446</left>
								<width>24</width>
								<height>30</height>
								<aligny>center</aligny>
								<texture background="true">$VAR[WatchedPartial]</texture>
								<aspectratio>keep</aspectratio>
								<visible>ListItem.IsResumable</visible>
								<include>ListViewOverlayFadeAnim</include>
								<include>ListViewWatchedOverlayFadeAnim</include>
							</control>
						</focusedlayout>
						<content sortorder="ascending" sortby="year">videodb://movies/sets/$INFO[ListItem.DBID]/</content>
					</control>
					
					<control type="textbox">
						<description>Description</description>
						<left>470</left>
						<top>563</top>
						<width>710</width>
						<height>66</height>
						<font>SettingsContentFont2</font>
						<textcolor>MediaInfoColor</textcolor>
						<shadowcolor>ShadowColor</shadowcolor>
						<align>justify</align>
						<label>$INFO[Container(902).ListItem.PlotOutline]</label>
						<autoscroll time="2000" delay="6000" repeat="10000">true</autoscroll>
						<visible>!String.IsEmpty(Container(902).ListItem.PlotOutline)</visible>
					</control>
					
					<control type="textbox">
						<description>Description</description>
						<left>470</left>
						<top>563</top>
						<width>710</width>
						<height>66</height>
						<font>SettingsContentFont2</font>
						<textcolor>MediaInfoColor</textcolor>
						<shadowcolor>ShadowColor</shadowcolor>
						<align>justify</align>
						<label>$INFO[Container(902).ListItem.Plot]</label>
						<autoscroll time="2000" delay="6000" repeat="10000">true</autoscroll>
						<visible>String.IsEmpty(Container(902).ListItem.PlotOutline)</visible>
					</control>
					
					<control type="group">
						<left>975</left>
						<top>248</top>
						<control type="image">
							<description>Default Cover Image Background</description>
							<width>206</width>
							<height>303</height>
							<texture border="4">covers/cover-case2.png</texture>
							<aspectratio>stretch</aspectratio>
							<animation effect="fade" end="70" condition="true">Conditional</animation>
							<include>FSMediaInfoOpenCloseAnim</include>
							<visible>String.IsEmpty(Container(902).ListItem.Art(poster))</visible>
						</control>
						
						<control type="image">
							<description>Default Cover Image</description>
							<width>206</width>
							<height>303</height>
							<texture>DefaultVideo.png</texture>
							<bordersize>20</bordersize>
							<aspectratio>keep</aspectratio>
							<animation effect="fade" end="85" condition="true">Conditional</animation>
							<include>FSMediaInfoOpenCloseAnim</include>
							<visible>String.IsEmpty(Container(902).ListItem.Art(poster))</visible>
						</control>
						
						<control type="image">
							<description>Thumb</description>
							<width>206</width>
							<height>303</height>
							<texture>$INFO[Container(902).ListItem.Art(poster)]</texture>
							<bordertexture border="4">covers/cover-case2.png</bordertexture>
							<bordersize>4</bordersize>
							<aspectratio>scale</aspectratio>
							<include>FSMediaInfoOpenCloseAnim</include>
							<fadetime>IconCrossfadeTime</fadetime>
							<visible>!String.IsEmpty(Container(902).ListItem.Art(poster))</visible>
						</control>
					</control>
				</control>
				
				<control type="image">
					<left>470</left>
					<top>640</top>
					<width>710</width>
					<height>2</height>
					<animation effect="fade" end="30" condition="true">Conditional</animation>
					<texture>views/videoinfo-separator.png</texture>
				</control>
				
				<control type="spincontrol" id="61">
					<description>Next Page</description>
					<left>1125</left>
					<top>655</top>
					<width>28</width>
					<height>28</height>
					<spinwidth>30</spinwidth>
					<spinheight>30</spinheight>
					<onup>901</onup>
					<onleft>901</onleft>
					<oninfo>Dialog.Close(1102)</oninfo>
					<include>NotificationsOpenCloseAnim</include>
					<visible>Integer.IsGreater(Container(903).NumPages,1) + !String.IsEmpty(Window(home).Property(SkinHelper.ListItem.ExtendedPlot)) + !String.IsEmpty(Window(home).Property(SkinHelper.ListItem.ExtendedPlots)) + String.IsEmpty(Skin.String(DialogMovieSetInfo))</visible>
				</control>
				
				<control type="spincontrol" id="62">
					<description>Next Page</description>
					<left>1125</left>
					<top>655</top>
					<width>28</width>
					<height>28</height>
					<spinwidth>30</spinwidth>
					<spinheight>30</spinheight>
					<onup>902</onup>
					<onleft>902</onleft>
					<oninfo>Dialog.Close(1102)</oninfo>
					<include>NotificationsOpenCloseAnim</include>
					<visible>Integer.IsGreater(Container(902).NumPages,1) + Control.IsVisible(902) + Skin.String(DialogMovieSetInfo,1)</visible>
				</control>
			</control>
			
			<include content="MenubarTopbar">
				<param name="Menubar" value="MovieSetInfoMenuBar" />
				<param name="Breadcrumbs" value="BreadCrumbMovieSetInfo" />
			</include>
		</control>
	</controls>
</window>