<?xml version="1.0" encoding="UTF-8" standalone="yes"?>
<addon id="skin.tetradui" version="1.1.2" name="TetradUI" provider-name="Jezz_X, TeamUI">
  <requires>
    <import addon="xbmc.gui" version="5.15.00" />
	<import addon="script.embuary.helper" version="2.0.2"/>
  </requires>
  <extension point="xbmc.gui.skin" defaultthemename="textures.xbt" debugging="false" effectslowdown="1.0">
    <res width="1280" height="720" aspect="16:9" default="true" folder="xml" />
  </extension>
  <extension point="xbmc.addon.metadata">
    <platform>all</platform>
    <license>Creative Commons Attribution-Share Alike 3.0 United States</license>
    <forum>https://forum.kodi.tv/forumdisplay.php?fid=182</forum>
    <website>https://kodi.wiki/view/Add-on:TetradUI</website>
    <source>https://github.com/gade01/skin.tetradui</source>
    <assets>
      <icon>resources/icon.png</icon>
      <fanart>resources/fanart.jpg</fanart>
      <clearlogo>resources/clearlogo.png</clearlogo>
      <screenshot>resources/screenshot-01.png</screenshot>
      <screenshot>resources/screenshot-02.png</screenshot>
      <screenshot>resources/screenshot-03.png</screenshot>
      <screenshot>resources/screenshot-04.png</screenshot>
      <screenshot>resources/screenshot-05.png</screenshot>
      <screenshot>resources/screenshot-06.png</screenshot>
      <screenshot>resources/screenshot-07.png</screenshot>
      <screenshot>resources/screenshot-08.png</screenshot>
      <screenshot>resources/screenshot-09.png</screenshot>
      <screenshot>resources/screenshot-10.png</screenshot>
    </assets>
    <news>[B]1.1.2[/B][CR]- Skin settings: hide movies / tv shows / music buttons are disabled if no library content is available[CR]- Add navigation welcome dialog</news>
    <description lang="en_GB">TetradUI is a skin add-on for Kodi media center. The aim with TetradUI is to create a fresh modern homage of the classic blades-style UI found in the original Xbox360 dashboard. Also seen in the works of Team Blackbolt and Jezz_X with projects MC360 and JX720 respectively. TetradUI is based on JX720 by Jezz_X.[CR]This add-on was created by Jezz_X and TeamUI.</description>
    <summary lang="en_GB">TetradUI is a skin add-on for Kodi media center</summary>
  </extension>
</addon>