<?xml version="1.0" encoding="UTF-8"?>
<window type="dialog" id="1101">
	<defaultcontrol always="true">200</defaultcontrol>

	<controls>
		<control type="button">
			<onclick>Dialog.Close(1101)</onclick>
			<include>DropDownMenuCloseHitRect</include>
		</control>
		
		<control type="grouplist" id="200">
			<depth>DepthMenuBar</depth>
			<left>1088</left>
			<top>80</top>
			<width>196</width>
			<itemgap>0</itemgap>
			<orientation>vertical</orientation>
			<onup>200</onup>
			<ondown>200</ondown>
			<onleft>Dialog.Close(1101)</onleft>
			<onright>Dialog.Close(1101)</onright>
			<include>MenuOpenCloseAnim</include>
			<animation effect="slide" end="-91,0" condition="Window.IsActive(script-script.extendedinfo-YoutubeList.xml)">Conditional</animation>
			<visible>Skin.String(ExtendedInfoDialog,5)</visible>
			<control type="image" id="740">
				<width>196</width>
				<include>DropDownMenuTopBorder</include>
			</control>
			<control type="button" id="741">
				<description>Genre</description>
				<width>196</width>
				<textwidth>160</textwidth>
				<include>DropDownMenuBtn</include>
				<label>$LOCALIZE[515]</label>
				<onclick>Dialog.Close(1101)</onclick>
				<onclick>SendClick(3011,5002)</onclick>
				<visible>Window.IsActive(script-script.extendedinfo-VideoList.xml)</visible>
			</control>
			<control type="button" id="742">
				<description>Release Date</description>
				<width>196</width>
				<textwidth>160</textwidth>
				<include>DropDownMenuBtn</include>
				<label>$LOCALIZE[172]</label>
				<onclick>Dialog.Close(1101)</onclick>
				<onclick condition="Window.IsActive(script-script.extendedinfo-VideoList.xml)">SendClick(3011,5003)</onclick>
				<onclick condition="Window.IsActive(script-script.extendedinfo-YoutubeList.xml)">SendClick(3000,5002)</onclick>
			</control>
			<control type="button" id="743">
				<description>Runtime</description>
				<width>196</width>
				<textwidth>160</textwidth>
				<include>DropDownMenuBtn</include>
				<label>$LOCALIZE[2050]</label>
				<onclick>Dialog.Close(1101)</onclick>
				<onclick>SendClick(3011,5011)</onclick>
				<visible>Window.IsActive(script-script.extendedinfo-VideoList.xml)</visible>
			</control>
			<control type="button" id="744">
				<description>Certification</description>
				<width>196</width>
				<textwidth>160</textwidth>
				<include>DropDownMenuBtn</include>
				<label>$ADDON[script.extendedinfo 32127]</label>
				<onclick>Dialog.Close(1101)</onclick>
				<onclick>SendClick(3011,5006)</onclick>
				<visible>Window.IsActive(script-script.extendedinfo-VideoList.xml)</visible>
			</control>
			<control type="button" id="745">
				<description>Actor / Crew Member</description>
				<width>196</width>
				<textwidth>160</textwidth>
				<include>DropDownMenuBtn</include>
				<label>$ADDON[script.extendedinfo 32126]</label>
				<onclick>Dialog.Close(1101)</onclick>
				<onclick>SendClick(3011,5008)</onclick>
				<visible>Window.IsActive(script-script.extendedinfo-VideoList.xml)</visible>
			</control>
			<control type="button" id="746">
				<description>Keyword</description>
				<width>196</width>
				<textwidth>160</textwidth>
				<include>DropDownMenuBtn</include>
				<label>$ADDON[script.extendedinfo 32114]</label>
				<onclick>Dialog.Close(1101)</onclick>
				<onclick>SendClick(3011,5009)</onclick>
				<visible>Window.IsActive(script-script.extendedinfo-VideoList.xml)</visible>
			</control>
			<control type="button" id="747">
				<description>Language</description>
				<width>196</width>
				<textwidth>160</textwidth>
				<include>DropDownMenuBtn</include>
				<label>$LOCALIZE[248]</label>
				<onclick>Dialog.Close(1101)</onclick>
				<onclick>SendClick(3000,5003)</onclick>
				<visible>Window.IsActive(script-script.extendedinfo-YoutubeList.xml)</visible>
			</control>
			<control type="button" id="748">
				<description>2D / 3D</description>
				<width>196</width>
				<textwidth>160</textwidth>
				<include>DropDownMenuBtn</include>
				<label>$ADDON[script.extendedinfo 32066]</label>
				<onclick>Dialog.Close(1101)</onclick>
				<onclick>SendClick(3000,5006)</onclick>
				<visible>Window.IsActive(script-script.extendedinfo-YoutubeList.xml)</visible>
			</control>
			<control type="button" id="749">
				<description>Duration</description>
				<width>196</width>
				<textwidth>160</textwidth>
				<include>DropDownMenuBtn</include>
				<label>$LOCALIZE[180]</label>
				<onclick>Dialog.Close(1101)</onclick>
				<onclick>SendClick(3000,5008)</onclick>
				<visible>Window.IsActive(script-script.extendedinfo-YoutubeList.xml)</visible>
			</control>
			<control type="button" id="750">
				<description>Subtitles</description>
				<width>196</width>
				<textwidth>160</textwidth>
				<include>DropDownMenuBtn</include>
				<label>$LOCALIZE[287]</label>
				<onclick>Dialog.Close(1101)</onclick>
				<onclick>SendClick(3000,5009)</onclick>
				<visible>Window.IsActive(script-script.extendedinfo-YoutubeList.xml)</visible>
			</control>
			<control type="button" id="751">
				<description>Studio</description>
				<width>196</width>
				<textwidth>160</textwidth>
				<include>DropDownMenuBtn</include>
				<label>$LOCALIZE[572]</label>
				<onclick>Dialog.Close(1101)</onclick>
				<onclick>SendClick(3011,5010)</onclick>
				<visible>Window.IsActive(script-script.extendedinfo-VideoList.xml)</visible>
			</control>
			<control type="button" id="752">
				<description>Vote Count</description>
				<width>196</width>
				<textwidth>160</textwidth>
				<include>DropDownMenuBtn</include>
				<label>$ADDON[script.extendedinfo 32111]</label>
				<onclick>Dialog.Close(1101)</onclick>
				<onclick>SendClick(3011,5012)</onclick>
				<visible>Window.IsActive(script-script.extendedinfo-VideoList.xml)</visible>
			</control>
			<control type="button" id="753">
				<description>Resolution</description>
				<width>196</width>
				<textwidth>160</textwidth>
				<include>DropDownMenuBtn</include>
				<label>$LOCALIZE[169]</label>
				<onclick>Dialog.Close(1101)</onclick>
				<onclick>SendClick(3000,5012)</onclick>
				<visible>Window.IsActive(script-script.extendedinfo-YoutubeList.xml)</visible>
			</control>
			<control type="button" id="754">
				<description>Clear Filters</description>
				<width>196</width>
				<textwidth>160</textwidth>
				<include>DropDownMenuBtn</include>
				<label>$ADDON[script.extendedinfo 32022]</label>
				<onclick>Dialog.Close(1101)</onclick>
				<onclick condition="Window.IsActive(script-script.extendedinfo-VideoList.xml)">SendClick(3011,5005)</onclick>
				<onclick condition="Window.IsActive(script-script.extendedinfo-YoutubeList.xml)">SendClick(3000,5005)</onclick>
			</control>
			<control type="image" id="755">
				<width>196</width>
				<include>DropDownMenuBottomBorder</include>
			</control>
		</control>
		
		<control type="grouplist" id="200">
			<description>View Mode Menu</description>
			<depth>DepthMenuBar</depth>
			<left>-4</left>
			<top>80</top>
			<width>196</width>
			<itemgap>0</itemgap>
			<orientation>vertical</orientation>
			<onup>200</onup>
			<ondown>200</ondown>
			<onleft>Dialog.Close(1101)</onleft>
			<onright>Dialog.Close(1101)</onright>
			<include>MenuOpenCloseAnim</include>
			<animation effect="slide" end="91,0" condition="Window.IsActive(script-script.extendedinfo-YoutubeList.xml)">Conditional</animation>
			<visible>Skin.String(ExtendedInfoDialog,4)</visible>
			<control type="image" id="760">
				<width>196</width>
				<include>DropDownMenuTopBorder</include>
			</control>
			<control type="radiobutton" id="761">
				<description>Hide Label</description>
				<width>196</width>
				<radioposx>156</radioposx>
				<textwidth>127</textwidth>
				<include>DropDownMenuRadioBtn</include>
				<label>$LOCALIZE[31042]</label>
				<selected>Skin.HasSetting(HideExtendedInfoThumbsLabel)</selected>
				<onclick>Skin.ToggleSetting(HideExtendedInfoThumbsLabel)</onclick>
				<visible>Window.IsActive(script-script.extendedinfo-VideoList.xml) | [Window.IsActive(script-script.extendedinfo-YoutubeList.xml) + !Skin.String(ExtendedInfoYoutubeViewStyle,3)]</visible>
			</control>
			<control type="radiobutton" id="762">
				<description>Hide Scrollbar</description>
				<width>196</width>
				<radioposx>156</radioposx>
				<textwidth>127</textwidth>
				<include>DropDownMenuRadioBtn</include>
				<label>$LOCALIZE[31025]</label>
				<selected>Skin.HasSetting(ShowExtendedInfoThumbnailViewScrollbar)</selected>
				<onclick>Skin.ToggleSetting(ShowExtendedInfoThumbnailViewScrollbar)</onclick>
			</control>
			<control type="radiobutton" id="763">
				<description>Show Fanart</description>
				<width>196</width>
				<radioposx>156</radioposx>
				<textwidth>127</textwidth>
				<include>DropDownMenuRadioBtn</include>
				<label>$LOCALIZE[31207]: $LOCALIZE[20445]</label>
				<selected>!Skin.HasSetting(EnableExtendedInfoFanart)</selected>
				<onclick>Skin.ToggleSetting(EnableExtendedInfoFanart)</onclick>
				<visible>Window.IsActive(script-script.extendedinfo-VideoList.xml) | Window.IsActive(script-script.extendedinfo-YoutubeList.xml)</visible>
			</control>
			<control type="radiobutton" id="764">
				<description>List Star Rating</description>
				<width>196</width>
				<radioposx>156</radioposx>
				<textwidth>127</textwidth>
				<include>DropDownMenuRadioBtn</include>
				<label>$LOCALIZE[31050]</label>
				<selected>!Skin.HasSetting(DoNotUseStarRatingExtendedInfo)</selected>
				<onclick>Skin.ToggleSetting(DoNotUseStarRatingExtendedInfo)</onclick>
				<visible>Window.IsActive(script-script.extendedinfo-YoutubeList.xml) | [Window.IsActive(script-script.extendedinfo-VideoList.xml) + Skin.String(ExtendedInfoViewStyle,3)]</visible>
			</control>
			<control type="radiobutton" id="765">
				<description>List Info 3 Hide Genre</description>
				<width>196</width>
				<radioposx>156</radioposx>
				<textwidth>127</textwidth>
				<include>DropDownMenuRadioBtn</include>
				<label>$LOCALIZE[31938]</label>
				<selected>Skin.HasSetting(HideExtendedInfoVideoListGenres)</selected>
				<onclick>Skin.ToggleSetting(HideExtendedInfoVideoListGenres)</onclick>
				<visible>Window.IsActive(script-script.extendedinfo-VideoList.xml) + Skin.String(ExtendedInfoViewStyle,4)</visible>
			</control>
			<control type="radiobutton" id="766">
				<description>Hide List Info 3 Do Not Auto Scroll Plot</description>
				<width>196</width>
				<radioposx>156</radioposx>
				<textwidth>127</textwidth>
				<include>DropDownMenuRadioBtn</include>
				<label>$LOCALIZE[31401]</label>
				<selected>!Skin.HasSetting(DoNotAutoScrollPlot)</selected>
				<onclick>Skin.ToggleSetting(DoNotAutoScrollPlot)</onclick>
				<visible>Window.IsActive(script-script.extendedinfo-VideoList.xml) + Skin.String(ExtendedInfoViewStyle,4)</visible>
			</control>
			<control type="togglebutton" id="767">
				<description>Icon Year + Rating / Genre Toggle</description>
				<width>196</width>
				<textwidth>160</textwidth>
				<include>DropDownMenuBtn</include>
				<label>$LOCALIZE[345] / $LOCALIZE[563]</label>
				<altlabel>$LOCALIZE[515]</altlabel>
				<alttexturefocus border="12,4,12,5">gui/menu-bar-item-focus.png</alttexturefocus>
				<alttexturenofocus border="9,0,9,3">gui/menu-bar-item-nofocus.png</alttexturenofocus>
				<usealttexture>Skin.HasSetting(ExtendedInfoYearGenreToggle)</usealttexture>
				<onclick>Skin.ToggleSetting(ExtendedInfoYearGenreToggle)</onclick>
				<visible>Window.IsActive(script-script.extendedinfo-VideoList.xml) + [Skin.String(ExtendedInfoViewStyle,) | Skin.String(ExtendedInfoViewStyle,1) | Skin.String(ExtendedInfoViewStyle,2)]</visible>
			</control>
			<control type="button" id="768">
				<description>Views Header</description>
				<width>196</width>
				<textwidth>160</textwidth>
				<include>DropDownMenuHeader</include>
				<label>$LOCALIZE[31096]</label>
			</control>
			<control type="radiobutton" id="770">
				<description>Icon</description>
				<width>196</width>
				<radioposx>156</radioposx>
				<textwidth>127</textwidth>
				<include>DropDownMenuRadioBtn</include>
				<label>$LOCALIZE[31103]</label>
				<selected>[Window.IsActive(script-script.extendedinfo-VideoList.xml) + [Skin.String(ExtendedInfoViewStyle,) | Skin.String(ExtendedInfoViewStyle,1) | Skin.String(ExtendedInfoViewStyle,2)]]
				| [Window.IsActive(script-script.extendedinfo-YoutubeList.xml) + [Skin.String(ExtendedInfoYoutubeViewStyle,) | Skin.String(ExtendedInfoYoutubeViewStyle,1)]]</selected>
				<onclick condition="Window.IsActive(script-script.extendedinfo-VideoList.xml)">Skin.SetString(ExtendedInfoViewStyle,1)</onclick>
				<onclick condition="Window.IsActive(script-script.extendedinfo-YoutubeList.xml)">Skin.SetString(ExtendedInfoYoutubeViewStyle,1)</onclick>
			</control>
			<control type="radiobutton" id="771">
				<description>List</description>
				<width>196</width>
				<radioposx>156</radioposx>
				<textwidth>127</textwidth>
				<include>DropDownMenuRadioBtn</include>
				<label>$LOCALIZE[31105]</label>
				<selected>[Window.IsActive(script-script.extendedinfo-VideoList.xml) + Skin.String(ExtendedInfoViewStyle,3)] | [Window.IsActive(script-script.extendedinfo-YoutubeList.xml) + Skin.String(ExtendedInfoYoutubeViewStyle,2)]</selected>
				<onclick condition="Window.IsActive(script-script.extendedinfo-VideoList.xml)">Skin.SetString(ExtendedInfoViewStyle,3)</onclick>
				<onclick condition="Window.IsActive(script-script.extendedinfo-YoutubeList.xml)">Skin.SetString(ExtendedInfoYoutubeViewStyle,2)</onclick>
			</control>
			<control type="radiobutton" id="772">
				<description>List Info 3</description>
				<width>196</width>
				<radioposx>156</radioposx>
				<textwidth>127</textwidth>
				<include>DropDownMenuRadioBtn</include>
				<label>$LOCALIZE[31115]</label>
				<selected>Skin.String(ExtendedInfoViewStyle,4)</selected>
				<onclick>Skin.SetString(ExtendedInfoViewStyle,4)</onclick>
				<visible>Window.IsActive(script-script.extendedinfo-VideoList.xml)</visible>
			</control>
			<control type="radiobutton" id="777">
				<description>List Info 2</description>
				<width>196</width>
				<radioposx>156</radioposx>
				<textwidth>127</textwidth>
				<include>DropDownMenuRadioBtn</include>
				<label>$LOCALIZE[31112]</label>
				<selected>Skin.String(ExtendedInfoYoutubeViewStyle,3)</selected>
				<onclick>Skin.SetString(ExtendedInfoYoutubeViewStyle,3)</onclick>
				<visible>Window.IsActive(script-script.extendedinfo-YoutubeList.xml)</visible>
			</control>
			<control type="button" id="773">
				<description>View Styles Header</description>
				<width>196</width>
				<textwidth>160</textwidth>
				<include>DropDownMenuHeader</include>
				<label>$LOCALIZE[31206]</label>
				<visible>Window.IsActive(script-script.extendedinfo-VideoList.xml) + [Skin.String(ExtendedInfoViewStyle,) | Skin.String(ExtendedInfoViewStyle,1) | Skin.String(ExtendedInfoViewStyle,2)]</visible>
			</control>
			<control type="radiobutton" id="774">
				<description>Icon Normal</description>
				<width>196</width>
				<radioposx>156</radioposx>
				<textwidth>127</textwidth>
				<include>DropDownMenuRadioBtn</include>
				<label>$LOCALIZE[31418]</label>
				<selected>Skin.String(ExtendedInfoViewStyle,1) | Skin.String(ExtendedInfoViewStyle,)</selected>
				<onclick>Skin.SetString(ExtendedInfoViewStyle,1)</onclick>
				<visible>Window.IsActive(script-script.extendedinfo-VideoList.xml) + [Skin.String(ExtendedInfoViewStyle,) | Skin.String(ExtendedInfoViewStyle,1) | Skin.String(ExtendedInfoViewStyle,2)]</visible>
			</control>
			<control type="radiobutton" id="775">
				<description>Icon Small</description>
				<width>196</width>
				<radioposx>156</radioposx>
				<textwidth>127</textwidth>
				<include>DropDownMenuRadioBtn</include>
				<label>$LOCALIZE[31412]</label>
				<selected>Skin.String(ExtendedInfoViewStyle,2)</selected>
				<onclick>Skin.SetString(ExtendedInfoViewStyle,2)</onclick>
				<visible>Window.IsActive(script-script.extendedinfo-VideoList.xml) + [Skin.String(ExtendedInfoViewStyle,) | Skin.String(ExtendedInfoViewStyle,1) | Skin.String(ExtendedInfoViewStyle,2)]</visible>
			</control>
			<control type="image" id="776">
				<width>196</width>
				<include>DropDownMenuBottomBorder</include>
			</control>
		</control>
		
		<control type="grouplist" id="200">
			<depth>DepthMenuBar</depth>
			<left>236</left>
			<top>80</top>
			<width>173</width>
			<itemgap>0</itemgap>
			<orientation>vertical</orientation>
			<onup>200</onup>
			<ondown>200</ondown>
			<onleft>Dialog.Close(1101)</onleft>
			<onright>Dialog.Close(1101)</onright>
			<include>MenuOpenCloseAnim</include>
			<animation effect="slide" end="79,0" condition="String.IsEqual(ListItem.DBTYPE,song) | String.IsEqual(ListItem.DBTYPE,album)">Conditional</animation>
			<animation effect="slide" end="79,0" condition="!System.HasAddon(script.cdartmanager)">Conditional</animation>
			<animation effect="slide" end="80,0" condition="!System.HasAddon(script.libraryeditor)">Conditional</animation>
			<visible>Skin.String(ExtendedInfoDialog,6)</visible>
			<control type="image" id="780">
				<width>173</width>
				<include>DropDownMenuTopBorder</include>
			</control>
			<control type="button" id="781">
				<description>Extra Artist Info</description>
				<width>173</width>
				<textwidth>137</textwidth>
				<include>DropDownMenuBtn</include>
				<label>$LOCALIZE[31089]</label>
				<onclick>Dialog.Close(1101)</onclick>
				<onclick>RunScript(script.extendedinfo,info=extendedactorinfo,name=$INFO[ListItem.Artist])</onclick>
			</control>
			<control type="button" id="782">
				<description>Discography</description>
				<width>173</width>
				<textwidth>137</textwidth>
				<include>DropDownMenuBtn</include>
				<label>$LOCALIZE[21888]</label>
				<onclick>Dialog.Close(1101)</onclick>
				<onclick>Skin.SetString(MusicInfoMenubar,Discography)</onclick>
			</control>
			<control type="button" id="783">
				<description>Popular Tracks</description>
				<width>173</width>
				<textwidth>137</textwidth>
				<include>DropDownMenuBtn</include>
				<label>$LOCALIZE[31090]</label>
				<onclick>Dialog.Close(1101)</onclick>
				<onclick>Skin.SetString(MusicInfoMenubar,MostLovedTracks)</onclick>
			</control>
			<control type="button" id="784">
				<description>Similar Artists</description>
				<width>173</width>
				<textwidth>137</textwidth>
				<include>DropDownMenuBtn</include>
				<label>$LOCALIZE[31093]</label>
				<onclick>Dialog.Close(1101)</onclick>
				<onclick>Skin.SetString(MusicInfoMenubar,SimilarArtists)</onclick>
			</control>
			<control type="button" id="785">
				<description>Music Videos</description>
				<width>173</width>
				<textwidth>137</textwidth>
				<include>DropDownMenuBtn</include>
				<label>$LOCALIZE[20389]</label>
				<onclick>Dialog.Close(1101)</onclick>
				<onclick>Skin.SetString(MusicInfoMenubar,MusicVideos)</onclick>
			</control>
			<control type="button" id="786">
				<description>Search Youtube</description>
				<width>173</width>
				<textwidth>137</textwidth>
				<include>DropDownMenuBtn</include>
				<label>$LOCALIZE[31092]</label>
				<onclick>Dialog.Close(1101)</onclick>
				<onclick>Dialog.Close(musicinformation)</onclick>
				<onclick condition="String.IsEqual(ListItem.DBTYPE,artist)">RunScript(script.extendedinfo,info=youtubebrowser,id=$INFO[ListItem.Artist])</onclick>
				<onclick condition="String.IsEqual(ListItem.DBTYPE,album)">RunScript(script.extendedinfo,info=youtubebrowser,id=$INFO[ListItem.Artist] $INFO[ListItem.Album])</onclick>
			</control>
			<control type="image" id="787">
				<width>173</width>
				<include>DropDownMenuBottomBorder</include>
			</control>
		</control>
		
		<control type="grouplist" id="200">
			<depth>DepthMenuBar</depth>
			<left>553</left>
			<top>80</top>
			<width>173</width>
			<itemgap>0</itemgap>
			<orientation>vertical</orientation>
			<onup>200</onup>
			<ondown>200</ondown>
			<onleft>Dialog.Close(1101)</onleft>
			<onright>Dialog.Close(1101)</onright>
			<include>MenuOpenCloseAnim</include>
			<animation effect="slide" end="-80,0" condition="System.HasAddon(script.cinemavision) + [String.IsEqual(ListItem.DBTYPE,movie) | String.IsEqual(ListItem.DBTYPE,tvshow) | String.IsEqual(ListItem.DBTYPE,season) | String.IsEqual(ListItem.DBTYPE,episode)]">Conditional</animation>
			<animation effect="slide" end="-80,0" condition="System.HasAddon(plugin.video.specialfeatures) + String.IsEqual(Window(home).Property(SpecialFeatures.Visible),true)">Conditional</animation>
			<visible>Skin.String(ExtendedInfoDialog,7)</visible>
			<control type="image" id="790">
				<width>173</width>
				<include>DropDownMenuTopBorder</include>
			</control>
			<control type="button" id="791">
				<description>Extra Movie / TV Show / Season Info</description>
				<width>173</width>
				<textwidth>149</textwidth>
				<textoffsetx>12</textoffsetx>
				<include>DropDownMenuBtn</include>
				<label>$VAR[ExtraVideoInfoLabel]</label>
				<onclick condition="System.HasAddon(script.extendedinfo)">Dialog.Close(1101)</onclick>
				<onclick condition="System.HasAddon(script.extendedinfo) + String.IsEqual(ListItem.DBTYPE,movie)">RunScript(script.extendedinfo,info=extendedinfo,dbid=$INFO[ListItem.DBID],id=$INFO[ListItem.Property(id)])</onclick>
				<onclick condition="System.HasAddon(script.extendedinfo) + String.IsEqual(ListItem.DBTYPE,tvshow)">RunScript(script.extendedinfo,info=extendedtvinfo,dbid=$INFO[ListItem.DBID],id=$INFO[ListItem.Property(id)])</onclick>
				<onclick condition="System.HasAddon(script.extendedinfo) + String.IsEqual(ListItem.DBTYPE,season) + !String.IsEmpty(ListItem.Season)">RunScript(script.extendedinfo,info=seasoninfo,tvshow=$INFO[ListItem.TVShowTitle],season=$INFO[ListItem.Season])</onclick>
				<onclick condition="System.HasAddon(script.extendedinfo) + String.IsEqual(ListItem.DBTYPE,season) + String.IsEmpty(ListItem.Season)">RunScript(script.extendedinfo,info=extendedtvinfo,name=$INFO[Container.ShowTitle])</onclick>
				<onclick condition="!System.HasAddon(script.extendedinfo)">InstallAddon(script.extendedinfo)</onclick>
				<visible>String.IsEqual(ListItem.DBTYPE,movie) | String.IsEqual(ListItem.DBTYPE,tvshow) | String.IsEqual(ListItem.DBTYPE,season) | Window.IsVisible(Home)</visible>
			</control>
			<control type="button" id="792">
				<description>Movie Set</description>
				<width>173</width>
				<textwidth>149</textwidth>
				<textoffsetx>12</textoffsetx>
				<include>DropDownMenuBtn</include>
				<label>$LOCALIZE[20457]</label>
				<onclick>Dialog.Close(1101)</onclick>
				<onclick>Skin.SetString(VideoInfoMenubar,MovieSet)</onclick>
				<visible>[String.IsEqual(ListItem.DBTYPE,movie) + !String.IsEmpty(ListItem.SetID)] | String.IsEqual(ListItem.DBTYPE,set)</visible>
			</control>
			<control type="button" id="793">
				<description>Movie Set Info</description>
				<width>173</width>
				<textwidth>149</textwidth>
				<textoffsetx>12</textoffsetx>
				<include>DropDownMenuBtn</include>
				<label>$LOCALIZE[31167]</label>
				<onclick>Dialog.Close(1101)</onclick>
				<onclick>Dialog.Close(movieinformation)</onclick>
				<onclick>ActivateWindow(1117)</onclick>
				<visible>!String.IsEmpty(ListItem.SetID) | String.IsEqual(ListItem.DBTYPE,set)</visible>
			</control>
			<control type="button" id="794">
				<description>Seasons</description>
				<width>173</width>
				<textwidth>149</textwidth>
				<textoffsetx>12</textoffsetx>
				<include>DropDownMenuBtn</include>
				<label>$LOCALIZE[33054]</label>
				<onclick>Dialog.Close(1101)</onclick>
				<onclick>Skin.SetString(VideoInfoMenubar,TVShowSeasons)</onclick>
				<visible>String.IsEqual(ListItem.DBTYPE,tvshow) | String.IsEqual(ListItem.DBTYPE,season)</visible>
			</control>
			<control type="button" id="795">
				<description>Next Up Info</description>
				<width>173</width>
				<textwidth>149</textwidth>
				<textoffsetx>12</textoffsetx>
				<include>DropDownMenuBtn</include>
				<label>$LOCALIZE[31214]</label>
				<onclick>Dialog.Close(1101)</onclick>
				<onclick>Skin.SetString(VideoInfoMenubar,NextUpEpisodes)</onclick>
				<visible>String.IsEqual(ListItem.DBTYPE,tvshow) | String.IsEqual(ListItem.DBTYPE,season)</visible>
			</control>
			<control type="button" id="796">
				<description>Similar Movies / TV Shows</description>
				<width>173</width>
				<textwidth>149</textwidth>
				<textoffsetx>12</textoffsetx>
				<include>DropDownMenuBtn</include>
				<label>$VAR[SimilarVideosLabel]</label>
				<onclick condition="System.HasAddon(script.extendedinfo)">Dialog.Close(1101)</onclick>
				<onclick condition="System.HasAddon(script.extendedinfo)">Skin.SetString(VideoInfoMenubar,SimilarVideos)</onclick>
				<onclick condition="!System.HasAddon(script.extendedinfo)">InstallAddon(script.extendedinfo)</onclick>
				<visible>String.IsEqual(ListItem.DBTYPE,movie) | String.IsEqual(ListItem.DBTYPE,set) | String.IsEqual(ListItem.DBTYPE,tvshow)</visible>
			</control>
			<control type="button" id="797">
				<description>Search Youtube</description>
				<width>173</width>
				<textwidth>149</textwidth>
				<textoffsetx>12</textoffsetx>
				<include>DropDownMenuBtn</include>
				<label>$LOCALIZE[31092]</label>
				<onclick>Dialog.Close(1101)</onclick>
				<onclick>Dialog.Close(movieinformation)</onclick>
				<onclick condition="System.HasAddon(script.extendedinfo) + !String.IsEqual(ListItem.DBTYPE,season)">RunScript(script.extendedinfo,info=youtubebrowser,id=$INFO[ListItem.Label])</onclick>
				<onclick condition="System.HasAddon(script.extendedinfo) + String.IsEqual(ListItem.DBTYPE,season)">RunScript(script.extendedinfo,info=youtubebrowser,id=$INFO[ListItem.TVShowTitle] $INFO[ListItem.Label])</onclick>
				<onclick condition="!System.HasAddon(script.extendedinfo)">InstallAddon(script.extendedinfo)</onclick>
			</control>
			<control type="image" id="798">
				<width>173</width>
				<include>DropDownMenuBottomBorder</include>
			</control>
		</control>
	</controls>
</window>