<?xml version="1.0" encoding="UTF-8"?>	
<window>
	<defaultcontrol always="true">10</defaultcontrol>
	<menucontrol>850</menucontrol>
	<views>10,11,12,13</views>
	<onunload>ClearProperty(TVGuideFullscreen,home)</onunload>
	
	<controls>
		<control type="button" id="9200">
			<onfocus>FullScreen</onfocus>
			<onfocus>ClearProperty(pvrGuideOnFullscreenVideo,home)</onfocus>
			<visible allowhiddenfocus="true">False</visible>
        </control>
		
		<control type="group">
			<depth>DepthBackground</depth>
			<include>BackgroundDefault</include>
			<include condition="[!String.IsEmpty(Skin.String(CustomPVRBGPath)) + [Skin.String(CustomPVRBGType,2) | Skin.String(CustomPVRBGType,3) | Skin.String(CustomPVRBGType,4)]]
			+ Skin.HasSetting(ApplyAllPVRCustomBG)">BackgroundPVR</include>
			<include>BackgroundOpenCloseAnim</include>
			<visible>String.IsEmpty(Window(home).Property(TVGuideFullscreen))</visible>
		</control>
		
		<include condition="!String.IsEmpty(Window(home).Property(TVGuideFullscreen))">BackgroundVideoPlaying</include>
		
		<control type="group">
			<depth>DepthContent</depth>
			<visible>!Window.IsActive(DialogPVRInfo.xml)</visible>
			
			<control type="group">
				<depth>DepthOSD</depth>
				<visible>!String.IsEmpty(Window(home).Property(TVGuideFullscreen))</visible>
				<include>DialogOpenCloseAnim</include>
				<top>57</top>
				<left>140</left>
				
				<include content="DialogWithCloseBtnLabel">
					<param name="width" value="1000"/>
					<param name="height" value="607" />
					<param name="left" value="940" />
					<param name="labelwidth" value="920" />
					<param name="label" value="$LOCALIZE[31195]: $VAR[TVGuideFullscreenBtn9001]" />
				</include>
				
				<control type="grouplist" id="9000">
					<top>553</top>
					<width>1000</width>
					<align>center</align>
					<onright condition="Control.IsVisible(904)">904</onright>
					<onright condition="!Control.IsVisible(904)">500</onright>
					<onleft>500</onleft>
					<onup>500</onup>
					<onback>9200</onback>
					<itemgap>0</itemgap>
					<orientation>horizontal</orientation>
					<control type="button" id="9001">
						<description>View Mode</description>
						<include>DialogMenuBarBtn</include>
						<label>$LOCALIZE[24140]: $VAR[TVGuideFullscreenBtn9001]</label>
						<onclick>SendClick(2)</onclick>
					</control>
					<control type="button" id="9002">
						<description>Cancel</description>
						<include>DialogMenuBarBtn</include>
						<label>$LOCALIZE[15067]</label>
						<onclick>PreviousMenu</onclick>
					</control>
				</control>
				
				<control type="spincontrol" id="904">
					<description>Next Page</description>
					<left>918</left>
					<top>562</top>
					<font>-</font>
					<onup>500</onup>
					<onleft>9002</onleft>
					<onright>500</onright>
					<visible>[Control.IsVisible(11) + [Container(11).HasNext | Container(11).HasPrevious]] | [Control.IsVisible(12) + [Container(12).HasNext | Container(12).HasPrevious]] | [Control.IsVisible(13) + [Container(13).HasNext | Container(13).HasPrevious]]</visible>
				</control>
			</control>
			
			<include condition="String.IsEmpty(Window(home).Property(TVGuideFullscreen))">LiveTVColumnInfoArea</include>
		
			<control type="group" id="500">
				<left>40</left>
				<top>110</top>
				<defaultcontrol always="true">10</defaultcontrol>
				<visible>Control.IsVisible(10)</visible>
				<include>TVGuideFullscreenOpenCloseAnim</include>
				<include>TVGuideFullscreenOpenCloseAnim2</include>
				<animation effect="slide" end="135,0" condition="!String.IsEmpty(Window(home).Property(TVGuideFullscreen))">Conditional</animation>

				<control type="image">
					<width>215</width>
					<height>30</height>
					<texture border="8">pvr/column-left.png</texture>
					<colordiffuse>LiveTVColumnColor</colordiffuse>
					<include>LiveTVColumnFadeAnim</include>
				</control>
				<control type="image">
					<left>220</left>
					<width>1030</width>
					<height>30</height>
					<texture border="8" flipx="true">pvr/column-left.png</texture>
					<colordiffuse>LiveTVColumnColor</colordiffuse>
					<include>LiveTVColumnFadeAnim</include>
					<visible>String.IsEmpty(Window(home).Property(TVGuideFullscreen))</visible>
				</control>
				<control type="image">
					<left>220</left>
					<width>709</width>
					<height>30</height>
					<texture border="8" flipx="true">pvr/column-left.png</texture>
					<colordiffuse>LiveTVColumnColor</colordiffuse>
					<include>LiveTVColumnFadeAnim</include>
					<visible>!String.IsEmpty(Window(home).Property(TVGuideFullscreen))</visible>
				</control>

				<control type="epggrid" id="10">
					<viewtype label="19032">list</viewtype>
					<include condition="String.IsEmpty(Window(home).Property(TVGuideFullscreen))">TVGuideNormal</include>
					<include condition="!String.IsEmpty(Window(home).Property(TVGuideFullscreen))">TVGuideFullscreen</include>
					<pagecontrol>10</pagecontrol>
					<scrolltime>150</scrolltime>
					<timeblocks>40</timeblocks>
					<rulerunit>6</rulerunit>
					<progresstexture border="0,45,20,7">pvr/EpgProgressIndicator.png</progresstexture>
					<onleft>10</onleft>
					<onright>10</onright>
					<rulerlayout height="34" width="42">
						<control type="label">
							<description>Date</description>
							<left>10</left>
							<width>205</width>
							<height>30</height>
							<include>LiveTVColumnHeaderLabel</include>
							<label>$INFO[ListItem.Label]</label>
						</control>
					</rulerlayout>
					<channellayout height="42" width="220">
						<animation effect="fade" start="110" time="200">UnFocus</animation>
						<control type="image">
							<width>215</width>
							<height>38</height>
							<texture border="8">pvr/column-left.png</texture>
							<colordiffuse>LiveTVColumnColor</colordiffuse>
							<include>LiveTVColumnFadeAnim</include>
						</control>
						<control type="label">
							<description>Channel Number</description>
							<left>10</left>
							<width>40</width>
							<height>38</height>
							<include>LiveTVColumnNumberLabel</include>
							<label>$INFO[ListItem.ChannelNumber]</label>		
						</control>
						<control type="label">
							<description>Channel Name</description>
							<left>50</left>
							<width>155</width>
							<height>38</height>
							<include>LiveTVColumnChannelLabel</include>
							<label>$INFO[ListItem.ChannelName]</label>
						</control>
					</channellayout>
					<focusedchannellayout height="42" width="220">
						<animation effect="fade" start="110" time="200">OnFocus</animation>
						<control type="image">
							<width>215</width>
							<height>38</height>
							<texture border="8">pvr/column-left.png</texture>
							<colordiffuse>LiveTVColumnColor3</colordiffuse>
							<include>LiveTVColumnFadeAnim</include>
						</control>
						<control type="label">
							<description>Channel Number</description>
							<left>10</left>
							<width>40</width>
							<height>38</height>
							<include>LiveTVColumnNumberLabel</include>
							<label>$INFO[ListItem.ChannelNumber]</label>		
						</control>
						<control type="label">
							<description>Channel Name</description>
							<left>50</left>
							<width>155</width>
							<height>38</height>
							<include>LiveTVColumnChannelLabel</include>
							<label>$INFO[ListItem.ChannelName]</label>
						</control>
					</focusedchannellayout>
					<itemlayout height="42" width="102">
						<control type="image" id="2">
							<description>movie / drama</description>
							<width>98</width>
							<height>38</height>
							<texture border="8">pvr/column.png</texture>
							<colordiffuse>ff8b5015</colordiffuse>
							<include>LiveTVColumnFadeAnim</include>
							<visible>String.IsEqual(ListItem.Property(GenreType),16)</visible>
						</control>
						<control type="image" id="3">
							<description>news</description>
							<width>98</width>
							<height>38</height>
							<texture border="8">pvr/column.png</texture>
							<colordiffuse>ff446444</colordiffuse>
							<include>LiveTVColumnFadeAnim</include>
							<visible>String.IsEqual(ListItem.Property(GenreType),32)</visible>
						</control>
						<control type="image" id="4">
							<description>show / gameshow</description>
							<width>98</width>
							<height>38</height>
							<texture border="8">pvr/column.png</texture>
							<colordiffuse>ff8d8c17</colordiffuse>
							<include>LiveTVColumnFadeAnim</include>
							<visible>String.IsEqual(ListItem.Property(GenreType),48)</visible>
						</control>
						<control type="image" id="5">
							<description>sports</description>
							<width>98</width>
							<height>38</height>
							<texture border="8">pvr/column.png</texture>
							<colordiffuse>ff930d1d</colordiffuse>
							<include>LiveTVColumnFadeAnim</include>
							<visible>String.IsEqual(ListItem.Property(GenreType),64)</visible>
						</control>
						<control type="image" id="6">
							<description>children</description>
							<width>98</width>
							<height>38</height>
							<texture border="8">pvr/column.png</texture>
							<colordiffuse>ff13897a</colordiffuse>
							<include>LiveTVColumnFadeAnim</include>
							<visible>String.IsEqual(ListItem.Property(GenreType),80)</visible>
						</control>
						<control type="image" id="7">
							<description>music / ballet / dance</description>
							<width>98</width>
							<height>38</height>
							<texture border="8">pvr/column.png</texture>
							<colordiffuse>ff2d9234</colordiffuse>
							<include>LiveTVColumnFadeAnim</include>
							<visible>String.IsEqual(ListItem.Property(GenreType),96)</visible>
						</control>
						<control type="image" id="8">
							<description>arts / culture</description>
							<width>98</width>
							<height>38</height>
							<texture border="8">pvr/column.png</texture>
							<colordiffuse>ff022788</colordiffuse>
							<include>LiveTVColumnFadeAnim</include>
							<visible>String.IsEqual(ListItem.Property(GenreType),112)</visible>
						</control>
						<control type="image" id="9">
							<description>social / political / economics</description>
							<width>98</width>
							<height>38</height>
							<texture border="8">pvr/column.png</texture>
							<colordiffuse>ff641864</colordiffuse>
							<include>LiveTVColumnFadeAnim</include>
							<visible>String.IsEqual(ListItem.Property(GenreType),128)</visible>
						</control>
						<control type="image" id="10">
							<description>education / science / factual</description>
							<width>98</width>
							<height>38</height>
							<texture border="8">pvr/column.png</texture>
							<colordiffuse>ff797a7c</colordiffuse>
							<include>LiveTVColumnFadeAnim</include>
							<visible>String.IsEqual(ListItem.Property(GenreType),144)</visible>
						</control>
						<control type="image" id="11">
							<description>leisure / hobbies</description>
							<width>98</width>
							<height>38</height>
							<texture border="8">pvr/column.png</texture>
							<colordiffuse>ff5a5a7e</colordiffuse>
							<include>LiveTVColumnFadeAnim</include>
							<visible>String.IsEqual(ListItem.Property(GenreType),160)</visible>
						</control>
						<control type="image" id="12">
							<description>special event</description>
							<width>98</width>
							<height>38</height>
							<texture border="8">pvr/column.png</texture>
							<colordiffuse>ff1a6973</colordiffuse>
							<include>LiveTVColumnFadeAnim</include>
							<visible>String.IsEqual(ListItem.Property(GenreType),176)</visible>
						</control>
						<control type="image" id="13">
							<description>other / unknown</description>
							<width>98</width>
							<height>38</height>
							<texture border="8">pvr/column.png</texture>
							<colordiffuse>LiveTVColumnColor2</colordiffuse>
							<include>LiveTVColumnFadeAnim</include>
							<visible>!String.IsEqual(ListItem.Property(GenreType),16) + !String.IsEqual(ListItem.Property(GenreType),32)
							+ !String.IsEqual(ListItem.Property(GenreType),48) + !String.IsEqual(ListItem.Property(GenreType),64)
							+ !String.IsEqual(ListItem.Property(GenreType),80) + !String.IsEqual(ListItem.Property(GenreType),96)
							+ !String.IsEqual(ListItem.Property(GenreType),112) + !String.IsEqual(ListItem.Property(GenreType),128)
							+ !String.IsEqual(ListItem.Property(GenreType),144) + !String.IsEqual(ListItem.Property(GenreType),160)
							+ !String.IsEqual(ListItem.Property(GenreType),176)</visible>
						</control>
						<control type="label" id="1">
							<left>8</left>
							<width>85</width>
							<height>38</height>
							<align>left</align>
							<include>LiveTVColumnItemLabel</include>
							<label>$INFO[ListItem.Label]</label>
							<visible>![ListItem.HasTimer | ListItem.IsRecording]</visible>
						</control>
						<control type="label" id="1">
							<left>40</left>
							<width>20</width>
							<height>38</height>
							<align>left</align>
							<include>LiveTVColumnItemLabel</include>
							<label>$INFO[ListItem.Label]</label>
							<visible>ListItem.HasTimer | ListItem.IsRecording</visible>
						</control>
						<control type="image">
							<description>Timer</description>
							<left>10</left>
							<top>8</top>
							<width>22</width>
							<height>22</height>
							<texture>pvr/status_timer.png</texture>
							<colordiffuse>WhiteColor</colordiffuse>
							<visible>ListItem.HasTimer + !ListItem.IsRecording</visible>
						</control>
						<control type="image">
							<description>Record</description>
							<left>10</left>
							<top>8</top>
							<width>22</width>
							<height>22</height>
							<texture>pvr/status_recording.png</texture>
							<colordiffuse>WhiteColor</colordiffuse>
							<visible>ListItem.IsRecording</visible>
						</control>
					</itemlayout>
					<focusedlayout height="42" width="102">
						<control type="image" id="2">
							<width>98</width>
							<height>38</height>
							<texture border="8">pvr/column.png</texture>
							<colordiffuse>LiveTVColumnColor3</colordiffuse>
							<include>LiveTVColumnFadeAnim</include>
						</control>
						<control type="label" id="1">
							<left>8</left>
							<width>85</width>
							<height>38</height>
							<align>left</align>
							<include>LiveTVColumnItemLabel</include>
							<label>$INFO[ListItem.Label]</label>
							<visible>![ListItem.HasTimer | ListItem.IsRecording]</visible>
						</control>
						<control type="label" id="1">
							<left>40</left>
							<width>20</width>
							<height>38</height>
							<align>left</align>
							<include>LiveTVColumnItemLabel</include>
							<label>$INFO[ListItem.Label]</label>
							<visible>ListItem.HasTimer | ListItem.IsRecording</visible>
						</control>
						<control type="image">
							<description>Timer</description>
							<left>10</left>
							<top>8</top>
							<width>22</width>
							<height>22</height>
							<texture>pvr/status_timer.png</texture>
							<colordiffuse>WhiteColor</colordiffuse>
							<visible>ListItem.HasTimer + !ListItem.IsRecording</visible>
						</control>
						<control type="image">
							<description>Record</description>
							<left>10</left>
							<top>8</top>
							<width>22</width>
							<height>22</height>
							<texture>pvr/status_recording.png</texture>
							<colordiffuse>WhiteColor</colordiffuse>
							<visible>ListItem.IsRecording</visible>
						</control>
					</focusedlayout>
				</control>
			</control>

			<control type="group" id="500">
				<left>40</left>
				<top>110</top>
				<defaultcontrol always="true">11</defaultcontrol>
				<visible>Control.IsVisible(11)</visible>
				<include>TVGuideFullscreenOpenCloseAnim</include>
				<include>TVGuideFullscreenOpenCloseAnim2</include>
				<animation effect="slide" end="135,0" condition="!String.IsEmpty(Window(home).Property(TVGuideFullscreen))">Conditional</animation>

				<include>LiveTVColumnHeaderArea2</include>

				<control type="list" id="11">
					<viewtype label="19030">list</viewtype>
					<top>34</top>
					<width>1220</width>
					<include condition="String.IsEmpty(Window(home).Property(TVGuideFullscreen))">TVGuideNormal2</include>
					<include condition="!String.IsEmpty(Window(home).Property(TVGuideFullscreen))">TVGuideFullscreen2</include>
					<onright condition="Control.IsVisible(904)">904</onright>
					<ondown condition="String.IsEmpty(Window(home).Property(TVGuideFullscreen))">11</ondown>
					<pagecontrol>904</pagecontrol>
					<preloaditems>2</preloaditems>
					<itemlayout height="42">
						<include>LiveTVColumnItemLayout2</include>
						<include>LiveTVColumnLayoutArea2</include>
					</itemlayout>
					<focusedlayout height="42">
						<include>LiveTVColumnFocusedLayout</include>
						<include>LiveTVColumnLayoutArea2</include>
					</focusedlayout>
				</control>

				<include condition="String.IsEmpty(Window(home).Property(TVGuideFullscreen))">ColumnsViewScrollbar</include>
			</control>
			
			<control type="group" id="500">
				<left>40</left>
				<top>110</top>
				<defaultcontrol always="true">12</defaultcontrol>
				<visible>Control.IsVisible(12)</visible>
				<include>TVGuideFullscreenOpenCloseAnim</include>
				<include>TVGuideFullscreenOpenCloseAnim2</include>
				<animation effect="slide" end="135,0" condition="!String.IsEmpty(Window(home).Property(TVGuideFullscreen))">Conditional</animation>

				<include>LiveTVColumnHeaderArea2</include>

				<control type="list" id="12">
					<viewtype label="19031">list</viewtype>
					<top>34</top>
					<width>1220</width>
					<include condition="String.IsEmpty(Window(home).Property(TVGuideFullscreen))">TVGuideNormal2</include>
					<include condition="!String.IsEmpty(Window(home).Property(TVGuideFullscreen))">TVGuideFullscreen2</include>
					<onright condition="Control.IsVisible(904)">904</onright>
					<ondown condition="String.IsEmpty(Window(home).Property(TVGuideFullscreen))">12</ondown>
					<pagecontrol>904</pagecontrol>
					<preloaditems>2</preloaditems>
					<itemlayout height="42">
						<include>LiveTVColumnItemLayout2</include>
						<include>LiveTVColumnLayoutArea2</include>
					</itemlayout>
					<focusedlayout height="42">
						<include>LiveTVColumnFocusedLayout</include>
						<include>LiveTVColumnLayoutArea2</include>
					</focusedlayout>
				</control>

				<include>ColumnsViewScrollbar</include>
			</control>
			
			<control type="group" id="500">
				<left>40</left>
				<top>110</top>
				<defaultcontrol always="true">13</defaultcontrol>
				<visible>Control.IsVisible(13)</visible>
				<include>TVGuideFullscreenOpenCloseAnim</include>
				<include>TVGuideFullscreenOpenCloseAnim2</include>
				<animation effect="slide" end="135,0" condition="!String.IsEmpty(Window(home).Property(TVGuideFullscreen))">Conditional</animation>

				<include>LiveTVColumnHeaderArea</include>

				<control type="group">
					<top>34</top>
					<include>LiveTVColumnItemLayout</include>
					<visible>String.IsEqual(Container(13).ListItemPosition(0).ChannelName,)</visible>
				</control>
				<control type="group">
					<top>76</top>
					<include>LiveTVColumnItemLayout</include>
					<visible>String.IsEqual(Container(13).ListItemPosition(1).ChannelName,)</visible>
				</control>
				<control type="group">
					<top>118</top>
					<include>LiveTVColumnItemLayout</include>
					<visible>String.IsEqual(Container(13).ListItemPosition(2).ChannelName,)</visible>
				</control>
				<control type="group">
					<top>160</top>
					<include>LiveTVColumnItemLayout</include>
					<visible>String.IsEqual(Container(13).ListItemPosition(3).ChannelName,)</visible>
				</control>
				<control type="group">
					<top>202</top>
					<include>LiveTVColumnItemLayout</include>
					<visible>String.IsEqual(Container(13).ListItemPosition(4).ChannelName,)</visible>
				</control>
				<control type="group">
					<top>244</top>
					<include>LiveTVColumnItemLayout</include>
					<visible>String.IsEqual(Container(13).ListItemPosition(5).ChannelName,)</visible>
				</control>
				<control type="group">
					<top>286</top>
					<include>LiveTVColumnItemLayout</include>
					<visible>String.IsEqual(Container(13).ListItemPosition(6).ChannelName,)</visible>
				</control>
				<control type="group">
					<top>328</top>
					<include>LiveTVColumnItemLayout</include>
					<visible>String.IsEqual(Container(13).ListItemPosition(7).ChannelName,)</visible>
				</control>
				<control type="group">
					<top>370</top>
					<include>LiveTVColumnItemLayout</include>
					<visible>String.IsEqual(Container(13).ListItemPosition(8).ChannelName,) + !String.IsEmpty(Window(home).Property(TVGuideFullscreen))</visible>
				</control>
				<control type="group">
					<top>412</top>
					<include>LiveTVColumnItemLayout</include>
					<visible>String.IsEqual(Container(13).ListItemPosition(9).ChannelName,) + !String.IsEmpty(Window(home).Property(TVGuideFullscreen))</visible>
				</control>
				<control type="group">
					<top>454</top>
					<include>LiveTVColumnItemLayout</include>
					<visible>String.IsEqual(Container(13).ListItemPosition(10).ChannelName,) + !String.IsEmpty(Window(home).Property(TVGuideFullscreen))</visible>
				</control>

				<control type="list" id="13">
					<viewtype label="19029">list</viewtype>
					<top>34</top>
					<width>1220</width>
					<include condition="String.IsEmpty(Window(home).Property(TVGuideFullscreen))">TVGuideNormal2</include>
					<include condition="!String.IsEmpty(Window(home).Property(TVGuideFullscreen))">TVGuideFullscreen2</include>
					<onright condition="Control.IsVisible(904)">904</onright>
					<ondown condition="String.IsEmpty(Window(home).Property(TVGuideFullscreen))">13</ondown>
					<pagecontrol>904</pagecontrol>
					<preloaditems>2</preloaditems>
					<itemlayout height="42">
						<include>LiveTVColumnItemLayout</include>
						<include>LiveTVColumnLayoutArea</include>
					</itemlayout>
					<focusedlayout height="42">
						<include>LiveTVColumnFocusedLayout</include>
						<include>LiveTVColumnLayoutArea</include>
					</focusedlayout>
				</control>

				<include>ColumnsViewScrollbar</include>
			</control>
			
			<include>ViewsDialogPopUpScreenDim</include>
		</control>
		
		<include condition="String.IsEmpty(Window(home).Property(TVGuideFullscreen))">PVRMenuBar</include>

		<control type="group">
			<description>Top Bar Area</description>
			<visible>![System.IdleTime(3) + !Control.IsVisible(505) + Skin.HasSetting(HideTopBar) + !Control.HasFocus(555)] + String.IsEmpty(Window(home).Property(TVGuideFullscreen))</visible>
			<depth>DepthTopBar</depth>
			<include>TopBarImage</include>
			<include>TopBarOpenCloseAnim</include>
			<include>BreadCrumbPVR</include>
			<include>Notifications</include>
		</control>
	</controls>
</window>