<?xml version="1.0" encoding="UTF-8"?>
<window>
	<defaultcontrol always="true">21</defaultcontrol>

	<coordinates>
		<system>1</system>
		<origin x="506" y="190">true</origin>
	</coordinates>

	<controls>	
		<control type="group">
			<depth>DepthDialog+</depth>
			<include>DialogOpenCloseAnim</include>
			
			<include content="DialogWithCloseBtn4">
				<param name="width" value="268"/>
				<param name="height" value="323" />
				<param name="left" value="208" />
			</include>
			
			<control type="group">	
				<description>Input Area</description>
				<left>DialogMarginOffsetX</left>
				<top>Dialog4MarginOffsetY</top>
				
				<control type="image">
					<description>Input Background</description>
					<width>198</width>	
					<height>35</height>
					<texture border="5">controls/button-nofocus.png</texture>
				</control>
				
				<control type="label" id="4">
					<description>Input</description>
					<left>5</left>
					<width>188</width>	
					<height>35</height>
					<include>DialogContentLabel</include>
				</control>		
			
				<control type="group">
					<description>Keyboard Area</description>
					<top>55</top>
					
					<control type="button" id="11">
						<description>'1' Key</description>
						<include>KeyboardSmallBtn</include>
						<label>$LOCALIZE[12311]</label>
						<onup>noop</onup>
						<ondown>14</ondown>
						<onleft>noop</onleft>
						<onright>12</onright>
					</control>
					
					<control type="button" id="12">
						<description>'2' Key</description>
						<left>50</left>
						<include>KeyboardSmallBtn</include>
						<label>$LOCALIZE[12312]</label>
						<onup>noop</onup>
						<ondown>15</ondown>
						<onleft>11</onleft>
						<onright>13</onright>
					</control>
					
					<control type="button" id="13">
						<description>'3' Key</description>
						<left>100</left>
						<include>KeyboardSmallBtn</include>
						<label>$LOCALIZE[12313]</label>
						<onup>noop</onup>
						<ondown>16</ondown>
						<onleft>12</onleft>
						<onright>23</onright>
					</control>
					
					<control type="button" id="23">
						<description>Clear Key</description>
						<left>150</left>
						<height>98</height>
						<include>KeyboardSmallBtn</include>
						<font>ButtonFont</font>
						<label>C</label>
						<onup>noop</onup>
						<ondown>21</ondown>
						<onleft>13</onleft>
						<onright>noop</onright>
					</control>
					
					<control type="button" id="14">
						<description>'4' Key</description>
						<top>50</top>
						<include>KeyboardSmallBtn</include>
						<label>$LOCALIZE[12314]</label>
						<onup>11</onup>
						<ondown>17</ondown>
						<onleft>noop</onleft>
						<onright>15</onright>
					</control>
					
					<control type="button" id="15">
						<description>'5' Key</description>
						<left>50</left>
						<top>50</top>
						<include>KeyboardSmallBtn</include>
						<label>$LOCALIZE[12315]</label>
						<onup>12</onup>
						<ondown>18</ondown>
						<onleft>14</onleft>
						<onright>16</onright>
					</control>
					
					<control type="button" id="16">
						<description>'6' Key</description>
						<left>100</left>
						<top>50</top>
						<include>KeyboardSmallBtn</include>
						<label>$LOCALIZE[12316]</label>
						<onup>13</onup>
						<ondown>19</ondown>
						<onleft>15</onleft>
						<onright>23</onright>
					</control>
					
					<control type="button" id="17">
						<description>'7' Key</description>
						<top>100</top>
						<include>KeyboardSmallBtn</include>
						<label>$LOCALIZE[12317]</label>
						<onup>14</onup>
						<ondown>20</ondown>
						<onleft>noop</onleft>
						<onright>18</onright>
					</control>
					
					<control type="button" id="18">
						<description>'8' Key</description>
						<left>50</left>
						<top>100</top>
						<include>KeyboardSmallBtn</include>
						<label>$LOCALIZE[12318]</label>
						<onup>15</onup>
						<ondown>10</ondown>
						<onleft>17</onleft>
						<onright>19</onright>
					</control>
					
					<control type="button" id="19">
						<description>'9' Key</description>
						<left>100</left>
						<top>100</top>
						<include>KeyboardSmallBtn</include>
						<label>$LOCALIZE[12319]</label>
						<onup>16</onup>
						<ondown>22</ondown>
						<onleft>18</onleft>
						<onright>21</onright>
					</control>
					
					<control type="button" id="21">
						<description>Enter Key</description>
						<left>150</left>
						<top>100</top>
						<height>98</height>
						<include>KeyboardSmallBtn</include>
						<font>ButtonFont</font>
						<label>E</label>
						<onup>23</onup>
						<ondown>noop</ondown>
						<onleft>19</onleft>
						<onright>noop</onright>
					</control>
					
					<control type="button" id="20">
						<description>Previous Key</description>
						<top>150</top>
						<font>DialogTitleFont</font>
						<include>KeyboardSmallBtn</include>
						<label>&lt;</label>
						<onup>17</onup>
						<ondown>noop</ondown>
						<onleft>noop</onleft>
						<onright>10</onright>
					</control>
					
					<control type="button" id="10">
						<description>'0' Key</description>
						<left>50</left>
						<top>150</top>
						<include>KeyboardSmallBtn</include>
						<label>$LOCALIZE[12310]</label>
						<onup>18</onup>
						<ondown>noop</ondown>
						<onleft>20</onleft>
						<onright>22</onright>
					</control>
					
					<control type="button" id="22">
						<description>Next Key</description>
						<left>100</left>
						<top>150</top>
						<font>DialogTitleFont</font>
						<include>KeyboardSmallBtn</include>
						<label>&gt;</label>
						<onup>19</onup>
						<ondown>noop</ondown>
						<onleft>10</onleft>
						<onright>21</onright>
					</control>		
				</control>	
			</control>
		</control>
	</controls>	
</window>