<?xml version="1.0" encoding="UTF-8"?>
<window>
	<defaultcontrol>1</defaultcontrol>
	<include>dialogeffect</include>
	<controls>
		<control type="group">
			<left>600r</left>
			<top>0</top>
			<control type="image" id="0">
				<description>popup volume dialog background</description>
				<width>600</width>
				<height>450</height>
				<texture>shadowtopcorner.png</texture>
			</control>
			<control type="image">
				<description>Lite Volume Logo</description>
				<left>450</left>
				<top>15</top>
				<width>60</width>
				<height>60</height>
				<aspectratio>keep</aspectratio>
				<texture>volumelogo.png</texture>
				<visible>!Player.Muted</visible>
				<include>VisibleFadeEffect</include>
			</control>
			<control type="image">
				<description>Lite Volume Logo</description>
				<left>450</left>
				<top>15</top>
				<width>60</width>
				<height>60</height>
				<aspectratio>keep</aspectratio>
				<texture>icon-mute.png</texture>
				<visible>Player.Muted</visible>
				<include>VisibleFadeEffect</include>
			</control>
			<control type="progress" id="1">
				<description>progress control</description>
				<left>390</left>
				<top>60</top>
				<width>192</width>
				<height>48</height>
				<reveal>true</reveal>
				<info>Player.Volume</info>
				<texturebg>volume_background.png</texturebg>
				<lefttexture />
				<midtexture>volume_middle.png</midtexture>
				<righttexture />
				<overlaytexture />
			</control>
		</control>
	</controls>
</window>
