<?xml version="1.0" encoding="UTF-8"?>
<window>
	<defaultcontrol always="true">50</defaultcontrol>
	<menucontrol>850</menucontrol>
	<views>50</views>
	
	<controls>
		<control type="group">
			<depth>DepthBackground</depth>
			<include>BackgroundDefault</include>
			<include condition="[[!String.IsEmpty(Skin.String(CustomPVRBGPath)) + [Skin.String(CustomPVRBGType,2) | Skin.String(CustomPVRBGType,3)]] | Skin.String(CustomPVRBGType,4)] + Skin.HasSetting(ApplyAllPVRCustomBG) + [Window.IsActive(TVTimers) | Window.IsActive(TVTimerRules)]">BackgroundPVR</include>
			<include condition="[[!String.IsEmpty(Skin.String(CustomPVRRadioBGPath)) + [Skin.String(CustomPVRRadioBGType,2) | Skin.String(CustomPVRRadioBGType,3)]] | Skin.String(CustomPVRRadioBGType,4)] + Skin.HasSetting(ApplyAllPVRRadioCustomBG) + [Window.IsActive(RadioTimers) | Window.IsActive(RadioTimerRules)]">BackgroundPVRRadio</include>
			<include>BackgroundOpenCloseAnim</include>
		</control>
		
		<control type="group">
			<depth>DepthContent</depth>
			<visible>!Window.IsActive(DialogPVRInfo.xml)</visible>
			
			<include>LiveTVColumnInfoArea</include>
		
			<control type="group" id="500">
				<left>40</left>
				<top>110</top>
				<include>ControlsOpenCloseAnim</include>

				<include>LiveTVColumnHeaderArea</include>

				<control type="group">
					<top>76</top>
					<include>LiveTVColumnItemLayout</include>
					<visible>String.IsEmpty(Container(50).ListItemPosition(1).ChannelName)</visible>
				</control>
				<control type="group">
					<top>118</top>
					<include>LiveTVColumnItemLayout</include>
					<visible>String.IsEmpty(Container(50).ListItemPosition(2).ChannelName)</visible>
				</control>
				<control type="group">
					<top>160</top>
					<include>LiveTVColumnItemLayout</include>
					<visible>String.IsEmpty(Container(50).ListItemPosition(3).ChannelName)</visible>
				</control>
				<control type="group">
					<top>202</top>
					<include>LiveTVColumnItemLayout</include>
					<visible>String.IsEmpty(Container(50).ListItemPosition(4).ChannelName)</visible>
				</control>
				<control type="group">
					<top>244</top>
					<include>LiveTVColumnItemLayout</include>
					<visible>String.IsEmpty(Container(50).ListItemPosition(5).ChannelName)</visible>
				</control>
				<control type="group">
					<top>286</top>
					<include>LiveTVColumnItemLayout</include>
					<visible>String.IsEmpty(Container(50).ListItemPosition(6).ChannelName)</visible>
				</control>
				<control type="group">
					<top>328</top>
					<include>LiveTVColumnItemLayout</include>
					<visible>String.IsEmpty(Container(50).ListItemPosition(7).ChannelName)</visible>
				</control>

				<control type="list" id="50">
					<top>34</top>
					<width>1220</width>
					<height>336</height>
					<onup>50</onup>
					<ondown>50</ondown>
					<onleft>850</onleft>
					<onright condition="Control.IsVisible(90401)">90401</onright>
					<onright condition="!Control.IsVisible(90401)">850</onright>
					<pagecontrol>90401</pagecontrol>
					<preloaditems>2</preloaditems>
					<itemlayout height="42">
						<include>LiveTVColumnItemLayout</include>
						<include>LiveTVColumnLayoutArea3</include>
					</itemlayout>
					<focusedlayout height="42">
						<include>LiveTVColumnFocusedLayout</include>
						<include>LiveTVColumnLayoutArea3</include>
					</focusedlayout>
				</control>

				<include>ColumnsViewScrollbar</include>
				<include>ViewsDialogPopUpScreenDim</include>
			</control>
		</control>
		
		<include>PVRMenuBar</include>

		<control type="group">
			<description>Top Bar Area</description>
			<visible>$EXP[HideTopBar]</visible>
			<depth>DepthTopBar</depth>
			<include>TopBarImage</include>
			<include>TopBarOpenCloseAnim</include>
			<include>BreadCrumbPVR</include>
			<include>Notifications</include>
		</control>
		
		<control type="group">
			<description>Bottom Bar Area</description>
			<top>675</top>
			<include>BottomPaneOpenCloseAnim</include>
			<control type="label">
				<left>740</left>
				<width>500</width>
				<align>right</align>
				<include>InfoPaneHeadLabel</include>
				<label>[B]$INFO[PVR.NextTimer][/B]</label>
				<visible>!String.IsEmpty(PVR.NextTimer)</visible>
			</control>
		</control>
	</controls>
</window>