<?xml version="1.0" encoding="UTF-8"?>
<includes>
	<!--//// START LIST INFO 3 VIEW ///////////////////////////////////////////////////////////////////-->
	<include name="ListInfoView3">
		<control type="group" id="500">
	        <defaultcontrol always="true">60</defaultcontrol>
			<visible>Control.IsVisible(60)</visible>
			<include>MediaViewOpenCloseAnim</include>
			<include>ViewContentPanel</include>
			<include condition="!Window.IsActive(Pictures)">ListInfo3MediaInfoPanelCommon</include>
			<include condition="Window.IsActive(Pictures)">ViewContentPanelPictures</include>
			
			<control type="group">
				<visible>Container.Content(Movies) | Container.Content(Sets)</visible>
				<include condition="Window.IsActive(Videos)">MoviesListInfo3</include>
			</control>
			
			<control type="group">
				<visible>Container.Content(TVShows) | Container.Content(Seasons) | Container.Content(Episodes)</visible>
				<include condition="Window.IsActive(Videos)">TVShowsListInfo3</include>
			</control>
			
			<include condition="Window.IsActive(Music)">MusicListInfo3</include>
			<include condition="Window.IsActive(Pictures)">PicturesListInfo3</include>
			
			<control type="list" id="60">
				<viewtype label="31115">list</viewtype>
				<left>456</left>
				<top>110</top>
				<width>354</width>
				<height>518</height>
				<pagecontrol>90803</pagecontrol>
				<preloaditems>2</preloaditems>
				<scrolltime tween="sine" easing="inout">300</scrolltime>
				<onup>60</onup>
				<ondown>60</ondown>
				<onleft>850</onleft>
				<onright>150</onright>
				<visible>Container.Content(Movies) | Container.Content(Sets) | Container.Content(TVShows) | Container.Content(Seasons) | Container.Content(Episodes) | Container.Content(Albums) | Container.HasFiles</visible>
				<itemlayout height="37" condition="Container.Content(Movies) | Container.Content(Sets) | Container.Content(Episodes)">
					<include content="ListInfo3Itemlayout">
						<param name="left" value="5" />
						<param name="visible_actualicon" value="String.IsEmpty(ListItem.Title)" />
						<param name="visible_label" value="true" />
					</include>
					<control type="group">
						<visible>!String.IsEmpty(ListItem.Title)</visible>
						<include content="VideoOverlays">
							<param name="top" value="6"/>
							<param name="left" value="5"/>
						</include>
					</control>
				</itemlayout>
				<focusedlayout height="37" condition="Container.Content(Movies) | Container.Content(Sets) | Container.Content(Episodes)">
					<include content="ListInfo3Focusedlayout">
						<param name="left" value="5" />
						<param name="visible_actualicon" value="String.IsEmpty(ListItem.Title)" />
						<param name="visible_label" value="true" />
					</include>
					<control type="group">
						<visible>!String.IsEmpty(ListItem.Title)</visible>
						<include content="VideoOverlays2">
							<param name="top" value="6"/>
							<param name="left" value="5"/>
						</include>
					</control>
				</focusedlayout>
				<itemlayout height="37" condition="[Container.Content(TVShows) | Container.Content(Seasons)] + [String.IsEmpty(Skin.String(TVShowsListInfo3Style)) | Skin.String(TVShowsListInfo3Style,1)]">
					<include content="ListInfo3Itemlayout">
						<param name="left" value="4" />
						<param name="visible_actualicon" value="String.IsEmpty(ListItem.Title)" />
						<param name="visible_label" value="String.IsEmpty(ListItem.Title)" />
					</include>
					<include content="ListInfo3TVShowsOverlays">
						<param name="textcolor" value="white" />
						<param name="scroll" value="false" />
					</include>
				</itemlayout>
				<focusedlayout height="37" condition="[Container.Content(TVShows) | Container.Content(Seasons)] + [String.IsEmpty(Skin.String(TVShowsListInfo3Style)) | Skin.String(TVShowsListInfo3Style,1)]">
					<include content="ListInfo3Focusedlayout">
						<param name="left" value="4" />
						<param name="visible_actualicon" value="String.IsEmpty(ListItem.Title)" />
						<param name="visible_label" value="String.IsEmpty(ListItem.Title)" />
					</include>
					<include content="ListInfo3TVShowsOverlays">
						<param name="textcolor" value="SelectedColor" />
						<param name="scroll" value="false" />
					</include>
				</focusedlayout>
				<itemlayout height="74" condition="[Container.Content(TVShows) | Container.Content(Seasons)] + Skin.String(TVShowsListInfo3Style,2)">
					<control type="image">
						<width>354</width>
						<height>74</height>
						<texture border="0,0,10,2">views/list-separator.png</texture>
						<aspectratio>stretch</aspectratio>
					</control>
					<control type="image">
						<description>Icon</description>
						<left>5</left>
						<width>74</width>
						<height>74</height>
						<bordersize>2</bordersize>
						<texture background="true">$INFO[ListItem.Icon]</texture>
						<aspectratio>keep</aspectratio>
						<visible>String.IsEmpty(ListItem.Title)</visible>
						<animation effect="fade" end="40" condition="true">Conditional</animation>
					</control>
					<control type="label">
						<description>Label</description>
						<top>10</top>
						<left>89</left>
						<width>255</width>
						<font>ListFont</font>
						<textcolor>ListColor</textcolor>
						<shadowcolor>ShadowColor</shadowcolor>
						<info>ListItem.Label</info>
						<visible>String.IsEmpty(ListItem.Thumb)</visible>
					</control>
					<control type="group">
						<visible>!String.IsEmpty(ListItem.Title)</visible>
						<control type="image">
							<description>Cover</description>
							<left>5</left>
							<top>5</top>
							<width>344</width>
							<height>64</height>
							<texture background="true">$VAR[BannerThumb]</texture>
							<aspectratio>scale</aspectratio>
						</control>
						<control type="image">
							<description>Dim</description>
							<left>5</left>
							<top>5</top>
							<width>344</width>
							<height>64</height>
							<texture background="true">dim.png</texture>
							<aspectratio>stretch</aspectratio>
							<visible>!String.IsEmpty(ListItem.Thumb)</visible>
							<include>CoverDimAnim</include>
						</control>
						<control type="image">
							<description>Default Cover</description>
							<left>5</left>
							<width>74</width>
							<height>74</height>
							<bordersize>2</bordersize>
							<texture background="true">$INFO[ListItem.ActualIcon]</texture>
							<aspectratio>keep</aspectratio>
							<visible>String.IsEmpty(ListItem.Thumb)</visible>
							<animation effect="fade" end="40" condition="true">Conditional</animation>
						</control>
							<control type="label">
							<description>Label</description>
							<top>10</top>
							<width>344</width>
							<align>center</align>
							<font>ListFont</font>
							<textcolor>ListColor</textcolor>
							<shadowcolor>ShadowColor</shadowcolor>
							<label>[UPPERCASE]$INFO[ListItem.Label][/UPPERCASE]</label>
							<visible>String.IsEmpty(ListItem.Art(banner)) + ![String.IsEqual(ListItem.Label,$LOCALIZE[20366]) + String.IsEmpty(ListItem.Thumb)]</visible>
						</control>
						<include>ListInfo3TVShowsBannerOverlays</include>
					</control>
				</itemlayout>
				<focusedlayout height="74" condition="[Container.Content(TVShows) | Container.Content(Seasons)] + Skin.String(TVShowsListInfo3Style,2)">
					<include content="TallStyleFocusedlayoutBackgrounds">
						<param name="width" value="354" />
						<param name="id" value="60" />
					</include>
					<control type="label">
						<description>Label</description>
						<top>10</top>
						<left>89</left>
						<width>255</width>
						<font>ListFont</font>
						<textcolor>SelectedColor</textcolor>
						<shadowcolor>ShadowColor</shadowcolor>
						<scroll>true</scroll>
						<info>ListItem.Label</info>
						<visible>String.IsEmpty(ListItem.Thumb)</visible>
					</control>
					<control type="image">
						<description>Icon</description>
						<left>5</left>
						<width>74</width>
						<height>74</height>
						<align>center</align>
						<bordersize>2</bordersize>
						<texture background="true">$INFO[ListItem.Icon]</texture>
						<aspectratio>keep</aspectratio>
						<visible>String.IsEmpty(ListItem.Title)</visible>
					</control>
					<control type="group">
						<visible>!String.IsEmpty(ListItem.Title)</visible>
						<control type="image">
							<description>Cover</description>
							<left>5</left>
							<top>5</top>
							<width>344</width>
							<height>64</height>
							<texture background="true">$VAR[BannerThumb]</texture>
							<aspectratio>scale</aspectratio>
						</control>
						<control type="image">
							<description>Default Cover</description>
							<left>5</left>
							<width>74</width>
							<height>74</height>
							<bordersize>2</bordersize>
							<texture background="true">$INFO[ListItem.ActualIcon]</texture>
							<aspectratio>keep</aspectratio>
							<visible>String.IsEmpty(ListItem.Thumb)</visible>
						</control>
						<control type="label">
							<description>Label</description>
							<top>10</top>
							<width>344</width>
							<align>center</align>
							<font>ListFont</font>
							<textcolor>SelectedColor</textcolor>
							<shadowcolor>ShadowColor</shadowcolor>
							<scroll>true</scroll>
							<label>[UPPERCASE]$INFO[ListItem.Label][/UPPERCASE]</label>
							<visible>String.IsEmpty(ListItem.Art(banner)) + ![String.IsEqual(ListItem.Label,$LOCALIZE[20366]) + String.IsEmpty(ListItem.Thumb)]</visible>
						</control>
						<include>ListInfo3TVShowsBannerOverlays</include>
					</control>
				</focusedlayout>
				<itemlayout height="37" condition="Container.Content(Albums) | [Container.HasFiles + [String.IsEmpty(Skin.String(PicturesListStyle)) | Skin.String(PicturesListStyle,1) | Skin.String(PicturesListStyle,3)]]">
					<include content="ListInfo3Itemlayout">
						<param name="left" value="5" />
						<param name="visible_actualicon" value="true" />
						<param name="visible_label" value="true" />
					</include>
				</itemlayout>
				<itemlayout condition="Container.HasFiles + Skin.String(PicturesListStyle,2)" height="74">
					<control type="image">
						<width>354</width>
						<height>74</height>
						<texture border="0,0,10,2">views/list-separator.png</texture>
						<aspectratio>stretch</aspectratio>
					</control>
					<control type="image">
						<description>Cover</description>
						<width>73</width>
						<height>73</height>
						<bordertexture border="7">covers/cover-case-nofocus.png</bordertexture>
						<bordersize>5</bordersize>
						<texture background="true">$INFO[ListItem.Thumb]</texture>
						<aspectratio>keep</aspectratio>
					</control>
					<control type="image">
						<description>Dim</description>
						<width>73</width>
						<height>73</height>
						<bordersize>5</bordersize>
						<texture background="true">dim.png</texture>
						<aspectratio>stretch</aspectratio>
						<visible>!String.IsEmpty(ListItem.Thumb)</visible>
						<include>CoverDimAnim</include>
					</control>
					<control type="image">
						<description>Default Cover</description>
						<width>73</width>
						<height>73</height>
						<bordersize>5</bordersize>
						<texture background="true">$INFO[ListItem.ActualIcon]</texture>
						<aspectratio>keep</aspectratio>
						<visible>String.IsEmpty(ListItem.Thumb)</visible>
						<animation effect="fade" end="40" condition="true">Conditional</animation>
					</control>
					<include content="ListInfo3ImagesLabels">
						<param name="textcolor" value="ListColor" />
					</include>
				</itemlayout>
				<focusedlayout height="37" condition="Container.Content(Albums) | [Container.HasFiles + [String.IsEmpty(Skin.String(PicturesListStyle)) | Skin.String(PicturesListStyle,1)]]">
					<include content="ListInfo3Focusedlayout">
						<param name="left" value="5" />
						<param name="visible_actualicon" value="true" />
						<param name="visible_label" value="true" />
					</include>
				</focusedlayout>
				<focusedlayout condition="Container.HasFiles + [Skin.String(PicturesListStyle,2) | Skin.String(PicturesListStyle,3)]" height="74">
					<control type="image">
						<width>354</width>
						<height>74</height>
						<texture border="0,0,10,2">views/list-separator.png</texture>
						<aspectratio>stretch</aspectratio>
					</control>
					<control type="image">
						<width>354</width>
						<height>73</height>
						<texture border="4">views/list-focus.png</texture>
						<aspectratio>stretch</aspectratio>
						<visible>Control.HasFocus(60)</visible>
						<include>ListViewSelectFadeAnim</include>
						<include condition="![Skin.String(LowCPUPowerMode,Animations) | Skin.String(LowCPUPowerMode,Full)] + !Skin.String(PicturesListStyle,3)">ListViewScrollAnim2</include>
						<include condition="![Skin.String(LowCPUPowerMode,Animations) | Skin.String(LowCPUPowerMode,Full)] + Skin.String(PicturesListStyle)">ListViewScrollAnim</include>
					</control>
					<control type="image">
						<width>354</width>
						<height>73</height>
						<texture border="4">views/list-alt-focus.png</texture>
						<aspectratio>stretch</aspectratio>
						<visible>!Control.HasFocus(60)</visible>
						<include>ListViewSelectFadeAnim2</include>
					</control>
					<control type="image">
						<description>Cover</description>
						<width>73</width>
						<height>73</height>
						<bordertexture border="7">covers/cover-case-nofocus.png</bordertexture>
						<bordersize>5</bordersize>
						<texture background="true">$INFO[ListItem.Thumb]</texture>
						<aspectratio>keep</aspectratio>
						<include condition="![Skin.String(LowCPUPowerMode,Animations) | Skin.String(LowCPUPowerMode,Full)]">ListViewCoverFocusAnim</include>
					</control>
					<control type="image">
						<description>Default Cover</description>
						<width>73</width>
						<height>73</height>
						<bordersize>5</bordersize>
						<texture background="true">$INFO[ListItem.ActualIcon]</texture>
						<aspectratio>keep</aspectratio>
						<visible>String.IsEmpty(ListItem.Thumb)</visible>
						<include condition="![Skin.String(LowCPUPowerMode,Animations) | Skin.String(LowCPUPowerMode,Full)]">ListViewCoverFocusAnim</include>
					</control>
					<include content="ListInfo3ImagesLabels">
						<param name="textcolor" value="SelectedColor" />
					</include>
				</focusedlayout>
			</control>
			
			<include content="ListInfo3ViewScrollbar">
				<param name="id" value="90803" />
			</include>
			
			<control type="group">
				<description>Bottom Bar Area</description>
				<top>BottomPaneOffsetY</top>
				<include condition="Window.IsActive(Videos) + !Skin.HasSetting(DisableVideosClearLogo)">InfoPaneClearLogoVideos</include>
				<include condition="Window.IsActive(Music) + !Skin.HasSetting(EnableMusicLibraryClearLogos)">InfoPaneClearLogoMusic</include>
				<include>InfoPaneMediaDetails</include>
				<include>BottomPaneOpenCloseAnim</include>
			</control>

			<include>ViewsDialogPopUpScreenDim</include>
		</control>
	</include>
	<!--//// END LIST INFO 3 VIEW /////////////////////////////////////////////////////////////////////-->
	
	<!-- INCLUDES -->
	<include name="ListInfo3Itemlayout">
		<control type="image">
			<width>354</width>
			<height>37</height>
			<texture border="0,0,10,2">views/list-separator.png</texture>
			<aspectratio>stretch</aspectratio>
		</control>
		<control type="image">
			<description>Icon</description>
			<left>$PARAM[left]</left>
			<top>6</top>
			<width>24</width>
			<height>24</height>
			<texture background="true">$INFO[ListItem.ActualIcon].png</texture>
			<aspectratio>stretch</aspectratio>
			<visible>$PARAM[visible_actualicon]</visible>
			<include>ListViewOverlayFadeAnim</include>
		</control>
		<control type="label">
			<description>Label</description>
			<left>35</left>
			<width>310</width>
			<height>37</height>
			<font>ListFont</font>
			<textcolor>ListColor</textcolor>
			<shadowcolor>ShadowColor</shadowcolor>
			<aligny>center</aligny>
			<info>ListItem.Label</info>
			<visible>$PARAM[visible_label]</visible>
		</control>
	</include>
	
	<include name="ListInfo3Focusedlayout">
		<include content="ListFocusedlayoutBackgrounds">
			<param name="width" value="354" />
			<param name="id" value="60" />
		</include>
		<control type="image">
			<description>Icon</description>
			<left>$PARAM[left]</left>
			<top>6</top>
			<width>24</width>
			<height>24</height>
			<texture background="true">$INFO[ListItem.ActualIcon].png</texture>
			<aspectratio>stretch</aspectratio>
			<visible>$PARAM[visible_actualicon]</visible>
		</control>
		<control type="label">
			<description>Label</description>
			<left>35</left>
			<width>310</width>
			<height>37</height>
			<font>ListFont</font>
			<textcolor>SelectedColor</textcolor>
			<shadowcolor>ShadowColor</shadowcolor>
			<aligny>center</aligny>
			<info>ListItem.Label</info>
			<scroll>true</scroll>
			<visible>$PARAM[visible_label]</visible>
		</control>
	</include>
	
	<include name="ListInfo3TVShowsOverlays">
		<control type="group">
			<visible>!String.IsEmpty(ListItem.Title)</visible>
			<control type="label">
				<description>Label</description>
				<left>35</left>
				<width>310</width>
				<height>37</height>
				<font>ListFont</font>
				<textcolor>$PARAM[textcolor]</textcolor>
				<shadowcolor>ShadowColor</shadowcolor>
				<aligny>center</aligny>
				<info>ListItem.Label</info>
				<scroll>$PARAM[scroll]</scroll>
			</control>
			<control type="label">
				<description>Unwatched Episodes</description>
				<left>3</left>
				<width>26</width>
				<height>37</height>
				<font>ListFont3</font>
				<textcolor>white</textcolor>
				<align>center</align>
				<aligny>center</aligny>
				<label>$INFO[ListItem.Property(UnWatchedEpisodes)]</label>
				<visible>$EXP[UnwatchedEpisodes99-]</visible>
			</control>
			<control type="label">
				<description>Unwatched Episodes</description>
				<left>3</left>
				<width>26</width>
				<height>37</height>
				<font>ListFont4</font>
				<textcolor>white</textcolor>
				<align>center</align>
				<aligny>center</aligny>
				<label>$INFO[ListItem.Property(UnWatchedEpisodes)]</label>
				<visible>$EXP[UnwatchedEpisodes99+]</visible>
			</control>
			<control type="image">
				<description>Unwatched Overlay</description>
				<left>3</left>
				<width>26</width>
				<height>37</height>
				<aligny>center</aligny>
				<texture background="true">OverlayClean.png</texture>
				<aspectratio>keep</aspectratio>
				<visible>$EXP[UnwatchedEpisodesOverlay]</visible>
			</control>
			<control type="image">
				<description>Watched Overlay</description>
				<left>3</left>
				<width>26</width>
				<height>37</height>
				<aligny>center</aligny>
				<texture background="true">$INFO[ListItem.Overlay]</texture>
				<aspectratio>keep</aspectratio>
				<visible>String.IsEqual(ListItem.Overlay,OverlayWatched.png)</visible>
			</control>
		</control>
	</include>
	
	<include name="ListInfo3TVShowsBannerOverlays">
		<control type="label">
			<description>Unwatched Episodes</description>
			<top>38</top>
			<left>317</left>
			<width>26</width>
			<height>26</height>
			<font>ListFont3</font>
			<textcolor>white</textcolor>
			<align>center</align>
			<aligny>center</aligny>
			<label>$INFO[ListItem.Property(UnWatchedEpisodes)]</label>
			<visible>$EXP[UnwatchedEpisodes99-]</visible>
		</control>
		<control type="label">
			<description>Unwatched Episodes</description>
			<top>38</top>
			<left>317</left>
			<width>26</width>
			<height>26</height>
			<font>ListFont4</font>
			<textcolor>white</textcolor>
			<align>center</align>
			<aligny>center</aligny>
			<label>$INFO[ListItem.Property(UnWatchedEpisodes)]</label>
			<visible>$EXP[UnwatchedEpisodes99+]</visible>
		</control>
		<control type="image">
			<description>Unwatched Overlay</description>
			<top>38</top>
			<left>317</left>
			<width>26</width>
			<height>26</height>
			<texture background="true">OverlayClean.png</texture>
			<aspectratio>keep</aspectratio>
			<visible>$EXP[UnwatchedEpisodesOverlay]</visible>
		</control>
		<control type="image">
			<description>Watched Overlay</description>
			<top>38</top>
			<left>317</left>
			<width>26</width>
			<height>26</height>
			<texture background="true">$INFO[ListItem.Overlay]</texture>
			<aspectratio>keep</aspectratio>
			<visible>String.IsEqual(ListItem.Overlay,OverlayWatched.png)</visible>
		</control>
	</include>
	
	<variable name="ListInfo3ImagesLabel2">
		<value condition="!String.IsEmpty(ListItem.Label2)">$INFO[ListItem.Label2]</value>
		<value>$INFO[ListItem.Date]</value>
	</variable>
	
	<include name="ListInfo3ImagesLabels">
		<control type="label">
			<description>Label</description>
			<left>80</left>
			<top>12</top>
			<width>239</width>
			<font>ListFont</font>
			<textcolor>$PARAM[textcolor]</textcolor>
			<shadowcolor>ShadowColor</shadowcolor>
			<label>$INFO[ListItem.Label]</label>
		</control>
		<control type="label">
			<description>Label2</description>
			<left>80</left>
			<top>38</top>
			<width>239</width>
			<font>ListFont2</font>
			<textcolor>ListColor2</textcolor>
			<shadowcolor>ShadowColor</shadowcolor>
			<label>$VAR[ListInfo3ImagesLabel2]</label>
		</control>
	</include>
	
	<variable name="ListInfo3PlotVar">
		<value condition="Container.Content(Seasons)">$INFO[Container.ShowPlot]</value>
		<value>$INFO[ListItem.Plot]</value>
	</variable>
	
	<include name="ListInfo3Plot">
		<control type="textbox">
			<left>48</left>
			<top>$PARAM[top]</top>
			<width>388</width>
			<height>$PARAM[height]</height>
			<font>MediaInfoDescFont</font>
			<textcolor>MediaInfoColor</textcolor>
			<shadowcolor>ShadowColor</shadowcolor>
			<align>justify</align>
			<label fallback="31203">$PARAM[label]</label>
			<wrapmultiline>true</wrapmultiline>
			<autoscroll time="2000" delay="6000" repeat="10000">!Skin.HasSetting(DoNotAutoScrollPlot)</autoscroll>
			<include>ControlsOpenCloseAnim</include>
			<visible>$PARAM[visible]</visible>
		</control>
	</include>
	
	<include name="ListInfo3GrouplistContent">
		<control type="grouplist">
			<visible>$PARAM[visible]</visible>
			<left>10</left>
			<top>$PARAM[top]</top>
			<width>400</width>
			<orientation>horizontal</orientation>
			<control type="label">
				<width min="0" max="$PARAM[label_width]">auto</width>
				<font>MediaInfoFont</font>
				<textcolor>MediaInfoItemColor</textcolor>
				<shadowcolor>ShadowColor</shadowcolor>
				<label>$PARAM[label]</label>
			</control>
			<control type="label">
				<width min="0" max="$PARAM[info_width]]">auto</width>
				<font>MediaInfoFont</font>
				<textcolor>MediaInfoItemColor2</textcolor>
				<shadowcolor>ShadowColor</shadowcolor>
				<label fallback="31001">$PARAM[info]</label>
				<scroll>true</scroll>
			</control>
		</control>
	</include>
	
	<variable name="ListInfo3NextAiredLabel">
		<value condition="!String.IsEmpty(Window(Home).Property(NextAired.Nextdate))">$LOCALIZE[31967]:</value>
		<value condition="Container.Content(Episodes)">$LOCALIZE[572]:</value>
		<value>$LOCALIZE[20416]:</value>
	</variable>
	
	<variable name="ListInfo3NextAiredInfo">
		<value condition="!String.IsEmpty(Window(Home).Property(NextAired.Nextdate))">$INFO[Window(Home).Property(NextAired.NextSeasonNumber),S,]$INFO[Window(Home).Property(NextAired.NextEpisodeNumber),E,.]$INFO[Window(Home).Property(NextAired.NextTitle), ,]$INFO[Window(Home).Property(NextAired.NextDate), (,)]</value>
		<value condition="Container.Content(Episodes)">$INFO[ListItem.Studio]</value>
		<value>$VAR[SeasonPremiered]</value>
	</variable>
	
	<include name="MoviesListInfo3">
		<control type="group">
			<visible>!ListItem.IsParentFolder</visible>
			<include>ListInfo3PanelFanart</include>
			
			<include content="ThumbsInfoMediaInfoArea">
				<param name="visible" value="!ListItem.IsCollection" />
				<param name="Grouplist1LabelWidth" value="110" />
				<param name="Grouplist1Label" value="$LOCALIZE[20339]" />
				<param name="Grouplist1InfoWidth" value="190" />
				<param name="Grouplist1Info" value="$INFO[ListItem.Director]" />
				<param name="Grouplist2LabelWidth" value="110" />
				<param name="Grouplist2Label" value="$LOCALIZE[2050]" />
				<param name="Grouplist2InfoWidth" value="110" />
				<param name="Grouplist2Info" value="$VAR[DurationVar]" />
				<param name="Grouplist3LabelWidth" value="110" />
				<param name="Grouplist3Label" value="$LOCALIZE[345]" />
				<param name="Grouplist3InfoWidth" value="110" />
				<param name="Grouplist3Info" value="$INFO[ListItem.Year]" />
				<param name="Grouplist4LabelWidth" value="110" />
				<param name="Grouplist4Label" value="$LOCALIZE[563]" />
				<param name="Grouplist4InfoWidth" value="110" />
				<param name="Grouplist4Info" value="$VAR[RatingType]" />
			</include>
			
			<include content="ThumbsInfoMediaInfoArea">
				<param name="visible" value="ListItem.IsCollection" />
				<param name="Grouplist1LabelWidth" value="110" />
				<param name="Grouplist1Label" value="$LOCALIZE[20342]" />
				<param name="Grouplist1InfoWidth" value="190" />
				<param name="Grouplist1Info" value="$VAR[MovieSetCount]" />
				<param name="Grouplist2LabelWidth" value="110" />
				<param name="Grouplist2Label" value="$LOCALIZE[345]" />
				<param name="Grouplist2InfoWidth" value="220" />
				<param name="Grouplist2Info" value="$VAR[MovieYear]" />
				<param name="Grouplist3LabelWidth" value="110" />
				<param name="Grouplist3Label" value="$LOCALIZE[563]" />
				<param name="Grouplist3InfoWidth" value="110" />
				<param name="Grouplist3Info" value="$VAR[RatingType]" />
				<param name="Grouplist4LabelWidth" value="110" />
				<param name="Grouplist4Label" value="$LOCALIZE[2050]" />
				<param name="Grouplist4InfoWidth" value="110" />
				<param name="Grouplist4Info" value="$VAR[SkinHelperDurationVar]" />
			</include>
			
			<include content="ThumbsInfoPlot">
				<param name="fallback" value="31203" />
				<param name="label" value="$VAR[MoviePlot]" />
			</include>
			
			<include condition="!Skin.HasSetting(EnableMoviesListInfo3ExtraThumbs)">ListInfo3RightPanelCover</include>
			
			<include content="ListInfo3RightPanelMovieExtraThumbs" condition="Skin.HasSetting(EnableMoviesListInfo3ExtraThumbs)">
				<param name="visible" value="true" />
				<param name="border" value="4" />
				<param name="bordertexture" value="covers/cover-case2.png" />
				<param name="bordersize" value="4" />
			</include>
		</control>
	</include>
	
	<include name="TVShowsListInfo3">
		<control type="group">
			<visible>!String.IsEmpty(ListItem.Title) + !Container.Content(Episodes)</visible>
			<include condition="!Skin.HasSetting(ShowTVShowsLandscape)">ListInfo3PanelFanart</include>
			<include condition="Skin.HasSetting(ShowTVShowsLandscape)">ListInfo3PanelLandscape</include>
			
			<include content="ThumbsInfoMediaInfoArea">
				<param name="visible" value="!Container.Content(Seasons)" />
				<param name="Grouplist1LabelWidth" value="110" />
				<param name="Grouplist1Label" value="$LOCALIZE[33054]" />
				<param name="Grouplist1InfoWidth" value="190" />
				<param name="Grouplist1Info" value="$INFO[ListItem.Property(TotalSeasons)]" />
				<param name="Grouplist2LabelWidth" value="110" />
				<param name="Grouplist2Label" value="$LOCALIZE[20360]" />
				<param name="Grouplist2InfoWidth" value="110" />
				<param name="Grouplist2Info" value="$INFO[ListItem.Property(TotalEpisodes)]" />
				<param name="Grouplist3LabelWidth" value="110" />
				<param name="Grouplist3Label" value="$LOCALIZE[345]" />
				<param name="Grouplist3InfoWidth" value="110" />
				<param name="Grouplist3Info" value="$INFO[ListItem.Year]" />
				<param name="Grouplist4LabelWidth" value="110" />
				<param name="Grouplist4Label" value="$LOCALIZE[563]" />
				<param name="Grouplist4InfoWidth" value="110" />
				<param name="Grouplist4Info" value="$VAR[RatingType]" />
			</include>
			
			<include content="ThumbsInfoMediaInfoArea">
				<param name="visible" value="Container.Content(Seasons)" />
				<param name="Grouplist1LabelWidth" value="110" />
				<param name="Grouplist1Label" value="$LOCALIZE[20364]" />
				<param name="Grouplist1InfoWidth" value="190" />
				<param name="Grouplist1Info" value="$INFO[Container.ShowTitle]" />
				<param name="Grouplist2LabelWidth" value="110" />
				<param name="Grouplist2Label" value="$LOCALIZE[572]" />
				<param name="Grouplist2InfoWidth" value="110" />
				<param name="Grouplist2Info" value="$VAR[SeasonStudio]" />
				<param name="Grouplist3LabelWidth" value="110" />
				<param name="Grouplist3Label" value="$LOCALIZE[345]" />
				<param name="Grouplist3InfoWidth" value="110" />
				<param name="Grouplist3Info" value="$INFO[ListItem.Year]" />
				<param name="Grouplist4LabelWidth" value="110" />
				<param name="Grouplist4Label" value="$LOCALIZE[20360]" />
				<param name="Grouplist4InfoWidth" value="110" />
				<param name="Grouplist4Info" value="$INFO[ListItem.Property(TotalEpisodes)]" />
			</include>
			
			<control type="group">
				<description>Media Info Area</description>
				<left>38</left>
				<top>354</top>
				
				<include content="ListInfo3GrouplistContent">
					<param name="visible" value="System.AddonIsEnabled(script.tv.show.next.aired) + !Skin.HasSetting(EnableNextAiredInfo)" />
					<param name="top" value="62" />
					<param name="label_width" value="140" />
					<param name="label" value="$LOCALIZE[31966]:" />
					<param name="info_width" value="250" />
					<param name="info" value="$INFO[Window(Home).Property(NextAired.LatestSeasonNumber),S,]$INFO[Window(Home).Property(NextAired.LatestEpisodeNumber),E,.]$INFO[Window(Home).Property(NextAired.LatestTitle), ,]$INFO[Window(Home).Property(NextAired.LatestDate), (,)]" />
				</include>
				
				<include content="ListInfo3GrouplistContent">
					<param name="visible" value="System.AddonIsEnabled(script.tv.show.next.aired) + !Skin.HasSetting(EnableNextAiredInfo)" />
					<param name="top" value="84" />
					<param name="label_width" value="140" />
					<param name="label" value="$VAR[ListInfo3NextAiredLabel]" />
					<param name="info_width" value="265" />
					<param name="info" value="$VAR[ListInfo3NextAiredInfo]" />
				</include>
			</control>
			
			<include content="ListInfo3Plot">
				<param name="top" value="479" />
				<param name="height" value="138" />
				<param name="label" value="$VAR[ListInfo3PlotVar]" />
				<param name="visible" value="!Container.OnNext + !Container.OnPrevious + System.AddonIsEnabled(script.tv.show.next.aired) + !Skin.HasSetting(EnableNextAiredInfo)" />
			</include>
			
			<include content="ListInfo3Plot">
				<param name="top" value="418" />
				<param name="height" value="189" />
				<param name="label" value="$VAR[ListInfo3PlotVar]" />
				<param name="visible" value="!Container.OnNext + !Container.OnPrevious + [!System.HasAddon(script.tv.show.next.aired) | [System.AddonIsEnabled(script.tv.show.next.aired) + Skin.HasSetting(EnableNextAiredInfo)]]" />
			</include>
			
			<include>ListInfo3RightPanelCover</include>
		</control>
		
		<control type="group">
			<visible>Container.Content(Episodes)</visible>
			
			<control type="group">
				<left>796</left>
				<include>ListInfo3MediaInfoPanelCommon</include>
			</control>
			
			<control type="group">
				<visible>!ListItem.IsParentFolder</visible>
				<include condition="!Skin.HasSetting(ShowLandscape)">ListInfo3PanelFanart</include>
				<include condition="Skin.HasSetting(ShowLandscape)">ListInfo3PanelLandscape</include>
				
				<control type="group">
					<description>Media Info Area</description>
					<left>38</left>
					<top>354</top>
					
					<include content="ListInfo3GrouplistContent">
						<param name="visible" value="true" />
						<param name="top" value="0" />
						<param name="label_width" value="150" />
						<param name="label" value="$LOCALIZE[20364]:" />
						<param name="info_width" value="280" />
						<param name="info" value="$INFO[ListItem.TVShowTitle]" />
					</include>
					
					<include content="ListInfo3GrouplistContent">
						<param name="visible" value="String.IsEmpty(Window(Home).Property(NextAired.Status)) + String.IsEmpty(ListItem.Status)" />
						<param name="top" value="22" />
						<param name="label_width" value="150" />
						<param name="label" value="$LOCALIZE[572]:" />
						<param name="info_width" value="150" />
						<param name="info" value="$INFO[ListItem.Studio]" />
					</include>
					
					<include content="ListInfo3GrouplistContent">
						<param name="visible" value="![String.IsEmpty(Window(Home).Property(NextAired.Status)) + String.IsEmpty(ListItem.Status)]" />
						<param name="top" value="22" />
						<param name="label_width" value="150" />
						<param name="label" value="$LOCALIZE[126]:" />
						<param name="info_width" value="300" />
						<param name="info" value="$VAR[TVShowStatusVar]" />
					</include>
					
					<include content="ListInfo3GrouplistContent">
						<param name="visible" value="System.AddonIsEnabled(script.tv.show.next.aired) + !Skin.HasSetting(EnableNextAiredInfo)" />
						<param name="top" value="62" />
						<param name="label_width" value="140" />
						<param name="label" value="$LOCALIZE[31966]:" />
						<param name="info_width" value="250" />
						<param name="info" value="$INFO[Window(Home).Property(NextAired.LatestSeasonNumber),S,]$INFO[Window(Home).Property(NextAired.LatestEpisodeNumber),E,.]$INFO[Window(Home).Property(NextAired.LatestTitle), ,]$INFO[Window(Home).Property(NextAired.LatestDate), (,)]" />
					</include>
					
					<include content="ListInfo3GrouplistContent">
						<param name="visible" value="System.AddonIsEnabled(script.tv.show.next.aired) + !Skin.HasSetting(EnableNextAiredInfo)" />
						<param name="top" value="84" />
						<param name="label_width" value="140" />
						<param name="label" value="$VAR[ListInfo3NextAiredLabel]" />
						<param name="info_width" value="265" />
						<param name="info" value="$VAR[ListInfo3NextAiredInfo]" />
					</include>
				</control>
				
				<include content="ListInfo3Plot">
					<param name="top" value="418" />
					<param name="height" value="189" />
					<param name="label" value="$INFO[Container.ShowPlot]" />
					<param name="visible" value="!System.HasAddon(script.tv.show.next.aired) | [System.AddonIsEnabled(script.tv.show.next.aired) + Skin.HasSetting(EnableNextAiredInfo)]" />
				</include>
				
				<include content="ListInfo3Plot">
					<param name="top" value="479" />
					<param name="height" value="138" />
					<param name="label" value="$INFO[Container.ShowPlot]" />
					<param name="visible" value="System.AddonIsEnabled(script.tv.show.next.aired) + !Skin.HasSetting(EnableNextAiredInfo)" />
				</include>
				
				<control type="group">
					<left>796</left>
					<include condition="!Skin.HasSetting(EnableEpisodesListInfo3ExtraThumbs)">ListInfo3RightPanelEpisodeThumb</include>
					<include condition="Skin.HasSetting(EnableEpisodesListInfo3ExtraThumbs)">ListInfo3RightPanelEpisodeExtraThumbs</include>
					
					<include content="ThumbsInfoMediaInfoArea">
						<param name="visible" value="true" />
						<param name="Grouplist1LabelWidth" value="150" />
						<param name="Grouplist1Label" value="$LOCALIZE[20373]" />
						<param name="Grouplist1InfoWidth" value="150" />
						<param name="Grouplist1Info" value="$INFO[ListItem.Season]" />
						<param name="Grouplist2LabelWidth" value="150" />
						<param name="Grouplist2Label" value="$LOCALIZE[20416]" />
						<param name="Grouplist2InfoWidth" value="150" />
						<param name="Grouplist2Info" value="$INFO[ListItem.Premiered]" />
						<param name="Grouplist3LabelWidth" value="150" />
						<param name="Grouplist3Label" value="$LOCALIZE[20359]" />
						<param name="Grouplist3InfoWidth" value="150" />
						<param name="Grouplist3Info" value="$INFO[ListItem.Episode]" />
						<param name="Grouplist4LabelWidth" value="150" />
						<param name="Grouplist4Label" value="$LOCALIZE[2050]" />
						<param name="Grouplist4InfoWidth" value="150" />
						<param name="Grouplist4Info" value="$VAR[DurationVar]" />
					</include>
			
					<control type="group">
						<description>Media Info Area</description>
						<left>38</left>
						<top>354</top>
						
						<include content="ListInfo3GrouplistContent">
							<param name="visible" value="System.AddonIsEnabled(script.tv.show.next.aired) + !Skin.HasSetting(EnableNextAiredInfo)" />
							<param name="top" value="62" />
							<param name="label_width" value="150" />
							<param name="label" value="$LOCALIZE[563]:" />
							<param name="info_width" value="250" />
							<param name="info" value="$VAR[RatingType]" />
						</include>
						
						<include content="ListInfo3GrouplistContent">
							<param name="visible" value="System.AddonIsEnabled(script.tv.show.next.aired) + !Skin.HasSetting(EnableNextAiredInfo)" />
							<param name="top" value="84" />
							<param name="label_width" value="150" />
							<param name="label" value="$LOCALIZE[20339]:" />
							<param name="info_width" value="265" />
							<param name="info" value="$INFO[ListItem.Director]" />
						</include>
					</control>
					
					<include content="ListInfo3Plot">
						<param name="top" value="418" />
						<param name="height" value="189" />
						<param name="label" value="$INFO[ListItem.Plot]" />
						<param name="visible" value="!Container.OnNext + !Container.OnPrevious + [!System.HasAddon(script.tv.show.next.aired) | [System.AddonIsEnabled(script.tv.show.next.aired) + Skin.HasSetting(EnableNextAiredInfo)]]" />
					</include>
					
					<include content="ListInfo3Plot">
						<param name="top" value="479" />
						<param name="height" value="138" />
						<param name="label" value="$INFO[ListItem.Plot]" />
						<param name="visible" value="!Container.OnNext + !Container.OnPrevious + System.AddonIsEnabled(script.tv.show.next.aired) + !Skin.HasSetting(EnableNextAiredInfo)" />
					</include>
				</control>
			</control>
		</control>
	</include>
	
	<include name="MusicListInfo3">
		<control type="group">
			<visible>!String.IsEmpty(ListItem.Album)</visible>
			<include>ListInfo3PanelFanart</include>
			
			<include content="ThumbsInfoMediaInfoArea">
				<param name="visible" value="true" />
				<param name="Grouplist1LabelWidth" value="110" />
				<param name="Grouplist1Label" value="$LOCALIZE[557]" />
				<param name="Grouplist1InfoWidth" value="190" />
				<param name="Grouplist1Info" value="$INFO[ListItem.Artist]" />
				<param name="Grouplist2LabelWidth" value="110" />
				<param name="Grouplist2Label" value="$LOCALIZE[21899]" />
				<param name="Grouplist2InfoWidth" value="190" />
				<param name="Grouplist2Info" value="$INFO[ListItem.Property(Album_Label)]" />
				<param name="Grouplist3LabelWidth" value="110" />
				<param name="Grouplist3Label" value="$LOCALIZE[345]" />
				<param name="Grouplist3InfoWidth" value="110" />
				<param name="Grouplist3Info" value="$INFO[ListItem.Year]" />
				<param name="Grouplist4LabelWidth" value="110" />
				<param name="Grouplist4Label" value="$LOCALIZE[563]" />
				<param name="Grouplist4InfoWidth" value="110" />
				<param name="Grouplist4Info" value="$VAR[RatingType]" />
			</include>
			
			<include content="ThumbsInfoPlot">
				<param name="fallback" value="31204" />
				<param name="label" value="$INFO[ListItem.Property(Album_Description)]" />
			</include>
			
			<include>ListInfo3RightPanelCover</include>
		</control>
	</include>
	
	<include name="PicturesListInfo3">
		<control type="group">
			<visible>!ListItem.IsParentFolder</visible>
			<include>MediaViewOpenCloseAnim</include>
			<include>PicsInfo</include>
			
			<control type="group">
				<left>843</left>
				<top>100</top>
				
				<control type="image">
					<description>Cover</description>
					<bottom>180</bottom>
					<width>390</width>
					<height>418</height>
					<texture background="true">$INFO[ListItem.Thumb]</texture>
					<bordertexture border="4">covers/cover-case2.png</bordertexture>
					<bordersize>4</bordersize>
					<aspectratio aligny="bottom">keep</aspectratio>
					<fadetime>IconCrossfadeTime</fadetime>
				</control>
				
				<control type="image">
					<description>Cover Reflection</description>
					<top>440</top>
					<width>390</width>
					<height>418</height>
					<texture background="true" flipy="true" diffuse="views/reflection.png">$INFO[ListItem.Thumb]</texture>
					<bordertexture flipy="true" border="4" diffuse="views/reflection.png">covers/cover-case2.png</bordertexture>
					<bordersize>4</bordersize>
					<aspectratio aligny="top">keep</aspectratio>
					<fadetime>IconCrossfadeTime</fadetime>
				</control>
			</control>
		</control>
	</include>
	<!-- END INCLUDES -->
</includes>