<?xml version="1.0" encoding="UTF-8"?>
<window>
	<defaultcontrol always="true">50</defaultcontrol>
	<menucontrol>9000</menucontrol>
	<views>50,52,55</views>
	<controls>
		<include condition="!Skin.HasSetting(DontBlendBackground)">CommonVideoVizBackground</include>
		<include condition="![Window.Previous(Videos) | Window.Previous(Music) | Window.Previous(Pictures)]">CommonAppsBackground</include>
		<include condition="Window.Previous(Videos) | Window.Previous(Music) | Window.Previous(Pictures)">CommonMediaBackground</include>
		<include condition="Skin.HasSetting(DontBlendBackground)">CommonVideoVizBackground</include>
		<include condition="![Window.Previous(Videos) | Window.Previous(Music) | Window.Previous(Pictures)]">CommonAppsBlackwash</include>
		<include condition="Window.Previous(Videos) | Window.Previous(Music) | Window.Previous(Pictures)">CommonMediaBlackwash</include>

		<control type="group">
			<left>130</left>
			<animation effect="fade" delay="500" time="HomeVisibleFadeAnimationSpeed">WindowOpen</animation>
			<animation effect="fade" start="0" end="0" time="0">WindowClose</animation>
			<control type="label">
				<description>Header label</description>
				<label>$VAR[BreadcrumbsAddonbrowserVar]</label>
				<include>HeaderTextCommons</include>
			</control>
			<control type="group">
				<left>0</left>
				<top>110</top>
				<include>ListViewCommons</include> <!-- View ID 50 -->
				<include>ThumbnailInfoView</include> <!-- View ID 55 -->
				<include>ThumbnailView</include> <!-- View ID 52 -->
			</control>
		</control>
		<include>BackgroundDim</include>
		<control type="group" id="9000">
			<include>Container9000BladesRunner</include>
			<control type="grouplist">
				<include>Container9000Header</include>
				<control type="button" id="2">
					<description>View As button</description>
					<include>ButtonCommonValues</include>
				</control>
				<control type="button" id="3">
					<description>Sort by button</description>
					<left>2</left>
					<label>103</label>
					<include>ButtonCommonValues</include>
				</control>
				<control type="togglebutton" id="4">
					<description>Sort asc</description>
					<include>SortAscendingButton</include>
				</control>
				<control type="button" id="9">
					<description>Check for Updates Button</description>
					<left>7</left>
					<include>ButtonCommonValues</include>
					<label>24034</label>
				</control>
				<control type="radiobutton" id="6">
					<description>No notifications</description>
					<left>9</left>
					<include>ButtonCommonValues</include>
					<label>25000</label>
				</control>
				<control type="radiobutton" id="7">
					<description>Hide foreign</description>
					<left>8</left>
					<include>ButtonCommonValues</include>
					<label>25001</label>
				</control>
				<control type="radiobutton" id="8">
					<description>Show / hide broken add-ons</description>
					<left>7</left>
					<include>ButtonCommonValues</include>
					<label>24999</label>
				</control>
				<control type="button" id="5">
					<description>Settings Button</description>
					<left>6</left>
					<include>ButtonCommonValues</include>
					<label>10004</label>
				</control>
				<control type="button" id="610">
					<description>Fake Button to fix Player Controls Navigation</description>
					<onup>5</onup>
					<ondown>603</ondown>
					<visible>false</visible>
				</control>
				<control type="button" id="611">
					<description>Fake Button to fix Player Controls Navigation</description>
					<onup>606</onup>
					<ondown>2</ondown>
					<visible>false</visible>
				</control>
				<include>CommonPlayerControls</include>
			</control>
		</control>
		<include>AllViewCommonPageControls</include>
		<control type="group">
			<include>AppsToSubBlades</include>
		</control>
		<include>Common_Now_Playing</include>
	</controls>
</window>