<?xml version="1.0" encoding="UTF-8"?>
<window>
	<defaultcontrol always="true">4</defaultcontrol>
	<controls>
		<include>CommonSystemBackground</include>
		<include>CommonSystemBlackwash</include>
		<control type="group">
			<left>130</left>
			<animation effect="fade" delay="500" time="HomeVisibleFadeAnimationSpeed">WindowOpen</animation>
			<animation effect="fade" start="0" end="0" time="0">WindowClose</animation>
			<control type="label">
				<description>Header label</description>
				<label>$LOCALIZE[10034]</label>
				<include>HeaderTextCommons</include>
			</control>
			<control type="group" id="9001">
				<left>10</left>
				<top>110</top>
				<control type="radiobutton" id="4">
					<description>enable login screen</description>
					<top>4</top>
					<width>43</width>
					<height>43</height>
					<aligny>center</aligny>
					<textoffsetx>70</textoffsetx>
					<textwidth>300</textwidth>
					<textcolor>white2</textcolor>
					<shadowcolor />
					<texturefocus>button_icons/icon-xbmc.png</texturefocus>
					<texturenofocus>button_icons/icon-xbmc.png</texturenofocus>
					<radioposx>265</radioposx>
					<font>font16</font>
					<label>20096</label>
					<onleft>2</onleft>
					<onright>2</onright>
					<onup>5</onup>
					<ondown>5</ondown>
					<pulseonselect>no</pulseonselect>
				</control>
				<control type="button" id="5">
					<description>autologin</description>
					<top>51</top>
					<width>43</width>
					<height>43</height>
					<aligny>center</aligny>
					<textoffsetx>70</textoffsetx>
					<textwidth>300</textwidth>
					<textcolor>white2</textcolor>
					<shadowcolor />
					<texturefocus>button_icons/icon-xbmc.png</texturefocus>
					<texturenofocus>button_icons/icon-xbmc.png</texturenofocus>
					<radioposx>265</radioposx>
					<font>font16</font>
					<label>31554</label>
					<!--<label2>$INFO[System.ProfileAutoLogin]</label2>-->
					<onleft>2</onleft>
					<onright>2</onright>
					<onup>4</onup>
					<ondown>4</ondown>
					<pulseonselect>no</pulseonselect>
					<enable>!Window.IsVisible(ProfileSettings) + !System.HasLoginScreen</enable>
				</control>
			</control>
			<control type="image">
				<description>Button focus</description>
				<top>110</top>
				<left>-5</left>
				<width>320</width>
				<height>50</height>
				<texture>buttons/button.png</texture>
				<animation effect="slide" end="0,50" time="200" easing="out" condition="ControlGroup(9001).HasFocus(5)">Conditional</animation>
				<animation effect="fade" start="100" end="25" time="200" condition="!ControlGroup(9001).HasFocus">Conditional</animation>
			</control>
			<control type="panel" id="2">
				<left>340</left>
				<top>110</top>
				<width>740</width>
				<height>455</height>
				<onleft>9001</onleft>
				<onright>60</onright>
				<onup>2</onup>
				<ondown>2</ondown>
				<viewtype label="$LOCALIZE[535] 2">list</viewtype>
				<pagecontrol>60</pagecontrol>
				<scrolltime>200</scrolltime>
				<orientation>vertical</orientation>
				<itemlayout height="88" width="370">
					<control type="image">
						<width>368</width>
						<height>90</height>
						<texture border="8">buttons/button-nofocus.png</texture>
					</control>
					<control type="image">
						<left>15</left>
						<top>10</top>
						<width>70</width>
						<height>70</height>
						<texture fallback="unknown-user.png">$INFO[ListItem.Icon]</texture>
					</control>
					<control type="label">
						<left>100</left>
						<top>5</top>
						<width>258</width>
						<height>25</height>
						<font>font13</font>
						<aligny>center</aligny>
						<align>left</align>
						<label>$INFO[ListItem.Label]</label>
					</control>
					<control type="label">
						<left>100</left>
						<top>30</top>
						<width>258</width>
						<height>25</height>
						<font>font10</font>
						<aligny>center</aligny>
						<textcolor>grey2</textcolor>
						<align>left</align>
						<label>$LOCALIZE[31303]</label>
						<visible>!String.IsEmpty(ListItem.Label2)</visible>
					</control>
					<control type="label">
						<left>100</left>
						<top>55</top>
						<width>258</width>
						<height>25</height>
						<font>font12</font>
						<aligny>center</aligny>
						<textcolor>grey2</textcolor>
						<align>left</align>
						<label>$INFO[ListItem.Label2]</label>
					</control>
				</itemlayout>
				<focusedlayout height="88" width="370">
					<control type="image">
						<width>368</width>
						<height>90</height>
						<texture border="8">buttons/button-focus.png</texture>
					</control>
					<control type="image">
						<left>15</left>
						<top>10</top>
						<width>70</width>
						<height>70</height>
						<texture fallback="unknown-user.png">$INFO[ListItem.Icon]</texture>
					</control>
					<control type="label">
						<left>100</left>
						<top>5</top>
						<width>258</width>
						<height>25</height>
						<font>font13</font>
						<aligny>center</aligny>
						<label>$INFO[ListItem.Label]</label>
					</control>
					<control type="label">
						<left>100</left>
						<top>30</top>
						<width>258</width>
						<height>25</height>
						<font>font10</font>
						<aligny>center</aligny>
						<label>$LOCALIZE[31303]</label>
						<textcolor>grey2</textcolor>
						<visible>!String.IsEmpty(ListItem.Label2)</visible>
					</control>
					<control type="label">
						<left>100</left>
						<top>55</top>
						<width>258</width>
						<height>25</height>
						<font>font12</font>
						<aligny>center</aligny>
						<textcolor>grey2</textcolor>
						<label>$INFO[ListItem.Label2]</label>
					</control>
				</focusedlayout>
			</control>
		</control>
		<control type="group">
			<left>130r</left>
			<top>115r</top>
			<animation effect="fade" delay="500" time="HomeVisibleFadeAnimationSpeed">WindowOpen</animation>
			<animation effect="fade" start="0" end="0" time="0">WindowClose</animation>
			<animation effect="slide" start="0,0" end="-100,0" time="200" condition="Player.HasAudio">Conditional</animation>
			<animation effect="slide" start="0,0" end="-100,0" time="200" condition="Player.HasVideo + VideoPlayer.Content(Movies)">Conditional</animation>
			<animation effect="slide" start="0,0" end="-160,0" time="200" condition="Player.HasVideo + !VideoPlayer.Content(Movies)">Conditional</animation>
			<control type="label">
				<description>Page Count Label NoFocus</description>
				<left>-310</left>
				<top>5</top>
				<width>300</width>
				<height>20</height>
				<font>font12</font>
				<textcolor>grey2</textcolor>
				<scroll>false</scroll>
				<align>right</align>
				<aligny>center</aligny>
				<label>$INFO[Container(2).NumItems] $LOCALIZE[31200] - $LOCALIZE[31201] $INFO[Container(2).CurrentPage]/$INFO[Container(2).NumPages]</label>
				<visible>!Control.HasFocus(60)</visible>
			</control>
			<control type="label">
				<description>Page Count Label Focus</description>
				<left>-310</left>
				<top>5</top>
				<width>300</width>
				<height>20</height>
				<font>font12</font>
				<textcolor>orange</textcolor>
				<scroll>false</scroll>
				<align>right</align>
				<aligny>center</aligny>
				<label>$INFO[Container(2).NumItems] $LOCALIZE[31200] - $LOCALIZE[31201] $INFO[Container(2).CurrentPage]/$INFO[Container(2).NumPages]</label>
				<visible>Control.HasFocus(60)</visible>
			</control>
			<control type="spincontrol" id="60">
				<description>Next page button</description>
				<subtype>page</subtype>
				<font />
				<onleft>2</onleft>
				<onright>9001</onright>
				<ondown>60</ondown>
				<onup>2</onup>
				<textcolor>red</textcolor>
				<showonepage>true</showonepage>
			</control>
		</control>
		<control type="group">
			<include>SettingsToSubBlades</include>
		</control>
		<include>Common_Now_Playing</include>
		<include>BackgroundDim</include>
	</controls>
</window>