<?xml version="1.0" encoding="UTF-8"?>
<window id="2901">
	<defaultcontrol always="true">602</defaultcontrol>
	<include>dialogeffect</include>
	<coordinates>
		<system>1</system>
		<left>0</left>
		<top>0</top>
	</coordinates>
	<controls>
		<control type="group">
			<animation effect="fade" start="100" end="0" time="200" condition="Window.IsVisible(SliderDialog) | Window.IsVisible(DialogSettings.xml) | Window.IsVisible(VideoBookmarks) | Window.IsVisible(1101)">Conditional</animation>
			<control type="grouplist" id="100">
				<left>325</left>
				<top>670</top>
				<itemgap>0</itemgap>
				<orientation>horizontal</orientation>
				<onleft>707</onleft>
				<onright>706</onright>
				<control type="button" id="600">
					<width>45</width>
					<height>45</height>
					<label>210</label>
					<font />
					<texturefocus>osd/OSDPrevTrackFO.png</texturefocus>
					<texturenofocus>osd/OSDPrevTrackNF.png</texturenofocus>
					<onclick>PlayerControl(Previous)</onclick>
				</control>
				<control type="button" id="601">
					<left>45</left>
					<width>45</width>
					<height>45</height>
					<label>31354</label>
					<font />
					<texturefocus>osd/OSDRewindFO.png</texturefocus>
					<texturenofocus>osd/OSDRewindNF.png</texturenofocus>
					<onclick>PlayerControl(Rewind)</onclick>
				</control>
				<control type="togglebutton" id="602">
					<left>90</left>
					<width>45</width>
					<height>45</height>
					<label>31351</label>
					<altlabel>208</altlabel>
					<font />
					<texturefocus>osd/OSDPauseFO.png</texturefocus>
					<texturenofocus>osd/OSDPauseNF.png</texturenofocus>
					<usealttexture>Player.Paused | Player.Forwarding | Player.Rewinding</usealttexture>
					<alttexturefocus>osd/OSDPlayFO.png</alttexturefocus>
					<alttexturenofocus>osd/OSDPlayNF.png</alttexturenofocus>
					<onclick>PlayerControl(Play)</onclick>
				</control>
				<control type="button" id="603">
					<left>135</left>
					<width>45</width>
					<height>45</height>
					<label>31352</label>
					<font />
					<texturefocus>osd/OSDStopFO.png</texturefocus>
					<texturenofocus>osd/OSDStopNF.png</texturenofocus>
					<onclick>PlayerControl(Stop)</onclick>
				</control>
				<control type="button" id="604">
					<left>180</left>
					<width>45</width>
					<height>45</height>
					<label>31353</label>
					<font />
					<texturefocus>osd/OSDForwardFO.png</texturefocus>
					<texturenofocus>osd/OSDForwardNF.png</texturenofocus>
					<onclick>PlayerControl(Forward)</onclick>
				</control>
				<control type="button" id="605">
					<left>225</left>
					<width>45</width>
					<height>45</height>
					<label>209</label>
					<font />
					<texturefocus>osd/OSDNextTrackFO.png</texturefocus>
					<texturenofocus>osd/OSDNextTrackNF.png</texturenofocus>
					<onclick>PlayerControl(Next)</onclick>
				</control>
			</control>
			<control type="grouplist">
				<left>940</left>
				<top>670</top>
				<width>315</width>
				<align>right</align>
				<itemgap>0</itemgap>
				<orientation>horizontal</orientation>
				<onleft>605</onleft>
				<onright>600</onright>
				<control type="button" id="706">
					<width>45</width>
					<height>45</height>
					<label>31356</label>
					<font />
					<texturefocus>osd/OSDStereoscopicFO.png</texturefocus>
					<texturenofocus>osd/OSDStereoscopicNF.png</texturenofocus>
					<onclick>SetProperty(settingslist_content,3d,home)</onclick>
					<onclick>SetProperty(settingslist_header,$LOCALIZE[36501],home)</onclick>
					<onclick>ActivateWindow(1101)</onclick>
					<enable>VideoPlayer.IsStereoscopic</enable>
					<animation effect="fade" start="100" end="0" time="75" condition="!VideoPlayer.IsStereoscopic">Conditional</animation>
				</control>
				<control type="button" id="701">
					<width>45</width>
					<height>45</height>
					<label>31356</label>
					<font />
					<texturefocus>osd/OSDSubtitlesFO.png</texturefocus>
					<texturenofocus>osd/OSDSubtitlesNF.png</texturenofocus>
					<onclick>ActivateWindow(OSDSubtitleSettings)</onclick>
				</control>
				<control type="button" id="702">
					<left>45</left>
					<width>45</width>
					<height>45</height>
					<label>13395</label>
					<font />
					<texturefocus>osd/OSDVideoFO.png</texturefocus>
					<texturenofocus>osd/OSDVideoNF.png</texturenofocus>
					<onclick>ActivateWindow(OSDVideoSettings)</onclick>
				</control>
				<control type="button" id="703">
					<left>90</left>
					<width>45</width>
					<height>45</height>
					<label>13396</label>
					<font />
					<texturefocus>osd/OSDAudioFO.png</texturefocus>
					<texturenofocus>osd/OSDAudioNF.png</texturenofocus>
					<onclick>ActivateWindow(OSDAudioSettings)</onclick>
				</control>
				<control type="button" id="704">
					<left>135</left>
					<width>45</width>
					<height>45</height>
					<label>31355</label>
					<font />
					<texturefocus>osd/OSDBookmarksFO.png</texturefocus>
					<texturenofocus>osd/OSDBookmarksNF.png</texturenofocus>
					<onclick>ActivateWindow(VideoBookmarks)</onclick>
				</control>
				<control type="button" id="705">
					<left>180</left>
					<width>45</width>
					<height>45</height>
					<label>31355</label>
					<font />
					<texturefocus>osd/OSDDvdFO.png</texturefocus>
					<texturenofocus>osd/OSDDvdNF.png</texturenofocus>
					<onclick>PlayerControl(ShowVideoMenu)</onclick>
					<enable>VideoPlayer.HasMenu</enable>
					<animation effect="fade" start="100" end="50" time="100" condition="!VideoPlayer.HasMenu">Conditional</animation>
				</control>
				<control type="button" id="707">
					<left>180</left>
					<width>45</width>
					<height>45</height>
					<label>5</label>
					<font />
					<texturefocus>osd/OSDPresetSettingsFO.png</texturefocus>
					<texturenofocus>osd/OSDPresetSettingsNF.png</texturenofocus>
					<onclick>SetProperty(settingslist_content,settings,home)</onclick>
					<onclick>SetProperty(settingslist_header,$LOCALIZE[5],home)</onclick>
					<onclick>ActivateWindow(1101)</onclick>
					<animation effect="fade" start="100" end="50" time="100" condition="!VideoPlayer.HasMenu">Conditional</animation>
				</control>
			</control>
		</control>
	</controls>
 </window>