<?xml version="1.0" encoding="UTF-8"?>
<window id="135">
	<defaultcontrol always="true">12</defaultcontrol>

	<coordinates>
		<system>1</system>
		<origin x="194" y="168">true</origin>
	</coordinates>
	
	<controls>
		<control type="group">
			<depth>DepthDialog</depth>
			<include>PictureInfoDialogBox</include>
			<include>DialogOpenCloseAnim</include>
			<animation effect="fade" start="100" end="0" time="250" condition="Window.IsActive(MusicInformation)">Conditional</animation>	
			
			<control type="label">
				<description>Title</description>
				<left>328</left>
				<top>39</top>
				<width>408</width>
				<height>16</height>
				<font>DialogTitleFont</font>
				<textcolor>DialogTitleColor</textcolor>
				<aligny>center</aligny>
				<scroll>true</scroll>
				<label>$LOCALIZE[658]</label>
			</control>
			
			<control type="image">
				<description>Default Cover Background</description>
				<left>DialogMarginOffsetX</left>
				<top>Dialog4MarginOffsetY</top>
				<width>286</width>
				<height>286</height>
				<texture border="5">panels/panel-content-border.png</texture>
				<aspectratio>stretch</aspectratio>
				<visible>IsEmpty(ListItem.Thumb)</visible>
				<animation effect="fade" end="75" condition="true">Conditional</animation>
			</control>
			
			<control type="image">
				<description>Default Cover</description>
				<left>DialogMarginOffsetX</left>
				<top>Dialog4MarginOffsetY</top>
				<width>286</width>
				<height>286</height>
				<texture>DefaultAudio.png</texture>
				<bordersize>35</bordersize>
				<aspectratio>keep</aspectratio>
				<visible>IsEmpty(ListItem.Thumb)</visible>
			</control>

			<control type="image">
				<description>Cover</description>
				<left>DialogMarginOffsetX</left>
				<top>Dialog4MarginOffsetY</top>
				<width>286</width>
				<height>286</height>
				<texture diffuse="covers/list-info-thumb-diffuse.png">$INFO[ListItem.Thumb]</texture>
				<aspectratio>stretch</aspectratio>
			</control>
			
			<control type="grouplist">
				<description>Media Info Background</description>
				<left>328</left>
				<top>65</top>
				<width>528</width>
				<itemgap>0</itemgap>
				<usecontrolcoords>true</usecontrolcoords>
				<orientation>vertical</orientation>
				<animation effect="fade" end="5" condition="true">Conditional</animation>
				<control type="image">
					<width>528</width>
					<height>32</height>
					<texture border="5">panels/panel-content-border2.png</texture>
				</control>
				<control type="image">
					<height>32</height>
				</control>
				<control type="image">
					<width>528</width>
					<height>32</height>
					<texture border="5">panels/panel-content-border2.png</texture>
				</control>
				<control type="image">
					<height>32</height>
				</control>
				<control type="image">
					<width>528</width>
					<height>32</height>
					<texture border="5">panels/panel-content-border2.png</texture>
				</control>
				<control type="image">
					<height>32</height>
				</control>
				<control type="image">
					<width>528</width>
					<height>32</height>
					<texture border="5">panels/panel-content-border2.png</texture>
				</control>
			</control>
			
			<control type="panel" id="901">
				<left>328</left>
				<top>65</top>
				<width>528</width>
				<height>256</height>
				<viewtype label="">list</viewtype>
				<scrolltime>200</scrolltime>
				<itemgap>0</itemgap>
				<onleft>12</onleft>
				<onright>7</onright>
				<onup>901</onup>
				<ondown>901</ondown>
				<itemlayout height="32" width="528">	
					<control type="label">
						<left>5</left>
						<top>-1</top>
						<width>105</width>
						<height>32</height>
						<font>DialogMediaInfoFont</font>
						<textcolor>MediaInfoItemColor</textcolor>
						<align>right</align>
						<aligny>center</aligny>
						<info>ListItem.Label</info>
					</control>
					<control type="label">
						<left>120</left>
						<top>-1</top>
						<width>423</width>
						<height>32</height>
						<font>DialogMediaInfoFont</font>
						<textcolor>MediaInfoItemColor2</textcolor>
						<aligny>center</aligny>
						<label fallback="31000">$INFO[ListItem.Label2]</label>
					</control>		
				</itemlayout>				
				<focusedlayout height="32" width="528">
					<control type="image">
						<width>528</width>
						<height>32</height>
						<texture border="4">views/list-focus.png</texture>
						<include>ListViewSelectFadeAnim</include>
					</control>									
					<control type="label">
						<left>5</left>
						<top>-1</top>
						<width>105</width>
						<height>32</height>
						<font>DialogMediaInfoFont</font>
						<textcolor>MediaInfoItemColor</textcolor>
						<align>right</align>
						<aligny>center</aligny>
						<info>ListItem.Label</info>
					</control>
					<control type="label">
						<left>120</left>
						<top>-1</top>
						<width>423</width>
						<height>32</height>
						<font>DialogMediaInfoFont</font>
						<textcolor>SelectedColor</textcolor>
						<aligny>center</aligny>
						<label fallback="31000">$INFO[ListItem.Label2]</label>
					</control>		
				</focusedlayout>
				<content>
					<item id="1">
						<description>Title</description>
						<label>$LOCALIZE[556]</label>
						<label2>$INFO[ListItem.Title]</label2>
						<onclick condition="System.HasAddon(script.libraryeditor)">RunScript(script.libraryeditor,DBID=$INFO[ListItem.DBID]&amp;tag=title&amp;type=Song)</onclick>
						<onclick condition="!System.HasAddon(script.libraryeditor)">noop</onclick>
					</item>
					<item id="2">
						<description>Artist</description>
						<label>$LOCALIZE[557]</label>
						<label2>$INFO[ListItem.Artist]</label2>
						<onclick condition="System.HasAddon(script.libraryeditor)">RunScript(script.libraryeditor,DBID=$INFO[ListItem.DBID]&amp;tag=arr_artist&amp;type=Song)</onclick>
						<onclick condition="!System.HasAddon(script.libraryeditor)">noop</onclick>
					</item>
					<item id="3">
						<description>Genre</description>
						<label>$LOCALIZE[515]</label>
						<label2>$INFO[ListItem.Genre]</label2>
						<onclick condition="System.HasAddon(script.libraryeditor)">RunScript(script.libraryeditor,DBID=$INFO[ListItem.DBID]&amp;tag=genre&amp;type=Song)</onclick>
						<onclick condition="!System.HasAddon(script.libraryeditor)">noop</onclick>
					</item>
					<item id="4">
						<description>Album</description>
						<label>$LOCALIZE[558]</label>
						<label2>$INFO[ListItem.Album]</label2>
						<onclick condition="System.HasAddon(script.libraryeditor)">RunScript(script.libraryeditor,DBID=$INFO[ListItem.DBID]&amp;tag=album&amp;type=Song)</onclick>
						<onclick condition="!System.HasAddon(script.libraryeditor)">noop</onclick>
					</item>
					<item id="5">
						<description>Year</description>
						<label>$LOCALIZE[345]</label>
						<label2>$INFO[ListItem.Year]</label2>
						<onclick condition="System.HasAddon(script.libraryeditor)">RunScript(script.libraryeditor,DBID=$INFO[ListItem.DBID]&amp;tag=year&amp;type=Song)</onclick>
						<onclick condition="!System.HasAddon(script.libraryeditor)">noop</onclick>
					</item>
					<item id="6">
						<description>User Rating</description>
						<label>$LOCALIZE[38018]</label>
						<label2>$INFO[ListItem.Rating]</label2>
						<onclick>SendClick(135,7)</onclick>
					</item>
					<item id="6">
						<description>Track</description>
						<label>$LOCALIZE[554]</label>
						<label2>$INFO[ListItem.TrackNumber]</label2>
						<onclick condition="System.HasAddon(script.libraryeditor)">RunScript(script.libraryeditor,DBID=$INFO[ListItem.DBID]&amp;tag=Track&amp;type=Song)</onclick>
						<onclick condition="!System.HasAddon(script.libraryeditor)">noop</onclick>
					</item>
					<item id="7">
						<description>File Path</description>
						<label>$LOCALIZE[21801]</label>
						<label2>$INFO[ListItem.FileNameAndPath]</label2>
						<onclick condition="System.HasAddon(script.skin.helper.service)">RunScript(script.skin.helper.service,action=textviewer,header=$LOCALIZE[573],message=$INFO[ListItem.FileNameAndPath])</onclick>
						<onclick condition="!System.HasAddon(script.skin.helper.service)">noop</onclick>
					</item>
				</content>
			</control>
			
			<control type="grouplist" id="505">
				<left>DialogMarginOffsetX</left>
				<top>330</top>
				<width>812</width>
				<align>center</align>
				<itemgap>0</itemgap>
				<orientation>horizontal</orientation>
				<onup>901</onup>
				<control type="button" id="12">
					<description>Album Info</description>
					<include>DialogMenuBarBtn</include>
					<label>$LOCALIZE[10523]</label>
				</control>
				<control type="button" id="13">
					<description>Get Thumb</description>
					<include>DialogMenuBarBtn</include>
					<label>$LOCALIZE[13405]</label>
				</control>
				<control type="button" id="7">
					<description>Set My Rating</description>
					<include>DialogMenuBarBtn</include>
					<label>$LOCALIZE[38023]</label>
				</control>
			</control>
		</control>
	</controls>		
</window>