<?xml version="1.0" encoding="UTF-8"?>
<includes>
	<variable name="MovieInfoPaneLabel2">
		<value condition="Substring(Container.FolderPath,videodb://movies/titles/)">$INFO[Window(Home).Property(Movies.Count),, $LOCALIZE[20342]]$INFO[Window(Home).Property(Movies.UnWatched),  -  , $LOCALIZE[16101]]</value>
		<value condition="Container.Content(Sets)">$INFO[Container.NumItems,, $LOCALIZE[20434]]$INFO[Container.TotalUnwatched,  -  , $LOCALIZE[16101]]</value>
		<value>$INFO[Container.NumItems,, $LOCALIZE[20342]]$INFO[Container.TotalUnwatched,  -  , $LOCALIZE[16101]]</value>
	</variable>
	
	<variable name="InfoPaneHeadLabel2Var">
		<value condition="Window.IsActive(AddonBrowser)">$INFO[Window(AddonBrowser).Property(Updated),$LOCALIZE[31996]: ,]</value>
		<value condition="Window.IsActive(TVRecordings) | Window.IsActive(RadioRecordings)">$INFO[PVR.backenddiskspace]</value>
		<value condition="Window.IsActive(Pictures) + [Control.IsVisible(50) | [Control.IsVisible(52) + [Skin.String(CommonListStyle,) | Skin.String(CommonListStyle,1) | [!IsEmpty(ListItem.Label2) + [Skin.String(CommonListStyle,2) | Skin.String(CommonListStyle,3)]]]]]">$INFO[ListItem.Date]</value>
		<value condition="Skin.HasSetting(HideMenuBar) + !IsEmpty(Container.SortMethod)">$LOCALIZE[31193]: $INFO[Container.SortMethod]</value>
	</variable>
	
	<include name="InfoPaneImage">
		<control type="image">
			<left>-20</left>
			<top>-25</top>
			<width>1320</width>
			<height>95</height>
			<texture border="8">panels/panel.png</texture>
			<aspectratio>stretch</aspectratio>
		</control>
	</include>
	
	<include name="InfoPaneHeadLabel">
		<left>30</left>
		<top>-1</top>
		<width>358</width>
		<font>InfoPaneFont</font>
		<textcolor>InfoPaneColor</textcolor>
		<shadowcolor>ShadowColor</shadowcolor>
		<scroll>no</scroll>
		<scrollsuffix> - </scrollsuffix>
		<include>InfoPaneLabelFadeAnim</include>
	</include>
	
	<include name="InfoPaneHeadLabel2">
		<left>30</left>
		<top>20</top>
		<width>358</width>
		<font>InfoPaneFont2</font>
		<textcolor>InfoPaneColor2</textcolor>
		<shadowcolor>ShadowColor</shadowcolor>
		<scroll>no</scroll>
		<scrollsuffix> - </scrollsuffix>
		<include>InfoPaneLabelFadeAnim</include>
	</include>
	
	<include name="InfoPaneItemTitle">
		<left>461</left>
		<top>-1</top>
		<width>358</width>
		<font>InfoPaneFont</font>
		<align>center</align>
		<textcolor>InfoPaneColor</textcolor>
		<shadowcolor>ShadowColor</shadowcolor>
		<scroll>true</scroll>
		<scrollsuffix> - </scrollsuffix>
		<include>InfoPaneLabelFadeAnim</include>
	</include>
	
	<include name="InfoPaneItemTitle2">
		<left>461</left>
		<top>20</top>
		<width>358</width>
		<font>InfoPaneFont2</font>
		<align>center</align>
		<textcolor>InfoPaneColor2</textcolor>
		<shadowcolor>ShadowColor</shadowcolor>
		<scroll>no</scroll>
		<scrollsuffix> - </scrollsuffix>
		<include>InfoPaneLabelFadeAnim</include>
	</include>
	
	<include name="InfoPaneMediaFlag">
		<control type="grouplist">
			<description>Media Flags Area</description>
			<left>690</left>
			<top>3</top>
			<width>560</width>
			<height>35</height>
			<itemgap>5</itemgap>
			<align>right</align>
			<usecontrolcoords>true</usecontrolcoords>
			<orientation>horizontal</orientation>
			<include>InfoPaneElementOpenCloseAnim</include>
			<include>MediaFlagFadeAnim</include>
			<include>VideoSourceMediaFlags</include>
			<include>VideoCodecMediaFlags</include>
			<include>AudioMediaFlags</include>
			<include>AspectMediaFlags</include>
			<include>SubtitleMediaFlags</include>
			<include condition="!Skin.HasSetting(HideRatingMediaFlag)">RatingMediaFlags</include>
		</control>
	</include>

	<include name="InfoPaneStarRating">
		<control type="image">
			<description>Star Rating</description>
			<left>1130</left>
			<top>0</top>
			<width>120</width>
			<height>41</height>
			<texture background="true">$INFO[ListItem.Rating]</texture>
			<aspectratio align="right" aligny="top">keep</aspectratio>
			<include>MediaFlagFadeAnim</include>
		</control>
	</include>
	
	<include name="InfoPaneClearLogoMovies">
		<control type="group">
			<visible>Container.Content(Movies) | Container.Content(musicvideos) | Container.Content(Sets) | Window.IsActive(VideoPlaylist)</visible>
			<control type="image">
				<left>582</left>
				<top>-4</top>
				<width>116</width>
				<height>45</height>
				<texture background="true">$INFO[ListItem.Art(clearlogo)]</texture>
				<aspectratio>keep</aspectratio>
				<fadetime>400</fadetime>
				<animation effect="fade" end="90" condition="true">Conditional</animation>
				<visible>!IsEmpty(ListItem.Art(clearlogo))</visible>
			</control>
		</control>
	</include>
	
	<include name="InfoPaneStudioLogo">
		<control type="group">
			<visible>Container.Content(Studios)</visible>
			<control type="image">
				<left>582</left>
				<top>-10</top>
				<width>116</width>
				<height>59</height>
				<texture>$INFO[ListItem.Label,resource://resource.images.studios.white/,.png]</texture>
				<aspectratio>keep</aspectratio>
				<fadetime>400</fadetime>
				<animation effect="fade" end="90" condition="true">Conditional</animation>
			</control>
		</control>
	</include>
	
	<include name="InfoPaneClearLogo">
		<control type="group">
			<visible>Container.Content(TVShows) | Container.Content(Seasons) | Container.Content(Episodes) | Window.IsActive(VideoPlaylist)</visible>
			<control type="image">
				<left>582</left>
				<top>-4</top>
				<width>116</width>
				<height>45</height>
				<texture background="true">$INFO[ListItem.Art(clearlogo)]</texture>
				<aspectratio>keep</aspectratio>
				<fadetime>400</fadetime>
				<animation effect="fade" end="90" condition="true">Conditional</animation>
				<visible>![Container.Content(Seasons) | Container.Content(Episodes) | Window.IsActive(VideoPlaylist)]</visible>
			</control>
			
			<control type="image">
				<left>582</left>
				<top>-4</top>
				<width>116</width>
				<height>45</height>
				<texture background="true">$INFO[ListItem.Art(tvshow.clearlogo)]</texture>
				<aspectratio>keep</aspectratio>
				<fadetime>400</fadetime>
				<animation effect="fade" end="90" condition="true">Conditional</animation>
				<visible>Container.Content(Seasons) | Container.Content(Episodes) | Window.IsActive(VideoPlaylist)</visible>
			</control>
		</control>
	</include>
	
	<include name="InfoPaneClearLogoMusic">
		<control type="group">
			<visible>Container.Content(Artists) | Container.Content(Albums) | Container.Content(Songs) | Container.Content(musicvideos) | Window.IsActive(MusicPlaylist)</visible>
			<control type="image" id="558">
				<left>582</left>
				<top>-4</top>
				<width>116</width>
				<height>45</height>
				<texture background="true" fallback="empty.png">$INFO[Skin.String(MusicLibraryClearLogosPath)]$INFO[ListItem.Artist,,/logo.png]</texture>
				<aspectratio>keep</aspectratio>
				<fadetime>400</fadetime>
				<animation effect="fade" end="90" condition="true">Conditional</animation>
				<visible>!IsEmpty(Skin.String(MusicLibraryClearLogosPath))</visible>
			</control>
		</control>
	</include>
	
	<include name="InfoPaneClearLogoPVR">
		<control type="image">
			<left>582</left>
			<top>-4</top>
			<width>116</width>
			<height>45</height>
			<texture background="true">$INFO[Window(Home).Property(SkinHelper.ListItem.Art.ClearLogo)]</texture>
			<aspectratio>keep</aspectratio>
			<fadetime>400</fadetime>
			<animation effect="fade" end="90" condition="true">Conditional</animation>
			<visible>!IsEmpty(Window(Home).Property(SkinHelper.ListItem.Art.ClearLogo))</visible>
		</control>
	</include>
	
	<include name="InfoPaneMediaDetails">	
		<control type="group">
			<control type="label">
				<include>InfoPaneHeadLabel</include>
				<label>[B]$INFO[Container.NumItems,, $LOCALIZE[31202]][/B]</label>
			</control>
			
			<control type="label">
				<include>InfoPaneHeadLabel2</include>
				<label>$VAR[InfoPaneHeadLabel2Var]</label>
				<visible>![Container.Content(Movies) | Container.Content(Sets) | Container.Content(TVShows) | Container.Content(Seasons) | Container.Content(Episodes) | Container.Content(MusicVideos) | Container.Content(Albums) | Container.Content(Songs) | Container.Content(Artists)]</visible>
			</control>
			
			<include condition="Window.IsActive(Videos) | Window.IsActive(VideoPlaylist)">VideoDetails</include>
			<include condition="Window.IsActive(MusicLibrary)">MusicDetails</include>
		</control>
	</include>
	
	<include name="VideoDetails">	
		<control type="group">
			<visible>Container.Content(Movies) | Container.Content(Sets)</visible>
			<include condition="!Skin.HasSetting(DisableMediaFlags)">InfoPaneMediaFlag</include>
			
			<control type="label">
				<include>InfoPaneHeadLabel2</include>
				<label>$VAR[MovieInfoPaneLabel2]</label>
			</control>
		</control>
		
		<control type="group">
			<visible>Container.Content(TVShows) | Container.Content(Seasons)</visible>
			<include condition="System.HasAddon(script.tv.show.next.aired) + !Skin.HasSetting(DisableMediaFlags) + !Skin.HasSetting(EnableNextAiredStatusMediaFlag)">NextAiredStatusMediaFlag</include>
			<include condition="!Skin.HasSetting(DisableMediaFlags)">StudioMediaFlag</include>
				
			<control type="label">
				<include>InfoPaneHeadLabel2</include>
				<label>$INFO[Window(Home).Property(TVShows.Count),, $LOCALIZE[20343]]$INFO[Window(Home).Property(TVShows.UnWatched),  -  , $LOCALIZE[16101]]</label>
				<visible>!Container.Content(Seasons)</visible>
			</control>
		</control>
		
		<control type="label">
			<include>InfoPaneHeadLabel2</include>
			<label>$INFO[ListItem.Property(TotalEpisodes),, $LOCALIZE[20360]]$INFO[ListItem.Property(UnWatchedEpisodes),  -  , $LOCALIZE[16101]]</label>
			<visible>Container.Content(Seasons)</visible>
		</control>
		
		<control type="group">
			<visible>Container.Content(Episodes)</visible>
			<include condition="!Skin.HasSetting(DisableMediaFlags)">InfoPaneMediaFlag</include>
			
			<control type="label">
				<include>InfoPaneHeadLabel2</include>
				<label>$INFO[Container.NumItems,, $LOCALIZE[20360]]$INFO[Container.TotalUnwatched,  -  , $LOCALIZE[16101]]</label>
			</control>
		</control>
		
		<control type="group">
			<visible>Container.Content(MusicVideos)</visible>
			<include condition="!Skin.HasSetting(DisableMediaFlags)">InfoPaneMediaFlag</include>
					
			<control type="label">
				<include>InfoPaneHeadLabel2</include>
				<label>$INFO[Window(Home).Property(MusicVideos.Count),, $LOCALIZE[20389]]$INFO[Window(Home).Property(MusicVideos.UnWatched),  -  , $LOCALIZE[16101]]</label>
			</control>
		</control>
		
		<include condition="Window.IsActive(VideoPlaylist) + !Skin.HasSetting(DisableMediaFlags)">InfoPaneMediaFlag</include>
	</include>
	
	<include name="MusicDetails">		
		<control type="group">
			<visible>Container.Content(Albums)</visible>
			<include>InfoPaneStarRating</include>
				
			<control type="label">
				<include>InfoPaneHeadLabel2</include>
				<label>$INFO[Window(Home).Property(Music.AlbumsCount),, $LOCALIZE[132]]$INFO[Window(Home).Property(Music.SongsCount),  -  , $LOCALIZE[134]]</label>
			</control>
		</control>

		<control type="group">
			<visible>Container.Content(Songs)</visible>
			<include>InfoPaneStarRating</include>
				
			<control type="label">
				<include>InfoPaneHeadLabel2</include>
				<label>$INFO[Container.Totaltime,, $LOCALIZE[31003]]</label>
			</control>
		</control>

		<control type="group">
			<visible>Container.Content(Artists)</visible>
				
			<control type="label">
				<include>InfoPaneHeadLabel2</include>
				<label>$INFO[Window(Home).Property(Music.ArtistsCount),, $LOCALIZE[133]]</label>
			</control>
		</control>
		
		<control type="group">
			<visible>Container.Content(MusicVideos)</visible>
			<include condition="!Skin.HasSetting(DisableMediaFlags)">InfoPaneMediaFlag</include>
			
			<control type="label">
				<include>InfoPaneHeadLabel2</include>
				<label>$INFO[Window(Home).Property(MusicVideos.Count),, $LOCALIZE[20389]]$INFO[Window(Home).Property(MusicVideos.UnWatched),  -  , $LOCALIZE[16101]]</label>
			</control>
		</control>
	</include>

	<include name="InfoPaneFileManagerDetails">	
		<control type="label">
			<include>InfoPaneHeadLabel</include>
			<label>[B]$INFO[Container(20).NumItems,, $LOCALIZE[31202]][/B]</label>
			<visible>Control.HasFocus(20)</visible>
		</control>
		
		<control type="label">
			<include>InfoPaneHeadLabel2</include>
			<label>[UPPERCASE]$INFO[Container(20).ListItem.Label2][/UPPERCASE]</label>
			<visible>Control.HasFocus(20)</visible>
		</control>
		
		<control type="label">
			<left>750</left>
			<include>InfoPaneHeadLabel</include>
			<label>[B]$INFO[Container(21).NumItems,, $LOCALIZE[31202]][/B]</label>
			<visible>Control.HasFocus(21)</visible>
		</control>
				
		<control type="label">
			<left>750</left>
			<include>InfoPaneHeadLabel2</include>
			<label>[UPPERCASE]$INFO[Container(21).ListItem.Label2][/UPPERCASE]</label>
			<visible>Control.HasFocus(21)</visible>
		</control>				
	</include>
	
	<include name="InfoPaneMusicPlaylistEditorDetails">	
		<control type="label">
			<include>InfoPaneHeadLabel</include>
			<label>[B]$INFO[Container(50).NumItems,, $LOCALIZE[31202]][/B]</label>
			<visible>Control.HasFocus(50)</visible>
		</control>
		
		<control type="label">
			<include>InfoPaneHeadLabel2</include>
			<label>[UPPERCASE]$INFO[Container(50).ListItem.Label2][/UPPERCASE]</label>
			<visible>Control.HasFocus(50)</visible>
		</control>
		
		<control type="label">
			<left>750</left>
			<include>InfoPaneHeadLabel</include>
			<label>[B]$INFO[Container(100).NumItems,, $LOCALIZE[31202]][/B]</label>
			<visible>Control.HasFocus(100)</visible>
		</control>
				
		<control type="label">
			<left>750</left>
			<include>InfoPaneHeadLabel2</include>
			<label>[UPPERCASE]$INFO[Container(100).ListItem.Label2][/UPPERCASE]</label>
			<visible>Control.HasFocus(100)</visible>
		</control>								
	</include>
	
	<include name="InfoPaneSystemInfoDetails">	
		<control type="label">
			<width>550</width>
			<include>InfoPaneHeadLabel</include>
			<label>[UPPERCASE][B]$INFO[System.BuildVersion][/B][/UPPERCASE]</label>
		</control>
		
		<control type="label">
			<width>550</width>
			<include>InfoPaneHeadLabel2</include>
			<label>[UPPERCASE]$INFO[System.BuildDate][/UPPERCASE]</label>
		</control>
		
		<control type="group">
			<left>410</left>
			
			<control type="progress">
				<width>840</width>
				<height>17</height>
				<info>System.CpuUsage</info>
			</control>
			
			<control type="label">
				<font>SettingsContentFont</font>
				<textcolor>SettingsContentColor</textcolor>
				<shadowcolor>ShadowColor</shadowcolor>
				<width>840</width>
				<height>17</height>
				<align>center</align>
				<aligny>center</aligny>
				<label>$LOCALIZE[13271] $INFO[System.CPUUsage]</label>
			</control>
			
			<control type="progress">
				<top>23</top>
				<width>840</width>
				<height>17</height>
				<info>system.memory(used)</info>
			</control>
			
			<control type="label">
				<top>23</top>
				<font>SettingsContentFont</font>
				<textcolor>SettingsContentColor</textcolor>
				<shadowcolor>ShadowColor</shadowcolor>
				<width>840</width>
				<height>17</height>
				<align>center</align>
				<aligny>center</aligny>
				<label>$LOCALIZE[31126]: $INFO[system.memory(used)] / $INFO[system.memory(total)] ($INFO[system.memory(used.percent)])</label>
			</control>
		</control>
	</include>
	
	<include name="InfoPaneProfileDetails">
		<control type="label">
			<include>InfoPaneHeadLabel</include>
			<label>[UPPERCASE][B]$LOCALIZE[13204] $INFO[System.ProfileName][/B][/UPPERCASE]</label>
		</control>

		<control type="label">
			<include>InfoPaneHeadLabel2</include>
			<label>[UPPERCASE]$LOCALIZE[31005][/UPPERCASE]</label>
			<visible>System.HasLoginScreen</visible>
		</control>
		
		<control type="label">
			<include>InfoPaneHeadLabel2</include>
			<label>[UPPERCASE]$LOCALIZE[31006]: $INFO[System.ProfileAutoLogin][/UPPERCASE]</label>
			<visible>!System.HasLoginScreen</visible>
		</control>
	</include>
	
	<include name="InfoPaneEventLogDetails">	
		<control type="group">
			<control type="label">
				<include>InfoPaneHeadLabel</include>
				<label>[B]$INFO[Container(570).NumItems,, $LOCALIZE[31202]][/B]</label>
			</control>
		</control>
	</include>
</includes>