<?xml version="1.0" encoding="UTF-8"?>
<window id="123">
	<defaultcontrol always="true">5</defaultcontrol>

	<coordinates>
		<system>1</system>
		<left>22</left>
		<top>79</top>
	</coordinates>
	
	<controls>
		<control type="group">
			<visible>![Window.IsActive(SliderDialog) | Window.IsActive(DialogSelect.xml) | Window.IsActive(DialogAudioDSPSettings.xml)]</visible>
			<depth>DepthOSD</depth>
			<include>DialogOpenCloseAnim</include>

			<include>SettingsDialogBox</include>

			<control type="label" id="2">
				<width>450</width>
				<include>SettingsDialogTitle</include>
			</control>
			
			<control type="grouplist" id="5">
				<description>Control Area</description>
				<left>DialogMarginOffsetX</left>
				<top>DialogMarginOffsetY</top>
				<width>460</width>
				<height>444</height>
				<itemgap>2</itemgap>
				<pagecontrol>101</pagecontrol>
				<onup>5</onup>
				<ondown>5</ondown>
				<onleft>106</onleft>
				<onright>101</onright>	
			</control>
			
			<control type="button" id="7">
				<description>Default Button</description>
				<include>DialogContentLabel</include>
			</control>
			
			<control type="radiobutton" id="8">
				<description>Default RadioButton</description>
				<include>DialogContentLabel</include>
			</control>
			
			<control type="spincontrolex" id="9">
				<description>Default SpinControlex</description>
				<include>DialogContentLabel</include>
			</control>
			
			<control type="sliderex" id="13">
				<description>Default Slider</description>
				<include>DialogContentLabel</include>
			</control>
			
			<control type="label" id="14">
				<height>35</height>
				<align>center</align>
				<include>DialogContentLabel</include>
			</control>
		
			<control type="spincontrol" id="101">
				<description>Next Page</description>
				<left>450</left>
				<top>510</top>
				<font>-</font>
				<onup>5</onup>
				<onleft>5</onleft>
			</control>
		</control>
	</controls>
</window>