<?xml version="1.0" encoding="UTF-8"?>
<window>
	<defaultcontrol always="true">26</defaultcontrol>
	<include>dialogeffect</include>
	<controls>
		<control type="label" id="20">
			<description>Groups Name</description>
			<visible>false</visible>
		</control>
		<control type="group">
			<left>33</left>
			<top>28</top>
			<control type="image">
				<description>background image</description>
				<width>1854</width>
				<height>1024.5</height>
				<texture border="50,150,50,50">dialogs/Dialog.png</texture>
				<bordersize>19</bordersize>
				<animation effect="fade" start="90" end="90" time="0" condition="Window.IsVisible(Visualisation)">Conditional</animation>
			</control>
			<control type="label" id="2">
				<description>Heading label</description>
				<left>75</left>
				<top>75</top>
				<width>1650</width>
				<height>45</height>
				<align>center</align>
				<font>font16</font>
				<label>$VAR[PVRGroupManagerHeader]</label>
				<textcolor>orange</textcolor>
				<shadowcolor>black</shadowcolor>
			</control>
			<control type="grouplist" id="9000">
				<left>75</left>
				<top>150</top>
				<height>675</height>
				<itemgap>0</itemgap>
				<onleft>12</onleft>
				<onright>13</onright>
				<control type="button" id="26">
					<description>Add group</description>
					<label>$LOCALIZE[31244]</label>
					<width>375</width>
					<include>DialogButton3CommonValues</include>
				</control>
				<control type="button" id="27">
					<description>Rename group</description>
					<label>$LOCALIZE[31245]</label>
					<width>375</width>
					<include>DialogButton3CommonValues</include>
				</control>
				<control type="radiobutton" id="25">
					<description>Hide group</description>
					<label>$LOCALIZE[19289]</label>
					<width>375</width>
					<include>DialogButton3CommonValues</include>
				</control>
				<control type="button" id="28">
					<description>Delete group</description>
					<label>$LOCALIZE[31246]</label>
					<width>375</width>
					<include>DialogButton3CommonValues</include>
				</control>
				<control type="button" id="35">
					<description>Regenerate group thumbnail</description>
					<label>$LOCALIZE[13315]</label>
					<width>375</width>
					<include>DialogButton3CommonValues</include>
				</control>
				<control type="togglebutton" id="34">
					<description>TV/Radio toggle</description>
					<label>$LOCALIZE[19024]</label>
					<altlabel>$LOCALIZE[19023]</altlabel>
					<width>375</width>
					<textoffsetx>22.5</textoffsetx>
					<usealttexture>!String.IsEmpty(Window.Property(IsRadio))</usealttexture>
					<alttexturefocus border="15">buttons/button-dialog-focus.png</alttexturefocus>
					<alttexturenofocus border="15">buttons/button-dialog-nofocus.png</alttexturenofocus>
					<include>DialogButton3CommonValues</include>
				</control>
				<control type="button" id="29">
					<description>Ok</description>
					<label>$LOCALIZE[186]</label>
					<width>375</width>
					<include>DialogButton3CommonValues</include>
				</control>
			</control>
			<include content="PVRGroupManagerList">
				<param name="header_left" value="472.5" />
				<param name="header_label" value="$LOCALIZE[31242]" />
				<param name="id" value="13" />
				<param name="pagecontrol" value="60" />
				<param name="onleft" value="9000" />
				<param name="onright" value="11" />
				<param name="list_left" value="457.5" />
				<param name="label" value="$INFO[ListItem.Label]" />
				<param name="pagecontrol_left" value="487.5" />
				<param name="pagecontrol_onright" value="61" />
			</include>
			<include content="PVRGroupManagerList">
				<param name="header_left" value="915" />
				<param name="header_label" value="$LOCALIZE[31243]" />
				<param name="id" value="11" />
				<param name="pagecontrol" value="61" />
				<param name="onleft" value="13" />
				<param name="onright" value="12" />
				<param name="list_left" value="900" />
				<param name="label" value="[B]$INFO[ListItem.ChannelNumberLabel,,  ][/B]$INFO[ListItem.ChannelName]" />
				<param name="pagecontrol_left" value="930" />
				<param name="pagecontrol_onright" value="62" />
			</include>
			<include content="PVRGroupManagerList">
				<param name="header_left" value="1357.5" />
				<param name="header_label" value="$INFO[Control.GetLabel(20)]" />
				<param name="id" value="12" />
				<param name="pagecontrol" value="62" />
				<param name="onleft" value="11" />
				<param name="onright" value="13" />
				<param name="list_left" value="1342.5" />
				<param name="label" value="[B]$INFO[ListItem.ChannelNumberLabel,,  ][/B]$INFO[ListItem.ChannelName]" />
				<param name="pagecontrol_left" value="1372.5" />
				<param name="pagecontrol_onright" value="60" />
			</include>
		</control>
	</controls>
</window>
