<?xml version="1.0" encoding="UTF-8"?>
<window>
	<defaultcontrol>5</defaultcontrol>
	<coordinates>
		<system>1</system>
		<left>94</left>
		<top>45</top>
	</coordinates>
	<include>dialogeffect</include>
	<controls>
		<control type="image">
			<description>background image</description>
			<width>1732.5</width>
			<height>990</height>
			<texture border="50,150,50,50">dialogs/Dialog.png</texture>
			<bordersize>19</bordersize>
			<animation effect="fade" start="90" end="90" time="0" condition="Window.IsVisible(Visualisation)">Conditional</animation>
		</control>
		<control type="label" id="2">
			<description>Heading label</description>
			<left>75</left>
			<top>75</top>
			<width>1582.5</width>
			<height>45</height>
			<align>center</align>
			<font>font16</font>
			<label>13406</label>
			<textcolor>orange</textcolor>
			<shadowcolor>black</shadowcolor>
		</control>
		<control type="grouplist" id="3">
			<description>Button area</description>
			<left>75</left>
			<top>150</top>
			<width>300</width>
			<height>675</height>
			<itemgap>2</itemgap>
			<onup>20</onup>
			<ondown>20</ondown>
			<onleft>9001</onleft>
			<onright>5</onright>
		</control>
		<control type="button" id="20">
			<left>75</left>
			<top>825</top>
			<include>DialogButton2CommonValues</include>
			<onclick>SettingsLevelChange</onclick>
			<onup>3</onup>
			<ondown>3</ondown>
			<onleft>9001</onleft>
			<onright>60</onright>
		</control>
		<control type="grouplist" id="5">
			<description>control area</description>
			<left>390</left>
			<top>150</top>
			<width>952.5</width>
			<height>675</height>
			<itemgap>2</itemgap>
			<pagecontrol>60</pagecontrol>
			<onup>60</onup>
			<ondown>60</ondown>
			<onleft>3</onleft>
			<onright>9001</onright>
		</control>
		<control type="spincontrol" id="60">
			<description>Next page Spinner</description>
			<left>960</left>
			<top>862.5</top>
			<subtype>page</subtype>
			<textoffsetx>120</textoffsetx>
			<textoffsety>4.5</textoffsety>
			<textwidth>300</textwidth>
			<font>font12</font>
			<align>left</align>
			<onleft>20</onleft>
			<onright>9001</onright>
			<onup>5</onup>
			<textcolor>white</textcolor>
			<showonepage>false</showonepage>
		</control>
		<control type="grouplist" id="9001">
			<left>1357.5</left>
			<top>150</top>
			<orientation>vertical</orientation>
			<itemgap>2</itemgap>
			<onleft>5</onleft>
			<onright>3</onright>
			<control type="button" id="28">
				<include>DialogButton2CommonValues</include>
			</control>
			<control type="button" id="29">
				<include>DialogButton2CommonValues</include>
			</control>
			<control type="button" id="30">
				<include>DialogButton2CommonValues</include>
			</control>
		</control>
		<control type="button" id="10">
			<description>Default Category Button</description>
			<include>DialogButton2CommonValues</include>
		</control>
		<control type="button" id="7">
			<description>Default Button</description>
			<include>DialogButtonCommonValues</include>
		</control>
		<control type="radiobutton" id="8">
			<description>Default RadioButton</description>
			<include>DialogButtonCommonValues</include>
		</control>
		<control type="spincontrolex" id="9">
			<description>Default spincontrolex</description>
			<aligny>center</aligny>
			<reverse>yes</reverse>
			<include>DialogButtonCommonValues</include>
		</control>
		<control type="edit" id="12">
			<description>Default Edit</description>
			<aligny>center</aligny>
			<include>DialogButtonCommonValues</include>
		</control>
		<control type="sliderex" id="13">
			<description>Default Slider</description>
			<aligny>center</aligny>
			<include>DialogButtonCommonValues</include>
		</control>
		<control type="label" id="14">
			<description>Separator label</description>
			<label />
			<height>65.5</height>
			<font>font12</font>
			<align>center</align>
			<aligny>center</aligny>
			<textcolor>blue</textcolor>
		</control>
	</controls>
</window>
