<?xml version="1.0" encoding="UTF-8"?>
<window>
	<defaultcontrol>11</defaultcontrol>
	<coordinates>
		<system>1</system>
		<left>630</left>
		<top>10.5</top>
	</coordinates>
	<include>dialogeffect</include>
	<controls>
		<control type="image">
			<width>600</width>
			<height>127.5</height>
			<texture border="30,30,30,45">dialogs/Dialog2.png</texture>
		</control>
		<control type="label" id="10">
			<description>Dialog header</description>
			<left>30</left>
			<top>22.5</top>
			<width>270</width>
			<height>24</height>
			<align>left</align>
			<font>font12</font>
			<textcolor>white</textcolor>
		</control>
		<control type="label" id="12">
			<description>Slider Value</description>
			<left>300</left>
			<top>22.5</top>
			<width>270</width>
			<height>24</height>
			<align>right</align>
			<font>font12</font>
			<textcolor>white</textcolor>
		</control>
		<control type="slider" id="11">
			<description>Slider</description>
			<left>30</left>
			<top>63</top>
			<width>540</width>
			<height>22.5</height>
			<texturesliderbar>osd_slider_bg_2.png</texturesliderbar>
			<onup>11</onup>
			<ondown>11</ondown>
			<onleft>11</onleft>
			<onright>11</onright>
		</control>
	</controls>
</window>
