<?xml version="1.0" encoding="UTF-8"?>
<window>
	<defaultcontrol>402</defaultcontrol>
	<include>dialogeffect</include>
	<coordinates>
		<system>1</system>
		<left>135</left>
		<top>-4.5</top>
	</coordinates>
	<controls>
		<control type="group">
			<animation effect="fade" start="100" end="0" time="200" condition="Window.IsVisible(FullscreenVideo) | Window.IsVisible(Visualisation)">conditional</animation>
			<control type="image">
				<description>Dialog Back</description>
				<width>780</width>
				<height>127.5</height>
				<bordersize>5,5,5,10</bordersize>
				<texture border="30,30,30,45">dialogs/Dialog2.png</texture>
			</control>
			<control type="label" id="30">
				<description>Caption Label</description>
				<left>37.5</left>
				<top>22.5</top>
				<width>705</width>
				<height>22.5</height>
				<font>font10</font>
				<textcolor>orange</textcolor>
				<align>left</align>
				<aligny>center</aligny>
			</control>
			<control type="label" id="31">
				<description>Current Title Label</description>
				<left>37.5</left>
				<top>49.5</top>
				<width>705</width>
				<height>22.5</height>
				<aligny>center</aligny>
				<haspath>yes</haspath>
				<font>font10</font>
			</control>
			<control type="progress" id="32">
				<description>progress control</description>
				<left>37.5</left>
				<top>82.5</top>
				<width>705</width>
				<height>6</height>
			</control>
		</control>
	</controls>
</window>
