<?xml version="1.0" encoding="UTF-8"?>
<window>
	<defaultcontrol always="true">11</defaultcontrol>
	<include>dialogeffect</include>
	<controls>
		<control type="group">
			<left>398</left>
			<top>61.5</top>
			<control type="image">
				<description>background image</description>
				<width>1125</width>
				<height>957</height>
				<texture border="50,150,50,50">dialogs/Dialog.png</texture>
				<bordersize>19</bordersize>
			</control>
			<control type="group">
				<left>75</left>
				<top>75</top>
				<control type="label">
					<description>heading label</description>
					<width>975</width>
					<height>45</height>
					<align>center</align>
					<aligny>center</aligny>
					<font>font16</font>
					<label>$VAR[PVRChannelsOSDHeader]</label>
					<textcolor>orange</textcolor>
				</control>
				<include content="PVRChannelsContainer">
					<param name="id" value="11" />
					<param name="top" value="75" />
					<param name="width" value="975" />
					<param name="height" value="661.5" />
					<param name="label_width" value="810" />
					<param name="icon_left" value="892.5" />
					<param name="ondown" value="9000" />
				</include>
			</control>
			<control type="spincontrol" id="60">
				<description>Next page Spinner</description>
				<left>960</left>
				<top>826</top>
				<subtype>page</subtype>
				<font />
				<onleft>9002</onleft>
				<onright>11</onright>
				<onup>11</onup>
				<ondown>11</ondown>
				<textcolor>white</textcolor>
				<showonepage>true</showonepage>
			</control>
			<include content="PageLabel">
				<param name="left" value="472.5" />
				<param name="top" value="823.5" />
				<param name="width" value="480" />
				<param name="label" value="$LOCALIZE[31201] $INFO[Container(11).CurrentPage]/$INFO[Container(11).NumPages]" />
				<param name="id" value="60" />
			</include>
			<control type="grouplist" id="9010">
				<left>75</left>
				<top>817.5</top>
				<onleft>11</onleft>
				<onright>60</onright>
				<onup>11</onup>
				<ondown>11</ondown>
				<itemgap>3.5</itemgap>
				<orientation>horizontal</orientation>
				<control type="button" id="9000">
					<description>Close button</description>
					<label>15067</label>
					<width>315</width>
					<include>DialogButton2CommonValues</include>
					<onclick>PreviousMenu</onclick>
				</control>
				<control type="group" id="9011">
					<width>315</width>
					<control type="image">
						<width>315</width>
						<height>67.5</height>
						<texture border="15">buttons/button-dialog-focus.png</texture>
						<visible>Control.HasFocus(9002) | Control.HasFocus(9003)</visible>
					</control>
					<control type="image">
						<width>315</width>
						<height>67.5</height>
						<texture border="15">buttons/button-dialog-nofocus.png</texture>
						<visible>![Control.HasFocus(9002) | Control.HasFocus(9003)]</visible>
					</control>
					<control type="label">
						<left>15</left>
						<width>210</width>
						<height>67.5</height>
						<font>font12</font>
						<aligny>center</aligny>
						<label>31248</label>
					</control>
					<control type="button" id="9002">
						<description>Change channel group button</description>
						<left>214.5</left>
						<top>10.5</top>
						<label />
						<width>48</width>
						<height>48</height>
						<onclick>PreviousChannelGroup</onclick>
						<onup>11</onup>
						<ondown>11</ondown>
						<onleft>9000</onleft>
						<onright>9003</onright>
						<texturefocus>sortdown-focus.png</texturefocus>
						<texturenofocus>sortdown-nofocus.png</texturenofocus>
					</control>
					<control type="button" id="9003">
						<description>Change channel group button</description>
						<left>261</left>
						<top>10.5</top>
						<label />
						<width>48</width>
						<height>48</height>
						<onclick>NextChannelGroup</onclick>
						<onup>11</onup>
						<ondown>11</ondown>
						<onleft>9002</onleft>
						<onright>60</onright>
						<texturefocus>sortup-focus.png</texturefocus>
						<texturenofocus>sortup-nofocus.png</texturenofocus>
					</control>
				</control>
			</control>
		</control>
	</controls>
</window>
