<?xml version="1.0" encoding="UTF-8"?>
<window>
	<defaultcontrol always="true">50</defaultcontrol>
	<menucontrol>9000</menucontrol>
	<views>50</views>
	<controls>
		<include>CommonVideoVizBackground</include>
		<include>CommonSystemBackground</include>
		<include>CommonSystemBlackwash</include>
		<control type="group">
			<left>195</left>
			<animation effect="fade" delay="500" time="HomeVisibleFadeAnimationSpeed">WindowOpen</animation>
			<animation effect="fade" start="0" end="0" time="0">WindowClose</animation>
			<control type="label">
				<description>Header label</description>
				<label>$LOCALIZE[10050][COLOR=grey2]$VAR[SortLetterNotificationVar2][/COLOR]</label>
				<include>HeaderTextCommons</include>
			</control>
			<control type="panel" id="50">
				<left>0</left>
				<top>165</top>
				<width>1605</width>
				<height>720</height>
				<onleft>9000</onleft>
				<onright>60</onright>
				<onup>50</onup>
				<ondown>50</ondown>
				<viewtype label="535">list</viewtype>
				<pagecontrol>60</pagecontrol>
				<scrolltime>200</scrolltime>
				<itemlayout height="120" width="1605">
					<control type="image">
						<left>9</left>
						<top>9</top>
						<width>102</width>
						<height>102</height>
						<texture background="true">$INFO[ListItem.Icon]</texture>
						<bordertexture>black-back.png</bordertexture>
						<bordersize>1</bordersize>
					</control>
					<control type="label">
						<left>126</left>
						<top>7.5</top>
						<width>787.5</width>
						<height>54</height>
						<font>font13</font>
						<aligny>center</aligny>
						<selectedcolor>orange</selectedcolor>
						<shadowcolor>black</shadowcolor>
						<align>left</align>
						<info>ListItem.Label</info>
					</control>
					<control type="label">
						<left>126</left>
						<top>52.5</top>
						<width>787.5</width>
						<height>54</height>
						<font>font13</font>
						<aligny>center</aligny>
						<textcolor>grey2</textcolor>
						<selectedcolor>orange</selectedcolor>
						<shadowcolor>black</shadowcolor>
						<label>$INFO[ListItem.Property(Event.Description)]</label>
					</control>
					<control type="label">
						<left>913.5</left>
						<top>7.5</top>
						<width>676.5</width>
						<height>54</height>
						<font>font13</font>
						<aligny>center</aligny>
						<selectedcolor>orange</selectedcolor>
						<textcolor>grey2</textcolor>
						<shadowcolor>black</shadowcolor>
						<align>right</align>
						<info>ListItem.Label2</info>
					</control>
				</itemlayout>
				<focusedlayout height="120" width="1800">
					<control type="image">
						<width>1605</width>
						<height>120</height>
						<texture border="15">buttons/list-focus.png</texture>
					</control>
					<control type="image">
						<left>9</left>
						<top>9</top>
						<width>102</width>
						<height>102</height>
						<texture background="true">$INFO[ListItem.Icon]</texture>
						<bordertexture>black-back.png</bordertexture>
						<bordersize>1</bordersize>
					</control>
					<control type="label">
						<left>126</left>
						<top>7.5</top>
						<width>787.5</width>
						<height>54</height>
						<font>font13</font>
						<aligny>center</aligny>
						<selectedcolor>orange</selectedcolor>
						<label>$INFO[ListItem.Label]</label>
					</control>
					<control type="label">
						<left>126</left>
						<top>52.5</top>
						<width>787.5</width>
						<height>54</height>
						<font>font13</font>
						<aligny>center</aligny>
						<selectedcolor>orange</selectedcolor>
						<label>$INFO[ListItem.Property(Event.Description)]</label>
					</control>
					<control type="label">
						<left>914</left>
						<top>7.5</top>
						<width>676.5</width>
						<height>54</height>
						<font>font13</font>
						<aligny>center</aligny>
						<textcolor>white2</textcolor>
						<selectedcolor>orange</selectedcolor>
						<align>right</align>
						<label>$INFO[ListItem.Label2]</label>
					</control>
				</focusedlayout>
			</control>
		</control>
		<include>BackgroundDim</include>
		<control type="group" id="9000">
			<include>Container9000BladesRunner</include>
			<control type="grouplist" id="610">
				<include content="Container9000Header">
					<param name="left" value="150" />
					<param name="top" value="150" />
				</include>
				<control type="button" id="21">
					<description>Level button</description>
					<include>ButtonCommonValues</include>
				</control>
				<control type="togglebutton" id="4">
					<description>Order by button</description>
					<left>3</left>
					<include>SortAscendingButton</include>
				</control>
				<control type="radiobutton" id="22">
					<description>Only show current level</description>
					<left>7.5</left>
					<include>ButtonCommonValues</include>
				</control>
				<control type="button" id="20">
					<description>Clear</description>
					<left>10.5</left>
					<include>ButtonCommonValues</include>
					<label>$LOCALIZE[192]</label>
				</control>
				<control type="button" id="612">
					<description>Settings</description>
					<left>13.5</left>
					<include>ButtonCommonValues</include>
					<label>$LOCALIZE[5]</label>
					<onclick>ActivateWindow(systemsettings,logging)</onclick>
				</control>
			</control>
			<include content="CommonPlayerControls">
				<param name="left" value="150" />
				<param name="top" value="210" />
			</include>
		</control>
		<include>AllViewCommonPageControls</include>
		<control type="group">
			<include>SettingsToSubBlades</include>
		</control>
		<include>Common_Now_Playing</include>
	</controls>
</window>
