<?xml version="1.0" encoding="UTF-8"?>
<includes>
	<include file="defaults.xml" />
	<include file="IncludesCodecFlagging.xml" />
	<include file="IncludesCommonWindowBuilding.xml" />
	<include file="IncludesDialogSelect.xml" />
	<include file="IncludesGames.xml" />
	<include file="IncludesVariables.xml" />
	<include file="Views_Common.xml" />
	
	<constant name="HomeBladeAnimationSpeed">150</constant>
	<constant name="HomeVisibleFadeAnimationSpeed">100</constant>
	<constant name="DialogVisibleFadeAnimationSpeed">300</constant>
	<constant name="SubBladeFadeInDelay">250</constant> <!-- HomeBladeAnimationSpeed + 100 -->
	<constant name="ButtonSlideBackDistance">-7.5</constant>
	<constant name="ButtonSlideBackTime">275</constant>
	<constant name="FanartCrossfadeTime">600</constant>
	<constant name="IconCrossfadeTime">400</constant>
	<constant name="SideMenuSlideOutTime">200</constant>
	
	<expression name="AddonLifecycleType">String.IsEqual(ListItem.AddonLifecycleType,$LOCALIZE[24170]) | String.IsEqual(ListItem.AddonLifecycleType,$LOCALIZE[24171])</expression>
	<expression name="listitem_has_episode_info">!String.IsEmpty(ListItem.Episode) | !String.IsEmpty(ListItem.EpisodeName) | !String.IsEmpty(ListItem.Season)</expression>
	<expression name="videoplayer_has_episode_info">!String.IsEmpty(VideoPlayer.Episode) | !String.IsEmpty(VideoPlayer.EpisodeName) | !String.IsEmpty(VideoPlayer.Season)</expression>
	<expression name="IsPVR">Window.IsVisible(MyPVRChannels.xml) | Window.IsVisible(MyPVRGuide.xml) | Window.IsVisible(MyPVRRecordings.xml) | Window.IsVisible(MyPVRTimers.xml) | Window.IsVisible(MyPVRSearch.xml)</expression>
	
	<include name="HomeLogoButton">
		<control type="group">
			<animation effect="slide" end="668,0" condition="!Skin.HasSetting(Blades_CenterLogoButton)">Conditional</animation>
			<animation effect="slide" end="157.5,0" condition="!Skin.HasSetting(Blades_CenterLogoButton) + Window.IsVisible(LoginScreen)">Conditional</animation>
			<control type="button" id="9050">
				<left>-12</left>
				<top>19.5</top>
				<width>67.5</width>
				<height>67.5</height>
				<texturefocus>tetradui_logo_clean.png</texturefocus>
				<texturenofocus>tetradui_logo_clean.png</texturenofocus>
				<onleft condition="!Window.IsVisible(Weather)">1</onleft>
				<onright condition="Window.IsVisible(Weather)">1</onright>
				<onright condition="!Window.IsVisible(Settings.xml)">2</onright>
				<ondown condition="!Window.IsVisible(Weather) + !Window.IsVisible(loginscreen)">9000</ondown>
				<ondown condition="Window.IsVisible(Weather)">3</ondown>
				<ondown condition="Window.IsVisible(loginscreen)">52</ondown>
				<onclick>ActivateWindow(1103)</onclick>
				<animation effect="zoom" start="100" end="115" time="100" center="auto">Focus</animation>
				<animation effect="zoom" start="115" end="100" time="100" center="auto">UnFocus</animation>
			</control>
		</control>
	</include>
	<include name="BlankBladeSlideLeft">
		<control type="button" id="$PARAM[id]">
			<left>120r</left>
			<width>240</width>
			<height>1080</height>
			<texturefocus>blades-blank-right.png</texturefocus>
			<onfocus>$PARAM[action]</onfocus>
			<animation effect="slide" end="-1920,0" time="HomeBladeAnimationSpeed">focus</animation>
			<hitrect x="-15" y="-15" w="1.5" h="1.5" />
		</control>
	</include>
	<include name="BlankBladeSlideRight">
		<control type="button" id="$PARAM[id]">
			<left>-120</left>
			<width>240</width>
			<height>1080</height>
			<texturefocus>blades-blank-left.png</texturefocus>
			<onfocus>$PARAM[action]</onfocus>
			<animation effect="slide" end="1920,0" time="HomeBladeAnimationSpeed">focus</animation>
			<hitrect x="-15" y="-15" w="1.5" h="1.5" />
		</control>
	</include>
	<include name="BladesImagesLeft">
		<control type="image">
			<left>-165</left>
			<top>-60</top>
			<width>270</width>
			<height>1200</height>
			<texture>blades-runner-left.png</texture>
		</control>
		<control type="image">
			<top>-60</top>
			<width>172.5</width>
			<height>1200</height>
			<texture>$PARAM[texture]</texture>
		</control>
	</include>
	<include name="BladesImagesRight">
		<control type="image">
			<left>97.5r</left>
			<top>-60</top>
			<width>270</width>
			<height>1200</height>
			<texture>blades-runner-right.png</texture>
		</control>
		<control type="image">
			<left>172.5r</left>
			<top>-60</top>
			<width>172.5</width>
			<height>1200</height>
			<texture>$PARAM[texture]</texture>
		</control>
	</include>
	<include name="BladesLabelLeft">
		<font>font16</font>
		<textcolor>black</textcolor>
		<aligny>top</aligny>
		<angle>273</angle>
	</include>
	<include name="BladesLabelRight">
		<font>font16</font>
		<textcolor>black</textcolor>
		<aligny>top</aligny>
		<angle>267</angle>
	</include>
	<include name="BladesRunnerRightAnimation1">
		<animation type="WindowOpen">
			<effect type="fade" start="0" end="100" time="100" />
			<effect type="slide" start="825,0" end="0,0" delay="100" time="400" tween="quadratic" easing="out" />
		</animation>
		<animation type="WindowClose">
			<effect type="slide" start="0,0" end="825,0" delay="DialogVisibleFadeAnimationSpeed" time="400" tween="quadratic" easing="in" />
			<effect type="fade" start="100" end="0" delay="800" time="100" />
		</animation>
	</include>
	<include name="BladesRunnerRightAnimation2">
		<animation type="WindowOpen">
			<effect type="fade" start="0" end="100" time="100" />
			<effect type="slide" start="1642,0" end="0,0" delay="100" time="500" tween="quadratic" easing="out" />
		</animation>
		<animation type="WindowClose">
			<effect type="slide" start="0,0" end="1642.5,0" delay="DialogVisibleFadeAnimationSpeed" time="500" tween="quadratic" easing="in" />
			<effect type="fade" start="100" end="0" delay="800" time="100" />
		</animation>
	</include>
	<include name="BladesRunnerRight">
		<control type="image">
			<left>195</left>
			<top>-60</top>
			<width>270</width>
			<height>1200</height>
			<texture>blades-runner-right.png</texture>
		</control>
		<control type="image">
			<left>465</left>
			<top>-60</top>
			<width>1455</width>
			<height>1200</height>
			<texture>blades-runner-right-edge.png</texture>
		</control>
		<control type="image">
			<left>120</left>
			<top>-60</top>
			<width>172.5</width>
			<height>1200</height>
			<texture>blades-size3-right-noshadow.png</texture>
		</control>
		<control type="image">
			<left>156</left>
			<top>474</top>
			<width>45</width>
			<height>45</height>
			<texture colordiffuse="bbffffff">tetradui_logo_clean_noshadow.png</texture>
		</control>
	</include>
	<include name="Container9000BladesRunner">
		<animation effect="fade" start="0" end="0" time="0">WindowClose</animation>
		<animation effect="slide" time="SideMenuSlideOutTime" start="0,0" end="450,0" condition="ControlGroup(9000).HasFocus" reversible="false">Conditional</animation>
		<animation effect="slide" time="SideMenuSlideOutTime" start="450,0" end="0,0" delay="SideMenuSlideOutTime" condition="!ControlGroup(9000).HasFocus" reversible="false">Conditional</animation>
		<left>-450</left>
		<top>0</top>
		<control type="image">
			<top>-60</top>
			<width>240</width>
			<height>1200</height>
			<colordiffuse>EFFFFFFF</colordiffuse>
			<texture>blades-runner-right-edge.png</texture>
		</control>
		<control type="image">
			<left>240</left>
			<top>-60</top>
			<width>270</width>
			<height>1200</height>
			<colordiffuse>EFFFFFFF</colordiffuse>
			<texture>blades-runner-left1.png</texture>
		</control>
	</include>
	<include name="Container9000Header">
		<left>$PARAM[left]</left>
		<top>$PARAM[top]</top>
		<orientation>vertical</orientation>
		<itemgap>-7.5</itemgap>
		<onleft>50</onleft>
		<onright>50</onright>
		<onup condition="Player.HasMedia">606</onup>
		<onup condition="!Player.HasMedia">610</onup>
		<ondown condition="$EXP[IsPVR]">625</ondown>
		<ondown condition="Player.HasMedia + ![$EXP[IsPVR]]">603</ondown>
		<ondown condition="!Player.HasMedia + ![$EXP[IsPVR]]">610</ondown>
		<usecontrolcoords>true</usecontrolcoords>
		<visible allowhiddenfocus="true">ControlGroup(9000).HasFocus</visible>
		<animation effect="fade" start="0" end="100" delay="SideMenuSlideOutTime" time="200">Visible</animation>
		<animation effect="fade" start="100" end="0" delay="0" time="SideMenuSlideOutTime">Hidden</animation>
		<control type="label" id="621">
			<description>Header Label</description>
			<width>330</width>
			<height>30</height>
			<font>font12</font>
			<label>31202</label>
			<textcolor>orange</textcolor>
			<shadowcolor>black</shadowcolor>
			<align>left</align>
			<aligny>center</aligny>
		</control>
		<control type="image" id="622">
			<height>45</height>
			<texture />
		</control>
	</include>
	<include name="NavigationGrouplist">
		<control type="grouplist" id="620">
			<left>$PARAM[left]</left>
			<top>$PARAM[top]</top>
			<orientation>vertical</orientation>
			<itemgap>-12</itemgap>
			<onleft>50</onleft>
			<onright>50</onright>
			<onup condition="Window.IsVisible(MyPVRSearch.xml)">28</onup>
			<onup condition="!Window.IsVisible(MyPVRSearch.xml)">9002</onup>
			<ondown condition="Player.HasMedia">603</ondown>
			<ondown condition="!Player.HasMedia">3</ondown>
			<usecontrolcoords>true</usecontrolcoords>
			<visible allowhiddenfocus="true">ControlGroup(9000).HasFocus</visible>
			<animation effect="fade" start="0" end="100" delay="SideMenuSlideOutTime" time="200">Visible</animation>
			<animation effect="fade" start="100" end="0" delay="0" time="SideMenuSlideOutTime">Hidden</animation>
			<control type="label" id="623">
				<description>Header Label</description>
				<left>37.5</left>
				<width>330</width>
				<height>30</height>
				<font>font12</font>
				<label>[UPPERCASE]$LOCALIZE[31241][/UPPERCASE]</label>
				<textcolor>orange</textcolor>
				<shadowcolor>black</shadowcolor>
				<aligny>center</aligny>
			</control>
			<control type="image" id="624">
				<height>45</height>
				<texture />
			</control>
			<control type="button" id="625">
				<description>Button 1</description>
				<left>21</left>
				<include>ButtonCommonValues</include>
				<label>$VAR[NavigationGrouplistButton1Label]</label>
				<onclick condition="!Window.IsActive(MyPVRChannels.xml) + String.IsEmpty(Window.Property(IsRadio))">ActivateWindow(TVChannels)</onclick>
				<onclick condition="!Window.IsActive(MyPVRChannels.xml) + !String.IsEmpty(Window.Property(IsRadio))">ActivateWindow(RadioChannels)</onclick>
				<onclick condition="Window.IsActive(MyPVRChannels.xml) + String.IsEmpty(Window.Property(IsRadio))">ActivateWindow(TVGuide)</onclick>
				<onclick condition="Window.IsActive(MyPVRChannels.xml) + !String.IsEmpty(Window.Property(IsRadio))">ActivateWindow(RadioGuide)</onclick>
			</control>
			<control type="button" id="626">
				<description>Button 2</description>
				<left>21</left>
				<include>ButtonCommonValues</include>
				<label>$VAR[NavigationGrouplistButton2Label]</label>
				<onclick condition="!Window.IsActive(MyPVRGuide.xml) + String.IsEmpty(Window.Property(IsRadio))">ActivateWindow(TVGuide)</onclick>
				<onclick condition="!Window.IsActive(MyPVRGuide.xml) + !String.IsEmpty(Window.Property(IsRadio))">ActivateWindow(RadioGuide)</onclick>
				<onclick condition="[Window.IsActive(MyPVRChannels.xml) | Window.IsActive(MyPVRGuide.xml)] + String.IsEmpty(Window.Property(IsRadio))">ActivateWindow(TVRecordings)</onclick>
				<onclick condition="[Window.IsActive(MyPVRChannels.xml) | Window.IsActive(MyPVRGuide.xml)] + !String.IsEmpty(Window.Property(IsRadio))">ActivateWindow(RadioRecordings)</onclick>
			</control>
			<control type="button" id="627">
				<description>Button 3</description>
				<left>19.5</left>
				<include>ButtonCommonValues</include>
				<label>$VAR[NavigationGrouplistButton3Label]</label>
				<onclick condition="!Window.IsActive(MyPVRRecordings.xml) + String.IsEmpty(Window.Property(IsRadio))">ActivateWindow(TVRecordings)</onclick>
				<onclick condition="!Window.IsActive(MyPVRRecordings.xml) + !String.IsEmpty(Window.Property(IsRadio))">ActivateWindow(RadioRecordings)</onclick>
				<onclick condition="[Window.IsActive(MyPVRChannels.xml) | Window.IsActive(MyPVRGuide.xml) | Window.IsActive(MyPVRRecordings.xml)] + String.IsEmpty(Window.Property(IsRadio))">ActivateWindow(TVTimerRules)</onclick>
				<onclick condition="[Window.IsActive(MyPVRChannels.xml) | Window.IsActive(MyPVRGuide.xml) | Window.IsActive(MyPVRRecordings.xml)] + !String.IsEmpty(Window.Property(IsRadio))">ActivateWindow(RadioTimerRules)</onclick>
			</control>
			<control type="button" id="628">
				<description>Button 4</description>
				<left>15</left>
				<include>ButtonCommonValues</include>
				<label>$VAR[NavigationGrouplistButton4Label]</label>
				<onclick condition="![Window.IsActive(tvtimerrules) | Window.IsActive(radiotimerrules)] + String.IsEmpty(Window.Property(IsRadio))">ActivateWindow(TVTimerRules)</onclick>
				<onclick condition="![Window.IsActive(tvtimerrules) | Window.IsActive(radiotimerrules)] + !String.IsEmpty(Window.Property(IsRadio))">ActivateWindow(RadioTimerRules)</onclick>
				<onclick condition="[Window.IsActive(MyPVRChannels.xml) | Window.IsActive(MyPVRGuide.xml) | Window.IsActive(MyPVRRecordings.xml) | Window.IsActive(tvtimerrules) | Window.IsActive(radiotimerrules)] + String.IsEmpty(Window.Property(IsRadio))">ActivateWindow(TVTimers)</onclick>
				<onclick condition="[Window.IsActive(MyPVRChannels.xml) | Window.IsActive(MyPVRGuide.xml) | Window.IsActive(MyPVRRecordings.xml) | Window.IsActive(tvtimerrules) | Window.IsActive(radiotimerrules)] + !String.IsEmpty(Window.Property(IsRadio))">ActivateWindow(RadioTimers)</onclick>
			</control>
			<control type="button" id="629">
				<description>Button 5</description>
				<left>10.5</left>
				<include>ButtonCommonValues</include>
				<label>$VAR[NavigationGrouplistButton5Label]</label>
				<onclick condition="![Window.IsActive(tvtimers) | Window.IsActive(radiotimers)] + String.IsEmpty(Window.Property(IsRadio))">ActivateWindow(TVTimers)</onclick>
				<onclick condition="![Window.IsActive(tvtimers) | Window.IsActive(radiotimers)] + !String.IsEmpty(Window.Property(IsRadio))">ActivateWindow(RadioTimers)</onclick>
				<onclick condition="[Window.IsActive(MyPVRChannels.xml) | Window.IsActive(MyPVRGuide.xml) | Window.IsActive(MyPVRRecordings.xml) | Window.IsActive(MyPVRTimers.xml)] + String.IsEmpty(Window.Property(IsRadio))">ActivateWindow(TVSearch)</onclick>
				<onclick condition="[Window.IsActive(MyPVRChannels.xml) | Window.IsActive(MyPVRGuide.xml) | Window.IsActive(MyPVRRecordings.xml) | Window.IsActive(MyPVRTimers.xml)] + !String.IsEmpty(Window.Property(IsRadio))">ActivateWindow(RadioSearch)</onclick>
			</control>
		</control>
	</include>
	<include name="BackgroundDim">
		<control type="image">
			<width>1920</width>
			<height>1080</height>
			<texture colordiffuse="77ffffff">black-back.png</texture>
			<include>VisibleFadeEffect</include>
			<visible>Window.IsActive(1103) | Window.IsActive(1105) | Window.IsActive(1106) | Window.IsActive(1107) | Window.IsActive(ShutdownMenu) | [!Window.IsVisible(Weather) + ControlGroup(9000).HasFocus] | Window.IsActive(DialogSelect.xml) | Window.IsActive(DialogAddonInfo.xml) | Window.IsActive(DialogAddonSettings.xml) | Window.IsActive(DialogConfirm.xml) | Window.IsActive(DialogContextMenu.xml) | Window.IsActive(DialogFavourites.xml) | Window.IsActive(DialogKeyboard.xml) | Window.IsActive(DialogMediaSource.xml) | Window.IsActive(DialogMusicInfo.xml) | Window.IsActive(DialogNumeric.xml) | Window.IsActive(DialogPictureInfo.xml) | Window.IsActive(DialogPVRChannelManager.xml) | Window.IsActive(DialogPVRGroupManager.xml) | Window.IsActive(DialogPVRGuideSearch.xml) | Window.IsActive(DialogPVRInfo.xml) | Window.IsActive(DialogSettings.xml) | Window.IsActive(DialogTextViewer.xml) | Window.IsActive(DialogVideoInfo.xml) | Window.IsActive(FileBrowser.xml) | Window.IsActive(GameOSD.xml) | Window.IsActive(SmartPlaylistEditor.xml) | Window.IsActive(SmartPlaylistRule.xml) | Window.IsActive(script-RSS_Editor.xml)</visible>
		</control>
	</include>
	<include name="SortAscendingButton">
		<left>7.5</left>
		<label>$LOCALIZE[21429]: $LOCALIZE[21430]</label>
		<altlabel>$LOCALIZE[21429]: $LOCALIZE[21431]</altlabel>
		<alttexturefocus border="6,9,6,12">buttons/button-focus.png</alttexturefocus>
		<alttexturenofocus />
		<include>ButtonCommonValues</include>
	</include>
	<include name="WeatherLabelCommonValues">
		<width>300</width>
		<height>45</height>
		<font>font13</font>
		<align>right</align>
		<aligny>center</aligny>
		<textcolor>grey2</textcolor>
		<shadowcolor>black</shadowcolor>
	</include>
	<include name="WeatherLabelValueCommonValues">
		<width>630</width>
		<height>45</height>
		<font>font13</font>
		<aligny>center</aligny>
		<textcolor>white</textcolor>
		<shadowcolor>black</shadowcolor>
	</include>
	<include name="WeatherButtonCommonValues">
		<width>64.5</width>
		<height>64.5</height>
		<aligny>center</aligny>
		<textoffsetx>105</textoffsetx>
		<textwidth>450</textwidth>
		<textcolor>white2</textcolor>
		<shadowcolor />
		<font>font30</font>
		<pulseonselect>no</pulseonselect>
		<onright>1</onright>
		<animation effect="slide" end="ButtonSlideBackDistance,0" time="ButtonSlideBackTime" reversible="false">focus</animation>
	</include>
	<include name="WeatherCurrentIcon">
		<control type="image">
			<left>30</left>
			<top>60</top>
			<height>345</height>
			<width>345</width>
			<texture>$VAR[WeatherIconsAddonPathVar]$INFO[Window(Weather).Property(Current.FanartCode),,.png]</texture>
			<aspectratio>keep</aspectratio>
		</control>
	</include>
	<include name="WeatherAnimIcon">
		<aspectratio>keep</aspectratio>
		<timeperimage>100</timeperimage>
		<randomize>false</randomize>
		<fadetime>1</fadetime>
	</include>
	<include name="WeatherAnimCurrentIcon">
		<control type="multiimage">
			<left>30</left>
			<top>60</top>
			<height>345</height>
			<width>345</width>
			<imagepath>$VAR[WeatherIconsAddonPathVar]$INFO[Window(Weather).Property(Current.FanartCode)]</imagepath>
			<include>WeatherAnimIcon</include>
		</control>
	</include>
	<include name="WeatherForecastContent">
		<control type="label">
			<description>Day label</description>
			<width>630</width>
			<height>52.5</height>
			<font>font16</font>
			<info>Window(Weather).Property($PARAM[day].Title)</info>
			<aligny>center</aligny>
			<textcolor>white</textcolor>
			<shadowcolor>black</shadowcolor>
		</control>
		<control type="image">
			<left>660</left>
			<height>165</height>
			<width>165</width>
			<texture>$VAR[WeatherIconsAddonPathVar]$INFO[Window(Weather).Property($PARAM[day].FanartCode),,.png]</texture>
			<aspectratio align="right">keep</aspectratio>
			<visible>!Skin.HasSetting(WeatherIconsAddon.multi)</visible>
		</control>
		<control type="multiimage">
			<left>660</left>
			<height>165</height>
			<width>165</width>
			<aspectratio align="right">keep</aspectratio>
			<imagepath>$VAR[WeatherIconsAddonPathVar]$INFO[Window(Weather).Property($PARAM[day].FanartCode)]</imagepath>
			<include>WeatherAnimIcon</include>
			<visible>Skin.HasSetting(WeatherIconsAddon.multi)</visible>
		</control>
		<control type="label">
			<description>high label</description>
			<left>60</left>
			<top>60</top>
			<height>30</height>
			<font>font16</font>
			<aligny>center</aligny>
			<label>$LOCALIZE[393]:</label>
			<textcolor>grey2</textcolor>
			<visible>Weather.IsFetched</visible>
			<shadowcolor>black</shadowcolor>
		</control>
		<control type="label">
			<description>high value</description>
			<left>165</left>
			<top>60</top>
			<height>30</height>
			<label>$INFO[Window(Weather).Property($PARAM[day].HighTemp)]$INFO[System.TemperatureUnits]</label>
			<font>font16</font>
			<aligny>center</aligny>
			<textcolor>white</textcolor>
			<shadowcolor>black</shadowcolor>
		</control>
		<control type="label">
			<description>low label</description>
			<left>330</left>
			<top>60</top>
			<height>30</height>
			<font>font16</font>
			<aligny>center</aligny>
			<label>$LOCALIZE[391]:</label>
			<textcolor>grey2</textcolor>
			<visible>Weather.IsFetched</visible>
			<shadowcolor>black</shadowcolor>
		</control>
		<control type="label">
			<description>low value</description>
			<left>435</left>
			<top>60</top>
			<height>30</height>
			<label>$INFO[Window(Weather).Property($PARAM[day].LowTemp)]$INFO[System.TemperatureUnits]</label>
			<font>font16</font>
			<aligny>center</aligny>
			<textcolor>white</textcolor>
			<shadowcolor>black</shadowcolor>
		</control>
		<control type="label">
			<description>conditions label</description>
			<left>60</left>
			<top>112.5</top>
			<width>480</width>
			<height>30</height>
			<info>Window(Weather).Property($PARAM[day].Outlook)</info>
			<font>font13</font>
			<aligny>center</aligny>
			<textcolor>grey2</textcolor>
			<shadowcolor>black</shadowcolor>
		</control>
	</include>
	<include name="WeatherHourlyContent">
		<control type="label">
			<description>Hour label</description>
			<width>630</width>
			<height>52.5</height>
			<font>font16</font>
			<info>Window(Weather).Property(Hourly.$PARAM[value].Time)</info>
			<aligny>center</aligny>
			<textcolor>white</textcolor>
			<shadowcolor>black</shadowcolor>
		</control>
		<control type="image">
			<top>30</top>
			<left>307.5</left>
			<height>135</height>
			<width>135</width>
			<texture>$VAR[WeatherIconsAddonPathVar]$INFO[Window(Weather).Property(Hourly.$PARAM[value].FanartCode),,.png]</texture>
			<aspectratio align="right">keep</aspectratio>
			<visible>!Skin.HasSetting(WeatherIconsAddon.multi)</visible>
		</control>
		<control type="multiimage">
			<top>30</top>
			<left>307.5</left>
			<height>135</height>
			<width>135</width>
			<aspectratio align="right">keep</aspectratio>
			<imagepath>$VAR[WeatherIconsAddonPathVar]$INFO[Window(Weather).Property(Hourly.$PARAM[value].FanartCode)]</imagepath>
			<include>WeatherAnimIcon</include>
			<visible>Skin.HasSetting(WeatherIconsAddon.multi)</visible>
		</control>
		<control type="label">
			<description>temperature value</description>
			<left>60</left>
			<top>60</top>
			<height>30</height>
			<label>$INFO[Window(Weather).Property(Hourly.$PARAM[value].Temperature)]</label>
			<font>font16</font>
			<aligny>center</aligny>
			<textcolor>white</textcolor>
			<shadowcolor>black</shadowcolor>
		</control>
		<control type="label">
			<description>conditions label</description>
			<left>60</left>
			<top>112.5</top>
			<width>480</width>
			<height>30</height>
			<info>Window(Weather).Property(Hourly.$PARAM[value].Outlook)</info>
			<font>font13</font>
			<aligny>center</aligny>
			<textcolor>grey2</textcolor>
			<shadowcolor>black</shadowcolor>
		</control>
		<control type="label">
			<description>Precipitation label</description>
			<left>420</left>
			<top>60</top>
			<height>30</height>
			<width>225</width>
			<font>font12</font>
			<align>right</align>
			<aligny>center</aligny>
			<label>$LOCALIZE[33021]:</label>
			<textcolor>grey2</textcolor>
			<visible>Weather.IsFetched</visible>
			<shadowcolor>black</shadowcolor>
			<visible>!String.IsEmpty(Window(Weather).Property(Hourly.$PARAM[value].Precipitation))</visible>
		</control>
		<control type="label">
			<description>Precipitation value</description>
			<left>675</left>
			<top>60</top>
			<height>30</height>
			<label>$INFO[Window(Weather).Property(Hourly.$PARAM[value].Precipitation)]</label>
			<font>font12</font>
			<aligny>center</aligny>
			<textcolor>white</textcolor>
			<shadowcolor>black</shadowcolor>
			<visible>!String.IsEmpty(Window(Weather).Property(Hourly.$PARAM[value].Precipitation))</visible>
		</control>
		<control type="label">
			<description>Wind label</description>
			<left>420</left>
			<top>112.5</top>
			<height>30</height>
			<width>225</width>
			<font>font12</font>
			<align>right</align>
			<aligny>center</aligny>
			<label>$LOCALIZE[404]:</label>
			<textcolor>grey2</textcolor>
			<visible>Weather.IsFetched</visible>
			<shadowcolor>black</shadowcolor>
			<visible>![String.IsEmpty(Window(Weather).Property(Hourly.$PARAM[value].WindSpeed)) + String.IsEmpty(Window(Weather).Property(Hourly.$PARAM[value].WindDirection))]</visible>
		</control>
		<control type="label">
			<description>Wind value</description>
			<left>675</left>
			<top>112.5</top>
			<height>30</height>
			<label>$INFO[Window.Property(Hourly.$PARAM[value].WindSpeed)]$INFO[Window.Property(Hourly.$PARAM[value].WindDirection), ,]</label>
			<font>font12</font>
			<aligny>center</aligny>
			<textcolor>white</textcolor>
			<shadowcolor>black</shadowcolor>
			<visible>![String.IsEmpty(Window(Weather).Property(Hourly.$PARAM[value].WindSpeed)) + String.IsEmpty(Window(Weather).Property(Hourly.$PARAM[value].WindDirection))]</visible>
		</control>
	</include>
	<include name="HeaderTextCommons">
		<top>37.5</top>
		<width>1200</width>
		<height>30</height>
		<align>left</align>
		<aligny>center</aligny>
		<font>font35</font>
		<textcolor>white</textcolor>
		<shadowcolor>black</shadowcolor>
		<include>VisibleFadeEffect</include>
		<animation effect="slide" end="105,0" condition="Control.IsVisible(9050) + Skin.HasSetting(Blades_CenterLogoButton)">Conditional</animation>
		<visible>!Window.IsVisible(extendedprogressdialog)</visible>
	</include>
	<include name="DialogHeaderTextCommons">
		<top>30</top>
		<width>555</width>
		<height>45</height>
		<align>left</align>
		<aligny>center</aligny>
		<font>font35</font>
		<textcolor>white</textcolor>
		<shadowcolor>black</shadowcolor>
	</include>
	<include name="ClockTextCommons">
		<control type="group">
			<visible>!Window.IsVisible(Seekbar)</visible>
			<include>VisibleFadeEffect</include>
			<control type="label">
				<top>16.5</top>
				<left>$PARAM[left]</left>
				<width>570</width>
				<height>30</height>
				<align>right</align>
				<aligny>center</aligny>
				<font>font16</font>
				<textcolor>white</textcolor>
				<shadowcolor>black</shadowcolor>
				<label>$INFO[System.Time]</label>
			</control>
			<control type="label">
				<description>date label</description>
				<left>$PARAM[left]</left>
				<top>58.5</top>
				<width>570</width>
				<height>45</height>
				<align>right</align>
				<aligny>top</aligny>
				<font>font10</font>
				<textcolor>white2</textcolor>
				<shadowcolor>black</shadowcolor>
				<label>$INFO[System.Date]</label>
			</control>
		</control>
	</include>
	<include name="ButtonCommonValues">
		<height>65.5</height>
		<width>315</width>
		<aligny>center</aligny>
		<font>font12</font>
		<textoffsetx>15</textoffsetx>
		<textcolor>white</textcolor>
		<shadowcolor>black</shadowcolor>
		<texturefocus border="6,9,6,12">buttons/button-focus.png</texturefocus>
		<texturenofocus />
	</include>
	<include name="InfoDialogButtonCommonValues">
		<height>75</height>
		<width>262.5</width>
		<align>center</align>
		<aligny>center</aligny>
		<font>font12</font>
		<textwidth>218</textwidth>
		<shadowcolor>black</shadowcolor>
		<texturefocus border="6,9,6,12">buttons/button-dialog-focus.png</texturefocus>
		<texturenofocus border="6,9,6,12">buttons/button-dialog-nofocus.png</texturenofocus>
	</include>
	<include name="DialogButtonCommonValues">
		<height>65.5</height>
		<font>font12</font>
		<texturefocus border="15">buttons/list-focus.png</texturefocus>
		<texturenofocus border="15">buttons/list-nofocus.png</texturenofocus>
	</include>
	<include name="DialogButton2CommonValues">
		<width>300</width>
		<height>65.5</height>
		<font>font12</font>
		<align>center</align>
		<aligny>center</aligny>
		<texturefocus border="15">buttons/button-dialog-focus.png</texturefocus>
		<texturenofocus border="15">buttons/button-dialog-nofocus.png</texturenofocus>
		<label />
	</include>
	<include name="DialogButton3CommonValues">
		<width>450</width>
		<height>65.5</height>
		<font>font12</font>
		<aligny>center</aligny>
		<texturefocus border="15">buttons/button-dialog-focus.png</texturefocus>
		<texturenofocus border="15">buttons/button-dialog-nofocus.png</texturenofocus>
	</include>
	<include name="SettingsButtonCommonValues">
		<height>65.5</height>
		<font>font13</font>
		<textoffsetx>15</textoffsetx>
		<texturefocus border="15">buttons/list-focus.png</texturefocus>
		<texturenofocus />
	</include>
	<include name="SkinSettingsButtonCommonValues">
		<height>65.5</height>
		<width>1185</width>
		<font>font13</font>
		<texturefocus border="15">buttons/list-focus.png</texturefocus>
		<texturenofocus />
		<textoffsetx>15</textoffsetx>
		<pulseonselect>no</pulseonselect>
	</include>
	<include name="SkinSettingsRadioButtonCommonValues">
		<radioposx>1125</radioposx>
		<include>SkinSettingsButtonCommonValues</include>
	</include>
	<include name="InfoDialogLabelTextCommons">
		<left>0</left>
		<width>210</width>
		<height>37.5</height>
		<align>right</align>
		<aligny>center</aligny>
		<font>font12</font>
		<textcolor>grey2</textcolor>
	</include>
	<include name="InfoDialogLabelValueCommons">
		<left>240</left>
		<width>810</width>
		<height>37.5</height>
		<align>left</align>
		<aligny>center</aligny>
		<font>font12</font>
		<scroll>true</scroll>
	</include>
	<include name="CommonPlayerControls">
		<control type="group">
			<visible>Player.HasMedia</visible>
			<include>VisibleFadeEffect</include>
			<left>$PARAM[left]</left>
			<top>$PARAM[top]</top>
			<control type="label">
				<description>Player Controls Label</description>
				<left>9</left>
				<top>547.5</top>
				<width>330</width>
				<height>30</height>
				<font>font12</font>
				<label>31203</label>
				<textcolor>orange</textcolor>
				<shadowcolor>black</shadowcolor>
				<align>left</align>
				<aligny>center</aligny>
			</control>
			<control type="group">
				<left>-6</left>
				<top>592.5</top>
				<animation effect="slide" end="-6,0" condition="Window.IsVisible(MyPVRChannels.xml)">Conditional</animation>
				<animation effect="slide" end="-3,0" condition="Window.IsVisible(MyPVRRecordings.xml)">Conditional</animation>
				<control type="button" id="600">
					<width>60</width>
					<height>60</height>
					<texturefocus>mediacontrol/mediacontrol-skipback-focus.png</texturefocus>
					<texturenofocus>mediacontrol/mediacontrol-skipback.png</texturenofocus>
					<onclick>PlayerControl(Previous)</onclick>
					<label />
					<onleft>50</onleft>
					<onright>601</onright>
					<onup condition="$EXP[IsPVR]">629</onup>
					<onup condition="![$EXP[IsPVR]]">610</onup>
					<ondown>606</ondown>
				</control>
				<control type="button" id="601">
					<left>51</left>
					<width>60</width>
					<height>60</height>
					<texturefocus>mediacontrol/mediacontrol-rewind-focus.png</texturefocus>
					<texturenofocus>mediacontrol/mediacontrol-rewind.png</texturenofocus>
					<onclick>PlayerControl(Rewind)</onclick>
					<label />
					<onleft>600</onleft>
					<onright>602</onright>
					<onup condition="$EXP[IsPVR]">629</onup>
					<onup condition="![$EXP[IsPVR]]">610</onup>
					<ondown>606</ondown>
				</control>
				<control type="button" id="602">
					<left>102</left>
					<width>60</width>
					<height>60</height>
					<texturefocus>mediacontrol/mediacontrol-stop-focus.png</texturefocus>
					<texturenofocus>mediacontrol/mediacontrol-stop.png</texturenofocus>
					<onclick>PlayerControl(Stop)</onclick>
					<label />
					<onleft>601</onleft>
					<onright>603</onright>
					<onup condition="$EXP[IsPVR]">629</onup>
					<onup condition="![$EXP[IsPVR]]">610</onup>
					<ondown>606</ondown>
				</control>
				<control type="togglebutton" id="603">
					<left>153</left>
					<width>60</width>
					<height>60</height>
					<texturefocus>mediacontrol/mediacontrol-pause-focus.png</texturefocus>
					<texturenofocus>mediacontrol/mediacontrol-pause.png</texturenofocus>
					<alttexturefocus>mediacontrol/mediacontrol-play-focus.png</alttexturefocus>
					<alttexturenofocus>mediacontrol/mediacontrol-play.png</alttexturenofocus>
					<usealttexture>Player.Paused | Player.Forwarding | Player.Rewinding</usealttexture>
					<onclick>PlayerControl(Play)</onclick>
					<label />
					<onleft>602</onleft>
					<onright>604</onright>
					<onup condition="$EXP[IsPVR]">629</onup>
					<onup condition="![$EXP[IsPVR]]">610</onup>
					<ondown>606</ondown>
				</control>
				<control type="button" id="604">
					<left>204</left>
					<width>60</width>
					<height>60</height>
					<texturefocus>mediacontrol/mediacontrol-fastforward-focus.png</texturefocus>
					<texturenofocus>mediacontrol/mediacontrol-fastforward.png</texturenofocus>
					<onclick>PlayerControl(Forward)</onclick>
					<label />
					<onleft>603</onleft>
					<onright>605</onright>
					<onup condition="$EXP[IsPVR]">629</onup>
					<onup condition="![$EXP[IsPVR]]">610</onup>
					<ondown>606</ondown>
				</control>
				<control type="button" id="605">
					<left>255</left>
					<width>60</width>
					<height>60</height>
					<texturefocus>mediacontrol/mediacontrol-skipforward-focus.png</texturefocus>
					<texturenofocus>mediacontrol/mediacontrol-skipforward.png</texturenofocus>
					<onclick>PlayerControl(Next)</onclick>
					<label />
					<onleft>604</onleft>
					<onright>50</onright>
					<onup condition="$EXP[IsPVR]">629</onup>
					<onup condition="![$EXP[IsPVR]]">610</onup>
					<ondown>606</ondown>
				</control>
				<control type="radiobutton" id="606">
					<description>Random</description>
					<left>-4.5</left>
					<top>54</top>
					<include>ButtonCommonValues</include>
					<label>590</label>
					<onclick>PlayerControl(Random)</onclick>
					<selected>Playlist.IsRandom</selected>
					<onleft>50</onleft>
					<onright>50</onright>
					<onup>603</onup>
					<ondown>610</ondown>
					<animation effect="slide" end="0,-7.5" condition="$EXP[IsPVR]">Conditional</animation>
				</control>
			</control>
		</control>
	</include>
	
	<include name="MediaInfoCard">
		<control type="group">
			<top>331.5</top>
			<left>772.5</left>
			<animation effect="slide" end="0,9" condition="Integer.IsEqual(Container(9000).NumItems,7)">Conditional</animation>
			<animation effect="slide" end="0,-54" condition="Integer.IsEqual(Container(9000).NumItems,6)">Conditional</animation>
			<include>VisibleFadeEffect</include>
			<visible>![Container(9000).HasFocus(4) | Container(9000).HasFocus(5) | Container(9000).HasFocus(7)]</visible>
			<control type="image">
				<width>51</width>
				<height>51</height>
				<texture>DefaultAddonInfoProvider.png</texture>
				<visible>!String.IsEmpty(Control.GetLabel(999))</visible>
			</control>
			<control type="label" id="999">
				<top>6</top>
				<left>87</left>
				<width>513</width>
				<label>$VAR[MediaInfoLabel]</label>
				<font>font12</font>
				<textcolor>white2</textcolor>
				<shadowcolor>black</shadowcolor>
				<scroll>true</scroll>
			</control>
		</control>
	</include>
	<include name="SystemCard">
		<control type="group">
			<top>450</top>
			<left>57</left>
			<control type="image">
				<description>Icon</description>
				<top>75</top>
				<width>120</width>
				<height>120</height>
				<aspectratio>keep</aspectratio>
				<texture>DefaultAddonInfoProvider.png</texture>
			</control>
			<control type="label">
				<description>CPU Label</description>
				<left>135</left>
				<top>67.5</top>
				<height>45</height>
				<width>600</width>
				<label>$LOCALIZE[140] $INFO[System.CpuUsage]</label>
				<align>left</align>
				<aligny>center</aligny>
				<font>font12</font>
				<textcolor>white2</textcolor>
				<shadowcolor>black</shadowcolor>
			</control>
			<control type="label">
				<description>RAM Label</description>
				<left>135</left>
				<top>112.5</top>
				<height>45</height>
				<width>600</width>
				<label>$LOCALIZE[158]: $INFO[System.FreeMemory]</label>
				<align>left</align>
				<aligny>center</aligny>
				<font>font12</font>
				<textcolor>white2</textcolor>
				<shadowcolor>black</shadowcolor>
			</control>
			<control type="label">
				<description>CPU Label</description>
				<left>135</left>
				<top>157.5</top>
				<height>45</height>
				<width>675</width>
				<label>Kodi: $INFO[System.BuildVersion]</label>
				<align>left</align>
				<aligny>center</aligny>
				<font>font10</font>
				<textcolor>grey2</textcolor>
				<shadowcolor>black</shadowcolor>
			</control>
		</control>
	</include>
	
	<include name="CommonRSSFeed">
		<control type="rss">
			<description>rss feed</description>
			<left>-75</left>
			<top>1035</top>
			<width>1530</width>
			<font>font12</font>
			<urlset>1</urlset>
			<textcolor>grey</textcolor>
			<titlecolor>orange</titlecolor>
			<headlinecolor>grey2</headlinecolor>
		</control>
	</include>
	
	<include name="HomeWidget">
		<control type="group">
			<visible>$PARAM[visible]</visible>
			<animation effect="fade" time="HomeVisibleFadeAnimationSpeed">VisibleChange</animation>
			<top>427.5</top>
			<left>$PARAM[left]</left>
			<control type="label">
				<description>Header</description>
				<width>318</width>
				<height>45</height>
				<align>center</align>
				<aligny>center</aligny>
				<font>font12</font>
				<textcolor>grey</textcolor>
				<label>$PARAM[header]</label>
				<visible>!Control.HasFocus($PARAM[id])</visible>
			</control>
			<control type="label">
				<description>Header</description>
				<width>318</width>
				<height>45</height>
				<align>center</align>
				<aligny>center</aligny>
				<font>font12</font>
				<textcolor>white</textcolor>
				<label>$PARAM[header]</label>
				<visible>Control.HasFocus($PARAM[id])</visible>
			</control>
			<control type="image">
				<left>7.5</left>
				<top>49.5</top>
				<width>303</width>
				<height>246</height>
				<aspectratio>keep</aspectratio>
				<texture background="true">$PARAM[thumb]</texture>
				<bordertexture border="28.5,4,28.5,4">thumb-border.png</bordertexture>
				<bordersize>18,2,18,2</bordersize>
				<fadetime>200</fadetime>
				<visible>!Control.HasFocus($PARAM[id])</visible>
			</control>
			<control type="image">
				<left>7.5</left>
				<top>49.5</top>
				<width>303</width>
				<height>246</height>
				<aspectratio>keep</aspectratio>
				<texture background="true">$PARAM[thumb]</texture>
				<bordertexture border="28.5,4,28.5,4">thumb-border-focus.png</bordertexture>
				<bordersize>18,2,18,2</bordersize>
				<fadetime>200</fadetime>
				<visible>Control.HasFocus($PARAM[id])</visible>
			</control>
			<control type="label">
				<left>22.5</left>
				<top>297</top>
				<width>273</width>
				<font>font10</font>
				<textcolor>white</textcolor>
				<align>center</align>
				<label>$PARAM[label]</label>
				<visible>!Control.HasFocus($PARAM[id])</visible>
			</control>
			<control type="label">
				<left>22.5</left>
				<top>297</top>
				<width>273</width>
				<font>font10</font>
				<textcolor>orange</textcolor>
				<align>center</align>
				<scroll>true</scroll>
				<label>$PARAM[label]</label>
				<visible>Control.HasFocus($PARAM[id])</visible>
			</control>
			<control type="list" id="$PARAM[id]">
				<left>3000</left>
				<onleft>$PARAM[onleft]</onleft>
				<onright>$PARAM[onright]</onright>
				<scrolltime>300</scrolltime>
				<autoscroll time="5000" delay="5000" repeat="10000">true</autoscroll>
				<onclick condition="Container(9000).HasFocus(6)">PlayMedia(musicdb://albums/$INFO[ListItem.DBID]/)</onclick>
				<visible>Integer.IsGreater(Container($PARAM[id]).NumItems,0) | Container($PARAM[id]).IsUpdating</visible>
				<itemlayout />
				<focusedlayout />
				<content target="$PARAM[target]" sortby="$PARAM[sortby]" limit="20" sortorder="descending">$PARAM[content]</content>
			</control>
		</control>
	</include>
	
	<include name="AddonShortcuts">
		<control type="panel" id="520">
			<top>450</top>
			<left>97.5</left>
			<onup>9000</onup>
			<onleft>9000</onleft>
			<onright>9000</onright>
			<animation effect="slide" end="120,0" condition="String.IsEqual(Container(520).NumItems,4)">Conditional</animation>
			<animation effect="slide" end="240,0" condition="String.IsEqual(Container(520).NumItems,3)">Conditional</animation>
			<animation effect="slide" end="360,0" condition="String.IsEqual(Container(520).NumItems,2)">Conditional</animation>
			<animation effect="slide" end="480,0" condition="String.IsEqual(Container(520).NumItems,1)">Conditional</animation>
			<itemlayout width="240">
				<control type="image">
					<left>7.5</left>
					<width>210</width>
					<height>210</height>
					<aspectratio>keep</aspectratio>
					<texture background="true">$INFO[ListItem.Thumb]</texture>
					<bordertexture border="28.5,4,28.5,4">thumb-border.png</bordertexture>
					<bordersize>18,2,18,2</bordersize>
				</control>
				<control type="label">
					<left>22.5</left>
					<top>187.5</top>
					<width>180</width>
					<font>font10</font>
					<textcolor>white</textcolor>
					<align>center</align>
					<label>$INFO[ListItem.Label]</label>
				</control>
			</itemlayout>
			<focusedlayout width="240">
				<control type="image">
					<left>7.5</left>
					<width>210</width>
					<height>210</height>
					<aspectratio>keep</aspectratio>
					<texture background="true">$INFO[ListItem.Thumb]</texture>
					<bordertexture border="28.5,4,28.5,4">thumb-border-focus.png</bordertexture>
					<bordersize>18,2,18,2</bordersize>
				</control>
				<control type="label">
					<left>22.5</left>
					<top>187.5</top>
					<width>180</width>
					<font>font10</font>
					<textcolor>orange</textcolor>
					<align>center</align>
					<scroll>true</scroll>
					<label>$INFO[ListItem.Label]</label>
				</control>
			</focusedlayout>
			<content>
				<item>
					<onclick>Skin.SetString(SubBladeType,apps)</onclick>
					<onclick>RunAddon($INFO[Skin.String(AddonShortcut1)])</onclick>
					<thumb>$INFO[system.addonicon(Skin.String(AddonShortcut1))]</thumb>
					<label>$INFO[system.addontitle(Skin.String(AddonShortcut1))]</label>
					<visible>!String.IsEmpty(Skin.String(AddonShortcut1))</visible>
				</item>
				<item>
					<onclick>Skin.SetString(SubBladeType,apps)</onclick>
					<onclick>RunAddon($INFO[Skin.String(AddonShortcut2)])</onclick>
					<thumb>$INFO[system.addonicon(Skin.String(AddonShortcut2))]</thumb>
					<label>$INFO[system.addontitle(Skin.String(AddonShortcut2))]</label>
					<visible>!String.IsEmpty(Skin.String(AddonShortcut2))</visible>
				</item>
				<item>
					<onclick>Skin.SetString(SubBladeType,apps)</onclick>
					<onclick>RunAddon($INFO[Skin.String(AddonShortcut3)])</onclick>
					<thumb>$INFO[system.addonicon(Skin.String(AddonShortcut3))]</thumb>
					<label>$INFO[system.addontitle(Skin.String(AddonShortcut3))]</label>
					<visible>!String.IsEmpty(Skin.String(AddonShortcut3))</visible>
				</item>
				<item>
					<onclick>Skin.SetString(SubBladeType,apps)</onclick>
					<onclick>RunAddon($INFO[Skin.String(AddonShortcut4)])</onclick>
					<thumb>$INFO[system.addonicon(Skin.String(AddonShortcut4))]</thumb>
					<label>$INFO[system.addontitle(Skin.String(AddonShortcut4))]</label>
					<visible>!String.IsEmpty(Skin.String(AddonShortcut4))</visible>
				</item>
				<item>
					<onclick>Skin.SetString(SubBladeType,apps)</onclick>
					<onclick>RunAddon($INFO[Skin.String(AddonShortcut5)])</onclick>
					<thumb>$INFO[system.addonicon(Skin.String(AddonShortcut5))]</thumb>
					<label>$INFO[system.addontitle(Skin.String(AddonShortcut5))]</label>
					<visible>!String.IsEmpty(Skin.String(AddonShortcut5))</visible>
				</item>
			</content>
		</control>
	</include>
	
	<include name="AllViewCommonPageControls">
		<control type="grouplist">
			<right>99</right>
			<bottom>124.5</bottom>
			<align>right</align>
			<width>862.5</width>
			<height>48</height>
			<orientation>horizontal</orientation>
			<itemgap>15</itemgap>
			<animation effect="fade" delay="500" time="HomeVisibleFadeAnimationSpeed">WindowOpen</animation>
			<animation effect="fade" start="0" end="0" time="0">WindowClose</animation>
			<animation effect="slide" start="0,0" end="-150,0" time="200" condition="Player.HasAudio">Conditional</animation>
			<animation effect="slide" start="0,0" end="-150,0" time="200" condition="Player.HasVideo + VideoPlayer.Content(Movies)">Conditional</animation>
			<animation effect="slide" start="0,0" end="-240,0" time="200" condition="Player.HasVideo + !VideoPlayer.Content(Movies)">Conditional</animation>
			<control type="label">
				<description>Page Count Label NoFocus</description>
				<width>750</width>
				<height>48</height>
				<font>font12</font>
				<textcolor>grey2</textcolor>
				<scroll>false</scroll>
				<align>right</align>
				<aligny>center</aligny>
				<label>$INFO[Container.NumItems] $LOCALIZE[31200] - $LOCALIZE[31201] $INFO[Container.CurrentPage]/$INFO[Container.NumPages]</label>
				<visible>!Control.HasFocus(60)</visible>
			</control>
			<control type="label">
				<description>Page Count Label Focus</description>
				<width>750</width>
				<height>48</height>
				<font>font12</font>
				<textcolor>orange</textcolor>
				<scroll>false</scroll>
				<align>right</align>
				<aligny>center</aligny>
				<label>$INFO[Container.NumItems] $LOCALIZE[31200] - $LOCALIZE[31201] $INFO[Container.CurrentPage]/$INFO[Container.NumPages]</label>
				<visible>Control.HasFocus(60)</visible>
			</control>
			<control type="spincontrol" id="60">
				<description>Next page button</description>
				<subtype>page</subtype>
				<font />
				<onleft>50</onleft>
				<onright>9000</onright>
				<ondown>60</ondown>
				<onup>50</onup>
				<textcolor>red</textcolor>
				<showonepage>true</showonepage>
			</control>
		</control>
	</include>
	<include name="Window_OpenClose_Animation">
		<animation effect="fade" time="200">WindowOpen</animation>
		<animation effect="fade" time="200">WindowClose</animation>
	</include>
	<include name="dialogeffect">
		<animation effect="fade" time="200">WindowOpen</animation>
		<animation effect="fade" time="200">WindowClose</animation>
	</include>
	<include name="VisibleFadeEffect">
		<animation effect="fade" time="200">VisibleChange</animation>
	</include>
	<include name="BackgroundAnim">
		<animation effect="zoom" start="110" end="135" center="auto" time="15000" tween="cubic" easing="inout" pulse="true" condition="true">Conditional</animation>
		<animation effect="slide" end="-30,-30" delay="4000" time="8000" tween="sine" easing="inout" pulse="true" condition="true">Conditional</animation>
		<animation effect="slide" end="60,0" delay="10000" time="6000" tween="sine" easing="inout" pulse="true" condition="true">Conditional</animation>
	</include>
	<include name="Common_Now_Playing">
		<control type="group">
			<animation effect="fade" delay="500" time="HomeVisibleFadeAnimationSpeed" condition="Window.Previous(FullscreenVideo) | Window.Previous(Visualisation)">WindowOpen</animation>
			<control type="group">
				<visible>Player.HasVideo + VideoPlayer.Content(Movies)</visible>
				<include>VisibleFadeEffect</include>
				<control type="image">
					<description>Background for Cover</description>
					<left>450r</left>
					<top>450r</top>
					<width>450</width>
					<height>450</height>
					<texture flipy="true">shadowtopcorner.png</texture>
				</control>
				<control type="image">
					<description>Poster Cover</description>
					<left>240r</left>
					<top>285r</top>
					<width>235.5</width>
					<height>262.5</height>
					<texture>$VAR[PlayerPosterVar]</texture>
					<aspectratio aligny="bottom">keep</aspectratio>
					<bordertexture border="28.5,4,28.5,4">thumb-border.png</bordertexture>
					<bordersize>17,1,17,1</bordersize>
				</control>
				<control type="group">
					<left>1020</left>
					<top>114r</top>
					<control type="image">
						<description>Background Image for Menu</description>
						<top>-19.5</top>
						<width>660</width>
						<height>118.5</height>
						<bordersize>5,5,5,10</bordersize>
						<texture border="30,30,30,45">dialogs/Dialog2.png</texture>
					</control>
					<control type="image">
						<description>Background Image for Menu</description>
						<left>30</left>
						<top>7.5</top>
						<width>52.5</width>
						<height>52.5</height>
						<aspectratio>keep</aspectratio>
						<texture>button_icons/icon-videos.png</texture>
					</control>
					<control type="fadelabel">
						<description>Now Playing title</description>
						<left>90</left>
						<width>532.5</width>
						<height>30</height>
						<align>right</align>
						<aligny>center</aligny>
						<textcolor>orange</textcolor>
						<shadowcolor>black</shadowcolor>
						<label>$INFO[VideoPlayer.Title]</label>
						<font>font10</font>
						<scrollout>false</scrollout>
						<pauseatend>1000</pauseatend>
					</control>
					<control type="fadelabel">
						<description>Now Playing Studio</description>
						<left>90</left>
						<top>30</top>
						<width>532.5</width>
						<height>30</height>
						<align>right</align>
						<aligny>center</aligny>
						<textcolor>orange</textcolor>
						<shadowcolor>black</shadowcolor>
						<label>$INFO[VideoPlayer.Studio]</label>
						<font>font10</font>
						<scrollout>false</scrollout>
						<pauseatend>1000</pauseatend>
					</control>
				</control>
			</control>
			<control type="group">
				<visible>Player.HasVideo + !VideoPlayer.Content(Movies)</visible>
				<include>VisibleFadeEffect</include>
				<control type="image">
					<description>Background for Cover</description>
					<left>450r</left>
					<top>450r</top>
					<width>450</width>
					<height>450</height>
					<texture flipy="true">shadowtopcorner.png</texture>
				</control>
				<control type="image">
					<description>Video Cover</description>
					<left>345r</left>
					<top>217.5r</top>
					<width>345</width>
					<height>202.5</height>
					<aspectratio>keep</aspectratio>
					<texture>$VAR[PlayerPosterVar]</texture>
					<bordertexture border="28.5,4,28.5,4">thumb-border.png</bordertexture>
					<bordersize>17,1,17,1</bordersize>
				</control>
				<control type="group">
					<left>930</left>
					<top>114r</top>
					<control type="image">
						<description>Background Image for Menu</description>
						<top>-19.5</top>
						<width>660</width>
						<height>118.5</height>
						<texture border="30,30,30,45">dialogs/Dialog2.png</texture>
					</control>
					<control type="image">
						<description>Background Image for Menu</description>
						<left>30</left>
						<top>3</top>
						<width>52.5</width>
						<height>52.5</height>
						<texture>button_icons/icon-videos.png</texture>
					</control>
					<control type="fadelabel">
						<description>Now Playing title</description>
						<left>90</left>
						<width>532.5</width>
						<height>30</height>
						<align>right</align>
						<aligny>center</aligny>
						<textcolor>orange</textcolor>
						<shadowcolor>black</shadowcolor>
						<label>$INFO[VideoPlayer.Season,,x]$INFO[VideoPlayer.Episode,, - ]$INFO[VideoPlayer.Title]</label>
						<font>font10</font>
						<scrollout>false</scrollout>
						<pauseatend>1000</pauseatend>
					</control>
					<control type="fadelabel">
						<description>Now Playing TVShow</description>
						<left>90</left>
						<top>30</top>
						<width>532.5</width>
						<height>30</height>
						<align>right</align>
						<aligny>center</aligny>
						<textcolor>orange</textcolor>
						<shadowcolor>black</shadowcolor>
						<label>$VAR[NowPlayingLine2Var]</label>
						<font>font10</font>
						<scrollout>false</scrollout>
						<pauseatend>1000</pauseatend>
					</control>
				</control>
			</control>
			<control type="group">
				<visible>Player.HasAudio</visible>
				<include>VisibleFadeEffect</include>
				<control type="image">
					<description>Background for Cover</description>
					<left>450r</left>
					<top>450r</top>
					<width>450</width>
					<height>450</height>
					<texture flipy="true">shadowtopcorner.png</texture>
				</control>
				<control type="image">
					<description>Music Cover</description>
					<left>205.5r</left>
					<top>202.5r</top>
					<width>168</width>
					<height>180</height>
					<texture>$INFO[MusicPlayer.Cover]</texture>
				</control>
				<control type="image">
					<description>Music Cover Case Overlay</description>
					<left>240r</left>
					<top>214.5r</top>
					<width>217.5</width>
					<height>210</height>
					<texture>music-overlay-cdcase.png</texture>
				</control>
				<control type="group">
					<left>1020</left>
					<top>114r</top>
					<control type="image">
						<description>Background Image for Menu</description>
						<top>-19.5</top>
						<width>660</width>
						<height>118.5</height>
						<texture border="30,30,30,45">dialogs/Dialog2.png</texture>
					</control>
					<control type="image">
						<description>Background Image for Menu</description>
						<left>30</left>
						<top>7.5</top>
						<width>52.5</width>
						<height>52.5</height>
						<aspectratio>keep</aspectratio>
						<texture>button_icons/icon-music.png</texture>
					</control>
					<control type="fadelabel">
						<description>Now Playing Artist Album</description>
						<left>90</left>
						<width>532.5</width>
						<height>30</height>
						<align>right</align>
						<aligny>center</aligny>
						<textcolor>orange</textcolor>
						<shadowcolor>black</shadowcolor>
						<label>$INFO[MusicPlayer.Artist]$INFO[MusicPlayer.Album, - ]</label>
						<font>font10</font>
						<scrollout>false</scrollout>
						<pauseatend>1000</pauseatend>
					</control>
					<control type="fadelabel">
						<description>Now Playing title</description>
						<left>90</left>
						<top>30</top>
						<width>532.5</width>
						<height>30</height>
						<align>right</align>
						<aligny>center</aligny>
						<textcolor>orange</textcolor>
						<shadowcolor>black</shadowcolor>
						<label>$INFO[MusicPlayer.Title]</label>
						<font>font10</font>
						<scrollout>false</scrollout>
						<pauseatend>1000</pauseatend>
					</control>
				</control>
			</control>
		</control>
	</include>
	
	<include name="KeyboardButton">
		<width>88</width>
		<height>88</height>
		<texturenofocus border="12">buttons/keyboard-nofocus.png</texturenofocus>
		<texturefocus border="12">buttons/keyboard-focus.png</texturefocus>
		<align>center</align>
		<aligny>center</aligny>
		<font>font12</font>
	</include>
	
	<include name="DialogPlayerProcessInfoLabel">
		<font>font8</font>
		<width>210</width>
		<textcolor>grey2</textcolor>
	</include>
	<include name="DialogPlayerProcessInfoLabelValue">
		<left>225</left>
		<font>font8</font>
		<width>315</width>
		<textcolor>white</textcolor>
	</include>
	
	<include name="CodecFlaggingImage">
		<control type="group">
			<visible>$PARAM[visible]</visible>
			<animation effect="fade" end="80" condition="true">Conditional</animation>
			<width>120</width>
			<control type="image">
				<width>120</width>
				<height>52.5</height>
				<texture>flagging/blank.png</texture>
			</control>
			<control type="label">
				<left>15</left>
				<width>90</width>
				<height>52.5</height>
				<align>center</align>
				<aligny>center</aligny>
				<font>codecflagging</font>
				<textcolor>white</textcolor>
				<label>$PARAM[info]</label>
			</control>
		</control>
	</include>
	<include name="CodecFlaggingSmallImage">
		<control type="group">
			<visible>$PARAM[visible]</visible>
			<animation effect="fade" end="80" condition="true">Conditional</animation>
			<width>120</width>
			<control type="image">
				<width>120</width>
				<height>52.5</height>
				<texture>flagging/blank.png</texture>
			</control>
			<control type="label">
				<left>15</left>
				<width>90</width>
				<height>52.5</height>
				<align>center</align>
				<aligny>center</aligny>
				<font>codecflagging_small</font>
				<textcolor>white</textcolor>
				<label>$PARAM[info]</label>
			</control>
		</control>
	</include>
	<include name="CodecFlaggingXtraSmallImage">
		<control type="group">
			<visible>$PARAM[visible]</visible>
			<animation effect="fade" end="80" condition="true">Conditional</animation>
			<width>120</width>
			<control type="image">
				<width>120</width>
				<height>52.5</height>
				<texture>flagging/blank.png</texture>
			</control>
			<control type="label">
				<left>12</left>
				<width>96</width>
				<height>52.5</height>
				<align>center</align>
				<aligny>center</aligny>
				<font>codecflagging_xtra_small</font>
				<textcolor>white</textcolor>
				<label>$PARAM[info]</label>
			</control>
		</control>
	</include>
	
	<include name="FullscreenMusicInfo">
		<control type="image">
			<top>-225</top>
			<left>-3</left>
			<width>1926</width>
			<height>384</height>
			<texture flipy="true" border="7.5">FullscreenNowPlayingBack.png</texture>
		</control>
		<control type="label">
			<description>Partymode Header label</description>
			<left>45</left>
			<top>7.5</top>
			<width>1200</width>
			<height>37.5</height>
			<align>left</align>
			<aligny>center</aligny>
			<font>font13</font>
			<textcolor>white</textcolor>
			<shadowcolor>black</shadowcolor>
			<label>$LOCALIZE[589]</label>
			<visible>MusicPartyMode.Enabled</visible>
		</control>
		<control type="label">
			<description>Normal Header label</description>
			<left>45</left>
			<top>7.5</top>
			<width>1200</width>
			<height>37.5</height>
			<align>left</align>
			<aligny>center</aligny>
			<font>font13</font>
			<textcolor>white</textcolor>
			<shadowcolor>black</shadowcolor>
			<label>$INFO[musicplayer.Playlistposition,$LOCALIZE[554]: ]$INFO[musicplayer.Playlistlength, / ]</label>
			<visible>!MusicPartyMode.Enabled</visible>
		</control>
		<control type="label">
			<description>Timeshift Header label</description>
			<left>45</left>
			<top>52.5</top>
			<width>1500</width>
			<height>37.5</height>
			<align>left</align>
			<aligny>center</aligny>
			<font>font13</font>
			<textcolor>white</textcolor>
			<shadowcolor>black</shadowcolor>
			<label>$LOCALIZE[31247]: $INFO[PVR.TimeshiftCur] (-$INFO[PVR.TimeshiftOffset])</label>
			<animation effect="slide" end="0,-45" condition="MusicPartyMode.Enabled | [String.IsEmpty(musicplayer.Playlistposition) + String.IsEmpty(musicplayer.Playlistlength)]">Conditional</animation>
			<visible>MusicPlayer.Content(LiveTV) + PVR.IsTimeShift</visible>
		</control>
		<control type="label">
			<description>Clock label</description>
			<left>45</left>
			<top>97.5</top>
			<width>900</width>
			<height>37.5</height>
			<aligny>center</aligny>
			<font>font13</font>
			<textcolor>white</textcolor>
			<shadowcolor>black</shadowcolor>
			<label>$INFO[System.Time]</label>
			<animation effect="slide" end="0,-45" condition="MusicPartyMode.Enabled | [String.IsEmpty(musicplayer.Playlistposition) + String.IsEmpty(musicplayer.Playlistlength)]">Conditional</animation>
			<animation effect="slide" end="0,-45" condition="![MusicPlayer.Content(LiveTV) + PVR.IsTimeShift]">Conditional</animation>
		</control>
		<control type="image">
			<top>345r</top>
			<left>-3</left>
			<width>1926</width>
			<height>345</height>
			<texture border="7.5">FullscreenNowPlayingBack.png</texture>
		</control>
		<control type="image">
			<description>cover image</description>
			<left>30</left>
			<top>375r</top>
			<width>450</width>
			<height>345</height>
			<texture>$VAR[MusicVisualisationCover]</texture>
			<aspectratio aligny="bottom">keep</aspectratio>
			<bordertexture border="28.5,4,28.5,4">thumb-border.png</bordertexture>
			<bordersize>17,1,17,1</bordersize>
		</control>
		<control type="group">
			<left>495</left>
			<top>304.5r</top>
			<control type="label" id="1">
				<description>Heading label</description>
				<width>1365</width>
				<height>37.5</height>
				<align>left</align>
				<font>font13</font>
				<label>$LOCALIZE[31235]</label>
				<textcolor>white</textcolor>
				<shadowcolor>black</shadowcolor>
			</control>
			<control type="label" id="1">
				<description>Artist label</description>
				<left>30</left>
				<top>45</top>
				<width>1365</width>
				<height>37.5</height>
				<align>left</align>
				<font>font12</font>
				<label>$VAR[MusicFullScreenLabel]</label>
				<textcolor>grey2</textcolor>
				<shadowcolor>black</shadowcolor>
			</control>
			<control type="label">
				<left>30</left>
				<top>85.5</top>
				<width min="15" max="1065">auto</width>
				<height>45</height>
				<font>font30</font>
				<align>left</align>
				<aligny>center</aligny>
				<label>$INFO[MusicPlayer.Title]</label>
				<textcolor>orange</textcolor>
				<scroll>true</scroll>
			</control>
			<control type="grouplist">
				<left>27</left>
				<top>135</top>
				<width>1365</width>
				<height>52.5</height>
				<itemgap>7.5</itemgap>
				<orientation>horizontal</orientation>
				<control type="image">
					<description>Audio Codec Image</description>
					<width>120</width>
					<height>52.5</height>
					<aspectratio align="right">keep</aspectratio>
					<texture>$INFO[MusicPlayer.Codec,flagging/audiocodec/,.png]</texture>
				</control>
				<control type="image">
					<description>Audio Channels Image</description>
					<width>120</width>
					<height>52.5</height>
					<aspectratio align="right">keep</aspectratio>
					<texture>$INFO[MusicPlayer.Channels,flagging/audiochannel/,.png]</texture>
				</control>
				<include content="CodecFlaggingImage">
					<param name="visible" value="!String.IsEmpty(MusicPlayer.Bitrate)" />
					<param name="info" value="$INFO[MusicPlayer.Bitrate,, kbps]" />
				</include>
				<include content="CodecFlaggingImage">
					<param name="visible" value="!String.IsEmpty(MusicPlayer.BitsPerSample)" />
					<param name="info" value="$INFO[MusicPlayer.BitsPerSample,, bit]" />
				</include>
				<include content="CodecFlaggingSmallImage">
					<param name="visible" value="!String.IsEmpty(MusicPlayer.SampleRate)" />
					<param name="info" value="$INFO[MusicPlayer.SampleRate,, kHz]" />
				</include>
				<control type="image">
					<description>RDS Image</description>
					<width>120</width>
					<height>52.5</height>
					<aspectratio align="right">keep</aspectratio>
					<texture>flagging/rds/rds.png</texture>
					<visible>RDS.HasRDS</visible>
				</control>
				<control type="image">
					<description>Ratings Image</description>
					<width>120</width>
					<height>52.5</height>
					<aspectratio align="right">keep</aspectratio>
					<texture colordiffuse="ddffffff">$VAR[PlayerStarRating]</texture>
					<visible>!String.IsEmpty(MusicPlayer.Rating)</visible>
				</control>
			</control>
			<control type="label">
				<top>222</top>
				<width>1365</width>
				<height>37.5</height>
				<label>$VAR[MusicVisualisationSubLabel]</label>
				<align>center</align>
				<aligny>center</aligny>
				<font>font10</font>
				<textcolor>grey</textcolor>
				<scroll>true</scroll>
				<visible>[MusicPlayer.HasNext | RDS.HasRadioText] + !Window.IsVisible(MusicOSD)</visible>
				<animation effect="fade" time="200">VisibleChange</animation>
			</control>
		</control>
		<control type="group">
			<left>495</left>
			<top>127.5r</top>
			<control type="label">
				<width>150</width>
				<height>60</height>
				<font>font13</font>
				<align>left</align>
				<aligny>center</aligny>
				<label>$INFO[Player.Time(hh:mm:ss)]</label>
			</control>
			<control type="progress">
				<description>Progressbar cache</description>
				<left>150</left>
				<top>27</top>
				<width>1080</width>
				<height>15</height>
				<info>Player.ProgressCache</info>
				<midtexture border="7.5" colordiffuse="44ffffff">progress_cache.png</midtexture>
			</control>
			<control type="progress">
				<description>Progressbar</description>
				<left>150</left>
				<top>25.5</top>
				<width>1080</width>
				<height>18</height>
				<info>Player.Progress</info>
				<texturebg border="9,0,9,0">progress_back_2.png</texturebg>
			</control>
			<control type="label">
				<left>1230</left>
				<width>150</width>
				<height>60</height>
				<font>font13</font>
				<align>right</align>
				<aligny>center</aligny>
				<label>$INFO[Player.Duration(hh:mm:ss)]</label>
			</control>
			<control type="label">
				<left>150</left>
				<top>75</top>
				<width>1080</width>
				<height>60</height>
				<font>font13</font>
				<align>center</align>
				<aligny>center</aligny>
				<label>$INFO[Player.SeekNumeric(hh:mm:ss)]</label>
				<visible>!String.IsEmpty(Player.SeekNumeric)</visible>
			</control>
		</control>
	</include>
	
	<include name="MovieSetContainer">
		<control type="list" id="3650">
			<left>3000</left>
			<visible>String.Contains(Container.FolderPath,://movies/)</visible>
			<itemlayout />
			<focusedlayout />
			<content sortby="year" sortorder="ascending">$INFO[ListItem.Folderpath]</content>
		</control>
	</include>
	
	<include name="PVRHeader">
		<top>135</top>
		<left>-3</left>
		<control type="image">
			<width>420</width>
			<height>55.5</height>
			<texture border="7.5">buttons/button-nofocus.png</texture>
		</control>
		<control type="label">
			<left>15</left>
			<width>390</width>
			<height>55.5</height>
			<font>font12</font>
			<aligny>center</aligny>
			<label>19029</label>
		</control>
		<control type="image">
			<left>420</left>
			<width>570</width>
			<height>55.5</height>
			<texture border="7.5">buttons/button-nofocus.png</texture>
		</control>
		<control type="label">
			<left>435</left>
			<width>540</width>
			<height>55.5</height>
			<font>font12</font>
			<aligny>center</aligny>
			<label>369</label>
		</control>
		<control type="image">
			<left>990</left>
			<width>307.5</width>
			<height>55.5</height>
			<texture border="7.5">buttons/button-nofocus.png</texture>
		</control>
		<control type="label">
			<left>1005</left>
			<width>277.5</width>
			<height>55.5</height>
			<font>font12</font>
			<aligny>center</aligny>
			<label>555</label>
		</control>
		<control type="image">
			<left>1297.5</left>
			<width>307.5</width>
			<height>55.5</height>
			<texture border="7.5">buttons/button-nofocus.png</texture>
		</control>
		<control type="label">
			<left>1312.5</left>
			<width>277.5</width>
			<height>55.5</height>
			<font>font12</font>
			<aligny>center</aligny>
			<label>552</label>
		</control>
	</include>
	<include name="PVRItemlayoutContent">
		<control type="image">
			<top>-4.5</top>
			<width>418.5</width>
			<height>87</height>
			<texture border="7.5">buttons/button-nofocus.png</texture>
		</control>
		<control type="image">
			<left>67.5</left>
			<top>7.5</top>
			<width>63</width>
			<height>63</height>
			<aspectratio>keep</aspectratio>
			<texture>$INFO[ListItem.Icon]</texture>
			<visible>!String.IsEmpty(ListItem.ChannelName)</visible>
		</control>
		<control type="label">
			<left>141</left>
			<width>267</width>
			<height>75</height>
			<font>font12</font>
			<aligny>center</aligny>
			<selectedcolor>orange</selectedcolor>
			<label>$INFO[ListItem.ChannelName]</label>
		</control>
		<control type="image">
			<top>-4.5</top>
			<left>418.5</left>
			<width>570</width>
			<height>87</height>
			<texture border="7.5">buttons/button-nofocus.png</texture>
		</control>
		<control type="image">
			<top>-4.5</top>
			<left>988.5</left>
			<width>307.5</width>
			<height>87</height>
			<texture border="7.5">buttons/button-nofocus.png</texture>
		</control>
		<control type="label">
			<left>1003.5</left>
			<top>3</top>
			<width>277.5</width>
			<height>37.5</height>
			<font>font12</font>
			<aligny>center</aligny>
			<selectedcolor>orange</selectedcolor>
			<label>$INFO[ListItem.StartTime]$INFO[ListItem.EndTime, - ,]</label>
		</control>
		<control type="label">
			<left>1003.5</left>
			<top>34.5</top>
			<width>277.5</width>
			<height>37.5</height>
			<font>font10</font>
			<textcolor>grey2</textcolor>
			<aligny>center</aligny>
			<selectedcolor>grey2</selectedcolor>
			<label>$INFO[ListItem.Duration,$LOCALIZE[180]: ,]</label>
		</control>
		<control type="image">
			<top>-4.5</top>
			<left>1296</left>
			<width>307.5</width>
			<height>87</height>
			<texture border="7.5">buttons/button-nofocus.png</texture>
		</control>
		<control type="label">
			<left>1311</left>
			<top>3</top>
			<width>277.5</width>
			<height>75</height>
			<font>font12</font>
			<aligny>center</aligny>
			<selectedcolor>orange</selectedcolor>
			<label>$INFO[ListItem.StartDate]</label>
		</control>
	</include>
	<include name="PVRFocusedlayoutContent">
		<control type="image">
			<top>-4.5</top>
			<width>418.5</width>
			<height>87</height>
			<texture border="7.5">buttons/button-focus.png</texture>
		</control>
		<control type="image">
			<left>67.5</left>
			<top>7.5</top>
			<width>63</width>
			<height>63</height>
			<texture>$INFO[ListItem.Icon]</texture>
			<visible>!String.IsEmpty(ListItem.ChannelName)</visible>
		</control>
		<control type="label">
			<left>141</left>
			<width>267</width>
			<height>75</height>
			<font>font12</font>
			<aligny>center</aligny>
			<selectedcolor>orange</selectedcolor>
			<label>$INFO[ListItem.ChannelName]</label>
		</control>
		<control type="image">
			<top>-4.5</top>
			<left>418.5</left>
			<width>570</width>
			<height>87</height>
			<texture border="7.5">buttons/button-focus.png</texture>
		</control>
		<control type="image">
			<top>-4.5</top>
			<left>988.5</left>
			<width>307.5</width>
			<height>87</height>
			<texture border="7.5">buttons/button-focus.png</texture>
		</control>
		<control type="label">
			<left>1003.5</left>
			<top>3</top>
			<width>277.5</width>
			<height>37.5</height>
			<font>font12</font>
			<aligny>center</aligny>
			<selectedcolor>orange</selectedcolor>
			<label>$INFO[ListItem.StartTime]$INFO[ListItem.EndTime, - ,]</label>
		</control>
		<control type="label">
			<left>1003.5</left>
			<top>34.5</top>
			<width>277.5</width>
			<height>37.5</height>
			<font>font10</font>
			<aligny>center</aligny>
			<selectedcolor>white</selectedcolor>
			<label>$INFO[ListItem.Duration,$LOCALIZE[180]: ,]</label>
		</control>
		<control type="image">
			<top>-4.5</top>
			<left>1296</left>
			<width>307.5</width>
			<height>87</height>
			<texture border="7.5">buttons/button-focus.png</texture>
		</control>
		<control type="label">
			<left>1311</left>
			<top>3</top>
			<width>277.5</width>
			<height>75</height>
			<font>font12</font>
			<aligny>center</aligny>
			<selectedcolor>orange</selectedcolor>
			<label>$INFO[ListItem.StartDate]</label>
		</control>
	</include>
	<include name="PVRGroupManagerList">
		<control type="label">
			<top>150</top>
			<left>$PARAM[header_left]</left>
			<font>font12</font>
			<textcolor>blue</textcolor>
			<width>390</width>
			<height>65.5</height>
			<align>center</align>
			<aligny>center</aligny>
			<label>$PARAM[header_label]</label>
		</control>
		<control type="list" id="$PARAM[id]">
			<left>$PARAM[list_left]</left>
			<top>217.5</top>
			<width>435</width>
			<height>675</height>
			<onup>$PARAM[pagecontrol]</onup>
			<ondown>$PARAM[pagecontrol]</ondown>
			<onleft>$PARAM[onleft]</onleft>
			<onright>$PARAM[onright]</onright>
			<pagecontrol>$PARAM[pagecontrol]</pagecontrol>
			<scrolltime>200</scrolltime>
			<itemlayout height="67.5">
				<control type="image">
					<width>435</width>
					<height>65.5</height>
					<texture border="15">buttons/list-nofocus.png</texture>
				</control>
				<control type="image">
					<left>7.5</left>
					<top>7.5</top>
					<width>52.5</width>
					<height>52.5</height>
					<aspectratio>keep</aspectratio>
					<texture>$INFO[ListItem.Icon]</texture>
				</control>
				<control type="label">
					<left>75</left>
					<width>345</width>
					<height>65.5</height>
					<font>font12</font>
					<aligny>center</aligny>
					<label>$PARAM[label]</label>
				</control>
			</itemlayout>
			<focusedlayout height="67.5">
				<control type="image">
					<width>435</width>
					<height>65.5</height>
					<visible>!Control.HasFocus($PARAM[id])</visible>
					<texture border="15">buttons/list-nofocus.png</texture>
				</control>
				<control type="image">
					<width>435</width>
					<height>65.5</height>
					<visible>Control.HasFocus($PARAM[id])</visible>
					<texture border="15">buttons/list-focus.png</texture>
				</control>
				<control type="image">
					<left>7.5</left>
					<top>7.5</top>
					<width>52.5</width>
					<height>52.5</height>
					<aspectratio>keep</aspectratio>
					<texture>$INFO[ListItem.Icon]</texture>
				</control>
				<control type="label">
					<left>75</left>
					<width>345</width>
					<height>65.5</height>
					<font>font12</font>
					<aligny>center</aligny>
					<label>$PARAM[label]</label>
					<scroll>true</scroll>
				</control>
			</focusedlayout>
		</control>
		<control type="group">
			<left>$PARAM[pagecontrol_left]</left>
			<top>892.5</top>
			<control type="label">
				<description>Page Count Label NoFocus</description>
				<width>300</width>
				<height>67.5</height>
				<font>font12</font>
				<textcolor>grey2</textcolor>
				<scroll>false</scroll>
				<align>right</align>
				<aligny>center</aligny>
				<label>$INFO[Container($PARAM[id]).NumItems] $LOCALIZE[31200] - $LOCALIZE[31201] $INFO[Container($PARAM[id]).CurrentPage]/$INFO[Container($PARAM[id]).NumPages]</label>
				<animation effect="slide" end="105,0" condition="!Control.IsVisible($PARAM[pagecontrol])">Conditional</animation>
				<visible>!Control.HasFocus($PARAM[pagecontrol]) + !String.IsEqual(Container($PARAM[id]).NumItems,0)</visible>
			</control>
			<control type="label">
				<description>Page Count Label Focus</description>
				<width>300</width>
				<height>67.5</height>
				<font>font12</font>
				<textcolor>orange</textcolor>
				<scroll>false</scroll>
				<align>right</align>
				<aligny>center</aligny>
				<label>$INFO[Container($PARAM[id]).NumItems] $LOCALIZE[31200] - $LOCALIZE[31201] $INFO[Container($PARAM[id]).CurrentPage]/$INFO[Container($PARAM[id]).NumPages]</label>
				<animation effect="slide" end="105,0" condition="!Control.IsVisible($PARAM[pagecontrol])">Conditional</animation>
				<visible>Control.HasFocus($PARAM[pagecontrol]) + !String.IsEqual(Container($PARAM[id]).NumItems,0)</visible>
			</control>
			<control type="spincontrol" id="$PARAM[pagecontrol]">
				<description>Next page Spinner</description>
				<top>9</top>
				<left>315</left>
				<subtype>page</subtype>
				<textoffsetx>120</textoffsetx>
				<textoffsety>4.5</textoffsety>
				<font />
				<align>right</align>
				<onleft>$PARAM[id]</onleft>
				<onright>$PARAM[pagecontrol_onright]</onright>
				<onup>$PARAM[id]</onup>
				<ondown>$PARAM[id]</ondown>
				<showonepage>false</showonepage>
			</control>
		</control>
	</include>
	<include name="PVRChannelsContainer">
		<control type="list" id="$PARAM[id]">
			<top>$PARAM[top]</top>
			<width>$PARAM[width]</width>
			<height>$PARAM[height]</height>
			<onleft>9000</onleft>
			<onright>60</onright>
			<ondown>$PARAM[ondown]</ondown>
			<viewtype label="535">list</viewtype>
			<pagecontrol>60</pagecontrol>
			<scrolltime>200</scrolltime>
			<itemlayout height="94.5" width="$PARAM[width]">
				<control type="image">
					<width>$PARAM[width]</width>
					<height>94.5</height>
					<texture border="15">buttons/list-nofocus.png</texture>
					<include>VisibleFadeEffect</include>
				</control>
				<control type="label">
					<left>7.5</left>
					<top>-4.5</top>
					<width>60</width>
					<height>52.5</height>
					<font>font12</font>
					<aligny>center</aligny>
					<textcolor>grey</textcolor>
					<selectedcolor>grey</selectedcolor>
					<info>ListItem.ChannelNumberLabel</info>
				</control>
				<control type="image">
					<left>7.5</left>
					<top>52.5</top>
					<width>45</width>
					<height>30</height>
					<texture>$VAR[PVRTimerIcon]</texture>
				</control>
				<control type="image">
					<left>$PARAM[icon_left]</left>
					<top>9</top>
					<width>75</width>
					<height>75</height>
					<aspectratio>keep</aspectratio>
					<texture>$INFO[ListItem.Icon]</texture>
				</control>
				<control type="label">
					<top>1.5</top>
					<left>75</left>
					<width>$PARAM[label_width]</width>
					<height>37.5</height>
					<font>font13</font>
					<aligny>center</aligny>
					<label>$INFO[ListItem.Label]</label>
				</control>
				<control type="label">
					<left>75</left>
					<top>39</top>
					<width>$PARAM[label_width]</width>
					<height>30</height>
					<font>font12</font>
					<textcolor>grey</textcolor>
					<selectedcolor>grey</selectedcolor>
					<aligny>center</aligny>
					<label>$INFO[ListItem.Title]</label>
				</control>
				<control type="progress">
					<description>Progressbar</description>
					<left>75</left>
					<top>75</top>
					<width>480</width>
					<height>9</height>
					<colordiffuse>88FFFFFF</colordiffuse>
					<visible>ListItem.HasEpg</visible>
					<info>ListItem.Progress</info>
				</control>
			</itemlayout>
			<focusedlayout height="94" width="$PARAM[width]">
				<control type="image">
					<width>$PARAM[width]</width>
					<height>93</height>
					<texture border="15">buttons/list-focus.png</texture>
					<include>VisibleFadeEffect</include>
					<visible>Control.HasFocus($PARAM[id])</visible>
				</control>
				<control type="image">
					<width>$PARAM[width]</width>
					<height>93</height>
					<texture border="15">buttons/list-nofocus.png</texture>
					<include>VisibleFadeEffect</include>
					<visible>!Control.HasFocus($PARAM[id])</visible>
				</control>
				<control type="label">
					<left>7.5</left>
					<top>-4.5</top>
					<width>60</width>
					<height>52.5</height>
					<font>font12</font>
					<aligny>center</aligny>
					<selectedcolor>orange</selectedcolor>
					<info>ListItem.ChannelNumberLabel</info>
				</control>
				<control type="image">
					<left>7.5</left>
					<top>52.5</top>
					<width>45</width>
					<height>30</height>
					<texture>$VAR[PVRTimerIcon]</texture>
				</control>
				<control type="image">
					<left>$PARAM[icon_left]</left>
					<top>9</top>
					<width>75</width>
					<height>75</height>
					<aspectratio>keep</aspectratio>
					<texture>$INFO[ListItem.Icon]</texture>
				</control>
				<control type="label">
					<top>1.5</top>
					<left>75</left>
					<width>$PARAM[label_width]</width>
					<height>37.5</height>
					<font>font13</font>
					<selectedcolor>orange</selectedcolor>
					<aligny>center</aligny>
					<label>$INFO[ListItem.Label]</label>
				</control>
				<control type="label">
					<left>75</left>
					<top>39</top>
					<width>$PARAM[label_width]</width>
					<height>30</height>
					<font>font12</font>
					<selectedcolor>orange</selectedcolor>
					<aligny>center</aligny>
					<label>$INFO[ListItem.Title]</label>
				</control>
				<control type="progress">
					<description>Progressbar</description>
					<left>75</left>
					<top>75</top>
					<width>480</width>
					<height>9</height>
					<visible>ListItem.HasEpg</visible>
					<info>ListItem.Progress</info>
				</control>
			</focusedlayout>
		</control>
	</include>
	<include name="RDSContent">
		<control type="label">
			<width>225</width>
			<height>65.5</height>
			<font>font12</font>
			<align>left</align>
			<aligny>center</aligny>
			<textcolor>grey2</textcolor>
			<info>ListItem.Label</info>
		</control>
		<control type="label">
			<left>232.5</left>
			<width>487.5</width>
			<height>65.5</height>
			<font>font12</font>
			<aligny>center</aligny>
			<info>ListItem.Label2</info>
		</control>
	</include>
	<include name="DialogGameControllersPagecontrol">
		<control type="group">
			<left>24</left>
			<top>892.5</top>
			<control type="label">
				<description>Page Count Label NoFocus</description>
				<width>240</width>
				<height>67.5</height>
				<font>font12</font>
				<textcolor>grey2</textcolor>
				<scroll>false</scroll>
				<align>right</align>
				<aligny>center</aligny>
				<label>$INFO[Container($PARAM[container_id]).NumItems] $LOCALIZE[31200]</label>
				<animation effect="slide" end="105,0" condition="!Control.IsVisible($PARAM[pagecontrol_id])">Conditional</animation>
				<visible>!Control.HasFocus($PARAM[pagecontrol_id]) + !String.IsEqual(Container($PARAM[pagecontrol_id]).NumItems,0)</visible>
			</control>
			<control type="label">
				<description>Page Count Label Focus</description>
				<width>240</width>
				<height>67.5</height>
				<font>font12</font>
				<textcolor>orange</textcolor>
				<scroll>false</scroll>
				<align>right</align>
				<aligny>center</aligny>
				<label>$INFO[Container($PARAM[container_id]).NumItems] $LOCALIZE[31200]</label>
				<animation effect="slide" end="105,0" condition="!Control.IsVisible($PARAM[pagecontrol_id])">Conditional</animation>
				<visible>Control.HasFocus($PARAM[pagecontrol_id]) + !String.IsEqual(Container($PARAM[pagecontrol_id]).NumItems,0)</visible>
			</control>
			<control type="spincontrol" id="$PARAM[pagecontrol_id]">
				<description>Next page Spinner</description>
				<top>9</top>
				<left>255</left>
				<subtype>page</subtype>
				<textoffsetx>120</textoffsetx>
				<textoffsety>4.5</textoffsety>
				<font />
				<align>right</align>
				<onleft>$PARAM[onleft]</onleft>
				<onright>$PARAM[onright]</onright>
				<onup>$PARAM[container_id]</onup>
				<ondown>$PARAM[container_id]</ondown>
				<showonepage>false</showonepage>
				<visible>Container($PARAM[container_id]).HasNext | Container($PARAM[container_id]).HasPrevious</visible>
			</control>
		</control>
	</include>
	<include name="PageLabel">
		<control type="label">
			<description>Page label</description>
			<left>$PARAM[left]</left>
			<top>$PARAM[top]</top>
			<width>$PARAM[width]</width>
			<height>52.5</height>
			<align>right</align>
			<aligny>center</aligny>
			<textcolor>grey2</textcolor>
			<font>font12</font>
			<label>$PARAM[label]</label>
			<scroll>true</scroll>
			<visible>!Control.HasFocus($PARAM[id])</visible>
		</control>
		<control type="label">
			<description>Page label focus</description>
			<left>$PARAM[left]</left>
			<top>$PARAM[top]</top>
			<width>$PARAM[width]</width>
			<height>52.5</height>
			<align>right</align>
			<aligny>center</aligny>
			<textcolor>orange</textcolor>
			<font>font12</font>
			<label>$PARAM[label]</label>
			<scroll>true</scroll>
			<visible>Control.HasFocus($PARAM[id])</visible>
		</control>
	</include>
</includes>
