<?xml version="1.0" encoding="UTF-8"?>
<window>
	<defaultcontrol always="true">603</defaultcontrol>
	<include>dialogeffect</include>
	<visible>Player.HasMedia + Window.IsActive(PlayerControls) + !Window.IsActive(FullscreenVideo) + !Window.IsActive(Visualisation)</visible>
	<coordinates>
		<system>1</system>
		<left>510</left>
		<top>315</top>
	</coordinates>
	<controls>
		<control type="image">
			<width>900</width>
			<height>450</height>
			<texture border="50,150,50,50">dialogs/Dialog.png</texture>
			<bordersize>19</bordersize>
		</control>
		<control type="group">
			<left>75</left>
			<top>75</top>
			<visible>Player.HasAudio</visible>
			<control type="image">
				<description>Cover image</description>
				<top>15</top>
				<width>240</width>
				<height>195</height>
				<aspectratio>keep</aspectratio>
				<texture background="true">$INFO[MusicPlayer.Cover]</texture>
				<bordertexture border="28.5,4,28.5,4" infill="false">thumb-border.png</bordertexture>
				<bordersize>18,2,18,2</bordersize>
			</control>
			<control type="label">
				<description>Artist label</description>
				<left>240</left>
				<top>15</top>
				<height>37.5</height>
				<width>487.5</width>
				<label>$INFO[MusicPlayer.Artist]</label>
				<align>left</align>
				<aligny>center</aligny>
				<font>font13</font>
				<textcolor>grey2</textcolor>
				<shadowcolor>black</shadowcolor>
			</control>
			<control type="fadelabel">
				<description>Title label</description>
				<left>240</left>
				<top>64.5</top>
				<height>45</height>
				<width>487.5</width>
				<label>$INFO[MusicPlayer.Title]</label>
				<align>left</align>
				<aligny>center</aligny>
				<font>font13</font>
				<textcolor>orange</textcolor>
				<shadowcolor>black</shadowcolor>
				<scrollout>false</scrollout>
				<pauseatend>2000</pauseatend>
			</control>
			<control type="label">
				<description>Album Label</description>
				<left>240</left>
				<top>105</top>
				<height>45</height>
				<width>487.5</width>
				<label>$INFO[MusicPlayer.Album]$INFO[musicplayer.discnumber, - $LOCALIZE[427]:]</label>
				<align>left</align>
				<aligny>center</aligny>
				<font>font10</font>
				<textcolor>grey2</textcolor>
				<shadowcolor>black</shadowcolor>
			</control>
			<control type="label">
				<description>Time Label</description>
				<left>240</left>
				<top>172.5</top>
				<height>37.5</height>
				<width>487.5</width>
				<label>$INFO[Player.Time]$INFO[Player.Duration, / ]</label>
				<align>left</align>
				<aligny>center</aligny>
				<font>font13</font>
				<textcolor>white</textcolor>
				<shadowcolor>black</shadowcolor>
			</control>
		</control>
		<control type="group">
			<left>75</left>
			<top>75</top>
			<visible>Player.HasVideo</visible>
			<control type="group">
				<visible>VideoPlayer.Content(Movies)</visible>
				<control type="image">
					<description>Cover image</description>
					<top>7.5</top>
					<width>210</width>
					<height>218</height>
					<aspectratio>keep</aspectratio>
					<texture background="true">$INFO[VideoPlayer.Cover]</texture>
					<bordertexture border="28.5,4,28.5,4" infill="false">thumb-border.png</bordertexture>
					<bordersize>18,2,18,2</bordersize>
				</control>
				<control type="label">
					<description>Studio label</description>
					<left>210</left>
					<top>15</top>
					<height>37.5</height>
					<width>518</width>
					<label>$INFO[VideoPlayer.Studio]</label>
					<align>left</align>
					<aligny>center</aligny>
					<font>font13</font>
					<textcolor>grey2</textcolor>
					<shadowcolor>black</shadowcolor>
				</control>
				<control type="fadelabel">
					<description>Title label</description>
					<left>210</left>
					<top>64.5</top>
					<height>45</height>
					<width>518</width>
					<label>$INFO[VideoPlayer.Title]</label>
					<align>left</align>
					<aligny>center</aligny>
					<font>font13</font>
					<textcolor>orange</textcolor>
					<shadowcolor>black</shadowcolor>
					<scrollout>false</scrollout>
					<pauseatend>2000</pauseatend>
				</control>
				<control type="label">
					<description>Year Label</description>
					<left>210</left>
					<top>105</top>
					<height>45</height>
					<width>518</width>
					<label>$INFO[VideoPlayer.year]</label>
					<align>left</align>
					<aligny>center</aligny>
					<font>font10</font>
					<textcolor>grey2</textcolor>
					<shadowcolor>black</shadowcolor>
				</control>
				<control type="label">
					<description>Time Label</description>
					<left>210</left>
					<top>172.5</top>
					<height>37.5</height>
					<width>518</width>
					<label>$INFO[Player.Time]$INFO[Player.Duration, / ]</label>
					<align>left</align>
					<aligny>center</aligny>
					<font>font13</font>
					<textcolor>white</textcolor>
					<shadowcolor>black</shadowcolor>
				</control>
			</control>
			<control type="group">
				<visible>!VideoPlayer.Content(Movies)</visible>
				<control type="image">
					<description>Cover image</description>
					<top>15</top>
					<width>300</width>
					<height>195</height>
					<aspectratio>scale</aspectratio>
					<texture background="true">$INFO[VideoPlayer.Cover]</texture>
					<bordertexture border="28.5,4,28.5,4" infill="false">thumb-border.png</bordertexture>
					<bordersize>18,2,18,2</bordersize>
					<visible>VideoPlayer.Content(Episodes)</visible>
				</control>
				<control type="image">
					<description>Cover image</description>
					<top>15</top>
					<width>300</width>
					<height>195</height>
					<aspectratio>keep</aspectratio>
					<texture background="true">$INFO[VideoPlayer.Cover]</texture>
					<bordertexture border="28.5,4,28.5,4" infill="false">thumb-border.png</bordertexture>
					<bordersize>18,2,18,2</bordersize>
					<visible>!VideoPlayer.Content(Episodes)</visible>
				</control>
				<control type="label">
					<description>Show label</description>
					<left>300</left>
					<top>15</top>
					<height>37.5</height>
					<width>427.5</width>
					<label>$INFO[VideoPlayer.TVShowTitle]</label>
					<align>left</align>
					<aligny>center</aligny>
					<font>font13</font>
					<textcolor>grey2</textcolor>
					<shadowcolor>black</shadowcolor>
					<visible>VideoPlayer.Content(Episodes)</visible>
				</control>
				<control type="label">
					<description>Artist label</description>
					<left>300</left>
					<top>15</top>
					<height>37.5</height>
					<width>427.5</width>
					<label>$INFO[VideoPlayer.Artist]</label>
					<align>left</align>
					<aligny>center</aligny>
					<font>font13</font>
					<textcolor>grey2</textcolor>
					<shadowcolor>black</shadowcolor>
					<visible>VideoPlayer.Content(MusicVideos)</visible>
				</control>
				<control type="fadelabel">
					<description>Title label</description>
					<left>300</left>
					<top>64.5</top>
					<height>45</height>
					<width>427.5</width>
					<label>$INFO[VideoPlayer.Title]</label>
					<align>left</align>
					<aligny>center</aligny>
					<font>font13</font>
					<textcolor>orange</textcolor>
					<shadowcolor>black</shadowcolor>
					<scrollout>false</scrollout>
					<pauseatend>2000</pauseatend>
				</control>
				<control type="label">
					<description>Season - Episode Label</description>
					<left>300</left>
					<top>105</top>
					<height>45</height>
					<width>427.5</width>
					<label>$INFO[VideoPlayer.Season,$LOCALIZE[20373]: ] - $INFO[VideoPlayer.Episode,$LOCALIZE[20359]: ]</label>
					<align>left</align>
					<aligny>center</aligny>
					<font>font10</font>
					<textcolor>grey2</textcolor>
					<shadowcolor>black</shadowcolor>
					<visible>VideoPlayer.Content(Episodes)</visible>
				</control>
				<control type="label">
					<description>Season - Episode Label</description>
					<left>300</left>
					<top>105</top>
					<height>45</height>
					<width>427.5</width>
					<label>$INFO[VideoPlayer.Album]</label>
					<align>left</align>
					<aligny>center</aligny>
					<font>font10</font>
					<textcolor>grey2</textcolor>
					<shadowcolor>black</shadowcolor>
					<visible>VideoPlayer.Content(MusicVideos)</visible>
				</control>
				<control type="label">
					<description>Time Label</description>
					<left>300</left>
					<top>172.5</top>
					<height>37.5</height>
					<width>427.5</width>
					<label>$INFO[Player.Time]$INFO[Player.Duration, / ]</label>
					<align>left</align>
					<aligny>center</aligny>
					<font>font13</font>
					<textcolor>white</textcolor>
					<shadowcolor>black</shadowcolor>
				</control>
			</control>
		</control>
		<control type="group" id="100">
			<left>75</left>
			<top>315</top>
			<control type="button" id="600">
				<width>60</width>
				<height>60</height>
				<label />
				<texturefocus>osd/OSDPrevTrackFO.png</texturefocus>
				<texturenofocus>osd/OSDPrevTrackNF.png</texturenofocus>
				<onleft>608</onleft>
				<onright>601</onright>
				<onup>300</onup>
				<ondown>200</ondown>
				<onclick>PlayerControl(Previous)</onclick>
			</control>
			<control type="button" id="601">
				<left>60</left>
				<width>60</width>
				<height>60</height>
				<label />
				<texturefocus>osd/OSDRewindFO.png</texturefocus>
				<texturenofocus>osd/OSDRewindNF.png</texturenofocus>
				<onleft>600</onleft>
				<onright>603</onright>
				<onup>300</onup>
				<ondown>200</ondown>
				<onclick>PlayerControl(Rewind)</onclick>
			</control>
			<control type="togglebutton" id="603">
				<left>120</left>
				<width>60</width>
				<height>60</height>
				<label />
				<texturefocus>osd/OSDPauseFO.png</texturefocus>
				<texturenofocus>osd/OSDPauseNF.png</texturenofocus>
				<usealttexture>Player.Paused | Player.Forwarding | Player.Rewinding</usealttexture>
				<alttexturefocus>osd/OSDPlayFO.png</alttexturefocus>
				<alttexturenofocus>osd/OSDPlayNF.png</alttexturenofocus>
				<onleft>601</onleft>
				<onright>602</onright>
				<onup>300</onup>
				<ondown>200</ondown>
				<onclick>PlayerControl(Play)</onclick>
			</control>
			<control type="button" id="602">
				<left>180</left>
				<width>60</width>
				<height>60</height>
				<label />
				<texturefocus>osd/OSDStopFO.png</texturefocus>
				<texturenofocus>osd/OSDStopNF.png</texturenofocus>
				<onleft>603</onleft>
				<onright>604</onright>
				<onup>300</onup>
				<ondown>200</ondown>
				<onclick>down</onclick>
				<onclick>PlayerControl(Stop)</onclick>
			</control>
			<control type="button" id="604">
				<left>240</left>
				<width>60</width>
				<height>60</height>
				<label />
				<texturefocus>osd/OSDForwardFO.png</texturefocus>
				<texturenofocus>osd/OSDForwardNF.png</texturenofocus>
				<onleft>602</onleft>
				<onright>605</onright>
				<onup>300</onup>
				<ondown>200</ondown>
				<onclick>PlayerControl(Forward)</onclick>
			</control>
			<control type="button" id="605">
				<left>300</left>
				<width>60</width>
				<height>60</height>
				<label />
				<texturefocus>osd/OSDNextTrackFO.png</texturefocus>
				<texturenofocus>osd/OSDNextTrackNF.png</texturenofocus>
				<onleft>604</onleft>
				<onright>606</onright>
				<onup>300</onup>
				<ondown>200</ondown>
				<onclick>PlayerControl(Next)</onclick>
			</control>
			<control type="button" id="606">
				<left>360</left>
				<width>60</width>
				<height>60</height>
				<label />
				<texturefocus>osd/OSDRecordFO.png</texturefocus>
				<texturenofocus>osd/OSDRecordNF.png</texturenofocus>
				<onleft>605</onleft>
				<onright>607</onright>
				<onup>300</onup>
				<ondown>200</ondown>
				<onclick>PVR.ToggleRecordPlayingChannel</onclick>
				<enable>PVR.CanRecordPlayingChannel</enable>
				<animation effect="fade" start="100" end="30" time="100" condition="!PVR.CanRecordPlayingChannel">Conditional</animation>
			</control>
			<control type="button" id="607">
				<left>622.5</left>
				<width>60</width>
				<height>60</height>
				<label />
				<texturefocus />
				<texturenofocus />
				<onclick>PlayerControl(Repeat)</onclick>
				<onleft>606</onleft>
				<onright>608</onright>
				<onup>100</onup>
				<ondown>100</ondown>
			</control>
			<control type="image">
				<left>622.5</left>
				<width>60</width>
				<height>60</height>
				<texture>osd/OSDRepeatNF.png</texture>
				<visible>!Playlist.IsRepeat + !Playlist.IsRepeatOne</visible>
				<visible>!Control.HasFocus(607)</visible>
			</control>
			<control type="image">
				<left>622.5</left>
				<width>60</width>
				<height>60</height>
				<texture>osd/OSDRepeatFO.png</texture>
				<visible>!Playlist.IsRepeat + !Playlist.IsRepeatOne</visible>
				<visible>Control.HasFocus(607)</visible>
			</control>
			<control type="image">
				<left>622.5</left>
				<width>60</width>
				<height>60</height>
				<texture>osd/OSDRepeatOneNF.png</texture>
				<visible>Playlist.IsRepeatOne</visible>
				<visible>!Control.HasFocus(607)</visible>
			</control>
			<control type="image">
				<left>622.5</left>
				<width>60</width>
				<height>60</height>
				<texture>osd/OSDRepeatOneFO.png</texture>
				<visible>Playlist.IsRepeatOne</visible>
				<visible>Control.HasFocus(607)</visible>
			</control>
			<control type="image">
				<left>622.5</left>
				<width>60</width>
				<height>60</height>
				<texture>osd/OSDRepeatAllNF.png</texture>
				<visible>Playlist.IsRepeat</visible>
				<visible>!Control.HasFocus(607)</visible>
			</control>
			<control type="image">
				<left>622.5</left>
				<width>60</width>
				<height>60</height>
				<texture>osd/OSDRepeatAllFO.png</texture>
				<visible>Playlist.IsRepeat</visible>
				<visible>Control.HasFocus(607)</visible>
			</control>
			<control type="togglebutton" id="608">
				<left>682.5</left>
				<width>60</width>
				<height>60</height>
				<label />
				<texturefocus>osd/OSDRandomOffFO.png</texturefocus>
				<texturenofocus>osd/OSDRandomOffNF.png</texturenofocus>
				<usealttexture>Playlist.IsRandom</usealttexture>
				<alttexturefocus>osd/OSDRandomOnFO.png</alttexturefocus>
				<alttexturenofocus>osd/OSDRandomOnNF.png</alttexturenofocus>
				<onclick>PlayerControl(Random)</onclick>
				<onleft>607</onleft>
				<onright>600</onright>
				<onup>100</onup>
				<ondown>100</ondown>
			</control>
		</control>
	</controls>
</window>
