<?xml version="1.0" encoding="UTF-8"?>
<includes>
	<include name="ListViewCommons">
		<control type="panel" id="50">
			<width>922.5</width>
			<height>720</height>
			<onleft>9000</onleft>
			<onright>60</onright>
			<onup>50</onup>
			<ondown>50</ondown>
			<viewtype label="535">list</viewtype>
			<pagecontrol>60</pagecontrol>
			<scrolltime>200</scrolltime>
			<itemlayout height="60" width="922.5">
				<control type="label">
					<left>15</left>
					<width>600</width>
					<height>54</height>
					<font>font13</font>
					<aligny>center</aligny>
					<selectedcolor>orange</selectedcolor>
					<shadowcolor>black</shadowcolor>
					<info>ListItem.Label</info>
				</control>
				<control type="label">
					<left>615</left>
					<width>292.5</width>
					<height>54</height>
					<font>font13</font>
					<aligny>center</aligny>
					<selectedcolor>orange</selectedcolor>
					<shadowcolor>black</shadowcolor>
					<align>right</align>
					<info>ListItem.Label2</info>
				</control>
			</itemlayout>
			<focusedlayout height="60" width="922.5">
				<control type="image">
					<width>922.5</width>
					<height>60</height>
					<texture border="15">buttons/list-focus.png</texture>
				</control>
				<control type="label">
					<left>15</left>
					<width>600</width>
					<height>54</height>
					<font>font13</font>
					<aligny>center</aligny>
					<selectedcolor>orange</selectedcolor>
					<label>$INFO[ListItem.Label]</label>
				</control>
				<control type="label">
					<left>615</left>
					<width>292.5</width>
					<height>54</height>
					<font>font13</font>
					<aligny>center</aligny>
					<selectedcolor>orange</selectedcolor>
					<align>right</align>
					<label>$INFO[ListItem.Label2]</label>
				</control>
			</focusedlayout>
		</control>
		<control type="group">
			<left>960</left>
			<top>30</top>
			<visible>Control.IsVisible(50)</visible>
			<control type="image">
				<width>630</width>
				<height>660</height>
				<aspectratio>keep</aspectratio>
				<texture background="true">$VAR[ListItemPosterVar]</texture>
				<bordertexture border="28.5,4,28.5,4">thumb-border.png</bordertexture>
				<bordersize>18,2,18,2</bordersize>
				<fadetime>IconCrossfadeTime</fadetime>
			</control>
			<control type="image">
				<left>465</left>
				<top>585</top>
				<width>72</width>
				<height>72</height>
				<aspectratio>keep</aspectratio>
				<texture>$INFO[ListItem.Overlay]</texture>
			</control>
			<control type="group">
				<visible>$EXP[AddonLifecycleType]</visible>
				<include>VisibleFadeEffect</include>
				<left>24</left>
				<top>39</top>
				<control type="image">
					<width>582</width>
					<height>582</height>
					<texture colordiffuse="AAFFFFFF">black-back.png</texture>
				</control>
				<control type="textbox">
					<left>37.5</left>
					<top>37.5</top>
					<width>507</width>
					<height>507</height>
					<align>center</align>
					<aligny>center</aligny>
					<font>font13</font>
					<label>$VAR[AddonLifecycleType]</label>
				</control>
			</control>
		</control>
	</include>
	<include name="ThumbnailView">
		<control type="panel" id="52">
			<visible>![Window.IsVisible(Videos) + Container.Content(TVShows)]</visible>
			<width>1620</width>
			<height>720</height>
			<onleft>9000</onleft>
			<onright>60</onright>
			<onup>52</onup>
			<ondown>52</ondown>
			<viewtype label="21371">icon</viewtype>
			<pagecontrol>60</pagecontrol>
			<scrolltime>200</scrolltime>
			<preloaditems>2</preloaditems>
			<itemlayout condition="!Container.Content(Movies) + !Container.Content(Seasons)" height="240" width="270">
				<control type="image">
					<left>3</left>
					<width>264</width>
					<height>240</height>
					<texture border="15">buttons/list-nofocus.png</texture>
				</control>
				<control type="image">
					<left>9</left>
					<top>9</top>
					<width>252</width>
					<height>192</height>
					<texture background="true">$VAR[ListItemPosterVar]</texture>
					<bordertexture>black-back.png</bordertexture>
					<bordersize>1</bordersize>
					<aspectratio>keep</aspectratio>
				</control>
				<control type="group">
					<visible>$EXP[AddonLifecycleType]</visible>
					<left>40.5</left>
					<top>10.5</top>
					<control type="image">
						<width>189</width>
						<height>189</height>
						<texture colordiffuse="AAFFFFFF">black-back.png</texture>
					</control>
					<control type="textbox">
						<left>7.5</left>
						<top>7.5</top>
						<width>174</width>
						<height>174</height>
						<align>center</align>
						<aligny>center</aligny>
						<font>font8</font>
						<textcolor>grey2</textcolor>
						<label>$VAR[AddonLifecycleType]</label>
					</control>
				</control>
				<control type="label">
					<left>12</left>
					<top>195</top>
					<width>246</width>
					<height>37.5</height>
					<font>font10</font>
					<textcolor>grey2</textcolor>
					<selectedcolor>orange</selectedcolor>
					<align>center</align>
					<aligny>center</aligny>
					<label>$INFO[ListItem.Label]</label>
				</control>
				<control type="image">
					<left>225</left>
					<top>150</top>
					<width>38</width>
					<height>37.5</height>
					<aspectratio>keep</aspectratio>
					<texture>$INFO[ListItem.Overlay]</texture>
				</control>
			</itemlayout>
			<focusedlayout condition="!Container.Content(Movies) + !Container.Content(Seasons)" height="240" width="270">
				<control type="image">
					<left>3</left>
					<width>264</width>
					<height>240</height>
					<texture border="15">buttons/list-focus.png</texture>
				</control>
				<control type="image">
					<left>9</left>
					<top>9</top>
					<width>252</width>
					<height>192</height>
					<texture background="true">$VAR[ListItemPosterVar]</texture>
					<bordertexture>black-back.png</bordertexture>
					<bordersize>1</bordersize>
					<aspectratio>keep</aspectratio>
				</control>
				<control type="group">
					<visible>$EXP[AddonLifecycleType]</visible>
					<left>40.5</left>
					<top>10.5</top>
					<control type="image">
						<width>189</width>
						<height>189</height>
						<texture colordiffuse="AAFFFFFF">black-back.png</texture>
					</control>
					<control type="textbox">
						<left>7.5</left>
						<top>7.5</top>
						<width>174</width>
						<height>174</height>
						<align>center</align>
						<aligny>center</aligny>
						<font>font8</font>
						<label>$VAR[AddonLifecycleType]</label>
					</control>
				</control>
				<control type="label">
					<left>12</left>
					<top>195</top>
					<width>246</width>
					<height>37.5</height>
					<font>font10</font>
					<selectedcolor>orange</selectedcolor>
					<align>center</align>
					<aligny>center</aligny>
					<label>$INFO[ListItem.Label]</label>
				</control>
				<control type="image">
					<left>225</left>
					<top>150</top>
					<width>38</width>
					<height>37.5</height>
					<aspectratio>keep</aspectratio>
					<texture>$INFO[ListItem.Overlay]</texture>
				</control>
			</focusedlayout>
			<itemlayout condition="Container.Content(Movies) | Container.Content(Seasons)" height="360" width="231">
				<control type="image">
					<left>3</left>
					<width>222</width>
					<height>360</height>
					<texture border="15">buttons/list-nofocus.png</texture>
				</control>
				<control type="image">
					<left>9</left>
					<top>9</top>
					<width>213</width>
					<height>300</height>
					<aspectratio>keep</aspectratio>
					<texture background="true">$VAR[ListItemPosterVar]</texture>
					<bordertexture>black-back.png</bordertexture>
					<bordersize>1</bordersize>
				</control>
				<control type="label">
					<left>12</left>
					<top>309</top>
					<width>207</width>
					<height>37.5</height>
					<font>font10</font>
					<textcolor>grey2</textcolor>
					<selectedcolor>orange</selectedcolor>
					<align>center</align>
					<aligny>center</aligny>
					<label>$INFO[ListItem.Label]</label>
				</control>
				<control type="image">
					<left>180</left>
					<top>270</top>
					<width>38</width>
					<height>37.5</height>
					<aspectratio>keep</aspectratio>
					<texture>$INFO[ListItem.Overlay]</texture>
				</control>
			</itemlayout>
			<focusedlayout condition="Container.Content(Movies) | Container.Content(Seasons)" height="360" width="231">
				<control type="image">
					<left>3</left>
					<width>222</width>
					<height>360</height>
					<texture border="15">buttons/list-focus.png</texture>
				</control>
				<control type="image">
					<left>9</left>
					<top>9</top>
					<width>213</width>
					<height>300</height>
					<aspectratio>keep</aspectratio>
					<texture background="true">$VAR[ListItemPosterVar]</texture>
					<bordertexture>black-back.png</bordertexture>
					<bordersize>1</bordersize>
				</control>
				<control type="label">
					<left>12</left>
					<top>309</top>
					<width>207</width>
					<height>37.5</height>
					<font>font10</font>
					<selectedcolor>orange</selectedcolor>
					<align>center</align>
					<aligny>center</aligny>
					<label>$INFO[ListItem.Label]</label>
				</control>
				<control type="image">
					<left>180</left>
					<top>270</top>
					<width>38</width>
					<height>37.5</height>
					<aspectratio>keep</aspectratio>
					<texture>$INFO[ListItem.Overlay]</texture>
				</control>
			</focusedlayout>
		</control>
	</include>
	<include name="WideIconView">
		<control type="panel" id="53">
			<visible>!Container.Content(Addons) + !Container.Content(Episodes)</visible>
			<left>15</left>
			<top>-30</top>
			<width>1581</width>
			<height>762</height>
			<onleft>9000</onleft>
			<onright>60</onright>
			<onup>53</onup>
			<ondown>53</ondown>
			<viewtype label="539">wide</viewtype>
			<pagecontrol>60</pagecontrol>
			<scrolltime>200</scrolltime>
			<preloaditems>2</preloaditems>
			<itemlayout height="190.5" width="790.5">
				<control type="image">
					<left>3</left>
					<width>781.5</width>
					<height>189</height>
					<texture border="15">buttons/list-nofocus.png</texture>
				</control>
				<control type="image">
					<left>13.5</left>
					<top>10.5</top>
					<width>762</width>
					<height>141</height>
					<texture background="true">$VAR[ListItemBannerVar]</texture>
					<bordertexture>black-back.png</bordertexture>
					<bordersize>1</bordersize>
					<aspectratio>scale</aspectratio>
				</control>
				<control type="label">
					<left>30</left>
					<top>148.5</top>
					<width>490.5</width>
					<height>30</height>
					<font>font10</font>
					<textcolor>white</textcolor>
					<selectedcolor>orange</selectedcolor>
					<align>left</align>
					<aligny>center</aligny>
					<label>$INFO[ListItem.Label]</label>
				</control>
				<control type="label">
					<left>510</left>
					<top>148.5</top>
					<width>250.5</width>
					<height>30</height>
					<font>font10</font>
					<textcolor>white</textcolor>
					<selectedcolor>orange</selectedcolor>
					<align>right</align>
					<aligny>center</aligny>
					<label>$INFO[ListItem.Label2]</label>
				</control>
				<control type="image">
					<left>735</left>
					<top>111</top>
					<width>38</width>
					<height>37.5</height>
					<aspectratio>keep</aspectratio>
					<texture>$INFO[ListItem.Overlay]</texture>
				</control>
			</itemlayout>
			<focusedlayout height="210" width="780">
				<control type="image">
					<left>4.5</left>
					<top>1.5</top>
					<width>778.5</width>
					<height>186</height>
					<texture border="15">buttons/list-focus.png</texture>
				</control>
				<control type="image">
					<left>13.5</left>
					<top>10.5</top>
					<width>762</width>
					<height>141</height>
					<texture background="true">$VAR[ListItemBannerVar]</texture>
					<bordertexture>black-back.png</bordertexture>
					<bordersize>1</bordersize>
					<aspectratio>scale</aspectratio>
				</control>
				<control type="label">
					<left>30</left>
					<top>148.5</top>
					<width>490.5</width>
					<height>30</height>
					<font>font10</font>
					<selectedcolor>orange</selectedcolor>
					<aligny>center</aligny>
					<label>$INFO[ListItem.Label]</label>
				</control>
				<control type="label">
					<left>510</left>
					<top>148.5</top>
					<width>250.5</width>
					<height>30</height>
					<font>font10</font>
					<selectedcolor>orange</selectedcolor>
					<align>right</align>
					<aligny>center</aligny>
					<label>$INFO[ListItem.Label2]</label>
				</control>
				<control type="image">
					<left>735</left>
					<top>111</top>
					<width>38</width>
					<height>37.5</height>
					<aspectratio>keep</aspectratio>
					<texture>$INFO[ListItem.Overlay]</texture>
				</control>
			</focusedlayout>
		</control>
	</include>
	<include name="PosterWrapView">
		<control type="group">
			<top>-52.5</top>
			<visible>Control.IsVisible(54)</visible>
			<control type="label">
				<top>15</top>
				<width>1590</width>
				<height>30</height>
				<font>font16</font>
				<textcolor>orange</textcolor>
				<align>left</align>
				<aligny>center</aligny>
				<label>$VAR[MovieSetLabel]</label>
			</control>
			<control type="textbox" id="400">
				<description>textarea</description>
				<top>630</top>
				<width>1590</width>
				<height>135</height>
				<font>font12</font>
				<label>$VAR[MoviePlot]</label>
				<textcolor>white</textcolor>
				<align>justify</align>
				<autoscroll time="3000" delay="4000" repeat="5000">true</autoscroll>
			</control>
		</control>
		<control type="fixedlist" id="54">
			<visible>!Container.Content(Addons)</visible>
			<left>-52</left>
			<top>60</top>
			<width>1740</width>
			<height>600</height>
			<onleft>54</onleft>
			<onright>54</onright>
			<onup>9000</onup>
			<ondown>60</ondown>
			<viewtype label="31250">bigicon</viewtype>
			<pagecontrol>60</pagecontrol>
			<scrolltime>200</scrolltime>
			<focusposition>1</focusposition>
			<orientation>horizontal</orientation>
			<preloaditems>4</preloaditems>
			<itemlayout height="465" width="327" condition="!Container.Content(Episodes)">
				<control type="image">
					<top>3</top>
					<left>3</left>
					<width>321</width>
					<height>459</height>
					<aspectratio>scale</aspectratio>
					<bordertexture border="15">buttons/list-nofocus.png</bordertexture>
					<bordersize>15</bordersize>
					<texture background="true">$VAR[ListItemPosterVar]</texture>
				</control>
				<control type="image">
					<left>255</left>
					<top>397.5</top>
					<width>52.5</width>
					<height>52.5</height>
					<aspectratio>keep</aspectratio>
					<texture>$INFO[ListItem.Overlay]</texture>
				</control>
			</itemlayout>
			<focusedlayout height="465" width="327" condition="!Container.Content(Episodes)">
				<control type="image">
					<width>327</width>
					<height>465</height>
					<aspectratio>scale</aspectratio>
					<bordertexture border="15">thumb-focus.png</bordertexture>
					<bordersize>15</bordersize>
					<texture background="true">$VAR[ListItemPosterVar]</texture>
					<animation reversible="false" effect="zoom" start="0,0,327,465" end="-45,-45,417,555" time="200">focus</animation>
					<animation reversible="false" effect="zoom" end="0,0,327,465" start="-45,-45,417,555" time="200">unfocus</animation>
				</control>
				<control type="image">
					<left>255</left>
					<top>397.5</top>
					<width>52.5</width>
					<height>52.5</height>
					<aspectratio>keep</aspectratio>
					<texture>$INFO[ListItem.Overlay]</texture>
					<animation effect="slide" start="0,0" end="45,45" time="200">Focus</animation>
					<animation effect="slide" end="0,0" start="45,45" time="200">UnFocus</animation>
				</control>
			</focusedlayout>
			<itemlayout height="465" width="630" condition="Container.Content(Episodes)">
				<control type="image">
					<top>3</top>
					<left>3</left>
					<width>624</width>
					<height>459</height>
					<aspectratio aligny="top">scale</aspectratio>
					<bordertexture border="15">buttons/list-nofocus.png</bordertexture>
					<bordersize>15</bordersize>
					<texture background="true">$VAR[ListItemPosterVar]</texture>
				</control>
				<control type="image">
					<left>558</left>
					<top>397.5</top>
					<width>52.5</width>
					<height>52.5</height>
					<aspectratio>keep</aspectratio>
					<texture>$INFO[ListItem.Overlay]</texture>
				</control>
			</itemlayout>
			<focusedlayout height="465" width="630" condition="Container.Content(Episodes)">
				<control type="image">
					<width>630</width>
					<height>465</height>
					<aspectratio aligny="top">scale</aspectratio>
					<bordertexture border="15">thumb-focus.png</bordertexture>
					<bordersize>15</bordersize>
					<texture background="true">$VAR[ListItemPosterVar]</texture>
					<animation center="auto" effect="zoom" start="100" end="115" time="200">Focus</animation>
					<animation center="auto" effect="zoom" start="115" end="100" time="200">UnFocus</animation>
				</control>
				<control type="image">
					<left>558</left>
					<top>397.5</top>
					<width>52.5</width>
					<height>52.5</height>
					<aspectratio>keep</aspectratio>
					<texture>$INFO[ListItem.Overlay]</texture>
					<animation effect="slide" start="0,0" end="45,33" time="200">Focus</animation>
					<animation effect="slide" end="0,0" start="45,33" time="200">UnFocus</animation>
				</control>
			</focusedlayout>
		</control>
	</include>
	<variable name="ThumbnailInfoViewLabel">
		<value condition="Container.Content(Addons)">$INFO[ListItem.AddonName]</value>
		<value condition="Container.Content(Albums)">$INFO[ListItem.Album]</value>
		<value condition="Container.Content(Artists)">$INFO[ListItem.Artist]</value>
		<value>$INFO[ListItem.Label]</value>
	</variable>
	<variable name="ThumbnailInfoViewLabel2">
		<value condition="Container.Content(Episodes)">$INFO[ListItem.TVShowTitle] [COLOR=grey]($INFO[ListItem.Season]x$INFO[ListItem.Episode])[/COLOR]</value>
		<value>$INFO[ListItem.Label]</value>
	</variable>
	<variable name="ThumbnailInfoViewPlot">
		<value condition="Container.Content(Addons) + !String.IsEmpty(ListItem.AddonDescription)">$INFO[ListItem.AddonDescription]</value>
		<value condition="Container.Content(Albums) + !String.IsEmpty(ListItem.Property(Album_Description))">$INFO[ListItem.Property(Album_Description)]</value>
		<value condition="Container.Content(Artists) + !String.IsEmpty(ListItem.Property(Artist_Description))">$INFO[ListItem.Property(Artist_Description)]</value>
		<value condition="Container.Content(Favourites)">$INFO[ListItem.Property(favourite.action),$LOCALIZE[15217]: ,[CR]]$INFO[ListItem.Property(favourite.provider),$LOCALIZE[15225]: ,]</value>
		<value>$INFO[ListItem.Plot]</value>
	</variable>
	<variable name="ThumbnailInfoViewTitle">
		<value condition="Container.Content(Episodes)">$INFO[ListItem.Title]</value>
		<value>$INFO[ListItem.Label2]</value>
	</variable>
	<include name="ThumbnailInfoViewPictureContent">
		<control type="group">
			<visible>!String.IsEmpty($PARAM[value])</visible>
			<height>42</height>
			<control type="label">
				<width>210</width>
				<font>font12</font>
				<label>$PARAM[label]</label>
				<textcolor>grey2</textcolor>
				<shadowcolor>black</shadowcolor>
			</control>
			<control type="label">
				<left>225</left>
				<width>4350</width>
				<font>font12</font>
				<label>$INFO[$PARAM[value]]</label>
				<textcolor>white</textcolor>
				<shadowcolor>black</shadowcolor>
				<scroll>true</scroll>
			</control>
		</control>
	</include>
	<include name="ThumbnailInfoView">
		<control type="panel" id="55">
			<width>1080</width>
			<height>720</height>
			<onleft>9000</onleft>
			<onright>60</onright>
			<onup>55</onup>
			<ondown>55</ondown>
			<viewtype label="31251">icon</viewtype>
			<pagecontrol>60</pagecontrol>
			<scrolltime>200</scrolltime>
			<preloaditems>2</preloaditems>
			<itemlayout condition="!Container.Content(Movies) + !Container.Content(TVShows) + !Container.Content(Seasons)" height="240" width="270">
				<control type="image">
					<top>1.5</top>
					<width>262.5</width>
					<height>237</height>
					<texture border="15">buttons/list-nofocus.png</texture>
				</control>
				<control type="image">
					<left>7.5</left>
					<top>12</top>
					<width>247.5</width>
					<height>192</height>
					<texture background="true">$VAR[ListItemPosterVar]</texture>
					<bordertexture>black-back.png</bordertexture>
					<bordersize>1</bordersize>
					<aspectratio>keep</aspectratio>
				</control>
				<control type="group">
					<visible>$EXP[AddonLifecycleType]</visible>
					<left>36</left>
					<top>13.5</top>
					<control type="image">
						<width>189</width>
						<height>189</height>
						<texture colordiffuse="AAFFFFFF">black-back.png</texture>
					</control>
					<control type="textbox">
						<left>7.5</left>
						<top>7.5</top>
						<width>174</width>
						<height>174</height>
						<align>center</align>
						<aligny>center</aligny>
						<font>font8</font>
						<textcolor>grey2</textcolor>
						<label>$VAR[AddonLifecycleType]</label>
					</control>
				</control>
				<control type="label">
					<left>10.5</left>
					<top>198</top>
					<width>241.5</width>
					<height>37.5</height>
					<font>font10</font>
					<textcolor>grey2</textcolor>
					<selectedcolor>orange</selectedcolor>
					<align>center</align>
					<aligny>center</aligny>
					<label>$INFO[ListItem.Label]</label>
				</control>
				<control type="image">
					<left>213</left>
					<top>162</top>
					<width>38</width>
					<height>37.5</height>
					<aspectratio>keep</aspectratio>
					<texture>$INFO[ListItem.Overlay]</texture>
				</control>
			</itemlayout>
			<focusedlayout condition="!Container.Content(Movies) + !Container.Content(TVShows) + !Container.Content(Seasons)" height="240" width="270">
				<control type="image">
					<top>1.5</top>
					<width>262.5</width>
					<height>237</height>
					<texture border="15">buttons/list-focus.png</texture>
				</control>
				<control type="image">
					<left>7.5</left>
					<top>12</top>
					<width>247.5</width>
					<height>192</height>
					<texture background="true">$VAR[ListItemPosterVar]</texture>
					<bordertexture>black-back.png</bordertexture>
					<bordersize>1</bordersize>
					<aspectratio>keep</aspectratio>
				</control>
				<control type="group">
					<visible>$EXP[AddonLifecycleType]</visible>
					<left>36</left>
					<top>13.5</top>
					<control type="image">
						<width>189</width>
						<height>189</height>
						<texture colordiffuse="AAFFFFFF">black-back.png</texture>
					</control>
					<control type="textbox">
						<left>7.5</left>
						<top>7.5</top>
						<width>174</width>
						<height>174</height>
						<align>center</align>
						<aligny>center</aligny>
						<font>font8</font>
						<label>$VAR[AddonLifecycleType]</label>
					</control>
				</control>
				<control type="label">
					<left>10.5</left>
					<top>198</top>
					<width>241.5</width>
					<height>37.5</height>
					<font>font10</font>
					<selectedcolor>orange</selectedcolor>
					<align>center</align>
					<aligny>center</aligny>
					<label>$INFO[ListItem.Label]</label>
				</control>
				<control type="image">
					<left>213</left>
					<top>162</top>
					<width>38</width>
					<height>37.5</height>
					<aspectratio>keep</aspectratio>
					<texture>$INFO[ListItem.Overlay]</texture>
				</control>
			</focusedlayout>
			<itemlayout condition="Container.Content(Movies) | Container.Content(TVShows) | Container.Content(Seasons)" height="360" width="231">
				<control type="image">
					<left>4.5</left>
					<top>4.5</top>
					<width>222</width>
					<height>357</height>
					<texture border="15">buttons/list-nofocus.png</texture>
				</control>
				<control type="image">
					<left>9</left>
					<top>15</top>
					<width>213</width>
					<height>300</height>
					<aspectratio>keep</aspectratio>
					<texture background="true">$VAR[ListItemPosterVar]</texture>
					<bordertexture>black-back.png</bordertexture>
					<bordersize>1</bordersize>
				</control>
				<control type="label">
					<left>12</left>
					<top>315</top>
					<width>207</width>
					<height>37.5</height>
					<font>font10</font>
					<textcolor>grey2</textcolor>
					<selectedcolor>orange</selectedcolor>
					<align>center</align>
					<aligny>center</aligny>
					<label>$INFO[ListItem.Label]</label>
				</control>
				<control type="image">
					<left>178.5</left>
					<top>273</top>
					<width>38</width>
					<height>37.5</height>
					<aspectratio>keep</aspectratio>
					<texture>$INFO[ListItem.Overlay]</texture>
				</control>
			</itemlayout>
			<focusedlayout condition="Container.Content(Movies) | Container.Content(TVShows) | Container.Content(Seasons)" height="360" width="231">
				<control type="image">
					<left>4.5</left>
					<top>4.5</top>
					<width>222</width>
					<height>357</height>
					<texture border="15">buttons/list-focus.png</texture>
				</control>
				<control type="image">
					<left>9</left>
					<top>15</top>
					<width>213</width>
					<height>300</height>
					<aspectratio>keep</aspectratio>
					<texture background="true">$VAR[ListItemPosterVar]</texture>
					<bordertexture>black-back.png</bordertexture>
					<bordersize>1</bordersize>
				</control>
				<control type="label">
					<left>12</left>
					<top>315</top>
					<width>207</width>
					<height>37.5</height>
					<font>font10</font>
					<selectedcolor>orange</selectedcolor>
					<align>center</align>
					<aligny>center</aligny>
					<label>$INFO[ListItem.Label]</label>
				</control>
				<control type="image">
					<left>178.5</left>
					<top>273</top>
					<width>38</width>
					<height>37.5</height>
					<aspectratio>keep</aspectratio>
					<texture>$INFO[ListItem.Overlay]</texture>
				</control>
			</focusedlayout>
		</control>
		<control type="group">
			<left>1095</left>
			<top>15</top>
			<visible>Control.IsVisible(55) + ![Container.Content(Movies) | Container.Content(TVShows) | Container.Content(Seasons) | Container.Content(Episodes) | Container.Content(LiveTV) | Window.IsActive(Pictures)]</visible>
			<control type="fadelabel">
				<width>525</width>
				<height>30</height>
				<font>font16</font>
				<textcolor>orange</textcolor>
				<shadowcolor>black</shadowcolor>
				<align>left</align>
				<aligny>center</aligny>
				<label>$VAR[ThumbnailInfoViewLabel]</label>
				<scrollout>false</scrollout>
				<pauseatend>2000</pauseatend>
			</control>
			<control type="textbox" id="400">
				<description>textarea</description>
				<top>60</top>
				<width>525</width>
				<height>615</height>
				<font>font12</font>
				<label>$VAR[ThumbnailInfoViewPlot]</label>
				<textcolor>white</textcolor>
				<shadowcolor>black</shadowcolor>
				<align>justify</align>
			</control>
		</control>
		<control type="group">
			<left>967.5</left>
			<top>15</top>
			<visible>Control.IsVisible(55) + [Container.Content(Movies) | Container.Content(TVShows) | Container.Content(Seasons)]</visible>
			<control type="fadelabel">
				<width>630</width>
				<height>30</height>
				<font>font16</font>
				<textcolor>orange</textcolor>
				<shadowcolor>black</shadowcolor>
				<align>left</align>
				<aligny>center</aligny>
				<label>$VAR[MovieSetLabel]</label>
				<scrollout>false</scrollout>
				<pauseatend>2000</pauseatend>
			</control>
			<control type="textbox" id="400">
				<description>textarea</description>
				<top>60</top>
				<width>630</width>
				<height>615</height>
				<font>font12</font>
				<label>$VAR[MoviePlot]</label>
				<textcolor>white</textcolor>
				<shadowcolor>black</shadowcolor>
				<align>justify</align>
				<autoscroll time="3000" delay="4000" repeat="5000">true</autoscroll>
			</control>
		</control>
		<control type="group">
			<left>1095</left>
			<top>15</top>
			<visible>Control.IsVisible(55) + [Container.Content(Episodes) | Container.Content(LiveTV)]</visible>
			<control type="fadelabel">
				<width>525</width>
				<height>30</height>
				<font>font13</font>
				<textcolor>white</textcolor>
				<shadowcolor>black</shadowcolor>
				<align>left</align>
				<aligny>center</aligny>
				<label>$VAR[ThumbnailInfoViewLabel2]</label>
				<scrollout>false</scrollout>
				<pauseatend>2000</pauseatend>
			</control>
			<control type="fadelabel">
				<top>52.5</top>
				<width>525</width>
				<height>30</height>
				<font>font16</font>
				<textcolor>orange</textcolor>
				<shadowcolor>black</shadowcolor>
				<align>left</align>
				<aligny>center</aligny>
				<label>$VAR[ThumbnailInfoViewTitle]</label>
				<scrollout>false</scrollout>
				<pauseatend>2000</pauseatend>
			</control>
			<control type="textbox" id="400">
				<description>textarea</description>
				<top>105</top>
				<width>525</width>
				<height>570</height>
				<font>font12</font>
				<label>$INFO[ListItem.Plot]</label>
				<textcolor>white</textcolor>
				<shadowcolor>black</shadowcolor>
				<align>justify</align>
			</control>
		</control>
		<control type="group">
			<left>1095</left>
			<top>15</top>
			<visible>Control.IsVisible(55) + Window.IsActive(Pictures)</visible>
			<control type="fadelabel">
				<width>525</width>
				<height>30</height>
				<font>font16</font>
				<textcolor>orange</textcolor>
				<shadowcolor>black</shadowcolor>
				<align>left</align>
				<aligny>center</aligny>
				<label>$INFO[ListItem.Label]</label>
				<scrollout>false</scrollout>
				<pauseatend>2000</pauseatend>
			</control>
			<control type="grouplist">
				<top>60</top>
				<height>615</height>
				<itemgap>0</itemgap>
				<orientation>vertical</orientation>
				<include content="ThumbnailInfoViewPictureContent">
					<param name="label" value="$LOCALIZE[169]:" />
					<param name="value" value="ListItem.PictureResolution" />
				</include>
				<include content="ThumbnailInfoViewPictureContent">
					<param name="label" value="$LOCALIZE[552]:" />
					<param name="value" value="ListItem.Date" />
				</include>
				<include content="ThumbnailInfoViewPictureContent">
					<param name="label" value="$LOCALIZE[21802]:" />
					<param name="value" value="ListItem.Size" />
				</include>
				<include content="ThumbnailInfoViewPictureContent">
					<param name="label" value="$LOCALIZE[21826]:" />
					<param name="value" value="ListItem.PictureAperture" />
				</include>
				<include content="ThumbnailInfoViewPictureContent">
					<param name="label" value="$LOCALIZE[21822]:" />
					<param name="value" value="ListItem.PictureCamMake" />
				</include>
				<include content="ThumbnailInfoViewPictureContent">
					<param name="label" value="$LOCALIZE[21823]:" />
					<param name="value" value="ListItem.PictureCamModel" />
				</include>
				<include content="ThumbnailInfoViewPictureContent">
					<param name="label" value="$LOCALIZE[21863]:" />
					<param name="value" value="ListItem.PictureAuthor" />
				</include>
				<include content="ThumbnailInfoViewPictureContent">
					<param name="label" value="$LOCALIZE[21867]:" />
					<param name="value" value="ListItem.PictureByline" />
				</include>
				<include content="ThumbnailInfoViewPictureContent">
					<param name="label" value="$LOCALIZE[21868]:" />
					<param name="value" value="ListItem.PictureBylineTitle" />
				</include>
				<include content="ThumbnailInfoViewPictureContent">
					<param name="label" value="$LOCALIZE[21862]:" />
					<param name="value" value="ListItem.PictureCaption" />
				</include>
				<include content="ThumbnailInfoViewPictureContent">
					<param name="label" value="$LOCALIZE[21866]:" />
					<param name="value" value="ListItem.PictureCategory" />
				</include>
				<include content="ThumbnailInfoViewPictureContent">
					<param name="label" value="$LOCALIZE[21839]:" />
					<param name="value" value="ListItem.PictureCCDWidth" />
				</include>
				<include content="ThumbnailInfoViewPictureContent">
					<param name="label" value="$LOCALIZE[21873]:" />
					<param name="value" value="ListItem.PictureCity" />
				</include>
				<include content="ThumbnailInfoViewPictureContent">
					<param name="label" value="$LOCALIZE[21807]:" />
					<param name="value" value="ListItem.PictureColour" />
				</include>
				<include content="ThumbnailInfoViewPictureContent">
					<param name="label" value="$LOCALIZE[21839]:" />
					<param name="value" value="ListItem.PictureComment" />
				</include>
				<include content="ThumbnailInfoViewPictureContent">
					<param name="label" value="$LOCALIZE[21871]:" />
					<param name="value" value="ListItem.PictureCopyrightNotice" />
				</include>
				<include content="ThumbnailInfoViewPictureContent">
					<param name="label" value="$LOCALIZE[21875]:" />
					<param name="value" value="ListItem.PictureCountry" />
				</include>
				<include content="ThumbnailInfoViewPictureContent">
					<param name="label" value="$LOCALIZE[21879]:" />
					<param name="value" value="ListItem.PictureCountryCode" />
				</include>
				<include content="ThumbnailInfoViewPictureContent">
					<param name="label" value="$LOCALIZE[21869]:" />
					<param name="value" value="ListItem.PictureCredit" />
				</include>
				<include content="ThumbnailInfoViewPictureContent">
					<param name="label" value="$LOCALIZE[21821]:" />
					<param name="value" value="ListItem.PictureDesc" />
				</include>
				<include content="ThumbnailInfoViewPictureContent">
					<param name="label" value="$LOCALIZE[21838]:" />
					<param name="value" value="ListItem.PictureDigitalZoom" />
				</include>
				<include content="ThumbnailInfoViewPictureContent">
					<param name="label" value="$LOCALIZE[21832]:" />
					<param name="value" value="ListItem.PictureExpMode" />
				</include>
				<include content="ThumbnailInfoViewPictureContent">
					<param name="label" value="$LOCALIZE[21829]:" />
					<param name="value" value="ListItem.PictureExposure" />
				</include>
				<include content="ThumbnailInfoViewPictureContent">
					<param name="label" value="$LOCALIZE[21831]:" />
					<param name="value" value="ListItem.PictureExposureBias" />
				</include>
				<include content="ThumbnailInfoViewPictureContent">
					<param name="label" value="$LOCALIZE[21830]:" />
					<param name="value" value="ListItem.PictureExpTime" />
				</include>
				<include content="ThumbnailInfoViewPictureContent">
					<param name="label" value="$LOCALIZE[21833]:" />
					<param name="value" value="ListItem.PictureFlashUsed" />
				</include>
				<include content="ThumbnailInfoViewPictureContent">
					<param name="label" value="$LOCALIZE[21827]:" />
					<param name="value" value="ListItem.PictureFocalLen" />
				</include>
				<include content="ThumbnailInfoViewPictureContent">
					<param name="label" value="$LOCALIZE[21828]:" />
					<param name="value" value="ListItem.PictureFocusDist" />
				</include>
				<include content="ThumbnailInfoViewPictureContent">
					<param name="label" value="$LOCALIZE[21834]:" />
					<param name="value" value="ListItem.PictureWhiteBalance" />
				</include>
				<include content="ThumbnailInfoViewPictureContent">
					<param name="label" value="$LOCALIZE[21840]:" />
					<param name="value" value="ListItem.PictureGPSLat" />
				</include>
				<include content="ThumbnailInfoViewPictureContent">
					<param name="label" value="$LOCALIZE[21841]:" />
					<param name="value" value="ListItem.PictureGPSLon" />
				</include>
				<include content="ThumbnailInfoViewPictureContent">
					<param name="label" value="$LOCALIZE[21842]:" />
					<param name="value" value="ListItem.PictureGPSAlt" />
				</include>
				<include content="ThumbnailInfoViewPictureContent">
					<param name="label" value="$LOCALIZE[21864]:" />
					<param name="value" value="ListItem.PictureHeadline" />
				</include>
				<include content="ThumbnailInfoViewPictureContent">
					<param name="label" value="$LOCALIZE[21858]:" />
					<param name="value" value="ListItem.PictureImageType" />
				</include>
				<include content="ThumbnailInfoViewPictureContent">
					<param name="label" value="$LOCALIZE[21837]:" />
					<param name="value" value="ListItem.PictureISO" />
				</include>
				<include content="ThumbnailInfoViewPictureContent">
					<param name="label" value="$LOCALIZE[21861]:" />
					<param name="value" value="ListItem.PictureKeywords" />
				</include>
				<include content="ThumbnailInfoViewPictureContent">
					<param name="label" value="$LOCALIZE[21843]:" />
					<param name="value" value="ListItem.PictureOrientation" />
				</include>
				<include content="ThumbnailInfoViewPictureContent">
					<param name="label" value="$LOCALIZE[21808]:" />
					<param name="value" value="ListItem.PictureProcess" />
				</include>
			</control>
			<control type="textbox" id="400">
				<description>textarea</description>
				<top>60</top>
				<width>525</width>
				<height>615</height>
				<font>font12</font>
				<label>$VAR[ThumbnailInfoViewPlot]</label>
				<textcolor>white</textcolor>
				<shadowcolor>black</shadowcolor>
				<align>justify</align>
			</control>
		</control>
	</include>
</includes>
