<?xml version="1.0" encoding="UTF-8"?>
<window id="100">
	<defaultcontrol always="true">10</defaultcontrol>
	<allowoverlay>no</allowoverlay>

	<coordinates>
		<system>1</system>
		<origin x="395" y="180">true</origin>
	</coordinates>
	
	<controls>
		<control type="group">
			<include>ProgressDialogBox</include>
			<include>DialogOpenCloseAnim</include>

			<control type="label" id="1">
				<include>DialogTitle2</include>
			</control>
			
			<control type="textbox" id="9">
				<description>Text</description>
				<left>DialogMarginOffsetX</left>
				<top>54</top>
				<width>420</width>
				<height>98</height>
				<align>center</align>
				<aligny>center</aligny>
				<label>-</label>
				<font>DefaultFontB</font>
				<textcolor>ButtonColor</textcolor>
				<autoscroll time="3000" delay="4000" repeat="10000">true</autoscroll>
			</control>

			<control type="grouplist">
				<left>75</left>
				<top>164</top>
				<itemgap>0</itemgap>
				<orientation>horizontal</orientation>
				<control type="button" id="11">
					<description>Yes</description>
					<include>DialogMenuBarBtn</include>
					<label>$LOCALIZE[107]</label>
				</control>
				<control type="button" id="10">
					<description>No</description>
					<include>DialogMenuBarBtn</include>
					<label>$LOCALIZE[106]</label>
				</control>
			</control>
		</control>
	</controls>	
</window>