<?xml version="1.0" encoding="UTF-8"?>
<window>
	<defaultcontrol always="true">855</defaultcontrol>
	<allowoverlay>yes</allowoverlay>
	<onunload>Skin.Reset(ExpandedSettings)</onunload>
	<!-- Home -->
	<onunload>Skin.Reset(ExpandCategoryToggleSettings)</onunload>
	<onunload>Skin.Reset(ExpandAddMoreCategorySettings)</onunload>
	<onunload>Skin.Reset(ExpandAddMoreCategorySettings2)</onunload>
	<onunload>Skin.Reset(ExpandAddMoreCategorySettings3)</onunload>
	<onunload>Skin.Reset(ExpandAddMoreCategorySettings4)</onunload>
	<onunload>Skin.Reset(ExpandMusicSubMenuSettings)</onunload>
	<onunload>Skin.Reset(ExpandVideosSubMenuSettings)</onunload>
	<onunload>Skin.Reset(ExpandMoviesSubMenuSettings)</onunload>
	<onunload>Skin.Reset(ExpandTVShowsSubMenuSettings)</onunload>
	<onunload>Skin.Reset(ExpandProgramsSubMenuSettings)</onunload>
	<onunload>Skin.Reset(ExpandPicturesSubMenuSettings)</onunload>
	<onunload>Skin.Reset(ExpandGeneralSubMenuSettings)</onunload>
	<onunload>Skin.Reset(ExpandSystemSubMenuSettings)</onunload>
	<onunload>Skin.Reset(ExpandPVRSubMenuSettings)</onunload>
	<onunload>Skin.Reset(ExpandCustom1SubMenuSettings)</onunload>
	<onunload>Skin.Reset(ExpandCustom2SubMenuSettings)</onunload>
	<onunload>Skin.Reset(ExpandCustom3SubMenuSettings)</onunload>
	<onunload>Skin.Reset(ExpandCustom4SubMenuSettings)</onunload>
	<onunload>Skin.Reset(ExpandCustom5SubMenuSettings)</onunload>
	<onunload>Skin.Reset(ExpandCustom6SubMenuSettings)</onunload>
	<onunload>Skin.Reset(ExpandCustom7SubMenuSettings)</onunload>
	<onunload>Skin.Reset(ExpandCustom8SubMenuSettings)</onunload>
	<onunload>Skin.Reset(ExpandCustom9SubMenuSettings)</onunload>
	<onunload>Skin.Reset(ExpandCustom10SubMenuSettings)</onunload>
	<onunload>Skin.Reset(ExpandCustom11SubMenuSettings)</onunload>
	<onunload>Skin.Reset(ExpandCustom12SubMenuSettings)</onunload>
	<onunload>Skin.Reset(ExpandCustom13SubMenuSettings)</onunload>
	<onunload>Skin.Reset(ExpandCustom14SubMenuSettings)</onunload>
	<onunload>Skin.Reset(ExpandCustom15SubMenuSettings)</onunload>
	<onunload>Skin.Reset(ExpandCustom16SubMenuSettings)</onunload>
	<onunload>Skin.Reset(ExpandCustomCategoryIconsSettings)</onunload>
	<!-- Backgrounds -->
	<onunload>Skin.Reset(ExpandCustomDefaultBGSettings)</onunload>
	<onunload>Skin.Reset(ExpandCustomMusicBGSettings)</onunload>
	<onunload>Skin.Reset(ExpandCustomVideosBGSettings)</onunload>
	<onunload>Skin.Reset(ExpandCustomMoviesBGSettings)</onunload>
	<onunload>Skin.Reset(ExpandCustomTVShowsBGSettings)</onunload>
	<onunload>Skin.Reset(ExpandCustomProgramsBGSettings)</onunload>
	<onunload>Skin.Reset(ExpandCustomPicturesBGSettings)</onunload>
	<onunload>Skin.Reset(ExpandCustomGeneralBGSettings)</onunload>
	<onunload>Skin.Reset(ExpandCustomSystemBGSettings)</onunload>
	<onunload>Skin.Reset(ExpandCustomPowerBGSettings)</onunload>
	<onunload>Skin.Reset(ExpandCustomWeatherBGSettings)</onunload>
	<onunload>Skin.Reset(ExpandCustomPVRBGSettings)</onunload>
	
	<controls>	
		<control type="group">					
    		<include>BackgroundDefault</include>
			<include condition="!IsEmpty(Skin.String(CustomSystemBGPath)) + Skin.HasSetting(ApplyAllSystemCustomBG)">BackgroundSystem</include>
			<include>BackgroundOpenCloseAnim</include>
		</control>
		
		<control type="group" id="9001">
			<include>ControlsOpenCloseAnim</include>

			<control type="button" id="1">
				<Description>General</Description>
				<texturefocus>-</texturefocus>
				<texturenofocus>-</texturenofocus>
				<onfocus>Control.SetFocus(1)</onfocus>
				<visible>ControlGroup(900).HasFocus</visible>
			</control>
			
			<control type="button" id="2">
				<Description>Home</Description>
				<texturefocus>-</texturefocus>
				<texturenofocus>-</texturenofocus>
				<onfocus>Control.SetFocus(2)</onfocus>
				<visible>ControlGroup(901).HasFocus</visible>
			</control>
			
			<control type="button" id="3">
				<Description>Media</Description>
				<texturefocus>-</texturefocus>
				<texturenofocus>-</texturenofocus>
				<onfocus>Control.SetFocus(3)</onfocus>
				<visible>ControlGroup(902).HasFocus</visible>
			</control>
			
			<control type="button" id="4">
				<Description>Backgrounds</Description>
				<texturefocus>-</texturefocus>
				<texturenofocus>-</texturenofocus>
				<onfocus>Control.SetFocus(4)</onfocus>
				<visible>ControlGroup(903).HasFocus</visible>
			</control>
			
			<control type="button" id="7">
				<Description>Animations</Description>
				<texturefocus>-</texturefocus>
				<texturenofocus>-</texturenofocus>
				<onfocus>Control.SetFocus(7)</onfocus>
				<visible>ControlGroup(906).HasFocus</visible>
			</control>
			
			<control type="button" id="8">
				<Description>Weather</Description>
				<texturefocus>-</texturefocus>
				<texturenofocus>-</texturenofocus>
				<onfocus>Control.SetFocus(8)</onfocus>
				<visible>ControlGroup(907).HasFocus</visible>
			</control>
			
			<control type="button" id="5">
				<Description>Add-ons</Description>
				<texturefocus>-</texturefocus>
				<texturenofocus>-</texturenofocus>
				<onfocus>Control.SetFocus(5)</onfocus>
				<visible>ControlGroup(904).HasFocus</visible>
			</control>
			
			<control type="button" id="9">
				<Description>Supported Add-ons</Description>
				<texturefocus>-</texturefocus>
				<texturenofocus>-</texturenofocus>
				<onfocus>Control.SetFocus(9)</onfocus>
				<visible>ControlGroup(908).HasFocus</visible>
			</control>
			
			<control type="button" id="6">
				<Description>Reset Skin</Description>
				<texturefocus>-</texturefocus>
				<texturenofocus>-</texturenofocus>
				<onfocus>Control.SetFocus(6)</onfocus>
				<visible>ControlGroup(905).HasFocus</visible>
			</control>
				
			<control type="grouplist" id="855">
				<description>Category Area</description>
				<left>125</left>
				<top>110</top>
				<width>240</width>
				<height>500</height>
				<itemgap>0</itemgap>
				<onup>855</onup>
				<ondown>855</ondown>
				<onleft>850</onleft>
				<onright>851</onright>
				<enable>!Skin.HasSetting(ExpandedSettings)</enable>
				<animation type="Conditional" condition="Skin.HasSetting(ExpandedSettings)">
					<effect type="fade" start="100" end="30" time="250"/>
					<effect type="zoom" start="100" end="90" center="200,200" time="250" tween="sine" easing="out"/>
				</animation>
				<control type="button" id="1">
					<Description>General</Description>
					<include>SettingsCatBtn</include>
					<label>$LOCALIZE[128]</label>
					<onfocus>Skin.SetString(SkinSettingsCategory,1)</onfocus>
					<visible>!ControlGroup(900).HasFocus</visible>
				</control>
				<control type="button" id="10">
					<Description>General</Description>
					<include>SettingsInactiveCatBtn</include>
					<label>$LOCALIZE[128]</label>
					<onfocus>Skin.SetString(SkinSettingsCategory,1)</onfocus>
					<visible>ControlGroup(900).HasFocus</visible>
				</control>
				<control type="button" id="2">
					<Description>Home</Description>
					<include>SettingsCatBtn</include>
					<label>$LOCALIZE[10000]</label>
					<onfocus>Skin.SetString(SkinSettingsCategory,2)</onfocus>
					<visible>!ControlGroup(901).HasFocus</visible>
				</control>
				<control type="button" id="11">
					<Description>Home</Description>
					<include>SettingsInactiveCatBtn</include>
					<label>$LOCALIZE[10000]</label>
					<onfocus>Skin.SetString(SkinSettingsCategory,2)</onfocus>
					<visible>ControlGroup(901).HasFocus</visible>
				</control>
				<control type="button" id="3">
					<Description>Media</Description>
					<include>SettingsCatBtn</include>
					<label>$LOCALIZE[31013]</label>
					<onfocus>Skin.SetString(SkinSettingsCategory,3)</onfocus>
					<visible>!ControlGroup(902).HasFocus</visible>
				</control>
				<control type="button" id="12">
					<Description>Media</Description>
					<include>SettingsInactiveCatBtn</include>
					<label>$LOCALIZE[31013]</label>
					<onfocus>Skin.SetString(SkinSettingsCategory,3)</onfocus>
					<visible>ControlGroup(902).HasFocus</visible>
				</control>
				<control type="button" id="4">
					<Description>Backgrounds</Description>
					<include>SettingsCatBtn</include>
					<label>$LOCALIZE[33069]</label>
					<onfocus>Skin.SetString(SkinSettingsCategory,4)</onfocus>
					<visible>!ControlGroup(903).HasFocus</visible>
				</control>
				<control type="button" id="13">
					<Description>Backgrounds</Description>
					<include>SettingsInactiveCatBtn</include>
					<label>$LOCALIZE[33069]</label>
					<onfocus>Skin.SetString(SkinSettingsCategory,4)</onfocus>
					<visible>ControlGroup(903).HasFocus</visible>
				</control>
				<control type="button" id="7">
					<Description>Animations</Description>
					<include>SettingsCatBtn</include>
					<label>$LOCALIZE[31420]</label>
					<onfocus>Skin.SetString(SkinSettingsCategory,7)</onfocus>
					<visible>!ControlGroup(906).HasFocus</visible>
				</control>
				<control type="button" id="16">
					<Description>Animations</Description>
					<include>SettingsInactiveCatBtn</include>
					<label>$LOCALIZE[31420]</label>
					<onfocus>Skin.SetString(SkinSettingsCategory,7)</onfocus>
					<visible>ControlGroup(906).HasFocus</visible>
				</control>
				<control type="button" id="8">
					<Description>Weather</Description>
					<include>SettingsCatBtn</include>
					<label>$LOCALIZE[8]</label>
					<onfocus>Skin.SetString(SkinSettingsCategory,8)</onfocus>
					<visible>!ControlGroup(907).HasFocus</visible>
				</control>
				<control type="button" id="17">
					<Description>Weather</Description>
					<include>SettingsInactiveCatBtn</include>
					<label>$LOCALIZE[8]</label>
					<onfocus>Skin.SetString(SkinSettingsCategory,8)</onfocus>
					<visible>ControlGroup(907).HasFocus</visible>
				</control>
				<control type="button" id="5">
					<Description>Add-ons</Description>
					<include>SettingsCatBtn</include>
					<label>$LOCALIZE[24001]</label>
					<onfocus>Skin.SetString(SkinSettingsCategory,5)</onfocus>
					<visible>!ControlGroup(904).HasFocus</visible>
				</control>
				<control type="button" id="14">
					<Description>Add-ons</Description>
					<include>SettingsInactiveCatBtn</include>
					<label>$LOCALIZE[24001]</label>
					<onfocus>Skin.SetString(SkinSettingsCategory,5)</onfocus>
					<visible>ControlGroup(904).HasFocus</visible>
				</control>
				<control type="button" id="9">
					<Description>Supported Add-ons</Description>
					<include>SettingsCatBtn</include>
					<label>$LOCALIZE[31436]</label>
					<onfocus>Skin.SetString(SkinSettingsCategory,9)</onfocus>
					<visible>!ControlGroup(908).HasFocus</visible>
				</control>
				<control type="button" id="18">
					<Description>Supported Add-ons</Description>
					<include>SettingsInactiveCatBtn</include>
					<label>$LOCALIZE[31436]</label>
					<onfocus>Skin.SetString(SkinSettingsCategory,9)</onfocus>
					<visible>ControlGroup(908).HasFocus</visible>
				</control>
				<control type="button" id="6">
					<Description>Reset Skin</Description>
					<include>SettingsCatBtn</include>
					<label>$VAR[SkinSettingsLabel]</label>
					<onfocus>Skin.SetString(SkinSettingsCategory,6)</onfocus>
					<onclick condition="!System.HasAddon(script.skin.helper.service)">Skin.ResetSettings</onclick>
					<onclick condition="!System.HasAddon(script.skin.helper.service)">Notification($LOCALIZE[31023],$LOCALIZE[31219],3000,)</onclick>
					<visible>!ControlGroup(905).HasFocus</visible>
				</control>
				<control type="button" id="15">
					<Description>Reset Skin</Description>
					<include>SettingsInactiveCatBtn</include>
					<label>$VAR[SkinSettingsLabel]</label>
					<onfocus>Skin.SetString(SkinSettingsCategory,6)</onfocus>
					<visible>ControlGroup(905).HasFocus</visible>
				</control>
			</control>
			
			<control type="group" id="851">
				<description>Content Area</description>
				<left>400</left>
				<top>110</top>
				<include>GeneralSkinSettings</include>
				<include>HomeSkinSettings</include>
				<include>MediaSkinSettings</include>
				<include>BackgroundsSkinSettings</include>
				<include>AnimationsSkinSettings</include>
				<include>WeatherSkinSettings</include>
				<include>AddonsSkinSettings</include>
				
				<control type="grouplist" id="908">	
					<description>Supported Add-ons Content Area</description>
					<width>755</width>
					<height>500</height>
					<pagecontrol>911</pagecontrol>
					<itemgap>0</itemgap>
					<onup>908</onup>
					<ondown>908</ondown>
					<onleft>9</onleft>
					<onright>150</onright>
					<visible>Skin.String(SkinSettingsCategory,9) + !Skin.HasSetting(ExpandedSettings)</visible>
					<include>ContentSettingsOpenCloseAnim</include>
					<control type="button" id="7000">
						<description>Supported Add-ons Label</description>
						<include>SettingsHeaderBtn</include>
						<label>$LOCALIZE[31436]</label>
					</control>
					<control type="button" id="7001">
						<description>skin.rapier</description>
						<include>SettingsContentBtn</include>
						<label>Rapier</label>
						<label2>$INFO[System.AddonVersion(skin.rapier)] $LOCALIZE[31437]</label2>
						<onclick>noop</onclick>
					</control>
					<control type="button" id="7002">
						<description>resource.uisounds.rapier</description>
						<include>SettingsContentBtn</include>
						<label>Rapier UI Sounds</label>
						<label2>$VAR[StatusUISoundsVar]</label2>
						<onclick condition="System.HasAddon(resource.uisounds.rapier)">Addon.OpenSettings(resource.uisounds.rapier)</onclick>
						<onclick condition="!System.HasAddon(resource.uisounds.rapier)">RunPlugin(plugin://resource.uisounds.rapier)</onclick>
					</control>
					<control type="button" id="7005">
						<description>script.skin.helper.service</description>
						<include>SettingsContentBtn</include>
						<label>Skin Helper Service</label>
						<label2>$VAR[StatusSkinHelperServiceVar]</label2>
						<onclick condition="System.HasAddon(script.skin.helper.service)">Addon.OpenSettings(script.skin.helper.service)</onclick>
						<onclick condition="!System.HasAddon(script.skin.helper.service)">RunPlugin(plugin://script.skin.helper.service)</onclick>
						<onclick condition="!System.HasAddon(script.skin.helper.service)">StopScript(script.skin.helper.service)</onclick>
					</control>
					<control type="button" id="7006">
						<description>script.favourites</description>
						<include>SettingsContentBtn</include>
						<label>Favourites script</label>
						<label2>$VAR[StatusFavouritesScriptVar]</label2>
						<onclick condition="System.HasAddon(script.favourites)">Addon.OpenSettings(script.favourites)</onclick>
						<onclick condition="!System.HasAddon(script.favourites)">RunPlugin(plugin://script.favourites)</onclick>
						<onclick condition="!System.HasAddon(script.favourites)">StopScript(script.favourites)</onclick>
					</control>
					<control type="button" id="7007">
						<description>script.artistslideshow</description>
						<include>SettingsContentBtn</include>
						<label>Artist Slideshow</label>
						<label2>$VAR[StatusArtistSlideshowVar]</label2>
						<onclick condition="System.HasAddon(script.artistslideshow)">Addon.OpenSettings(script.artistslideshow)</onclick>
						<onclick condition="!System.HasAddon(script.artistslideshow)">RunPlugin(plugin://script.artistslideshow)</onclick>
						<onclick condition="!System.HasAddon(script.artistslideshow)">StopScript(script.artistslideshow)</onclick>
					</control>
					<control type="button" id="7008">
						<description>service.skin.widgets</description>
						<include>SettingsContentBtn</include>
						<label>Skin Widgets</label>
						<label2>$VAR[StatusSkinWidgetsVar]</label2>
						<onclick condition="System.HasAddon(service.skin.widgets)">Addon.OpenSettings(service.skin.widgets)</onclick>
						<onclick condition="!System.HasAddon(service.skin.widgets)">RunPlugin(plugin://service.skin.widgets)</onclick>
					</control>
					<control type="button" id="7009">
						<description>script.randomandlastitems</description>
						<include>SettingsContentBtn</include>
						<label>Random and Last items script</label>
						<label2>$VAR[StatusRandomAndLastItemsVar]</label2>
						<onclick condition="System.HasAddon(script.randomandlastitems)">Addon.OpenSettings(script.randomandlastitems)</onclick>
						<onclick condition="!System.HasAddon(script.randomandlastitems)">RunPlugin(plugin://script.randomandlastitems)</onclick>
						<onclick condition="!System.HasAddon(script.randomandlastitems)">StopScript(script.randomandlastitems)</onclick>
					</control>
					<control type="button" id="7010">
						<description>script.artwork.downloader</description>
						<include>SettingsContentBtn</include>
						<label>Artwork Downloader</label>
						<label2>$VAR[StatusArtworkDownloaderVar]</label2>
						<onclick condition="System.HasAddon(script.artwork.downloader)">Addon.OpenSettings(script.artwork.downloader)</onclick>
						<onclick condition="!System.HasAddon(script.artwork.downloader)">RunPlugin(plugin://script.artwork.downloader)</onclick>
						<onclick condition="!System.HasAddon(script.artwork.downloader)">StopScript(script.artwork.downloader)</onclick>
					</control>
					<control type="button" id="7011">
						<description>script.tv.show.next.aired</description>
						<include>SettingsContentBtn</include>
						<label>TV Show - Next Aired</label>
						<label2>$VAR[StatusTVShowNextAiredVar]</label2>
						<onclick condition="System.HasAddon(script.tv.show.next.aired)">Addon.OpenSettings(script.tv.show.next.aired)</onclick>
						<onclick condition="!System.HasAddon(script.tv.show.next.aired)">RunPlugin(plugin://script.tv.show.next.aired)</onclick>
						<onclick condition="!System.HasAddon(script.tv.show.next.aired)">StopScript(script.tv.show.next.aired)</onclick>
					</control>
					<control type="button" id="7012">
						<description>script.globalsearch</description>
						<include>SettingsContentBtn</include>
						<label>Global Search</label>
						<label2>$VAR[StatusGlobalSearchVar]</label2>
						<onclick condition="System.HasAddon(script.globalsearch)">Addon.OpenSettings(script.globalsearch)</onclick>
						<onclick condition="!System.HasAddon(script.globalsearch)">RunPlugin(plugin://script.globalsearch)</onclick>
						<onclick condition="!System.HasAddon(script.globalsearch)">StopScript(script.globalsearch)</onclick>
					</control>
					<control type="button" id="7013">
						<description>script.extendedinfo</description>
						<include>SettingsContentBtn</include>
						<label>ExtendedInfo Script</label>
						<label2>$VAR[StatusExtendedInfoVar]</label2>
						<onclick condition="System.HasAddon(script.extendedinfo)">Addon.OpenSettings(script.extendedinfo)</onclick>
						<onclick condition="!System.HasAddon(script.extendedinfo)">RunPlugin(plugin://script.extendedinfo)</onclick>
						<onclick condition="!System.HasAddon(script.extendedinfo)">StopScript(script.extendedinfo)</onclick>
					</control>
					<control type="button" id="7014">
						<description>script.cu.lrclyrics</description>
						<include>SettingsContentBtn</include>
						<label>CU LRC Lyrics</label>
						<label2>$VAR[StatusCULRCLyricsVar]</label2>
						<onclick condition="System.HasAddon(script.cu.lrclyrics)">Addon.OpenSettings(script.cu.lrclyrics)</onclick>
						<onclick condition="!System.HasAddon(script.cu.lrclyrics)">RunPlugin(plugin://script.cu.lrclyrics)</onclick>
						<onclick condition="!System.HasAddon(script.cu.lrclyrics)">StopScript(script.cu.lrclyrics)</onclick>
					</control>
					<control type="button" id="7015">
						<description>script.cdartmanager</description>
						<include>SettingsContentBtn</include>
						<label>cdART Manager</label>
						<label2>$VAR[StatusCDArtManagerVar]</label2>
						<onclick condition="System.HasAddon(script.cdartmanager)">Addon.OpenSettings(script.cdartmanager)</onclick>
						<onclick condition="!System.HasAddon(script.cdartmanager)">RunPlugin(plugin://script.cdartmanager)</onclick>
						<onclick condition="!System.HasAddon(script.cdartmanager)">StopScript(script.cdartmanager)</onclick>
					</control>
					<control type="button" id="7016">
						<description>service.nextup.notification</description>
						<include>SettingsContentBtn</include>
						<label>Nextup Service Notification</label>
						<label2>$VAR[StatusNextupNotificationVar]</label2>
						<onclick condition="System.HasAddon(service.nextup.notification)">Addon.OpenSettings(service.nextup.notification)</onclick>
						<onclick condition="!System.HasAddon(service.nextup.notification)">RunPlugin(plugin://service.nextup.notification)</onclick>
					</control>
					<control type="button" id="7017">
						<description>script.tvtunes</description>
						<include>SettingsContentBtn</include>
						<label>TvTunes</label>
						<label2>$VAR[StatusTVTunesVar]</label2>
						<onclick condition="System.HasAddon(script.tvtunes)">Addon.OpenSettings(script.tvtunes)</onclick>
						<onclick condition="!System.HasAddon(script.tvtunes)">RunPlugin(plugin://script.tvtunes)</onclick>
						<onclick condition="!System.HasAddon(script.tvtunes)">StopScript(script.tvtunes)</onclick>
					</control>
					<control type="button" id="7018">
						<description>script.videoextras</description>
						<include>SettingsContentBtn</include>
						<label>VideoExtras</label>
						<label2>$VAR[StatusVideoExtrasVar]</label2>
						<onclick condition="System.HasAddon(script.videoextras)">Addon.OpenSettings(script.videoextras)</onclick>
						<onclick condition="!System.HasAddon(script.videoextras)">RunPlugin(plugin://script.videoextras)</onclick>
						<onclick condition="!System.HasAddon(script.videoextras)">StopScript(script.videoextras)</onclick>
					</control>
					<control type="button" id="7019">
						<description>weather.openweathermap.extended</description>
						<include>SettingsContentBtn</include>
						<label>OpenWeatherMap Extended</label>
						<label2>$VAR[StatusOpenWeatherMapExtendedVar]</label2>
						<onclick condition="System.HasAddon(weather.openweathermap.extended)">Addon.OpenSettings(weather.openweathermap.extended)</onclick>
						<onclick condition="!System.HasAddon(weather.openweathermap.extended)">RunPlugin(plugin://weather.openweathermap.extended)</onclick>
					</control>
					<control type="button" id="7020">
						<description>script.cinema.experience</description>
						<include>SettingsContentBtn</include>
						<label>Cinema Experience</label>
						<label2>$VAR[StatusCinemaExperienceVar]</label2>
						<onclick condition="System.HasAddon(script.cinema.experience)">Addon.OpenSettings(script.cinema.experience)</onclick>
						<onclick condition="!System.HasAddon(script.cinema.experience)">RunPlugin(plugin://script.cinema.experience)</onclick>
						<onclick condition="!System.HasAddon(script.cinema.experience)">StopScript(script.cinema.experience)</onclick>
						<visible>!System.HasAddon(script.cinemavision)</visible>
					</control>
					<control type="button" id="7021">
						<description>script.cinemavision</description>
						<include>SettingsContentBtn</include>
						<label>CinemaVision</label>
						<label2>$VAR[StatusCinemaVisionVar]</label2>
						<onclick condition="System.HasAddon(script.cinemavision)">Addon.OpenSettings(script.cinemavision)</onclick>
						<onclick condition="!System.HasAddon(script.cinemavision)">RunPlugin(plugin://script.cinemavision)</onclick>
						<onclick condition="!System.HasAddon(script.cinemavision)">StopScript(script.cinemavision)</onclick>
					</control>
				</control>
				
				<control type="button" id="6000">
					<description>Reset Skin Label</description>
					<top>150</top>
					<align>center</align>
					<texturefocus>-</texturefocus>
					<texturenofocus>-</texturenofocus>
					<include>SettingsHeaderBtn</include>
					<label>$LOCALIZE[32026]</label>
					<visible>Skin.String(SkinSettingsCategory,6) + !Skin.HasSetting(ExpandedSettings) + !System.HasAddon(script.skin.helper.service)</visible>
					<include>ContentSettingsOpenCloseAnim</include>
				</control>
				
				<control type="grouplist" id="905">	
					<description>Skin Settings Content Area</description>
					<width>755</width>
					<height>500</height>
					<pagecontrol>911</pagecontrol>
					<itemgap>0</itemgap>
					<onup>905</onup>
					<ondown>905</ondown>
					<onleft>6</onleft>
					<onright>150</onright>
					<visible>Skin.String(SkinSettingsCategory,6) + !Skin.HasSetting(ExpandedSettings) + System.HasAddon(script.skin.helper.service)</visible>
					<include>ContentSettingsOpenCloseAnim</include>
					<control type="button" id="6000">
						<description>Skin Settings Label</description>
						<include>SettingsHeaderBtn</include>
						<label>$LOCALIZE[20077]</label>
					</control>
					<control type="button" id="6001">
						<description>Confirm Reset Settings</description>
						<include>SettingsContentBtn</include>
						<label>$LOCALIZE[31931]</label>
						<onclick>Skin.ResetSettings</onclick>
						<onclick>Notification($LOCALIZE[31023],$LOCALIZE[31219],3000,)</onclick>
						<onclick>ReloadSkin()</onclick>
					</control>
					<control type="button" id="6002">
						<description>Export Skin Settings</description>
						<include>SettingsContentBtn</include>
						<label>$LOCALIZE[31932]</label>
						<onclick>RunScript(script.skin.helper.service,action=backup)</onclick>
					</control>
					<control type="button" id="6003">
						<description>Import Skin Settings</description>
						<include>SettingsContentBtn</include>
						<label>$LOCALIZE[31933]</label>
						<onclick>RunScript(script.skin.helper.service,action=restore)</onclick>
					</control>
				</control>
			</control>
			
			<include>SettingsScrollbar</include>
		</control>
		
		<control type="group" id="505">
			<top>MenuBarOffsetY</top>
			<include>MenuBarImage</include>
			<include>MenuBarOpenCloseAnim2</include>	
			<include>SettingsMenuBar</include>
		</control>
		
		<control type="group">
			<description>Top Bar Area</description>
			<include>TopBarImage</include>
			<include>TopBarOpenCloseAnim</include>
			<include>BreadCrumbSettings</include>
			<include>Notifications</include>	
		</control>
	</controls> 
</window>