<?xml version="1.0" encoding="UTF-8"?>
<window>
	<defaultcontrol always="true">987</defaultcontrol>
	<menucontrol>987</menucontrol>
	<onunload condition="!String.IsEmpty(Skin.String(VideoInfoMenubar))">Skin.Reset(VideoInfoMenubar)</onunload>
	<include>ControlsOpenCloseAnim</include>
	
	<controls>
		<control type="group">
			<depth>DepthBackground</depth>
			<include>BackgroundVideoFanart</include>
			<include condition="!Skin.HasSetting(DisableVideoPlayingBG) + !Skin.HasSetting(PlayTrailerWindowed)">BackgroundVideoPlaying</include>
			<include>FSMediaInfoBackgroundDim2</include>
		</control>
		
		<control type="group">
			<visible>![$EXP[ExtendedinfoInfoDialogs]]</visible>
			
			<control type="group">
				<depth>DepthContent</depth>
			
				<control type="group">
					<left>100</left>
					<top>143</top>
					
					<control type="image">
						<description>TV Shows Poster / Movies Default Cover Image Background</description>
						<width>336</width>
						<height>500</height>
						<texture border="4">covers/cover-case2.png</texture>
						<aspectratio>stretch</aspectratio>
						<visible>[String.IsEmpty(ListItem.Thumb) + [String.IsEqual(ListItem.DBTYPE,movie) | String.IsEqual(ListItem.DBTYPE,set)]] | [String.IsEqual(ListItem.DBTYPE,tvshow) + Skin.HasSetting(UseTVShowsPosterCover) + String.IsEmpty(ListItem.Art(poster))]</visible>
						<animation effect="fade" end="70" condition="true">Conditional</animation>
					</control>
					
					<control type="image">
						<description>TV Shows Poster / Movies Default Cover Image</description>
						<width>336</width>
						<height>500</height>
						<texture>DefaultVideo.png</texture>
						<bordersize>60</bordersize>
						<aspectratio>keep</aspectratio>
						<visible>[String.IsEmpty(ListItem.Thumb) + [String.IsEqual(ListItem.DBTYPE,movie) | String.IsEqual(ListItem.DBTYPE,set)]] | [String.IsEqual(ListItem.DBTYPE,tvshow) + Skin.HasSetting(UseTVShowsPosterCover) + String.IsEmpty(ListItem.Art(poster))]</visible>
						<animation effect="fade" end="85" condition="true">Conditional</animation>
					</control>
					
					<control type="image">
						<description>Movies / TV Show Poster Cover / Actor Image</description>
						<width>336</width>
						<height>500</height>
						<texture background="true">$VAR[DialogVideoInfoActorImage]</texture>
						<bordertexture border="4">covers/cover-case2.png</bordertexture>
						<bordersize>4</bordersize>
						<aspectratio>scale</aspectratio>
						<fadetime>IconCrossfadeTime</fadetime>
						<include>FSMediaInfoOpenCloseAnim</include>
						<visible>String.IsEqual(ListItem.DBTYPE,movie) | String.IsEqual(ListItem.DBTYPE,set) | [String.IsEqual(ListItem.DBTYPE,tvshow) + Skin.HasSetting(UseTVShowsPosterCover)]</visible>
					</control>
					
					<control type="image">
						<description>Music Videos / Episodes Cover Image</description>
						<top>-5</top>
						<left>-40</left>
						<width>416</width>
						<height>314</height>
						<info>ListItem.Icon</info>
						<bordertexture border="4">covers/cover-case2.png</bordertexture>
						<bordersize>4</bordersize>
						<include>FSMediaInfoOpenCloseAnim</include>
						<aspectratio align="center" aligny="bottom">keep</aspectratio>
						<animation effect="fade" end="80" condition="String.IsEmpty(ListItem.Thumb)">Conditional</animation>
						<visible>![Control.HasFocus(50) + !String.IsEmpty(Container(50).ListItem.Thumb) + !System.HasAddon(script.extendedinfo)] + ![String.IsEqual(ListItem.DBTYPE,movie) | String.IsEqual(ListItem.DBTYPE,set) | String.IsEqual(ListItem.DBTYPE,tvshow)]</visible>
					</control>
					
					<control type="image">
						<description>Music Videos / Episodes Actor Image</description>
						<top>-5</top>
						<left>-40</left>
						<width>416</width>
						<height>314</height>
						<texture background="true">$INFO[Container(50).ListItem.Thumb]</texture>
						<bordertexture border="4">covers/cover-case2.png</bordertexture>
						<bordersize>4</bordersize>
						<aspectratio align="center" aligny="bottom">keep</aspectratio>
						<fadetime>IconCrossfadeTime</fadetime>
						<include>FSMediaInfoOpenCloseAnim</include>
						<visible>Control.HasFocus(50) + !String.IsEmpty(Container(50).ListItem.Thumb) + [String.IsEqual(ListItem.DBTYPE,musicvideo) | String.IsEqual(ListItem.DBTYPE,episode)] + !System.HasAddon(script.extendedinfo)</visible>
					</control>
					
					<control type="image">
						<description>TV Shows Banner Cover Image</description>
						<top>-35</top>
						<left>81</left>
						<width>918</width>
						<height>170</height>
						<texture background="true">$INFO[ListItem.Art(banner)]</texture>
						<bordertexture border="4">covers/cover-case2.png</bordertexture>
						<bordersize>4</bordersize>
						<aspectratio align="left" aligny="top">scale</aspectratio>
						<visible>String.IsEqual(ListItem.DBTYPE,tvshow) + !Skin.HasSetting(UseTVShowsPosterCover) + !String.IsEmpty(ListItem.Art(banner))</visible>
					</control>
					
					<control type="image">
						<description>TV Shows Banner Default Cover Image Background</description>
						<top>-35</top>
						<left>81</left>
						<width>918</width>
						<height>170</height>
						<texture border="4">covers/cover-case2.png</texture>
						<aspectratio align="left" aligny="top">stretch</aspectratio>
						<animation effect="fade" end="70" condition="true">Conditional</animation>
						<visible>String.IsEqual(ListItem.DBTYPE,tvshow) + !Skin.HasSetting(UseTVShowsPosterCover) + String.IsEmpty(ListItem.Art(banner))</visible>
					</control>
					
					<control type="image">
						<description>TV Shows Banner Default Cover Image</description>
						<top>-35</top>
						<left>81</left>
						<width>918</width>
						<height>170</height>
						<texture>DefaultVideo.png</texture>
						<bordersize>10</bordersize>
						<aspectratio>keep</aspectratio>
						<visible>String.IsEqual(ListItem.DBTYPE,tvshow) + !Skin.HasSetting(UseTVShowsPosterCover) + String.IsEmpty(ListItem.Art(banner))</visible>
						<animation effect="fade" end="85" condition="true">Conditional</animation>
					</control>
					
					<control type="image">
						<description>TV Show Banner Actor Image</description>
						<top>267</top>
						<right>52</right>
						<width>158</width>
						<height>230</height>
						<texture background="true">$INFO[Container(50).ListItem.Icon]</texture>
						<bordertexture border="4">covers/cover-case2.png</bordertexture>
						<bordersize>4</bordersize>
						<aspectratio align="center" aligny="center">scale</aspectratio>
						<fadetime>IconCrossfadeTime</fadetime>
						<include>FSMediaInfoOpenCloseAnim</include>
						<visible>Control.IsVisible(50) + [String.IsEqual(ListItem.DBTYPE,tvshow) + !Skin.HasSetting(UseTVShowsPosterCover)] + !System.HasAddon(script.extendedinfo)</visible>
					</control>
					
					<control type="image">
						<description>Watched Overlay</description>
						<top>452</top>
						<left>288</left>
						<width>32</width>
						<height>32</height>
						<texture>$INFO[ListItem.Overlay]</texture>
						<aspectratio>keep</aspectratio>
						<include>FSMediaInfoOpenCloseAnim</include>
						<animation effect="slide" end="40,-191" condition="String.IsEqual(ListItem.DBTYPE,episode) | String.IsEqual(ListItem.DBTYPE,musicvideo)">Conditional</animation>
						<animation effect="slide" end="663,-365" condition="String.IsEqual(ListItem.DBTYPE,tvshow) + !Skin.HasSetting(UseTVShowsPosterCover)">Conditional</animation>
						<visible>String.IsEqual(ListItem.Overlay,OverlayWatched.png)</visible>
					</control>
					
					<control type="label">
						<description>Unwatched Label</description>
						<top>452</top>
						<left>288</left>
						<width>32</width>
						<height>32</height>
						<font>ListFont5</font>
						<textcolor>ffebebeb</textcolor>
						<align>center</align>
						<aligny>center</aligny>
						<label>$INFO[Window(Home).Property(SkinHelper.ListItem.UnWatchedCount)]</label>
						<include>FSMediaInfoOpenCloseAnim</include>
						<visible>!String.IsEqual(Window(Home).Property(SkinHelper.ListItem.UnWatchedCount),0) + Integer.IsLessOrEqual(Window(Home).Property(SkinHelper.ListItem.UnWatchedCount),99) + String.IsEqual(ListItem.DBTYPE,set)</visible>
					</control>
					
					<control type="label">
						<description>Unwatched Label</description>
						<top>452</top>
						<left>288</left>
						<width>32</width>
						<height>32</height>
						<font>ListFont4</font>
						<textcolor>ffebebeb</textcolor>
						<align>center</align>
						<aligny>center</aligny>
						<label>$INFO[Window(Home).Property(SkinHelper.ListItem.UnWatchedCount)]</label>
						<include>FSMediaInfoOpenCloseAnim</include>
						<visible>!String.IsEqual(Window(Home).Property(SkinHelper.ListItem.UnWatchedCount),0) + Integer.IsGreater(Window(Home).Property(SkinHelper.ListItem.UnWatchedCount),99) + String.IsEqual(ListItem.DBTYPE,set)</visible>
					</control>
					
					<control type="label">
						<description>Unwatched Episodes Label</description>
						<top>452</top>
						<left>288</left>
						<width>32</width>
						<height>32</height>
						<font>ListFont5</font>
						<textcolor>ffebebeb</textcolor>
						<align>center</align>
						<aligny>center</aligny>
						<label>$INFO[ListItem.Property(UnWatchedEpisodes)]</label>
						<include>FSMediaInfoOpenCloseAnim</include>
						<animation effect="slide" end="663,-365" condition="String.IsEqual(ListItem.DBTYPE,tvshow) + !Skin.HasSetting(UseTVShowsPosterCover)">Conditional</animation>
						<visible>$EXP[UnwatchedEpisodes99-] + String.IsEqual(ListItem.DBTYPE,tvshow)</visible>
					</control>
					
					<control type="label">
						<description>Unwatched Episodes Label</description>
						<top>452</top>
						<left>288</left>
						<width>32</width>
						<height>32</height>
						<font>ListFont4</font>
						<textcolor>ffebebeb</textcolor>
						<align>center</align>
						<aligny>center</aligny>
						<label>$INFO[ListItem.Property(UnWatchedEpisodes)]</label>
						<include>FSMediaInfoOpenCloseAnim</include>
						<animation effect="slide" end="663,-365" condition="String.IsEqual(ListItem.DBTYPE,tvshow) + !Skin.HasSetting(UseTVShowsPosterCover)">Conditional</animation>
						<visible>$EXP[UnwatchedEpisodes99+] + String.IsEqual(ListItem.DBTYPE,tvshow)</visible>
					</control>
					
					<control type="image">
						<description>Unwatched Overlay</description>
						<top>452</top>
						<left>288</left>
						<width>32</width>
						<height>32</height>
						<aligny>center</aligny>
						<texture>OverlayClean.png</texture>
						<aspectratio>keep</aspectratio>
						<include>FSMediaInfoOpenCloseAnim</include>
						<animation effect="slide" end="663,-365" condition="String.IsEqual(ListItem.DBTYPE,tvshow) + !Skin.HasSetting(UseTVShowsPosterCover)">Conditional</animation>
						<visible>[!String.IsEqual(Window(Home).Property(SkinHelper.ListItem.UnWatchedCount),0) + !String.IsEqual(ListItem.Overlay,OverlayWatched.png) + String.IsEqual(ListItem.DBTYPE,set)] | [$EXP[UnwatchedEpisodesOverlay] + String.IsEqual(ListItem.DBTYPE,tvshow)]</visible>
					</control>
					
					<control type="image">
						<description>Watched Partial</description>
						<top>452</top>
						<left>288</left>
						<width>32</width>
						<height>32</height>
						<texture background="true">$VAR[WatchedPartial]</texture>
						<aspectratio>keep</aspectratio>
						<include>FSMediaInfoOpenCloseAnim</include>
						<animation effect="slide" end="40,-191" condition="String.IsEqual(ListItem.DBTYPE,episode) | String.IsEqual(ListItem.DBTYPE,musicvideo)">Conditional</animation>
						<visible>ListItem.IsResumable + !String.IsEqual(ListItem.Overlay,OverlayWatched.png) + [String.IsEqual(ListItem.DBTYPE,movie) | String.IsEqual(ListItem.DBTYPE,episode) | String.IsEqual(ListItem.DBTYPE,musicvideo)]</visible>
					</control>
				</control>

				<control type="group">
					<visible>String.IsEqual(ListItem.DBTYPE,movie)</visible>

					<control type="group">
						<left>470</left>
						<top>99</top>
						
						<control type="image">
							<top>-6</top>
							<width>710</width>
							<height>85</height>
							<align>center</align>
							<texture background="true">$INFO[ListItem.Art(clearlogo)]</texture>
							<aspectratio>keep</aspectratio>
							<visible>!String.IsEmpty(ListItem.Art(clearlogo)) + String.IsEmpty(ListItem.Tagline)</visible>
						</control>
						
						<control type="image">
							<top>-6</top>
							<width>710</width>
							<height>63</height>
							<align>center</align>
							<texture background="true">$INFO[ListItem.Art(clearlogo)]</texture>
							<aspectratio>keep</aspectratio>
							<visible>!String.IsEmpty(ListItem.Art(clearlogo)) + !String.IsEmpty(ListItem.Tagline)</visible>
						</control>

						<control type="label">
							<description>Title</description>
							<top>10</top>
							<width>710</width>
							<align>center</align>
							<font>FullMediaInfoTitleFont3</font>
							<textcolor>MediaInfoTitleColor</textcolor>
							<shadowcolor>ShadowColor</shadowcolor>
							<label>[UPPERCASE]$INFO[ListItem.Title][/UPPERCASE]</label>
							<scroll>true</scroll>
							<animation effect="slide" end="0,22" condition="String.IsEmpty(ListItem.Tagline)">Conditional</animation>
							<visible>String.IsEmpty(ListItem.Art(clearlogo))</visible>
						</control>
						
						<control type="label">
							<description>Tagline</description>
							<top>56</top>
							<width>710</width>
							<font>ListFont5</font>
							<textcolor>MediaInfoTitleColor2</textcolor>
							<shadowcolor>ShadowColor</shadowcolor>
							<align>center</align>
							<label>$INFO[ListItem.Tagline]</label>
							<include>FSMediaInfoOpenCloseAnim</include>
							<scroll>true</scroll>
							<visible>!String.IsEmpty(ListItem.Tagline)</visible>
						</control>
						
						<control type="image">
							<top>80</top>
							<width>710</width>
							<height>2</height>
							<animation effect="fade" end="30" condition="true">Conditional</animation>
							<texture>views/videoinfo-separator.png</texture>
						</control>
						
						<control type="label">
							<description>Genre</description>
							<top>87</top>
							<width>710</width>
							<align>center</align>
							<font>FullMediaInfoTitleFont2</font>
							<textcolor>MediaInfoTitleColor2</textcolor>
							<shadowcolor>ShadowColor</shadowcolor>
							<label fallback="31000">[UPPERCASE]$INFO[ListItem.Genre][/UPPERCASE]</label>
						</control>
						
						<control type="image">
							<top>118</top>
							<width>710</width>
							<height>2</height>
							<animation effect="fade" end="30" condition="true">Conditional</animation>
							<texture>views/videoinfo-separator.png</texture>
						</control>
					</control>
					
					<control type="group">
						<top>225</top>
						<left>469</left>
						<visible>Control.HasFocus(15)</visible>
						<include>FSMediaInfoOpenCloseAnim</include>
						<control type="image">
							<description>Border</description>
							<width>712</width>
							<height>410</height>
							<texture border="4">covers/cover-case2.png</texture>
						</control>
						<control type="label">
							<width>712</width>
							<height>410</height>
							<font>FullMediaInfoTitleFont2</font>
							<textcolor>MediaInfoTitleColor2</textcolor>
							<shadowcolor>ShadowColor</shadowcolor>
							<align>center</align>
							<aligny>center</aligny>
							<label>31982</label>
							<visible>!Player.HasVideo</visible>
						</control>
						<control type="videowindow">
							<description>Trailer Window</description>
							<left>4</left>
							<top>4</top>
							<width>704</width>
							<height>402</height>
							<visible>Player.HasVideo</visible>
						</control>
					</control>
					
					<control type="list" id="901">
						<left>465</left>
						<top>219</top>
						<width>720</width>
						<height>233</height>
						<onup>505</onup>
						<ondown condition="!Control.IsVisible(50) + !Control.IsVisible(966) + !Control.IsVisible(967) + Control.IsVisible(61)">61</ondown>
						<ondown condition="Control.IsVisible(50) | Control.IsVisible(966) | Control.IsVisible(967)">965</ondown>
						<onleft>505</onleft>
						<onright condition="Control.IsVisible(61)">61</onright>
						<include>FSMediaInfoOpenCloseAnim</include>
						<visible>!Control.HasFocus(15)</visible>
						<itemlayout height="29">
							<control type="image">
								<top>27</top>
								<left>5</left>
								<width>710</width>
								<height>2</height>
								<animation effect="fade" end="30" condition="true">Conditional</animation>
								<texture>views/videoinfo-separator.png</texture>
							</control>
							<control type="image">
								<left>170</left>
								<width>1</width>
								<height>32</height>
								<animation effect="fade" end="25" condition="true">Conditional</animation>
								<texture border="1,0,0,10" flipy="true">views/videoinfo-separator.png</texture>
							</control>
							<control type="label">
								<left>5</left>
								<width>165</width>
								<height>29</height>
								<font>FullMediaInfoFont</font>
								<aligny>center</aligny>
								<textcolor>MediaInfoItemColor</textcolor>
								<shadowcolor>ShadowColor</shadowcolor>
								<label>[UPPERCASE]$INFO[ListItem.Label][/UPPERCASE]</label>
							</control>
							<control type="label">
								<left>179</left>
								<width>533</width>
								<height>29</height>
								<font>FullMediaInfoFont</font>
								<aligny>center</aligny>
								<textcolor>MediaInfoItemColor2</textcolor>
								<shadowcolor>ShadowColor</shadowcolor>
								<label fallback="31000">$INFO[ListItem.Label2]</label>
							</control>
						</itemlayout>
						<focusedlayout height="29">
							<control type="image">
								<top>27</top>
								<left>5</left>
								<width>710</width>
								<height>2</height>
								<animation effect="fade" end="30" condition="true">Conditional</animation>
								<texture>views/videoinfo-separator.png</texture>
							</control>
							<control type="image">
								<left>170</left>
								<width>1</width>
								<height>32</height>
								<animation effect="fade" end="25" condition="true">Conditional</animation>
								<texture border="1,0,0,10" flipy="true">views/videoinfo-separator.png</texture>
								<animation effect="fade" start="100" end="0" condition="Control.HasFocus(901)">Conditional</animation>
							</control>
							<control type="image">
								<width>720</width>
								<height>29</height>
								<texture border="4">views/list-focus.png</texture>
								<aspectratio>stretch</aspectratio>
								<visible>Control.HasFocus(901)</visible>
								<include>ListViewSelectFadeAnim</include>
								<include condition="![Skin.String(LowCPUPowerMode,Animations) | Skin.String(LowCPUPowerMode,Full)]">MediaInfoListScrollAnim</include>
							</control>
							<control type="label">
								<left>5</left>
								<width>165</width>
								<height>29</height>
								<font>FullMediaInfoFont</font>
								<aligny>center</aligny>
								<textcolor>MediaInfoItemColor</textcolor>
								<shadowcolor>ShadowColor</shadowcolor>
								<label>[UPPERCASE]$INFO[ListItem.Label][/UPPERCASE]</label>
							</control>
							<control type="label">
								<left>179</left>
								<width>533</width>
								<height>29</height>
								<font>FullMediaInfoFont</font>
								<aligny>center</aligny>
								<textcolor>MediaInfoItemColor2</textcolor>
								<shadowcolor>ShadowColor</shadowcolor>
								<label fallback="31000">$INFO[ListItem.Label2]</label>
							</control>
						</focusedlayout>
						<content>
							<item id="1">
								<description>Director</description>
								<label>$LOCALIZE[20339]</label>
								<label2>$INFO[ListItem.Director]</label2>
								<onclick condition="System.HasAddon(script.libraryeditor) | System.HasAddon(script.extendedinfo)">Skin.SetString(DialogVideoInfoButtonMenu,director)</onclick>
								<onclick condition="System.HasAddon(script.libraryeditor) | System.HasAddon(script.extendedinfo)">ActivateWindow(1105)</onclick>
								<onclick condition="!System.HasAddon(script.libraryeditor) + !System.HasAddon(script.extendedinfo)">SendClick(2003,13)</onclick>
							</item>
							<item id="2">
								<description>Writer</description>
								<label>$LOCALIZE[20417]</label>
								<label2>$INFO[ListItem.Writer]</label2>
								<onclick condition="System.HasAddon(script.libraryeditor) + System.AddonIsEnabled(script.extendedinfo)">Skin.SetString(DialogVideoInfoButtonMenu,writer)</onclick>
								<onclick condition="System.HasAddon(script.libraryeditor) + System.AddonIsEnabled(script.extendedinfo)">ActivateWindow(1105)</onclick>
								<onclick condition="!System.HasAddon(script.libraryeditor) + System.AddonIsEnabled(script.extendedinfo)">RunScript(script.extendedinfo,info=extendedactorinfo,name=$INFO[ListItem.Writer])</onclick>
								<onclick condition="System.HasAddon(script.libraryeditor) + [!System.HasAddon(script.extendedinfo) | !System.AddonIsEnabled(script.extendedinfo)]">RunScript(script.libraryeditor,DBID=$INFO[ListItem.DBID]&amp;tag=writer&amp;type=Movie)</onclick>
								<onclick condition="!System.HasAddon(script.libraryeditor) + !System.HasAddon(script.extendedinfo)">InstallAddon(script.extendedinfo)</onclick>
								<onclick condition="!System.HasAddon(script.libraryeditor) + System.HasAddon(script.extendedinfo) + !System.AddonIsEnabled(script.extendedinfo)">EnableAddon(script.extendedinfo)</onclick>
							</item>
							<item id="3">
								<description>Studio</description>
								<label>$LOCALIZE[572]</label>
								<label2>$INFO[ListItem.Studio]</label2>
								<onclick condition="System.HasAddon(script.libraryeditor)">RunScript(script.libraryeditor,DBID=$INFO[ListItem.DBID]&amp;tag=studio&amp;type=Movie)</onclick>
							</item>
							<item id="4">
								<description>Year</description>
								<label>$LOCALIZE[345]</label>
								<label2>$INFO[ListItem.Year]</label2>
								<onclick condition="System.HasAddon(script.libraryeditor)">RunScript(script.libraryeditor,DBID=$INFO[ListItem.DBID]&amp;tag=year&amp;type=Movie)</onclick>
							</item>
							<item id="5">
								<description>Runtime</description>
								<label>$LOCALIZE[2050]</label>
								<label2>$VAR[LongDurationVar]$INFO[ListItem.EndTime, ($LOCALIZE[31157] ,)]</label2>
							</item>
							<item id="6">
								<description>Rating</description>
								<label>$LOCALIZE[563]</label>
								<label2>$INFO[ListItem.RatingAndVotes,$LOCALIZE[368] ,]$INFO[ListItem.Top250,  &#x2022;  $LOCALIZE[31974] #,]$INFO[ListItem.UserRating,  &#x2022;  $LOCALIZE[38018] ,]</label2>
								<onclick condition="System.HasAddon(script.libraryeditor) + String.IsEmpty(ListItem.Top250)">Skin.SetString(DialogVideoInfoButtonMenu,rating)</onclick>
								<onclick condition="System.HasAddon(script.libraryeditor) + !String.IsEmpty(ListItem.Top250)">Skin.SetString(DialogVideoInfoButtonMenu,top250)</onclick>
								<onclick condition="System.HasAddon(script.libraryeditor)">ActivateWindow(1105)</onclick>
								<onclick condition="!System.HasAddon(script.libraryeditor)">SendClick(2003,7)</onclick>
							</item>
							<item id="7">
								<description>MPAA Rating</description>
								<label>$LOCALIZE[20074]</label>
								<label2>$INFO[ListItem.Mpaa]</label2>
								<onclick condition="System.HasAddon(script.libraryeditor)">RunScript(script.libraryeditor,DBID=$INFO[ListItem.DBID]&amp;tag=mpaa&amp;type=Movie)</onclick>
							</item>
							<item id="8">
								<description>File Path</description>
								<label>$LOCALIZE[21801]</label>
								<label2>$INFO[ListItem.FileNameAndPath]</label2>
								<onclick>SetProperty(TextViewerHeader,$ESCINFO[ListItem.Title],home)</onclick>
								<onclick>SetProperty(TextViewerText,$ESCINFO[ListItem.FileNameAndPath],home)</onclick>
								<onclick>ActivateWindow(1102)</onclick>
							</item>
						</content>
					</control>
					
					<control type="image">
						<left>470</left>
						<top>640</top>
						<width>710</width>
						<height>2</height>
						<animation effect="fade" end="30" condition="true">Conditional</animation>
						<texture>views/videoinfo-separator.png</texture>
					</control>
					
					<include>VideoInfoStudioMediaFlag2</include>
				
					<control type="grouplist">
						<description>Media Flags Area</description>
						<left>470</left>
						<top>650</top>
						<width>608</width>
						<height>60</height>
						<itemgap>5</itemgap>
						<align>left</align>
						<orientation>horizontal</orientation>
						<usecontrolcoords>true</usecontrolcoords>
						<include>MediaFlagFadeAnim</include>
						<include>VideoSourceMediaFlags</include>
						<include>VideoCodecMediaFlags</include>
						<include>AudioMediaFlags</include>
						<include>AspectMediaFlags</include>
						<include>SubtitleMediaFlags</include>
						<include condition="!Skin.HasSetting(HideRatingMediaFlag)">RatingMediaFlags</include>
					</control>
				</control>
					
				<control type="group">
					<visible>String.IsEqual(ListItem.DBTYPE,set)</visible>
					
					<control type="group">
						<left>470</left>
						<top>99</top>
						
						<control type="image">
							<top>-6</top>
							<width>710</width>
							<height>85</height>
							<align>center</align>
							<texture background="true">$INFO[ListItem.Art(clearlogo)]</texture>
							<aspectratio>keep</aspectratio>
							<visible>!String.IsEmpty(ListItem.Art(clearlogo))</visible>
						</control>
						
						<control type="label">
							<description>Title</description>
							<top>32</top>
							<width>710</width>
							<align>center</align>
							<font>FullMediaInfoTitleFont3</font>
							<textcolor>MediaInfoTitleColor</textcolor>
							<shadowcolor>ShadowColor</shadowcolor>
							<label>[UPPERCASE]$INFO[ListItem.Title][/UPPERCASE]</label>
							<scroll>true</scroll>
							<visible>String.IsEmpty(ListItem.Art(clearlogo))</visible>
						</control>
						
						<control type="image">
							<top>80</top>
							<width>710</width>
							<height>2</height>
							<animation effect="fade" end="30" condition="true">Conditional</animation>
							<texture>views/videoinfo-separator.png</texture>
						</control>
						
						<control type="image">
							<top>118</top>
							<width>710</width>
							<height>2</height>
							<animation effect="fade" end="30" condition="true">Conditional</animation>
							<texture>views/videoinfo-separator.png</texture>
						</control>
						
						<control type="image">
							<description>Studio Logo</description>
							<top>546</top>
							<width>710</width>
							<height>65</height>
							<aspectratio>keep</aspectratio>
							<align>center</align>
							<!--<fadetime>MediaFlagsCrossfadeTime</fadetime>-->
							<texture>$INFO[Window(home).Property(SkinHelper.ListItem.Studio),resource://resource.images.studios.white/,.png]</texture>
							<include>MediaFlagFadeAnim</include>
							<visible>!String.IsEmpty(Window(home).Property(SkinHelper.ListItem.Studio))</visible>
						</control>
					</control>
					
					<control type="group">
						<visible>!Control.IsVisible(50)</visible>
						<include>FSMediaInfoOpenCloseAnim</include>
						
						<control type="label">
							<description>Genre</description>
							<left>470</left>
							<top>186</top>
							<width>710</width>
							<align>center</align>
							<font>FullMediaInfoTitleFont2</font>
							<textcolor>MediaInfoTitleColor2</textcolor>
							<shadowcolor>ShadowColor</shadowcolor>
							<label fallback="31000">[UPPERCASE]$INFO[Window(home).Property(SkinHelper.ListItem.Genre)][/UPPERCASE]</label>
						</control>
					
						<control type="list" id="901">
							<left>465</left>
							<top>219</top>
							<width>720</width>
							<height>233</height>
							<onup>987</onup>
							<onleft>987</onleft>
							<onright condition="Control.IsVisible(61)">61</onright>
							<onright condition="!Control.IsVisible(61)">987</onright>
							<ondown condition="Control.IsVisible(61)">61</ondown>
							<itemlayout height="29">
								<control type="image">
									<top>27</top>
									<left>5</left>
									<width>710</width>
									<height>2</height>
									<animation effect="fade" end="30" condition="true">Conditional</animation>
									<texture>views/videoinfo-separator.png</texture>
								</control>
								<control type="image">
									<left>170</left>
									<width>1</width>
									<height>32</height>
									<animation effect="fade" end="25" condition="true">Conditional</animation>
									<texture border="1,0,0,10" flipy="true">views/videoinfo-separator.png</texture>
								</control>
								<control type="label">
									<left>5</left>
									<width>165</width>
									<height>29</height>
									<font>FullMediaInfoFont</font>
									<aligny>center</aligny>
									<textcolor>MediaInfoItemColor</textcolor>
									<shadowcolor>ShadowColor</shadowcolor>
									<label>[UPPERCASE]$INFO[ListItem.Label][/UPPERCASE]</label>
								</control>
								<control type="label">
									<left>179</left>
									<width>533</width>
									<height>29</height>
									<font>FullMediaInfoFont</font>
									<aligny>center</aligny>
									<textcolor>MediaInfoItemColor2</textcolor>
									<shadowcolor>ShadowColor</shadowcolor>
									<label fallback="31000">$INFO[ListItem.Label2]</label>
								</control>
							</itemlayout>
							<focusedlayout height="29">
								<control type="image">
									<top>27</top>
									<left>5</left>
									<width>710</width>
									<height>2</height>
									<animation effect="fade" end="30" condition="true">Conditional</animation>
									<texture>views/videoinfo-separator.png</texture>
								</control>
								<control type="image">
									<left>170</left>
									<width>1</width>
									<height>32</height>
									<animation effect="fade" end="25" condition="true">Conditional</animation>
									<texture border="1,0,0,10" flipy="true">views/videoinfo-separator.png</texture>
								</control>
								<control type="image">
									<width>720</width>
									<height>29</height>
									<texture border="4">views/list-focus.png</texture>
									<aspectratio>stretch</aspectratio>
									<visible>Control.HasFocus(901)</visible>
									<include>ListViewSelectFadeAnim</include>
									<include condition="![Skin.String(LowCPUPowerMode,Animations) | Skin.String(LowCPUPowerMode,Full)]">MediaInfoListScrollAnim</include>
								</control>
								<control type="label">
									<left>5</left>
									<width>165</width>
									<height>29</height>
									<font>FullMediaInfoFont</font>
									<aligny>center</aligny>
									<textcolor>MediaInfoItemColor</textcolor>
									<shadowcolor>ShadowColor</shadowcolor>
									<label>[UPPERCASE]$INFO[ListItem.Label][/UPPERCASE]</label>
								</control>
								<control type="label">
									<left>179</left>
									<width>533</width>
									<height>29</height>
									<font>FullMediaInfoFont</font>
									<aligny>center</aligny>
									<textcolor>MediaInfoItemColor2</textcolor>
									<shadowcolor>ShadowColor</shadowcolor>
									<label fallback="31000">$INFO[ListItem.Label2]</label>
								</control>
							</focusedlayout>
							<content>
								<item id="1">
									<description>Movies</description>
									<label>$LOCALIZE[342]</label>
									<label2>$INFO[Window(home).Property(SkinHelper.ListItem.Count)]$INFO[Window(home).Property(SkinHelper.ListItem.Totalmovies), / ,]</label2>
									<onclick>SendClick(5)</onclick>
									<onclick>Control.SetFocus(50)</onclick>
								</item>
								<item id="2">
									<description>Director</description>
									<label>$LOCALIZE[20339]</label>
									<label2>$INFO[Window(home).Property(SkinHelper.ListItem.Director)]</label2>
									<onclick condition="System.AddonIsEnabled(script.extendedinfo)">RunScript(script.extendedinfo,info=extendedactorinfo,name=$INFO[Window(home).Property(SkinHelper.ListItem.Director)])</onclick>
									<onclick condition="!System.HasAddon(script.extendedinfo)">InstallAddon(script.extendedinfo)</onclick>
									<onclick condition="System.HasAddon(script.extendedinfo) + !System.AddonIsEnabled(script.extendedinfo)">EnableAddon(script.extendedinfo)</onclick>
								</item>
								<item id="3">
									<description>Writer</description>
									<label>$LOCALIZE[20417]</label>
									<label2>$INFO[Window(home).Property(SkinHelper.ListItem.Writer)]</label2>
									<onclick condition="System.AddonIsEnabled(script.extendedinfo)">RunScript(script.extendedinfo,info=extendedactorinfo,name=$INFO[Window(home).Property(SkinHelper.ListItem.Writer)])</onclick>
									<onclick condition="!System.HasAddon(script.extendedinfo)">InstallAddon(script.extendedinfo)</onclick>
									<onclick condition="System.HasAddon(script.extendedinfo) + !System.AddonIsEnabled(script.extendedinfo)">EnableAddon(script.extendedinfo)</onclick>
								</item>
								<item id="4">
									<description>Year</description>
									<label>$LOCALIZE[345]</label>
									<label2>$INFO[Window(home).Property(SkinHelper.ListItem.Years)]</label2>
								</item>
								<item id="5">
									<description>Runtime</description>
									<label>$LOCALIZE[2050]</label>
									<label2>$VAR[SkinHelperLongDurationVar]</label2>
								</item>
								<item id="6">
									<description>Rating</description>
									<label>$LOCALIZE[563]</label>
									<label2>$INFO[ListItem.Rating]</label2>
									<onclick condition="System.HasAddon(script.libraryeditor)">RunScript(script.libraryeditor,DBID=$INFO[ListItem.DBID]&amp;tag=rating&amp;type=Movie)</onclick>
									<onclick condition="!System.HasAddon(script.libraryeditor)">SendClick(2003,7)</onclick>
								</item>
								<item id="7">
									<description>Studio</description>
									<label>$LOCALIZE[572]</label>
									<label2>$INFO[Window(home).Property(SkinHelper.ListItem.Studio)]</label2>
								</item>
								<item id="8">
									<description>Country</description>
									<label>$LOCALIZE[574]</label>
									<label2>$INFO[Window(home).Property(SkinHelper.ListItem.Country)]</label2>
								</item>
							</content>
						</control>
					</control>
					
					<control type="group">
						<visible>Control.IsVisible(50)</visible>
						<include>FSMediaInfoOpenCloseAnim</include>
						
						<control type="label">
							<description>Movies in Set</description>
							<left>470</left>
							<top>186</top>
							<width>710</width>
							<align>center</align>
							<font>FullMediaInfoTitleFont2</font>
							<textcolor>MediaInfoTitleColor2</textcolor>
							<shadowcolor>ShadowColor</shadowcolor>
							<label fallback="31000">[UPPERCASE]$INFO[Window(home).Property(SkinHelper.ListItem.Count),, $LOCALIZE[342]][/UPPERCASE]</label>
						</control>
						
						<control type="image">
							<left>470</left>
							<top>248</top>
							<width>472</width>
							<height>2</height>
							<animation effect="fade" end="30" condition="true">Conditional</animation>
							<texture>views/videoinfo-separator.png</texture>
						</control>
						
						<control type="textbox">
							<description>Description</description>
							<left>470</left>
							<top>563</top>
							<width>710</width>
							<height>66</height>
							<font>SettingsContentFont2</font>
							<textcolor>MediaInfoColor</textcolor>
							<shadowcolor>ShadowColor</shadowcolor>
							<align>justify</align>
							<label>$INFO[Container(50).ListItem.PlotOutline]</label>
							<autoscroll time="2000" delay="6000" repeat="10000">true</autoscroll>
							<visible>!String.IsEmpty(Container(50).ListItem.PlotOutline)</visible>
						</control>
						
						<control type="textbox">
							<description>Description</description>
							<left>470</left>
							<top>563</top>
							<width>710</width>
							<height>66</height>
							<font>SettingsContentFont2</font>
							<textcolor>MediaInfoColor</textcolor>
							<shadowcolor>ShadowColor</shadowcolor>
							<align>justify</align>
							<label>$INFO[Container(50).ListItem.Plot]</label>
							<autoscroll time="2000" delay="6000" repeat="10000">true</autoscroll>
							<visible>String.IsEmpty(Container(50).ListItem.PlotOutline)</visible>
						</control>
						
						<control type="group">
							<left>975</left>
							<top>248</top>
							<control type="image">
								<description>Default Cover Image Background</description>
								<width>206</width>
								<height>303</height>
								<texture border="4">covers/cover-case2.png</texture>
								<aspectratio>stretch</aspectratio>
								<animation effect="fade" end="70" condition="true">Conditional</animation>
								<include>FSMediaInfoOpenCloseAnim</include>
								<visible>String.IsEmpty(Container(50).ListItem.Art(poster))</visible>
							</control>
							
							<control type="image">
								<description>Default Cover Image</description>
								<width>206</width>
								<height>303</height>
								<texture>DefaultVideo.png</texture>
								<bordersize>20</bordersize>
								<aspectratio>keep</aspectratio>
								<animation effect="fade" end="85" condition="true">Conditional</animation>
								<include>FSMediaInfoOpenCloseAnim</include>
								<visible>String.IsEmpty(Container(50).ListItem.Art(poster))</visible>
							</control>
							
							<control type="image">
								<description>Thumb</description>
								<width>206</width>
								<height>303</height>
								<texture>$INFO[Container(50).ListItem.Art(poster)]</texture>
								<bordertexture border="4">covers/cover-case2.png</bordertexture>
								<bordersize>4</bordersize>
								<aspectratio>scale</aspectratio>
								<include>FSMediaInfoOpenCloseAnim</include>
								<fadetime>IconCrossfadeTime</fadetime>
								<visible>!String.IsEmpty(Container(50).ListItem.Art(poster))</visible>
							</control>
						</control>
					</control>
					
					<control type="image">
						<left>470</left>
						<top>640</top>
						<width>710</width>
						<height>2</height>
						<animation effect="fade" end="30" condition="true">Conditional</animation>
						<texture>views/videoinfo-separator.png</texture>
					</control>
				</control>
				
				<control type="group">
					<visible>String.IsEqual(ListItem.DBTYPE,musicvideo)</visible>
					
					<control type="group">
						<left>510</left>
						<top>99</top>

						<control type="label">
							<description>Title</description>
							<top>32</top>
							<width>710</width>
							<align>center</align>
							<font>FullMediaInfoTitleFont3</font>
							<textcolor>MediaInfoTitleColor</textcolor>
							<shadowcolor>ShadowColor</shadowcolor>
							<label>[UPPERCASE]$INFO[ListItem.Title][/UPPERCASE]</label>
							<scroll>true</scroll>
						</control>
						
						<control type="image">
							<top>80</top>
							<width>710</width>
							<height>2</height>
							<animation effect="fade" end="30" condition="true">Conditional</animation>
							<texture>views/videoinfo-separator.png</texture>
						</control>
						
						<control type="label">
							<description>Genre</description>
							<top>87</top>
							<width>710</width>
							<align>center</align>
							<font>FullMediaInfoTitleFont2</font>
							<textcolor>MediaInfoTitleColor2</textcolor>
							<shadowcolor>ShadowColor</shadowcolor>
							<label fallback="31000">[UPPERCASE]$INFO[ListItem.Genre][/UPPERCASE]</label>
						</control>
						
						<control type="image">
							<top>118</top>
							<width>710</width>
							<height>2</height>
							<animation effect="fade" end="30" condition="true">Conditional</animation>
							<texture>views/videoinfo-separator.png</texture>
						</control>
					</control>
					
					<control type="list" id="901">
						<left>505</left>
						<top>219</top>
						<width>720</width>
						<height>233</height>
						<onup>505</onup>
						<ondown condition="!Control.IsVisible(50) + Control.IsVisible(61)">61</ondown>
						<ondown condition="Control.IsVisible(50)">965</ondown>
						<onleft>505</onleft>
						<onright condition="Control.IsVisible(61)">61</onright>
						<itemlayout height="29">
							<control type="image">
								<top>27</top>
								<left>5</left>
								<width>710</width>
								<height>2</height>
								<animation effect="fade" end="30" condition="true">Conditional</animation>
								<texture>views/videoinfo-separator.png</texture>
							</control>
							<control type="image">
								<left>170</left>
								<width>1</width>
								<height>32</height>
								<animation effect="fade" end="25" condition="true">Conditional</animation>
								<texture border="1,0,0,10" flipy="true">views/videoinfo-separator.png</texture>
							</control>
							<control type="label">
								<left>5</left>
								<width>165</width>
								<height>29</height>
								<font>FullMediaInfoFont</font>
								<aligny>center</aligny>
								<textcolor>MediaInfoItemColor</textcolor>
								<shadowcolor>ShadowColor</shadowcolor>
								<label>[UPPERCASE]$INFO[ListItem.Label][/UPPERCASE]</label>
							</control>
							<control type="label">
								<left>179</left>
								<width>533</width>
								<height>29</height>
								<font>FullMediaInfoFont</font>
								<aligny>center</aligny>
								<textcolor>MediaInfoItemColor2</textcolor>
								<shadowcolor>ShadowColor</shadowcolor>
								<label fallback="31000">$INFO[ListItem.Label2]</label>
							</control>
						</itemlayout>
						<focusedlayout height="29">
							<control type="image">
								<top>27</top>
								<left>5</left>
								<width>710</width>
								<height>2</height>
								<animation effect="fade" end="30" condition="true">Conditional</animation>
								<texture>views/videoinfo-separator.png</texture>
							</control>
							<control type="image">
								<left>170</left>
								<width>1</width>
								<height>32</height>
								<animation effect="fade" end="25" condition="true">Conditional</animation>
								<texture border="1,0,0,10" flipy="true">views/videoinfo-separator.png</texture>
								<animation effect="fade" start="100" end="0" condition="Control.HasFocus(901)">Conditional</animation>
							</control>
							<control type="image">
								<width>720</width>
								<height>29</height>
								<texture border="4">views/list-focus.png</texture>
								<aspectratio>stretch</aspectratio>
								<visible>Control.HasFocus(901)</visible>
								<include>ListViewSelectFadeAnim</include>
								<include condition="![Skin.String(LowCPUPowerMode,Animations) | Skin.String(LowCPUPowerMode,Full)]">MediaInfoListScrollAnim</include>
							</control>
							<control type="label">
								<left>5</left>
								<width>165</width>
								<height>29</height>
								<font>FullMediaInfoFont</font>
								<aligny>center</aligny>
								<textcolor>MediaInfoItemColor</textcolor>
								<shadowcolor>ShadowColor</shadowcolor>
								<label>[UPPERCASE]$INFO[ListItem.Label][/UPPERCASE]</label>
							</control>
							<control type="label">
								<left>179</left>
								<width>533</width>
								<height>29</height>
								<font>FullMediaInfoFont</font>
								<aligny>center</aligny>
								<textcolor>MediaInfoItemColor2</textcolor>
								<shadowcolor>ShadowColor</shadowcolor>
								<label fallback="31000">$INFO[ListItem.Label2]</label>
							</control>
						</focusedlayout>
						<content>
							<item id="1">
								<description>Artist</description>
								<label>$LOCALIZE[557]</label>
								<label2>$INFO[ListItem.Artist]</label2>
								<onclick condition="System.HasAddon(script.libraryeditor) + System.AddonIsEnabled(script.extendedinfo)">Skin.SetString(DialogVideoInfoButtonMenu,artist)</onclick>
								<onclick condition="System.HasAddon(script.libraryeditor) + System.AddonIsEnabled(script.extendedinfo)">ActivateWindow(1105)</onclick>
								<onclick condition="System.HasAddon(script.libraryeditor) + [!System.HasAddon(script.extendedinfo) | !System.AddonIsEnabled(script.extendedinfo)]">RunScript(script.libraryeditor,DBID=$INFO[ListItem.DBID]&amp;tag=arr_artist&amp;type=MusicVideo)</onclick>
								<onclick condition="!System.HasAddon(script.libraryeditor) + System.AddonIsEnabled(script.extendedinfo)">RunScript(script.extendedinfo,info=extendedactorinfo,name=$INFO[ListItem.Artist])</onclick>
								<onclick condition="!System.HasAddon(script.libraryeditor) + !System.HasAddon(script.extendedinfo)">InstallAddon(script.extendedinfo)</onclick>
								<onclick condition="!System.HasAddon(script.libraryeditor) + System.HasAddon(script.extendedinfo) + !System.AddonIsEnabled(script.extendedinfo)">EnableAddon(script.extendedinfo)</onclick>
							</item>
							<item id="2">
								<description>Album</description>
								<label>$LOCALIZE[558]</label>
								<label2>$INFO[ListItem.Album]</label2>
								<onclick condition="System.HasAddon(script.libraryeditor)">RunScript(script.libraryeditor,DBID=$INFO[ListItem.DBID]&amp;tag=album&amp;type=MusicVideo)</onclick>
							</item>
							<item id="3">
								<description>Director</description>
								<label>$LOCALIZE[20339]</label>
								<label2>$INFO[ListItem.Director]</label2>
								<onclick condition="System.HasAddon(script.libraryeditor) | System.HasAddon(script.extendedinfo)">Skin.SetString(DialogVideoInfoButtonMenu,director)</onclick>
								<onclick condition="System.HasAddon(script.libraryeditor) | System.HasAddon(script.extendedinfo)">ActivateWindow(1105)</onclick>
								<onclick condition="!System.HasAddon(script.libraryeditor) + !System.HasAddon(script.extendedinfo)">SendClick(2003,13)</onclick>
							</item>
							<item id="4">
								<description>Year</description>
								<label>$LOCALIZE[345]</label>
								<label2>$INFO[ListItem.Year]</label2>
								<onclick condition="System.HasAddon(script.libraryeditor)">RunScript(script.libraryeditor,DBID=$INFO[ListItem.DBID]&amp;tag=year&amp;type=MusicVideo)</onclick>
							</item>
							<item id="5">
								<description>Runtime</description>
								<label>$LOCALIZE[2050]</label>
								<label2>$VAR[LongDurationVar]$INFO[ListItem.EndTime, ($LOCALIZE[31157] ,)]</label2>
							</item>
							<item id="6">
								<description>Studio</description>
								<label>$LOCALIZE[572]</label>
								<label2>$INFO[ListItem.Studio]</label2>
								<onclick condition="System.HasAddon(script.libraryeditor)">RunScript(script.libraryeditor,DBID=$INFO[ListItem.DBID]&amp;tag=studio&amp;type=MusicVideo)</onclick>
							</item>
							<item id="7">
								<description>Playcount</description>
								<label>$LOCALIZE[31201]</label>
								<label2>$INFO[ListItem.PlayCount]</label2>
								<onclick condition="System.HasAddon(script.libraryeditor)">RunScript(script.libraryeditor,DBID=$INFO[ListItem.DBID]&amp;tag=playcount&amp;type=MusicVideo)</onclick>
								<visible>String.IsEmpty(ListItem.UserRating)</visible>
							</item>
							<item id="8">
								<description>User Rating</description>
								<label>$LOCALIZE[38018]</label>
								<label2>$INFO[ListItem.UserRating]</label2>
								<onclick>SendClick(2003,7)</onclick>
								<visible>!String.IsEmpty(ListItem.UserRating)</visible>
							</item>
							<item id="9">
								<description>File Path</description>
								<label>$LOCALIZE[21801]</label>
								<label2>$INFO[ListItem.FileNameAndPath]</label2>
								<onclick>SetProperty(TextViewerHeader,$ESCINFO[ListItem.Title],home)</onclick>
								<onclick>SetProperty(TextViewerText,$ESCINFO[ListItem.FileNameAndPath],home)</onclick>
								<onclick>ActivateWindow(1102)</onclick>
							</item>
						</content>
					</control>
					
					<control type="image">
						<left>60</left>
						<top>640</top>
						<width>1160</width>
						<height>2</height>
						<animation effect="fade" end="30" condition="true">Conditional</animation>
						<texture>views/videoinfo-separator.png</texture>
					</control>
				
					<include>DialogVideoInfoMediaFlags</include>
				</control>
					
				<control type="group">
					<visible>String.IsEqual(ListItem.DBTYPE,episode)</visible>
					
					<control type="group">
						<left>510</left>
						<top>99</top>
						
						<control type="image">
							<top>-6</top>
							<width>710</width>
							<height>85</height>
							<align>center</align>
							<texture background="true">$INFO[ListItem.Art(tvshow.clearlogo)]</texture>
							<aspectratio>keep</aspectratio>
							<visible>!String.IsEmpty(ListItem.Art(tvshow.clearlogo))</visible>
						</control>

						<control type="label">
							<description>TV Show</description>
							<top>32</top>
							<width>710</width>
							<align>center</align>
							<font>FullMediaInfoTitleFont3</font>
							<textcolor>MediaInfoTitleColor</textcolor>
							<shadowcolor>ShadowColor</shadowcolor>
							<label>[UPPERCASE]$INFO[ListItem.TVShowTitle][/UPPERCASE]</label>
							<scroll>true</scroll>
							<visible>String.IsEmpty(ListItem.Art(tvshow.clearlogo))</visible>
						</control>
						
						<control type="image">
							<top>80</top>
							<width>710</width>
							<height>2</height>
							<animation effect="fade" end="30" condition="true">Conditional</animation>
							<texture>views/videoinfo-separator.png</texture>
						</control>
						
						<control type="label">
							<description>Title</description>
							<top>87</top>
							<width>710</width>
							<align>center</align>
							<font>FullMediaInfoTitleFont2</font>
							<textcolor>MediaInfoTitleColor2</textcolor>
							<shadowcolor>ShadowColor</shadowcolor>
							<label fallback="31000">[UPPERCASE]$INFO[ListItem.Title,","][/UPPERCASE]</label>
						</control>
						
						<control type="image">
							<top>118</top>
							<width>710</width>
							<height>2</height>
							<animation effect="fade" end="30" condition="true">Conditional</animation>
							<texture>views/videoinfo-separator.png</texture>
						</control>
					</control>
					
					<control type="list" id="901">
						<left>505</left>
						<top>219</top>
						<width>720</width>
						<height>233</height>
						<onup>505</onup>
						<ondown condition="!Control.IsVisible(50) + !Control.IsVisible(966) + Control.IsVisible(61)">61</ondown>
						<ondown condition="Control.IsVisible(50) | Control.IsVisible(966)">965</ondown>
						<onleft>505</onleft>
						<onright condition="Control.IsVisible(61)">61</onright>
						<itemlayout height="29">
							<control type="image">
								<top>27</top>
								<left>5</left>
								<width>710</width>
								<height>2</height>
								<animation effect="fade" end="30" condition="true">Conditional</animation>
								<texture>views/videoinfo-separator.png</texture>
							</control>
							<control type="image">
								<left>170</left>
								<width>1</width>
								<height>32</height>
								<animation effect="fade" end="25" condition="true">Conditional</animation>
								<texture border="1,0,0,10" flipy="true">views/videoinfo-separator.png</texture>
							</control>
							<control type="label">
								<left>5</left>
								<width>165</width>
								<height>29</height>
								<font>FullMediaInfoFont</font>
								<aligny>center</aligny>
								<textcolor>MediaInfoItemColor</textcolor>
								<shadowcolor>ShadowColor</shadowcolor>
								<label>[UPPERCASE]$INFO[ListItem.Label][/UPPERCASE]</label>
							</control>
							<control type="label">
								<left>179</left>
								<width>533</width>
								<height>29</height>
								<font>FullMediaInfoFont</font>
								<aligny>center</aligny>
								<textcolor>MediaInfoItemColor2</textcolor>
								<shadowcolor>ShadowColor</shadowcolor>
								<label fallback="31000">$INFO[ListItem.Label2]</label>
							</control>
						</itemlayout>
						<focusedlayout height="29">
							<control type="image">
								<top>27</top>
								<left>5</left>
								<width>710</width>
								<height>2</height>
								<animation effect="fade" end="30" condition="true">Conditional</animation>
								<texture>views/videoinfo-separator.png</texture>
							</control>
							<control type="image">
								<left>170</left>
								<width>1</width>
								<height>32</height>
								<animation effect="fade" end="25" condition="true">Conditional</animation>
								<texture border="1,0,0,10" flipy="true">views/videoinfo-separator.png</texture>
								<animation effect="fade" start="100" end="0" condition="Control.HasFocus(901)">Conditional</animation>
							</control>
							<control type="image">
								<width>720</width>
								<height>29</height>
								<texture border="4">views/list-focus.png</texture>
								<aspectratio>stretch</aspectratio>
								<visible>Control.HasFocus(901)</visible>
								<include>ListViewSelectFadeAnim</include>
								<include condition="![Skin.String(LowCPUPowerMode,Animations) | Skin.String(LowCPUPowerMode,Full)]">MediaInfoListScrollAnim</include>
							</control>
							<control type="label">
								<left>5</left>
								<width>165</width>
								<height>29</height>
								<font>FullMediaInfoFont</font>
								<aligny>center</aligny>
								<textcolor>MediaInfoItemColor</textcolor>
								<shadowcolor>ShadowColor</shadowcolor>
								<label>[UPPERCASE]$INFO[ListItem.Label][/UPPERCASE]</label>
							</control>
							<control type="label">
								<left>179</left>
								<width>533</width>
								<height>29</height>
								<font>FullMediaInfoFont</font>
								<aligny>center</aligny>
								<textcolor>MediaInfoItemColor2</textcolor>
								<shadowcolor>ShadowColor</shadowcolor>
								<label fallback="31000">$INFO[ListItem.Label2]</label>
							</control>
						</focusedlayout>
						<content>
							<item id="1">
								<description>Season</description>
								<label>$LOCALIZE[20373]</label>
								<label2>$INFO[ListItem.Season]</label2>
								<onclick condition="System.HasAddon(script.libraryeditor)">RunScript(script.libraryeditor,DBID=$INFO[ListItem.DBID]&amp;tag=season&amp;type=Episode)</onclick>
							</item>
							<item id="2">
								<description>Episode</description>
								<label>$LOCALIZE[20359]</label>
								<label2>$INFO[ListItem.Episode]</label2>
								<onclick condition="System.HasAddon(script.libraryeditor)">RunScript(script.libraryeditor,DBID=$INFO[ListItem.DBID]&amp;tag=episode&amp;type=Episode)</onclick>
							</item>
							<item id="3">
								<description>Director</description>
								<label>$LOCALIZE[20339]</label>
								<label2>$INFO[ListItem.Director]</label2>
								<onclick condition="System.HasAddon(script.libraryeditor) | System.HasAddon(script.extendedinfo)">Skin.SetString(DialogVideoInfoButtonMenu,director)</onclick>
								<onclick condition="System.HasAddon(script.libraryeditor) | System.HasAddon(script.extendedinfo)">ActivateWindow(1105)</onclick>
								<onclick condition="!System.HasAddon(script.libraryeditor) + !System.HasAddon(script.extendedinfo)">SendClick(2003,13)</onclick>
							</item>
							<item id="4">
								<description>Writer</description>
								<label>$LOCALIZE[20417]</label>
								<label2>$INFO[ListItem.Writer]</label2>
								<onclick condition="System.HasAddon(script.libraryeditor) + System.AddonIsEnabled(script.extendedinfo)">Skin.SetString(DialogVideoInfoButtonMenu,writer)</onclick>
								<onclick condition="System.HasAddon(script.libraryeditor) + System.AddonIsEnabled(script.extendedinfo)">ActivateWindow(1105)</onclick>
								<onclick condition="!System.HasAddon(script.libraryeditor) + System.AddonIsEnabled(script.extendedinfo)">RunScript(script.extendedinfo,info=extendedactorinfo,name=$INFO[ListItem.Writer])</onclick>
								<onclick condition="System.HasAddon(script.libraryeditor) + [!System.HasAddon(script.extendedinfo) | !System.AddonIsEnabled(script.extendedinfo)]">RunScript(script.libraryeditor,DBID=$INFO[ListItem.DBID]&amp;tag=writer&amp;type=Episode)</onclick>
								<onclick condition="!System.HasAddon(script.libraryeditor) + !System.HasAddon(script.extendedinfo)">InstallAddon(script.extendedinfo)</onclick>
								<onclick condition="!System.HasAddon(script.libraryeditor) + System.HasAddon(script.extendedinfo) + !System.AddonIsEnabled(script.extendedinfo)">EnableAddon(script.extendedinfo)</onclick>
							</item>
							<item id="5">
								<description>Runtime</description>
								<label>$LOCALIZE[2050]</label>
								<label2>$VAR[LongDurationVar]$INFO[ListItem.EndTime, ($LOCALIZE[31157] ,)]</label2>
							</item>
							<item id="6">
								<description>Rating</description>
								<label>$LOCALIZE[563]</label>
								<label2>$INFO[ListItem.Rating]$INFO[ListItem.UserRating,  &#x2022;  $LOCALIZE[38018] ,]</label2>
								<onclick condition="System.HasAddon(script.libraryeditor)">Skin.SetString(DialogVideoInfoButtonMenu,rating)</onclick>
								<onclick condition="System.HasAddon(script.libraryeditor)">ActivateWindow(1105)</onclick>
								<onclick condition="!System.HasAddon(script.libraryeditor)">SendClick(2013,7)</onclick>
							</item>
							<item id="7">
								<description>First Aired</description>
								<label>$LOCALIZE[20416]</label>
								<label2>$INFO[ListItem.Premiered]</label2>
								<!--<onclick condition="System.HasAddon(script.libraryeditor)">RunScript(script.libraryeditor,DBID=$INFO[ListItem.DBID]&amp;tag=firstaired&amp;type=Episode)</onclick>-->
							</item>
							<item id="8">
								<description>File Path</description>
								<label>$LOCALIZE[21801]</label>
								<label2>$INFO[ListItem.FileNameAndPath]</label2>
								<onclick>SetProperty(TextViewerHeader,$ESCINFO[ListItem.Title,","],home)</onclick>
								<onclick>SetProperty(TextViewerText,$ESCINFO[ListItem.FileNameAndPath],home)</onclick>
								<onclick>ActivateWindow(1102)</onclick>
							</item>
						</content>
					</control>
					
					<control type="image">
						<left>60</left>
						<top>640</top>
						<width>1160</width>
						<height>2</height>
						<animation effect="fade" end="30" condition="true">Conditional</animation>
						<texture>views/videoinfo-separator.png</texture>
					</control>
					
					<include>DialogVideoInfoMediaFlags</include>
				</control>
				
				<control type="group">
					<visible>String.IsEqual(ListItem.DBTYPE,tvshow) + !Skin.HasSetting(UseTVShowsPosterCover)</visible>
					
					<control type="group">
						<left>52</left>
						<top>283</top>
						
						<control type="image">
							<width>1176</width>
							<height>85</height>
							<align>center</align>
							<texture background="true">$INFO[ListItem.Art(clearlogo)]</texture>
							<aspectratio>keep</aspectratio>
							<visible>!String.IsEmpty(ListItem.Art(clearlogo))</visible>
						</control>

						<control type="label">
							<description>Title</description>
							<top>16</top>
							<width>1176</width>
							<align>center</align>
							<font>FullMediaInfoTitleFont3</font>
							<textcolor>MediaInfoTitleColor</textcolor>
							<shadowcolor>ShadowColor</shadowcolor>
							<label>[UPPERCASE]$INFO[ListItem.Title][/UPPERCASE]</label>
							<scroll>true</scroll>
							<animation effect="slide" end="0,22" condition="String.IsEmpty(ListItem.Tagline)">Conditional</animation>
							<visible>String.IsEmpty(ListItem.Art(clearlogo))</visible>
						</control>
						
						<control type="image">
							<top>86</top>
							<width>1176</width>
							<height>2</height>
							<animation effect="fade" end="30" condition="true">Conditional</animation>
							<texture>views/videoinfo-separator.png</texture>
						</control>
						
						<control type="label">
							<description>Genre</description>
							<top>93</top>
							<width>1176</width>
							<align>center</align>
							<font>FullMediaInfoTitleFont2</font>
							<textcolor>MediaInfoTitleColor2</textcolor>
							<shadowcolor>ShadowColor</shadowcolor>
							<label fallback="31000">[UPPERCASE]$INFO[ListItem.Genre][/UPPERCASE]</label>
						</control>
						
						<control type="image">
							<top>124</top>
							<width>1176</width>
							<height>2</height>
							<animation effect="fade" end="30" condition="true">Conditional</animation>
							<texture>views/videoinfo-separator.png</texture>
						</control>
					</control>
					
					<control type="panel" id="901">
						<left>47</left>
						<top>409</top>
						<width>581</width>
						<height>233</height>
						<onup>505</onup>
						<ondown>61</ondown>
						<onleft>505</onleft>
						<onright condition="Control.IsVisible(50) | Control.IsVisible(966) | Control.IsVisible(968) | Control.IsVisible(969)">965</onright>
						<onright condition="!Control.IsVisible(50) + !Control.IsVisible(966) + !Control.IsVisible(968) + !Control.IsVisible(969) + Control.IsVisible(61)">61</onright>
						<itemlayout height="29">
							<control type="image">
								<top>27</top>
								<left>5</left>
								<width>570</width>
								<height>2</height>
								<animation effect="fade" end="30" condition="true">Conditional</animation>
								<texture>views/videoinfo-separator.png</texture>
							</control>
							<control type="image">
								<left>170</left>
								<width>1</width>
								<height>32</height>
								<animation effect="fade" end="25" condition="true">Conditional</animation>
								<texture border="1,0,0,10" flipy="true">views/videoinfo-separator.png</texture>
							</control>
							<control type="label">
								<left>5</left>
								<width>165</width>
								<height>29</height>
								<font>FullMediaInfoFont</font>
								<aligny>center</aligny>
								<textcolor>MediaInfoItemColor</textcolor>
								<shadowcolor>ShadowColor</shadowcolor>
								<label>[UPPERCASE]$INFO[ListItem.Label][/UPPERCASE]</label>
							</control>
							<control type="label">
								<left>179</left>
								<width>396</width>
								<height>29</height>
								<font>FullMediaInfoFont</font>
								<aligny>center</aligny>
								<textcolor>MediaInfoItemColor2</textcolor>
								<shadowcolor>ShadowColor</shadowcolor>
								<label fallback="31000">$INFO[ListItem.Label2]</label>
							</control>
						</itemlayout>
						<focusedlayout height="29">
							<control type="image">
								<top>27</top>
								<left>5</left>
								<width>570</width>
								<height>2</height>
								<animation effect="fade" end="30" condition="true">Conditional</animation>
								<texture>views/videoinfo-separator.png</texture>
							</control>
							<control type="image">
								<left>170</left>
								<width>1</width>
								<height>32</height>
								<animation effect="fade" end="25" condition="true">Conditional</animation>
								<texture border="1,0,0,10" flipy="true">views/videoinfo-separator.png</texture>
								<animation effect="fade" start="100" end="0" condition="Control.HasFocus(901)">Conditional</animation>
							</control>
							<control type="image">
								<width>580</width>
								<height>29</height>
								<texture border="4">views/list-focus.png</texture>
								<aspectratio>stretch</aspectratio>
								<visible>Control.HasFocus(901)</visible>
								<include>ListViewSelectFadeAnim</include>
								<include condition="![Skin.String(LowCPUPowerMode,Animations) | Skin.String(LowCPUPowerMode,Full)]">MediaInfoListScrollAnim</include>
							</control>
							<control type="label">
								<left>5</left>
								<width>165</width>
								<height>29</height>
								<font>FullMediaInfoFont</font>
								<aligny>center</aligny>
								<textcolor>MediaInfoItemColor</textcolor>
								<shadowcolor>ShadowColor</shadowcolor>
								<label>[UPPERCASE]$INFO[ListItem.Label][/UPPERCASE]</label>
							</control>
							<control type="label">
								<left>179</left>
								<width>396</width>
								<height>29</height>
								<font>FullMediaInfoFont</font>
								<aligny>center</aligny>
								<textcolor>MediaInfoItemColor2</textcolor>
								<shadowcolor>ShadowColor</shadowcolor>
								<label fallback="31000">$INFO[ListItem.Label2]</label>
							</control>
						</focusedlayout>
						<content>
							<item id="1">
								<description>Seasons</description>
								<label>$LOCALIZE[33054]</label>
								<label2>$INFO[ListItem.Season]</label2>
								<visible>String.IsEmpty(Window(Home).Property(NextAired.LatestTitle))</visible>
							</item>
							<item id="2">
								<description>Episodes</description>
								<label>$LOCALIZE[20360]</label>
								<label2>$INFO[ListItem.Episode][COLOR=DisabledColor] ($INFO[ListItem.Property(WatchedEpisodes),, $LOCALIZE[16102]] - $INFO[ListItem.Property(UnWatchedEpisodes), , $LOCALIZE[16101]])[/COLOR]</label2>
							</item>
							<item id="3">
								<description>Studio</description>
								<label>$LOCALIZE[572]</label>
								<label2>$INFO[ListItem.Studio]</label2>
								<onclick condition="System.HasAddon(script.libraryeditor)">RunScript(script.libraryeditor,DBID=$INFO[ListItem.DBID]&amp;tag=studio&amp;type=TVShow)</onclick>
								<visible>String.IsEmpty(Window(Home).Property(NextAired.Nextdate))</visible>
							</item>
							<item id="4">
								<description>Year</description>
								<label>$LOCALIZE[345]</label>
								<label2>$INFO[ListItem.Year]</label2>
							</item>
							<item id="5">
								<description>Next Aired Status</description>
								<label>$LOCALIZE[126]</label>
								<label2>$VAR[TVShowStatusVar]</label2>
							</item>
							<item id="6">
								<description>First Aired</description>
								<label>$LOCALIZE[20416]</label>
								<label2>$INFO[ListItem.Premiered]</label2>
								<onclick condition="System.HasAddon(script.libraryeditor)">RunScript(script.libraryeditor,DBID=$INFO[ListItem.DBID]&amp;tag=premiered&amp;type=TVShow)</onclick>
							</item>
							<item id="7">
								<description>Next Aired Latest Episode</description>
								<label>$LOCALIZE[31966]</label>
								<label2>$INFO[Window(Home).Property(NextAired.LatestSeasonNumber),S,]$INFO[Window(Home).Property(NextAired.LatestEpisodeNumber),E,.] $INFO[Window(Home).Property(NextAired.LatestTitle)] $INFO[Window(Home).Property(NextAired.LatestDate),(,)]</label2>
								<visible>!String.IsEmpty(Window(Home).Property(NextAired.LatestTitle))</visible>
							</item>
							<item id="8">
								<description>Next Aired Next Episode</description>
								<label>$LOCALIZE[31967]</label>
								<label2>$INFO[Window(Home).Property(NextAired.NextSeasonNumber),S,]$INFO[Window(Home).Property(NextAired.NextEpisodeNumber),E,.] $INFO[Window(Home).Property(NextAired.NextTitle)] $INFO[Window(Home).Property(NextAired.NextDate),(,)]</label2>
								<visible>!String.IsEmpty(Window(Home).Property(NextAired.Nextdate))</visible>
							</item>
							<item id="9">
								<description>Rating</description>
								<label>$LOCALIZE[563]</label>
								<label2>$INFO[ListItem.Rating]$INFO[Window(Home).Property(SkinHelper.ListItem.IMDB.Top250),  &#x2022;  $LOCALIZE[31974] #,]$INFO[ListItem.UserRating,  &#x2022;  $LOCALIZE[38018] ,]</label2>
								<onclick condition="System.HasAddon(script.libraryeditor)">Skin.SetString(DialogVideoInfoButtonMenu,rating)</onclick>
								<onclick condition="System.HasAddon(script.libraryeditor)">ActivateWindow(1105)</onclick>
								<onclick condition="!System.HasAddon(script.libraryeditor)">SendClick(2013,7)</onclick>
							</item>
							<item id="10">
								<description>File Path</description>
								<label>$LOCALIZE[573]</label>
								<label2>$INFO[ListItem.FileNameAndPath]</label2>
								<onclick>SetProperty(TextViewerHeader,$ESCINFO[ListItem.Title],home)</onclick>
								<onclick>SetProperty(TextViewerText,$ESCINFO[ListItem.FileNameAndPath],home)</onclick>
								<onclick>ActivateWindow(1102)</onclick>
							</item>
						</content>
					</control>
					
					<control type="image">
						<left>622</left>
						<top>639</top>
						<width>606</width>
						<height>2</height>
						<animation effect="fade" end="30" condition="true">Conditional</animation>
						<texture>views/videoinfo-separator.png</texture>
					</control>
					
					<control type="group">
						<animation effect="slide" end="-185,0" condition="true">Conditional</animation>
						<include>VideoInfoStudioMediaFlag</include>
					</control>
				</control>
					
				<control type="group">
					<visible>String.IsEqual(ListItem.DBTYPE,tvshow) + Skin.HasSetting(UseTVShowsPosterCover)</visible>
					
					<control type="group">
						<left>470</left>
						<top>99</top>
						
						<control type="image">
							<top>-6</top>
							<width>710</width>
							<height>85</height>
							<align>center</align>
							<texture background="true">$INFO[ListItem.Art(clearlogo)]</texture>
							<aspectratio>keep</aspectratio>
							<visible>!String.IsEmpty(ListItem.Art(clearlogo))</visible>
						</control>

						<control type="label">
							<description>Title</description>
							<top>32</top>
							<width>710</width>
							<align>center</align>
							<font>FullMediaInfoTitleFont3</font>
							<textcolor>MediaInfoTitleColor</textcolor>
							<shadowcolor>ShadowColor</shadowcolor>
							<label>[UPPERCASE]$INFO[ListItem.Title][/UPPERCASE]</label>
							<scroll>true</scroll>
							<visible>String.IsEmpty(ListItem.Art(clearlogo))</visible>
						</control>
						
						<control type="image">
							<top>80</top>
							<width>710</width>
							<height>2</height>
							<animation effect="fade" end="30" condition="true">Conditional</animation>
							<texture>views/videoinfo-separator.png</texture>
						</control>
						
						<control type="label">
							<description>Genre</description>
							<top>87</top>
							<width>710</width>
							<align>center</align>
							<font>FullMediaInfoTitleFont2</font>
							<textcolor>MediaInfoTitleColor2</textcolor>
							<shadowcolor>ShadowColor</shadowcolor>
							<label fallback="31000">[UPPERCASE]$INFO[ListItem.Genre][/UPPERCASE]</label>
						</control>
						
						<control type="image">
							<top>118</top>
							<width>710</width>
							<height>2</height>
							<animation effect="fade" end="30" condition="true">Conditional</animation>
							<texture>views/videoinfo-separator.png</texture>
						</control>
					</control>
					
					<control type="list" id="901">
						<hitrect x="0" y="0" w="0" h="0"/> 
						<left>465</left>
						<top>219</top>
						<width>720</width>
						<height>233</height>
						<onup>505</onup>
						<ondown condition="!Control.IsVisible(50) + !Control.IsVisible(966) + !Control.IsVisible(968) + !Control.IsVisible(969) + Control.IsVisible(61)">61</ondown>
						<ondown condition="Control.IsVisible(50) | Control.IsVisible(966) | Control.IsVisible(968) | Control.IsVisible(969)">965</ondown>
						<onleft>505</onleft>
						<onright condition="Control.IsVisible(61)">61</onright>
						<itemlayout height="29">
							<control type="image">
								<top>27</top>
								<left>5</left>
								<width>710</width>
								<height>2</height>
								<animation effect="fade" end="30" condition="true">Conditional</animation>
								<texture>views/videoinfo-separator.png</texture>
							</control>
							<control type="image">
								<left>170</left>
								<width>1</width>
								<height>32</height>
								<animation effect="fade" end="25" condition="true">Conditional</animation>
								<texture border="1,0,0,10" flipy="true">views/videoinfo-separator.png</texture>
							</control>
							<control type="label">
								<left>5</left>
								<width>165</width>
								<height>29</height>
								<font>FullMediaInfoFont</font>
								<aligny>center</aligny>
								<textcolor>MediaInfoItemColor</textcolor>
								<shadowcolor>ShadowColor</shadowcolor>
								<label>[UPPERCASE]$INFO[ListItem.Label][/UPPERCASE]</label>
							</control>
							<control type="label">
								<left>179</left>
								<width>533</width>
								<height>29</height>
								<font>FullMediaInfoFont</font>
								<aligny>center</aligny>
								<textcolor>MediaInfoItemColor2</textcolor>
								<shadowcolor>ShadowColor</shadowcolor>
								<label fallback="31000">$INFO[ListItem.Label2]</label>
							</control>
						</itemlayout>
						<focusedlayout height="29">
							<control type="image">
								<top>27</top>
								<left>5</left>
								<width>710</width>
								<height>2</height>
								<animation effect="fade" end="30" condition="true">Conditional</animation>
								<texture>views/videoinfo-separator.png</texture>
							</control>
							<control type="image">
								<left>170</left>
								<width>1</width>
								<height>32</height>
								<animation effect="fade" end="25" condition="true">Conditional</animation>
								<texture border="1,0,0,10" flipy="true">views/videoinfo-separator.png</texture>
								<animation effect="fade" start="100" end="0" condition="Control.HasFocus(901)">Conditional</animation>
							</control>
							<control type="image">
								<width>720</width>
								<height>29</height>
								<texture border="4">views/list-focus.png</texture>
								<aspectratio>stretch</aspectratio>
								<visible>Control.HasFocus(901)</visible>
								<include>ListViewSelectFadeAnim</include>
								<include condition="![Skin.String(LowCPUPowerMode,Animations) | Skin.String(LowCPUPowerMode,Full)]">MediaInfoListScrollAnim</include>
							</control>
							<control type="label">
								<left>5</left>
								<width>165</width>
								<height>29</height>
								<font>FullMediaInfoFont</font>
								<aligny>center</aligny>
								<textcolor>MediaInfoItemColor</textcolor>
								<shadowcolor>ShadowColor</shadowcolor>
								<label>[UPPERCASE]$INFO[ListItem.Label][/UPPERCASE]</label>
							</control>
							<control type="label">
								<left>179</left>
								<width>533</width>
								<height>29</height>
								<font>FullMediaInfoFont</font>
								<aligny>center</aligny>
								<textcolor>MediaInfoItemColor2</textcolor>
								<shadowcolor>ShadowColor</shadowcolor>
								<label fallback="31000">$INFO[ListItem.Label2]</label>
							</control>
						</focusedlayout>
						<content>
							<item id="1">
								<description>Seasons</description>
								<label>$LOCALIZE[33054]</label>
								<label2>$INFO[ListItem.Season]</label2>
								<visible>String.IsEmpty(Window(Home).Property(NextAired.LatestTitle))</visible>
							</item>
							<item id="2">
								<description>Episodes</description>
								<label>$LOCALIZE[20360]</label>
								<label2>$INFO[ListItem.Episode][COLOR=DisabledColor] ($INFO[ListItem.Property(WatchedEpisodes),, $LOCALIZE[16102]] - $INFO[ListItem.Property(UnWatchedEpisodes), , $LOCALIZE[16101]])[/COLOR]</label2>
							</item>
							<item id="3">
								<description>Studio</description>
								<label>$LOCALIZE[572]</label>
								<label2>$INFO[ListItem.Studio]</label2>
								<onclick condition="System.HasAddon(script.libraryeditor)">RunScript(script.libraryeditor,DBID=$INFO[ListItem.DBID]&amp;tag=studio&amp;type=TVShow)</onclick>
								<visible>String.IsEmpty(Window(Home).Property(NextAired.Nextdate))</visible>
							</item>
							<item id="4">
								<description>Year</description>
								<label>$LOCALIZE[345]</label>
								<label2>$INFO[ListItem.Year]</label2>
							</item>
							<item id="5">
								<description>Next Aired Status</description>
								<label>$LOCALIZE[126]</label>
								<label2>$VAR[TVShowStatusVar]</label2>
							</item>
							<item id="6">
								<description>First Aired</description>
								<label>$LOCALIZE[20416]</label>
								<label2>$INFO[ListItem.Premiered]</label2>
								<onclick condition="System.HasAddon(script.libraryeditor)">RunScript(script.libraryeditor,DBID=$INFO[ListItem.DBID]&amp;tag=premiered&amp;type=TVShow)</onclick>
							</item>
							<item id="7">
								<description>Next Aired Latest Episode</description>
								<label>$LOCALIZE[31966]</label>
								<label2>$INFO[Window(Home).Property(NextAired.LatestSeasonNumber),S,]$INFO[Window(Home).Property(NextAired.LatestEpisodeNumber),E,.] $INFO[Window(Home).Property(NextAired.LatestTitle)] $INFO[Window(Home).Property(NextAired.LatestDate),(,)]</label2>
								<visible>!String.IsEmpty(Window(Home).Property(NextAired.LatestTitle))</visible>
							</item>
							<item id="8">
								<description>Next Aired Next Episode</description>
								<label>$LOCALIZE[31967]</label>
								<label2>$INFO[Window(Home).Property(NextAired.NextSeasonNumber),S,]$INFO[Window(Home).Property(NextAired.NextEpisodeNumber),E,.] $INFO[Window(Home).Property(NextAired.NextTitle)] $INFO[Window(Home).Property(NextAired.NextDate),(,)]</label2>
								<visible>!String.IsEmpty(Window(Home).Property(NextAired.Nextdate))</visible>
							</item>
							<item id="9">
								<description>Rating</description>
								<label>$LOCALIZE[563]</label>
								<label2>$INFO[ListItem.Rating]$INFO[Window(Home).Property(SkinHelper.ListItem.IMDB.Top250),  &#x2022;  $LOCALIZE[31974] #,]$INFO[ListItem.UserRating,  &#x2022;  $LOCALIZE[38018] ,]</label2>
								<onclick condition="System.HasAddon(script.libraryeditor)">Skin.SetString(DialogVideoInfoButtonMenu,rating)</onclick>
								<onclick condition="System.HasAddon(script.libraryeditor)">ActivateWindow(1105)</onclick>
								<onclick condition="!System.HasAddon(script.libraryeditor)">SendClick(2013,7)</onclick>
							</item>
							<item id="10">
								<description>File Path</description>
								<label>$LOCALIZE[573]</label>
								<label2>$INFO[ListItem.FileNameAndPath]</label2>
								<onclick>SetProperty(TextViewerHeader,$ESCINFO[ListItem.Title],home)</onclick>
								<onclick>SetProperty(TextViewerText,$ESCINFO[ListItem.FileNameAndPath],home)</onclick>
								<onclick>ActivateWindow(1102)</onclick>
							</item>
						</content>
					</control>
					
					<control type="image">
						<left>470</left>
						<top>640</top>
						<width>710</width>
						<height>2</height>
						<animation effect="fade" end="30" condition="true">Conditional</animation>
						<texture>views/videoinfo-separator.png</texture>
					</control>
					
					<include>VideoInfoStudioMediaFlag</include>
				</control>

				<control type="group">
					<visible>![String.IsEqual(ListItem.DBTYPE,movie) | String.IsEqual(ListItem.DBTYPE,set) | String.IsEqual(ListItem.DBTYPE,tvshow) | String.IsEqual(ListItem.DBTYPE,episode) | String.IsEqual(ListItem.DBTYPE,musicvideo)]</visible>
					
					<control type="group">
						<left>510</left>
						<top>99</top>
						
						<control type="image">
							<top>-6</top>
							<width>710</width>
							<height>85</height>
							<align>center</align>
							<texture background="true">$INFO[ListItem.Art(clearlogo)]</texture>
							<aspectratio>keep</aspectratio>
							<visible>!String.IsEmpty(ListItem.Art(clearlogo))</visible>
						</control>

						<control type="label">
							<description>Label</description>
							<top>32</top>
							<width>710</width>
							<align>center</align>
							<font>FullMediaInfoTitleFont3</font>
							<textcolor>MediaInfoTitleColor</textcolor>
							<shadowcolor>ShadowColor</shadowcolor>
							<label>[UPPERCASE]$INFO[ListItem.Label][/UPPERCASE]</label>
							<scroll>true</scroll>
							<visible>String.IsEmpty(ListItem.Art(clearlogo))</visible>
						</control>
						
						<control type="image">
							<top>80</top>
							<width>710</width>
							<height>2</height>
							<animation effect="fade" end="30" condition="true">Conditional</animation>
							<texture>views/videoinfo-separator.png</texture>
						</control>
						
						<control type="label">
							<description>Genre</description>
							<top>87</top>
							<width>710</width>
							<align>center</align>
							<font>FullMediaInfoTitleFont2</font>
							<textcolor>MediaInfoTitleColor2</textcolor>
							<shadowcolor>ShadowColor</shadowcolor>
							<label fallback="31000">[UPPERCASE]$INFO[ListItem.Genre][/UPPERCASE]</label>
							<visible>!String.IsEmpty(ListItem.Genre)</visible>
						</control>
						
						<control type="label">
							<description>Studio</description>
							<top>87</top>
							<width>710</width>
							<align>center</align>
							<font>FullMediaInfoTitleFont2</font>
							<textcolor>MediaInfoTitleColor2</textcolor>
							<shadowcolor>ShadowColor</shadowcolor>
							<label fallback="31000">[UPPERCASE]$INFO[ListItem.Studio][/UPPERCASE]</label>
							<visible>String.IsEmpty(ListItem.Genre)</visible>
						</control>
						
						<control type="image">
							<top>118</top>
							<width>710</width>
							<height>2</height>
							<animation effect="fade" end="30" condition="true">Conditional</animation>
							<texture>views/videoinfo-separator.png</texture>
						</control>
					</control>
					
					<control type="list" id="901">
						<left>505</left>
						<top>219</top>
						<width>720</width>
						<height>233</height>
						<onup>505</onup>
						<ondown condition="Control.IsVisible(61)">61</ondown>
						<onleft>505</onleft>
						<onright condition="Control.IsVisible(61)">61</onright>
						<itemlayout width="720" height="29">
							<control type="image">
								<top>27</top>
								<left>5</left>
								<width>710</width>
								<height>2</height>
								<animation effect="fade" end="30" condition="true">Conditional</animation>
								<texture>views/videoinfo-separator.png</texture>
							</control>
							<control type="image">
								<left>170</left>
								<width>1</width>
								<height>32</height>
								<animation effect="fade" end="25" condition="true">Conditional</animation>
								<texture border="1,0,0,10" flipy="true">views/videoinfo-separator.png</texture>
							</control>
							<control type="label">
								<left>5</left>
								<width>165</width>
								<height>29</height>
								<font>FullMediaInfoFont</font>
								<aligny>center</aligny>
								<textcolor>MediaInfoItemColor</textcolor>
								<shadowcolor>ShadowColor</shadowcolor>
								<label>[UPPERCASE]$INFO[ListItem.Label][/UPPERCASE]</label>
							</control>
							<control type="label">
								<left>179</left>
								<width>533</width>
								<height>29</height>
								<font>FullMediaInfoFont</font>
								<aligny>center</aligny>
								<textcolor>MediaInfoItemColor2</textcolor>
								<shadowcolor>ShadowColor</shadowcolor>
								<label>$INFO[ListItem.Label2]</label>
							</control>
						</itemlayout>
						<focusedlayout width="720" height="29">
							<control type="image">
								<top>27</top>
								<left>5</left>
								<width>710</width>
								<height>2</height>
								<animation effect="fade" end="30" condition="true">Conditional</animation>
								<texture>views/videoinfo-separator.png</texture>
							</control>
							<control type="image">
								<left>170</left>
								<width>1</width>
								<height>32</height>
								<animation effect="fade" end="25" condition="true">Conditional</animation>
								<texture border="1,0,0,10" flipy="true">views/videoinfo-separator.png</texture>
								<animation effect="fade" start="100" end="0" condition="Control.HasFocus(901)">Conditional</animation>
							</control>
							<control type="image">
								<width>720</width>
								<height>29</height>
								<texture border="4">views/list-focus.png</texture>
								<aspectratio>stretch</aspectratio>
								<visible>Control.HasFocus(901)</visible>
								<include>ListViewSelectFadeAnim</include>
								<include condition="![Skin.String(LowCPUPowerMode,Animations) | Skin.String(LowCPUPowerMode,Full)]">MediaInfoListScrollAnim</include>
							</control>
							<control type="label">
								<left>5</left>
								<width>165</width>
								<height>29</height>
								<font>FullMediaInfoFont</font>
								<aligny>center</aligny>
								<textcolor>MediaInfoItemColor</textcolor>
								<shadowcolor>ShadowColor</shadowcolor>
								<label>[UPPERCASE]$INFO[ListItem.Label][/UPPERCASE]</label>
							</control>
							<control type="label">
								<left>179</left>
								<width>533</width>
								<height>29</height>
								<font>FullMediaInfoFont</font>
								<aligny>center</aligny>
								<textcolor>MediaInfoItemColor2</textcolor>
								<shadowcolor>ShadowColor</shadowcolor>
								<label>$INFO[ListItem.Label2]</label>
							</control>
						</focusedlayout>
						<content>
							<item id="1">
								<description>Season</description>
								<label>$LOCALIZE[20373]</label>
								<label2>$INFO[ListItem.Season]</label2>
								<visible>!String.IsEmpty(ListItem.Season)</visible>
							</item>
							<item id="2">
								<description>Episode</description>
								<label>$LOCALIZE[20359]</label>
								<label2>$INFO[ListItem.Episode]</label2>
								<visible>!String.IsEmpty(ListItem.Episode)</visible>
							</item>
							<item id="3">
								<description>Director</description>
								<label>$LOCALIZE[20339]</label>
								<label2>$INFO[ListItem.Director]</label2>
								<onclick condition="System.HasAddon(script.extendedinfo)">Skin.SetString(DialogVideoInfoButtonMenu,director)</onclick>
								<onclick condition="System.HasAddon(script.extendedinfo)">ActivateWindow(1105)</onclick>
								<onclick condition="!System.HasAddon(script.extendedinfo)">SendClick(2003,13)</onclick>
								<visible>!String.IsEmpty(ListItem.Director)</visible>
							</item>
							<item id="4">
								<description>Writer</description>
								<label>$LOCALIZE[20417]</label>
								<label2>$INFO[ListItem.Writer]</label2>
								<onclick condition="System.AddonIsEnabled(script.extendedinfo)">RunScript(script.extendedinfo,info=extendedactorinfo,name=$INFO[ListItem.Writer])</onclick>
								<onclick condition="!System.HasAddon(script.extendedinfo)">InstallAddon(script.extendedinfo)</onclick>
								<onclick condition="System.HasAddon(script.extendedinfo) + !System.AddonIsEnabled(script.extendedinfo)">EnableAddon(script.extendedinfo)</onclick>
								<visible>!String.IsEmpty(ListItem.Writer)</visible>
							</item>
							<item id="5">
								<description>Runtime</description>
								<label>$LOCALIZE[2050]</label>
								<label2>$VAR[LongDurationVar]$INFO[ListItem.EndTime, ($LOCALIZE[31157] ,)]</label2>
							</item>
							<item id="6">
								<description>Rating / Votes</description>
								<label>$LOCALIZE[563]</label>
								<label2>$INFO[ListItem.RatingAndVotes]$INFO[ListItem.UserRating,  &#x2022;  $LOCALIZE[38018] ,]</label2>
								<onclick>SendClick(2013,7)</onclick>
								<visible>!String.IsEmpty(ListItem.RatingAndVotes)</visible>
							</item>
							<item id="7">
								<description>Rating</description>
								<label>$LOCALIZE[563]</label>
								<label2>$INFO[ListItem.Rating]$INFO[ListItem.UserRating,  &#x2022;  $LOCALIZE[38018] ,]</label2>
								<onclick>SendClick(2013,7)</onclick>
								<visible>String.IsEmpty(ListItem.RatingAndVotes) + !String.IsEmpty(ListItem.Rating)</visible>
							</item>
							<item id="8">
								<description>My Rating</description>
								<label>$LOCALIZE[38018]</label>
								<label2>$INFO[ListItem.UserRating]</label2>
								<onclick>SendClick(2013,7)</onclick>
								<visible>String.IsEmpty(ListItem.RatingAndVotes) + String.IsEmpty(ListItem.Rating) + !String.IsEmpty(ListItem.UserRating)</visible>
							</item>
							<item id="9">
								<description>First Aired</description>
								<label>$LOCALIZE[20416]</label>
								<label2>$INFO[ListItem.Premiered]</label2>
								<visible>!String.IsEmpty(ListItem.Premiered)</visible>
							</item>
							<item id="10">
								<description>Year</description>
								<label>$LOCALIZE[345]</label>
								<label2>$INFO[ListItem.Year]</label2>
								<visible>String.IsEmpty(ListItem.Premiered) + !String.IsEmpty(ListItem.Year)</visible>
							</item>
							<item id="11">
								<description>Studio</description>
								<label>$LOCALIZE[572]</label>
								<label2>$INFO[ListItem.Studio]</label2>
								<visible>!String.IsEmpty(ListItem.Genre) + !String.IsEmpty(ListItem.Studio)</visible>
							</item>
							<item id="12">
								<description>File Path</description>
								<label>$LOCALIZE[21801]</label>
								<label2>$INFO[ListItem.FileNameAndPath]</label2>
								<onclick>SetProperty(TextViewerHeader,$ESCINFO[ListItem.Label],home)</onclick>
								<onclick>SetProperty(TextViewerText,$ESCINFO[ListItem.FileNameAndPath],home)</onclick>
								<onclick>ActivateWindow(1102)</onclick>
								<visible>!String.IsEmpty(ListItem.FileNameAndPath)</visible>
							</item>
						</content>
					</control>
					
					<control type="image">
						<left>60</left>
						<top>640</top>
						<width>1160</width>
						<height>2</height>
						<animation effect="fade" end="30" condition="true">Conditional</animation>
						<texture>views/videoinfo-separator.png</texture>
					</control>
				
					<include>DialogVideoInfoMediaFlags</include>
				</control>
				
				<control type="textbox" id="902">
					<description>Plot</description>
					<left>470</left>
					<top>462</top>
					<width>710</width>
					<height>168</height>
					<font>FullMediaInfoDescFont</font>
					<textcolor>MediaInfoColor</textcolor>
					<shadowcolor>ShadowColor</shadowcolor>
					<align>justify</align>
					<label>$VAR[MovieSetPlot]</label>
					<pagecontrol>61</pagecontrol>
					<include>FSMediaInfoOpenCloseAnim</include>
					<autoscroll time="2000" delay="6000" repeat="10000">true</autoscroll>
					<visible>!Control.IsVisible(50) + [[String.IsEqual(ListItem.DBTYPE,movie) + !Control.HasFocus(15)] | String.IsEqual(ListItem.DBTYPE,set) | [String.IsEqual(ListItem.DBTYPE,tvshow) + Skin.HasSetting(UseTVShowsPosterCover)]] + String.IsEmpty(Skin.String(VideoInfoMenubar))</visible>
				</control>
				
				<control type="textbox" id="902">
					<description>Plot</description>
					<left>60</left>
					<top>462</top>
					<width>1160</width>
					<height>168</height>
					<font>FullMediaInfoDescFont</font>
					<textcolor>MediaInfoColor</textcolor>
					<shadowcolor>ShadowColor</shadowcolor>
					<align>justify</align>
					<label>$INFO[ListItem.Plot]</label>
					<pagecontrol>61</pagecontrol>
					<include>FSMediaInfoOpenCloseAnim</include>
					<autoscroll time="2000" delay="6000" repeat="10000">true</autoscroll>
					<visible>!Control.IsVisible(50) + ![String.IsEqual(ListItem.DBTYPE,movie) | String.IsEqual(ListItem.DBTYPE,set) | String.IsEqual(ListItem.DBTYPE,tvshow)]</visible>
				</control>
				
				<control type="textbox" id="902">
					<description>Plot</description>
					<left>653</left>
					<top>420</top>
					<width>575</width>
					<height>213</height>
					<font>FullMediaInfoDescFont</font>
					<textcolor>MediaInfoColor</textcolor>
					<shadowcolor>ShadowColor</shadowcolor>
					<align>justify</align>
					<label>$INFO[ListItem.Plot]</label>
					<pagecontrol>61</pagecontrol>
					<include>FSMediaInfoOpenCloseAnim</include>
					<autoscroll time="2000" delay="6000" repeat="10000">true</autoscroll>
					<visible>!Control.IsVisible(50) + [String.IsEqual(ListItem.DBTYPE,tvshow) + !Skin.HasSetting(UseTVShowsPosterCover)] + String.IsEmpty(Skin.String(VideoInfoMenubar))</visible>
				</control>
				
				<control type="group" id="965">
					<visible>!Control.HasFocus(15)</visible>
					<include>FSMediaInfoOpenCloseAnim</include>
					
					<control type="panel" id="50">
						<description>Cast</description>
						<scrolltime>200</scrolltime>
						<pagecontrol>61</pagecontrol>
						<onleft condition="!String.IsEqual(ListItem.DBTYPE,set)">901</onleft>
						<onleft condition="String.IsEqual(ListItem.DBTYPE,set)">987</onleft>
						<ondown condition="!String.IsEqual(ListItem.DBTYPE,set) + System.HasAddon(script.extendedinfo)">RunScript(script.extendedinfo,info=extendedactorinfo,name=$INFO[Container(50).ListItem.Label])</ondown>
						<ondown condition="!String.IsEqual(ListItem.DBTYPE,set) + System.HasAddon(script.extendedinfo)">Skin.SetString(DialogVideoInfoButtonMenu,actor)</ondown>
						<ondown condition="!System.HasAddon(script.extendedinfo) | String.IsEqual(ListItem.DBTYPE,set)">61</ondown>
						<onright condition="Control.IsVisible(61)">61</onright>
						<include>FSMediaInfoOpenCloseAnim</include>
						<visible>String.IsEmpty(Skin.String(VideoInfoMenubar))</visible>
						<include condition="[String.IsEqual(ListItem.DBTYPE,movie) | [String.IsEqual(ListItem.DBTYPE,tvshow) + Skin.HasSetting(UseTVShowsPosterCover)]] + !System.HasAddon(script.extendedinfo)">DialogVideoInfoActors1</include>
						<include condition="[String.IsEqual(ListItem.DBTYPE,movie) | [String.IsEqual(ListItem.DBTYPE,tvshow) + Skin.HasSetting(UseTVShowsPosterCover)]] + System.HasAddon(script.extendedinfo)">DialogVideoInfoActors4</include>
						<include condition="String.IsEqual(ListItem.DBTYPE,set)">DialogVideoInfoSet</include>
						<include condition="[String.IsEqual(ListItem.DBTYPE,tvshow) + !Skin.HasSetting(UseTVShowsPosterCover)] + !System.HasAddon(script.extendedinfo)">DialogVideoInfoActors3</include>
						<include condition="[String.IsEqual(ListItem.DBTYPE,tvshow) + !Skin.HasSetting(UseTVShowsPosterCover)] + System.HasAddon(script.extendedinfo)">DialogVideoInfoActors6</include>
						<include condition="[String.IsEqual(ListItem.DBTYPE,episode) | String.IsEqual(ListItem.DBTYPE,musicvideo)] + !System.HasAddon(script.extendedinfo)">DialogVideoInfoActors2</include>
						<include condition="[String.IsEqual(ListItem.DBTYPE,episode) | String.IsEqual(ListItem.DBTYPE,musicvideo)] + System.HasAddon(script.extendedinfo)">DialogVideoInfoActors5</include>
					</control>
					
					<control type="panel" id="966">
						<description>Similar Movies / TV Shows</description>
						<scrolltime>200</scrolltime>
						<pagecontrol>61</pagecontrol>
						<orientation>horizontal</orientation>
						<ondown condition="Control.IsVisible(61)">61</ondown>
						<onright condition="Control.IsVisible(61)">61</onright>
						<onclick condition="String.IsEqual(ListItem.DBTYPE,movie) | String.IsEqual(ListItem.DBTYPE,set)">RunScript(script.extendedinfo,info=extendedinfo,name=$INFO[ListItem.Title])</onclick>
						<onclick condition="String.IsEqual(ListItem.DBTYPE,tvshow)">RunScript(script.extendedinfo,info=extendedtvinfo,name=$INFO[ListItem.Title])</onclick>
						<include>FSMediaInfoOpenCloseAnim</include>
						<visible>Skin.String(VideoInfoMenubar,SimilarVideos)</visible>
						<include condition="String.IsEqual(ListItem.DBTYPE,movie) | [String.IsEqual(ListItem.DBTYPE,tvshow) + Skin.HasSetting(UseTVShowsPosterCover)]">DialogVideoInfoPoster</include>
						<include condition="String.IsEqual(ListItem.DBTYPE,tvshow) + !Skin.HasSetting(UseTVShowsPosterCover)">DialogVideoInfoBanner</include>
						<content>$VAR[SimilarVideos]</content>
					</control>
					
					<control type="panel" id="967">
						<description>Movie Set</description>
						<scrolltime>200</scrolltime>
						<pagecontrol>61</pagecontrol>
						<orientation>horizontal</orientation>
						<ondown condition="Control.IsVisible(61)">61</ondown>
						<onright condition="Control.IsVisible(61)">61</onright>
						<include>FSMediaInfoOpenCloseAnim</include>
						<visible>Skin.String(VideoInfoMenubar,MovieSet)</visible>
						<include>DialogVideoInfoPoster</include>
						<content target="video" sortby="year">videodb://movies/sets/$INFO[ListItem.SetID]</content>
					</control>
					
					<control type="panel" id="968">
						<description>Next up Episodes</description>
						<scrolltime>200</scrolltime>
						<pagecontrol>61</pagecontrol>
						<orientation>horizontal</orientation>
						<ondown condition="Control.IsVisible(61)">61</ondown>
						<onright condition="Control.IsVisible(61)">61</onright>
						<include>FSMediaInfoOpenCloseAnim</include>
						<height>175</height>
						<onup>901</onup>
						<onleft>987</onleft>
						<visible>Skin.String(VideoInfoMenubar,NextUpEpisodes)</visible>
						<include condition="Skin.HasSetting(UseTVShowsPosterCover)">NextUpEpisodesPoster</include>
						<include condition="!Skin.HasSetting(UseTVShowsPosterCover)">NextUpEpisodesBanner</include>
						<content target="video" sortby="playcount" sortdirection="descending" limit="10">videodb://inprogresstvshows/$INFO[ListItem.DBID]/-2/?tvshowid=$INFO[ListItem.DBID]</content>
						<!--<content target="video" sortby="playcount" sortdirection="descending" limit="10">videodb://tvshows/titles/194/-1/?tvshowid=194</content>-->
					</control>
					
					<control type="panel" id="969">
						<description>TV Show Seasons</description>
						<scrolltime>200</scrolltime>
						<pagecontrol>61</pagecontrol>
						<orientation>horizontal</orientation>
						<ondown condition="Control.IsVisible(61)">61</ondown>
						<onright condition="Control.IsVisible(61)">61</onright>
						<onclick>Dialog.Close(movieinformation)</onclick>
						<onclick>ActivateWindow(Videos,$INFO[ListItem.FolderPath])</onclick>
						<include>FSMediaInfoOpenCloseAnim</include>
						<visible>Skin.String(VideoInfoMenubar,TVShowSeasons)</visible>
						<include condition="Skin.HasSetting(UseTVShowsPosterCover)">DialogVideoInfoPoster</include>
						<include condition="!Skin.HasSetting(UseTVShowsPosterCover)">DialogVideoInfoBanner</include>
						<content target="video">videodb://tvshows/titles/$INFO[ListItem.DBID]/</content>
					</control>
				</control>
				
				<control type="spincontrol" id="61">
					<description>Next Page</description>
					<left>1125</left>
					<top>655</top>
					<width>28</width>
					<height>28</height>
					<spinwidth>30</spinwidth>
					<spinheight>30</spinheight>
					<onup condition="!Control.IsVisible(50) + !Control.IsVisible(966) + !Control.IsVisible(967) + !Control.IsVisible(968) + !Control.IsVisible(969)">901</onup>
					<onup condition="Control.IsVisible(50) | Control.IsVisible(966) | Control.IsVisible(967) | Control.IsVisible(968) | Control.IsVisible(969)">965</onup>
					<onleft condition="!Control.IsVisible(50) + !Control.IsVisible(966) + !Control.IsVisible(967) + !Control.IsVisible(968) + !Control.IsVisible(969)">901</onleft>
					<onleft condition="Control.IsVisible(50) | Control.IsVisible(966) | Control.IsVisible(967) | Control.IsVisible(968) | Control.IsVisible(969)">965</onleft>
					<animation effect="slide" end="48,0" condition="String.IsEqual(ListItem.DBTYPE,tvshow) + !Skin.HasSetting(UseTVShowsPosterCover)">Conditional</animation>
					<include>NotificationsOpenCloseAnim</include>
					<visible>[Integer.IsGreater(Container(902).NumPages,1) + Control.IsVisible(902)] | [Integer.IsGreater(Container(50).NumPages,1) + Control.IsVisible(50)] | [Integer.IsGreater(Container(966).NumPages,1) + Skin.String(VideoInfoMenubar,SimilarVideos)] | [Integer.IsGreater(Container(967).NumPages,1) + Skin.String(VideoInfoMenubar,MovieSet)] | [Integer.IsGreater(Container(968).NumPages,1) + Skin.String(VideoInfoMenubar,NextUpEpisodes)] | [Integer.IsGreater(Container(969).NumPages,1) + Skin.String(VideoInfoMenubar,TVShowSeasons)]</visible>
				</control>
				
				<control type="image">
					<include>ScreenSize</include>
					<texture>dim.png</texture>
					<animation effect="fade" start="0" end="50" time="450">VisibleChange</animation>
					<visible>Window.IsActive(1101) | Window.IsActive(1106)</visible>
				</control>
			</control>
			
			<include content="MenubarTopbar">
				<param name="Menubar" value="VideoInfoMenuBar" />
				<param name="Breadcrumbs" value="BreadCrumbMediaInfo" />
			</include>
		</control>
	</controls>
</window>