<?xml version="1.0" encoding="UTF-8"?>
<includes>
	<!--//// START LIST INFO VIEW /////////////////////////////////////////////////////////////////////-->
	<include name="ListInfoView">
		<control type="group" id="500">
			<defaultcontrol always="true">58</defaultcontrol>
			<visible>Control.IsVisible(58)</visible>
			<include>MediaViewOpenCloseAnim</include>
			<include>ListInfoViewContentPanel</include>
			
			<control type="group">
				<visible>Container.Content(Movies) | Container.Content(Sets)</visible>
				<include condition="Window.IsActive(Videos)">MoviesListInfo</include>
			</control>
			
			<control type="group">
				<visible>Container.Content(TVShows) | Container.Content(Seasons) | Container.Content(Episodes)</visible>
				<include condition="Window.IsActive(Videos) + !Skin.HasSetting(UseTVShowsPosterCover)">TVShowsListInfoBannerMode</include>
				<include condition="Window.IsActive(Videos) + Skin.HasSetting(UseTVShowsPosterCover)">TVShowsListInfoPosterMode</include>
			</control>
			
			<include condition="Window.IsActive(Music)">MusicListInfo</include>
			<include condition="String.Contains(Container.FolderPath,plugin:) | String.Contains(Container.FolderPath,addons://) | Window.IsActive(AddonBrowser)">AddonsListInfo</include>

			<control type="list" id="58">
				<viewtype label="31111">list</viewtype>
				<left>720</left>
				<top>332</top>
				<width>505</width>
				<height>296</height>
				<pagecontrol>90604</pagecontrol>
				<preloaditems>2</preloaditems>
				<scrolltime tween="sine" easing="inout">300</scrolltime>
				<onup>58</onup>
				<ondown>58</ondown>
				<onleft>850</onleft>
				<onright>150</onright>
				<visible>Container.Content(Movies) | Container.Content(Sets) | Container.Content(TVShows) | Container.Content(Seasons) | Container.Content(Episodes) | $EXP[AlbumsSongsArtists] | Container.Content(Addons) | Container.Content(Games)</visible>
				<itemlayout height="37" condition="Container.Content(Movies) | Container.Content(Sets)">
					<include content="ListInfoItemlayoutContent">
						<param name="visible" value="String.IsEmpty(ListItem.Title)" />
					</include>
					<include content="ListInfoLabel2">
						<param name="textcolor" value="ListColor3" />
						<param name="label" value="$INFO[ListItem.Label2]" />
						<param name="visible" value="Skin.HasSetting(DoNotUseStarRatingMovies)" />
					</include>
					<control type="group">
						<visible>!String.IsEmpty(ListItem.Title)</visible>
						<include content="ListInfoStarRating">
							<param name="fade" value="70" />
							<param name="visible" value="!Skin.HasSetting(DoNotUseStarRatingMovies) + ![String.IsEmpty(ListItem.Rating) + String.IsEmpty(ListItem.UserRating)]" />
						</include>
						<include content="VideoOverlays">
							<param name="top" value="6"/>
							<param name="left" value="5"/>
						</include>
					</control>
				</itemlayout>
				<focusedlayout height="37" condition="Container.Content(Movies) | Container.Content(Sets)">
					<include content="ListInfoFocusedlayoutContent">
						<param name="visible" value="String.IsEmpty(ListItem.Title)" />
					</include>
					<include content="ListInfoLabel2">
						<param name="textcolor" value="ListColor3" />
						<param name="label" value="$INFO[ListItem.Label2]" />
						<param name="visible" value="Skin.HasSetting(DoNotUseStarRatingMovies)" />
					</include>
					<control type="group">
						<visible>!String.IsEmpty(ListItem.Title)</visible>
						<include content="ListInfoStarRating">
							<param name="fade" value="100" />
							<param name="visible" value="!Skin.HasSetting(DoNotUseStarRatingMovies) + ![String.IsEmpty(ListItem.Rating) + String.IsEmpty(ListItem.UserRating)]" />
						</include>
						<include content="VideoOverlays2">
							<param name="top" value="6"/>
							<param name="left" value="5"/>
						</include>
					</control>
				</focusedlayout>
				<itemlayout height="37" condition="Container.Content(TVShows) | Container.Content(Seasons)">
					<include content="ListInfoItemlayoutContent">
						<param name="visible" value="String.IsEmpty(ListItem.Title)" />
					</include>
					<include content="ListInfo2Overlays">
						<param name="left" value="5" />
						<param name="height" value="37" />
						<param name="textcolor" value="ListColor" />
					</include>
					<include content="ListInfoLabel2">
						<param name="textcolor" value="ListColor3" />
						<param name="label" value="$VAR[ListInfoLabel2]" />
						<param name="visible" value="[Container.Content(TVShows) + Skin.HasSetting(DoNotUseStarRatingTVShows)] | Container.Content(Seasons)" />
					</include>
					<include content="ListInfoStarRating">
						<param name="fade" value="70" />
						<param name="visible" value="![String.IsEmpty(ListItem.Rating) + String.IsEmpty(ListItem.UserRating)] + !Skin.HasSetting(DoNotUseStarRatingTVShows) + !Container.Content(Seasons)" />
					</include>
				</itemlayout>
				<focusedlayout height="37" condition="Container.Content(TVShows) | Container.Content(Seasons)">
					<include content="ListInfoFocusedlayoutContent">
						<param name="visible" value="String.IsEmpty(ListItem.Title)" />
					</include>
					<include content="ListInfo2Overlays">
						<param name="left" value="5" />
						<param name="height" value="37" />
						<param name="textcolor" value="white" />
					</include>
					<include content="ListInfoLabel2">
						<param name="textcolor" value="ListColor3" />
						<param name="label" value="$VAR[ListInfoLabel2]" />
						<param name="visible" value="[Container.Content(TVShows) + Skin.HasSetting(DoNotUseStarRatingTVShows)] | Container.Content(Seasons)" />
					</include>
					<include content="ListInfoStarRating">
						<param name="fade" value="100" />
						<param name="visible" value="![String.IsEmpty(ListItem.Rating) + String.IsEmpty(ListItem.UserRating)] + !Skin.HasSetting(DoNotUseStarRatingTVShows) + !Container.Content(Seasons)" />
					</include>
				</focusedlayout>
				<itemlayout height="37" condition="Container.Content(Episodes)">
					<include content="ListInfoItemlayoutContent">
						<param name="visible" value="String.IsEmpty(ListItem.Thumb)" />
					</include>
					<include content="ListInfoLabel2">
						<param name="textcolor" value="ListColor3" />
						<param name="label" value="$INFO[ListItem.Label2]" />
						<param name="visible" value="Skin.HasSetting(DoNotUseStarRatingEpisodes)" />
					</include>
					<control type="group">
						<visible>!ListItem.IsParentFolder</visible>
						<include content="ListInfoStarRating">
							<param name="fade" value="70" />
							<param name="visible" value="!Skin.HasSetting(DoNotUseStarRatingEpisodes) + ![String.IsEmpty(ListItem.Rating) + String.IsEmpty(ListItem.UserRating)]" />
						</include>
						<include content="VideoOverlays">
							<param name="top" value="6"/>
							<param name="left" value="5"/>
						</include>
					</control>
				</itemlayout>
				<focusedlayout height="37" condition="Container.Content(Episodes)">
					<include content="ListInfoFocusedlayoutContent">
						<param name="visible" value="String.IsEmpty(ListItem.Thumb)" />
					</include>
					<include content="ListInfoLabel2">
						<param name="textcolor" value="ListColor3" />
						<param name="label" value="$INFO[ListItem.Label2]" />
						<param name="visible" value="Skin.HasSetting(DoNotUseStarRatingEpisodes)" />
					</include>
					<control type="group">
						<visible>!ListItem.IsParentFolder</visible>
						<include content="ListInfoStarRating">
							<param name="fade" value="100" />
							<param name="visible" value="!Skin.HasSetting(DoNotUseStarRatingEpisodes) + ![String.IsEmpty(ListItem.Rating) + String.IsEmpty(ListItem.UserRating)]" />
						</include>
						<include content="VideoOverlays2">
							<param name="top" value="6"/>
							<param name="left" value="5"/>
						</include>
					</control>
				</focusedlayout>
				<itemlayout height="37" condition="$EXP[AlbumsSongsArtists]">
					<include content="ListInfoItemlayoutContent">
						<param name="visible" value="true" />
					</include>
					<include content="ListInfoLabel2">
						<param name="textcolor" value="ListColor3" />
						<param name="label" value="$INFO[ListItem.Label2]" />
						<param name="visible" value="Skin.HasSetting(DoNotUseStarRatingMusic)" />
					</include>
					<include content="ListInfoStarRating">
						<param name="fade" value="70" />
						<param name="visible" value="!Skin.HasSetting(DoNotUseStarRatingMusic) + ![String.IsEmpty(ListItem.Rating) + String.IsEmpty(ListItem.UserRating)]" />
					</include>
				</itemlayout>
				<focusedlayout height="37" condition="$EXP[AlbumsSongsArtists]">
					<include content="ListInfoFocusedlayoutContent">
						<param name="visible" value="true" />
					</include>
					<include content="ListInfoLabel2">
						<param name="textcolor" value="ListColor3" />
						<param name="label" value="$INFO[ListItem.Label2]" />
						<param name="visible" value="Skin.HasSetting(DoNotUseStarRatingMusic)" />
					</include>
					<include content="ListInfoStarRating">
						<param name="fade" value="100" />
						<param name="visible" value="!Skin.HasSetting(DoNotUseStarRatingMusic) + ![String.IsEmpty(ListItem.Rating) + String.IsEmpty(ListItem.UserRating)]" />
					</include>
				</focusedlayout>
				<itemlayout height="37" condition="Container.Content(Addons) | Container.Content(Games)">
					<include content="ListInfoItemlayoutContent">
						<param name="visible" value="true" />
					</include>
					<include content="ListInfoLabel2">
						<param name="textcolor" value="MediaInfoTitleColor2" />
						<param name="label" value="$INFO[ListItem.Label2]" />
						<param name="visible" value="true" />
					</include>
				</itemlayout>
				<focusedlayout height="37" condition="Container.Content(Addons) | Container.Content(Games)">
					<include content="ListInfoFocusedlayoutContent">
						<param name="visible" value="true" />
					</include>
					<include content="ListInfoLabel2">
						<param name="textcolor" value="MediaInfoTitleColor2" />
						<param name="label" value="$INFO[ListItem.Label2]" />
						<param name="visible" value="true" />
					</include>
				</focusedlayout>
			</control>

			<include content="ListInfoViewScrollbar">
				<param name="id" value="90604" />
			</include>
			
			<control type="group">
				<description>Bottom Bar Area</description>
				<top>BottomPaneOffsetY</top>
				<include condition="Window.IsActive(Videos) + !Skin.HasSetting(DisableVideosClearLogo)">InfoPaneClearLogoVideos</include>
				<include condition="Window.IsActive(Music) + !Skin.HasSetting(EnableMusicLibraryClearLogos)">InfoPaneClearLogoMusic</include>
				<include>InfoPaneMediaDetails</include>
				<include>BottomPaneOpenCloseAnim</include>
			</control>
			
			<include>ViewsDialogPopUpScreenDim</include>
		</control>
	</include>
	<!--//// END LIST INFO VIEW ///////////////////////////////////////////////////////////////////////-->
	
	<!-- INCLUDES -->
	<include name="ListInfoCommon">
		<control type="image">
			<description>Cover Background</description>
			<left>39</left>
			<top>337</top>
			<width>$PARAM[width]</width>
			<height>$PARAM[height]</height>
			<texture background="true" border="4">panels/panel3.png</texture>
			<aspectratio>stretch</aspectratio>
			<include>ListInfoViewMediaInfoBackgroundFadeAnim</include>
		</control>
		
		<control type="image">
			<description>Default Cover</description>
			<left>39</left>
			<top>337</top>
			<width>$PARAM[width]</width>
			<height>$PARAM[height]</height>
			<texture background="true">$PARAM[icon]</texture>
			<bordersize>$PARAM[bordersize]</bordersize>
			<aspectratio>keep</aspectratio>
			<fadetime>IconCrossfadeTime</fadetime>
			<visible>String.IsEmpty(ListItem.Thumb)</visible>
			<animation effect="fade" end="60" condition="true">Conditional</animation>
		</control>
		
		<control type="image">
			<description>Cover</description>
			<left>39</left>
			<top>337</top>
			<width>$PARAM[width]</width>
			<height>$PARAM[height]</height>
			<texture background="true" diffuse="$PARAM[diffuse]">$PARAM[image]</texture>
			<bordersize>1</bordersize>
			<aspectratio scalediffuse="false">scale</aspectratio>
			<fadetime>IconCrossfadeTime</fadetime>
		</control>
	</include>
	
	<include name="ListInfoGenre">
		<control type="label">
			<left>$PARAM[left]</left>
			<top>341</top>
			<width>$PARAM[width]</width>
			<align>center</align>
			<font>MediaInfoFont2</font>
			<textcolor>MediaInfoItemColor2</textcolor>
			<shadowcolor>ShadowColor</shadowcolor>
			<label>[UPPERCASE]$PARAM[label][/UPPERCASE]</label>
			<scroll>true</scroll>
		</control>
	</include>
	
	<variable name="ListInfoTVShowsGenre">
		<value condition="!String.IsEmpty(ListItem.Genre)">$INFO[ListItem.Genre]</value>
		<value>$INFO[Window(Home).Property(NextAired.Genre)]</value>
	</variable>
	
	<include name="ListInfoPlot">
		<control type="textbox">
			<description>Plot</description>
			<left>$PARAM[left]</left>
			<top>$PARAM[top]</top>
			<width>$PARAM[width]</width>
			<height>$PARAM[height]</height>
			<font>MediaInfoDescFont</font>
			<textcolor>MediaInfoColor</textcolor>
			<shadowcolor>ShadowColor</shadowcolor>
			<align>justify</align>
			<label fallback="$PARAM[fallback]">$PARAM[label]</label>
			<wrapmultiline>true</wrapmultiline>
			<autoscroll time="2000" delay="6000" repeat="10000">!Skin.HasSetting(DoNotAutoScrollPlot)</autoscroll>
			<visible>!Container.OnNext + !Container.OnPrevious</visible> 
			<include>ControlsOpenCloseAnim</include>
		</control>
	</include>
	
	<include name="ListInfoGrouplistContent">
		<control type="label">
			<width min="0" max="110">auto</width>
			<include>ListInfoViewCatLabel</include>
			<label>$PARAM[label]</label>
			<visible>$PARAM[visible]</visible>
		</control>
		<control type="label">
			<width min="0" max="$PARAM[maxwidth]">auto</width>
			<include>ListInfoViewCatValueLabel</include>
			<scroll>true</scroll>
			<label fallback="31001">$PARAM[info]</label>
			<visible>$PARAM[visible]</visible>
		</control>
	</include>
	
	<include name="ListInfoGrouplistContent2">
		<control type="grouplist">
			<visible>$PARAM[visible]</visible>
			<top>$PARAM[top]</top>
			<width>476</width>
			<orientation>horizontal</orientation>
			<control type="label">
				<width min="0" max="$PARAM[label_width]">auto</width>
				<font>MediaInfoFont</font>
				<textcolor>MediaInfoItemColor</textcolor>
				<shadowcolor>ShadowColor</shadowcolor>
				<label>$PARAM[label]</label>
			</control>
			<control type="label">
				<width min="0" max="$PARAM[info_width]">auto</width>
				<font>MediaInfoFont2</font>
				<textcolor>MediaInfoItemColor2</textcolor>
				<shadowcolor>ShadowColor</shadowcolor>
				<scroll>true</scroll>
				<label fallback="31001">$PARAM[info]</label>
			</control>
		</control>
	</include>
	
	<include name="MoviesListInfo">
		<control type="group">
			<visible>!ListItem.IsParentFolder</visible>
			
			<include content="ListInfoCommon">
				<param name="width" value="177" />
				<param name="height" value="250" />
				<param name="icon" value="$INFO[ListItem.ActualIcon]" />
				<param name="bordersize" value="30" />
				<param name="diffuse" value="covers/list-info-poster-diffuse.png" />
				<param name="image" value="$VAR[PosterThumb]" />
			</include>
			
			<include content="ListInfoGenre">
				<param name="left" value="227" />
				<param name="width" value="476" />
				<param name="label" value="$VAR[MovieGenre]" />
			</include>
			
			<include content="ListInfoPlot">
				<param name="left" value="227" />
				<param name="top" value="376" />
				<param name="width" value="476" />
				<param name="height" value="208" />
				<param name="fallback" value="31203" />
				<param name="label" value="$VAR[MoviePlot]" />
			</include>
			
			<control type="grouplist">
				<description>Media Info</description>
				<visible>![ListItem.IsCollection + !System.HasAddon(script.skin.helper.service)]</visible>
				<left>44</left>
				<top>585</top>
				<width>660</width>
				<align>center</align>
				<orientation>horizontal</orientation>
				<usecontrolcoords>true</usecontrolcoords>
				<include content="ListInfoGrouplistContent">
					<param name="label" value="$LOCALIZE[20339]:" />
					<param name="maxwidth" value="156" />
					<param name="info" value="$INFO[ListItem.Director]" />
					<param name="visible" value="!ListItem.IsCollection" />
				</include>
				<include content="ListInfoGrouplistContent">
					<param name="label" value="$LOCALIZE[342]:" />
					<param name="maxwidth" value="110" />
					<param name="info" value="$INFO[Window(Home).Property(SkinHelper.ListItem.Count)]" />
					<param name="visible" value="ListItem.IsCollection" />
				</include>
				<include>ListInfoViewDot</include>
				<include content="ListInfoGrouplistContent">
					<param name="label" value="$LOCALIZE[345]:" />
					<param name="maxwidth" value="200" />
					<param name="info" value="$VAR[MovieYear]" />
					<param name="visible" value="true" />
				</include>
				<include>ListInfoViewDot</include>
				<include content="ListInfoGrouplistContent">
					<param name="label" value="$LOCALIZE[2050]:" />
					<param name="maxwidth" value="110" />
					<param name="info" value="$VAR[DurationVar]" />
					<param name="visible" value="true" />
				</include>
				<include>ListInfoViewDot</include>
				<include content="ListInfoGrouplistContent">
					<param name="label" value="$LOCALIZE[563]:" />
					<param name="maxwidth" value="110" />
					<param name="info" value="$VAR[RatingType]" />
					<param name="visible" value="true" />
				</include>
			</control>
			
			<control type="label">
				<description>Rating</description>
				<left>44</left>
				<top>585</top>
				<width>660</width>
				<align>center</align>
				<include>ListInfoViewCatLabel</include>
				<label>$LOCALIZE[563]: [COLOR=MediaInfoItemColor2]$VAR[RatingType][/COLOR]</label>
				<visible>ListItem.IsCollection + !System.HasAddon(script.skin.helper.service)</visible>
			</control>
		</control>
	</include>
	
	<include name="TVShowsListInfoBannerMode">
		<control type="group">
			<visible>!String.IsEmpty(ListItem.Title) + Container.Content(TVShows)</visible>
			
			<include content="ListInfoCommon">
				<param name="width" value="671" />
				<param name="height" value="127" />
				<param name="icon" value="$INFO[ListItem.ActualIcon]" />
				<param name="bordersize" value="15" />
				<param name="diffuse" value="covers/list-info-banner-diffuse.png" />
				<param name="image" value="$VAR[BannerThumb]" />
			</include>
			
			<control type="image">
				<description>Genre Background</description>
				<left>43</left>
				<top>341</top>
				<width>250</width>
				<height>27</height>
				<texture border="8">views/genre-background.png</texture>
				<visible>!String.IsEmpty(ListItem.Genre) + !String.IsEmpty(Window(Home).Property(NextAired.Genre)) + !Skin.HasSetting(HideTVShowsGenres)</visible>
			</control>
			
			<control type="label">
				<description>Genre</description>
				<left>50</left>
				<top>343</top>
				<width>234</width>
				<font>MediaInfoFont3</font>
				<textcolor>WhiteColor</textcolor>
				<shadowcolor>ShadowColor</shadowcolor>
				<label>[UPPERCASE]$VAR[ListInfoTVShowsGenre][/UPPERCASE]</label>
				<scroll>false</scroll>
				<animation effect="fade" end="90" condition="true">Conditional</animation>
				<visible>!String.IsEmpty(ListItem.Genre) + !String.IsEmpty(Window(Home).Property(NextAired.Genre)) + !Skin.HasSetting(HideTVShowsGenres)</visible>
			</control>
	
			<include content="ListInfoPlot">
				<param name="left" value="43" />
				<param name="top" value="473" />
				<param name="width" value="662" />
				<param name="height" value="112" />
				<param name="fallback" value="31203" />
				<param name="label" value="$INFO[ListItem.Plot]" />
			</include>
			
			<control type="grouplist">
				<description>Media Info</description>
				<left>44</left>
				<top>585</top>
				<width>660</width>
				<align>center</align>
				<orientation>horizontal</orientation>
				<usecontrolcoords>true</usecontrolcoords>
				<include content="ListInfoGrouplistContent">
					<param name="label" value="$LOCALIZE[33054]:" />
					<param name="maxwidth" value="166" />
					<param name="info" value="$INFO[ListItem.Property(TotalSeasons)]" />
					<param name="visible" value="true" />
				</include>
				<include>ListInfoViewDot</include>
				<include content="ListInfoGrouplistContent">
					<param name="label" value="$LOCALIZE[20360]:" />
					<param name="maxwidth" value="110" />
					<param name="info" value="$INFO[ListItem.Episodes]" />
					<param name="visible" value="true" />
				</include>
				<include>ListInfoViewDot</include>
				<include content="ListInfoGrouplistContent">
					<param name="label" value="$LOCALIZE[345]:" />
					<param name="maxwidth" value="110" />
					<param name="info" value="$INFO[ListItem.Year]" />
					<param name="visible" value="true" />
				</include>
				<include>ListInfoViewDot</include>
				<include content="ListInfoGrouplistContent">
					<param name="label" value="$LOCALIZE[563]:" />
					<param name="maxwidth" value="110" />
					<param name="info" value="$VAR[RatingType]" />
					<param name="visible" value="true" />
				</include>
			</control>
		</control>
		
		<include>SeasonsEpisodesListInfo</include>
	</include>
	
	<include name="TVShowsListInfoPosterMode">
		<control type="group">
			<visible>!String.IsEmpty(ListItem.Title) + Container.Content(TVShows)</visible>
			
			<include content="ListInfoCommon">
				<param name="width" value="177" />
				<param name="height" value="250" />
				<param name="icon" value="$INFO[ListItem.ActualIcon]" />
				<param name="bordersize" value="30" />
				<param name="diffuse" value="covers/list-info-poster-diffuse.png" />
				<param name="image" value="$VAR[PosterThumb]" />
			</include>
			
			<include content="ListInfoGenre">
				<param name="left" value="227" />
				<param name="width" value="476" />
				<param name="label" value="$INFO[ListItem.Genre]" />
			</include>
			
			<control type="group">
				<left>227</left>
				<top>378</top>
				
				<include content="ListInfoGrouplistContent2">
					<param name="visible" value="System.HasAddon(script.tv.show.next.aired) + !Skin.HasSetting(EnableNextAiredInfo)" />
					<param name="top" value="0" />
					<param name="label_width" value="140" />
					<param name="label" value="$LOCALIZE[31966]:" />
					<param name="info_width" value="336" />
					<param name="info" value="$INFO[Window(Home).Property(NextAired.LatestSeasonNumber),S,]$INFO[Window(Home).Property(NextAired.LatestEpisodeNumber),E,.]$INFO[Window(Home).Property(NextAired.LatestTitle), ,]$INFO[Window(Home).Property(NextAired.LatestDate), (,)]" />
				</include>
				
				<include content="ListInfoGrouplistContent2">
					<param name="visible" value="System.HasAddon(script.tv.show.next.aired) + !Skin.HasSetting(EnableNextAiredInfo)" />
					<param name="top" value="25" />
					<param name="label_width" value="140" />
					<param name="label" value="$VAR[ListInfo3NextAiredLabel]" />
					<param name="info_width" value="351" />
					<param name="info" value="$VAR[ListInfo3NextAiredInfo]" />
				</include>
			</control>
			
			<include content="ListInfoPlot" condition="!System.HasAddon(script.tv.show.next.aired) | [System.HasAddon(script.tv.show.next.aired) + Skin.HasSetting(EnableNextAiredInfo)]">
				<param name="left" value="227" />
				<param name="top" value="376" />
				<param name="width" value="476" />
				<param name="height" value="208" />
				<param name="fallback" value="31203" />
				<param name="label" value="$INFO[ListItem.Plot]" />
			</include>
			
			<include content="ListInfoPlot" condition="System.HasAddon(script.tv.show.next.aired) + !Skin.HasSetting(EnableNextAiredInfo)">
				<param name="left" value="227" />
				<param name="top" value="438" />
				<param name="width" value="476" />
				<param name="height" value="146" />
				<param name="fallback" value="31203" />
				<param name="label" value="$INFO[ListItem.Plot]" />
			</include>
			
			<control type="grouplist">
				<description>Media Info</description>
				<left>44</left>
				<top>585</top>
				<width>660</width>
				<align>center</align>
				<orientation>horizontal</orientation>
				<usecontrolcoords>true</usecontrolcoords>
				<include content="ListInfoGrouplistContent">
					<param name="label" value="$LOCALIZE[33054]:" />
					<param name="maxwidth" value="166" />
					<param name="info" value="$INFO[ListItem.Property(TotalSeasons)]" />
					<param name="visible" value="true" />
				</include>
				<include>ListInfoViewDot</include>
				<include content="ListInfoGrouplistContent">
					<param name="label" value="$LOCALIZE[20360]:" />
					<param name="maxwidth" value="110" />
					<param name="info" value="$INFO[ListItem.Episode]" />
					<param name="visible" value="true" />
				</include>
				<include>ListInfoViewDot</include>
				<include content="ListInfoGrouplistContent">
					<param name="label" value="$LOCALIZE[345]:" />
					<param name="maxwidth" value="110" />
					<param name="info" value="$INFO[ListItem.Year]" />
					<param name="visible" value="true" />
				</include>
				<include>ListInfoViewDot</include>
				<include content="ListInfoGrouplistContent">
					<param name="label" value="$LOCALIZE[563]:" />
					<param name="maxwidth" value="110" />
					<param name="info" value="$VAR[RatingType]" />
					<param name="visible" value="true" />
				</include>
			</control>
		</control>
		
		<include>SeasonsEpisodesListInfo</include>
	</include>
	
	<include name="SeasonsEpisodesListInfo">
		<control type="group">
			<visible>Container.Content(Seasons)</visible>
			
			<include content="ListInfoCommon">
				<param name="width" value="177" />
				<param name="height" value="250" />
				<param name="icon" value="$INFO[ListItem.ActualIcon]" />
				<param name="bordersize" value="30" />
				<param name="diffuse" value="covers/list-info-poster-diffuse.png" />
				<param name="image" value="$VAR[PosterThumb]" />
			</include>
			
			<include content="ListInfoGenre">
				<param name="left" value="227" />
				<param name="width" value="476" />
				<param name="label" value="$VAR[SeasonGenre]" />
			</include>
			
			<control type="group">
				<left>227</left>
				<top>378</top>
				
				<include content="ListInfoGrouplistContent2">
					<param name="visible" value="System.HasAddon(script.tv.show.next.aired) + !Skin.HasSetting(EnableNextAiredInfo)" />
					<param name="top" value="0" />
					<param name="label_width" value="140" />
					<param name="label" value="$LOCALIZE[31966]:" />
					<param name="info_width" value="336" />
					<param name="info" value="$INFO[Window(Home).Property(NextAired.LatestSeasonNumber),S,]$INFO[Window(Home).Property(NextAired.LatestEpisodeNumber),E,.]$INFO[Window(Home).Property(NextAired.LatestTitle), ,]$INFO[Window(Home).Property(NextAired.LatestDate), (,)]" />
				</include>
				
				<include content="ListInfoGrouplistContent2">
					<param name="visible" value="System.HasAddon(script.tv.show.next.aired) + !Skin.HasSetting(EnableNextAiredInfo)" />
					<param name="top" value="25" />
					<param name="label_width" value="140" />
					<param name="label" value="$VAR[ListInfo3NextAiredLabel]" />
					<param name="info_width" value="351" />
					<param name="info" value="$VAR[ListInfo3NextAiredInfo]" />
				</include>
			</control>
			
			<include content="ListInfoPlot" condition="!System.HasAddon(script.tv.show.next.aired) | [System.HasAddon(script.tv.show.next.aired) + Skin.HasSetting(EnableNextAiredInfo)]">
				<param name="left" value="227" />
				<param name="top" value="376" />
				<param name="width" value="476" />
				<param name="height" value="208" />
				<param name="fallback" value="31203" />
				<param name="label" value="$INFO[Container.ShowPlot]" />
			</include>
			
			<include content="ListInfoPlot" condition="System.HasAddon(script.tv.show.next.aired) + !Skin.HasSetting(EnableNextAiredInfo)">
				<param name="left" value="227" />
				<param name="top" value="438" />
				<param name="width" value="476" />
				<param name="height" value="146" />
				<param name="fallback" value="31203" />
				<param name="label" value="$INFO[Container.ShowPlot]" />
			</include>
			
			<control type="grouplist">
				<description>Media Info</description>
				<left>44</left>
				<top>585</top>
				<width>660</width>
				<align>center</align>
				<orientation>horizontal</orientation>
				<usecontrolcoords>true</usecontrolcoords>
				<include content="ListInfoGrouplistContent">
					<param name="label" value="$LOCALIZE[572]:" />
					<param name="maxwidth" value="200" />
					<param name="info" value="$VAR[SeasonStudio]" />
					<param name="visible" value="true" />
				</include>
				<include>ListInfoViewDot</include>
				<include content="ListInfoGrouplistContent">
					<param name="label" value="$LOCALIZE[31936]:" />
					<param name="maxwidth" value="110" />
					<param name="info" value="$VAR[SeasonPremiered]" />
					<param name="visible" value="true" />
				</include>
				<include>ListInfoViewDot</include>
				<include content="ListInfoGrouplistContent">
					<param name="label" value="$LOCALIZE[20360]:" />
					<param name="maxwidth" value="110" />
					<param name="info" value="$INFO[ListItem.Episode]" />
					<param name="visible" value="true" />
				</include>
			</control>
		</control>
		
		<control type="group">
			<visible>!ListItem.IsParentFolder + Container.Content(Episodes)</visible>
			
			<control type="image">
				<description>Cover Case</description>
				<left>39</left>
				<top>372</top>
				<width>334</width>
				<height>215</height>
				<texture border="4">covers/cover-case2.png</texture>
				<aspectratio>stretch</aspectratio>
				<fadetime>IconCrossfadeTime</fadetime>
				<animation effect="fade" end="60" condition="true">Conditional</animation>
			</control>
			
			<control type="image">
				<description>Default Cover</description>
				<left>39</left>
				<top>372</top>
				<width>334</width>
				<height>215</height>
				<texture background="true">$INFO[ListItem.ActualIcon]</texture>
				<bordersize>40</bordersize>
				<aspectratio>keep</aspectratio>
				<fadetime>IconCrossfadeTime</fadetime>
				<visible>String.IsEmpty(ListItem.Thumb)</visible>
				<animation effect="fade" end="60" condition="true">Conditional</animation>
			</control>
			
			<control type="image">
				<description>Cover</description>
				<left>39</left>
				<top>372</top>
				<width>334</width>
				<height>215</height>
				<texture background="true">$INFO[ListItem.Thumb]</texture>
				<bordersize>4</bordersize>
				<aspectratio>keep</aspectratio>
				<fadetime>IconCrossfadeTime</fadetime>
				<visible>!String.IsEmpty(ListItem.Thumb)</visible>
			</control>
		
			<control type="label">
				<description>TV Show</description>
				<left>44</left>
				<top>341</top>
				<width>660</width>
				<font>MediaInfoFont2</font>
				<textcolor>MediaInfoItemColor2</textcolor>
				<shadowcolor>ShadowColor</shadowcolor>
				<align>center</align>
				<label>[UPPERCASE]$INFO[ListItem.TVShowTitle][/UPPERCASE]</label>
				<scroll>true</scroll>
			</control>
			
			<include content="ListInfoPlot">
				<param name="left" value="384" />
				<param name="top" value="376" />
				<param name="width" value="319" />
				<param name="height" value="208" />
				<param name="fallback" value="31203" />
				<param name="label" value="$INFO[ListItem.Plot]" />
			</include>
			
			<control type="grouplist">
				<description>Media Info</description>
				<left>44</left>
				<top>585</top>
				<width>660</width>
				<align>center</align>
				<orientation>horizontal</orientation>
				<usecontrolcoords>true</usecontrolcoords>
				<include content="ListInfoGrouplistContent">
					<param name="label" value="$LOCALIZE[20373]:" />
					<param name="maxwidth" value="110" />
					<param name="info" value="$INFO[ListItem.Season]" />
					<param name="visible" value="true" />
				</include>
				<include>ListInfoViewDot</include>
				<include content="ListInfoGrouplistContent">
					<param name="label" value="$LOCALIZE[20359]:" />
					<param name="maxwidth" value="110" />
					<param name="info" value="$INFO[ListItem.Episode]" />
					<param name="visible" value="true" />
				</include>
				<include>ListInfoViewDot</include>
				<control type="label">
					<description>First Aired</description>
					<width min="0" max="150">auto</width>
					<include>ListInfoViewCatLabel</include>
					<label>$LOCALIZE[20416]:</label>
				</control>
				<control type="label">
					<description>First Aired Value</description>
					<width min="0" max="150">auto</width>
					<include>ListInfoViewCatValueLabel</include>
					<label fallback="31001">$INFO[ListItem.Premiered]</label>
				</control>
				<include>ListInfoViewDot</include>
				<include content="ListInfoGrouplistContent">
					<param name="label" value="$LOCALIZE[2050]:" />
					<param name="maxwidth" value="110" />
					<param name="info" value="$VAR[DurationVar]" />
					<param name="visible" value="true" />
				</include>
			</control>
		</control>
	</include>
	
	<include name="MusicListInfo">
		<control type="group">
			<visible>!String.IsEmpty(ListItem.Album)</visible>
			
			<include content="ListInfoCommon">
				<param name="width" value="250" />
				<param name="height" value="250" />
				<param name="icon" value="DefaultAudio.png" />
				<param name="bordersize" value="40" />
				<param name="diffuse" value="covers/list-info-thumb-diffuse.png" />
				<param name="image" value="$INFO[ListItem.Thumb]" />
			</include>
			
			<include content="ListInfoGenre">
				<param name="left" value="300" />
				<param name="width" value="403" />
				<param name="label" value="$INFO[ListItem.Genre]" />
			</include>
			
			<include content="ListInfoPlot">
				<param name="left" value="300" />
				<param name="top" value="376" />
				<param name="width" value="403" />
				<param name="height" value="208" />
				<param name="fallback" value="31204" />
				<param name="label" value="$VAR[MusicInfoTextbox]" />
			</include>
			
			<control type="grouplist">
				<description>Media Info (Album)</description>
				<left>44</left>
				<top>585</top>
				<width>661</width>
				<align>center</align>
				<orientation>horizontal</orientation>
				<usecontrolcoords>true</usecontrolcoords>
				<visible>Container.Content(Albums)</visible>
				<include content="ListInfoGrouplistContent">
					<param name="label" value="$LOCALIZE[557]:" />
					<param name="maxwidth" value="220" />
					<param name="info" value="$INFO[ListItem.Artist]" />
					<param name="visible" value="true" />
				</include>
				<include>ListInfoViewDot</include>
				<include content="ListInfoGrouplistContent">
					<param name="label" value="$LOCALIZE[21899]:" />
					<param name="maxwidth" value="200" />
					<param name="info" value="$INFO[ListItem.Property(Album_Label)]" />
					<param name="visible" value="true" />
				</include>
				<include>ListInfoViewDot</include>
				<include content="ListInfoGrouplistContent">
					<param name="label" value="$LOCALIZE[345]:" />
					<param name="maxwidth" value="110" />
					<param name="info" value="$INFO[ListItem.Year]" />
					<param name="visible" value="true" />
				</include>
				<control type="label">
					<height>45</height>
					<width>26</width>
					<align>center</align>
					<aligny>center</aligny>
					<font>MediaInfoFont</font>
					<textcolor>GreyColor3</textcolor>
					<label>&#x2022;</label>
					<visible>ListItem.IsBoxset</visible>
				</control>
		<include content="ListInfoGrouplistContent">
					<param name="label" value="$LOCALIZE[14087]:" />
					<param name="maxwidth" value="110" />
					<param name="info" value="$INFO[ListItem.TotalDiscs]" />
					<param name="visible" value="ListItem.IsBoxset" />
				</include>
			</control>
			
			<control type="grouplist">
				<description>Media Info (Song)</description>
				<left>44</left>
				<top>585</top>
				<width>661</width>
				<align>center</align>
				<orientation>horizontal</orientation>
				<usecontrolcoords>true</usecontrolcoords>
				<visible>Container.Content(Songs)</visible>
				<include content="ListInfoGrouplistContent">
					<param name="label" value="$LOCALIZE[557]:" />
					<param name="maxwidth" value="250" />
					<param name="info" value="$INFO[ListItem.Artist]" />
					<param name="visible" value="true" />
				</include>
				<include>ListInfoViewDot</include>
				<include content="ListInfoGrouplistContent">
					<param name="label" value="$LOCALIZE[558]:" />
					<param name="maxwidth" value="200" />
					<param name="info" value="$INFO[ListItem.Album]" />
					<param name="visible" value="true" />
				</include>
				<include>ListInfoViewDot</include>
				<include content="ListInfoGrouplistContent">
					<param name="label" value="$LOCALIZE[345]:" />
					<param name="maxwidth" value="110" />
					<param name="info" value="$INFO[ListItem.Year]" />
					<param name="visible" value="true" />
				</include>
			</control>
		</control>
		
		<control type="group">
			<visible>!String.IsEmpty(ListItem.Artist) + Container.Content(Artists)</visible>
			
			<include content="ListInfoCommon">
				<param name="width" value="250" />
				<param name="height" value="250" />
				<param name="icon" value="DefaultArtist.png" />
				<param name="bordersize" value="40" />
				<param name="diffuse" value="covers/list-info-thumb-diffuse.png" />
				<param name="image" value="$INFO[ListItem.Thumb]" />
			</include>
			
			<include content="ListInfoGenre">
				<param name="left" value="300" />
				<param name="width" value="403" />
				<param name="label" value="$INFO[ListItem.Property(Artist_Genre)]" />
			</include>
			
			<include content="ListInfoPlot">
				<param name="left" value="300" />
				<param name="top" value="376" />
				<param name="width" value="403" />
				<param name="height" value="208" />
				<param name="fallback" value="31204" />
				<param name="label" value="$INFO[ListItem.Property(Artist_Description)]" />
			</include>
			
			<control type="grouplist">
				<description>Media Info</description>
				<left>44</left>
				<top>585</top>
				<width>661</width>
				<align>center</align>
				<orientation>horizontal</orientation>
				<usecontrolcoords>true</usecontrolcoords>
				<control type="label">
					<description>Born</description>
					<width min="0" max="150">auto</width>
					<include>ListInfoViewCatLabel</include>
					<label>$LOCALIZE[21893]:</label>
					<visible>!String.IsEmpty(ListItem.Property(Artist_Born))</visible>
				</control>
				<control type="label">
					<description>Formed</description>
					<width min="0" max="150">auto</width>
					<include>ListInfoViewCatLabel</include>
					<label>$LOCALIZE[21894]:</label>
					<visible>!String.IsEmpty(ListItem.Property(Artist_Formed))</visible>
				</control>
				<control type="label">
					<description>Born Value</description>
					<width min="0" max="300">auto</width>
					<include>ListInfoViewCatValueLabel</include>
					<label>$INFO[ListItem.Property(Artist_Born)]</label>
					<visible>!String.IsEmpty(ListItem.Property(Artist_Born))</visible>
				</control>
				<control type="label">
					<description>Formed Value</description>
					<width min="0" max="300">auto</width>
					<include>ListInfoViewCatValueLabel</include>
					<label>$INFO[ListItem.Property(Artist_Formed)]</label>
					<visible>!String.IsEmpty(ListItem.Property(Artist_Formed))</visible>
				</control>
				<control type="label">
					<description>No Value</description>
					<width min="0" max="200">auto</width>
					<include>ListInfoViewCatLabel</include>
					<label>$LOCALIZE[21893]/$LOCALIZE[21894]: [COLOR=MediaInfoItemColor2]$LOCALIZE[31001][/COLOR]</label>
					<visible>String.IsEmpty(ListItem.Property(Artist_Born)) + String.IsEmpty(ListItem.Property(Artist_Formed))</visible>
				</control>
				<include>ListInfoViewDot</include>
				<control type="label">
					<description>Years Active</description>
					<width min="0" max="114">auto</width>
					<include>ListInfoViewCatLabel</include>
					<label>$LOCALIZE[21898]:</label>
				</control>
				<control type="label">
					<description>Years Active Value</description>
					<width min="0" max="200">auto</width>
					<include>ListInfoViewCatValueLabel</include>
					<label fallback="31001">$INFO[ListItem.Property(Artist_YearsActive)]</label>
				</control>
			</control>
		</control>
	</include>
	
	<include name="AddonsListInfo">
		<control type="group">
			<visible>!String.IsEmpty(ListItem.AddonName)</visible>
			
			<include content="ListInfoCommon">
				<param name="width" value="250" />
				<param name="height" value="250" />
				<param name="icon" value="DefaultAddon.png" />
				<param name="bordersize" value="40" />
				<param name="diffuse" value="covers/list-info-thumb-diffuse.png" />
				<param name="image" value="$INFO[ListItem.Thumb]" />
			</include>
			
			<include content="ListInfoGenre">
				<param name="left" value="300" />
				<param name="width" value="403" />
				<param name="label" value="$INFO[ListItem.AddonType]" />
			</include>
			
			<include content="ListInfoPlot">
				<param name="left" value="300" />
				<param name="top" value="376" />
				<param name="width" value="403" />
				<param name="height" value="208" />
				<param name="fallback" value="31204" />
				<param name="label" value="$INFO[ListItem.AddonDescription]" />
			</include>
			
			<control type="grouplist">
				<description>Addon Info</description>
				<left>44</left>
				<top>585</top>
				<width>661</width>
				<align>center</align>
				<orientation>horizontal</orientation>
				<usecontrolcoords>true</usecontrolcoords>
				<include content="ListInfoGrouplistContent">
					<param name="label" value="$LOCALIZE[21863]:" />
					<param name="maxwidth" value="174" />
					<param name="info" value="$INFO[ListItem.AddonCreator]" />
					<param name="visible" value="true" />
				</include>
				<include>ListInfoViewDot</include>
				<include content="ListInfoGrouplistContent">
					<param name="label" value="$LOCALIZE[24051]:" />
					<param name="maxwidth" value="110" />
					<param name="info" value="$INFO[ListItem.AddonVersion]" />
					<param name="visible" value="true" />
				</include>
				<include>ListInfoViewDot</include>
				<include content="ListInfoGrouplistContent">
					<param name="label" value="$LOCALIZE[126]:" />
					<param name="maxwidth" value="150" />
					<param name="info" value="$INFO[ListItem.Property(Addon.Status)]" />
					<param name="visible" value="true" />
				</include>
			</control>
		</control>
	</include>
	
	<include name="ListInfoItemlayoutContent">
		<control type="image">
			<width>505</width>
			<height>37</height>
			<texture border="0,0,10,2">views/list-separator.png</texture>
			<aspectratio>stretch</aspectratio>
		</control>
		<control type="image">
			<description>Icon</description>
			<left>5</left>
			<top>6</top>
			<width>24</width>
			<height>24</height>
			<texture background="true">$INFO[ListItem.ActualIcon].png</texture>
			<aspectratio>stretch</aspectratio>
			<visible>$PARAM[visible]</visible>
			<include>ListViewOverlayFadeAnim</include>
		</control>
		<control type="label">
			<description>Label</description>
			<left>35</left>
			<width>365</width>
			<height>37</height>
			<font>ListFont</font>
			<textcolor>ListColor</textcolor>
			<shadowcolor>ShadowColor</shadowcolor>
			<aligny>center</aligny>
			<info>ListItem.Label</info>
		</control>
	</include>
	
	<include name="ListInfoFocusedlayoutContent">
		<include content="ListFocusedlayoutBackgrounds">
			<param name="width" value="505" />
			<param name="id" value="58" />
		</include>
		<control type="image">
			<description>Icon</description>
			<left>5</left>
			<top>6</top>
			<width>24</width>
			<height>24</height>
			<texture background="true">$INFO[ListItem.ActualIcon].png</texture>
			<aspectratio>stretch</aspectratio>
			<visible>$PARAM[visible]</visible>
		</control>
		<control type="label">
			<description>Label</description>
			<left>35</left>
			<width>365</width>
			<height>37</height>
			<font>ListFont</font>
			<textcolor>SelectedColor</textcolor>
			<shadowcolor>ShadowColor</shadowcolor>
			<aligny>center</aligny>
			<info>ListItem.Label</info>
			<scroll>true</scroll>
		</control>
	</include>
	
	<variable name="ListInfoLabel2">
		<value condition="String.IsEqual(Container.SortMethod,$LOCALIZE[369])">$VAR[RatingType]</value>
		<value>$INFO[ListItem.Label2]</value>
	</variable>
	
	<include name="ListInfoLabel2">
		<control type="label">
			<left>295</left>
			<width>200</width>
			<height>37</height>
			<font>ListFont2</font>
			<textcolor>$PARAM[textcolor]</textcolor>
			<shadowcolor>ShadowColor</shadowcolor>
			<align>right</align>
			<aligny>center</aligny>
			<label>$PARAM[label]</label>
			<visible>$PARAM[visible]</visible>
		</control>
	</include>
	
	<include name="ListInfoStarRating">
		<control type="image">
			<left>395</left>
			<top>10</top>
			<width>100</width>
			<height>16</height>
			<texture background="true">$VAR[StarRating]</texture>
			<aspectratio align="right">keep</aspectratio>
			<animation effect="fade" end="$PARAM[fade]" condition="true">Conditional</animation>
			<visible>$PARAM[visible]</visible>
		</control>
	</include>
	<!-- END INCLUDES -->
</includes>