<?xml version="1.0" encoding="UTF-8"?>
<includes> 
	<include name="WeatherSkinSettings">
		<control type="group">
			<visible>Skin.String(SkinSettingsCategory,8)</visible>
			
			<control type="grouplist" id="907">
				<description>General Content Area</description>
				<width>755</width>
				<height>500</height>
				<pagecontrol>911</pagecontrol>
				<itemgap>0</itemgap>
				<onup>907</onup>
				<ondown>907</ondown>
				<onleft>8</onleft>
				<onright>150</onright>
				<visible>!Skin.HasSetting(ExpandedSettings)</visible>
				<include>ContentSettingsOpenCloseAnim</include>
				<control type="button" id="1002">
					<description>Weather Label</description>
					<include>SettingsHeaderBtn</include>
					<label>$LOCALIZE[8]</label>
				</control>
				<control type="radiobutton" id="1003">
					<description>Enable Weather</description>
					<include>SettingsContentRadioBtn</include>
					<label>$LOCALIZE[31026]</label>
					<selected>!Skin.HasSetting(DisableWeather)</selected>
					<onclick condition="!String.IsEmpty(Weather.Plugin)">Skin.ToggleSetting(DisableWeather)</onclick>
					<onclick condition="!String.IsEmpty(Weather.Plugin)">ReloadSkin()</onclick>
					<include condition="!String.IsEmpty(Weather.Plugin)">ReloadSkinNotification</include>
					<onclick condition="String.IsEmpty(Weather.Plugin)">Notification($LOCALIZE[8],$LOCALIZE[31309],9000)</onclick>
					<onclick condition="String.IsEmpty(Weather.Plugin)">ReplaceWindow(servicesettings,weather)</onclick>
				</control>
				<control type="togglebutton" id="1004">
					<description>Weather Apply To All Windows</description>
					<include>SettingsContentToggleBtn</include>
					<label>$LOCALIZE[31054]</label>
					<altlabel>$LOCALIZE[31051]</altlabel>
					<usealttexture>!Skin.HasSetting(ApplyAllWeather)</usealttexture>
					<onclick>Skin.ToggleSetting(ApplyAllWeather)</onclick>
					<enable>!Skin.HasSetting(DisableWeather) + !String.IsEmpty(Weather.Plugin)</enable>
					<onclick>ReloadSkin()</onclick>
					<include>ReloadSkinNotification</include>
				</control>
				<control type="button" id="1008">
					<description>Select Weather Icon Pack</description>
					<include>SettingsContentBtn</include>
					<label>$LOCALIZE[31065]: [COLOR DefaultColor2]$VAR[WeatherIconsAddonNameVar][/COLOR]</label>
					<onclick condition="System.HasAddon(script.image.resource.select)">RunScript(script.image.resource.select,property=WeatherIconsAddon&amp;type=resource.images.weathericons)</onclick>
					<onclick condition="!System.HasAddon(script.image.resource.select)">InstallAddon(script.image.resource.select)</onclick>
					<enable>!String.IsEmpty(Weather.Plugin)</enable>
				</control>
			</control>
		</control>
	</include>
</includes>