<?xml version="1.0" encoding="UTF-8"?>
<window>
	<defaultcontrol always="true">20</defaultcontrol>

	<coordinates>
		<system>1</system>
		<origin x="116" y="122">true</origin>
	</coordinates>

	<controls>
		<control type="group">
			<depth>DepthDialog</depth>
			<include>DialogOpenCloseAnim</include>
			<animation effect="fade" start="100" end="0" time="250" condition="Window.IsActive(PVRGroupManager)">Conditional</animation>
			
			<include content="DialogWithCloseBtnLabel">
				<param name="width" value="1048"/>
				<param name="height" value="474" />
				<param name="left" value="988" />
				<param name="labelwidth" value="968" />
				<param name="label" value="$VAR[PVRChannelManagerHeader]" />
			</include>

			<control type="group">
				<left>DialogMarginOffsetX</left>
				<top>DialogMarginOffsetY</top>
				<control type="group">
					<description>TV/Radio Button</description>
					<control type="button" id="34">
						<width>485</width>
						<onleft>noop</onleft>
						<onright>8000</onright>
						<onup>9000</onup>
						<ondown>20</ondown>
					</control>			
					<control type="label">
						<left>10</left>
						<width>485</width>
						<height>35</height>
						<label>$LOCALIZE[19024]</label>
						<include>DialogContentLabel</include>
						<visible>!String.IsEmpty(Window.Property(IsRadio))</visible>
					</control>
					<control type="label">
						<left>10</left>
						<width>485</width>
						<height>35</height>
						<label>$LOCALIZE[19023]</label>
						<include>DialogContentLabel</include>
						<visible>String.IsEmpty(Window.Property(IsRadio))</visible>
					</control>
				</control>

				<control type="group" id="6000">
					<description>Channel List Area</description>
					<top>40</top>
					<control type="image">
						<width>485</width>
						<height>320</height>
						<texture background="true" border="7">controls/button-nofocus.png</texture>
					</control>

					<control type="list" id="20">
						<width>485</width>
						<height>320</height>
						<onup>34</onup>
						<ondown>20</ondown>
						<onleft>30</onleft>
						<onright condition="Control.IsVisible(31)">31</onright>
						<onright condition="!Control.IsVisible(31)">8000</onright>
						<pagecontrol>60</pagecontrol>
						<scrolltime>200</scrolltime>
						<itemlayout height="40">
							<control type="group">
								<left>10</left>
								<control type="label">
									<width>50</width>
									<height>40</height>
									<aligny>center</aligny>
									<label>[B]$INFO[ListItem.Property(Number)][/B]</label>
									<visible>ListItem.Property(ActiveChannel)</visible>
								</control>
								<control type="label">
									<width>50</width>
									<height>40</height>
									<aligny>center</aligny>
									<label>[B]$INFO[ListItem.Property(Number)][/B]</label>
									<visible>ListItem.Property(Changed)</visible>
								</control>
							</control>
							<control type="group">
								<left>61</left>
								<control type="label">
									<width>368</width>
									<height>40</height>
									<aligny>center</aligny>
									<label>$INFO[ListItem.Property(Name)]</label>
									<visible>ListItem.Property(ActiveChannel)</visible>
								</control>
								<control type="label">
									<width>368</width>
									<height>40</height>
									<aligny>center</aligny>
									<label>$INFO[ListItem.Property(Name)]</label>
									<visible>ListItem.Property(Changed)</visible>
								</control>
							</control>
						</itemlayout>
						<focusedlayout height="40">
							<control type="image">
								<width>485</width>
								<height>40</height>
								<texture border="5">controls/button-focus.png</texture>
								<visible>Control.HasFocus(20)</visible>
								<animation type="Focus" condition="Container(20).OnNext + ![Skin.String(LowCPUPowerMode,Animations) | Skin.String(LowCPUPowerMode,Full)]" reversible="false">
									<effect type="Fade" start="40" end="100" time="500" tween="back" easing="in"/>
									<effect type="slide" start="0,-40" time="200" tween="sine" easing="out"/>
								</animation>						
								<animation type="Focus" condition="Container(20).OnPrevious + ![Skin.String(LowCPUPowerMode,Animations) | Skin.String(LowCPUPowerMode,Full)]" reversible="false">
									<effect type="Fade" start="40" end="100" time="500" tween="back" easing="in"/>
									<effect type="slide" start="0,40" time="200" tween="sine" easing="out"/>
								</animation>
							</control>
							<control type="image">
								<width>485</width>
								<height>40</height>
								<texture border="5">controls/button-alt-focus.png</texture>
								<visible>!Control.HasFocus(20)</visible>
							</control>
							<control type="group">
								<left>10</left>
								<visible>ListItem.Property(ActiveChannel)</visible>
								<control type="label">
									<width>50</width>
									<height>40</height>
									<aligny>center</aligny>
									<textcolor>SelectedColor</textcolor>
									<label>[B]$INFO[ListItem.Property(Number)][/B]</label>
									<visible>!Control.HasFocus(20)</visible>
								</control>
								<control type="label">
									<width>50</width>
									<height>40</height>
									<aligny>center</aligny>
									<textcolor>SelectedColor</textcolor>
									<label>[B]$INFO[ListItem.Property(Number)][/B]</label>
									<visible>Control.HasFocus(20)</visible>
								</control>
								<control type="label">
									<width>50</width>
									<height>40</height>
									<aligny>center</aligny>
									<textcolor>SelectedColor</textcolor>
									<label>[B]$INFO[ListItem.Property(Number)][/B]</label>
									<visible>ListItem.Property(Changed)</visible>
								</control>
							</control>
							<control type="group">
								<left>61</left>
								<visible>ListItem.Property(ActiveChannel)</visible>
								<control type="label">
									<width>368</width>
									<height>40</height>
									<aligny>center</aligny>
									<textcolor>SelectedColor</textcolor>
									<label>$INFO[ListItem.Property(Name)]</label>
									<visible>Control.HasFocus(20)</visible>
								</control>
								<control type="label">
									<width>368</width>
									<height>40</height>
									<aligny>center</aligny>
									<textcolor>SelectedColor</textcolor>
									<label>$INFO[ListItem.Property(Name)]</label>
									<visible>!Control.HasFocus(20)</visible>
								</control>
								<control type="label">
									<width>368</width>
									<height>40</height>
									<aligny>center</aligny>
									<textcolor>SelectedColor</textcolor>
									<label>$INFO[ListItem.Property(Name)]</label>
									<visible>ListItem.Property(Changed)</visible>
								</control>
							</control>
						</focusedlayout>
					</control>

					<control type="button" id="31">
						<description>Add Channel Button</description>
						<left>437</left>
						<width>40</width>
						<height>40</height>							
						<onup>20</onup>
						<onleft>20</onleft>
						<onright>8000</onright>
						<ondown>20</ondown>
						<label />
						<texturenofocus border="0">pvr/button_Inline-add.png</texturenofocus>
						<texturefocus border="0">pvr/button_Inline-add-focus.png</texturefocus>
						<animation effect="slide" end="0,40" time="150" condition="Container(20).Row(1)">Conditional</animation>
						<animation effect="slide" end="0,80" time="150" condition="Container(20).Row(2)">Conditional</animation>
						<animation effect="slide" end="0,120" time="150" condition="Container(20).Row(3)">Conditional</animation>
						<animation effect="slide" end="0,160" time="150" condition="Container(20).Row(4)">Conditional</animation>
						<animation effect="slide" end="0,200" time="150" condition="Container(20).Row(5)">Conditional</animation>
						<animation effect="slide" end="0,240" time="150" condition="Container(20).Row(6)">Conditional</animation>
						<animation effect="slide" end="0,280" time="150" condition="Container(20).Row(7)">Conditional</animation>
						<animation effect="slide" end="0,320" time="150" condition="Container(20).Row(8)">Conditional</animation>
						<visible>!Container(20).Scrolling</visible>
					</control>
				</control>

				<control type="grouplist" id="8000">
					<description>Right Pane Area</description>
					<left>493</left>
					<width>485</width>
					<height>600</height>
					<onleft>34</onleft>
					<onright>noop</onright>
					<onup>9000</onup>
					<ondown>9000</ondown>
					<itemgap>5</itemgap>
					<control type="radiobutton" id="7">
						<description>active</description>
						<width>485</width>
						<include>DialogContentLabel</include>
						<label>$LOCALIZE[19074]</label>
					</control>

					<control type="button" id="15">
						<description>client</description>
						<width>485</width>
						<align>left</align>
						<include>DialogContentLabel</include>
						<label>$LOCALIZE[19210]: $INFO[ListItem.Property(ClientName)]</label>
					</control>

					<control type="edit" id="8">
						<description>channel name</description>
						<width>485</width>
						<textwidth>465</textwidth>
						<include>DialogContentLabel</include>
						<label>$LOCALIZE[19201]</label>
					</control>

					<control type="radiobutton" id="12">
						<description>activate epg</description>
						<width>485</width>
						<include>DialogContentLabel</include>
						<label>$LOCALIZE[19206]</label>
					</control>

					<control type="spincontrolex" id="13">
						<description>epg source</description>
						<width>485</width>
						<include>DialogContentLabel</include>
						<label>$LOCALIZE[19200]</label>
					</control>
					
					<control type="radiobutton" id="14">
						<description>Parental locked</description>
						<width>485</width>
						<include>DialogContentLabel</include>
						<label>$LOCALIZE[19267]</label>
					</control>

					<control type="group" id="10">
						<description>channel icon</description>
						<control type="button" id="9">
							<description>channel icon button</description>
							<width>485</width>
							<height>120</height>
							<include>DialogContentLabel</include>
							<label />
							<onup>14</onup>
							<ondown>5</ondown>
							<onleft>20</onleft>
						</control>
						
						<control type="label">
							<description>channel icon label</description>
							<top>16</top>
							<left>8</left>
							<width>145</width>
							<include>DialogContentLabel</include>
							<label>$LOCALIZE[19202]</label>
						</control>
						
						<control type="image">
							<top>8</top>
							<left>155</left>
							<width>322</width>
							<height>104</height>
							<texture background="true">$INFO[ListItem.Property(Icon)]</texture>
							<aspectratio align="right">keep</aspectratio>
							<fadetime>300</fadetime>
						</control>
					</control>
				</control>
			</control>
			
			<control type="grouplist" id="9000">
				<description>Dialog Button Area</description>
				<left>192.5</left>
				<top>420</top>
				<onup>20</onup>
				<ondown>34</ondown>
				<orientation>horizontal</orientation>
				<itemgap>0</itemgap>
				<control type="button" id="30">
					<description>Group Manager</description>
					<include>DialogMenuBarBtn</include>
					<label>$LOCALIZE[19205]</label>					
				</control>
				<control type="label" id="1">
					<width>228</width>
				</control>
				<control type="button" id="5">
					<description>Apply changes</description>
					<include>DialogMenuBarSmallestBtn</include>
					<label>$LOCALIZE[190]</label>
				</control>
				<control type="button" id="4">
					<description>OK</description>
					<include>DialogMenuBarSmallestBtn</include>
					<label>$LOCALIZE[186]</label>
				</control>
				<control type="button" id="6">
					<description>Cancel</description>
					<include>DialogMenuBarSmallestBtn</include>
					<label>$LOCALIZE[222]</label>
				</control>
			</control>
		</control>
	</controls>
</window>