<?xml version="1.0" encoding="UTF-8"?>
<includes>
	<include name="QuickJumpVerticalLayout">
		<left>$PARAM[left]</left>
		<top>$PARAM[top]</top>
		<height>$PARAM[height]</height>
		<width>14</width>
		<orientation>vertical</orientation>
		<onleft>500</onleft>
		<visible>Integer.IsGreater(Container.NumPages,1) + Skin.HasSetting(EnableQuickJump)</visible>
		<itemlayout height="$PARAM[itemheight]" width="14">
			<control type="label">
				<width>100%</width>
				<align>center</align>
				<label>$INFO[ListItem.Label]</label>
				<textcolor>MediaInfoItemColor2</textcolor>
				<shadowcolor>ShadowColor</shadowcolor>
				<font>ListFont7</font>
				<animation effect="fade" start="100" end="20" time="0" condition="!String.IsEmpty(ListItem.Property(NotAvailable))">Conditional</animation>
				<visible>!String.IsEqual(ListItem.Label,Container.ListItem.SortLetter)</visible>
			</control>
			<control type="label">
				<width>100%</width>
				<align>center</align>
				<label>$INFO[ListItem.Label]</label>
				<textcolor>MediaInfoItemColor</textcolor>
				<shadowcolor>ShadowColor</shadowcolor>
				<font>ListFont7</font>
				<visible>String.IsEqual(ListItem.Label,Container.ListItem.SortLetter)</visible>
			</control>
		</itemlayout>
		<focusedlayout height="$PARAM[itemheight]" width="14">
			<control type="label">
				<width>100%</width>
				<align>center</align>
				<label>$INFO[ListItem.Label]</label>
				<font>ListFont7</font>
				<textcolor>SelectedColor2</textcolor>
				<shadowcolor>ShadowColor</shadowcolor>
				<animation effect="zoom" end="120,120" center="auto" time="100">Focus</animation>
				<animation effect="fade" start="100" end="20" time="0" condition="!String.IsEmpty(ListItem.Property(NotAvailable))">Conditional</animation>
			</control>
		</focusedlayout>
		<content>plugin://script.skin.helper.service/?action=alphabet&amp;reload=$INFO[Container.NumItems]</content>
	</include>
	
	<include name="QuickJumpHorizontalLayout">
		<left>$PARAM[left]</left>
		<top>$PARAM[top]</top>
		<height>16</height>
		<width>$PARAM[width]</width>
		<orientation>horizontal</orientation>
		<onup>500</onup>
		<visible>Integer.IsGreater(Container.NumPages,1) + Skin.HasSetting(EnableQuickJump)</visible>
		<itemlayout height="14" width="$PARAM[itemwidth]">
			<control type="label">
				<width>100%</width>
				<align>center</align>
				<label>$INFO[ListItem.Label]</label>
				<textcolor>MediaInfoItemColor2</textcolor>
				<shadowcolor>ShadowColor</shadowcolor>
				<font>ListFont7</font>
				<animation effect="fade" start="100" end="20" time="0" condition="!String.IsEmpty(ListItem.Property(NotAvailable))">Conditional</animation>
				<visible>!String.IsEqual(ListItem.Label,Container.ListItem.SortLetter)</visible>
			</control>
			<control type="label">
				<width>100%</width>
				<align>center</align>
				<label>$INFO[ListItem.Label]</label>
				<textcolor>MediaInfoItemColor</textcolor>
				<shadowcolor>ShadowColor</shadowcolor>
				<font>ListFont7</font>
				<visible>String.IsEqual(ListItem.Label,Container.ListItem.SortLetter)</visible>
			</control>
		</itemlayout>
		<focusedlayout height="14" width="$PARAM[itemwidth]">
			<control type="label">
				<width>100%</width>
				<align>center</align>
				<label>$INFO[ListItem.Label]</label>
				<font>ListFont7</font>
				<textcolor>SelectedColor2</textcolor>
				<shadowcolor>ShadowColor</shadowcolor>
				<animation effect="zoom" end="120,120" center="auto" time="100">Focus</animation>
				<animation effect="fade" start="100" end="20" time="0" condition="!String.IsEmpty(ListItem.Property(NotAvailable))">Conditional</animation>
			</control>
		</focusedlayout>
		<content>plugin://script.skin.helper.service/?action=alphabet&amp;reload=$INFO[Container.NumItems]</content>
	</include>
	
	<include name="IconViewScrollbar">
		<control type="group" id="150">
			<animation effect="fade" start="100" end="0" time="150" condition="!Skin.HasSetting(ShowIconViewScrollbar) + !ControlGroup(150).HasFocus">Conditional</animation>
			
			<control type="image">
				<left>1262</left>
				<top>91</top>
				<width>14</width>
				<height>543</height>
				<texture border="4">controls/scrollbar-background.png</texture>
				<visible>Skin.HasSetting(EnableQuickJump)</visible>
			</control>
			
			<control type="panel" id="951">
				<visible>Control.IsVisible(50) + ![Container.Content(Episodes) + !String.IsEqual(Container.SortMethod,$LOCALIZE[551])]</visible>
				<include content="QuickJumpVerticalLayout">
					<param name="left" value="1262" />
					<param name="top" value="94" />
					<param name="height" value="540" />
					<param name="itemheight" value="20" />
				</include>
			</control>
			
			<control type="scrollbar" id="901">
				<left>1262</left>
				<top>91</top>
				<height>543</height>
				<onleft>500</onleft>
				<visible>![Skin.HasSetting(EnableQuickJump) + ![Container.Content(Episodes) + !String.IsEqual(Container.SortMethod,$LOCALIZE[551])]]</visible>
			</control>
		</control>
	</include>
	
	<include name="ListViewScrollbar">
		<control type="group" id="150">
			<control type="image">
				<left>767</left>
				<top>110</top>
				<width>14</width>
				<height>517</height>
				<texture border="4">controls/scrollbar-background.png</texture>
			</control>
			
			<control type="group">
				<animation effect="fade" start="100" end="0" time="150" condition="Skin.HasSetting(HideListViewScrollbar) + !ControlGroup(150).HasFocus">Conditional</animation>
				
				<control type="panel" id="953">
					<visible>Control.IsVisible(52) + ![Container.Content(Seasons) | [Container.Content(Episodes) + !String.IsEqual(Container.SortMethod,$LOCALIZE[551])]]</visible>
					<onright condition="[Container.Content(Movies) | Container.Content(TVShows)] + !String.IsEmpty(ListItem.Trailer)">PlayMedia($ESCINFO[ListItem.Trailer],noresume)</onright>
					<onright condition="[Container.Content(Movies) | Container.Content(TVShows)] + String.IsEmpty(ListItem.Trailer) + System.HasAddon(script.extendedinfo)">RunScript(script.extendedinfo,info=youtubebrowser,id=$INFO[ListItem.Label] trailer)</onright>
					<onright condition="Container.Content(Episodes) + String.IsEmpty(ListItem.Trailer) + System.HasAddon(script.extendedinfo)">RunScript(script.extendedinfo,info=youtubebrowser,id=$INFO[ListItem.TVShowTitle] $INFO[ListItem.Label] trailer)</onright>
					<onright condition="Container.Content(musicvideos) + String.IsEmpty(ListItem.Trailer) + System.HasAddon(script.extendedinfo)">RunScript(script.extendedinfo,info=youtubebrowser,id=$INFO[ListItem.Artist] $INFO[ListItem.Label])</onright>
					<onright condition="!System.HasAddon(script.extendedinfo) + String.IsEmpty(ListItem.Trailer)">InstallAddon(script.extendedinfo)</onright>
					<include content="QuickJumpVerticalLayout">
						<param name="left" value="767" />
						<param name="top" value="113" />
						<param name="height" value="514" />
						<param name="itemheight" value="19" />
					</include>
				</control>
			
				<control type="scrollbar" id="903">
					<left>767</left>
					<top>110</top>
					<height>517</height>
					<texturesliderbackground />
					<onleft>500</onleft>
					<onright condition="[Container.Content(Movies) | Container.Content(TVShows)] + !String.IsEmpty(ListItem.Trailer)">PlayMedia($ESCINFO[ListItem.Trailer],noresume)</onright>
					<onright condition="[Container.Content(Movies) | Container.Content(TVShows)] + String.IsEmpty(ListItem.Trailer) + System.HasAddon(script.extendedinfo)">RunScript(script.extendedinfo,info=youtubebrowser,id=$INFO[ListItem.Label] trailer)</onright>
					<onright condition="Container.Content(Episodes) + String.IsEmpty(ListItem.Trailer) + System.HasAddon(script.extendedinfo)">RunScript(script.extendedinfo,info=youtubebrowser,id=$INFO[ListItem.TVShowTitle] $INFO[ListItem.Label] trailer)</onright>
					<onright condition="Container.Content(musicvideos) + String.IsEmpty(ListItem.Trailer) + System.HasAddon(script.extendedinfo)">RunScript(script.extendedinfo,info=youtubebrowser,id=$INFO[ListItem.Artist] $INFO[ListItem.Label])</onright>
					<onright condition="!System.HasAddon(script.extendedinfo) + String.IsEmpty(ListItem.Trailer)">InstallAddon(script.extendedinfo)</onright>
					<visible>![Skin.HasSetting(EnableQuickJump) + ![Container.Content(Seasons) | [Container.Content(Episodes) + !String.IsEqual(Container.SortMethod,$LOCALIZE[551])]]]</visible>
				</control>
			</control>
		</control>
	</include>
	
	<include name="ThumbnailViewScrollbar">
		<control type="group" id="150">
			<animation effect="fade" start="100" end="0" time="150" condition="!Skin.HasSetting(ShowThumbnailViewScrollbar) + !ControlGroup(150).HasFocus">Conditional</animation>
			
			<control type="image">
				<left>1262</left>
				<top>107</top>
				<width>14</width>
				<height>508</height>
				<texture border="4">controls/scrollbar-background.png</texture>
				<visible>Skin.HasSetting(EnableQuickJump)</visible>
			</control>
			
			<control type="panel" id="954">
				<visible>[Control.IsVisible(54) | Control.IsVisible(63)] + !Container.Content(Seasons)</visible>
				<include content="QuickJumpVerticalLayout">
					<param name="left" value="1262" />
					<param name="top" value="105" />
					<param name="height" value="513" />
					<param name="itemheight" value="19" />
				</include>
			</control>
			
			<control type="scrollbar" id="904">
				<left>1262</left>
				<top>107</top>
				<height>508</height>
				<onleft>500</onleft>
				<visible>![Skin.HasSetting(EnableQuickJump) + !Container.Content(Seasons)]</visible>
			</control>
		</control>
	</include>

	<include name="ColumnsViewScrollbar">
		<control type="group" id="150">	
			<control type="scrollbar" id="904">
				<left>1223</left>
				<top>35</top>
				<height>332</height>
				<onleft>50</onleft>
				<animation effect="fade" start="100" end="0" time="150" condition="!Skin.HasSetting(ShowColumnsViewScrollbar) + !ControlGroup(150).HasFocus">Conditional</animation>
			</control>
		</control>
	</include>
	
	<include name="ListInfoViewScrollbar">
		<control type="group" id="150">
			<control type="image">
				<left>1232</left>
				<top>332</top>
				<width>14</width>
				<height>295</height>
				<texture border="4">controls/scrollbar-background.png</texture>
			</control>
			
			<control type="group">
				<animation effect="fade" start="100" end="0" time="150" condition="Skin.HasSetting(HideListInfoViewScrollbar) + !ControlGroup(150).HasFocus">Conditional</animation>
				
				<control type="panel" id="955">
					<visible>[Control.IsVisible(58) | Control.IsVisible(61) | Control.IsVisible(62) | Control.IsVisible(73) | Control.IsVisible(91) | Control.IsVisible(530)] + ![Container.Content(Seasons) | [Container.Content(Episodes) + !String.IsEqual(Container.SortMethod,$LOCALIZE[551])]]</visible>
					<onright condition="[Container.Content(Movies) | Container.Content(TVShows)] + !String.IsEmpty(ListItem.Trailer)">PlayMedia($ESCINFO[ListItem.Trailer],noresume)</onright>
					<onright condition="[Container.Content(Movies) | Container.Content(TVShows)] + String.IsEmpty(ListItem.Trailer) + System.HasAddon(script.extendedinfo)">RunScript(script.extendedinfo,info=youtubebrowser,id=$INFO[ListItem.Label] trailer)</onright>
					<onright condition="Container.Content(Episodes) + String.IsEmpty(ListItem.Trailer) + System.HasAddon(script.extendedinfo)">RunScript(script.extendedinfo,info=youtubebrowser,id=$INFO[ListItem.TVShowTitle] $INFO[ListItem.Label] trailer)</onright>
					<onright condition="!System.HasAddon(script.extendedinfo) + String.IsEmpty(ListItem.Trailer)">InstallAddon(script.extendedinfo)</onright>
					<include content="QuickJumpVerticalLayout">
						<param name="left" value="1232" />
						<param name="top" value="331" />
						<param name="height" value="300" />
						<param name="itemheight" value="20" />
					</include>
				</control>
			
				<control type="scrollbar" id="905">
					<left>1232</left>
					<top>332</top>
					<height>287</height>
					<texturesliderbackground />
					<onleft>500</onleft>
					<onright condition="[Container.Content(Movies) | Container.Content(TVShows)] + !String.IsEmpty(ListItem.Trailer)">PlayMedia($ESCINFO[ListItem.Trailer],noresume)</onright>
					<onright condition="[Container.Content(Movies) | Container.Content(TVShows)] + String.IsEmpty(ListItem.Trailer) + System.HasAddon(script.extendedinfo)">RunScript(script.extendedinfo,info=youtubebrowser,id=$INFO[ListItem.Label] trailer)</onright>
					<onright condition="Container.Content(Episodes) + String.IsEmpty(ListItem.Trailer) + System.HasAddon(script.extendedinfo)">RunScript(script.extendedinfo,info=youtubebrowser,id=$INFO[ListItem.TVShowTitle] $INFO[ListItem.Label] trailer)</onright>
					<onright condition="!System.HasAddon(script.extendedinfo) + String.IsEmpty(ListItem.Trailer)">InstallAddon(script.extendedinfo)</onright>
					<visible>![Skin.HasSetting(EnableQuickJump) + ![Container.Content(Seasons) | [Container.Content(Episodes) + !String.IsEqual(Container.SortMethod,$LOCALIZE[551])]]]</visible>
				</control>
			</control>
		</control>
	</include>
	
	<include name="ListInfo2ViewScrollbar">
		<control type="group" id="150">
			<control type="image">
				<left>1232</left>
				<top>110</top>
				<width>14</width>
				<height>517</height>
				<texture border="4">controls/scrollbar-background.png</texture>
			</control>
			
			<control type="group">
				<animation effect="fade" start="100" end="0" time="150" condition="Skin.HasSetting(HideListInfoView2Scrollbar) + !ControlGroup(150).HasFocus">Conditional</animation>
				
				<control type="panel" id="956">
					<visible>[Control.IsVisible(50) | Control.IsVisible(65) | Control.IsVisible(66) | Control.IsVisible(67) | Control.IsVisible(68) | Control.IsVisible(531) | Control.IsVisible(587) | Control.IsVisible(591)] + ![[Container.Content(Episodes) | Window.IsActive(MyPVRChannels.xml) | Window.IsActive(MyPVRRecordings.xml)] + ![String.IsEqual(Container.SortMethod,$LOCALIZE[551]) | String.IsEqual(Container.SortMethod,$LOCALIZE[561])]]</visible>
					<onright condition="[Container.Content(Movies) | Container.Content(TVShows)] + !String.IsEmpty(ListItem.Trailer)">PlayMedia($ESCINFO[ListItem.Trailer],noresume)</onright>
					<onright condition="[Container.Content(Movies) | Container.Content(TVShows)] + String.IsEmpty(ListItem.Trailer) + System.HasAddon(script.extendedinfo)">RunScript(script.extendedinfo,info=youtubebrowser,id=$INFO[ListItem.Label] trailer)</onright>
					<onright condition="Container.Content(Episodes) + String.IsEmpty(ListItem.Trailer) + System.HasAddon(script.extendedinfo)">RunScript(script.extendedinfo,info=youtubebrowser,id=$INFO[ListItem.TVShowTitle] $INFO[ListItem.Label] trailer)</onright>
					<onright condition="Container.Content(musicvideos) + String.IsEmpty(ListItem.Trailer) + System.HasAddon(script.extendedinfo)">RunScript(script.extendedinfo,info=youtubebrowser,id=$INFO[ListItem.Artist] $INFO[ListItem.Label])</onright>
					<onright condition="!System.HasAddon(script.extendedinfo) + String.IsEmpty(ListItem.Trailer)">InstallAddon(script.extendedinfo)</onright>
					<include content="QuickJumpVerticalLayout">
						<param name="left" value="1232" />
						<param name="top" value="113" />
						<param name="height" value="514" />
						<param name="itemheight" value="19" />
					</include>
				</control>
				
				<control type="scrollbar" id="906">
					<left>1232</left>
					<top>110</top>
					<height>517</height>
					<texturesliderbackground />
					<onleft>500</onleft>
					<onright condition="[Container.Content(Movies) | Container.Content(TVShows)] + !String.IsEmpty(ListItem.Trailer)">PlayMedia($ESCINFO[ListItem.Trailer],noresume)</onright>
					<onright condition="[Container.Content(Movies) | Container.Content(TVShows)] + String.IsEmpty(ListItem.Trailer) + System.HasAddon(script.extendedinfo)">RunScript(script.extendedinfo,info=youtubebrowser,id=$INFO[ListItem.Label] trailer)</onright>
					<onright condition="Container.Content(Episodes) + String.IsEmpty(ListItem.Trailer) + System.HasAddon(script.extendedinfo)">RunScript(script.extendedinfo,info=youtubebrowser,id=$INFO[ListItem.TVShowTitle] $INFO[ListItem.Label] trailer)</onright>
					<onright condition="Container.Content(musicvideos) + String.IsEmpty(ListItem.Trailer) + System.HasAddon(script.extendedinfo)">RunScript(script.extendedinfo,info=youtubebrowser,id=$INFO[ListItem.Artist] $INFO[ListItem.Label])</onright>
					<onright condition="!System.HasAddon(script.extendedinfo) + String.IsEmpty(ListItem.Trailer)">InstallAddon(script.extendedinfo)</onright>
					<visible>![Skin.HasSetting(EnableQuickJump) + ![[Container.Content(Episodes) | Window.IsActive(MyPVRChannels.xml) | Window.IsActive(MyPVRRecordings.xml)] + ![String.IsEqual(Container.SortMethod,$LOCALIZE[551]) | String.IsEqual(Container.SortMethod,$LOCALIZE[561])]]]</visible>
				</control>
			</control>
		</control>
	</include>
	
	<include name="ListInfo3ViewScrollbar">	
		<control type="group" id="150">
			<control type="image">
				<left>817</left>
				<top>110</top>
				<width>12</width>
				<height>517</height>
				<texture border="4">controls/scrollbar-background.png</texture>
			</control>
			
			<control type="group">
				<animation effect="fade" start="100" end="0" time="150" condition="Skin.HasSetting(HideListInfoView3Scrollbar) + !ControlGroup(150).HasFocus">Conditional</animation>
				
				<control type="panel" id="957">
					<visible>[Control.IsVisible(94) | Control.IsVisible(95) | Control.IsVisible(96) | Control.IsVisible(578) | Control.IsVisible(589)] + ![Container.Content(Episodes) + !String.IsEqual(Container.SortMethod,$LOCALIZE[551])]</visible>
					<onright condition="[Container.Content(Movies) | Container.Content(TVShows)] + !String.IsEmpty(ListItem.Trailer)">PlayMedia($ESCINFO[ListItem.Trailer],noresume)</onright>
					<onright condition="[Container.Content(Movies) | Container.Content(TVShows)] + String.IsEmpty(ListItem.Trailer) + System.HasAddon(script.extendedinfo)">RunScript(script.extendedinfo,info=youtubebrowser,id=$INFO[ListItem.Label] trailer)</onright>
					<onright condition="Container.Content(Episodes) + String.IsEmpty(ListItem.Trailer) + System.HasAddon(script.extendedinfo)">RunScript(script.extendedinfo,info=youtubebrowser,id=$INFO[ListItem.TVShowTitle] $INFO[ListItem.Label] trailer)</onright>
					<onright condition="!System.HasAddon(script.extendedinfo) + String.IsEmpty(ListItem.Trailer)">InstallAddon(script.extendedinfo)</onright>
					<include content="QuickJumpVerticalLayout">
						<param name="left" value="817" />
						<param name="top" value="113" />
						<param name="height" value="514" />
						<param name="itemheight" value="19" />
					</include>
				</control>
			
				<control type="scrollbar" id="917">
					<left>817</left>
					<top>110</top>
					<width>12</width>
					<height>517</height>
					<texturesliderbackground />
					<onleft>500</onleft>
					<onright condition="[Container.Content(Movies) | Container.Content(TVShows)] + !String.IsEmpty(ListItem.Trailer)">PlayMedia($ESCINFO[ListItem.Trailer],noresume)</onright>
					<onright condition="[Container.Content(Movies) | Container.Content(TVShows)] + String.IsEmpty(ListItem.Trailer) + System.HasAddon(script.extendedinfo)">RunScript(script.extendedinfo,info=youtubebrowser,id=$INFO[ListItem.Label] trailer)</onright>
					<onright condition="Container.Content(Episodes) + String.IsEmpty(ListItem.Trailer) + System.HasAddon(script.extendedinfo)">RunScript(script.extendedinfo,info=youtubebrowser,id=$INFO[ListItem.TVShowTitle] $INFO[ListItem.Label] trailer)</onright>
					<onright condition="!System.HasAddon(script.extendedinfo) + String.IsEmpty(ListItem.Trailer)">InstallAddon(script.extendedinfo)</onright>
					<visible>![Skin.HasSetting(EnableQuickJump) + ![Container.Content(Episodes) + !String.IsEqual(Container.SortMethod,$LOCALIZE[551])]]</visible>
				</control>
			</control>
		</control>
	</include>
	
	<include name="ThumbsInfoViewScrollbar">
		<control type="group" id="150">
			<control type="image">
				<left>1232</left>
				<top>110</top>
				<width>14</width>
				<height>517</height>
				<texture border="4">controls/scrollbar-background.png</texture>
			</control>
			
			<control type="group">
				<animation effect="fade" start="100" end="0" time="150" condition="Skin.HasSetting(HideThumbsInfoViewScrollbar) + !ControlGroup(150).HasFocus">Conditional</animation>
				
				<control type="panel" id="968">
					<visible>Control.IsVisible(97) | Control.IsVisible(100) | Control.IsVisible(532) | Control.IsVisible(579) | Control.IsVisible(599)</visible>
					<include content="QuickJumpVerticalLayout">
						<param name="left" value="1232" />
						<param name="top" value="113" />
						<param name="height" value="514" />
						<param name="itemheight" value="19" />
					</include>
				</control>
			
				<control type="scrollbar" id="918">
					<left>1232</left>
					<top>110</top>
					<height>517</height>
					<texturesliderbackground />
					<onleft>500</onleft>
					<visible>!Skin.HasSetting(EnableQuickJump)</visible>
				</control>
			</control>
		</control>
	</include>
	
	<include name="WrapInfoViewScrollbar">
		<control type="group" id="150">
			<animation effect="fade" start="100" end="0" time="150" condition="!Skin.HasSetting(ShowWrapInfoViewScrollbar) + !ControlGroup(150).HasFocus">Conditional</animation>
			
			<control type="image">
				<left>485</left>
				<top>465</top>
				<width>765</width>
				<height>12</height>
				<texture border="4">controls/scrollbar-background.png</texture>
				<visible>Skin.HasSetting(EnableQuickJump)</visible>
			</control>
			
			<control type="panel" id="958">
				<visible>Control.IsVisible(53) | Control.IsVisible(64) | Control.IsVisible(93)</visible>
				<ondown condition="[Container.Content(Movies) | Container.Content(TVShows)] + !String.IsEmpty(ListItem.Trailer)">PlayMedia($ESCINFO[ListItem.Trailer],noresume)</ondown>
				<ondown condition="[Container.Content(Movies) | Container.Content(TVShows)] + String.IsEmpty(ListItem.Trailer) + System.HasAddon(script.extendedinfo)">RunScript(script.extendedinfo,info=youtubebrowser,id=$INFO[ListItem.Label] trailer)</ondown>
				<ondown condition="Container.Content(Episodes) + String.IsEmpty(ListItem.Trailer) + System.HasAddon(script.extendedinfo)">RunScript(script.extendedinfo,info=youtubebrowser,id=$INFO[ListItem.TVShowTitle] $INFO[ListItem.Label] trailer)</ondown>
				<onright condition="!System.HasAddon(script.extendedinfo) + String.IsEmpty(ListItem.Trailer)">InstallAddon(script.extendedinfo)</onright>
				<include content="QuickJumpHorizontalLayout">
					<param name="left" value="489" />
					<param name="top" value="462" />
					<param name="width" value="760" />
					<param name="itemwidth" value="28" />
				</include>
			</control>
			
			<control type="scrollbar" id="908">
				<left>485</left>
				<top>465</top>
				<width>765</width>
				<height>12</height>
				<orientation>horizontal</orientation>
				<texturesliderbar border="2">controls/scrollbar-slider-horz-nofocus.png</texturesliderbar>
				<texturesliderbarfocus border="2">controls/scrollbar-slider-horz-focus.png</texturesliderbarfocus>
				<textureslidernib />
				<textureslidernibfocus />
				<onup>500</onup>
				<ondown condition="[Container.Content(Movies) | Container.Content(TVShows)] + !String.IsEmpty(ListItem.Trailer)">PlayMedia($ESCINFO[ListItem.Trailer],noresume)</ondown>
				<ondown condition="[Container.Content(Movies) | Container.Content(TVShows)] + String.IsEmpty(ListItem.Trailer) + System.HasAddon(script.extendedinfo)">RunScript(script.extendedinfo,info=youtubebrowser,id=$INFO[ListItem.Label] trailer)</ondown>
				<ondown condition="Container.Content(Episodes) + String.IsEmpty(ListItem.Trailer) + System.HasAddon(script.extendedinfo)">RunScript(script.extendedinfo,info=youtubebrowser,id=$INFO[ListItem.TVShowTitle] $INFO[ListItem.Label] trailer)</ondown>
				<onright condition="!System.HasAddon(script.extendedinfo) + String.IsEmpty(ListItem.Trailer)">InstallAddon(script.extendedinfo)</onright>
				<visible>!Skin.HasSetting(EnableQuickJump)</visible>
			</control>
		</control>
	</include>
	
	<include name="WallViewScrollbar">
		<control type="group" id="150">
			<animation effect="fade" start="100" end="0" time="150" condition="!Skin.HasSetting(ShowWallViewScrollbar) + !ControlGroup(150).HasFocus">Conditional</animation>
			
			<control type="image">
				<left>-1</left>
				<top>706</top>
				<width>1282</width>
				<height>14</height>
				<texture border="4">controls/scrollbar-background.png</texture>
				<visible>Skin.HasSetting(EnableQuickJump) + !Skin.HasSetting(WallViewVerticalNavigation)</visible>
			</control>
			
			<control type="image">
				<left>1266</left>
				<top>35</top>
				<width>14</width>
				<height>685</height>
				<texture border="4">controls/scrollbar-background.png</texture>
				<visible>Skin.HasSetting(EnableQuickJump) + Skin.HasSetting(WallViewVerticalNavigation)</visible>
			</control>
			
			<control type="panel" id="959">
				<visible>!Control.IsVisible(659) + [Control.IsVisible(69) | Control.IsVisible(70) | Control.IsVisible(586)] + !Skin.HasSetting(WallViewVerticalNavigation)</visible>
				<ondown condition="[Container.Content(Movies) | Container.Content(TVShows)] + !String.IsEmpty(ListItem.Trailer)">PlayMedia($ESCINFO[ListItem.Trailer],noresume)</ondown>
				<ondown condition="[Container.Content(Movies) | Container.Content(TVShows)] + String.IsEmpty(ListItem.Trailer) + System.HasAddon(script.extendedinfo)">RunScript(script.extendedinfo,info=youtubebrowser,id=$INFO[ListItem.Label] trailer)</ondown>
				<ondown condition="!System.HasAddon(script.extendedinfo) + String.IsEmpty(ListItem.Trailer)">InstallAddon(script.extendedinfo)</ondown>
				<include content="QuickJumpHorizontalLayout">
					<param name="left" value="4" />
					<param name="top" value="704" />
					<param name="width" value="1280" />
					<param name="itemwidth" value="47" />
				</include>
			</control>
			
			<control type="panel" id="959">
				<visible>!Control.IsVisible(659) + [Control.IsVisible(69) | Control.IsVisible(70) | Control.IsVisible(586)] + Skin.HasSetting(WallViewVerticalNavigation)</visible>
				<onright condition="[Container.Content(Movies) | Container.Content(TVShows)] + !String.IsEmpty(ListItem.Trailer)">PlayMedia($ESCINFO[ListItem.Trailer],noresume)</onright>
				<onright condition="[Container.Content(Movies) | Container.Content(TVShows)] + String.IsEmpty(ListItem.Trailer) + System.HasAddon(script.extendedinfo)">RunScript(script.extendedinfo,info=youtubebrowser,id=$INFO[ListItem.Label] trailer)</onright>
				<onright condition="!System.HasAddon(script.extendedinfo) + String.IsEmpty(ListItem.Trailer)">InstallAddon(script.extendedinfo)</onright>
				<include content="QuickJumpVerticalLayout">
					<param name="left" value="1266" />
					<param name="top" value="49" />
					<param name="height" value="685" />
					<param name="itemheight" value="25" />
				</include>
			</control>
			
			<control type="scrollbar" id="909">
				<left>-1</left>
				<top>706</top>
				<width>1282</width>
				<orientation>horizontal</orientation>
				<texturesliderbar border="2">controls/scrollbar-slider-horz-nofocus.png</texturesliderbar>
				<texturesliderbarfocus border="2">controls/scrollbar-slider-horz-focus.png</texturesliderbarfocus>
				<textureslidernib />
				<textureslidernibfocus />
				<visible>!Control.IsVisible(659) + !Skin.HasSetting(EnableQuickJump) + !Skin.HasSetting(WallViewVerticalNavigation)</visible>
				<onup>500</onup>
				<ondown condition="[Container.Content(Movies) | Container.Content(TVShows)] + !String.IsEmpty(ListItem.Trailer)">PlayMedia($ESCINFO[ListItem.Trailer],noresume)</ondown>
				<ondown condition="[Container.Content(Movies) | Container.Content(TVShows)] + String.IsEmpty(ListItem.Trailer) + System.HasAddon(script.extendedinfo)">RunScript(script.extendedinfo,info=youtubebrowser,id=$INFO[ListItem.Label] trailer)</ondown>
				<ondown condition="!System.HasAddon(script.extendedinfo) + String.IsEmpty(ListItem.Trailer)">InstallAddon(script.extendedinfo)</ondown>
			</control>
			
			<control type="scrollbar" id="909">
				<left>1266</left>
				<top>35</top>
				<height>685</height>
				<texturesliderbar border="2">controls/scrollbar-slider-horz-nofocus.png</texturesliderbar>
				<texturesliderbarfocus border="2">controls/scrollbar-slider-horz-focus.png</texturesliderbarfocus>
				<textureslidernib />
				<textureslidernibfocus />
				<visible>!Control.IsVisible(659) + !Skin.HasSetting(EnableQuickJump) + Skin.HasSetting(WallViewVerticalNavigation)</visible>
				<onleft>500</onleft>
				<onright condition="[Container.Content(Movies) | Container.Content(TVShows)] + !String.IsEmpty(ListItem.Trailer)">PlayMedia($ESCINFO[ListItem.Trailer],noresume)</onright>
				<onright condition="[Container.Content(Movies) | Container.Content(TVShows)] + String.IsEmpty(ListItem.Trailer) + System.HasAddon(script.extendedinfo)">RunScript(script.extendedinfo,info=youtubebrowser,id=$INFO[ListItem.Label] trailer)</onright>
				<onright condition="!System.HasAddon(script.extendedinfo) + String.IsEmpty(ListItem.Trailer)">InstallAddon(script.extendedinfo)</onright>
			</control>
		</control>
	</include>

	<include name="ProgramsListInfoViewScrollbar">
		<control type="group" id="150">
			<control type="image">
				<left>1232</left>
				<top>110</top>
				<width>14</width>
				<height>517</height>
				<texture border="4">controls/scrollbar-background.png</texture>
			</control>
			
			<control type="group">
				<animation effect="fade" start="100" end="0" time="150" condition="Skin.HasSetting(HideListInfoView2Scrollbar) + !ControlGroup(150).HasFocus">Conditional</animation>
				
				<control type="panel" id="970">
					<visible>Control.IsVisible(590)</visible>
					<onright>ActivateWindow(1122)</onright>
					<include content="QuickJumpVerticalLayout">
						<param name="left" value="1232" />
						<param name="top" value="113" />
						<param name="height" value="514" />
						<param name="itemheight" value="19" />
					</include>
				</control>

				<control type="scrollbar" id="920">
					<left>1232</left>
					<top>110</top>
					<height>517</height>
					<texturesliderbackground />
					<onright>ActivateWindow(1122)</onright>
					<onleft>500</onleft>
					<visible>!Skin.HasSetting(EnableQuickJump)</visible>
				</control>
			</control>
		</control>
	</include>

	<include name="ProgramsListInfo2ViewScrollbar">
		<control type="group" id="150">
			<control type="image">
				<left>1232</left>
				<top>110</top>
				<width>14</width>
				<height>517</height>
				<texture border="4">controls/scrollbar-background.png</texture>
			</control>
			
			<control type="group">
				<animation effect="fade" start="100" end="0" time="150" condition="Skin.HasSetting(HideListInfoView2Scrollbar) + !ControlGroup(150).HasFocus">Conditional</animation>
				
				<control type="panel" id="971">
					<visible>Control.IsVisible(591)</visible>
					<onright>ActivateWindow(1122)</onright>
					<include content="QuickJumpVerticalLayout">
						<param name="left" value="1232" />
						<param name="top" value="113" />
						<param name="height" value="514" />
						<param name="itemheight" value="19" />
					</include>
				</control>

				<control type="scrollbar" id="921">
					<left>1232</left>
					<top>110</top>
					<height>517</height>
					<texturesliderbackground />
					<onright>ActivateWindow(1122)</onright>
					<onleft>500</onleft>
					<visible>!Skin.HasSetting(EnableQuickJump)</visible>
				</control>
			</control>
		</control>
	</include>

	<include name="ProgramsListInfo3ViewScrollbar">
		<control type="group" id="150">
			<control type="image">
				<left>1232</left>
				<top>110</top>
				<width>14</width>
				<height>517</height>
				<texture border="4">controls/scrollbar-background.png</texture>
			</control>
			
			<control type="group">
				<animation effect="fade" start="100" end="0" time="150" condition="Skin.HasSetting(HideListInfoView2Scrollbar) + !ControlGroup(150).HasFocus">Conditional</animation>
				
				<control type="panel" id="972">
					<visible>Control.IsVisible(592)</visible>
					<onright>ActivateWindow(1122)</onright>
					<include content="QuickJumpVerticalLayout">
						<param name="left" value="1232" />
						<param name="top" value="113" />
						<param name="height" value="514" />
						<param name="itemheight" value="19" />
					</include>
				</control>

				<control type="scrollbar" id="922">
					<left>1232</left>
					<top>110</top>
					<height>517</height>
					<texturesliderbackground />
					<onright>ActivateWindow(1122)</onright>
					<onleft>500</onleft>
					<visible>!Skin.HasSetting(EnableQuickJump)</visible>
				</control>
			</control>
		</control>
	</include>

	<include name="ProgramsThumbsInfoViewScrollbar">
		<control type="group" id="150">
			<control type="image">
				<left>1232</left>
				<top>110</top>
				<width>14</width>
				<height>517</height>
				<texture border="4">controls/scrollbar-background.png</texture>
			</control>
			
			<control type="group">
				<animation effect="fade" start="100" end="0" time="150" condition="Skin.HasSetting(HideThumbsInfoViewScrollbar) + !ControlGroup(150).HasFocus">Conditional</animation>
				
				<control type="panel" id="973">
					<visible>Control.IsVisible(593)</visible>
					<include content="QuickJumpVerticalLayout">
						<param name="left" value="1232" />
						<param name="top" value="113" />
						<param name="height" value="514" />
						<param name="itemheight" value="19" />
					</include>
				</control>
			
				<control type="scrollbar" id="923">
					<left>1232</left>
					<top>110</top>
					<height>517</height>
					<texturesliderbackground />
					<onleft>500</onleft>
					<visible>!Skin.HasSetting(EnableQuickJump)</visible>
				</control>
			</control>
		</control>
	</include>

	<include name="ProgramsThumbsInfo2ViewScrollbar">
		<control type="group" id="150">
			<control type="image">
				<left>1232</left>
				<top>110</top>
				<width>14</width>
				<height>517</height>
				<texture border="4">controls/scrollbar-background.png</texture>
			</control>
			
			<control type="group">
				<animation effect="fade" start="100" end="0" time="150" condition="Skin.HasSetting(HideThumbsInfoViewScrollbar) + !ControlGroup(150).HasFocus">Conditional</animation>
				
				<control type="panel" id="974">
					<visible>Control.IsVisible(594)</visible>
					<include content="QuickJumpVerticalLayout">
						<param name="left" value="1232" />
						<param name="top" value="113" />
						<param name="height" value="514" />
						<param name="itemheight" value="19" />
					</include>
				</control>
			
				<control type="scrollbar" id="924">
					<left>1232</left>
					<top>110</top>
					<height>517</height>
					<texturesliderbackground />
					<onleft>500</onleft>
					<visible>!Skin.HasSetting(EnableQuickJump)</visible>
				</control>
			</control>
		</control>
	</include>

	<include name="ProgramsThumbsInfo3ViewScrollbar">
		<control type="group" id="150">
			<control type="image">
				<left>1232</left>
				<top>110</top>
				<width>14</width>
				<height>517</height>
				<texture border="4">controls/scrollbar-background.png</texture>
			</control>
			
			<control type="group">
				<animation effect="fade" start="100" end="0" time="150" condition="Skin.HasSetting(HideThumbsInfoViewScrollbar) + !ControlGroup(150).HasFocus">Conditional</animation>
				
				<control type="panel" id="975">
					<visible>Control.IsVisible(595)</visible>
					<include content="QuickJumpVerticalLayout">
						<param name="left" value="1232" />
						<param name="top" value="113" />
						<param name="height" value="514" />
						<param name="itemheight" value="19" />
					</include>
				</control>
			
				<control type="scrollbar" id="925">
					<left>1232</left>
					<top>110</top>
					<height>517</height>
					<texturesliderbackground />
					<onleft>500</onleft>
					<visible>!Skin.HasSetting(EnableQuickJump)</visible>
				</control>
			</control>
		</control>
	</include>

	<include name="ProgramsWrapInfoViewScrollbar">
		<control type="group" id="150">
			<animation effect="fade" start="100" end="0" time="150" condition="!Skin.HasSetting(ShowWrapInfoViewScrollbar) + !ControlGroup(150).HasFocus">Conditional</animation>
			
			<control type="image">
				<left>485</left>
				<top>465</top>
				<width>765</width>
				<height>12</height>
				<texture border="4">controls/scrollbar-background.png</texture>
				<visible>Skin.HasSetting(EnableQuickJump)</visible>
			</control>
			
			<control type="panel" id="976">
				<visible>Control.IsVisible(596)</visible>
				<ondown>ActivateWindow(1122)</ondown>
				<include content="QuickJumpHorizontalLayout">
					<param name="left" value="489" />
					<param name="top" value="462" />
					<param name="width" value="760" />
					<param name="itemwidth" value="28" />
				</include>
			</control>
			
			<control type="scrollbar" id="926">
				<left>485</left>
				<top>465</top>
				<width>765</width>
				<height>12</height>
				<orientation>horizontal</orientation>
				<texturesliderbar border="2">controls/scrollbar-slider-horz-nofocus.png</texturesliderbar>
				<texturesliderbarfocus border="2">controls/scrollbar-slider-horz-focus.png</texturesliderbarfocus>
				<textureslidernib />
				<textureslidernibfocus />
				<ondown>ActivateWindow(1122)</ondown>
				<onup>500</onup>
				<visible>!Skin.HasSetting(EnableQuickJump)</visible>
			</control>
		</control>
	</include>

	<include name="ProgramsWrapInfo2ViewScrollbar">
		<control type="group" id="150">
			<animation effect="fade" start="100" end="0" time="150" condition="!Skin.HasSetting(ShowWrapInfoViewScrollbar) + !ControlGroup(150).HasFocus">Conditional</animation>
			
			<control type="image">
				<left>485</left>
				<top>465</top>
				<width>765</width>
				<height>12</height>
				<texture border="4">controls/scrollbar-background.png</texture>
				<visible>Skin.HasSetting(EnableQuickJump)</visible>
			</control>
			
			<control type="panel" id="977">
				<visible>Control.IsVisible(597)</visible>
				<ondown>ActivateWindow(1122)</ondown>
				<include content="QuickJumpHorizontalLayout">
					<param name="left" value="489" />
					<param name="top" value="462" />
					<param name="width" value="760" />
					<param name="itemwidth" value="28" />
				</include>
			</control>
			
			<control type="scrollbar" id="927">
				<left>485</left>
				<top>465</top>
				<width>765</width>
				<height>12</height>
				<orientation>horizontal</orientation>
				<texturesliderbar border="2">controls/scrollbar-slider-horz-nofocus.png</texturesliderbar>
				<texturesliderbarfocus border="2">controls/scrollbar-slider-horz-focus.png</texturesliderbarfocus>
				<textureslidernib />
				<textureslidernibfocus />
				<ondown>ActivateWindow(1122)</ondown>
				<onup>500</onup>
				<visible>!Skin.HasSetting(EnableQuickJump)</visible>
			</control>
		</control>
	</include>

	<include name="ProgramsWrapInfo3ViewScrollbar">
		<control type="group" id="150">
			<animation effect="fade" start="100" end="0" time="150" condition="!Skin.HasSetting(ShowWrapInfoViewScrollbar) + !ControlGroup(150).HasFocus">Conditional</animation>
			
			<control type="image">
				<left>485</left>
				<top>465</top>
				<width>765</width>
				<height>12</height>
				<texture border="4">controls/scrollbar-background.png</texture>
				<visible>Skin.HasSetting(EnableQuickJump)</visible>
			</control>
			
			<control type="panel" id="978">
				<visible>Control.IsVisible(598)</visible>
				<ondown>ActivateWindow(1122)</ondown>
				<include content="QuickJumpHorizontalLayout">
					<param name="left" value="489" />
					<param name="top" value="462" />
					<param name="width" value="760" />
					<param name="itemwidth" value="28" />
				</include>
			</control>
			
			<control type="scrollbar" id="928">
				<left>485</left>
				<top>465</top>
				<width>765</width>
				<height>12</height>
				<orientation>horizontal</orientation>
				<texturesliderbar border="2">controls/scrollbar-slider-horz-nofocus.png</texturesliderbar>
				<texturesliderbarfocus border="2">controls/scrollbar-slider-horz-focus.png</texturesliderbarfocus>
				<textureslidernib />
				<textureslidernibfocus />
				<ondown>ActivateWindow(1122)</ondown>
				<onup>500</onup>
				<visible>!Skin.HasSetting(EnableQuickJump)</visible>
			</control>
		</control>
	</include>
	
	<include name="SettingsScrollbar">
		<control type="group" id="150">
			<control type="scrollbar" id="911">
				<left>1262</left>
				<top>110</top>
				<height>500</height>
				<onleft condition="Window.IsVisible(SkinSettings) | Window.IsVisible(Profiles)">851</onleft>
				<onleft condition="!Window.IsVisible(SkinSettings) + !Window.IsVisible(Profiles)">5</onleft>
				<visible>!Skin.HasSetting(ExpandedSettings) + ![[Window.IsVisible(Profiles) + Skin.String(ProfilesCategory,2)]
				| [Window.IsVisible(SkinSettings) + [Skin.String(SkinSettingsCategory,1) | Skin.String(SkinSettingsCategory,2) | Skin.String(SkinSettingsCategory,3) | Skin.String(SkinSettingsCategory,4) | Skin.String(SkinSettingsCategory,5) | Skin.String(SkinSettingsCategory,9) | Skin.String(SkinSettingsCategory,11)]]]</visible>
			</control>
			
			<control type="scrollbar" id="990">
				<left>1262</left>
				<top>110</top>
				<height>500</height>
				<onleft>2</onleft>
				<visible>!Skin.HasSetting(ExpandedSettings) + Window.IsVisible(Profiles) + Skin.String(ProfilesCategory,2)</visible>
			</control>
			
			<control type="scrollbar" id="991">
				<left>1262</left>
				<top>110</top>
				<height>500</height>
				<onleft>900</onleft>
				<visible>!Skin.HasSetting(ExpandedSettings) + Window.IsVisible(SkinSettings) + Skin.String(SkinSettingsCategory,1)</visible>
			</control>
			
			<control type="scrollbar" id="992">
				<left>1262</left>
				<top>110</top>
				<height>500</height>
				<onleft>901</onleft>
				<visible>!Skin.HasSetting(ExpandedSettings) + Window.IsVisible(SkinSettings) + Skin.String(SkinSettingsCategory,2)</visible>
			</control>
			
			<control type="scrollbar" id="993">
				<left>1262</left>
				<top>110</top>
				<height>500</height>
				<onleft>902</onleft>
				<visible>!Skin.HasSetting(ExpandedSettings) + Window.IsVisible(SkinSettings) + Skin.String(SkinSettingsCategory,3)</visible>
			</control>
			
			<control type="scrollbar" id="994">
				<left>1262</left>
				<top>110</top>
				<height>500</height>
				<onleft>903</onleft>
				<visible>!Skin.HasSetting(ExpandedSettings) + Window.IsVisible(SkinSettings) + Skin.String(SkinSettingsCategory,4)</visible>
			</control>
			
			<control type="scrollbar" id="995">
				<left>1262</left>
				<top>110</top>
				<height>500</height>
				<onleft>904</onleft>
				<visible>!Skin.HasSetting(ExpandedSettings) + Window.IsVisible(SkinSettings) + Skin.String(SkinSettingsCategory,5)</visible>
			</control>
			
			<control type="scrollbar" id="996">
				<left>1262</left>
				<top>110</top>
				<height>500</height>
				<onleft>908</onleft>
				<visible>!Skin.HasSetting(ExpandedSettings) + Window.IsVisible(SkinSettings) + Skin.String(SkinSettingsCategory,9)</visible>
			</control>
			
			<control type="scrollbar" id="997">
				<left>1262</left>
				<top>110</top>
				<height>500</height>
				<onleft>910</onleft>
				<visible>!Skin.HasSetting(ExpandedSettings) + Window.IsVisible(SkinSettings) + Skin.String(SkinSettingsCategory,11)</visible>
			</control>
		</control>

		<control type="group" id="151">
			<control type="scrollbar" id="912">
				<left>1262</left>
				<top>175</top>
				<height>450</height>
				<onleft>921</onleft>
				<include>ExpandAddMoreCategoryVisible</include>
			</control>	
		</control>
	</include>
	
	<include name="FileManagerScrollbar">
		<control type="scrollbar" id="150">
			<left>34</left>
			<top>110</top>
			<height>517</height>
			<texturesliderbackground />
			<onright>20</onright>
		</control>
		
		<control type="image">
			<left>34</left>
			<top>110</top>
			<width>14</width>
			<height>517</height>
			<texture border="4">controls/scrollbar-background.png</texture>
		</control>
		
		<control type="image">
			<left>1232</left>
			<top>110</top>
			<width>14</width>
			<height>517</height>
			<texture border="4">controls/scrollbar-background.png</texture>
		</control>
			
		<control type="scrollbar" id="151">
			<left>1232</left>
			<top>110</top>
			<height>517</height>
			<texturesliderbackground />
			<onleft>21</onleft>
		</control>	
	</include>
	
	<include name="PlaylistEditorScrollbar">
		<control type="group" id="150">
			<control type="image">
				<left>34</left>
				<top>110</top>
				<width>14</width>
				<height>517</height>
				<texture border="4">controls/scrollbar-background.png</texture>
			</control>
			
			<control type="panel" id="965">
				<visible>Control.IsVisible(50)</visible>
				<onright>50</onright>
				<include content="QuickJumpVerticalLayout">
					<param name="left" value="34" />
					<param name="top" value="113" />
					<param name="height" value="514" />
					<param name="itemheight" value="19" />
				</include>
			</control>
			
			<control type="scrollbar" id="915">
				<left>34</left>
				<top>110</top>
				<height>517</height>
				<texturesliderbackground />
				<onright>50</onright>
				<visible>!Skin.HasSetting(EnableQuickJump)</visible>
			</control>
		</control>			
		
		<control type="image">
			<left>1232</left>
			<top>110</top>
			<width>14</width>
			<height>517</height>
			<texture border="4">controls/scrollbar-background.png</texture>
		</control>
			
		<control type="scrollbar" id="151">
			<left>1232</left>
			<top>110</top>
			<height>517</height>
			<texturesliderbackground />
			<onleft>100</onleft>
		</control>	
	</include>
	
	<include name="PlaylistViewScrollbar">
		<control type="group" id="150">
			<control type="image">
				<left>34</left>
				<top>110</top>
				<width>14</width>
				<height>517</height>
				<texture border="4">controls/scrollbar-background.png</texture>
			</control>
			
			<control type="group">
				<animation effect="fade" start="100" end="0" time="150" condition="Skin.HasSetting(HidePlaylistViewScrollbar) + !ControlGroup(150).HasFocus">Conditional</animation>
					
				<control type="panel" id="966">
					<visible>Control.IsVisible(580)</visible>
					<onright>580</onright>
					<onleft>850</onleft>
					<include content="QuickJumpVerticalLayout">
						<param name="left" value="34" />
						<param name="top" value="113" />
						<param name="height" value="514" />
						<param name="itemheight" value="19" />
					</include>
				</control>
				
				<control type="scrollbar" id="916">
					<left>34</left>
					<top>110</top>
					<height>517</height>
					<texturesliderbackground />
					<onright>580</onright>
					<onleft>850</onleft>
					<visible>!Skin.HasSetting(EnableQuickJump)</visible>
				</control>
			</control>
		</control>
	</include>
	
	<include name="FileBrowserScrollbar">
		<control type="group" id="150">
			<visible>Control.IsVisible(450) | Control.IsVisible(451)</visible>
			<animation effect="fade" end="100" time="300" delay="500">Visible</animation>
			
			<control type="image">
				<left>586</left>
				<top>20</top>
				<width>14</width>
				<height>325</height>
				<texture border="4">controls/scrollbar-background.png</texture>
			</control>
			
			<control type="scrollbar" id="914">
				<left>586</left>
				<top>20</top>
				<height>325</height>
				<texturesliderbackground />
				<onleft condition="Control.IsVisible(450)">450</onleft>
				<onleft condition="Control.IsVisible(451)">451</onleft>
				<onright>9001</onright>
			</control>
		</control>
	</include>
	
	<include name="FavouritesScrollbar">
		<control type="group" id="150">
			<animation effect="fade" end="100" time="200" delay="500">Visible</animation>
			
			<control type="image">
				<left>359</left>
				<width>14</width>
				<height>325</height>
				<texture border="4">controls/scrollbar-background.png</texture>
			</control>
			
			<control type="scrollbar" id="912">
				<left>359</left>
				<height>325</height>
				<texturesliderbackground />
				<onleft>450</onleft>
				<onright>9001</onright>
				<visible>Control.IsVisible(450)</visible>	
			</control>
		</control>
	</include>
	
	<include name="VideoOSDBookmarksScrollBar">
		<control type="group" id="150">
			<animation effect="fade" end="100" time="200" delay="500">Visible</animation>
			
			<control type="image">
				<left>638</left>
				<top>48</top>
				<width>14</width>
				<height>415</height>
				<texture border="4">controls/scrollbar-background.png</texture>
			</control>
			
			<control type="scrollbar" id="913">
				<left>638</left>
				<top>48</top>
				<height>415</height>
				<texturesliderbackground />
				<onleft>11</onleft>
				<onright>9001</onright>	
			</control>
		</control>
	</include>
	
	<include name="TextViewerScrollbar">
		<control type="group" id="150">
			<animation effect="fade" end="100" time="200" delay="500">Visible</animation>
			
			<control type="image">
				<left>757</left>
				<top>47</top>
				<width>14</width>
				<height>434</height>
				<texture border="4">controls/scrollbar-background.png</texture>
			</control>
				
			<control type="scrollbar" id="61">
				<left>757</left>
				<top>47</top>
				<height>434</height>
				<texturesliderbackground />
				<ondown>9000</ondown>
				<onleft>9000</onleft>
			</control>	
		</control>
	</include>
</includes>