<?xml version="1.0" encoding="UTF-8"?>
<window>
	<defaultcontrol always="true">3</defaultcontrol>

	<coordinates>
		<system>1</system>
		<origin x="110" y="99">true</origin>
	</coordinates>

	<controls>
		<control type="group">
			<depth>DepthDialog</depth>
			<include>DialogOpenCloseAnim</include>
			
			<include content="DialogWithCloseBtnLabelID">
				<param name="width" value="1060"/>
				<param name="height" value="522" />
				<param name="left" value="1000" />
				<param name="labelwidth" value="980" />
				<param name="label" value="$LOCALIZE[35058]" />
				<param name="id" value="2" />
			</include>

			<control type="group">
				<left>DialogMarginOffsetX</left>
				<top>DialogMarginOffsetY</top>
				<control type="group"> 
					<description>Controller Profiles</description>
					<control type="image">
						<width>281</width>
						<height>35</height>
						<texture background="true" border="7">controls/button-nofocus.png</texture>
					</control>

					<control type="label">
						<top>8</top>
						<width>281</width>
						<height>35</height>
						<align>center</align>
						<include>DialogHeadLabel</include>
						<label>$LOCALIZE[35050]</label>
					</control>

					<control type="image">
						<top>40</top>
						<width>262</width>
						<height>368</height>
						<texture background="true" border="7">controls/button-nofocus.png</texture>
					</control>
					
					<control type="grouplist" id="3">
						<description>Controller Types Grouplist</description>
						<top>40</top>
						<width>262</width>
						<height>368</height>
						<itemgap>2</itemgap>
						<pagecontrol>60</pagecontrol>
						<orientation>vertical</orientation>
						<ondown>9001</ondown>
						<onleft>18</onleft>
						<onright condition="Control.IsVisible(60)">60</onright>
						<onright condition="!Control.IsVisible(60)">5</onright>
					</control>
					
					<control type="button" id="10">
						<description>Default Controller Types Button</description>
						<width>262</width>
						<align>center</align>
						<texturenofocus />
						<include>DialogContentLabel</include>
					</control>
					
					<control type="group">
						<left>267</left>
						<top>40</top>
						<control type="image">
							<width>14</width>
							<height>368</height>
							<texture border="4">controls/scrollbar-background.png</texture>
						</control>
						
						<control type="scrollbar" id="60">
							<height>368</height>
							<texturesliderbackground />
							<onleft>3</onleft>
							<onright>5</onright>
							<ondown>19</ondown>
							<visible>Container(3).HasNext | Container(3).HasPrevious</visible>
						</control>
					</control>
				</control>
				
				<control type="group">
					<description>Controller Image</description>
					<left>286</left>
					<control type="image">
						<width>418</width>
						<height>408</height>
						<texture background="true" border="7">controls/button-nofocus.png</texture>
					</control>
					
					<control type="gamecontroller" id="31">
						<top>79</top>
						<left>12</left>
						<width>394</width>
						<height>250</height>
					</control>
				</control>

				<control type="group"> 
					<description>Buttons</description>
					<left>709</left>
					<control type="image">
						<width>281</width>
						<height>35</height>
						<texture background="true" border="7">controls/button-nofocus.png</texture>
					</control>

					<control type="label">
						<top>8</top>
						<width>281</width>
						<height>35</height>
						<align>center</align>
						<include>DialogHeadLabel</include>
						<label>$LOCALIZE[35059]</label>
					</control>

					<control type="image">
						<top>40</top>
						<width>262</width>
						<height>368</height>
						<texture background="true" border="7">controls/button-nofocus.png</texture>
					</control>

					<control type="grouplist" id="5">
						<description>Controller Types Grouplist</description>
						<top>40</top>
						<width>262</width>
						<height>368</height>
						<itemgap>2</itemgap>
						<pagecontrol>61</pagecontrol>
						<orientation>vertical</orientation>
						<ondown>9001</ondown>
						<onleft condition="Control.IsVisible(60)">60</onleft>
						<onleft condition="!Control.IsVisible(60)">3</onleft>
						<onright condition="Control.IsVisible(61)">61</onright>
						<onright condition="!Control.IsVisible(61)">17</onright>
					</control>
					
					<control type="button" id="7">
						<description>Default Controller Types Button</description>
						<width>262</width>
						<align>center</align>
						<texturenofocus />
						<include>DialogContentLabel</include>
					</control>
					
					<control type="label" id="8">
						<description>Default Controller Types Label</description>
						<width>262</width>
						<height>35</height>
						<align>center</align>
						<font>DialogHeadFont</font>
						<textcolor>DefaultColor2</textcolor>
						<shadowcolor>ShadowColor</shadowcolor>
						<aligny>center</aligny>
					</control>
					
					<control type="image" id="9">
						<height>35</height>
						<texture />
					</control>
					
					<control type="group">
						<left>267</left>
						<top>40</top>
						<control type="image">
							<width>14</width>
							<height>368</height>
							<texture border="4">controls/scrollbar-background.png</texture>
						</control>
						
						<control type="scrollbar" id="61">
							<height>368</height>
							<texturesliderbackground />
							<onleft>5</onleft>
							<onright>17</onright>
							<ondown>17</ondown>
							<visible>Container(5).HasNext | Container(5).HasPrevious</visible>
						</control>
					</control>
				</control>
			</control>
			
			<control type="grouplist" id="9001">
				<description>Dialog Button Area</description>
				<left>DialogMarginOffsetX</left>
				<top>468</top>
				<width>990</width>
				<align>center</align>
				<orientation>horizontal</orientation>
				<itemgap>0</itemgap>
				<control type="button" id="18">
					<description>OK</description>
					<onup>3</onup>
					<ondown>3</ondown>
					<include>DialogMenuBarBtn</include>
					<label>$LOCALIZE[186]</label>
				</control>
				<control type="button" id="19">
					<description>Reset</description>
					<onup condition="Control.IsVisible(60)">60</onup>
					<onup condition="!Control.IsVisible(60)">3</onup>
					<ondown condition="Control.IsVisible(60)">60</ondown>
					<ondown condition="!Control.IsVisible(60)">3</ondown>
					<include>DialogMenuBarBtn</include>
					<label>$LOCALIZE[10035]</label>
				</control>
				<control type="button" id="20">
					<description>Install More Controllers</description>
					<onup>5</onup>
					<ondown>5</ondown>
					<include>DialogMenuBarBtn</include>
					<label>$LOCALIZE[21452]</label>
				</control>
				<control type="button" id="21">
					<description>Fix Skipping</description>
					<onup>5</onup>
					<ondown>5</ondown>
					<include>DialogMenuBarBtn</include>
					<label>$LOCALIZE[35019]</label>
				</control>
				<control type="button" id="17">
					<description>Help</description>
					<onup>5</onup>
					<ondown>5</ondown>
					<include>DialogMenuBarBtn</include>
					<label>$LOCALIZE[10043]</label>
				</control>
			</control>
		</control>
	</controls>
</window>