<?xml version="1.0" encoding="utf-8"?>
<window>
    <defaultcontrol always="true">987</defaultcontrol>
	<menucontrol>987</menucontrol>
	<onunload>Skin.Reset(ExtendedInfo)</onunload>
	<include>ControlsOpenCloseAnim</include>
	
    <controls>
		<include condition="![Window.IsActive(script-script.extendedinfo-DialogVideoInfo.xml) | Window.IsActive(MovieInformation) | Window.IsActive(DialogMusicInfo.xml)]">FSMediaInfoBackgroundDim2</include>
		
		<control type="group">
			<depth>DepthContent</depth>
			
			<control type="group">
				<left>100</left>
				<top>143</top>
				
				<control type="image">
					<description>Default Cover Image Background</description>
					<width>336</width>
					<height>500</height>
					<texture border="4">covers/cover-case2.png</texture>
					<aspectratio>stretch</aspectratio>
					<animation effect="fade" end="70" condition="true">Conditional</animation>
					<visible>String.IsEmpty(Window.Property(thumb))</visible>
				</control>
				
				<control type="image">
					<description>Default Cover Image</description>
					<width>336</width>
					<height>500</height>
					<texture>DefaultActor.png</texture>
					<bordersize>60</bordersize>
					<aspectratio>keep</aspectratio>
					<animation effect="fade" end="85" condition="true">Conditional</animation>
					<visible>String.IsEmpty(Window.Property(thumb))</visible>
				</control>
				
				<control type="image">
					<description>Actor Image</description>
					<width>336</width>
					<height>500</height>
					<texture>$INFO[Window.Property(thumb)]</texture>
					<bordertexture border="4">covers/cover-case2.png</bordertexture>
					<bordersize>4</bordersize>
					<aspectratio>stretch</aspectratio>
					<include>FSMediaInfoOpenCloseAnim</include>
					<visible>!String.IsEmpty(Window.Property(thumb))</visible>
				</control>
			</control>
			
			<control type="group">
				<left>470</left>
				<top>99</top>
				
				<control type="label">
					<description>Title</description>
					<top>10</top>
					<width>710</width>
					<align>center</align>
					<font>FullMediaInfoTitleFont3</font>
					<textcolor>MediaInfoTitleColor</textcolor>
					<shadowcolor>ShadowColor</shadowcolor>
					<label>[UPPERCASE]$INFO[Window.Property(label)][/UPPERCASE]</label>
					<scroll>true</scroll>
					<animation effect="slide" end="0,22" condition="String.IsEmpty(Window.Property(AlsoKnownAs))">Conditional</animation>
				</control>
				
				<control type="label">
					<description>Also Known As</description>
					<top>56</top>
					<width>710</width>
					<font>ListFont5</font>
					<textcolor>MediaInfoTitleColor2</textcolor>
					<shadowcolor>ShadowColor</shadowcolor>
					<align>center</align>
					<label>$INFO[Window.Property(AlsoKnownAs)]</label>
					<include>FSMediaInfoOpenCloseAnim</include>
					<scroll>true</scroll>
					<visible>!String.IsEmpty(Window.Property(AlsoKnownAs))</visible>
				</control>
				
				<control type="image">
					<top>80</top>
					<width>710</width>
					<height>2</height>
					<animation effect="fade" end="30" condition="true">Conditional</animation>
					<texture>views/videoinfo-separator.png</texture>
				</control>
				
				<control type="group">
					<visible>Skin.String(ExtendedInfo,1)</visible>
					<include>BackgroundVisibleAnim</include>
					
					<control type="list" id="901">
						<left>-5</left>
						<top>82</top>
						<width>720</width>
						<height>233</height>
						<onup>505</onup>
						<ondown condition="Control.IsVisible(61)">61</ondown>
						<onleft>505</onleft>
						<onright condition="Control.IsVisible(61)">61</onright>
						<include>FSMediaInfoOpenCloseAnim</include>
						<itemlayout width="720" height="29">
							<control type="image">
								<top>27</top>
								<left>5</left>
								<width>710</width>
								<height>2</height>
								<animation effect="fade" end="30" condition="true">Conditional</animation>
								<texture>views/videoinfo-separator.png</texture>
							</control>
							<control type="image">
								<left>170</left>
								<width>1</width>
								<height>32</height>
								<animation effect="fade" end="25" condition="true">Conditional</animation>
								<texture border="1,0,0,10" flipy="true">views/videoinfo-separator.png</texture>
							</control>
							<control type="label">
								<left>5</left>
								<width>165</width>
								<height>29</height>
								<font>FullMediaInfoFont</font>
								<aligny>center</aligny>
								<textcolor>MediaInfoItemColor</textcolor>
								<shadowcolor>ShadowColor</shadowcolor>
								<label>[UPPERCASE]$INFO[ListItem.Label][/UPPERCASE]</label>
							</control>
							<control type="label">
								<left>179</left>
								<width>533</width>
								<height>29</height>
								<font>FullMediaInfoFont2</font>
								<aligny>center</aligny>
								<textcolor>MediaInfoItemColor2</textcolor>
								<shadowcolor>ShadowColor</shadowcolor>
								<label>$INFO[ListItem.Label2]</label>
							</control>
						</itemlayout>
						<focusedlayout width="720" height="29">
							<control type="image">
								<top>27</top>
								<left>5</left>
								<width>710</width>
								<height>2</height>
								<animation effect="fade" end="30" condition="true">Conditional</animation>
								<texture>views/videoinfo-separator.png</texture>
							</control>
							<control type="image">
								<left>170</left>
								<width>1</width>
								<height>32</height>
								<animation effect="fade" end="25" condition="true">Conditional</animation>
								<texture border="1,0,0,10" flipy="true">views/videoinfo-separator.png</texture>
							</control>
							<control type="label">
								<left>5</left>
								<width>165</width>
								<height>29</height>
								<font>FullMediaInfoFont</font>
								<aligny>center</aligny>
								<textcolor>MediaInfoItemColor</textcolor>
								<shadowcolor>ShadowColor</shadowcolor>
								<label>[UPPERCASE]$INFO[ListItem.Label][/UPPERCASE]</label>
							</control>
							<control type="label">
								<left>179</left>
								<width>533</width>
								<height>29</height>
								<font>FullMediaInfoFont2</font>
								<aligny>center</aligny>
								<textcolor>MediaInfoItemColor2</textcolor>
								<shadowcolor>ShadowColor</shadowcolor>
								<label>$INFO[ListItem.Label2]</label>
							</control>
						</focusedlayout>
						<content>
							<item id="1">
								<description>Movies</description>
								<label>$ADDON[script.extendedinfo 32011]</label>
								<label2>$INFO[Window.Property(TotalMovies)]</label2>
								<onclick>noop</onclick>
								<visible>!String.IsEmpty(Window.Property(TotalMovies))</visible>
							</item>
							<item id="2">
								<description>Movies</description>
								<label>$ADDON[script.extendedinfo 32011]</label>
								<label2>$INFO[Container(150).NumItems]</label2>
								<onclick>noop</onclick>
								<visible>String.IsEmpty(Window.Property(TotalMovies)) + !String.IsEqual(Container(150),NumItems,0)</visible>
							</item>
							<item id="3">
								<description>In Database</description>
								<label>$ADDON[script.extendedinfo 32021]</label>
								<label2>$INFO[Window.Property(DBMovies)]</label2>
								<onclick>noop</onclick>
								<visible>!String.IsEmpty(Window.Property(DBMovies))</visible>
							</item>
							<item id="4">
								<description>Birthday</description>
								<label>$ADDON[script.extendedinfo 32012]</label>
								<label2>$INFO[Window.Property(Birthday)]</label2>
								<onclick>noop</onclick>
								<visible>!String.IsEmpty(Window.Property(Birthday))</visible>
							</item>
							<item id="5">
								<description>Age</description>
								<label>$ADDON[script.extendedinfo 32020]</label>
								<label2>$INFO[Window.Property(Age),, $LOCALIZE[652]]</label2>
								<onclick>noop</onclick>
								<visible>!String.IsEmpty(Window.Property(Age))</visible>
							</item>
							<item id="6">
								<description>Place of Birth</description>
								<label>$ADDON[script.extendedinfo 32014]</label>
								<label2>$INFO[Window.Property(PlaceOfBirth)]</label2>
								<onclick>noop</onclick>
								<visible>!String.IsEmpty(Window.Property(PlaceOfBirth))</visible>
							</item>
							<item id="7">
								<description>Homepage</description>
								<label>$ADDON[script.extendedinfo 32017]</label>
								<label2>$INFO[Window.Property(Homepage)]</label2>
								<onclick>noop</onclick>
								<visible>!String.IsEmpty(Window.Property(Homepage))</visible>
							</item>
							<item id="8">
								<description>Death Day</description>
								<label>$ADDON[script.extendedinfo 32013]</label>
								<label2>$INFO[Window.Property(Deathday)]</label2>
								<onclick>noop</onclick>
								<visible>!String.IsEmpty(Window.Property(Deathday))</visible>
							</item>
						</content>
					</control>
			
					<control type="textbox" id="800">
						<description>Plot</description>
						<top>122</top>
						<width>710</width>
						<height>409</height>
						<font>FullMediaInfoDescFont</font>
						<textcolor>MediaInfoColor</textcolor>
						<shadowcolor>ShadowColor</shadowcolor>
						<align>justify</align>
						<label fallback="31203">$INFO[Window.Property(Biography)]</label>
						<pagecontrol>61</pagecontrol>
						<include>FSMediaInfoOpenCloseAnim</include>
						<autoscroll time="2000" delay="6000" repeat="10000">true</autoscroll>
						<visible>String.IsEqual(Container(901).NumItems,1)</visible>
					</control>
					
					<control type="textbox" id="800">
						<description>Plot</description>
						<top>151</top>
						<width>710</width>
						<height>380</height>
						<font>FullMediaInfoDescFont</font>
						<textcolor>MediaInfoColor</textcolor>
						<shadowcolor>ShadowColor</shadowcolor>
						<align>justify</align>
						<label fallback="31203">$INFO[Window.Property(Biography)]</label>
						<pagecontrol>61</pagecontrol>
						<include>FSMediaInfoOpenCloseAnim</include>
						<autoscroll time="2000" delay="6000" repeat="10000">true</autoscroll>
						<visible>String.IsEqual(Container(901).NumItems,2)</visible>
					</control>
					
					<control type="textbox" id="800">
						<description>Plot</description>
						<top>180</top>
						<width>710</width>
						<height>351</height>
						<font>FullMediaInfoDescFont</font>
						<textcolor>MediaInfoColor</textcolor>
						<shadowcolor>ShadowColor</shadowcolor>
						<align>justify</align>
						<label fallback="31203">$INFO[Window.Property(Biography)]</label>
						<pagecontrol>61</pagecontrol>
						<include>FSMediaInfoOpenCloseAnim</include>
						<autoscroll time="2000" delay="6000" repeat="10000">true</autoscroll>
						<visible>String.IsEqual(Container(901).NumItems,3)</visible>
					</control>
					
					<control type="textbox" id="800">
						<description>Plot</description>
						<top>209</top>
						<width>710</width>
						<height>322</height>
						<font>FullMediaInfoDescFont</font>
						<textcolor>MediaInfoColor</textcolor>
						<shadowcolor>ShadowColor</shadowcolor>
						<align>justify</align>
						<label fallback="31203">$INFO[Window.Property(Biography)]</label>
						<pagecontrol>61</pagecontrol>
						<include>FSMediaInfoOpenCloseAnim</include>
						<autoscroll time="2000" delay="6000" repeat="10000">true</autoscroll>
						<visible>String.IsEqual(Container(901).NumItems,4)</visible>
					</control>
					
					<control type="textbox" id="800">
						<description>Plot</description>
						<top>238</top>
						<width>710</width>
						<height>293</height>
						<font>FullMediaInfoDescFont</font>
						<textcolor>MediaInfoColor</textcolor>
						<shadowcolor>ShadowColor</shadowcolor>
						<align>justify</align>
						<label fallback="31203">$INFO[Window.Property(Biography)]</label>
						<pagecontrol>61</pagecontrol>
						<include>FSMediaInfoOpenCloseAnim</include>
						<autoscroll time="2000" delay="6000" repeat="10000">true</autoscroll>
						<visible>String.IsEqual(Container(901).NumItems,5)</visible>
					</control>
					
					<control type="textbox" id="800">
						<description>Plot</description>
						<top>267</top>
						<width>710</width>
						<height>264</height>
						<font>FullMediaInfoDescFont</font>
						<textcolor>MediaInfoColor</textcolor>
						<shadowcolor>ShadowColor</shadowcolor>
						<align>justify</align>
						<label fallback="31203">$INFO[Window.Property(Biography)]</label>
						<pagecontrol>61</pagecontrol>
						<include>FSMediaInfoOpenCloseAnim</include>
						<autoscroll time="2000" delay="6000" repeat="10000">true</autoscroll>
						<visible>String.IsEqual(Container(901).NumItems,6)</visible>
					</control>
					
					<control type="textbox" id="800">
						<description>Plot</description>
						<top>296</top>
						<width>710</width>
						<height>235</height>
						<font>FullMediaInfoDescFont</font>
						<textcolor>MediaInfoColor</textcolor>
						<shadowcolor>ShadowColor</shadowcolor>
						<align>justify</align>
						<label fallback="31203">$INFO[Window.Property(Biography)]</label>
						<pagecontrol>61</pagecontrol>
						<include>FSMediaInfoOpenCloseAnim</include>
						<autoscroll time="2000" delay="6000" repeat="10000">true</autoscroll>
						<visible>String.IsEqual(Container(901).NumItems,7)</visible>
					</control>
				</control>
				
				<control type="group">
					<visible>Skin.String(ExtendedInfo,2)</visible>
					<include>BackgroundVisibleAnim</include>
					
					<control type="label">
						<description>Known Movies / Movies in Database</description>
						<top>87</top>
						<width>710</width>
						<align>center</align>
						<font>FullMediaInfoTitleFont2</font>
						<textcolor>MediaInfoTitleColor2</textcolor>
						<shadowcolor>ShadowColor</shadowcolor>
						<label fallback="31000">[UPPERCASE]$INFO[Container(150).NumItems,, $ADDON[script.extendedinfo 32011]]$INFO[Window.Property(DBMovies), (, $ADDON[script.extendedinfo 32021])][/UPPERCASE]</label>
					</control>
					
					<control type="image">
						<top>118</top>
						<width>710</width>
						<height>2</height>
						<animation effect="fade" end="30" condition="true">Conditional</animation>
						<texture>views/videoinfo-separator.png</texture>
					</control>
					
					<control type="image">
						<top>149</top>
						<width>433</width>
						<height>2</height>
						<animation effect="fade" end="30" condition="true">Conditional</animation>
						<texture>views/videoinfo-separator.png</texture>
					</control>
					
					<control type="list" id="150">
						<left>-5</left>
						<top>151</top>
						<width>443</width>
						<height>360</height>
						<onup>211</onup>
						<ondown condition="Control.IsVisible(61)">61</ondown>
						<onleft>211</onleft>
						<onright condition="Control.IsVisible(61)">61</onright>
						<pagecontrol>61</pagecontrol>
						<itemlayout width="443" height="30">
							<control type="image">
								<top>28</top>
								<left>5</left>
								<width>433</width>
								<height>2</height>
								<animation effect="fade" end="30" condition="true">Conditional</animation>
								<texture>views/videoinfo-separator.png</texture>
							</control>
							<control type="label">
								<left>5</left>
								<width>343</width>
								<height>30</height>
								<font>FullMediaInfoFont</font>
								<aligny>center</aligny>
								<textcolor>MediaInfoItemColor</textcolor>
								<shadowcolor>ShadowColor</shadowcolor>
								<label>[UPPERCASE]$INFO[ListItem.Label][/UPPERCASE]</label>
							</control>
							<control type="label">
								<left>353</left>
								<width>533</width>
								<height>30</height>
								<font>FullMediaInfoFont2</font>
								<aligny>center</aligny>
								<textcolor>MediaInfoItemColor2</textcolor>
								<shadowcolor>ShadowColor</shadowcolor>
								<label fallback="31001">$INFO[ListItem.Year]</label>
							</control>
							<control type="image">
								<left>407</left>
								<width>24</width>
								<height>30</height>
								<aligny>center</aligny>
								<texture>OverlayClean.png</texture>
								<aspectratio>keep</aspectratio>
								<visible>!String.IsEmpty(ListItem.DBID)</visible>
							</control>
							<control type="label">
								<left>407</left>
								<width>24</width>
								<height>30</height>
								<font>ListFont4</font>
								<textcolor>ListColor</textcolor>
								<align>center</align>
								<aligny>center</aligny>
								<label>$LOCALIZE[31007]</label>
								<visible>!String.IsEmpty(ListItem.DBID)</visible>
							</control>
						</itemlayout>
						<focusedlayout width="443" height="30">
							<control type="image">
								<top>28</top>
								<left>5</left>
								<width>433</width>
								<height>2</height>
								<animation effect="fade" end="30" condition="true">Conditional</animation>
								<texture>views/videoinfo-separator.png</texture>
							</control>
							<control type="image">
								<width>443</width>
								<height>30</height>
								<texture border="4">views/list-focus.png</texture>
								<aspectratio>stretch</aspectratio>
								<visible>Control.HasFocus(150)</visible>
								<include>ListViewSelectFadeAnim</include>
								<animation effect="slide" start="0,-30" time="200" tween="quadratic" easing="out" reversible="false" condition="Container(150).OnNext">Focus</animation>
								<animation effect="slide" start="0,30" time="200" tween="quadratic" easing="out" reversible="false" condition="Container(150).OnPrevious">Focus</animation>
							</control>
							<control type="label">
								<left>5</left>
								<width>343</width>
								<height>30</height>
								<font>FullMediaInfoFont</font>
								<aligny>center</aligny>
								<textcolor>MediaInfoItemColor</textcolor>
								<shadowcolor>ShadowColor</shadowcolor>
								<label>[UPPERCASE]$INFO[ListItem.Label][/UPPERCASE]</label>
							</control>
							<control type="label">
								<left>353</left>
								<width>533</width>
								<height>30</height>
								<font>FullMediaInfoFont2</font>
								<aligny>center</aligny>
								<textcolor>MediaInfoItemColor2</textcolor>
								<shadowcolor>ShadowColor</shadowcolor>
								<label fallback="31001">$INFO[ListItem.Year]</label>
							</control>
							<control type="image">
								<left>407</left>
								<width>24</width>
								<height>30</height>
								<aligny>center</aligny>
								<texture>OverlayClean.png</texture>
								<aspectratio>keep</aspectratio>
								<visible>!String.IsEmpty(ListItem.DBID)</visible>
							</control>
							<control type="label">
								<left>407</left>
								<width>24</width>
								<height>30</height>
								<font>ListFont4</font>
								<textcolor>ListColor</textcolor>
								<align>center</align>
								<aligny>center</aligny>
								<label>$LOCALIZE[31007]</label>
								<visible>!String.IsEmpty(ListItem.DBID)</visible>
							</control>
						</focusedlayout>
					</control>
				</control>
				
				<control type="group">
					<visible>Skin.String(ExtendedInfo,3)</visible>
					<include>BackgroundVisibleAnim</include>
					
					<control type="label">
						<description>Known TV Shows</description>
						<top>87</top>
						<width>710</width>
						<align>center</align>
						<font>FullMediaInfoTitleFont2</font>
						<textcolor>MediaInfoTitleColor2</textcolor>
						<shadowcolor>ShadowColor</shadowcolor>
						<label fallback="31000">[UPPERCASE]$INFO[Container(250).NumItems,, $ADDON[script.extendedinfo 32121]][/UPPERCASE]</label>
					</control>
					
					<control type="image">
						<top>118</top>
						<width>710</width>
						<height>2</height>
						<animation effect="fade" end="30" condition="true">Conditional</animation>
						<texture>views/videoinfo-separator.png</texture>
					</control>
					
					<control type="image">
						<top>149</top>
						<width>433</width>
						<height>2</height>
						<animation effect="fade" end="30" condition="true">Conditional</animation>
						<texture>views/videoinfo-separator.png</texture>
					</control>
					
					<control type="list" id="250">
						<left>-5</left>
						<top>151</top>
						<width>443</width>
						<height>360</height>
						<onup>212</onup>
						<ondown condition="Control.IsVisible(61)">61</ondown>
						<onleft>212</onleft>
						<onright condition="Control.IsVisible(61)">61</onright>
						<pagecontrol>61</pagecontrol>
						<itemlayout width="443" height="30">
							<control type="image">
								<top>28</top>
								<left>5</left>
								<width>433</width>
								<height>2</height>
								<animation effect="fade" end="30" condition="true">Conditional</animation>
								<texture>views/videoinfo-separator.png</texture>
							</control>
							<control type="label">
								<left>5</left>
								<width>343</width>
								<height>30</height>
								<font>FullMediaInfoFont</font>
								<aligny>center</aligny>
								<textcolor>MediaInfoItemColor</textcolor>
								<shadowcolor>ShadowColor</shadowcolor>
								<label>[UPPERCASE]$INFO[ListItem.Label][/UPPERCASE]</label>
							</control>
							<control type="label">
								<left>353</left>
								<width>533</width>
								<height>30</height>
								<font>FullMediaInfoFont2</font>
								<aligny>center</aligny>
								<textcolor>MediaInfoItemColor2</textcolor>
								<shadowcolor>ShadowColor</shadowcolor>
								<label fallback="31001">$INFO[ListItem.Year]</label>
							</control>
							<control type="image">
								<left>407</left>
								<width>24</width>
								<height>30</height>
								<aligny>center</aligny>
								<texture>OverlayClean.png</texture>
								<aspectratio>keep</aspectratio>
								<visible>!String.IsEmpty(ListItem.DBID)</visible>
							</control>
							<control type="label">
								<left>407</left>
								<width>24</width>
								<height>30</height>
								<font>ListFont4</font>
								<textcolor>ListColor</textcolor>
								<align>center</align>
								<aligny>center</aligny>
								<label>$LOCALIZE[31007]</label>
								<visible>!String.IsEmpty(ListItem.DBID)</visible>
							</control>
						</itemlayout>
						<focusedlayout width="443" height="30">
							<control type="image">
								<top>28</top>
								<left>5</left>
								<width>433</width>
								<height>2</height>
								<animation effect="fade" end="30" condition="true">Conditional</animation>
								<texture>views/videoinfo-separator.png</texture>
							</control>
							<control type="image">
								<width>443</width>
								<height>30</height>
								<texture border="4">views/list-focus.png</texture>
								<aspectratio>stretch</aspectratio>
								<visible>Control.HasFocus(250)</visible>
								<include>ListViewSelectFadeAnim</include>
								<animation effect="slide" start="0,-30" time="200" tween="quadratic" easing="out" reversible="false" condition="Container(250).OnNext">Focus</animation>
								<animation effect="slide" start="0,30" time="200" tween="quadratic" easing="out" reversible="false" condition="Container(250).OnPrevious">Focus</animation>
							</control>
							<control type="label">
								<left>5</left>
								<width>343</width>
								<height>30</height>
								<font>FullMediaInfoFont</font>
								<aligny>center</aligny>
								<textcolor>MediaInfoItemColor</textcolor>
								<shadowcolor>ShadowColor</shadowcolor>
								<label>[UPPERCASE]$INFO[ListItem.Label][/UPPERCASE]</label>
							</control>
							<control type="label">
								<left>353</left>
								<width>533</width>
								<height>30</height>
								<font>FullMediaInfoFont2</font>
								<aligny>center</aligny>
								<textcolor>MediaInfoItemColor2</textcolor>
								<shadowcolor>ShadowColor</shadowcolor>
								<label fallback="31001">$INFO[ListItem.Year]</label>
							</control>
							<control type="image">
								<left>407</left>
								<width>24</width>
								<height>30</height>
								<aligny>center</aligny>
								<texture>OverlayClean.png</texture>
								<aspectratio>keep</aspectratio>
								<visible>!String.IsEmpty(ListItem.DBID)</visible>
							</control>
							<control type="label">
								<left>407</left>
								<width>24</width>
								<height>30</height>
								<font>ListFont4</font>
								<textcolor>ListColor</textcolor>
								<align>center</align>
								<aligny>center</aligny>
								<label>$LOCALIZE[31007]</label>
								<visible>!String.IsEmpty(ListItem.DBID)</visible>
							</control>
						</focusedlayout>
					</control>
				</control>
				
				<control type="group">
					<visible>Skin.String(ExtendedInfo,4)</visible>
					<include>BackgroundVisibleAnim</include>
					
					<control type="label">
						<description>Known Movie Crew Member</description>
						<top>87</top>
						<width>710</width>
						<align>center</align>
						<font>FullMediaInfoTitleFont2</font>
						<textcolor>MediaInfoTitleColor2</textcolor>
						<shadowcolor>ShadowColor</shadowcolor>
						<label fallback="31000">[UPPERCASE]$INFO[Container(550).NumItems,, $ADDON[script.extendedinfo 32122]][/UPPERCASE]</label>
					</control>
					
					<control type="image">
						<top>118</top>
						<width>710</width>
						<height>2</height>
						<animation effect="fade" end="30" condition="true">Conditional</animation>
						<texture>views/videoinfo-separator.png</texture>
					</control>
					
					<control type="image">
						<top>149</top>
						<width>433</width>
						<height>2</height>
						<animation effect="fade" end="30" condition="true">Conditional</animation>
						<texture>views/videoinfo-separator.png</texture>
					</control>
					
					<control type="list" id="550">
						<left>-5</left>
						<top>151</top>
						<width>443</width>
						<height>360</height>
						<onup>213</onup>
						<ondown condition="Control.IsVisible(61)">61</ondown>
						<onleft>213</onleft>
						<onright condition="Control.IsVisible(61)">61</onright>
						<pagecontrol>61</pagecontrol>
						<itemlayout width="443" height="30">
							<control type="image">
								<top>28</top>
								<left>5</left>
								<width>433</width>
								<height>2</height>
								<animation effect="fade" end="30" condition="true">Conditional</animation>
								<texture>views/videoinfo-separator.png</texture>
							</control>
							<control type="label">
								<left>5</left>
								<width>343</width>
								<height>30</height>
								<font>FullMediaInfoFont</font>
								<aligny>center</aligny>
								<textcolor>MediaInfoItemColor</textcolor>
								<shadowcolor>ShadowColor</shadowcolor>
								<label>[UPPERCASE]$INFO[ListItem.Label][/UPPERCASE]</label>
							</control>
							<control type="label">
								<left>353</left>
								<width>533</width>
								<height>30</height>
								<font>FullMediaInfoFont2</font>
								<aligny>center</aligny>
								<textcolor>MediaInfoItemColor2</textcolor>
								<shadowcolor>ShadowColor</shadowcolor>
								<label fallback="31001">$INFO[ListItem.Year]</label>
							</control>
							<control type="image">
								<left>407</left>
								<width>24</width>
								<height>30</height>
								<aligny>center</aligny>
								<texture>OverlayClean.png</texture>
								<aspectratio>keep</aspectratio>
								<visible>!String.IsEmpty(ListItem.DBID)</visible>
							</control>
							<control type="label">
								<left>407</left>
								<width>24</width>
								<height>30</height>
								<font>ListFont4</font>
								<textcolor>ListColor</textcolor>
								<align>center</align>
								<aligny>center</aligny>
								<label>$LOCALIZE[31007]</label>
								<visible>!String.IsEmpty(ListItem.DBID)</visible>
							</control>
						</itemlayout>
						<focusedlayout width="443" height="30">
							<control type="image">
								<top>28</top>
								<left>5</left>
								<width>433</width>
								<height>2</height>
								<animation effect="fade" end="30" condition="true">Conditional</animation>
								<texture>views/videoinfo-separator.png</texture>
							</control>
							<control type="image">
								<width>443</width>
								<height>30</height>
								<texture border="4">views/list-focus.png</texture>
								<aspectratio>stretch</aspectratio>
								<visible>Control.HasFocus(550)</visible>
								<include>ListViewSelectFadeAnim</include>
								<animation effect="slide" start="0,-30" time="200" tween="quadratic" easing="out" reversible="false" condition="Container(550).OnNext">Focus</animation>
								<animation effect="slide" start="0,30" time="200" tween="quadratic" easing="out" reversible="false" condition="Container(550).OnPrevious">Focus</animation>
							</control>
							<control type="label">
								<left>5</left>
								<width>343</width>
								<height>30</height>
								<font>FullMediaInfoFont</font>
								<aligny>center</aligny>
								<textcolor>MediaInfoItemColor</textcolor>
								<shadowcolor>ShadowColor</shadowcolor>
								<label>[UPPERCASE]$INFO[ListItem.Label][/UPPERCASE]</label>
							</control>
							<control type="label">
								<left>353</left>
								<width>533</width>
								<height>30</height>
								<font>FullMediaInfoFont2</font>
								<aligny>center</aligny>
								<textcolor>MediaInfoItemColor2</textcolor>
								<shadowcolor>ShadowColor</shadowcolor>
								<label fallback="31001">$INFO[ListItem.Year]</label>
							</control>
							<control type="image">
								<left>407</left>
								<width>24</width>
								<height>30</height>
								<aligny>center</aligny>
								<texture>OverlayClean.png</texture>
								<aspectratio>keep</aspectratio>
								<visible>!String.IsEmpty(ListItem.DBID)</visible>
							</control>
							<control type="label">
								<left>407</left>
								<width>24</width>
								<height>30</height>
								<font>ListFont4</font>
								<textcolor>ListColor</textcolor>
								<align>center</align>
								<aligny>center</aligny>
								<label>$LOCALIZE[31007]</label>
								<visible>!String.IsEmpty(ListItem.DBID)</visible>
							</control>
						</focusedlayout>
					</control>
				</control>
				
				<control type="group">
					<visible>Skin.String(ExtendedInfo,5)</visible>
					<include>BackgroundVisibleAnim</include>
					
					<control type="label">
						<description>Known TV Show Crew Member</description>
						<top>87</top>
						<width>710</width>
						<align>center</align>
						<font>FullMediaInfoTitleFont2</font>
						<textcolor>MediaInfoTitleColor2</textcolor>
						<shadowcolor>ShadowColor</shadowcolor>
						<label fallback="31000">[UPPERCASE]$INFO[Container(650).NumItems,, $ADDON[script.extendedinfo 32123]][/UPPERCASE]</label>
					</control>
					
					<control type="image">
						<top>118</top>
						<width>710</width>
						<height>2</height>
						<animation effect="fade" end="30" condition="true">Conditional</animation>
						<texture>views/videoinfo-separator.png</texture>
					</control>
					
					<control type="image">
						<top>149</top>
						<width>433</width>
						<height>2</height>
						<animation effect="fade" end="30" condition="true">Conditional</animation>
						<texture>views/videoinfo-separator.png</texture>
					</control>
					
					<control type="list" id="650">
						<left>-5</left>
						<top>151</top>
						<width>443</width>
						<height>360</height>
						<onup>214</onup>
						<ondown condition="Control.IsVisible(61)">61</ondown>
						<onleft>214</onleft>
						<onright condition="Control.IsVisible(61)">61</onright>
						<pagecontrol>61</pagecontrol>
						<itemlayout width="443" height="30">
							<control type="image">
								<top>28</top>
								<left>5</left>
								<width>433</width>
								<height>2</height>
								<animation effect="fade" end="30" condition="true">Conditional</animation>
								<texture>views/videoinfo-separator.png</texture>
							</control>
							<control type="label">
								<left>5</left>
								<width>343</width>
								<height>30</height>
								<font>FullMediaInfoFont</font>
								<aligny>center</aligny>
								<textcolor>MediaInfoItemColor</textcolor>
								<shadowcolor>ShadowColor</shadowcolor>
								<label>[UPPERCASE]$INFO[ListItem.Label][/UPPERCASE]</label>
							</control>
							<control type="label">
								<left>353</left>
								<width>533</width>
								<height>30</height>
								<font>FullMediaInfoFont2</font>
								<aligny>center</aligny>
								<textcolor>MediaInfoItemColor2</textcolor>
								<shadowcolor>ShadowColor</shadowcolor>
								<label fallback="31001">$INFO[ListItem.Year]</label>
							</control>
							<control type="image">
								<left>407</left>
								<width>24</width>
								<height>30</height>
								<aligny>center</aligny>
								<texture>OverlayClean.png</texture>
								<aspectratio>keep</aspectratio>
								<visible>!String.IsEmpty(ListItem.DBID)</visible>
							</control>
							<control type="label">
								<left>407</left>
								<width>24</width>
								<height>30</height>
								<font>ListFont4</font>
								<textcolor>ListColor</textcolor>
								<align>center</align>
								<aligny>center</aligny>
								<label>$LOCALIZE[31007]</label>
								<visible>!String.IsEmpty(ListItem.DBID)</visible>
							</control>
						</itemlayout>
						<focusedlayout width="443" height="30">
							<control type="image">
								<top>28</top>
								<left>5</left>
								<width>433</width>
								<height>2</height>
								<animation effect="fade" end="30" condition="true">Conditional</animation>
								<texture>views/videoinfo-separator.png</texture>
							</control>
							<control type="image">
								<width>443</width>
								<height>30</height>
								<texture border="4">views/list-focus.png</texture>
								<aspectratio>stretch</aspectratio>
								<visible>Control.HasFocus(650)</visible>
								<include>ListViewSelectFadeAnim</include>
								<animation effect="slide" start="0,-30" time="200" tween="quadratic" easing="out" reversible="false" condition="Container(650).OnNext">Focus</animation>
								<animation effect="slide" start="0,30" time="200" tween="quadratic" easing="out" reversible="false" condition="Container(650).OnPrevious">Focus</animation>
							</control>
							<control type="label">
								<left>5</left>
								<width>343</width>
								<height>30</height>
								<font>FullMediaInfoFont</font>
								<aligny>center</aligny>
								<textcolor>MediaInfoItemColor</textcolor>
								<shadowcolor>ShadowColor</shadowcolor>
								<label>[UPPERCASE]$INFO[ListItem.Label][/UPPERCASE]</label>
							</control>
							<control type="label">
								<left>353</left>
								<width>533</width>
								<height>30</height>
								<font>FullMediaInfoFont2</font>
								<aligny>center</aligny>
								<textcolor>MediaInfoItemColor2</textcolor>
								<shadowcolor>ShadowColor</shadowcolor>
								<label fallback="31001">$INFO[ListItem.Year]</label>
							</control>
							<control type="image">
								<left>407</left>
								<width>24</width>
								<height>30</height>
								<aligny>center</aligny>
								<texture>OverlayClean.png</texture>
								<aspectratio>keep</aspectratio>
								<visible>!String.IsEmpty(ListItem.DBID)</visible>
							</control>
							<control type="label">
								<left>407</left>
								<width>24</width>
								<height>30</height>
								<font>ListFont4</font>
								<textcolor>ListColor</textcolor>
								<align>center</align>
								<aligny>center</aligny>
								<label>$LOCALIZE[31007]</label>
								<visible>!String.IsEmpty(ListItem.DBID)</visible>
							</control>
						</focusedlayout>
					</control>
				</control>
				
				<control type="group">
					<visible>Skin.String(ExtendedInfo,2) | Skin.String(ExtendedInfo,3) | Skin.String(ExtendedInfo,4) | Skin.String(ExtendedInfo,5)</visible>
					<include>BackgroundVisibleAnim</include>
					<left>466</left>
					<top>149</top>
					
					<control type="image">
						<description>Default Cover Image Background</description>
						<width>245</width>
						<height>363</height>
						<texture border="4">covers/cover-case2.png</texture>
						<aspectratio>stretch</aspectratio>
						<animation effect="fade" end="70" condition="true">Conditional</animation>
						<include>FSMediaInfoOpenCloseAnim</include>
						<visible>[Skin.String(ExtendedInfo,2) + String.IsEmpty(Container(150).ListItem.Thumb)] | [Skin.String(ExtendedInfo,3) + String.IsEmpty(Container(250).ListItem.Thumb)] | [Skin.String(ExtendedInfo,4) + String.IsEmpty(Container(550).ListItem.Thumb)] | [Skin.String(ExtendedInfo,5) + String.IsEmpty(Container(650).ListItem.Thumb)]</visible>
					</control>
					
					<control type="image">
						<description>Default Cover Image</description>
						<width>245</width>
						<height>363</height>
						<texture>DefaultVideo.png</texture>
						<bordersize>20</bordersize>
						<aspectratio>keep</aspectratio>
						<animation effect="fade" end="85" condition="true">Conditional</animation>
						<include>FSMediaInfoOpenCloseAnim</include>
						<visible>[Skin.String(ExtendedInfo,2) + String.IsEmpty(Container(150).ListItem.Thumb)] | [Skin.String(ExtendedInfo,3) + String.IsEmpty(Container(250).ListItem.Thumb)] | [Skin.String(ExtendedInfo,4) + String.IsEmpty(Container(550).ListItem.Thumb)] | [Skin.String(ExtendedInfo,5) + String.IsEmpty(Container(650).ListItem.Thumb)]</visible>
					</control>
					
					<control type="image">
						<description>Thumb</description>
						<width>245</width>
						<height>363</height>
						<texture>$VAR[ExtendedInfoThumb]</texture>
						<bordertexture border="4">covers/cover-case2.png</bordertexture>
						<bordersize>4</bordersize>
						<aspectratio>scale</aspectratio>
						<include>FSMediaInfoOpenCloseAnim</include>
						<fadetime>IconCrossfadeTime</fadetime>
						<visible>[Skin.String(ExtendedInfo,2) + !String.IsEmpty(Container(150).ListItem.Thumb)] | [Skin.String(ExtendedInfo,3) + !String.IsEmpty(Container(250).ListItem.Thumb)] | [Skin.String(ExtendedInfo,4) + !String.IsEmpty(Container(550).ListItem.Thumb)] | [Skin.String(ExtendedInfo,5) + !String.IsEmpty(Container(650).ListItem.Thumb)]</visible>
					</control>
					
					<control type="label">
						<top>368</top>
						<width>238</width>
						<font>ListFont5</font>
						<align>center</align>
						<textcolor>MediaInfoItemColor</textcolor>
						<shadowcolor>ShadowColor</shadowcolor>
						<label>[UPPERCASE]$VAR[ExtendedInfoActorRole][/UPPERCASE]</label>
						<scroll>true</scroll>
						<visible>[Skin.String(ExtendedInfo,2) + !String.IsEmpty(Container(150).ListItem.Property(Character))] | [Skin.String(ExtendedInfo,3) + !String.IsEmpty(Container(250).ListItem.Property(Character))] | [Skin.String(ExtendedInfo,4) + !String.IsEmpty(Container(550).ListItem.Property(Job))] | [Skin.String(ExtendedInfo,5) + !String.IsEmpty(Container(650).ListItem.Property(Job))]</visible>
					</control>
				</control>
				
				<control type="group">
					<visible>Skin.String(ExtendedInfo,6)</visible>
					<include>BackgroundVisibleAnim</include>
					
					<control type="label">
						<description>Artwork Images</description>
						<top>87</top>
						<width>710</width>
						<align>center</align>
						<font>FullMediaInfoTitleFont2</font>
						<textcolor>MediaInfoTitleColor2</textcolor>
						<shadowcolor>ShadowColor</shadowcolor>
						<label fallback="31000">[UPPERCASE]$INFO[Container(450).NumItems,$ADDON[script.extendedinfo 32119] (,)][/UPPERCASE]</label>
					</control>
					
					<control type="image">
						<top>118</top>
						<width>710</width>
						<height>2</height>
						<animation effect="fade" end="30" condition="true">Conditional</animation>
						<texture>views/videoinfo-separator.png</texture>
					</control>
					
					<control type="panel" id="450">
						<top>128</top>
						<width>730</width>
						<height>412</height>
						<onup>215</onup>
						<ondown condition="Control.IsVisible(61)">61</ondown>
						<onleft>215</onleft>
						<onright condition="Control.IsVisible(61)">61</onright>
						<pagecontrol>61</pagecontrol>
						<itemlayout width="143" height="206">
							<control type="image">
								<width>138</width>
								<height>201</height>
								<bordertexture border="4">covers/cover-case2.png</bordertexture>
								<bordersize>4</bordersize>
								<aspectratio align="center" aligny="center">scale</aspectratio>
								<texture background="true" fallback="DefaultActor.png">$INFO[ListItem.Thumb]</texture>
							</control>
						</itemlayout>
						<focusedlayout width="143" height="206">
							<control type="group">
								<include>ListViewCoverFocusAnim</include>
								<control type="image">
									<width>138</width>
									<height>201</height>
									<texture border="4">covers/cover-case-noshadow-focus.png</texture>
									<include>ListViewOverlayFadeAnim</include>
								</control>
								<control type="image">
									<width>138</width>
									<height>201</height>
									<texture border="4">black.png</texture>
									<bordersize>3</bordersize>
								</control>
								<control type="image">
									<width>138</width>
									<height>201</height>
									<bordersize>4</bordersize>
									<aspectratio align="center" aligny="center">scale</aspectratio>
									<texture background="true" fallback="DefaultActor.png">$INFO[ListItem.Thumb]</texture>
								</control>
							</control>
						</focusedlayout>
					</control>
				</control>
				
				<control type="group">
					<visible>Skin.String(ExtendedInfo,7)</visible>
					<include>BackgroundVisibleAnim</include>
					
					<control type="label">
						<description>Artwork Images</description>
						<top>87</top>
						<width>710</width>
						<align>center</align>
						<font>FullMediaInfoTitleFont2</font>
						<textcolor>MediaInfoTitleColor2</textcolor>
						<shadowcolor>ShadowColor</shadowcolor>
						<label fallback="31000">[UPPERCASE]$INFO[Container(750).NumItems,$LOCALIZE[20445] (,)][/UPPERCASE]</label>
					</control>
					
					<control type="image">
						<top>118</top>
						<width>710</width>
						<height>2</height>
						<animation effect="fade" end="30" condition="true">Conditional</animation>
						<texture>views/videoinfo-separator.png</texture>
					</control>
					
					<control type="panel" id="750">
						<top>128</top>
						<width>730</width>
						<height>412</height>
						<onup>216</onup>
						<ondown condition="Control.IsVisible(61)">61</ondown>
						<onleft>216</onleft>
						<onright condition="Control.IsVisible(61)">61</onright>
						<pagecontrol>61</pagecontrol>
						<itemlayout width="357" height="206">
							<control type="image">
								<width>352</width>
								<height>201</height>
								<bordertexture border="4">covers/cover-case2.png</bordertexture>
								<bordersize>4</bordersize>
								<aspectratio align="center" aligny="center">scale</aspectratio>
								<texture background="true" fallback="DefaultActor.png">$INFO[ListItem.Thumb]</texture>
							</control>
							<control type="image">
								<left>10</left>
								<top>166</top>
								<width>332</width>
								<height>27</height>
								<texture border="8">views/genre-background.png</texture>
								<visible>!String.IsEmpty(ListItem.Title)</visible>
							</control>
							<control type="label">
								<left>15</left>
								<top>170</top>
								<width>322</width>
								<align>center</align>
								<font>SubMenuArrowFont</font>
								<textcolor>WhiteColor</textcolor>
								<shadowcolor>ShadowColor</shadowcolor>
								<label>$INFO[ListItem.Title]</label>
								<visible>!String.IsEmpty(ListItem.Title)</visible>
							</control>
						</itemlayout>
						<focusedlayout width="357" height="206">
							<control type="group">
								<include>ListViewCoverFocusAnim</include>
								<control type="image">
									<width>352</width>
									<height>201</height>
									<texture border="4">covers/cover-case-noshadow-focus.png</texture>
									<include>ListViewOverlayFadeAnim</include>
								</control>
								<control type="image">
									<width>352</width>
									<height>201</height>
									<texture border="4">black.png</texture>
									<bordersize>3</bordersize>
								</control>
								<control type="image">
									<width>352</width>
									<height>201</height>
									<bordersize>4</bordersize>
									<aspectratio align="center" aligny="center">scale</aspectratio>
									<texture background="true" fallback="DefaultActor.png">$INFO[ListItem.Thumb]</texture>
								</control>
								<control type="image">
									<left>10</left>
									<top>166</top>
									<width>332</width>
									<height>27</height>
									<texture border="8">views/genre-background.png</texture>
									<visible>!String.IsEmpty(ListItem.Title)</visible>
								</control>
								<control type="label">
									<left>15</left>
									<top>170</top>
									<width>322</width>
									<align>center</align>
									<font>SubMenuArrowFont</font>
									<textcolor>SelectedColor2</textcolor>
									<shadowcolor>ShadowColor</shadowcolor>
									<label>$INFO[ListItem.Title]</label>
									<visible>!String.IsEmpty(ListItem.Title)</visible>
								</control>
							</control>
						</focusedlayout>
					</control>
				</control>
				
				<control type="group">
					<visible>Skin.String(ExtendedInfo,8)</visible>
					<include>BackgroundVisibleAnim</include>
					
					<control type="label">
						<description>Youtube Videos</description>
						<top>87</top>
						<width>710</width>
						<align>center</align>
						<font>FullMediaInfoTitleFont2</font>
						<textcolor>MediaInfoTitleColor2</textcolor>
						<shadowcolor>ShadowColor</shadowcolor>
						<label fallback="31000">[UPPERCASE]$INFO[Container(350).NumItems,, $ADDON[script.extendedinfo 32118]][/UPPERCASE]</label>
					</control>
					
					<control type="image">
						<top>118</top>
						<width>710</width>
						<height>2</height>
						<animation effect="fade" end="30" condition="true">Conditional</animation>
						<texture>views/videoinfo-separator.png</texture>
					</control>
					
					<control type="panel" id="350">
						<top>128</top>
						<width>730</width>
						<height>411</height>
						<onup>217</onup>
						<ondown condition="Control.IsVisible(61)">61</ondown>
						<onleft>217</onleft>
						<onright condition="Control.IsVisible(61)">61</onright>
						<pagecontrol>61</pagecontrol>
						<itemlayout width="238" height="137">
							<control type="image">
								<width>233</width>
								<height>132</height>
								<bordertexture border="4">covers/cover-case2.png</bordertexture>
								<bordersize>4</bordersize>
								<aspectratio align="center" aligny="center">scale</aspectratio>
								<texture background="true" fallback="DefaultVideo.png">$INFO[ListItem.Art(thumb)]</texture>
							</control>
							<control type="image">
								<left>10</left>
								<top>97</top>
								<width>213</width>
								<height>27</height>
								<texture border="8">views/genre-background.png</texture>
								<visible>!String.IsEmpty(ListItem.Label)</visible>
							</control>
							<control type="label">
								<left>15</left>
								<top>101</top>
								<width>203</width>
								<align>center</align>
								<font>SubMenuArrowFont</font>
								<textcolor>WhiteColor</textcolor>
								<shadowcolor>ShadowColor</shadowcolor>
								<label>$INFO[ListItem.Label]</label>
								<visible>!String.IsEmpty(ListItem.Label)</visible>
							</control>
						</itemlayout>
						<focusedlayout width="238" height="137">
							<control type="group">
								<include>ListViewCoverFocusAnim</include>
								<control type="image">
									<width>233</width>
									<height>132</height>
									<texture border="4">covers/cover-case-noshadow-focus.png</texture>
									<include>ListViewOverlayFadeAnim</include>
								</control>
								<control type="image">
									<width>233</width>
									<height>132</height>
									<texture border="4">black.png</texture>
									<bordersize>3</bordersize>
								</control>
								<control type="image">
									<width>233</width>
									<height>132</height>
									<bordersize>4</bordersize>
									<aspectratio align="center" aligny="center">scale</aspectratio>
									<texture background="true" fallback="DefaultVideo.png">$INFO[ListItem.Art(thumb)]</texture>
								</control>
								<control type="image">
									<left>10</left>
									<top>97</top>
									<width>213</width>
									<height>27</height>
									<texture border="8">views/genre-background.png</texture>
									<visible>!String.IsEmpty(ListItem.Label)</visible>
								</control>
								<control type="label">
									<left>15</left>
									<top>101</top>
									<width>203</width>
									<align>center</align>
									<font>SubMenuArrowFont</font>
									<textcolor>SelectedColor2</textcolor>
									<shadowcolor>ShadowColor</shadowcolor>
									<label>$INFO[ListItem.Label]</label>
									<visible>!String.IsEmpty(ListItem.Label)</visible>
								</control>
							</control>
						</focusedlayout>
					</control>
				</control>
				
				<control type="image">
					<top>541</top>
					<width>710</width>
					<height>2</height>
					<animation effect="fade" end="30" condition="true">Conditional</animation>
					<texture>views/videoinfo-separator.png</texture>
				</control>
			</control>
			
			<control type="spincontrol" id="61">
				<description>Next Page</description>
				<left>1125</left>
				<top>655</top>
				<width>28</width>
				<height>28</height>
				<spinwidth>30</spinwidth>
				<spinheight>30</spinheight>
				<onup condition="Skin.String(ExtendedInfo,1)">987</onup>
				<onup condition="Skin.String(ExtendedInfo,2)">150</onup>
				<onup condition="Skin.String(ExtendedInfo,3)">250</onup>
				<onup condition="Skin.String(ExtendedInfo,4)">550</onup>
				<onup condition="Skin.String(ExtendedInfo,5)">650</onup>
				<onup condition="Skin.String(ExtendedInfo,6)">450</onup>
				<onup condition="Skin.String(ExtendedInfo,7)">750</onup>
				<onup condition="Skin.String(ExtendedInfo,8)">350</onup>
				<onleft condition="Skin.String(ExtendedInfo,1)">987</onleft>
				<onleft condition="Skin.String(ExtendedInfo,2)">150</onleft>
				<onleft condition="Skin.String(ExtendedInfo,3)">250</onleft>
				<onleft condition="Skin.String(ExtendedInfo,4)">550</onleft>
				<onleft condition="Skin.String(ExtendedInfo,5)">650</onleft>
				<onleft condition="Skin.String(ExtendedInfo,6)">450</onleft>
				<onleft condition="Skin.String(ExtendedInfo,7)">750</onleft>
				<onleft condition="Skin.String(ExtendedInfo,8)">350</onleft>
				<include>NotificationsOpenCloseAnim</include>
				<visible>[!String.IsEqual(Container(800).NumPages,1) + Skin.String(ExtendedInfo,1) + !String.IsEmpty(Window.Property(Biography))] | [!String.IsEqual(Container(150).NumPages,1) + Skin.String(ExtendedInfo,2)] | [!String.IsEqual(Container(250).NumPages,1) + Skin.String(ExtendedInfo,3)] | [!String.IsEqual(Container(550).NumPages,1) + Skin.String(ExtendedInfo,4)] | [!String.IsEqual(Container(650).NumPages,1) + Skin.String(ExtendedInfo,5)] | [!String.IsEqual(Container(450).NumPages,1) + Skin.String(ExtendedInfo,6)] | [!String.IsEqual(Container(750).NumPages,1) + Skin.String(ExtendedInfo,7)] | [!String.IsEqual(Container(350).NumPages,1) + Skin.String(ExtendedInfo,8)]</visible>
			</control>
		</control>
		
		<include content="MenubarTopbar">
			<param name="Menubar" value="ExtendedInfoActorInfoMenuBar" />
			<param name="Breadcrumbs" value="BreadCrumbMediaInfo" />
		</include>
    </controls>
</window>
