<?xml version="1.0" encoding="UTF-8"?>
<window id="101">
	<defaultcontrol always="true">10</defaultcontrol>

	<coordinates>
		<system>1</system>
		<origin x="395" y="250">true</origin>
	</coordinates>
	
	<controls>	
		<control type="group">
			<depth>DepthDialog+</depth>
			<include>ProgressDialogBox</include>
			<include>DialogOpenCloseAnim</include>
			<animation effect="fade" start="100" end="0" time="250" condition="Window.IsActive(OKDialog)">Conditional</animation>
			
			<control type="label" id="1">
				<visible>false</visible>
			</control>
			
			<control type="label">
				<include>DialogTitle2</include>
				<label>$INFO[Control.GetLabel(1)] $INFO[System.Progressbar,- ,%]</label>
			</control>
			
			<control type="textbox" id="9">
				<description>Text</description>
				<left>DialogMarginOffsetX</left>
				<top>57</top>
				<width>420</width>
				<height>98</height>
				<align>center</align>
				<label>-</label>
				<font>DefaultFontB</font>
				<textcolor>ButtonColor</textcolor>
				<autoscroll time="3000" delay="4000" repeat="10000">true</autoscroll>
			</control>
			
			<control type="progress">
				<description>Progressbar</description>
				<left>DialogMarginOffsetX</left>
				<top>140</top>
				<width>420</width>
				<info>System.Progressbar</info>
			</control>
		
			<control type="button" id="10">
				<description>Cancel</description>
				<left>160</left>
				<top>164</top>
				<include>DialogMenuBarBtn</include>
				<label>$LOCALIZE[222]</label>
			</control>
		</control>
	</controls>	
</window>