<?xml version="1.0" encoding="UTF-8"?>
<window>
	<defaultcontrol always="true">5</defaultcontrol>
	
	<coordinates>
		<system>1</system>
		<left>340</left>
		<top>129</top>
	</coordinates>
	
	<controls>
		<control type="group">
			<depth>DepthDialog</depth>
			<include>DialogOpenCloseAnim</include>
			
			<control type="image">
				<width>600</width>
				<height>462</height>
				<texture border="50,70,50,75">panels/dialog-background.png</texture>
			</control>

			<control type="button">
				<left>540</left>
				<include>DialogCloseBtn</include>
			</control>
		
			<control type="label" id="2">
				<left>0</left>
				<top>DialogHeadingOffsetY</top>
				<width>600</width>
				<font>DialogTitleFont</font>
				<textcolor>DialogTitleColor</textcolor>
				<shadowcolor>ShadowColor</shadowcolor>
				<align>center</align>
				<label>[UPPERCASE]$LOCALIZE[587][/UPPERCASE]</label>
			</control>
		
			<control type="grouplist" id="5">
				<description>control area</description>
				<left>DialogMarginOffsetX</left>
				<top>DialogMarginOffsetY</top>
				<width>530</width>
				<height>356</height>
				<itemgap>4</itemgap>
				<pagecontrol>6</pagecontrol>
				<onup>9001</onup>
				<ondown>9001</ondown>
				<onleft>9001</onleft>
				<onright>6</onright>
			</control>
		
			<control type="scrollbar" id="6">
				<left>654</left>
				<top>53</top>
				<width>16</width>
				<height>300</height>
				<onleft>5</onleft>
				<onright>9001</onright>
				<showonepage>false</showonepage>
				<orientation>vertical</orientation>
			</control>

			<control type="button" id="7">
				<description>Default Button</description>
				<include>DialogContentLabel</include>
			</control>
			
			<control type="radiobutton" id="8">
				<description>Default RadioButton</description>
				<include>DialogContentLabel</include>
			</control>
		
			<control type="spincontrolex" id="9">
				<description>Default SpinControlex</description>
				<include>DialogContentLabel</include>
			</control>
		
			<control type="sliderex" id="13">
				<description>Default Slider</description>
				<include>DialogContentLabel</include>
			</control>
		
			<control type="edit" id="12">
				<description>Default Edit</description>
				<textwidth>520</textwidth>
				<include>DialogContentLabel</include>
			</control>

			<control type="grouplist" id="9001">
				<left>115</left>
				<top>409</top>
				<itemgap>0</itemgap>
				<orientation>horizontal</orientation>
				<control type="button" id="28">
					<description>Ok Button</description>
					<include>DialogMenuBarBtn</include>
					<label>$LOCALIZE[186]</label>
					<onup>5</onup>
					<onleft>27</onleft>
					<onright>27</onright>
					<ondown>5</ondown>
				</control>
			
				<control type="button" id="27">
					<description>Clear Button</description>
					<include>DialogMenuBarBtn</include>
					<label>$LOCALIZE[192]</label>
					<onup>5</onup>
					<onleft>28</onleft>
					<onright>28</onright>
					<ondown>5</ondown>
				</control>
			</control>
		</control>
	</controls>
</window>
