<?xml version="1.0" encoding="UTF-8"?>
<window id="11">
	<defaultcontrol>8</defaultcontrol>
	
	<controls>
		<control type="image">
			<include>ScreenSize</include>
			<texture>background-default.png</texture>
		</control>
		
		<control type="group">
			<visible>Player.HasVideo</visible>
			<control type="videowindow">
				<include>ScreenSize</include>
			</control>
			
			<control type="image">
				<description>Background Brightness</description>
				<include>ScreenSize</include>
				<texture>dim.png</texture>
				<animation effect="fade" start="0" end="40" time="450">WindowOpen</animation>
				<animation effect="fade" start="40" end="0" time="450">WindowClose</animation>
			</control>
		</control>

		<control type="mover" id="8">
			<description>Top Left</description>
			<width>200</width>
			<height>200</height>
			<texturefocus border="6">settings/calibrate-topleft-focus.png</texturefocus>
			<texturenofocus border="6">settings/calibrate-topleft-nofocus.png</texturenofocus>
		</control>
		
		<control type="mover" id="9">
			<description>Bottom Right</description>
			<left>700</left>
			<top>500</top>
			<width>200</width>
			<height>200</height>
			<texturefocus border="6">settings/calibrate-bottomright-focus.png</texturefocus>
			<texturenofocus border="6">settings/calibrate-bottomright-nofocus.png</texturenofocus>
		</control>
		
		<control type="mover" id="10">
			<description>Subtitle</description>
			<left>200</left>
			<top>500</top>
			<width>700</width>
			<texturefocus border="6">settings/calibrate-subtitles-focus.png</texturefocus>
			<texturenofocus border="6">settings/calibrate-subtitles-nofocus.png</texturenofocus>
		</control>
		
		<control type="resize" id="11">
			<description>Pixel Aspect Ratio</description>
			<top>270</top>
			<width>288</width>
			<height>288</height>
			<texturefocus border="10">settings/calibrate-pixelratio-focus.png</texturefocus>
			<texturenofocus border="10">settings/calibrate-pixelratio-nofocus.png</texturenofocus>
		</control>
		
		<control type="group">	
			<top>50</top>
			
			<control type="label" id="2">
				<description>Coordinates</description>
				<width>ScreenWidth</width>
				<font>ScreenCalibrationFont</font>
				<textcolor>GreyColor2</textcolor>
				<align>center</align>	
			</control>
			
			<control type="label" id="3">
				<description>Help Information</description>
				<top>40</top>
				<width>ScreenWidth</width>
				<font>ScreenCalibrationFont</font>
				<textcolor>GreyColor2</textcolor>
				<align>center</align>		
			</control>	
		</control>
	</controls>	
</window>