<?xml version="1.0" encoding="UTF-8"?>
<includes>
	<include name="CommonScrollbar">
		<control type="group" id="150">
			<control type="scrollbar" id="901">
				<left>1262</left>
				<top>91</top>
				<height>543</height>
				<onleft>2</onleft>
			</control>
		</control>
	</include>
	
	<include name="IconViewScrollbar">
		<control type="group" id="150">
			<control type="scrollbar" id="901">
				<left>1262</left>
				<top>91</top>
				<height>543</height>
				<onleft>500</onleft>
				<animation effect="fade" start="100" end="0" time="150" condition="!Skin.HasSetting(ShowIconViewScrollbar) + !ControlGroup(150).HasFocus">Conditional</animation>
			</control>
		</control>
	</include>
	
	<include name="WideIconViewScrollbar">
		<control type="group" id="150">
			<control type="scrollbar" id="916">
				<left>1262</left>
				<top>96</top>
				<height>530</height>
				<onleft>500</onleft>
				<animation effect="fade" start="100" end="0" time="150" condition="!Skin.HasSetting(ShowWideIconViewScrollbar) + !ControlGroup(150).HasFocus">Conditional</animation>
			</control>
		</control>
	</include>
	
	<include name="ListViewScrollbar">
		<control type="group" id="150">	
			<control type="image">
				<left>767</left>
				<top>110</top>
				<width>14</width>
				<height>517</height>
				<texture border="4">controls/scrollbar-background.png</texture>
			</control>
			
			<control type="scrollbar" id="903">
				<left>767</left>
				<top>110</top>
				<height>517</height>
				<texturesliderbackground>-</texturesliderbackground>
				<animation effect="fade" start="100" end="0" time="150" condition="Skin.HasSetting(HideListViewScrollbar) + !ControlGroup(150).HasFocus">Conditional</animation>
				<onleft>500</onleft>
				<onright condition="[Container.Content(Movies) | Container.Content(TVShows)] + !IsEmpty(ListItem.Trailer)">PlayMedia($ESCINFO[ListItem.Trailer],noresume)</onright>
				<onright condition="[Container.Content(Movies) | Container.Content(TVShows)] + IsEmpty(ListItem.Trailer)">ActivateWindow(videos,$INFO[ListItem.Label,plugin://plugin.video.youtube/kodion/search/query/?q=, trailer],return)</onright>
				<onright condition="Container.Content(Episodes) + IsEmpty(ListItem.Trailer)">ActivateWindow(videos,plugin://plugin.video.youtube/kodion/search/query/?q=$INFO[ListItem.TVShowTitle] $INFO[ListItem.Label] trailer],return)</onright>
			</control>
		</control>
	</include>
	
	<include name="WideListViewScrollbar">
		<control type="group" id="150">		
			<control type="image">
				<left>1232</left>
				<top>91</top>
				<width>14</width>
				<height>536</height>
				<texture border="4">controls/scrollbar-background.png</texture>
			</control>
			
			<control type="scrollbar" id="910">
				<left>1232</left>
				<top>91</top>
				<height>536</height>
				<texturesliderbackground>-</texturesliderbackground>
				<animation effect="fade" start="100" end="0" time="150" condition="Skin.HasSetting(HideWideListViewScrollbar) + !ControlGroup(150).HasFocus">Conditional</animation>
				<onleft>500</onleft>
				<onright condition="[Container.Content(Movies) | Container.Content(TVShows)] + !IsEmpty(ListItem.Trailer)">PlayMedia($ESCINFO[ListItem.Trailer],noresume)</onright>
				<onright condition="[Container.Content(Movies) | Container.Content(TVShows)] + IsEmpty(ListItem.Trailer)">ActivateWindow(videos,$INFO[ListItem.Label,plugin://plugin.video.youtube/kodion/search/query/?q=, trailer],return)</onright>
				<onright condition="Container.Content(Episodes) + IsEmpty(ListItem.Trailer)">ActivateWindow(videos,plugin://plugin.video.youtube/kodion/search/query/?q=$INFO[ListItem.TVShowTitle] $INFO[ListItem.Label] trailer],return)</onright>
			</control>	
		</control>
	</include>
	
	<include name="ThumbnailViewScrollbar">
		<control type="group" id="150">	
			<control type="scrollbar" id="904">
				<left>1262</left>
				<top>107</top>
				<height>508</height>
				<onleft>500</onleft>
				<animation effect="fade" start="100" end="0" time="150" condition="!Skin.HasSetting(ShowThumbnailViewScrollbar) + !ControlGroup(150).HasFocus">Conditional</animation>
			</control>
		</control>
	</include>

	<include name="ColumnsViewScrollbar">
		<control type="group" id="150">	
			<control type="scrollbar" id="904">
				<left>1223</left>
				<top>35</top>
				<height>332</height>
				<onleft>500</onleft>
				<animation effect="fade" start="100" end="0" time="150" condition="!Skin.HasSetting(ShowColumnsViewScrollbar) + !ControlGroup(150).HasFocus">Conditional</animation>
			</control>
		</control>
	</include>
	
	<include name="ListInfoViewScrollbar">
		<control type="group" id="150">
			<control type="image">
				<left>1232</left>
				<top>332</top>
				<width>14</width>
				<height>295</height>
				<texture border="4">controls/scrollbar-background.png</texture>
			</control>
			
			<control type="scrollbar" id="905">
				<left>1232</left>
				<top>332</top>
				<height>287</height>
				<texturesliderbackground>-</texturesliderbackground>
				<animation effect="fade" start="100" end="0" time="150" condition="Skin.HasSetting(HideListInfoViewScrollbar) + !ControlGroup(150).HasFocus">Conditional</animation>
				<onleft>500</onleft>
				<onright condition="[Container.Content(Movies) | Container.Content(TVShows)] + !IsEmpty(ListItem.Trailer)">PlayMedia($ESCINFO[ListItem.Trailer],noresume)</onright>
				<onright condition="[Container.Content(Movies) | Container.Content(TVShows)] + IsEmpty(ListItem.Trailer)">ActivateWindow(videos,$INFO[ListItem.Label,plugin://plugin.video.youtube/kodion/search/query/?q=, trailer],return)</onright>
				<onright condition="Container.Content(Episodes) + IsEmpty(ListItem.Trailer)">ActivateWindow(videos,plugin://plugin.video.youtube/kodion/search/query/?q=$INFO[ListItem.TVShowTitle] $INFO[ListItem.Label] trailer],return)</onright>
			</control>	
		</control>
	</include>
	
	<include name="ListInfo2ViewScrollbar">
		<control type="group" id="150">
			<control type="image">
				<left>1232</left>
				<top>110</top>
				<width>14</width>
				<height>517</height>
				<texture border="4">controls/scrollbar-background.png</texture>
			</control>
			
			<control type="scrollbar" id="906">
				<left>1232</left>
				<top>110</top>
				<height>517</height>
				<texturesliderbackground>-</texturesliderbackground>
				<animation effect="fade" start="100" end="0" time="150" condition="Skin.HasSetting(HideListInfoView2Scrollbar) + !ControlGroup(150).HasFocus">Conditional</animation>
				<onleft>500</onleft>
				<onright condition="[Container.Content(Movies) | Container.Content(TVShows)] + !IsEmpty(ListItem.Trailer)">PlayMedia($ESCINFO[ListItem.Trailer],noresume)</onright>
				<onright condition="[Container.Content(Movies) | Container.Content(TVShows)] + IsEmpty(ListItem.Trailer)">ActivateWindow(videos,$INFO[ListItem.Label,plugin://plugin.video.youtube/kodion/search/query/?q=, trailer],return)</onright>
				<onright condition="Container.Content(Episodes) + IsEmpty(ListItem.Trailer)">ActivateWindow(videos,plugin://plugin.video.youtube/kodion/search/query/?q=$INFO[ListItem.TVShowTitle] $INFO[ListItem.Label] trailer],return)</onright>
			</control>	
		</control>
	</include>
	
	<include name="ListInfo3ViewScrollbar">	
		<control type="group" id="150">
			<control type="image">
				<left>817</left>
				<top>110</top>
				<width>12</width>
				<height>517</height>
				<texture border="4">controls/scrollbar-background.png</texture>
			</control>
			
			<control type="scrollbar" id="917">
				<left>817</left>
				<top>110</top>
				<width>12</width>
				<height>517</height>
				<texturesliderbackground>-</texturesliderbackground>
				<animation effect="fade" start="100" end="0" time="150" condition="Skin.HasSetting(HideListInfoView3Scrollbar) + !ControlGroup(150).HasFocus">Conditional</animation>
				<onleft>500</onleft>
				<onright condition="[Container.Content(Movies) | Container.Content(TVShows)] + !IsEmpty(ListItem.Trailer)">PlayMedia($ESCINFO[ListItem.Trailer],noresume)</onright>
				<onright condition="[Container.Content(Movies) | Container.Content(TVShows)] + IsEmpty(ListItem.Trailer)">ActivateWindow(videos,$INFO[ListItem.Label,plugin://plugin.video.youtube/kodion/search/query/?q=, trailer],return)</onright>
				<onright condition="Container.Content(Episodes) + IsEmpty(ListItem.Trailer)">ActivateWindow(videos,plugin://plugin.video.youtube/kodion/search/query/?q=$INFO[ListItem.TVShowTitle] $INFO[ListItem.Label] trailer],return)</onright>
			</control>	
		</control>
	</include>
	
	<include name="ThumbsInfoViewScrollbar">
		<control type="group" id="150">
			<control type="image">
				<left>1232</left>
				<top>110</top>
				<width>14</width>
				<height>517</height>
				<texture border="4">controls/scrollbar-background.png</texture>
			</control>
			
			<control type="scrollbar" id="918">
				<left>1232</left>
				<top>110</top>
				<height>517</height>
				<texturesliderbackground>-</texturesliderbackground>
				<animation effect="fade" start="100" end="0" time="150" condition="Skin.HasSetting(HideThumbsInfoViewScrollbar) + !ControlGroup(150).HasFocus">Conditional</animation>
				<onleft>500</onleft>
			</control>	
		</control>
	</include>
	
	<include name="WrapInfoViewScrollbar">
		<control type="group" id="150">	
			<control type="scrollbar" id="908">
				<left>485</left>
				<top>465</top>
				<width>765</width>
				<height>12</height>
				<orientation>horizontal</orientation>
				<texturesliderbar border="2">controls/scrollbar-slider-horz-nofocus.png</texturesliderbar>
				<texturesliderbarfocus border="2">controls/scrollbar-slider-horz-focus.png</texturesliderbarfocus>
				<textureslidernib>-</textureslidernib>
				<textureslidernibfocus>-</textureslidernibfocus>
				<animation effect="fade" start="100" end="0" time="150" condition="!Skin.HasSetting(ShowWrapInfoViewScrollbar) + !ControlGroup(150).HasFocus">Conditional</animation>
				<onup>500</onup>
				<ondown condition="[Container.Content(Movies) | Container.Content(TVShows)] + !IsEmpty(ListItem.Trailer)">PlayMedia($ESCINFO[ListItem.Trailer],noresume)</ondown>
				<ondown condition="[Container.Content(Movies) | Container.Content(TVShows)] + IsEmpty(ListItem.Trailer)">ActivateWindow(videos,$INFO[ListItem.Label,plugin://plugin.video.youtube/kodion/search/query/?q=, trailer],return)</ondown>
				<ondown condition="Container.Content(Episodes) + IsEmpty(ListItem.Trailer)">ActivateWindow(videos,plugin://plugin.video.youtube/kodion/search/query/?q=$INFO[ListItem.TVShowTitle] $INFO[ListItem.Label] trailer],return)</ondown>
			</control>
		</control>
	</include>
	
	<include name="WallViewScrollbar">
		<control type="group" id="150">		
			<control type="scrollbar" id="909">
				<left>-1</left>
				<top>706</top>
				<width>1282</width>
				<orientation>horizontal</orientation>
				<texturesliderbar border="2">controls/scrollbar-slider-horz-nofocus.png</texturesliderbar>
				<texturesliderbarfocus border="2">controls/scrollbar-slider-horz-focus.png</texturesliderbarfocus>
				<textureslidernib>-</textureslidernib>
				<textureslidernibfocus>-</textureslidernibfocus>
				<visible>!Control.IsVisible(659)</visible>
				<animation effect="fade" start="100" end="0" time="150" condition="!Skin.HasSetting(ShowWallViewScrollbar) + !ControlGroup(150).HasFocus">Conditional</animation>
				<onup>500</onup>
				<ondown>noop</ondown>
			</control>
		</control>
	</include>

	<include name="ProgramsListInfoViewScrollbar">
		<control type="group" id="150">
			<control type="image">
				<left>1232</left>
				<top>110</top>
				<width>14</width>
				<height>517</height>
				<texture border="4">controls/scrollbar-background.png</texture>
			</control>

			<control type="scrollbar" id="920">
				<left>1232</left>
				<top>110</top>
				<height>517</height>
				<texturesliderbackground>-</texturesliderbackground>
				<animation effect="fade" start="100" end="0" time="150" condition="Skin.HasSetting(HideListInfoView2Scrollbar) + !ControlGroup(150).HasFocus">Conditional</animation>
				<onright>ActivateWindow(1122)</onright>
				<onleft>500</onleft>
			</control>
		</control>
	</include>

	<include name="ProgramsListInfo2ViewScrollbar">
		<control type="group" id="150">
			<control type="image">
				<left>1232</left>
				<top>110</top>
				<width>14</width>
				<height>517</height>
				<texture border="4">controls/scrollbar-background.png</texture>
			</control>

			<control type="scrollbar" id="921">
				<left>1232</left>
				<top>110</top>
				<height>517</height>
				<texturesliderbackground>-</texturesliderbackground>
				<animation effect="fade" start="100" end="0" time="150" condition="Skin.HasSetting(HideListInfoView2Scrollbar) + !ControlGroup(150).HasFocus">Conditional</animation>
				<onright>ActivateWindow(1122)</onright>
				<onleft>500</onleft>
			</control>
		</control>
	</include>

	<include name="ProgramsListInfo3ViewScrollbar">
		<control type="group" id="150">
			<control type="image">
				<left>1232</left>
				<top>110</top>
				<width>14</width>
				<height>517</height>
				<texture border="4">controls/scrollbar-background.png</texture>
			</control>

			<control type="scrollbar" id="922">
				<left>1232</left>
				<top>110</top>
				<height>517</height>
				<texturesliderbackground>-</texturesliderbackground>
				<animation effect="fade" start="100" end="0" time="150" condition="Skin.HasSetting(HideListInfoView2Scrollbar) + !ControlGroup(150).HasFocus">Conditional</animation>
				<onright>ActivateWindow(1122)</onright>
				<onleft>500</onleft>
			</control>
		</control>
	</include>

	<include name="ProgramsThumbsInfoViewScrollbar">
		<control type="group" id="150">
			<control type="image">
				<left>1232</left>
				<top>110</top>
				<width>14</width>
				<height>517</height>
				<texture border="4">controls/scrollbar-background.png</texture>
			</control>
			
			<control type="scrollbar" id="923">
				<left>1232</left>
				<top>110</top>
				<height>517</height>
				<texturesliderbackground>-</texturesliderbackground>
				<animation effect="fade" start="100" end="0" time="150" condition="Skin.HasSetting(HideThumbsInfoViewScrollbar) + !ControlGroup(150).HasFocus">Conditional</animation>
				<onleft>500</onleft>
			</control>	
		</control>
	</include>

	<include name="ProgramsThumbsInfo2ViewScrollbar">
		<control type="group" id="150">
			<control type="image">
				<left>1232</left>
				<top>110</top>
				<width>14</width>
				<height>517</height>
				<texture border="4">controls/scrollbar-background.png</texture>
			</control>
			
			<control type="scrollbar" id="924">
				<left>1232</left>
				<top>110</top>
				<height>517</height>
				<texturesliderbackground>-</texturesliderbackground>
				<animation effect="fade" start="100" end="0" time="150" condition="Skin.HasSetting(HideThumbsInfoViewScrollbar) + !ControlGroup(150).HasFocus">Conditional</animation>
				<onleft>500</onleft>
			</control>	
		</control>
	</include>

	<include name="ProgramsThumbsInfo3ViewScrollbar">
		<control type="group" id="150">
			<control type="image">
				<left>1232</left>
				<top>110</top>
				<width>14</width>
				<height>517</height>
				<texture border="4">controls/scrollbar-background.png</texture>
			</control>
			
			<control type="scrollbar" id="925">
				<left>1232</left>
				<top>110</top>
				<height>517</height>
				<texturesliderbackground>-</texturesliderbackground>
				<animation effect="fade" start="100" end="0" time="150" condition="Skin.HasSetting(HideThumbsInfoViewScrollbar) + !ControlGroup(150).HasFocus">Conditional</animation>
				<onleft>500</onleft>
			</control>	
		</control>
	</include>

	<include name="ProgramsWrapInfoViewScrollbar">
		<control type="group" id="150">	
			<control type="scrollbar" id="926">
				<left>485</left>
				<top>465</top>
				<width>765</width>
				<height>12</height>
				<orientation>horizontal</orientation>
				<texturesliderbar border="2">controls/scrollbar-slider-horz-nofocus.png</texturesliderbar>
				<texturesliderbarfocus border="2">controls/scrollbar-slider-horz-focus.png</texturesliderbarfocus>
				<textureslidernib>-</textureslidernib>
				<textureslidernibfocus>-</textureslidernibfocus>
				<animation effect="fade" start="100" end="0" time="150" condition="!Skin.HasSetting(ShowWrapInfoViewScrollbar) + !ControlGroup(150).HasFocus">Conditional</animation>
				<ondown>ActivateWindow(1122)</ondown>
				<onup>500</onup>
			</control>
		</control>
	</include>

	<include name="ProgramsWrapInfo2ViewScrollbar">
		<control type="group" id="150">	
			<control type="scrollbar" id="927">
				<left>485</left>
				<top>465</top>
				<width>765</width>
				<height>12</height>
				<orientation>horizontal</orientation>
				<texturesliderbar border="2">controls/scrollbar-slider-horz-nofocus.png</texturesliderbar>
				<texturesliderbarfocus border="2">controls/scrollbar-slider-horz-focus.png</texturesliderbarfocus>
				<textureslidernib>-</textureslidernib>
				<textureslidernibfocus>-</textureslidernibfocus>
				<animation effect="fade" start="100" end="0" time="150" condition="!Skin.HasSetting(ShowWrapInfoViewScrollbar) + !ControlGroup(150).HasFocus">Conditional</animation>
				<ondown>ActivateWindow(1122)</ondown>
				<onup>500</onup>
			</control>
		</control>
	</include>

	<include name="ProgramsWrapInfo3ViewScrollbar">
		<control type="group" id="150">	
			<control type="scrollbar" id="928">
				<left>485</left>
				<top>465</top>
				<width>765</width>
				<height>12</height>
				<orientation>horizontal</orientation>
				<texturesliderbar border="2">controls/scrollbar-slider-horz-nofocus.png</texturesliderbar>
				<texturesliderbarfocus border="2">controls/scrollbar-slider-horz-focus.png</texturesliderbarfocus>
				<textureslidernib>-</textureslidernib>
				<textureslidernibfocus>-</textureslidernibfocus>
				<animation effect="fade" start="100" end="0" time="150" condition="!Skin.HasSetting(ShowWrapInfoViewScrollbar) + !ControlGroup(150).HasFocus">Conditional</animation>
				<ondown>ActivateWindow(1122)</ondown>
				<onup>500</onup>
			</control>
		</control>
	</include>
	
	<include name="SettingsScrollbar">
		<control type="group" id="150">
			<control type="scrollbar" id="911">
				<left>1262</left>
				<top>110</top>
				<height>500</height>
				<onleft condition="Window.IsVisible(SkinSettings)">851</onleft>
				<onleft condition="!Window.IsVisible(SkinSettings)">5</onleft>
				<visible>!Skin.HasSetting(ExpandedSettings)</visible>
			</control>	
		</control>

		<control type="group" id="151">
			<control type="scrollbar" id="912">
				<left>1262</left>
				<top>175</top>
				<height>450</height>
				<onleft>921</onleft>
				<include>ExpandAddMoreCategoryVisible</include>
			</control>	
		</control>
	</include>
	
	<include name="FileManagerScrollbar">
		<control type="scrollbar" id="150">
			<left>34</left>
			<top>110</top>
			<height>517</height>
			<texturesliderbackground>-</texturesliderbackground>
			<onright>20</onright>
		</control>
		
		<control type="image">
			<left>34</left>
			<top>110</top>
			<width>14</width>
			<height>517</height>
			<texture border="4">controls/scrollbar-background.png</texture>
		</control>
		
		<control type="image">
			<left>1232</left>
			<top>110</top>
			<width>14</width>
			<height>517</height>
			<texture border="4">controls/scrollbar-background.png</texture>
		</control>
			
		<control type="scrollbar" id="151">
			<left>1232</left>
			<top>110</top>
			<height>517</height>
			<texturesliderbackground>-</texturesliderbackground>
			<onleft>21</onleft>
		</control>	
	</include>
	
	<include name="PlaylistEditorScrollbar">
		<control type="scrollbar" id="150">
			<left>34</left>
			<top>110</top>
			<height>517</height>
			<texturesliderbackground>-</texturesliderbackground>
			<onright>50</onright>
		</control>
		
		<control type="image">
			<left>34</left>
			<top>110</top>
			<width>14</width>
			<height>517</height>
			<texture border="4">controls/scrollbar-background.png</texture>
		</control>
		
		<control type="image">
			<left>1232</left>
			<top>110</top>
			<width>14</width>
			<height>517</height>
			<texture border="4">controls/scrollbar-background.png</texture>
		</control>
			
		<control type="scrollbar" id="151">
			<left>1232</left>
			<top>110</top>
			<height>517</height>
			<texturesliderbackground>-</texturesliderbackground>
			<onleft>100</onleft>
		</control>	
	</include>
	
	<include name="FileBrowserScrollbar">
		<control type="group" id="150">
			<visible>Control.IsVisible(450) | Control.IsVisible(451)</visible>
			<animation effect="fade" end="100" time="300" delay="500">Visible</animation>
			
			<control type="image">
				<left>586</left>
				<top>20</top>
				<width>14</width>
				<height>325</height>
				<texture border="4">controls/scrollbar-background.png</texture>
			</control>
			
			<control type="scrollbar" id="914">
				<left>586</left>
				<top>20</top>
				<height>325</height>
				<texturesliderbackground>-</texturesliderbackground>
				<onleft condition="Control.IsVisible(450)">450</onleft>
				<onleft condition="Control.IsVisible(451)">451</onleft>
				<onright>9001</onright>
			</control>
		</control>
	</include>
	
	<include name="FavouritesScrollbar">
		<control type="group" id="150">
			<animation effect="fade" end="100" time="200" delay="500">Visible</animation>
			
			<control type="image">
				<left>325</left>
				<top>0</top>
				<width>14</width>
				<height>325</height>
				<texture border="4">controls/scrollbar-background.png</texture>
			</control>
			
			<control type="scrollbar" id="912">
				<left>325</left>
				<top>0</top>
				<height>325</height>
				<texturesliderbackground>-</texturesliderbackground>
				<onleft>450</onleft>
				<onright>9001</onright>
				<visible>Control.IsVisible(450)</visible>	
			</control>
		</control>
	</include>
	
	<include name="VideoOSDBookmarksScrollBar">
		<control type="group" id="150">
			<animation effect="fade" end="100" time="200" delay="500">Visible</animation>
			
			<control type="image">
				<left>436</left>
				<top>48</top>
				<width>14</width>
				<height>415</height>
				<texture border="4">controls/scrollbar-background.png</texture>
			</control>
			
			<control type="scrollbar" id="913">
				<left>436</left>
				<top>48</top>
				<height>415</height>
				<texturesliderbackground>-</texturesliderbackground>
				<onleft>11</onleft>
				<onright>9001</onright>	
			</control>
		</control>
	</include>
	
	<include name="TextViewerScrollbar">
		<control type="group" id="150">
			<animation effect="fade" end="100" time="200" delay="500">Visible</animation>
			
			<control type="image">
				<left>657</left>
				<top>47</top>
				<width>14</width>
				<height>434</height>
				<texture border="4">controls/scrollbar-background.png</texture>
			</control>
				
			<control type="scrollbar" id="61">
				<left>657</left>
				<top>47</top>
				<height>434</height>
				<texturesliderbackground>-</texturesliderbackground>
			</control>	
		</control>
	</include>
</includes>