<?xml version="1.0" encoding="UTF-8"?>
<includes> 
	<include name="MediaSkinSettings">
		<control type="group">
			<visible>Skin.String(SkinSettingsCategory,3)</visible>
			
			<control type="grouplist" id="902">
				<description>Media Content Area</description>
				<width>755</width>
				<height>500</height>
				<pagecontrol>993</pagecontrol>
				<itemgap>0</itemgap>
				<onup>902</onup>
				<ondown>902</ondown>
				<onleft>3</onleft>
				<onright>150</onright>
				<visible>!Skin.HasSetting(ExpandedSettings)</visible>
				<include>ContentSettingsOpenCloseAnim</include>
				<control type="button" id="3027">
					<description>General Label</description>
					<include>SettingsHeaderBtn</include>
					<label>$LOCALIZE[128]</label>
				</control>
				<control type="button" id="3028">
					<description>Select Rating</description>
					<include>SettingsContentBtn</include>
					<label>$LOCALIZE[31032]: [COLOR=DefaultColor2]$VAR[RatingTypeLabel][/COLOR]</label>
					<onclick>Skin.SelectBool(31032, 38018|RatingTypeUser, 571|RatingTypeDefault)</onclick>
				</control>
				<control type="button" id="3007">
					<description>Videos Label</description>
					<include>SettingsHeaderBtn</include>
					<label>$LOCALIZE[3]</label>
				</control>
				<control type="radiobutton" id="3014">
					<description>Play Trailers in a window (video information dialog)</description>
					<include>SettingsContentRadioBtn</include>
					<label>$LOCALIZE[31981]</label>
					<selected>Skin.HasSetting(PlayTrailerWindowed)</selected>
					<onclick>Skin.ToggleSetting(PlayTrailerWindowed)</onclick>
					<enable>!Skin.String(LowCPUPowerMode,Full)</enable>
				</control>
				<control type="radiobutton" id="3043">
					<description>Right clicking scrollbar plays trailer</description>
					<include>SettingsContentRadioBtn</include>
					<label>$LOCALIZE[31493]</label>
					<selected>!Skin.HasSetting(ScrollbarTrailerPlayback)</selected>
					<onclick>Skin.ToggleSetting(ScrollbarTrailerPlayback)</onclick>
				</control>
				<control type="radiobutton" id="3037">
					<description>Use alternative duration</description>
					<include>SettingsContentRadioBtn</include>
					<label>$LOCALIZE[31406]</label>
					<selected>Skin.HasSetting(UseAlternativeDuration)</selected>
					<onclick>Skin.ToggleSetting(UseAlternativeDuration)</onclick>
				</control>
				<control type="button" id="4042">
					<description>Select Movie Genre Icon Pack</description>
					<include>SettingsContentBtn</include>
					<label>$LOCALIZE[31066]: [COLOR DefaultColor2]$VAR[MovieGenreIconsAddonNameVar][/COLOR]</label>
					<onclick condition="System.AddonIsEnabled(script.image.resource.select)">RunScript(script.image.resource.select,property=MovieGenreIconsAddon&amp;type=resource.images.moviegenreicons)</onclick>
					<onclick condition="!System.HasAddon(script.image.resource.select)">InstallAddon(script.image.resource.select)</onclick>
					<onclick condition="!System.AddonIsEnabled(script.image.resource.select)">EnableAddon(script.image.resource.select)</onclick>
				</control>
				<control type="button" id="3029">
					<description>Video Playing Label</description>
					<include>SettingsHeaderBtn</include>
					<label>$LOCALIZE[31189]</label>
				</control>
				<control type="radiobutton" id="3008">
					<description>Enable Video Playing In The Background</description>
					<include>SettingsContentRadioBtn</include>
					<label>$LOCALIZE[31410]</label>
					<selected>!Skin.HasSetting(DisableVideoPlayingBG)</selected>
					<onclick>Skin.ToggleSetting(DisableVideoPlayingBG)</onclick>
					<enable>!Skin.String(LowCPUPowerMode,Full)</enable>
				</control>
				<control type="button" id="3035">
					<description>Fullscreen Video Label</description>
					<include>SettingsHeaderBtn</include>
					<label>$LOCALIZE[12005]</label>
				</control>
				<control type="radiobutton" id="3036">
					<description>Hide Seek Bar</description>
					<include>SettingsContentRadioBtn</include>
					<label>$LOCALIZE[31027]</label>
					<selected>Skin.HasSetting(HideSeekBarOSD)</selected>
					<onclick>Skin.ToggleSetting(HideSeekBarOSD)</onclick>
				</control>
				<control type="radiobutton" id="3042">
					<description>Show Information When Paused</description>
					<include>SettingsContentRadioBtn</include>
					<label>$LOCALIZE[31494]</label>
					<selected>Skin.HasSetting(ShowInfoOnPause)</selected>
					<onclick>Skin.ToggleSetting(ShowInfoOnPause)</onclick>
				</control>
				<control type="radiobutton" id="3019">
					<description>Show Clear Art On OSD</description>
					<include>SettingsContentRadioBtn</include>
					<label>$LOCALIZE[31432]</label>
					<selected>Skin.HasSetting(ShowClearArtOSD)</selected>
					<onclick>Skin.ToggleSetting(ShowClearArtOSD)</onclick>
					<onclick>Skin.Reset(ShowClearLogoOSD)</onclick>
				</control>
				<control type="radiobutton" id="3030">
					<description>Show Clear Logo On OSD</description>
					<include>SettingsContentRadioBtn</include>
					<label>$LOCALIZE[31435]</label>
					<selected>Skin.HasSetting(ShowClearLogoOSD)</selected>
					<onclick>Skin.ToggleSetting(ShowClearLogoOSD)</onclick>
					<onclick>Skin.Reset(ShowClearArtOSD)</onclick>
				</control>
				<control type="radiobutton" id="3009">
					<description>Show "Paused" in Fullscreen Video</description>
					<include>SettingsContentRadioBtn</include>
					<label>$LOCALIZE[31915]</label>
					<selected>Skin.HasSetting(ShowFullscreenVideoPaused)</selected>
					<onclick>Skin.ToggleSetting(ShowFullscreenVideoPaused)</onclick>
				</control>
				<control type="button" id="3020">
					<description>View Options Label (TVShows)</description>
					<include>SettingsHeaderBtn</include>
					<label>$LOCALIZE[20343]</label>
				</control>
				<control type="togglebutton" id="3021">
					<description>Toggle Banner / Poster</description>
					<include>SettingsContentToggleBtn</include>
					<label>$LOCALIZE[31405]</label>
					<altlabel>$LOCALIZE[31404]</altlabel>
					<usealttexture>Skin.HasSetting(UseTVShowsPosterCover)</usealttexture>
					<onclick>Skin.ToggleSetting(UseTVShowsPosterCover)</onclick>
				</control>
				<control type="button" id="3038">
					<description>TV / Radio Label</description>
					<include>SettingsHeaderBtn</include>
					<label>$LOCALIZE[19020] / $LOCALIZE[19183]</label>
					<visible>System.HasPVRAddon</visible>
				</control>
				<control type="button" id="3039">
					<description>Select Multi Image Path for TV Channels / Recordings</description>
					<include>SettingsContentBtn</include>
					<label>$LOCALIZE[31900]$INFO[Skin.String(TVMultiimagePath),: [COLOR=DefaultColor2],[/COLOR]]</label>
					<onclick>Skin.Reset(TVMultiimagePath)</onclick>
					<onclick>Skin.SetPath(TVMultiimagePath)</onclick>
					<visible>Pvr.HasTVChannels</visible>
				</control>
				<control type="button" id="3040">
					<description>Select Multi Image Path for Radio Channels / Recordings</description>
					<include>SettingsContentBtn</include>
					<label>$LOCALIZE[31901]$INFO[Skin.String(RadioMultiimagePath),: [COLOR=DefaultColor2],[/COLOR]]</label>
					<onclick>Skin.Reset(RadioMultiimagePath)</onclick>
					<onclick>Skin.SetPath(RadioMultiimagePath)</onclick>
					<visible>Pvr.HasRadioChannels</visible>
				</control>
				<control type="button" id="3031">
					<description>Music Label</description>
					<include>SettingsHeaderBtn</include>
					<label>$LOCALIZE[2]</label>
				</control>
				<control type="radiobutton" id="3023">
					<description>Enable Music CDArt</description>
					<include>SettingsContentRadioBtn</include>
					<label>$LOCALIZE[31433]</label>
					<selected>Skin.HasSetting(EnableMusicCdArt)</selected>
					<onclick>Skin.ToggleSetting(EnableMusicCdArt)</onclick>
					<enable>!Skin.String(LowCPUPowerMode,Full)</enable>
				</control>
				<control type="button" id="3034">
					<description>Music Library Clear Logos Path</description>
					<include>SettingsContentBtn</include>
					<label>$LOCALIZE[31942]: [COLOR=DefaultColor2]$INFO[Skin.String(MusicLibraryClearLogosPath)][/COLOR]</label>
					<onclick>Skin.SetPath(MusicLibraryClearLogosPath)</onclick>
				</control>
				<control type="button" id="4043">
					<description>Select Music Genre Icon Pack</description>
					<include>SettingsContentBtn</include>
					<label>$LOCALIZE[31067]: [COLOR DefaultColor2]$VAR[MusicGenreIconsAddonNameVar][/COLOR]</label>
					<onclick condition="System.AddonIsEnabled(script.image.resource.select)">RunScript(script.image.resource.select,property=MusicGenreIconsAddon&amp;type=resource.images.musicgenreicons)</onclick>
					<onclick condition="!System.HasAddon(script.image.resource.select)">InstallAddon(script.image.resource.select)</onclick>
					<onclick condition="!System.AddonIsEnabled(script.image.resource.select)">EnableAddon(script.image.resource.select)</onclick>
				</control>
				<control type="button" id="3033">
					<description>View Options Label (Music Playing)</description>
					<include>SettingsHeaderBtn</include>
					<label>$LOCALIZE[31086]</label>
				</control>
				<control type="radiobutton" id="3002">
					<description>Enable fullscreen window when starting music</description>
					<include>SettingsContentRadioBtn</include>
					<label>$LOCALIZE[31199]</label>
					<selected>Skin.HasSetting(MusicFullscreenEnabled)</selected>
					<onclick>Skin.ToggleSetting(MusicFullscreenEnabled)</onclick>
				</control>
				<control type="radiobutton" id="3003">
					<description>Enable Music Visualization / Artist Fanart In The Background</description>
					<include>SettingsContentRadioBtn</include>
					<label>$LOCALIZE[31409]</label>
					<selected>!Skin.HasSetting(DisableMusicPlayingBG)</selected>
					<onclick>Skin.ToggleSetting(DisableMusicPlayingBG)</onclick>
					<enable>!Skin.String(LowCPUPowerMode,Full)</enable>
				</control>
				<control type="button" id="3004">
					<description>Choose Background</description>
					<include>SettingsContentBtn</include>
					<label>$LOCALIZE[31172]$VAR[MusicBackgroundLabel,: [COLOR=DefaultColor2],[/COLOR]]</label>
					<onclick>Skin.SelectBool(31172, 31407|!UseFanartForMusicPlayingBG, 31408|UseFanartForMusicPlayingBG, 31411|UseVisualizationAndFanartForMusicPlayingBG)</onclick>
					<enable>!Skin.String(LowCPUPowerMode,Full)</enable>
				</control>
				<control type="radiobutton" id="3018">
					<description>Artist Fanart Slideshow</description>
					<include>SettingsContentRadioBtn</include>
					<label>$LOCALIZE[20425]</label>
					<selected>Skin.HasSetting(EnableArtistFanartSlideshow)</selected>
					<onclick condition="System.AddonIsEnabled(script.artistslideshow)">Skin.ToggleSetting(EnableArtistFanartSlideshow)</onclick>
					<onclick condition="!System.HasAddon(script.artistslideshow)">InstallAddon(script.artistslideshow)</onclick>
					<onclick condition="!System.AddonIsEnabled(script.artistslideshow)">EnableAddon(script.artistslideshow)</onclick>
					<enable>!Skin.String(LowCPUPowerMode,Full)</enable>
					<visible>Skin.HasSetting(UseFanartForMusicPlayingBG) | Skin.HasSetting(UseVisualizationAndFanartForMusicPlayingBG)</visible>
				</control>
				<control type="radiobutton" id="3006">
					<description>Animate Fanart</description>
					<include>SettingsContentRadioBtn</include>
					<label>$LOCALIZE[31063]</label>
					<selected>Skin.HasSetting(AnimateFanartMusicPlayingBG)</selected>
					<onclick>Skin.ToggleSetting(AnimateFanartMusicPlayingBG)</onclick>
					<visible>Skin.HasSetting(UseFanartForMusicPlayingBG) | Skin.HasSetting(UseVisualizationAndFanartForMusicPlayingBG)</visible>
					<enable>!Skin.String(LowCPUPowerMode,Full)</enable>
				</control>
				<control type="button" id="3041">
					<description>Fullscreen Music</description>
					<include>SettingsHeaderBtn</include>
					<label>$LOCALIZE[31997]</label>
				</control>
				<control type="radiobutton" id="3024">
					<description>Show CDArt In Fullscreen Music Playback</description>
					<include>SettingsContentRadioBtn</include>
					<label>$LOCALIZE[31434]</label>
					<selected>!Skin.HasSetting(HideCdArtInMusicPlayingBG)</selected>
					<onclick>Skin.ToggleSetting(HideCdArtInMusicPlayingBG)</onclick>
				</control>
				<control type="radiobutton" id="3001">
					<description>Show "Paused" in Fullscreen Music</description>
					<include>SettingsContentRadioBtn</include>
					<label>$LOCALIZE[31188]</label>
					<selected>Skin.HasSetting(ShowFullscreenMusicPaused)</selected>
					<onclick>Skin.ToggleSetting(ShowFullscreenMusicPaused)</onclick>
				</control>
				<control type="radiobutton" id="3026">
					<description>Enable Video Lyrics</description>
					<include>SettingsContentRadioBtn</include>
					<label>$LOCALIZE[31049]</label>
					<selected>Skin.HasSetting(EnableVideoLyrics)</selected>
					<onclick condition="System.AddonIsEnabled(script.cu.lrclyrics)">Skin.ToggleSetting(EnableVideoLyrics)</onclick>
					<onclick condition="!System.HasAddon(script.cu.lrclyrics)">InstallAddon(script.cu.lrclyrics)</onclick>
					<onclick condition="!System.AddonIsEnabled(script.cu.lrclyrics)">EnableAddon(script.cu.lrclyrics)</onclick>
				</control>
				<control type="button" id="3032">
					<description>Pictures Label</description>
					<include>SettingsHeaderBtn</include>
					<label>$LOCALIZE[1]</label>
				</control>
				<control type="radiobutton" id="102">
					<label>$LOCALIZE[31908]</label>
					<include>SettingsContentRadioBtn</include>
					<onclick>Skin.ToggleSetting(Show_SlideShow_Paused)</onclick>
					<selected>!Skin.HasSetting(Show_SlideShow_Paused)</selected>
				</control>
				<control type="button" id="3010">
					<description>Media Flagging Label</description>
					<include>SettingsHeaderBtn</include>
					<label>$LOCALIZE[31427]</label>
				</control>
				<control type="radiobutton" id="3011">
					<description>Enable Media Flags</description>
					<include>SettingsContentRadioBtn</include>
					<label>$LOCALIZE[31048]</label>
					<selected>!Skin.HasSetting(DisableMediaFlags)</selected>
					<onclick>Skin.ToggleSetting(DisableMediaFlags)</onclick>
				</control>
				<control type="togglebutton" id="3017">
					<description>Toggle Default / Alt Media Flag Theme Colour</description>
					<include>SettingsContentToggleBtn</include>
					<label>$LOCALIZE[31415]</label>
					<altlabel>$LOCALIZE[31416]</altlabel>
					<usealttexture>Skin.HasSetting(UseAltMediaFlagTheme)</usealttexture>
					<onclick>Skin.ToggleSetting(UseAltMediaFlagTheme)</onclick>
					<enable>!Skin.HasSetting(DisableMediaFlags)</enable>
				</control>
				<control type="radiobutton" id="3012">
					<description>Hide Video Res Media Flag</description>
					<include>SettingsContentRadioBtn</include>
					<label>$LOCALIZE[31428]</label>
					<selected>Skin.HasSetting(HideVideoResMediaFlag)</selected>
					<onclick>Skin.ToggleSetting(HideVideoResMediaFlag)</onclick>
					<enable>!Skin.HasSetting(DisableMediaFlags)</enable>
				</control>
				<control type="radiobutton" id="3013">
					<description>Hide Aspect Ratio Media Flag</description>
					<include>SettingsContentRadioBtn</include>
					<label>$LOCALIZE[31429]</label>
					<selected>Skin.HasSetting(HideAspectRatioMediaFlag)</selected>
					<onclick>Skin.ToggleSetting(HideAspectRatioMediaFlag)</onclick>
					<enable>!Skin.HasSetting(DisableMediaFlags)</enable>
				</control>
				<control type="radiobutton" id="3015">
					<description>Hide Rating Media Flag</description>
					<include>SettingsContentRadioBtn</include>
					<label>$LOCALIZE[31426]</label>
					<selected>Skin.HasSetting(HideRatingMediaFlag)</selected>
					<onclick>Skin.ToggleSetting(HideRatingMediaFlag)</onclick>
					<enable>!Skin.HasSetting(DisableMediaFlags)</enable>
				</control>
				<control type="radiobutton" id="3016">
					<description>Show Subtitle Media Flag</description>
					<include>SettingsContentRadioBtn</include>
					<label>$LOCALIZE[31425]</label>
					<selected>!Skin.HasSetting(HideSubtitleMediaFlag)</selected>
					<onclick condition="System.AddonIsEnabled(script.skin.helper.service)">Skin.ToggleSetting(HideSubtitleMediaFlag)</onclick>
					<onclick condition="!System.HasAddon(script.skin.helper.service)">InstallAddon(script.skin.helper.service)</onclick>
					<onclick condition="!System.AddonIsEnabled(script.skin.helper.service)">EnableAddon(script.skin.helper.service)</onclick>
					<enable>!Skin.HasSetting(DisableMediaFlags)</enable>
				</control>
				<control type="radiobutton" id="3022">
					<description>Show Audio Language Media Flag</description>
					<include>SettingsContentRadioBtn</include>
					<label>$LOCALIZE[31423]</label>
					<selected>!Skin.HasSetting(HideAudioLanguageMediaFlag)</selected>
					<onclick condition="System.AddonIsEnabled(script.skin.helper.service)">Skin.ToggleSetting(HideAudioLanguageMediaFlag)</onclick>
					<onclick condition="!System.HasAddon(script.skin.helper.service)">InstallAddon(script.skin.helper.service)</onclick>
					<onclick condition="!System.AddonIsEnabled(script.skin.helper.service)">EnableAddon(script.skin.helper.service)</onclick>
					<enable>!Skin.HasSetting(DisableMediaFlags)</enable>
				</control>
				<control type="radiobutton" id="3025">
					<description>Hide Next Aired Status Media Flag</description>
					<include>SettingsContentRadioBtn</include>
					<label>$LOCALIZE[31935]</label>
					<selected>Skin.HasSetting(EnableNextAiredStatusMediaFlag)</selected>
					<onclick>Skin.ToggleSetting(EnableNextAiredStatusMediaFlag)</onclick>
					<enable>!Skin.HasSetting(DisableMediaFlags)</enable>
					<visible>System.HasAddon(script.tv.show.next.aired)</visible>
				</control>
			</control>
		</control>
	</include>
</includes>