<?xml version="1.0" encoding="UTF-8"?>
<window>
	<defaultcontrol always="true">8</defaultcontrol>
	<include>BladesRunnerRightAnimation2</include>
	<controls>
		<control type="group">
			<visible>!Window.IsVisible(FileBrowser)</visible>
			<include>BladesRunnerRight</include>

			<control type="group">
				<animation effect="fade" delay="600" time="DialogVisibleFadeAnimationSpeed">WindowOpen</animation>
				<animation effect="fade" delay="100" time="DialogVisibleFadeAnimationSpeed">WindowClose</animation>
				<control type="label">
					<description>Title label Normal</description>
					<left>200</left>
					<label>$VAR[DialogInfoTitleLabel]</label>
					<include>DialogHeaderTextCommons</include>
				</control>
				<control type="group">
					<visible>Control.HasFocus(12)</visible>
					<include>VisibleFadeEffect</include>
					<control type="largeimage">
						<description>Fanart image</description>
						<left>200</left>
						<top>110</top>
						<width>1050</width>
						<height>500</height>
						<texture background="true">$INFO[Listitem.Art(fanart)]</texture>
						<aspectratio>keep</aspectratio>
						<bordertexture border="19,3,19,3">thumb-border.png</bordertexture>
						<bordersize>18,2,18,2</bordersize>
					</control>
				</control>
				<control type="label">
					<description>Video Title value</description>
					<left>200</left>
					<top>70</top>
					<width>1000</width>
					<height>25</height>
					<align>center</align>
					<aligny>center</aligny>
					<textcolor>orange</textcolor>
					<shadowcolor>black</shadowcolor>
					<label>$INFO[Listitem.Title]</label>
					<font>font30</font>
				</control>
				<control type="group">
					<visible>!Control.HasFocus(12) + !Control.IsVisible(50)</visible>
					<include>VisibleFadeEffect</include>
					<include>MovieSetContainer</include>
					<control type="group">
						<left>200</left>
						<top>120</top>
						<visible>!String.IsEqual(ListItem.DBTYPE,tvshow) + !String.IsEqual(ListItem.DBTYPE,episode) + !String.IsEqual(ListItem.DBTYPE,musicvideo)</visible>
						<control type="image">
							<description>Cover image</description>
							<left>-15</left>
							<width>300</width>
							<height>435</height>
							<texture background="true">$VAR[ListItemPosterVar]</texture>
							<aspectratio>keep</aspectratio>
							<bordertexture border="19,3,19,3">thumb-border.png</bordertexture>
							<bordersize>18,2,18,2</bordersize>
						</control>
						<control type="panel" id="49">
							<left>310</left>
							<top>0</top>
							<width>750</width>
							<height>300</height>
							<onleft>9000</onleft>
							<onright>9000</onright>
							<onup>9000</onup>
							<ondown>9000</ondown>
							<scrolltime>200</scrolltime>
							<itemlayout height="30" width="750">
								<control type="label">
									<width>160</width>
									<height>30</height>
									<font>font12</font>
									<align>right</align>
									<aligny>center</aligny>
									<textcolor>grey2</textcolor>
									<info>ListItem.Label</info>
								</control>
								<control type="label">
									<left>175</left>
									<width>565</width>
									<height>30</height>
									<font>font12</font>
									<aligny>center</aligny>
									<scroll>true</scroll>
									<info>ListItem.Label2</info>
								</control>
							</itemlayout>
							<focusedlayout height="30" width="750">
								<control type="image">
									<width>750</width>
									<height>33</height>
									<visible>Control.HasFocus(49)</visible>
									<texture border="10">buttons/list-focus.png</texture>
								</control>
								<control type="label">
									<width>160</width>
									<height>30</height>
									<font>font12</font>
									<align>right</align>
									<aligny>center</aligny>
									<textcolor>grey2</textcolor>
									<info>ListItem.Label</info>
								</control>
								<control type="label">
									<left>175</left>
									<width>565</width>
									<height>30</height>
									<font>font12</font>
									<aligny>center</aligny>
									<info>ListItem.Label2</info>
								</control>
							</focusedlayout>
							<content>
								<item>
									<label>$LOCALIZE[342]:</label>
									<label2>$INFO[Container(3650).NumItems]</label2>
									<visible>String.IsEqual(ListItem.DBTYPE,set) + !Integer.IsEqual(Container(3650).NumItems,0)</visible>
								</item>
								<item>
									<label>$LOCALIZE[20339]:</label>
									<label2>$INFO[ListItem.Director]</label2>
									<visible>!String.IsEmpty(ListItem.Director)</visible>
								</item>
								<item>
									<label>$LOCALIZE[20417]:</label>
									<label2>$INFO[ListItem.Writer]</label2>
									<visible>!String.IsEmpty(ListItem.Writer)</visible>
								</item>
								<item>
									<label>$LOCALIZE[572]:</label>
									<label2>$INFO[ListItem.Studio]</label2>
									<visible>!String.IsEmpty(ListItem.Studio)</visible>
								</item>
								<item>
									<label>$LOCALIZE[515]:</label>
									<label2>$INFO[ListItem.Genre]</label2>
									<visible>!String.IsEmpty(ListItem.Genre)</visible>
								</item>
								<item>
									<label>$LOCALIZE[562]:</label>
									<label2>$VAR[MovieYear]</label2>
									<visible>!String.IsEmpty(ListItem.Year)</visible>
								</item>
								<item>
									<label>$LOCALIZE[2050]:</label>
									<label2>$INFO[ListItem.Duration]</label2>
									<visible>!String.IsEmpty(ListItem.Duration)</visible>
								</item>
								<item>
									<label>$LOCALIZE[563]:</label>
									<label2>$VAR[RatingType]</label2>
									<visible>![String.IsEmpty(ListItem.Rating) + String.IsEmpty(ListItem.UserRating)]</visible>
								</item>
								<item>
									<label>$LOCALIZE[202]:</label>
									<label2>$INFO[ListItem.TagLine]</label2>
									<visible>!String.IsEmpty(ListItem.TagLine)</visible>
								</item>
								<item>
									<label>$LOCALIZE[203]:</label>
									<label2>$INFO[ListItem.PlotOutline]</label2>
									<visible>!String.IsEmpty(ListItem.PlotOutline)</visible>
								</item>
								<item>
									<label>$LOCALIZE[20074]:</label>
									<label2>$INFO[ListItem.mpaa]</label2>
									<visible>!String.IsEmpty(ListItem.mpaa)</visible>
								</item>
							</content>
						</control>
					</control>
					<control type="group">
						<left>200</left>
						<top>120</top>
						<visible>String.IsEqual(ListItem.DBTYPE,tvshow)</visible>
						<control type="image">
							<description>Cover image</description>
							<width>1050</width>
							<height>150</height>
							<texture background="true">$VAR[ListItemBannerVar]</texture>
							<aspectratio>keep</aspectratio>
							<bordertexture border="19,3,19,3">thumb-border.png</bordertexture>
							<bordersize>18,2,18,2</bordersize>
						</control>
						<control type="panel" id="49">
							<left>50</left>
							<top>160</top>
							<width>940</width>
							<height>153</height>
							<onleft>9000</onleft>
							<onright>50</onright>
							<onup>49</onup>
							<ondown>49</ondown>
							<scrolltime>200</scrolltime>
							<itemlayout height="30" width="940">
								<control type="label">
									<width>160</width>
									<height>30</height>
									<font>font12</font>
									<align>right</align>
									<aligny>center</aligny>
									<textcolor>grey2</textcolor>
									<info>ListItem.Label</info>
								</control>
								<control type="label">
									<left>175</left>
									<width>565</width>
									<height>30</height>
									<font>font12</font>
									<aligny>center</aligny>
									<scroll>true</scroll>
									<info>ListItem.Label2</info>
								</control>
							</itemlayout>
							<focusedlayout height="30" width="940">
								<control type="image">
									<width>940</width>
									<height>33</height>
									<visible>Control.HasFocus(49)</visible>
									<texture border="10">buttons/list-focus.png</texture>
								</control>
								<control type="label">
									<width>160</width>
									<height>30</height>
									<font>font12</font>
									<align>right</align>
									<aligny>center</aligny>
									<textcolor>grey2</textcolor>
									<info>ListItem.Label</info>
								</control>
								<control type="label">
									<left>175</left>
									<width>565</width>
									<height>30</height>
									<font>font12</font>
									<aligny>center</aligny>
									<info>ListItem.Label2</info>
								</control>
							</focusedlayout>
							<content>
								<item>
									<label>$LOCALIZE[20360]:</label>
									<label2>$INFO[ListItem.Episode]</label2>
									<visible>!String.IsEmpty(ListItem.Episode)</visible>
								</item>
								<item>
									<label>$LOCALIZE[20416]:</label>
									<label2>$INFO[ListItem.Premiered]</label2>
									<visible>!String.IsEmpty(ListItem.Premiered)</visible>
								</item>
								<item>
									<label>$LOCALIZE[515]:</label>
									<label2>$INFO[ListItem.Genre]</label2>
									<visible>!String.IsEmpty(ListItem.Genre)</visible>
								</item>
								<item>
									<label>$LOCALIZE[562]:</label>
									<label2>$INFO[ListItem.Year]</label2>
									<visible>!String.IsEmpty(ListItem.Year)</visible>
								</item>
								<item>
									<label>$LOCALIZE[563]:</label>
									<label2>$VAR[RatingType]</label2>
									<visible>![String.IsEmpty(ListItem.Rating) + String.IsEmpty(ListItem.UserRating)]</visible>
								</item>
							</content>
						</control>
					</control>
					<control type="group">
						<left>200</left>
						<top>120</top>
						<visible>String.IsEqual(ListItem.DBTYPE,episode)</visible>
						<control type="image">
							<description>Cover image</description>
							<left>-25</left>
							<width>440</width>
							<height>300</height>
							<texture background="true">$INFO[ListItem.Thumb]</texture>
							<aspectratio>keep</aspectratio>
							<bordertexture border="19,3,19,3">thumb-border.png</bordertexture>
							<bordersize>18,2,18,2</bordersize>
						</control>
						<control type="panel" id="49">
							<left>410</left>
							<top>0</top>
							<width>650</width>
							<height>300</height>
							<onleft>9000</onleft>
							<onright>9000</onright>
							<onup>9000</onup>
							<ondown>9000</ondown>
							<scrolltime>200</scrolltime>
							<itemlayout height="30" width="650">
								<control type="label">
									<width>160</width>
									<height>30</height>
									<font>font12</font>
									<align>right</align>
									<aligny>center</aligny>
									<textcolor>grey2</textcolor>
									<info>ListItem.Label</info>
								</control>
								<control type="label">
									<left>175</left>
									<width>465</width>
									<height>30</height>
									<font>font12</font>
									<aligny>center</aligny>
									<scroll>true</scroll>
									<info>ListItem.Label2</info>
								</control>
							</itemlayout>
							<focusedlayout height="30" width="650">
								<control type="image">
									<width>650</width>
									<height>33</height>
									<visible>Control.HasFocus(49)</visible>
									<texture border="10">buttons/list-focus.png</texture>
								</control>
								<control type="label">
									<width>160</width>
									<height>30</height>
									<font>font12</font>
									<align>right</align>
									<aligny>center</aligny>
									<textcolor>grey2</textcolor>
									<info>ListItem.Label</info>
								</control>
								<control type="label">
									<left>175</left>
									<width>465</width>
									<height>30</height>
									<font>font12</font>
									<aligny>center</aligny>
									<info>ListItem.Label2</info>
								</control>
							</focusedlayout>
							<content>
								<item>
									<label>$LOCALIZE[20364]:</label>
									<label2>$INFO[ListItem.TVShowTitle]</label2>
									<visible>!String.IsEmpty(ListItem.TVShowTitle)</visible>
								</item>
								<item>
									<label>$LOCALIZE[20373]:</label>
									<label2>$INFO[ListItem.Season]</label2>
									<visible>!String.IsEmpty(ListItem.Season)</visible>
								</item>
								<item>
									<label>$LOCALIZE[20359]:</label>
									<label2>$INFO[ListItem.Episode]</label2>
									<visible>!String.IsEmpty(ListItem.Episode)</visible>
								</item>
								<item>
									<label>$LOCALIZE[20416]:</label>
									<label2>$INFO[ListItem.Premiered]</label2>
									<visible>!String.IsEmpty(ListItem.Premiered)</visible>
								</item>
								<item>
									<label>$LOCALIZE[515]:</label>
									<label2>$INFO[ListItem.Genre]</label2>
									<visible>!String.IsEmpty(ListItem.Genre)</visible>
								</item>
								<item>
									<label>$LOCALIZE[20339]:</label>
									<label2>$INFO[ListItem.Director]</label2>
									<visible>!String.IsEmpty(ListItem.Director)</visible>
								</item>
								<item>
									<label>$LOCALIZE[20417]:</label>
									<label2>$INFO[ListItem.Writer]</label2>
									<visible>!String.IsEmpty(ListItem.Writer)</visible>
								</item>
								<item>
									<label>$LOCALIZE[562]:</label>
									<label2>$INFO[ListItem.Year]</label2>
									<visible>!String.IsEmpty(ListItem.Year)</visible>
								</item>
								<item>
									<label>$LOCALIZE[2050]:</label>
									<label2>$INFO[ListItem.Duration]</label2>
									<visible>!String.IsEmpty(ListItem.Duration)</visible>
								</item>
								<item>
									<label>$LOCALIZE[563]:</label>
									<label2>$VAR[RatingType]</label2>
									<visible>![String.IsEmpty(ListItem.Rating) + String.IsEmpty(ListItem.UserRating)]</visible>
								</item>
							</content>
						</control>
					</control>
					<control type="group">
						<left>200</left>
						<top>120</top>
						<visible>String.IsEqual(ListItem.DBTYPE,musicvideo)</visible>
						<control type="image">
							<description>Cover image</description>
							<left>-25</left>
							<width>440</width>
							<height>300</height>
							<texture background="true">$VAR[ListItemPosterVar]</texture>
							<aspectratio>keep</aspectratio>
							<bordertexture border="19,3,19,3">thumb-border.png</bordertexture>
							<bordersize>18,2,18,2</bordersize>
						</control>
						<control type="panel" id="49">
							<left>410</left>
							<top>0</top>
							<width>650</width>
							<height>300</height>
							<onleft>9000</onleft>
							<onright>9000</onright>
							<onup>9000</onup>
							<ondown>9000</ondown>
							<scrolltime>200</scrolltime>
							<itemlayout height="30" width="650">
								<control type="label">
									<width>160</width>
									<height>30</height>
									<font>font12</font>
									<align>right</align>
									<aligny>center</aligny>
									<textcolor>grey2</textcolor>
									<info>ListItem.Label</info>
								</control>
								<control type="label">
									<left>175</left>
									<width>465</width>
									<height>30</height>
									<font>font12</font>
									<aligny>center</aligny>
									<scroll>true</scroll>
									<info>ListItem.Label2</info>
								</control>
							</itemlayout>
							<focusedlayout height="30" width="650">
								<control type="image">
									<width>650</width>
									<height>33</height>
									<visible>Control.HasFocus(49)</visible>
									<texture border="10">buttons/list-focus.png</texture>
								</control>
								<control type="label">
									<width>160</width>
									<height>30</height>
									<font>font12</font>
									<align>right</align>
									<aligny>center</aligny>
									<textcolor>grey2</textcolor>
									<info>ListItem.Label</info>
								</control>
								<control type="label">
									<left>175</left>
									<width>465</width>
									<height>30</height>
									<font>font12</font>
									<aligny>center</aligny>
									<info>ListItem.Label2</info>
								</control>
							</focusedlayout>
							<content>
								<item>
									<label>$LOCALIZE[557]:</label>
									<label2>$INFO[ListItem.Artist]</label2>
									<visible>!String.IsEmpty(ListItem.Artist)</visible>
								</item>
								<item>
									<label>$LOCALIZE[558]:</label>
									<label2>$INFO[ListItem.Album]</label2>
									<visible>!String.IsEmpty(ListItem.Album)</visible>
								</item>
								<item>
									<label>$LOCALIZE[515]:</label>
									<label2>$INFO[ListItem.Genre]</label2>
									<visible>!String.IsEmpty(ListItem.Genre)</visible>
								</item>
								<item>
									<label>$LOCALIZE[572]:</label>
									<label2>$INFO[ListItem.Studio]</label2>
									<visible>!String.IsEmpty(ListItem.Studio)</visible>
								</item>
								<item>
									<label>$LOCALIZE[20417]:</label>
									<label2>$INFO[ListItem.Writer]</label2>
									<visible>!String.IsEmpty(ListItem.Writer)</visible>
								</item>
								<item>
									<label>$LOCALIZE[562]:</label>
									<label2>$INFO[ListItem.Year]</label2>
									<visible>!String.IsEmpty(ListItem.Year)</visible>
								</item>
								<item>
									<label>$LOCALIZE[2050]:</label>
									<label2>$INFO[ListItem.Duration]</label2>
									<visible>!String.IsEmpty(ListItem.Duration)</visible>
								</item>
							</content>
						</control>
					</control>
				</control>
				<control type="group">
					<visible>!Control.HasFocus(12)</visible>
					<include>VisibleFadeEffect</include>
					<control type="textbox" id="400">
						<description>textarea</description>
						<left>520</left>
						<top>450</top>
						<width>730</width>
						<height>150</height>
						<font>font12</font>
						<label>$INFO[ListItem.Plot]</label>
						<align>justify</align>
						<visible>!Control.IsVisible(50) + String.IsEqual(ListItem.DBTYPE,movie)</visible>
						<pagecontrol>61</pagecontrol>
					</control>
					<control type="textbox" id="400">
						<description>textarea</description>
						<left>520</left>
						<top>245</top>
						<width>730</width>
						<height>350</height>
						<font>font12</font>
						<label>$VAR[MoviePlot]</label>
						<align>justify</align>
						<visible>!Control.IsVisible(50) + String.IsEqual(ListItem.DBTYPE,set)</visible>
						<pagecontrol>61</pagecontrol>
					</control>
					<control type="textbox" id="400">
						<description>textarea</description>
						<left>220</left>
						<top>450</top>
						<width>1000</width>
						<height>150</height>
						<font>font12</font>
						<label>$INFO[ListItem.Plot]</label>
						<align>justify</align>
						<visible>!Control.IsVisible(50) + ![String.IsEqual(ListItem.DBTYPE,movie) | String.IsEqual(ListItem.DBTYPE,set)]</visible>
						<pagecontrol>61</pagecontrol>
					</control>
					<control type="panel" id="50">
						<left>220</left>
						<top>150</top>
						<width>1000</width>
						<height>400</height>
						<onleft>9000</onleft>
						<onright>61</onright>
						<onup>9000</onup>
						<ondown>9000</ondown>
						<viewtype label="">list</viewtype>
						<pagecontrol>61</pagecontrol>
						<scrolltime>200</scrolltime>
						<orientation>vertical</orientation>
						<itemlayout height="100" width="500">
							<control type="image">
								<width>495</width>
								<height>98</height>
								<texture border="8">buttons/button-dialog-nofocus.png</texture>
							</control>
							<control type="image">
								<top>10</top>
								<left>-2</left>
								<width>101</width>
								<height>77</height>
								<texture fallback="DefaultActor.png">$VAR[ListItemPosterVar]</texture>
								<bordertexture border="14,0,14,0">thumb-border.png</bordertexture>
								<bordersize>12,0,12,0</bordersize>
								<aspectratio aligny="top">scale</aspectratio>
							</control>
							<control type="textbox">
								<left>97</left>
								<top>18</top>
								<width>393</width>
								<height>75</height>
								<font>font13</font>
								<label>$INFO[ListItem.Label][CR][COLOR=grey]$INFO[ListItem.Label2][/COLOR]</label>
							</control>
						</itemlayout>
						<focusedlayout height="100" width="500">
							<control type="image">
								<width>495</width>
								<height>98</height>
								<texture border="8">buttons/button-dialog-focus.png</texture>
							</control>
							<control type="image">
								<top>10</top>
								<left>-2</left>
								<width>101</width>
								<height>77</height>
								<texture fallback="DefaultActor.png">$VAR[ListItemPosterVar]</texture>
								<bordertexture border="14,0,14,0">thumb-border.png</bordertexture>
								<bordersize>12,0,12,0</bordersize>
								<aspectratio aligny="top">scale</aspectratio>
							</control>
							<control type="textbox">
								<left>97</left>
								<top>18</top>
								<width>393</width>
								<height>75</height>
								<font>font13</font>
								<label>$INFO[ListItem.Label][CR][COLOR=white2]$INFO[ListItem.Label2][/COLOR]</label>
							</control>
						</focusedlayout>
					</control>
					<control type="spincontrol" id="61">
						<description>Next page button</description>
						<left>100r</left>
						<top>120r</top>
						<subtype>page</subtype>
						<font>font12</font>
						<onleft>61</onleft>
						<onright>61</onright>
						<ondown>9000</ondown>
						<onup>50</onup>
						<textcolor>grey2</textcolor>
						<showonepage>false</showonepage>
					</control>
				</control>
				<control type="grouplist">
					<description>Media Codec Flagging Images</description>
					<left>640r</left>
					<top>20</top>
					<width>620</width>
					<itemgap>5</itemgap>
					<align>right</align>
					<orientation>horizontal</orientation>
					<include>VideoCodecFlagging</include>
					<include>AudioCodecFlagging</include>
					<include>VideoTypeHackFlaggingConditions</include>
					<include>AspectCodecFlagging</include>
				</control>
				<control type="grouplist" id="9000">
					<left>200</left>
					<top>70r</top>
					<width>1050</width>
					<height>50</height>
					<onleft>9000</onleft>
					<onright>9000</onright>
					<onup>61</onup>
					<ondown>61</ondown>
					<itemgap>0</itemgap>
					<orientation>horizontal</orientation>
					<align>center</align>
					<control type="button" id="8">
						<description>Play</description>
						<include>InfoDialogButtonCommonValues</include>
						<label>208</label>
					</control>
					<control type="button" id="5">
						<description>Cast/Review</description>
						<include>InfoDialogButtonCommonValues</include>
						<label>206</label>
					</control>
					<control type="button" id="6">
						<description>Refresh</description>
						<include>InfoDialogButtonCommonValues</include>
						<label>184</label>
					</control>
					<control type="button" id="10">
						<description>Get Art</description>
						<include>InfoDialogButtonCommonValues</include>
						<label>13511</label>
					</control>
					<control type="button" id="7">
						<description>Set my rating</description>
						<include>InfoDialogButtonCommonValues</include>
						<label>38023</label>
					</control>
					<control type="button" id="11">
						<description>Play Trailer</description>
						<include>InfoDialogButtonCommonValues</include>
						<label>20410</label>
						<enable>!String.IsEmpty(ListItem.Trailer)</enable>
					</control>
				</control>
			</control>
		</control>
	</controls>
</window>