<?xml version="1.0" encoding="UTF-8"?>
<window>
	<defaultcontrol always="true">9000</defaultcontrol>
	<coordinates>
		<system>1</system>
		<left>290</left>
		<top>200</top>
	</coordinates>
	<include>dialogeffect</include>
	<controls>
		<control type="image">
			<description>Dialog Back</description>
			<width>700</width>
			<height>320</height>
			<texture border="50,100,50,50">dialogs/Dialog.png</texture>
		</control>
		<control type="label" id="1">
			<description>Heading label</description>
			<left>50</left>
			<top>50</top>
			<width>600</width>
			<height>30</height>
			<align>center</align>
			<font>font16</font>
			<label>13406</label>
			<textcolor>orange</textcolor>
			<shadowcolor>black</shadowcolor>
		</control>
		<control type="textbox" id="2">
			<description>text</description>
			<left>50</left>
			<top>110</top>
			<width>600</width>
			<height>90</height>
			<align>center</align>
			<aligny>center</aligny>
			<font>font12</font>
			<autoscroll time="3000" delay="4000" repeat="5000">true</autoscroll>
		</control>
		<control type="progress" id="20">
			<description>Progressbar</description>
			<left>70</left>
			<top>200</top>
			<width>560</width>
			<height>12</height>
			<info>System.Progressbar</info>
		</control>
		<control type="grouplist" id="9000">
			<top>225</top>
			<left>47</left>
			<width>606</width>
			<align>center</align>
			<orientation>horizontal</orientation>
			<itemgap>2</itemgap>
			<control type="button" id="11">
				<description>Ok button</description>
				<label>107</label>
				<font>font13</font>
				<include>DialogButton2CommonValues</include>
			</control>
			<control type="button" id="10">
				<description>Cancel button</description>
				<label>106</label>
				<font>font13</font>
				<include>DialogButton2CommonValues</include>
			</control>
			<control type="button" id="12">
				<description>Custom button</description>
				<label>106</label>
				<font>font13</font>
				<include>DialogButton2CommonValues</include>
			</control>
		</control>
	</controls>
</window>