<?xml version="1.0" encoding="UTF-8"?>
<window>
	<defaultcontrol always="true">11</defaultcontrol>
	<include>dialogeffect</include>
	<controls>
		<control type="group">
			<left>397.5</left>
			<top>61.5</top>
			<control type="image">
				<description>background image</description>
				<width>1125</width>
				<height>957</height>
				<texture border="75,150,75,75">dialogs/Dialog.png</texture>
			</control>
			<control type="group">
				<left>75</left>
				<top>75</top>
				<control type="label">
					<description>heading label</description>
					<width>975</width>
					<height>45</height>
					<align>center</align>
					<aligny>center</aligny>
					<font>font16</font>
					<label>$LOCALIZE[19069]$INFO[Container(11).ListItem.ChannelName, - ,]</label>
					<textcolor>orange</textcolor>
				</control>
				<control type="label">
					<description>date</description>
					<top>73.5</top>
					<width>975</width>
					<height>45</height>
					<align>center</align>
					<aligny>center</aligny>
					<font>font13</font>
					<label>$INFO[ListItem.StartDate]</label>
				</control>
				<control type="list" id="11">
					<top>130.5</top>
					<width>975</width>
					<height>607.5</height>
					<onleft>9000</onleft>
					<onright>60</onright>
					<ondown>9000</ondown>
					<viewtype label="535">list</viewtype>
					<pagecontrol>60</pagecontrol>
					<scrolltime>200</scrolltime>
					<itemlayout height="67.5">
						<control type="image">
							<width>975</width>
							<height>67.5</height>
							<texture border="15">buttons/list-nofocus.png</texture>
							<include>VisibleFadeEffect</include>
						</control>
						<control type="label">
							<left>7.5</left>
							<width>225</width>
							<height>67.5</height>
							<font>font13</font>
							<aligny>center</aligny>
							<textcolor>grey</textcolor>
							<selectedcolor>grey</selectedcolor>
							<info>ListItem.StartTime</info>
						</control>
						<control type="label">
							<left>202.5</left>
							<width>832.5</width>
							<height>67.5</height>
							<font>font13</font>
							<aligny>center</aligny>
							<label>$VAR[PVRListItemSubLabel]</label>
						</control>
					</itemlayout>
					<focusedlayout height="67.5">
						<control type="image">
							<width>975</width>
							<height>67.5</height>
							<texture border="15">buttons/list-focus.png</texture>
							<include>VisibleFadeEffect</include>
							<visible>Control.HasFocus(11)</visible>
						</control>
						<control type="image">
							<width>975</width>
							<height>67.5</height>
							<texture border="15">buttons/list-nofocus.png</texture>
							<include>VisibleFadeEffect</include>
							<visible>!Control.HasFocus(11)</visible>
						</control>
						<control type="label">
							<left>7.5</left>
							<width>225</width>
							<height>67.5</height>
							<font>font13</font>
							<aligny>center</aligny>
							<selectedcolor>orange</selectedcolor>
							<info>ListItem.StartTime</info>
						</control>
						<control type="label">
							<left>202.5</left>
							<width>832.5</width>
							<height>67.5</height>
							<font>font13</font>
							<aligny>center</aligny>
							<selectedcolor>orange</selectedcolor>
							<label>$VAR[PVRListItemSubLabel]</label>
						</control>
					</focusedlayout>
				</control>
			</control>
			<control type="spincontrol" id="60">
				<description>Next page Spinner</description>
				<left>960</left>
				<top>826.5</top>
				<subtype>page</subtype>
				<font />
				<onleft>9000</onleft>
				<onright>11</onright>
				<onup>11</onup>
				<ondown>11</ondown>
				<textcolor>white</textcolor>
				<showonepage>true</showonepage>
			</control>
			<include content="PageLabel">
				<param name="left" value="472.5" />
				<param name="top" value="823.5" />
				<param name="width" value="480" />
				<param name="label" value="$LOCALIZE[31201] $INFO[Container(11).CurrentPage]/$INFO[Container(11).NumPages]" />
				<param name="id" value="60" />
			</include>
			<control type="grouplist" id="9000">
				<left>75</left>
				<top>819</top>
				<onleft>11</onleft>
				<onright>60</onright>
				<onup>11</onup>
				<ondown>11</ondown>
				<itemgap>3</itemgap>
				<orientation>horizontal</orientation>
				<control type="button" id="9001">
					<description>Close button</description>
					<label>15067</label>
					<width>315</width>
					<include>DialogButton2CommonValues</include>
					<onclick>PreviousMenu</onclick>
				</control>
			</control>
		</control>
	</controls>
</window>
