<?xml version="1.0" encoding="UTF-8"?>
<window>
	<defaultcontrol always="true">11101</defaultcontrol>
	
	<coordinates>
		<system>1</system>
		<origin x="0" y="0">true</origin>
	</coordinates>
	
	<controls>
		<control type="image">
			<depth>DepthBackground</depth>
			<include>ScreenSize</include>
			<texture border="0,0,50,50">black.png</texture>
			<animation effect="fade" condition="true" end="55">Conditional</animation>
			<include>ControlsOpenCloseAnim</include>
		</control>
		
		<control type="group">
			<visible>!Window.IsActive(GameVideoFilter) + !Window.IsActive(GameViewMode) + !Window.IsActive(GameControllers) + !Window.IsActive(DialogSlider.xml)</visible>
			<depth>DepthDialog+</depth>
			<include>DialogOpenCloseAnim</include>
			<top>174</top>
			<left>274.5</left>
			
			<control type="group">
				<include content="DialogWithCloseBtnLabelID">
					<param name="width" value="731"/>
					<param name="height" value="372" />
					<param name="left" value="671" />
					<param name="labelwidth" value="651" />
					<param name="label" value="$LOCALIZE[35221]$INFO[VideoPlayer.Title,:  ,]" />
					<param name="id" value="1" />
				</include>
			</control>
			
			<control type="panel" id="11101">
				<left>DialogMarginOffsetX</left>
				<top>DialogMarginOffsetY</top>
				<width>400</width>
				<height>259</height>
				<scrolltime>200</scrolltime>
				<onup>11101</onup>
				<ondown>11101</ondown>
				<onleft>9001</onleft>
				<onright>9001</onright>
				<itemlayout height="37">
					<control type="image">
						<width>400</width>
						<height>35</height>
						<texture border="5">controls/button-nofocus.png</texture>
					</control>
					<control type="label">
						<left>8</left>
						<width>229</width>
						<height>35</height>
						<font>ButtonFont2</font>
						<textcolor>ButtonColor</textcolor>
						<aligny>center</aligny>
						<info>ListItem.Label</info>
					</control>
					<control type="label">
						<left>242</left>
						<width>150</width>
						<height>35</height>
						<align>right</align>
						<font>ButtonFont2</font>
						<textcolor>DefaultColor2</textcolor>
						<aligny>center</aligny>
						<info>ListItem.Label2</info>
					</control>
				</itemlayout>
				<focusedlayout height="37">
					<control type="image">
						<width>400</width>
						<height>35</height>
						<texture border="5">controls/button-nofocus.png</texture>
					</control>
					<control type="image">
						<width>400</width>
						<height>35</height>
						<texture border="5">controls/button-focus.png</texture>
						<animation type="Focus" condition="Container(11101).OnNext + ![Skin.String(LowCPUPowerMode,Animations) | Skin.String(LowCPUPowerMode,Full)]" reversible="false">
							<effect type="Fade" start="40" end="100" time="500" tween="back" easing="in"/>
							<effect type="slide" start="0,-35" time="200" tween="sine" easing="out"/>
						</animation>
						<animation type="Focus" condition="Container(11101).OnPrevious + ![Skin.String(LowCPUPowerMode,Animations) | Skin.String(LowCPUPowerMode,Full)]" reversible="false">
							<effect type="Fade" start="40" end="100" time="500" tween="back" easing="in"/>
							<effect type="slide" start="0,35" time="200" tween="sine" easing="out"/>
						</animation>
					</control>
					<control type="label">
						<left>8</left>
						<width>229</width>
						<height>35</height>
						<font>ButtonFont2</font>
						<textcolor>ButtonFocusColor</textcolor>
						<aligny>center</aligny>
						<info>ListItem.Label</info>
					</control>
					<control type="label">
						<left>242</left>
						<width>150</width>
						<height>35</height>
						<align>right</align>
						<font>ButtonFont2</font>
						<textcolor>DefaultColor2</textcolor>
						<aligny>center</aligny>
						<info>ListItem.Label2</info>
					</control>
				</focusedlayout>
				<content>
					<item>
						<label>$LOCALIZE[35224]</label>
						<label2>Select + X</label2>
						<onclick>Play</onclick>
					</item>
					<item>
						<label>$LOCALIZE[10035]</label>
						<label2>Select + B</label2>
						<onclick>PlayerControl(Reset)</onclick>
					</item>
					<item>
						<label>$LOCALIZE[35222]</label>
						<label2>Select + Start</label2>
						<onclick>Stop</onclick>
					</item>
					<item>
						<label>$LOCALIZE[13376]</label>
						<label2>Select + Right Stick</label2>
						<onclick>ActivateWindow(GameVolume)</onclick>
					</item>
					<item>
						<label>$LOCALIZE[35225]</label>
						<onclick>ActivateWindow(GameVideoFilter)</onclick>
					</item>
					<item>
						<label>$LOCALIZE[629]</label>
						<onclick>ActivateWindow(GameViewMode)</onclick>
					</item>
					<item>
						<label>$LOCALIZE[35223]</label>
						<onclick>ActivateWindow(GameControllers)</onclick>
					</item>
				</content>
			</control>
			
			<control type="image">
				<top>DialogMarginOffsetY</top>
				<left>439</left>
				<width>257</width>
				<height>257</height>
				<texture border="5">controls/button-nofocus.png</texture>
			</control>
			
			<control type="image">
				<description>Icon</description>
				<left>444</left>
				<top>58</top>
				<width>247</width>
				<height>247</height>
				<texture diffuse="covers/player-control-media-cover-diffuse.png" fallback="DefaultGameAddons.png">$INFO[VideoPlayer.Cover]</texture>
				<aspectratio align="center" aligny="center" scalediffuse="false">scale</aspectratio>
				<visible>!String.IsEmpty(VideoPlayer.Cover)</visible>
				<include>ControlsOpenCloseAnim</include>
			</control>
			
			<control type="button" id="9001">
				<description>Cancel</description>
				<top>319</top>
				<left>280.5</left>
				<include>DialogMenuBarBtn</include>
				<label>$LOCALIZE[222]</label>
				<onclick>PreviousMenu</onclick>
				<onup>11101</onup>
				<onleft>11101</onleft>
				<onright>11101</onright>
			</control>
		</control>
	</controls>
</window>