<?xml version="1.0" encoding="UTF-8"?>
<window id="113">
	<defaultcontrol>-</defaultcontrol>
	<allowoverlay>no</allowoverlay>
	
	<controls>
		<control type="grouplist">
			<left>1187</left>
			<top>StatusBartop</top>
			<height>43</height>
			<width>53</width>
			<usecontrolcoords>true</usecontrolcoords>
			<orientation>horizontal</orientation>
			<align>left</align>
			<visible>Window.IsActive(FullScreenVideo) | Window.IsActive(Visualisation)</visible>
			<include>NotificationsOpenCloseAnim</include>
			<control type="image">
				<description>Volume Mute</description>
				<width>53</width>
				<height>43</height>	
				<texture border="8">gui/notification-volume-mute.png</texture>
				<bordersize>1</bordersize>
				<aspectratio>keep</aspectratio>
			</control>
		</control>
	</controls>
</window>