<?xml version="1.0" encoding="UTF-8"?>
<window id="2">
    <defaultcontrol always="true">500</defaultcontrol>
	<allowoverlay>yes</allowoverlay>
	<views>50,52,90,91,93,578,579</views>
	<onload>Skin.Reset(ShowMediaExtraOptions)</onload>
	
	<controls>
		<control type="group">	
			<include condition="Skin.String(CustomPicturesBGType,4) | Skin.String(CustomPicturesBGType,5)">MyPicsDBFadelabels</include>
			<include>BackgroundDefault</include>
			<include condition="[[!IsEmpty(Skin.String(CustomPicturesBGPath)) + [Skin.String(CustomPicturesBGType,2) | Skin.String(CustomPicturesBGType,3)]] | Skin.String(CustomPicturesBGType,4) | Skin.String(CustomPicturesBGType,5)]
			+ Skin.HasSetting(ApplyAllPicturesCustomBG)">BackgroundPictures</include>
			<include>BackgroundAddonsFanart</include>
			<include condition="!Skin.HasSetting(DisableVideoPlayingBG)">BackgroundVideoPlaying</include>
			<include condition="!Skin.HasSetting(DisableMusicPlayingBG)">BackgroundMusicPlaying</include>
			<include>BackgroundOpenCloseAnim</include>	
		</control>

		<control type="group">	
			<visible>!Window.IsActive(AddonInformation)</visible>
			<include>IconView</include> <!-- 50 -->
			<include>ListView</include> <!-- 52 -->
			<include>AddonsWideListView</include> <!-- 90 -->
			<include>AddonsListInfoView</include> <!-- 91 -->
			<include>AddonsWrapListInfoView</include> <!-- 93 -->
			<include>PicturesListInfoView3</include> <!-- 578 -->
			<include>PicturesThumbsInfoView</include> <!-- 579 -->
		</control>
		
		<include>MediaMenuBar</include>
		
		<control type="group">
			<description>Top Bar Area</description>
			<visible>![System.IdleTime(3) + !Control.IsVisible(505) + Skin.HasSetting(HideTopBar) + !Control.HasFocus(555)]</visible>
			<include>TopBarImage</include>
			<include>TopBarOpenCloseAnim</include>
			<include>BreadCrumbPictures</include>
			<include>Notifications</include>
			<include>SortLetterNotification</include>
		</control>
    </controls>   
</window>
