<?xml version="1.0" encoding="UTF-8"?>	
<window>
	<defaultcontrol always="true">10</defaultcontrol>
	<allowoverlay>no</allowoverlay>
	<views>10,11,12,13</views>
	<controls>	
		<control type="group">	
			<include>BackgroundDefault</include>
			<include condition="[[!IsEmpty(Skin.String(CustomPVRBGPath)) + [Skin.String(CustomPVRBGType,2) | Skin.String(CustomPVRBGType,3)]] | Skin.String(CustomPVRBGType,4)] + Skin.HasSetting(ApplyAllPVRCustomBG)">BackgroundPVR</include>
			<include>BackgroundOpenCloseAnim</include>	
		</control>
		
		<include>LiveTVColumnInfoArea</include>
	
		<control type="group" id="500">
			<left>40</left>
			<top>110</top>
			<defaultcontrol always="true">10</defaultcontrol>
			<visible>Control.IsVisible(10)</visible>
			<include>ControlsOpenCloseAnim</include>

			<control type="image">
				<width>215</width>
				<height>30</height>
				<texture border="8">pvr/column-left.png</texture>
				<colordiffuse>LiveTVColumnColor</colordiffuse>
				<include>LiveTVColumnFadeAnim</include>
			</control>
			<control type="image">
				<left>220</left>
				<width>1030</width>
				<height>30</height>
				<texture border="8" flipx="true">pvr/column-left.png</texture>
				<colordiffuse>LiveTVColumnColor</colordiffuse>
				<include>LiveTVColumnFadeAnim</include>
			</control>

			<control type="epggrid" id="10">
				<viewtype label="19032">list</viewtype>
				<width>1240</width>
				<height>370</height>
				<pagecontrol>10</pagecontrol>
				<scrolltime>150</scrolltime>
				<timeblocks>40</timeblocks>
				<rulerunit>6</rulerunit>
				<progresstexture border="0,45,20,7">pvr/EpgProgressIndicator.png</progresstexture>
				<onleft>10</onleft>
				<onright>10</onright>
				<onup>850</onup>
				<onback>850</onback>
				<ondown>10</ondown>
				<rulerlayout height="34" width="42">
					<control type="label">
						<description>Date</description>
						<left>10</left>
						<width>205</width>
						<height>30</height>
						<include>LiveTVColumnHeaderLabel</include>
						<label>$INFO[ListItem.Label]</label>
					</control>
				</rulerlayout>
				<channellayout height="42" width="220">
					<animation effect="fade" start="110" time="200">UnFocus</animation>
					<control type="image">
						<width>215</width>
						<height>38</height>
						<texture border="8">pvr/column-left.png</texture>
						<colordiffuse>LiveTVColumnColor</colordiffuse>
						<include>LiveTVColumnFadeAnim</include>
					</control>
					<control type="label">
						<description>Channel Number</description>
						<left>10</left>
						<width>40</width>
						<height>38</height>
						<include>LiveTVColumnNumberLabel</include>
						<label>$INFO[ListItem.ChannelNumber]</label>		
					</control>
					<control type="label">
						<description>Channel Name</description>
						<left>50</left>
						<width>155</width>
						<height>38</height>
						<include>LiveTVColumnChannelLabel</include>
						<label>$INFO[ListItem.ChannelName]</label>
					</control>
				</channellayout>
				<focusedchannellayout height="42" width="220">
					<animation effect="fade" start="110" time="200">OnFocus</animation>
					<control type="image">
						<width>215</width>
						<height>38</height>
						<texture border="8">pvr/column-left.png</texture>
						<colordiffuse>LiveTVColumnColor3</colordiffuse>
						<include>LiveTVColumnFadeAnim</include>
					</control>
					<control type="label">
						<description>Channel Number</description>
						<left>10</left>
						<width>40</width>
						<height>38</height>
						<include>LiveTVColumnNumberLabel</include>
						<label>$INFO[ListItem.ChannelNumber]</label>		
					</control>
					<control type="label">
						<description>Channel Name</description>
						<left>50</left>
						<width>155</width>
						<height>38</height>
						<include>LiveTVColumnChannelLabel</include>
						<label>$INFO[ListItem.ChannelName]</label>
					</control>
				</focusedchannellayout>
				<itemlayout height="42" width="102">
					<control type="image" id="2">
						<description>movie / drama</description>
						<width>98</width>
						<height>38</height>
						<texture border="8">pvr/column.png</texture>
						<colordiffuse>ff8b5015</colordiffuse>
						<include>LiveTVColumnFadeAnim</include>
						<visible>StringCompare(ListItem.Property(GenreType),16)</visible>
					</control>
					<control type="image" id="3">
						<description>news</description>
						<width>98</width>
						<height>38</height>
						<texture border="8">pvr/column.png</texture>
						<colordiffuse>ff446444</colordiffuse>
						<include>LiveTVColumnFadeAnim</include>
						<visible>StringCompare(ListItem.Property(GenreType),32)</visible>
					</control>
					<control type="image" id="4">
						<description>show / gameshow</description>
						<width>98</width>
						<height>38</height>
						<texture border="8">pvr/column.png</texture>
						<colordiffuse>ff8d8c17</colordiffuse>
						<include>LiveTVColumnFadeAnim</include>
						<visible>StringCompare(ListItem.Property(GenreType),48)</visible>
					</control>
					<control type="image" id="5">
						<description>sports</description>
						<width>98</width>
						<height>38</height>
						<texture border="8">pvr/column.png</texture>
						<colordiffuse>ff930d1d</colordiffuse>
						<include>LiveTVColumnFadeAnim</include>
						<visible>StringCompare(ListItem.Property(GenreType),64)</visible>
					</control>
					<control type="image" id="6">
						<description>children</description>
						<width>98</width>
						<height>38</height>
						<texture border="8">pvr/column.png</texture>
						<colordiffuse>ff13897a</colordiffuse>
						<include>LiveTVColumnFadeAnim</include>
						<visible>StringCompare(ListItem.Property(GenreType),80)</visible>
					</control>
					<control type="image" id="7">
						<description>music / ballet / dance</description>
						<width>98</width>
						<height>38</height>
						<texture border="8">pvr/column.png</texture>
						<colordiffuse>ff2d9234</colordiffuse>
						<include>LiveTVColumnFadeAnim</include>
						<visible>StringCompare(ListItem.Property(GenreType),96)</visible>
					</control>
					<control type="image" id="8">
						<description>arts / culture</description>
						<width>98</width>
						<height>38</height>
						<texture border="8">pvr/column.png</texture>
						<colordiffuse>ff022788</colordiffuse>
						<include>LiveTVColumnFadeAnim</include>
						<visible>StringCompare(ListItem.Property(GenreType),112)</visible>
					</control>
					<control type="image" id="9">
						<description>social / political / economics</description>
						<width>98</width>
						<height>38</height>
						<texture border="8">pvr/column.png</texture>
						<colordiffuse>ff641864</colordiffuse>
						<include>LiveTVColumnFadeAnim</include>
						<visible>StringCompare(ListItem.Property(GenreType),128)</visible>
					</control>
					<control type="image" id="10">
						<description>education / science / factual</description>
						<width>98</width>
						<height>38</height>
						<texture border="8">pvr/column.png</texture>
						<colordiffuse>ff797a7c</colordiffuse>
						<include>LiveTVColumnFadeAnim</include>
						<visible>StringCompare(ListItem.Property(GenreType),144)</visible>
					</control>
					<control type="image" id="11">
						<description>leisure / hobbies</description>
						<width>98</width>
						<height>38</height>
						<texture border="8">pvr/column.png</texture>
						<colordiffuse>ff5a5a7e</colordiffuse>
						<include>LiveTVColumnFadeAnim</include>
						<visible>StringCompare(ListItem.Property(GenreType),160)</visible>
					</control>
					<control type="image" id="12">
						<description>special event</description>
						<width>98</width>
						<height>38</height>
						<texture border="8">pvr/column.png</texture>
						<colordiffuse>ff1a6973</colordiffuse>
						<include>LiveTVColumnFadeAnim</include>
						<visible>StringCompare(ListItem.Property(GenreType),176)</visible>
					</control>
					<control type="image" id="13">
						<description>other / unknown</description>
						<width>98</width>
						<height>38</height>
						<texture border="8">pvr/column.png</texture>
						<colordiffuse>LiveTVColumnColor2</colordiffuse>
						<include>LiveTVColumnFadeAnim</include>
						<visible>!StringCompare(ListItem.Property(GenreType),16) + !StringCompare(ListItem.Property(GenreType),32)
						+ !StringCompare(ListItem.Property(GenreType),48) + !StringCompare(ListItem.Property(GenreType),64)
						+ !StringCompare(ListItem.Property(GenreType),80) + !StringCompare(ListItem.Property(GenreType),96)
						+ !StringCompare(ListItem.Property(GenreType),112) + !StringCompare(ListItem.Property(GenreType),128)
						+ !StringCompare(ListItem.Property(GenreType),144) + !StringCompare(ListItem.Property(GenreType),160)
						+ !StringCompare(ListItem.Property(GenreType),176)</visible>
					</control>
					<control type="label" id="1">
						<left>8</left>
						<width>85</width>
						<height>38</height>
						<align>left</align>
						<include>LiveTVColumnItemLabel</include>
						<label>$INFO[ListItem.Label]</label>
						<visible>![ListItem.HasTimer | ListItem.IsRecording]</visible>
					</control>
					<control type="label" id="1">
						<left>40</left>
						<width>20</width>
						<height>38</height>
						<align>left</align>
						<include>LiveTVColumnItemLabel</include>
						<label>$INFO[ListItem.Label]</label>
						<visible>ListItem.HasTimer | ListItem.IsRecording</visible>
					</control>
					<control type="image">
						<description>Timer</description>
						<left>10</left>
						<top>8</top>
						<width>22</width>
						<height>22</height>
						<texture>pvr/status_timer.png</texture>
						<colordiffuse>WhiteColor</colordiffuse>
						<visible>ListItem.HasTimer + !ListItem.IsRecording</visible>
					</control>
					<control type="image">
						<description>Record</description>
						<left>10</left>
						<top>8</top>
						<width>22</width>
						<height>22</height>
						<texture>pvr/status_recording.png</texture>
						<colordiffuse>WhiteColor</colordiffuse>
						<visible>ListItem.IsRecording</visible>
					</control>
				</itemlayout>
				<focusedlayout height="42" width="102">
					<control type="image" id="2">
						<width>98</width>
						<height>38</height>
						<texture border="8">pvr/column.png</texture>
						<colordiffuse>LiveTVColumnColor3</colordiffuse>
						<include>LiveTVColumnFadeAnim</include>
					</control>
					<control type="label" id="1">
						<left>8</left>
						<width>85</width>
						<height>38</height>
						<align>left</align>
						<include>LiveTVColumnItemLabel</include>
						<label>$INFO[ListItem.Label]</label>
						<visible>![ListItem.HasTimer | ListItem.IsRecording]</visible>
					</control>
					<control type="label" id="1">
						<left>40</left>
						<width>20</width>
						<height>38</height>
						<align>left</align>
						<include>LiveTVColumnItemLabel</include>
						<label>$INFO[ListItem.Label]</label>
						<visible>ListItem.HasTimer | ListItem.IsRecording</visible>
					</control>
					<control type="image">
						<description>Timer</description>
						<left>10</left>
						<top>8</top>
						<width>22</width>
						<height>22</height>
						<texture>pvr/status_timer.png</texture>
						<colordiffuse>WhiteColor</colordiffuse>
						<visible>ListItem.HasTimer + !ListItem.IsRecording</visible>
					</control>
					<control type="image">
						<description>Record</description>
						<left>10</left>
						<top>8</top>
						<width>22</width>
						<height>22</height>
						<texture>pvr/status_recording.png</texture>
						<colordiffuse>WhiteColor</colordiffuse>
						<visible>ListItem.IsRecording</visible>
					</control>
				</focusedlayout>
			</control>
		</control>

		<control type="group" id="500">
			<left>40</left>
			<top>110</top>
			<defaultcontrol always="true">11</defaultcontrol>
			<visible>Control.IsVisible(11)</visible>
			<include>ControlsOpenCloseAnim</include>

			<include>LiveTVColumnHeaderArea2</include>

			<control type="list" id="11">
				<viewtype label="19030">list</viewtype>
				<top>34</top>
				<width>1220</width>
				<height>336</height>
				<ondown>11</ondown>
				<onleft>850</onleft>
				<onright condition="Control.IsVisible(904)">904</onright>
				<onright condition="!Control.IsVisible(904)">850</onright>
				<onup>850</onup>
				<onback>850</onback>
				<pagecontrol>904</pagecontrol>
				<preloaditems>2</preloaditems>
				<itemlayout height="42">
					<include>LiveTVColumnItemLayout2</include>
					<include>LiveTVColumnLayoutArea2</include>
				</itemlayout>
				<focusedlayout height="42">
					<include>LiveTVColumnFocusedLayout</include>
					<include>LiveTVColumnLayoutArea2</include>
				</focusedlayout>
			</control>

			<include>ColumnsViewScrollbar</include>
		</control>
		
		<control type="group" id="500">
			<left>40</left>
			<top>110</top>
			<defaultcontrol always="true">12</defaultcontrol>
			<visible>Control.IsVisible(12)</visible>
			<include>ControlsOpenCloseAnim</include>

			<include>LiveTVColumnHeaderArea2</include>

			<control type="list" id="12">
				<viewtype label="19031">list</viewtype>
				<top>34</top>
				<width>1220</width>
				<height>336</height>
				<ondown>12</ondown>
				<onleft>850</onleft>
				<onright condition="Control.IsVisible(904)">904</onright>
				<onright condition="!Control.IsVisible(904)">850</onright>
				<onup>850</onup>
				<onback>850</onback>
				<pagecontrol>904</pagecontrol>
				<preloaditems>2</preloaditems>
				<itemlayout height="42">
					<include>LiveTVColumnItemLayout2</include>
					<include>LiveTVColumnLayoutArea2</include>
				</itemlayout>
				<focusedlayout height="42">
					<include>LiveTVColumnFocusedLayout</include>
					<include>LiveTVColumnLayoutArea2</include>
				</focusedlayout>
			</control>

			<include>ColumnsViewScrollbar</include>
		</control>
		
		<control type="group" id="500">
			<left>40</left>
			<top>110</top>
			<defaultcontrol always="true">13</defaultcontrol>
			<visible>Control.IsVisible(13)</visible>
			<include>ControlsOpenCloseAnim</include>

			<include>LiveTVColumnHeaderArea</include>

			<control type="group">
				<top>34</top>
				<include>LiveTVColumnItemLayout</include>
				<visible>StringCompare(Container(13).ListItemPosition(0).ChannelName,)</visible>
			</control>
			<control type="group">
				<top>76</top>
				<include>LiveTVColumnItemLayout</include>
				<visible>StringCompare(Container(13).ListItemPosition(1).ChannelName,)</visible>
			</control>
			<control type="group">
				<top>118</top>
				<include>LiveTVColumnItemLayout</include>
				<visible>StringCompare(Container(13).ListItemPosition(2).ChannelName,)</visible>
			</control>
			<control type="group">
				<top>160</top>
				<include>LiveTVColumnItemLayout</include>
				<visible>StringCompare(Container(13).ListItemPosition(3).ChannelName,)</visible>
			</control>
			<control type="group">
				<top>202</top>
				<include>LiveTVColumnItemLayout</include>
				<visible>StringCompare(Container(13).ListItemPosition(4).ChannelName,)</visible>
			</control>
			<control type="group">
				<top>244</top>
				<include>LiveTVColumnItemLayout</include>
				<visible>StringCompare(Container(13).ListItemPosition(5).ChannelName,)</visible>
			</control>
			<control type="group">
				<top>286</top>
				<include>LiveTVColumnItemLayout</include>
				<visible>StringCompare(Container(13).ListItemPosition(6).ChannelName,)</visible>
			</control>
			<control type="group">
				<top>328</top>
				<include>LiveTVColumnItemLayout</include>
				<visible>StringCompare(Container(13).ListItemPosition(7).ChannelName,)</visible>
			</control>

			<control type="list" id="13">
				<viewtype label="19029">list</viewtype>
				<top>34</top>
				<width>1220</width>
				<height>336</height>
				<ondown>13</ondown>
				<onleft>13</onleft>
				<onright condition="Control.IsVisible(904)">904</onright>
				<onright condition="!Control.IsVisible(904)">850</onright>
				<onup>850</onup>
				<onback>850</onback>
				<pagecontrol>904</pagecontrol>
				<preloaditems>2</preloaditems>
				<itemlayout height="42">
					<include>LiveTVColumnItemLayout</include>
					<include>LiveTVColumnLayoutArea</include>
				</itemlayout>
				<focusedlayout height="42">
					<include>LiveTVColumnFocusedLayout</include>
					<include>LiveTVColumnLayoutArea</include>
				</focusedlayout>
			</control>

			<include>ColumnsViewScrollbar</include>
		</control>
		
		<include>ViewsDialogPopUpScreenDim</include>
		<include>PVRMenuBar</include>

		<control type="group">
			<description>Top Bar Area</description>
			<visible>![System.IdleTime(3) + !Control.IsVisible(505) + Skin.HasSetting(HideTopBar) + !Control.HasFocus(555)]</visible>
			<include>TopBarImage</include>
			<include>TopBarOpenCloseAnim</include>
			<include>BreadCrumbPVR</include>
			<include>Notifications</include>
		</control>
	</controls>
</window>