<?xml version="1.0" encoding="UTF-8"?>
<window id="2003">
	<defaultcontrol always="true">500</defaultcontrol>
	<allowoverlay>yes</allowoverlay>
	
	<controls>
		<control type="group">
			<include>BackgroundDefault</include>
			<include condition="[[!IsEmpty(Skin.String(CustomTVShowsBGPath)) + [Skin.String(CustomTVShowsBGType,2) | Skin.String(CustomTVShowsBGType,3)]] 
			| Skin.String(CustomTVShowsBGType,4)] + Skin.HasSetting(ApplyAllTVShowsCustomBG)">BackgroundTVShows</include>
			<control type="group">
				<visible>!IsEmpty(Window(Home).Property(TVGuide.BackgroundFanart)) + [Control.HasFocus(200) | Control.HasFocus(201) | Control.HasFocus(202) | Control.HasFocus(203) | Control.HasFocus(204) | Control.HasFocus(205) | Control.HasFocus(206)]</visible>
				<animation effect="fade" time="600">VisibleChange</animation>
				<control type="image">
					<include>BackgroundSize</include>
					<texture background="true">$VAR[NextAiredFanart]</texture>
					<aspectratio>scale</aspectratio>
					<fadetime>FanartCrossfadeTime</fadetime>
					<include condition="Skin.HasSetting(AnimateFanart)">FanartBackgroundAnim</include>
				</control>
				<control type="image">
					<include>BackgroundDim</include>
					<include>FanartBrightnessAnimations</include>
				</control>
			</control>
			<include condition="!Skin.HasSetting(DisableVideoPlayingBG)">BackgroundVideoPlaying</include>
			<include>BackgroundOpenCloseAnim</include>
		</control>
		
		<control type="image">
			<left>30</left>
			<top>106</top>
			<width>1220</width>
			<height>540</height>	
			<texture border="7">panels/content-panel.png</texture>
			<aspectratio>stretch</aspectratio>
			<include>PanelFadeAnim</include>
			<include>ControlsOpenCloseAnim</include>
		</control>

		<control type="group" id="500">
			<description>Guide Area</description>
			<left>39</left>
			<top>115</top>
			<include>ControlsOpenCloseAnim</include>

			<control type="group">
				<description>Monday Area</description>

				<include>NextAiredHeaderImage</include>
				<control type="group">
					<visible>stringcompare(System.Date(ddd),Window(Home).Property(NextAired.200.Wday))</visible>
					<include>NextAiredHeaderImage2</include>
				</control>
				<include>NextAiredColumnLayout</include>

				<control type="label">
					<description>Monday</description>
					<include>NextAiredDayLabel</include>
					<label>$INFO[Window(Home).Property(NextAired.200.Wday)]</label>
				</control>

				<control type="label">
					<description>Date</description>
					<include>NextAiredDateLabel</include>
					<label>$INFO[Window(Home).Property(NextAired.200.Date)]</label>
				</control>

				<control type="list" id="200">
					<description>Monday list</description>
					<top>60</top>
					<width>120</width>
					<height>465</height>
					<orientation>vertical</orientation>
					<scrolltime tween="sine" easing="inout">300</scrolltime>
					<onup>850</onup>
					<ondown>200</ondown>
					<onleft>206</onleft>
					<onright>201</onright>
					<itemlayout height="116" width="120">
						<include>NextAiredTimeLabel2</include>
						<include>NextAiredItemLayout</include>
					</itemlayout>
					<focusedlayout height="116" width="120">
						<control type="group">
							<include>NextAiredItemImage</include>
							<include>NextAiredTimeLabel</include>
							<visible>Control.HasFocus(200)</visible>
						</control>
						<control type="group">
							<include>NextAiredTimeLabel2</include>
							<visible>!Control.HasFocus(200)</visible>
						</control>
						<include>NextAiredItemLayout</include>
					</focusedlayout>
				</control>
			</control>

			<control type="group">
				<description>Tuesday Area</description>
				<left>122</left>

				<include>NextAiredHeaderImage</include>
				<control type="group">
					<visible>stringcompare(System.Date(ddd),Window(Home).Property(NextAired.201.Wday))</visible>
					<include>NextAiredHeaderImage2</include>
				</control>
				<include>NextAiredColumnLayout</include>

				<control type="label">
					<description>Tuesday</description>
					<include>NextAiredDayLabel</include>
					<label>$INFO[Window(Home).Property(NextAired.201.Wday)]</label>
				</control>

				<control type="label">
					<description>Date</description>
					<include>NextAiredDateLabel</include>
					<label>$INFO[Window(Home).Property(NextAired.201.Date)]</label>
				</control>

				<control type="list" id="201">
					<description>Tuesday list</description>
					<top>60</top>
					<width>120</width>
					<height>465</height>
					<orientation>vertical</orientation>
					<scrolltime tween="sine" easing="inout">300</scrolltime>
					<onup>850</onup>
					<ondown>201</ondown>
					<onleft>200</onleft>
					<onright>202</onright>
					<itemlayout height="116" width="120">
						<include>NextAiredTimeLabel2</include>
						<include>NextAiredItemLayout</include>
					</itemlayout>
					<focusedlayout height="116" width="120">
						<control type="group">
							<include>NextAiredItemImage</include>
							<include>NextAiredTimeLabel</include>
							<visible>Control.HasFocus(201)</visible>
						</control>
						<control type="group">
							<include>NextAiredTimeLabel2</include>
							<visible>!Control.HasFocus(201)</visible>
						</control>
						<include>NextAiredItemLayout</include>
					</focusedlayout>
				</control>		
			</control>

			<control type="group">
				<description>Wednesday Area</description>
				<left>244</left>

				<include>NextAiredHeaderImage</include>
				<control type="group">
					<visible>stringcompare(System.Date(ddd),Window(Home).Property(NextAired.202.Wday))</visible>
					<include>NextAiredHeaderImage2</include>
				</control>
				<include>NextAiredColumnLayout</include>

				<control type="label">
					<description>Wednesday</description>
					<include>NextAiredDayLabel</include>
					<label>$INFO[Window(Home).Property(NextAired.202.Wday)]</label>
				</control>

				<control type="label">
					<description>Date</description>
					<include>NextAiredDateLabel</include>
					<label>$INFO[Window(Home).Property(NextAired.202.Date)]</label>
				</control>

				<control type="list" id="202">
					<description>Wednesday list</description>
					<top>60</top>
					<width>120</width>
					<height>465</height>
					<orientation>vertical</orientation>
					<scrolltime tween="sine" easing="inout">300</scrolltime>
					<onup>850</onup>
					<ondown>202</ondown>
					<onleft>201</onleft>
					<onright>203</onright>
					<itemlayout height="116" width="120">
						<include>NextAiredTimeLabel2</include>
						<include>NextAiredItemLayout</include>
					</itemlayout>
					<focusedlayout height="116" width="120">
						<control type="group">
							<include>NextAiredItemImage</include>
							<include>NextAiredTimeLabel</include>
							<visible>Control.HasFocus(202)</visible>
						</control>
						<control type="group">
							<include>NextAiredTimeLabel2</include>
							<visible>!Control.HasFocus(202)</visible>
						</control>
						<include>NextAiredItemLayout</include>
					</focusedlayout>
				</control>		
			</control>

			<control type="group">
				<description>Thursday Area</description>
				<left>366</left>

				<include>NextAiredHeaderImage</include>
				<control type="group">
					<visible>stringcompare(System.Date(ddd),Window(Home).Property(NextAired.203.Wday))</visible>
					<include>NextAiredHeaderImage2</include>
				</control>
				<include>NextAiredColumnLayout</include>

				<control type="label">
					<description>Thursday</description>
					<include>NextAiredDayLabel</include>
					<label>$INFO[Window(Home).Property(NextAired.203.Wday)]</label>
				</control>

				<control type="label">
					<description>Date</description>
					<include>NextAiredDateLabel</include>
					<label>$INFO[Window(Home).Property(NextAired.203.Date)]</label>
				</control>

				<control type="list" id="203">
					<description>Thursday list</description>
					<top>60</top>
					<width>120</width>
					<height>465</height>
					<orientation>vertical</orientation>
					<scrolltime tween="sine" easing="inout">300</scrolltime>
					<onup>850</onup>
					<ondown>203</ondown>
					<onleft>202</onleft>
					<onright>204</onright>
					<itemlayout height="116" width="120">
						<include>NextAiredTimeLabel2</include>
						<include>NextAiredItemLayout</include>
					</itemlayout>
					<focusedlayout height="116" width="120">
						<control type="group">
							<include>NextAiredItemImage</include>
							<include>NextAiredTimeLabel</include>
							<visible>Control.HasFocus(203)</visible>
						</control>
						<control type="group">
							<include>NextAiredTimeLabel2</include>
							<visible>!Control.HasFocus(203)</visible>
						</control>
						<include>NextAiredItemLayout</include>
					</focusedlayout>
				</control>		
			</control>

			<control type="group">
				<description>Friday Area</description>
				<left>488</left>

				<include>NextAiredHeaderImage</include>
				<control type="group">
					<visible>stringcompare(System.Date(ddd),Window(Home).Property(NextAired.204.Wday))</visible>
					<include>NextAiredHeaderImage2</include>
				</control>
				<include>NextAiredColumnLayout</include>

				<control type="label">
					<description>Friday</description>
					<include>NextAiredDayLabel</include>
					<label>$INFO[Window(Home).Property(NextAired.204.Wday)]</label>
				</control>

				<control type="label">
					<description>Date</description>
					<include>NextAiredDateLabel</include>
					<label>$INFO[Window(Home).Property(NextAired.204.Date)]</label>
				</control>

				<control type="list" id="204">
					<description>Friday list</description>
					<top>60</top>
					<width>120</width>
					<height>465</height>
					<orientation>vertical</orientation>
					<scrolltime tween="sine" easing="inout">300</scrolltime>
					<onup>850</onup>
					<ondown>204</ondown>
					<onleft>203</onleft>
					<onright>205</onright>
					<itemlayout height="116" width="120">
						<include>NextAiredTimeLabel2</include>
						<include>NextAiredItemLayout</include>
					</itemlayout>
					<focusedlayout height="116" width="120">
						<control type="group">
							<include>NextAiredItemImage</include>
							<include>NextAiredTimeLabel</include>
							<visible>Control.HasFocus(204)</visible>
						</control>
						<control type="group">
							<include>NextAiredTimeLabel2</include>
							<visible>!Control.HasFocus(204)</visible>
						</control>
						<include>NextAiredItemLayout</include>
					</focusedlayout>
				</control>		
			</control>

			<control type="group">
				<description>Saturday Area</description>
				<left>610</left>

				<include>NextAiredHeaderImage</include>
				<control type="group">
					<visible>stringcompare(System.Date(ddd),Window(Home).Property(NextAired.205.Wday))</visible>
					<include>NextAiredHeaderImage2</include>
				</control>
				<include>NextAiredColumnLayout</include>

				<control type="label">
					<description>Saturday</description>
					<include>NextAiredDayLabel</include>
					<label>$INFO[Window(Home).Property(NextAired.205.Wday)]</label>
				</control>

				<control type="label">
					<description>Date</description>
					<include>NextAiredDateLabel</include>
					<label>$INFO[Window(Home).Property(NextAired.205.Date)]</label>
				</control>

				<control type="list" id="205">
					<description>Saturday list</description>
					<top>60</top>
					<width>120</width>
					<height>465</height>
					<orientation>vertical</orientation>
					<scrolltime tween="sine" easing="inout">300</scrolltime>
					<onup>850</onup>
					<ondown>205</ondown>
					<onleft>204</onleft>
					<onright>206</onright>
					<itemlayout height="116" width="120">
						<include>NextAiredTimeLabel2</include>
						<include>NextAiredItemLayout</include>
					</itemlayout>
					<focusedlayout height="116" width="120">
						<control type="group">
							<include>NextAiredItemImage</include>
							<include>NextAiredTimeLabel</include>
							<visible>Control.HasFocus(205)</visible>
						</control>
						<control type="group">
							<include>NextAiredTimeLabel2</include>
							<visible>!Control.HasFocus(205)</visible>
						</control>
						<include>NextAiredItemLayout</include>
					</focusedlayout>
				</control>
			</control>

			<control type="group">
				<description>Sunday Area</description>
				<left>732</left>

				<include>NextAiredHeaderImage</include>
				<control type="group">
					<visible>stringcompare(System.Date(ddd),Window(Home).Property(NextAired.206.Wday))</visible>
					<include>NextAiredHeaderImage2</include>
				</control>
				<include>NextAiredColumnLayout</include>

				<control type="label">
					<description>Sunday</description>
					<include>NextAiredDayLabel</include>
					<label>$INFO[Window(Home).Property(NextAired.206.Wday)]</label>
				</control>

				<control type="label">
					<description>Date</description>
					<include>NextAiredDateLabel</include>
					<label>$INFO[Window(Home).Property(NextAired.206.Date)]</label>
				</control>

				<control type="list" id="206">
					<description>Sunday list</description>
					<top>60</top>
					<width>120</width>
					<height>465</height>
					<orientation>vertical</orientation>
					<scrolltime tween="sine" easing="inout">300</scrolltime>
					<onup>850</onup>
					<ondown>206</ondown>
					<onleft>205</onleft>
					<onright>200</onright>
					<itemlayout height="116" width="120">
						<include>NextAiredTimeLabel2</include>
						<include>NextAiredItemLayout</include>
					</itemlayout>
					<focusedlayout height="116" width="120">
						<control type="group">
							<include>NextAiredItemImage</include>
							<include>NextAiredTimeLabel</include>
							<visible>Control.HasFocus(206)</visible>
						</control>
						<control type="group">
							<include>NextAiredTimeLabel2</include>
							<visible>!Control.HasFocus(206)</visible>
						</control>
						<include>NextAiredItemLayout</include>
					</focusedlayout>
				</control>
			</control>
		</control>

		<control type="group">
			<description>Info Area</description>
			<left>901</left>
			<top>115</top>
			<include>ControlsOpenCloseAnim</include>
			
			<control type="image">
				<description>Content Background</description>
				<left>-5</left>
				<top>-5</top>
				<width>350</width>
				<height>532</height>
				<texture border="4">panels/panel-content-border2.png</texture>
				<include>ListInfoViewContentBackgroundFadeAnim</include>
			</control>
			
			<control type="image">
				<description>Title Background</description>
				<width>340</width>
				<height>55</height>
				<texture border="4">panels/panel3.png</texture>
				<include>ListInfoViewMediaInfoBackgroundFadeAnim</include>
			</control>
			
			<control type="image">
				<description>Info Background</description>
				<top>256</top>
				<width>340</width>
				<height>266</height>
				<texture border="4">panels/panel3.png</texture>
				<include>ListInfoViewMediaInfoBackgroundFadeAnim</include>
			</control>

			<control type="image">
				<top>262</top>
				<left>2</left>
				<include>NextAiredInfoImage</include>
			</control>
			<control type="image">
				<top>294</top>
				<left>2</left>
				<include>NextAiredInfoImage</include>
			</control>
			<control type="image">
				<top>326</top>
				<left>2</left>
				<include>NextAiredInfoImage</include>
			</control>
			<control type="image">
				<top>358</top>
				<left>2</left>
				<include>NextAiredInfoImage</include>
			</control>
			<control type="image">
				<top>390</top>
				<left>2</left>
				<include>NextAiredInfoImage</include>
			</control>
			<control type="image">
				<top>422</top>
				<left>2</left>
				<include>NextAiredInfoImage</include>
			</control>
			<control type="image">
				<top>454</top>
				<left>2</left>
				<include>NextAiredInfoImage</include>
			</control>
			<control type="image">
				<top>486</top>
				<left>2</left>
				<include>NextAiredInfoImage</include>
			</control>

			<control type="group">
				<visible>[Control.HasFocus(200) + !IsEmpty(Container(200).ListItem.Label)]
				| [Control.HasFocus(201) + !IsEmpty(Container(201).ListItem.Label)]
				| [Control.HasFocus(202) + !IsEmpty(Container(202).ListItem.Label)]
				| [Control.HasFocus(203) + !IsEmpty(Container(203).ListItem.Label)]
				| [Control.HasFocus(204) + !IsEmpty(Container(204).ListItem.Label)]
				| [Control.HasFocus(205) + !IsEmpty(Container(205).ListItem.Label)]
				| [Control.HasFocus(206) + !IsEmpty(Container(206).ListItem.Label)]</visible>
				<include>ControlsOpenCloseAnim</include>

				<control type="label">
					<description>Title</description>
					<include>NextAiredTitleLabel</include>
					<label>$VAR[NextAiredTitle]</label>
					<visible>![IsEmpty(Container(200).ListItem.Property(Art(clearlogo))) | IsEmpty(Container(201).ListItem.Property(Art(clearlogo))) | IsEmpty(Container(202).ListItem.Property(Art(clearlogo))) | IsEmpty(Container(203).ListItem.Property(Art(clearlogo))) | IsEmpty(Container(204).ListItem.Property(Art(clearlogo))) | IsEmpty(Container(205).ListItem.Property(Art(clearlogo))) | IsEmpty(Container(206).ListItem.Property(Art(clearlogo)))]</visible>
				</control>
				
				<control type="image">
					<description>Clear logo</description>
					<top>1</top>
					<width>340</width>
					<height>53</height>
					<texture background="true">$VAR[NextAiredClearLogo]</texture>			
					<aspectratio align="center" aligny="center">keep</aspectratio>
					<fadetime>FanartCrossfadeTime</fadetime>
				</control>
				
				<control type="image">
					<description>Fanart</description>
					<top>60</top>
					<width>340</width>
					<height>191</height>
					<texture background="true" diffuse="covers/list-info-3-fanart-diffuse.png">$VAR[NextAiredFanart]</texture>			
					<aspectratio scalediffuse="false" align="center">scale</aspectratio>
					<fadetime>FanartCrossfadeTime</fadetime>
				</control>

				<control type="grouplist">
					<description>Episode title</description>
					<left>9</left>
					<top>262</top>
					<width>322</width>
					<orientation>horizontal</orientation>
					<control type="label">
						<include>NextAiredInfoLabel</include>
						<label>$LOCALIZE[369]:</label>
					</control>
					<control type="label">
						<include>NextAiredInfoLabelVal</include>
						<label fallback="31001">$VAR[NextAiredNextTitle]</label>
					</control>
				</control>

				<control type="grouplist">
					<description>Episode</description>
					<left>9</left>
					<top>294</top>
					<width>322</width>
					<orientation>horizontal</orientation>
					<control type="label">
						<include>NextAiredInfoLabel</include>
						<label>$LOCALIZE[20359]:</label>
					</control>
					<control type="label">
						<include>NextAiredInfoLabelVal</include>
						<label fallback="31001">$VAR[NextAiredNextNumber]</label>
					</control>
				</control>

				<control type="grouplist">
					<description>Runtime</description>
					<left>9</left>
					<top>326</top>
					<width>322</width>
					<orientation>horizontal</orientation>
					<control type="label">
						<include>NextAiredInfoLabel</include>
						<label>$LOCALIZE[2050]:</label>
					</control>
					<control type="label">
						<include>NextAiredInfoLabelVal</include>
						<label fallback="31001">$VAR[NextAiredRuntime]</label>
					</control>
				</control>

				<control type="grouplist">
					<description>Latest Episode</description>
					<left>9</left>
					<top>358</top>
					<width>322</width>
					<orientation>horizontal</orientation>
					<control type="label">
						<width min="0" max="150">auto</width>
						<include>NextAiredInfoLabel</include>
						<label>$LOCALIZE[31966]:</label>
					</control>
					<control type="label">
						<include>NextAiredInfoLabelVal</include>
						<label fallback="31001">$VAR[NextAiredLatestEpisode]</label>
					</control>
				</control>
				
				<control type="grouplist">
					<description>Status</description>
					<left>9</left>
					<top>390</top>
					<width>322</width>
					<orientation>horizontal</orientation>
					<control type="label">
						<include>NextAiredInfoLabel</include>
						<label>$LOCALIZE[126]:</label>
					</control>
					<control type="label">
						<include>NextAiredInfoLabelVal</include>
						<label fallback="31001">$VAR[NextAiredStatus]</label>
					</control>
				</control>

				<control type="grouplist">
					<description>Genre</description>
					<left>9</left>
					<top>422</top>
					<width>322</width>
					<orientation>horizontal</orientation>
					<control type="label">
						<include>NextAiredInfoLabel</include>
						<label>$LOCALIZE[515]:</label>
					</control>
					<control type="label">
						<include>NextAiredInfoLabelVal</include>
						<label fallback="31001">$VAR[NextAiredGenre]</label>
					</control>
				</control>

				<control type="grouplist">
					<description>Network</description>
					<left>9</left>
					<top>454</top>
					<width>322</width>
					<orientation>horizontal</orientation>
					<control type="label">
						<include>NextAiredInfoLabel</include>
						<label>$LOCALIZE[705]:</label>
					</control>
					<control type="label">
						<include>NextAiredInfoLabelVal</include>
						<label fallback="31001">$VAR[NextAiredNetwork]</label>
					</control>
				</control>

				<control type="grouplist">
					<description>Country</description>
					<left>9</left>
					<top>486</top>
					<width>322</width>
					<orientation>horizontal</orientation>
					<control type="label">
						<include>NextAiredInfoLabel</include>
						<label>$LOCALIZE[574]:</label>
					</control>
					<control type="label">
						<include>NextAiredInfoLabelVal</include>
						<label fallback="31001">$VAR[NextAiredCountry]</label>
					</control>
				</control>
			</control>
		</control>

		<include>NextAiredMenuBar</include>

		<control type="group">
			<description>Top Bar Area</description>
			<visible>![System.IdleTime(3) + !Control.IsVisible(505) + Skin.HasSetting(HideTopBar) + !Control.HasFocus(555)]</visible>
			<include>TopBarImage</include>
			<include>TopBarOpenCloseAnim</include>
			<include>BreadCrumbNextAired</include>
			<include>Notifications</include>	
		</control>
		
		<control type="group">
			<description>Bottom Bar Area</description>
			<top>BottomPaneOffsetY</top>	
			<control type="label">
				<include>InfoPaneHeadLabel2</include>
				<label>$VAR[NextAiredTotal]</label>
			</control>
			<include>BottomPaneOpenCloseAnim</include>
		</control>
	</controls>
</window>