<?xml version="1.0" encoding="UTF-8"?>
<window>
	<defaultcontrol always="true">26</defaultcontrol>

	<coordinates>
		<system>1</system>
		<origin x="116" y="122">true</origin>
	</coordinates>

	<controls>
		<control type="group">
			<visible>!Window.IsVisible(FileBrowser)</visible>
			<depth>DepthDialog</depth>
			<include>DialogOpenCloseAnim</include>
			
			<include content="DialogWithCloseBtnLabel">
				<param name="width" value="1048"/>
				<param name="height" value="474" />
				<param name="left" value="988" />
				<param name="labelwidth" value="968" />
				<param name="label" value="$VAR[PVRGroupManagerHeader]" />
			</include>

			<control type="label" id="20">
				<description>Groups Name</description>
				<visible>false</visible>
			</control>

			<control type="group" id="9001">
				<left>DialogMarginOffsetX</left>
				<top>DialogMarginOffsetY</top>
				
				<control type="image">
					<width>171</width>
					<height>35</height>
					<texture border="5">controls/button-nofocus.png</texture>
				</control>
				
				<control type="togglebutton" id="34">
					<description>TV/Radio Toggle</description>
					<width>171</width>
					<align>center</align>
					<enable>true</enable>
					<texturenofocus />
					<alttexturenofocus />
					<include>DialogHeadLabel</include>
					<label>$LOCALIZE[19023]</label>
					<altlabel>$LOCALIZE[19024]</altlabel>
					<usealttexture>!String.IsEmpty(Window.Property(IsRadio))</usealttexture>
					<onleft>9003</onleft>
					<onright>13</onright>
					<ondown>26</ondown>
				</control>
				
				<control type="image">
					<top>40</top>
					<width>171</width>
					<height>320</height>
					<texture border="5">controls/button-nofocus.png</texture>
				</control>
				
				<control type="grouplist" id="9002">
					<top>40</top>
					<width>171</width>
					<height>320</height>
					<itemgap>0</itemgap>
					<pagecontrol />
					<align>left</align>
					<orientation>vertical</orientation>
					<onleft>12</onleft>
					<onright>13</onright>
					<onup>34</onup>
					<ondown>9003</ondown>
					<control type="button" id="26">
						<description>Add Group</description>
						<width>171</width>
						<height>40</height>
						<align>center</align>
						<texturenofocus />
						<enable>true</enable>
						<include>DialogHeadLabel</include>
						<label>$LOCALIZE[31904]</label>
					</control>
					<control type="button" id="27">
						<description>Rename Group</description>
						<width>171</width>
						<height>40</height>
						<align>center</align>
						<texturenofocus />
						<enable>true</enable>
						<include>DialogHeadLabel</include>
						<label>$LOCALIZE[31905]</label>
					</control>
					<control type="radiobutton" id="25">
						<description>Hide Group</description>
						<width>171</width>
						<height>40</height>
						<texturenofocus />
						<enable>true</enable>
						<include>DialogHeadLabel</include>
						<label>$LOCALIZE[19289]</label>
					</control>
					<control type="button" id="28">
						<description>Delete Group</description>
						<width>171</width>
						<height>40</height>
						<align>center</align>
						<texturenofocus />
						<enable>true</enable>
						<include>DialogHeadLabel</include>
						<label>$LOCALIZE[31906]</label>
					</control>
				</control>
				
				<include content="DialogPVRGroupManagerChannelsLayout">
					<param name="left" value="178" />
					<param name="label" value="$LOCALIZE[31902]$INFO[Container(13).NumItems, (,)]" />
					<param name="id" value="13" />
					<param name="listlabel" value="$INFO[ListItem.Label]" />
					<param name="onleft" value="9002" />
					<param name="onright" value="11" />
					<param name="onup" value="13" />
					<param name="ondown" value="9003" />
				</include>
				
				<include content="DialogPVRGroupManagerChannelsLayout">
					<param name="left" value="447" />
					<param name="label" value="$LOCALIZE[31903]$INFO[Container(11).NumItems, (,)]" />
					<param name="id" value="11" />
					<param name="listlabel" value="[B]$INFO[ListItem.ChannelNumberLabel,, ][/B]$INFO[ListItem.ChannelName]" />
					<param name="onleft" value="13" />
					<param name="onright" value="12" />
					<param name="onup" value="11" />
					<param name="ondown" value="29" />
				</include>
				
				<include content="DialogPVRGroupManagerChannelsLayout">
					<param name="left" value="716" />
					<param name="label" value="$INFO[Control.GetLabel(20)]$INFO[Container(12).NumItems, (,)]" />
					<param name="id" value="12" />
					<param name="listlabel" value="[B]$INFO[ListItem.ChannelNumberLabel,,  ][/B]$INFO[ListItem.ChannelName]" />
					<param name="onleft" value="11" />
					<param name="onright" value="9002" />
					<param name="onup" value="12" />
					<param name="ondown" value="29" />
				</include>
			</control>
		
			<control type="grouplist" id="9000">
				<description>Dialog Button Area</description>
				<top>420</top>
				<width>1048</width>
				<align>center</align>
				<onup>9001</onup>
				<ondown>9001</ondown>
				<orientation>horizontal</orientation>
				<itemgap>0</itemgap>
				<control type="button" id="9003">
					<description>Cancel</description>
					<width>160</width>
					<textwidth>150</textwidth>
					<include>DialogMenuBarSmallBtn</include>
					<label>$LOCALIZE[222]</label>
					<onclick>PreviousMenu</onclick>
				</control>
				<control type="button" id="29">
					<description>OK</description>
					<width>160</width>
					<textwidth>150</textwidth>
					<include>DialogMenuBarSmallBtn</include>
					<label>$LOCALIZE[186]</label>
				</control>
			</control>
		</control>
	</controls>
</window>