<?xml version="1.0" encoding="UTF-8"?>
<window>
	<defaultcontrol>5</defaultcontrol>
	
	<coordinates>
		<system>1</system>
		<origin x="199" y="54">true</origin>
	</coordinates>

	<controls>
		<control type="group">
			<depth>DepthDialog</depth>
			<include>DialogOpenCloseAnim</include>
			<animation effect="slide" end="0,28" condition="Window.IsVisible(DialogAddonInfo.xml) | Container.Content(Addons) | Window.IsActive(Weather)">Conditional</animation>
			
			<include content="DialogWithCloseBtnLabelID">
				<param name="width" value="882"/>
				<param name="height" value="612" />
				<param name="left" value="822" />
				<param name="labelwidth" value="802" />
				<param name="label" value="" />
				<param name="id" value="2" />
			</include>
			
			<control type="image">
				<left>838</left>
				<top>47</top>
				<width>14</width>
				<height>508</height>
				<texture border="4">controls/scrollbar-background.png</texture>
			</control>
			
			<control type="scrollbar" id="919">
				<left>838</left>
				<top>47</top>
				<height>508</height>
				<texturesliderbackground />
				<onleft>5</onleft>
				<onright condition="Control.IsVisible(30)">30</onright>
				<onright condition="!Control.IsVisible(30)">29</onright>
				<ondown>9000</ondown>
			</control>
			
			<control type="group">
				<left>DialogMarginOffsetX</left>
				<top>DialogMarginOffsetY</top>
				
				<control type="image">
					<description>Menu Background</description>
					<width>150</width>
					<height>442</height>
					<texture border="5">controls/button-nofocus.png</texture>
				</control>
				
				<control type="grouplist" id="3">
					<description>Category Area</description>
					<width>150</width>
					<height>442</height>
					<itemgap>2</itemgap>
					<pagecontrol />
					<align>left</align>
					<orientation>vertical</orientation>
					<ondown>9000</ondown>
					<onleft>28</onleft>
					<onright>5</onright>
				</control>

				<control type="grouplist" id="5">
					<description>Content Area</description>
					<left>156</left>
					<width>640</width>
					<height>442</height>
					<itemgap>2</itemgap>
					<pagecontrol>919</pagecontrol>
					<ondown>9000</ondown>
					<onleft>3</onleft>
					<onright>919</onright>
				</control>
				
				<control type="image">
					<top>448</top>
					<width>796</width>
					<height>50</height>
					<texture background="true" border="7">controls/button-nofocus.png</texture>
				</control>
				
				<control type="textbox" id="6">
					<top>448</top>
					<left>5</left>
					<width>796</width>
					<height>50</height>
					<align>center</align>
					<font>ListFont5</font>
					<textcolor>GreyColor2</textcolor>
					<include>DialogContentLabel</include>
				</control>
				
				<control type="label">
					<top>448</top>
					<left>5</left>
					<width>796</width>
					<height>50</height>
					<align>center</align>
					<font>ListFont5</font>
					<textcolor>GreyColor2</textcolor>
					<include>DialogContentLabel</include>
					<label>$LOCALIZE[19055]</label>
					<visible>String.IsEmpty(Control.GetLabel(6))</visible>
				</control>
			</control>
			
			<control type="button" id="10">
				<description>Default Category Button</description>
				<width>150</width>
				<align>center</align>
				<texturenofocus />
				<enable>true</enable>
				<include>DialogHeadLabel</include>
			</control>
			
			<control type="button" id="7">
				<description>Default Button</description>
				<include>DialogContentLabel</include>
			</control>
		
			<control type="radiobutton" id="8">
				<description>Default RadioButton</description>
				<textwidth>565</textwidth>
				<include>DialogContentLabel</include>
			</control>
			
			<control type="spincontrolex" id="9">
				<description>Default SpinControlex</description>
				<include>DialogContentLabel</include>
			</control>
			
			<control type="sliderex" id="13">
				<description>Default Slider</description>
				<include>DialogContentLabel</include>
			</control>
			
			<control type="edit" id="12">
				<description>Default Edit Button</description>
				<textwidth>624</textwidth>
				<include>DialogContentLabel</include>
			</control>
			
			<control type="image" id="11">
				<description>Separator</description>
				<height>4</height>
				<texture />
			</control>
			
			<control type="label" id="14">
				<description>Separator</description>
				<height>35</height>
				<align>center</align>
				<include>DialogContentLabel</include>
			</control>

			<control type="grouplist" id="9000">
				<description>Dialog Button Area</description>
				<width>882</width>
				<align>center</align>
				<top>559</top>
				<itemgap>0</itemgap>
				<orientation>horizontal</orientation>
				<onup>5</onup>
				<onleft>3</onleft>
				<onright condition="Control.IsVisible(919)">919</onright>
				<onright condition="!Control.IsVisible(919)">5</onright>
				<control type="button" id="28">
					<include>DialogMenuBarBtn</include>
					<label />
				</control>
				<control type="button" id="29">
					<include>DialogMenuBarBtn</include>
					<label />
				</control>
				<control type="button" id="30">
					<include>DialogMenuBarBtn</include>
					<label />
				</control>
			</control>
		</control>
	</controls>
</window>