<?xml version="1.0" encoding="UTF-8"?>
<window id="609">
	<defaultcontrol always="true">11</defaultcontrol>

	<coordinates>
		<system>1</system>
		<origin x="758" y="92">true</origin>
	</coordinates>

	<controls>
		<control type="group">
			<depth>DepthOSD</depth>
			<include>DialogOpenCloseAnim</include>	
			
			<include content="DialogWithCloseBtnLabel" condition="!pvr.IsPlayingRadio">
				<param name="width" value="500"/>
				<param name="height" value="558" />
				<param name="left" value="440" />
				<param name="labelwidth" value="420" />
				<param name="label" value="$LOCALIZE[19023] - $INFO[VideoPlayer.ChannelGroup]" />
			</include>
			
			<include content="DialogWithCloseBtnLabel" condition="pvr.IsPlayingRadio">
				<param name="width" value="500"/>
				<param name="height" value="558" />
				<param name="left" value="440" />
				<param name="labelwidth" value="420" />
				<param name="label" value="$LOCALIZE[19023] - $INFO[MusicPlayer.ChannelGroup]" />
			</include>

			<control type="group">
				<left>DialogMarginOffsetX</left>
				<top>DialogMarginOffsetY</top>

				<control type="list" id="11">
					<width>430</width>
					<height>444</height>
					<onright>12</onright>
					<onup>11</onup>
					<ondown>11</ondown>
					<onleft>NextChannelGroup</onleft>
					<pagecontrol>12</pagecontrol>
					<preloaditems>2</preloaditems>
					<scrolltime tween="sine" easing="inout">300</scrolltime>
					<itemlayout height="74">
						<control type="image">
							<left>0</left>
							<width>430</width>
							<height>74</height>	
							<texture border="0,0,10,2">views/list-separator.png</texture>
							<aspectratio>stretch</aspectratio>
						</control>
						<control type="image">
							<description>Icon</description>
							<width>73</width>
							<height>73</height>
							<bordersize>5</bordersize>
							<texture background="true" fallback="DefaultVideo.png">$INFO[ListItem.Icon]</texture>
							<aspectratio>keep</aspectratio>
						</control>
						<control type="label">
							<description>Label</description>
							<left>80</left>
							<top>3</top>
							<width>272</width>
							<font>ListFont</font>
							<textcolor>ListColor</textcolor>
							<shadowcolor>ShadowColor</shadowcolor>
							<label>$INFO[ListItem.ChannelNumberLabel] - $INFO[ListItem.Label]</label>
						</control>
						<control type="label">
							<description>Label2</description>
							<left>80</left>
							<width>272</width>
							<height>74</height>
							<font>ListFont2</font>
							<textcolor>ListColor2</textcolor>
							<shadowcolor>ShadowColor</shadowcolor>
							<label>$INFO[ListItem.Title]</label>
							<aligny>center</aligny>
							<scroll>true</scroll>
						</control>
						<control type="label">
							<description>Time</description>
							<left>80</left>
							<top>50</top>
							<width>272</width>
							<font>ListFont3</font>
							<textcolor>ListColor2</textcolor>
							<shadowcolor>ShadowColor</shadowcolor>
							<label>$INFO[ListItem.StartTime]$INFO[ListItem.EndTime, - ,]</label>
						</control>
						<control type="group">
							<description>Progress</description>
							<left>390</left>
							<top>25</top>
							<include>LiveTVProgressImage</include>
						</control>
					</itemlayout>
					<focusedlayout height="74">	
						<control type="image">
							<left>0</left>
							<width>430</width>
							<height>74</height>	
							<texture border="0,0,10,2">views/list-separator.png</texture>
							<aspectratio>stretch</aspectratio>
						</control>
						<control type="image">
							<left>0</left>
							<width>430</width>
							<height>73</height>
							<texture border="4">views/list-focus.png</texture>
							<aspectratio>stretch</aspectratio>
							<visible>Control.HasFocus(11)</visible>
							<include>ListViewSelectFadeAnim</include>
							<include>ListViewScrollAnim</include>
						</control>
						<control type="image">
							<left>0</left>
							<width>430</width>
							<height>73</height>
							<texture border="4">views/list-alt-focus.png</texture>
							<aspectratio>stretch</aspectratio>
							<visible>!Control.HasFocus(11)</visible>
							<include>ListViewSelectFadeAnim2</include>
						</control>
						<control type="group">
							<include>ListViewFocusAnim</include>
							<control type="image">
								<description>Icon</description>
								<width>73</width>
								<height>73</height>
								<bordersize>5</bordersize>
								<texture background="true" fallback="DefaultVideo.png">$INFO[ListItem.Icon]</texture>
								<aspectratio>keep</aspectratio>
								<include>ListViewCoverFocusAnim</include>
							</control>
							<control type="label">
							<description>Label</description>
								<left>80</left>
								<top>3</top>
								<width>272</width>
								<font>ListFont</font>
								<textcolor>SelectedColor</textcolor>
								<shadowcolor>ShadowColor</shadowcolor>
								<label>$INFO[ListItem.ChannelNumberLabel] - $INFO[ListItem.Label]</label>
							</control>
							<control type="label">
								<description>Label2</description>
								<left>80</left>
								<width>272</width>
								<height>74</height>
								<font>ListFont2</font>
								<textcolor>ListColor2</textcolor>
								<shadowcolor>ShadowColor</shadowcolor>
								<label>$INFO[ListItem.Title]</label>
								<aligny>center</aligny>
								<scroll>true</scroll>
							</control>
							<control type="label">
								<description>Time</description>
								<left>80</left>
								<top>50</top>
								<width>272</width>
								<font>ListFont3</font>
								<textcolor>ListColor2</textcolor>
								<shadowcolor>ShadowColor</shadowcolor>
								<label>$INFO[ListItem.StartTime]$INFO[ListItem.EndTime, - ,]</label>
							</control>
							<control type="group">
								<description>Progress</description>
								<left>390</left>
								<top>25</top>
								<include>LiveTVProgressImage</include>
							</control>
						</control>
					</focusedlayout>
				</control>
			</control>

			<control type="spincontrol" id="12">
				<description>Next Page</description>
				<left>425</left>
				<top>513</top>
				<font>-</font>
				<onup>11</onup>
			</control>
		</control>
	</controls>
</window>