<?xml version="1.0" encoding="UTF-8"?>
<window type="dialog" id="120">
	<defaultcontrol always="false">107</defaultcontrol>
	<depth>DepthOSD-</depth>
	
	<coordinates>
		<system>1</system>
		<left>0</left>
		<top>0</top>
	</coordinates>	
	
	<controls>		
		<control type="group">
			<visible>![Window.IsActive(VisualisationPresetList) | Window.IsActive(AddonSettings) | Window.IsActive(SelectDialog) | Window.IsActive(PVRRadioRDSInfo)]</visible>
			<top>655</top>
			<include>BottomPaneOpenCloseAnim</include>
			<include>PlayerControlsPanel</include>
			
			<control type="label">
				<left>30</left>
				<top>-25</top>
				<font>FSInfoFont2</font>
				<textcolor>WhiteColor</textcolor>
				<shadowcolor>ShadowColor</shadowcolor>
				<label>$INFO[System.CurrentControl]</label>
				<visible>![Control.HasFocus(257) | Window.IsVisible(OSDAudioDSPSettings)]</visible>
			</control>
			
			<control type="label">
				<left>30</left>
				<top>-25</top>
				<font>FSInfoFont2</font>
				<textcolor>WhiteColor</textcolor>
				<shadowcolor>ShadowColor</shadowcolor>
				<label>$LOCALIZE[590]$INFO[Playlist.Random,: ]</label>
				<visible>Control.HasFocus(257) + !Window.IsVisible(OSDAudioDSPSettings)</visible>
			</control>
			
			<control type="grouplist" id="201">
				<description>Player Settings Controls</description>
				<left>52</left>
				<top>17</top>
				<width>324</width>
				<height>35</height>
				<include condition="!Player.CanRecord">MusicOSDItemgap2</include>
				<include condition="Player.CanRecord">MusicOSDItemgap3</include>
				<orientation>horizontal</orientation>	
				<onup condition="Window.IsVisible(script-cu-lrclyrics-main.xml)">Dialog.Close(MusicOSD,true)</onup>
				<onup condition="Window.IsVisible(script-cu-lrclyrics-main.xml)">SetFocus(9000)</onup>
				<onback condition="Window.IsVisible(script-cu-lrclyrics-main.xml)">Dialog.Close(MusicOSD,true)</onback>
				<onback condition="Window.IsVisible(script-cu-lrclyrics-main.xml)">SetFocus(9000)</onback>
				<onleft>109</onleft>
				<onright condition="Player.CanRecord">110</onright>
				<onright condition="!Player.CanRecord">250</onright>
				<control type="button" id="100">
					<description>Exit Fullscreen</description>
					<width>35</width>
					<height>35</height>
					<font>-</font>
					<label>$LOCALIZE[13012]</label>
					<texturefocus>osd/osd-exit-fullscreen-focus.png</texturefocus>
					<texturenofocus>osd/osd-exit-fullscreen-nofocus.png</texturenofocus>
					<onclick>Dialog.Close(MusicOSD,true)</onclick>
					<onclick>FullScreen</onclick>
					<pulseonselect>false</pulseonselect>
				</control>
				<control type="button" id="127">
					<description>Fullscreen Information</description>
					<width>35</width>
					<height>35</height>
					<font>-</font>
					<label>$LOCALIZE[19033]</label>
					<texturefocus>osd/osd-info-focus.png</texturefocus>
					<texturenofocus>osd/osd-info-nofocus.png</texturenofocus>
					<onclick>Info</onclick>
					<pulseonselect>false</pulseonselect>
				</control>
				<control type="button" id="101">
					<description>Playlist</description>
					<width>35</width>
					<height>35</height>
					<font>-</font>
					<label>$LOCALIZE[10517]</label>
					<texturefocus>osd/osd-playlist-focus.png</texturefocus>
					<texturenofocus>osd/osd-playlist-nofocus.png</texturenofocus>
					<onclick>Dialog.Close(MusicOSD,true)</onclick>
					<onclick>ActivateWindow(MusicPlaylist)</onclick>
					<pulseonselect>false</pulseonselect>
				</control>		
				<control type="button" id="500">
					<description>Choose Visualization</description>
					<width>35</width>
					<height>35</height>
					<font>-</font>
					<label>$LOCALIZE[250]</label>
					<texturefocus>osd/osd-viz-focus.png</texturefocus>
					<texturenofocus>osd/osd-viz-nofocus.png</texturenofocus>
					<pulseonselect>false</pulseonselect>
					<onup>400</onup>
				</control>
				<control type="button" id="153">
					<description>Audio DSP</description>
					<width>35</width>
					<height>35</height>
					<font>-</font>
					<label>$LOCALIZE[15047]</label>
					<texturefocus>osd/osd-audio-settings-focus.png</texturefocus>
					<texturenofocus>osd/osd-audio-settings-nofocus.png</texturenofocus>
					<onclick>ActivateWindow(OSDAudioDSPSettings)</onclick>
					<pulseonselect>false</pulseonselect>
					<visible>system.getbool(audiooutput.dspaddonsenabled)</visible>
				</control>
				<control type="button" id="154">
					<description>User Rating</description>
					<width>35</width>
					<height>35</height>
					<font>-</font>
					<label>$LOCALIZE[31008]</label>
					<texturefocus>osd/osd-userrating-focus.png</texturefocus>
					<texturenofocus>osd/osd-userrating-nofocus.png</texturenofocus>
					<onclick>setrating</onclick>
					<pulseonselect>false</pulseonselect>
					<visible>!MusicPlayer.Content(LiveTV)</visible>
				</control>
				<control type="button" id="151">
					<description>Lyrics Script</description>
					<width>35</width>
					<height>35</height>
					<font>-</font>
					<label>$LOCALIZE[24013]</label>
					<texturefocus>osd/osd-lyrics-focus.png</texturefocus>
					<texturenofocus>osd/osd-lyrics-nofocus.png</texturenofocus>
					<onclick condition="!String.IsEmpty(Skin.String(LyricsScriptPath))">Dialog.Close(MusicOSD,true)</onclick>
					<onclick condition="!String.IsEmpty(Skin.String(LyricsScriptPath))">RunScript($INFO[Skin.String(LyricsScriptPath)])</onclick>
					<onclick condition="String.IsEmpty(Skin.String(LyricsScriptPath))">Skin.SetAddon(LyricsScriptPath,xbmc.python.lyrics)</onclick>
					<pulseonselect>false</pulseonselect>
					<visible>!Skin.HasSetting(HideLyricsOSDBtn)</visible>
				</control>
				<control type="button" id="152">
					<description>RDS</description>
					<width>35</width>
					<height>35</height>
					<font>-</font>
					<label>$LOCALIZE[29900]</label>
					<texturefocus>osd/osd-radio-rds-focus.png</texturefocus>
					<texturenofocus>osd/osd-radio-rds-nofocus.png</texturenofocus>
					<onclick>ActivateWindow(PVRRadioRDSInfo)</onclick>
					<pulseonselect>false</pulseonselect>
					<visible>MusicPlayer.Content(LiveTV) + RDS.HasRadiotextPlus</visible>
				</control>
			</control>
				
			<control type="grouplist" id="202">
				<description>Player Controls</description>
				<left>387</left>
				<top>10</top>
				<width>480</width>
				<height>50</height>
				<include condition="!Player.CanRecord">MusicOSDItemgap1</include>
				<include condition="Player.CanRecord">MusicOSDItemgap3</include>
				<usecontrolcoords>true</usecontrolcoords>
				<orientation>horizontal</orientation>	
				<onup condition="Window.IsVisible(script-cu-lrclyrics-main.xml)">Dialog.Close(MusicOSD,true)</onup>
				<onup condition="Window.IsVisible(script-cu-lrclyrics-main.xml)">SetFocus(9000)</onup>
				<onback condition="Window.IsVisible(script-cu-lrclyrics-main.xml)">Dialog.Close(MusicOSD,true)</onback>
				<onback condition="Window.IsVisible(script-cu-lrclyrics-main.xml)">SetFocus(9000)</onback>
				<onleft condition="Control.IsVisible(152)">152</onleft>
				<onleft condition="!Control.IsVisible(152) + Control.IsVisible(151)">151</onleft>
				<onleft condition="!Control.IsVisible(152) + !Control.IsVisible(151) + Control.IsVisible(154)">154</onleft>
				<onleft condition="!Control.IsVisible(152) + !Control.IsVisible(151) + !Control.IsVisible(154) + Control.IsVisible(153)">153</onleft>
				<onleft condition="!Control.IsVisible(152) + !Control.IsVisible(151) + !Control.IsVisible(154) + !Control.IsVisible(153)">500</onleft>
				<onright>100</onright>
				<animation effect="slide" end="-18,0" condition="Player.CanRecord">Conditional</animation>
				<control type="togglebutton" id="110">
					<description>Rec</description>
					<top>5</top>
					<width>40</width>
					<height>40</height>
					<onclick>PlayerControl(Record)</onclick>
					<pulseonselect>false</pulseonselect>					
					<label>264</label>
					<altlabel>265</altlabel>
					<font>-</font>					
					<texturefocus>osd/osd-record-focus.png</texturefocus>
					<texturenofocus>osd/osd-record-nofocus.png</texturenofocus>
					<usealttexture>Player.Recording</usealttexture>
					<alttexturefocus>osd/osd-record-focus.png</alttexturefocus>
					<alttexturenofocus>osd/osd-record-2.png</alttexturenofocus>
					<onright>250</onright>
					<visible>Player.CanRecord</visible>
				</control>
				<control type="group" id="410">
					<top>5</top>
					<width>40</width>
					<control type="button" id="250">
						<description>Repeat</description>
						<width>40</width>
						<height>40</height>
						<texturefocus>-</texturefocus>
						<texturenofocus>-</texturenofocus>
						<label>$LOCALIZE[486]$INFO[Playlist.Repeat,: ]</label>
						<onclick>PlayerControl(Repeat)</onclick>
						<pulseonselect>false</pulseonselect>
						<onleft condition="Player.CanRecord">110</onleft>
						<onleft condition="!Player.CanRecord + Control.IsVisible(152)">152</onleft>
						<onleft condition="!Player.CanRecord + !Control.IsVisible(152) + Control.IsVisible(151)">151</onleft>
						<onleft condition="!Player.CanRecord + !Control.IsVisible(152) + !Control.IsVisible(151) + Control.IsVisible(154)">154</onleft>
						<onleft condition="!Player.CanRecord + !Control.IsVisible(152) + !Control.IsVisible(151) + !Control.IsVisible(154) + Control.IsVisible(153)">153</onleft>
						<onleft condition="!Player.CanRecord + !Control.IsVisible(152) + !Control.IsVisible(151) + !Control.IsVisible(154) + !Control.IsVisible(153)">500</onleft>
						<onright>257</onright>
					</control>
					<control type="image" id="251">
						<description>Repeat No Focus</description>
						<width>40</width>
						<height>40</height>
						<texture>osd/osd-repeat-nofocus.png</texture>
						<visible>!Playlist.IsRepeat + !Playlist.IsRepeatOne</visible>
						<visible>!Control.HasFocus(250)</visible>
					</control>
					<control type="image" id="252">
						<description>Repeat Focus</description>
						<width>40</width>
						<height>40</height>
						<texture>osd/osd-repeat-focus.png</texture>
						<visible>!Playlist.IsRepeat + !Playlist.IsRepeatOne</visible>
						<visible>Control.HasFocus(250)</visible>
					</control>
					<control type="image" id="253">
						<description>Repeat One No Focus</description>
						<width>40</width>
						<height>40</height>
						<texture>osd/osd-repeat-one-nofocus.png</texture>
						<visible>Playlist.IsRepeatOne</visible>
						<visible>!Control.HasFocus(250)</visible>
					</control>
					<control type="image" id="254">
						<description>Repeat One Focus</description>
						<width>40</width>
						<height>40</height>
						<texture>osd/osd-repeat-one-focus.png</texture>
						<visible>Playlist.IsRepeatOne</visible>
						<visible>Control.HasFocus(250)</visible>
					</control>
					<control type="image" id="255">
						<description>Repeat All No Focus</description>
						<width>40</width>
						<height>40</height>
						<texture>osd/osd-repeat-all-nofocus.png</texture>
						<visible>Playlist.IsRepeat</visible>
						<visible>!Control.HasFocus(250)</visible>
					</control>
					<control type="image" id="256">
						<description>Repeat All Focus</description>
						<width>40</width>
						<height>40</height>
						<texture>osd/osd-repeat-all-focus.png</texture>
						<visible>Playlist.IsRepeat</visible>
						<visible>Control.HasFocus(250)</visible>
					</control>
				</control>
				<control type="togglebutton" id="257">
					<description>Random</description>
					<top>5</top>
					<width>40</width>
					<height>40</height>
					<texturefocus>osd/osd-random-off-focus.png</texturefocus>
					<texturenofocus>osd/osd-random-off-nofocus.png</texturenofocus>
					<usealttexture>Playlist.IsRandom</usealttexture>
					<alttexturefocus>osd/osd-random-on-focus.png</alttexturefocus>
					<alttexturenofocus>osd/osd-random-on-nofocus.png</alttexturenofocus>
					<onclick>PlayerControl(Random)</onclick>
					<pulseonselect>false</pulseonselect>
				</control>
				<control type="button" id="106">
					<description>Skip Prev</description>
					<top>5</top>
					<width>40</width>
					<height>40</height>
					<texturefocus>osd/osd-skip-prev-focus.png</texturefocus>
					<texturenofocus>osd/osd-skip-prev-nofocus.png</texturenofocus>
					<onclick>PlayerControl(Previous)</onclick>
					<pulseonselect>false</pulseonselect>
				</control>
				<control type="button" id="105">
					<description>Rewind</description>
					<top>5</top>
					<width>40</width>
					<height>40</height>
					<texturefocus>osd/osd-rewind-focus.png</texturefocus>
					<texturenofocus>osd/osd-rewind-nofocus.png</texturenofocus>
					<onclick>PlayerControl(Rewind)</onclick>
					<pulseonselect>false</pulseonselect>
				</control>
				<control type="button" id="104">
					<description>Stop</description>
					<top>2</top>
					<width>46</width>
					<height>46</height>
					<texturefocus>osd/osd-stop-focus.png</texturefocus>
					<texturenofocus>osd/osd-stop-nofocus.png</texturenofocus>
					<onclick>PlayerControl(Stop)</onclick>
					<pulseonselect>false</pulseonselect>
				</control>
				<control type="togglebutton" id="107">
					<description>Play/Pause</description>
					<top>2</top>
					<width>46</width>
					<height>46</height>
					<texturefocus>osd/osd-pause-focus.png</texturefocus>
					<texturenofocus>osd/osd-pause-nofocus.png</texturenofocus>
					<alttexturefocus>osd/osd-play-focus.png</alttexturefocus>
					<alttexturenofocus>osd/osd-play-nofocus.png</alttexturenofocus>
					<usealttexture>Player.Paused | Player.Forwarding | Player.Rewinding</usealttexture>
					<onclick>PlayerControl(Play)</onclick>
					<pulseonselect>false</pulseonselect>
				</control>
				<control type="button" id="108">
					<description>Forward</description>
					<top>5</top>
					<width>40</width>
					<height>40</height>
					<texturefocus>osd/osd-forward-focus.png</texturefocus>
					<texturenofocus>osd/osd-forward-nofocus.png</texturenofocus>
					<onclick>PlayerControl(Forward)</onclick>
					<pulseonselect>false</pulseonselect>
				</control>		
				<control type="button" id="109">
					<description>Skip Next</description>
					<top>5</top>
					<width>40</width>
					<height>40</height>
					<texturefocus>osd/osd-skip-next-focus.png</texturefocus>
					<texturenofocus>osd/osd-skip-next-nofocus.png</texturenofocus>
					<onclick>PlayerControl(Next)</onclick>
					<pulseonselect>false</pulseonselect>
				</control>
			</control>
		
			<control type="group">
				<left>780</left>
				
				<control type="progress">
					<description>Progressbar Cache</description>
					<left>29</left>
					<top>39</top>
					<width>412</width>
					<midtexture border="2">controls/scrollbar-slider-horz-nofocus.png</midtexture>
					<info>Player.ProgressCache</info>
					<animation effect="fade" end="20" condition="true">Conditional</animation>
				</control>
				
				<control type="progress">
					<description>Progressbar</description>
					<left>29</left>
					<top>39</top>
					<width>412</width>
					<info>Player.Progress</info>
				</control>
				
				<control type="slider">
					<description>Seek Slider</description>
					<left>29</left>
					<top>39</top>
					<width>412</width>
					<height>12</height>
					<action>seek</action>
					<texturesliderbar border="4">controls/progress-background.png</texturesliderbar>
					<textureslidernib border="2">-</textureslidernib>
					<textureslidernibfocus border="2">controls/progress-nib-focus.png</textureslidernibfocus>
				</control>
				
				<control type="grouplist">
					<left>29</left>
					<top>6</top>
					<height>40</height>
					<width>260</width>
					<usecontrolcoords>true</usecontrolcoords>
					<orientation>horizontal</orientation>
					<control type="label">
						<description>Elapsed/Duration Time</description>
						<top>5</top>
						<width min="0" max="250">auto</width>
						<font>OSDFont</font>
						<textcolor>ProgressColor</textcolor>
						<label>$INFO[Player.Time] $INFO[Player.Duration,/ ]</label>
					</control>
					<control type="label">
						<description>SeekbarLabels</description>
						<top>5</top>
						<width min="0" max="250">auto</width>
						<font>OSDFont</font>
						<textcolor>SelectedColor2</textcolor>
						<textoffsetx>5</textoffsetx>
						<label>$VAR[SeekbarLabels]</label>
					</control>
				</control>

				<control type="grouplist">
					<description>Playlist</description>
					<right>59</right>
					<top>6</top>
					<height>40</height>
					<width>200</width>
					<align>right</align>
					<usecontrolcoords>true</usecontrolcoords>
					<orientation>horizontal</orientation>
					<control type="image">
						<top>5</top>
						<width>28</width>
						<height>28</height>	
						<texture>gui/notification-playlist.png</texture>
						<bordersize>2</bordersize>
					</control>
					<control type="label">
						<top>5</top>
						<width min="0" max="172">auto</width>
						<font>OSDFont</font>
						<textcolor>ProgressColor2</textcolor>
						<label>$INFO[MusicPlayer.PlaylistPosition] $INFO[MusicPlayer.PlaylistLength,/ ]</label>
					</control>
				</control>
			</control>
		</control>
		
		<control type="button" id="401">
			<description>Fake button for mouse control</description>
			<bottom>48</bottom>
			<height>280</height>
			<width>410</width>
			<font>-</font>
			<label>-</label>
			<texturenofocus>-</texturenofocus>
			<texturefocus>-</texturefocus>
			<visible>Control.HasFocus(401) | Control.HasFocus(500) | ControlGroup(400).HasFocus</visible>
		</control>
		
		<control type="group">
			<visible>![Window.IsActive(VisualisationPresetList) | Window.IsActive(AddonSettings) | Window.IsActive(SelectDialog) | Window.IsActive(PVRRadioRDSInfo)] + [Control.HasFocus(500) | ControlGroup(400).HasFocus | Control.HasFocus(401)]</visible>
			<left>22</left>
			<bottom>46</bottom>
			<height>236</height>
			<include>DialogOpenCloseAnim</include>
			
			<control type="grouplist">
				<itemgap>0</itemgap>
				<control type="image">
					<width>340</width>
					<height>54</height>
					<texture border="40,50,40,0">gui/dialog-background3-top.png</texture>	
				</control>
				<control type="image">
					<width>340</width>
					<height>37</height>
					<texture border="40,2,40,2">gui/context-menu-middle.png</texture>
				</control>
				<control type="image">
					<width>340</width>
					<height>37</height>
					<texture border="40,2,40,2">gui/context-menu-middle.png</texture>
				</control>
				<control type="image">
					<width>340</width>
					<height>37</height>
					<texture border="40,2,40,2">gui/context-menu-middle.png</texture>
				</control>
				<control type="image">
					<width>340</width>
					<height>32</height>
					<texture flipy="true" border="40,0,40,30">gui/context-menu-top.png</texture>	
				</control>
			</control>
			
			<control type="button">
				<left>280</left>
				<include>DialogCloseBtn</include>
			</control>		

			<control type="group">
				<visible>Control.HasFocus(500) | ControlGroup(400).HasFocus | Control.HasFocus(401)</visible>
		
				<control type="label">
					<width>260</width>
					<include>DialogTitle</include>
					<label>$LOCALIZE[250]</label>
				</control>
				
				<control type="grouplist" id="400">
					<left>DialogMarginOffsetX</left>
					<top>DialogMarginOffsetY</top>
					<width>270</width>
					<height>407</height>
					<itemgap>2</itemgap>
					<pagecontrol>-</pagecontrol>
					<onup>500</onup>
					<ondown>500</ondown>
					<onleft>500</onleft>
					<onright>500</onright>
					<control type="button" id="120">
						<description>Choose Visualization</description>
						<width>270</width>
						<hitrect x="-10" y="-3" w="290" h="39"/>
						<include>DialogContentLabel</include>
						<label>$LOCALIZE[250]</label>
						<onclick>SendClick(120,500)</onclick>
					</control>
					<control type="button" id="121">
						<description>Visualization Presets</description>
						<width>270</width>
						<hitrect x="-10" y="-1" w="290" h="37"/>
						<include>DialogContentLabel</include>
						<label>$LOCALIZE[31020]</label>
						<onclick>ActivateWindow(VisualisationPresetList)</onclick>
						<enable>Visualisation.HasPresets</enable>
					</control>
					<control type="button" id="122">
						<description>Visualization Settings</description>
						<width>270</width>
						<hitrect x="-10" y="-1" w="290" h="39"/>
						<include>DialogContentLabel</include>
						<label>$LOCALIZE[31022]</label>
						<onclick>Addon.Default.OpenSettings(xbmc.player.musicviz)</onclick>
					</control>
				</control>
			</control>
		</control>
	</controls>	
</window>