<?xml version="1.0" encoding="utf-8"?>
<window>
    <defaultcontrol always="true">987</defaultcontrol>
	<menucontrol>987</menucontrol>
	<onload>Skin.Reset(EmbuaryVideoInfo)</onload>
	<onunload>Skin.Reset(EmbuaryInfoDialog)</onunload>
	<onunload condition="!String.IsEmpty(Skin.String(EmbuaryInfoTrailerButton))">Skin.Reset(EmbuaryInfoTrailerButton)</onunload>
	<include>ControlsOpenCloseAnim</include>
    
    <controls>
		<control type="group">
			<visible>!String.IsEmpty(Container(10051).ListItem.Art(fanart))</visible>
			<depth>DepthBackground</depth>
			<include>BackgroundVisibleAnim</include>
			<control type="image">
				<include>BackgroundSize</include>
				<texture background="true">$INFO[Container(10051).ListItem.Art(fanart)]</texture>
				<aspectratio>scale</aspectratio>
				<fadetime>FanartCrossfadeTime</fadetime>
				<include condition="Skin.HasSetting(AnimateFanart)">BackgroundAnim</include>
			</control>
			<control type="image">
				<include>BackgroundDim</include>
				<include>FanartBrightnessAnimations</include>
			</control>
		</control>
		
		<include>FSMediaInfoBackgroundDim2</include>
		
		<control type="group">
			<visible>!Window.IsActive(script-embuary-person.xml)</visible>
			<include>MediaInfoOpenCloseAnim</include>
			
			<control type="list" id="10051">
				<left>1500</left>
				<itemlayout />
				<focusedlayout />
			</control>
			
			<control type="group">
				<depth>DepthContent</depth>
				
				<control type="group">
					<left>100</left>
					<top>143</top>
					
					<control type="image">
						<description>Default Cover Image Background</description>
						<width>336</width>
						<height>500</height>
						<texture border="4">covers/cover-case2.png</texture>
						<aspectratio>stretch</aspectratio>
						<visible>!String.IsEmpty(Container(10051).ListItem.Art(thumb))</visible>
						<animation effect="fade" end="70" condition="true">Conditional</animation>
					</control>
					
					<control type="image">
						<description>Default Cover Image</description>
						<width>336</width>
						<height>500</height>
						<texture>DefaultVideo.png</texture>
						<bordersize>60</bordersize>
						<aspectratio>keep</aspectratio>
						<visible>!String.IsEmpty(Container(10051).ListItem.Art(thumb))</visible>
						<animation effect="fade" end="85" condition="true">Conditional</animation>
					</control>
					
					<control type="image">
						<description>Poster Image</description>
						<width>336</width>
						<height>500</height>
						<texture>$INFO[Container(10051).ListItem.Art(thumb)]</texture>
						<bordertexture border="4">covers/cover-case2.png</bordertexture>
						<bordersize>4</bordersize>
						<aspectratio>stretch</aspectratio>
						<include>FSMediaInfoOpenCloseAnim</include>
						<visible>!String.IsEmpty(Container(10051).ListItem.Art(thumb))</visible>
					</control>
					
					<control type="image">
						<description>Watched Overlay</description>
						<top>452</top>
						<left>288</left>
						<width>32</width>
						<height>32</height>
						<texture>OverlayWatched.png</texture>
						<aspectratio>keep</aspectratio>
						<include>FSMediaInfoOpenCloseAnim</include>
						<visible>!String.IsEmpty(Container(10051).ListItem.DBID) + Integer.IsGreater(Container(10051).ListItem.Playcount,0)</visible>
					</control>
					
					<control type="label">
						<description>Unwatched Episodes Label</description>
						<top>452</top>
						<left>288</left>
						<width>32</width>
						<height>32</height>
						<font>ListFont5</font>
						<textcolor>ffebebeb</textcolor>
						<align>center</align>
						<aligny>center</aligny>
						<label>$INFO[Container(10051).ListItem.Property(UnwatchedEpisodes)]</label>
						<include>FSMediaInfoOpenCloseAnim</include>
						<visible>!String.IsEmpty(Container(10051).ListItem.DBID) + !String.IsEqual(Container(10051).ListItem.Property(UnwatchedEpisodes),0) + Integer.IsLessOrEqual(Container(10051).ListItem.Property(UnwatchedEpisodes),99) + String.IsEqual(Container(10051).ListItem.Property(call),tv)</visible>
					</control>
					
					<control type="label">
						<description>Unwatched Episodes Label</description>
						<top>452</top>
						<left>288</left>
						<width>32</width>
						<height>32</height>
						<font>ListFont4</font>
						<textcolor>ffebebeb</textcolor>
						<align>center</align>
						<aligny>center</aligny>
						<label>$INFO[Container(10051).ListItem.Property(UnwatchedEpisodes)]</label>
						<include>FSMediaInfoOpenCloseAnim</include>
						<visible>!String.IsEmpty(Container(10051).ListItem.DBID) + !String.IsEqual(Container(10051).ListItem.Property(UnwatchedEpisodes),0) + Integer.IsGreater(Container(10051).ListItem.Property(UnwatchedEpisodes),99) + String.IsEqual(Container(10051).ListItem.Property(call),tv)</visible>
					</control>
					
					<control type="image">
						<description>Unwatched Overlay</description>
						<top>452</top>
						<left>288</left>
						<width>32</width>
						<height>32</height>
						<aligny>center</aligny>
						<texture background="true">OverlayClean.png</texture>
						<aspectratio>keep</aspectratio>
						<include>FSMediaInfoOpenCloseAnim</include>
						<visible>!String.IsEmpty(Container(10051).ListItem.DBID) + !String.IsEqual(Container(10051).ListItem.Property(UnwatchedEpisodes),0) + !String.IsEmpty(Container(10051).ListItem.Property(UnwatchedEpisodes)) + String.IsEqual(Container(10051).ListItem.Property(call),tv)</visible>
					</control>
					
					<control type="image">
						<description>Watched Partial</description>
						<top>452</top>
						<left>288</left>
						<width>32</width>
						<height>32</height>
						<texture background="true">$VAR[EmbuaryInfoWatchedPartial]</texture>
						<aspectratio>keep</aspectratio>
						<include>FSMediaInfoOpenCloseAnim</include>
						<visible>!String.IsEmpty(Container(10051).ListItem.DBID) + Integer.IsGreater(Container(10051).ListItem.PercentPlayed,0)</visible>
					</control>
				</control>
				
				<control type="group">
					<left>470</left>
					<top>99</top>
					
					<control type="image">
						<top>-6</top>
						<width>710</width>
						<height>85</height>
						<align>center</align>
						<texture background="true">$INFO[Container(10051).ListItem.Art(clearlogo)]</texture>
						<aspectratio>keep</aspectratio>
						<visible>!String.IsEmpty(Container(10051).ListItem.Art(clearlogo)) + String.IsEmpty(Container(10051).ListItem.TagLine)</visible>
					</control>
					
					<control type="image">
						<top>-6</top>
						<width>710</width>
						<height>63</height>
						<align>center</align>
						<texture background="true">$INFO[Container(10051).ListItem.Art(clearlogo)]</texture>
						<aspectratio>keep</aspectratio>
						<visible>!String.IsEmpty(Container(10051).ListItem.Art(clearlogo)) + !String.IsEmpty(Container(10051).ListItem.TagLine)</visible>
					</control>

					<control type="label">
						<description>Title</description>
						<top>10</top>
						<width>710</width>
						<align>center</align>
						<font>FullMediaInfoTitleFont3</font>
						<textcolor>MediaInfoTitleColor</textcolor>
						<shadowcolor>ShadowColor</shadowcolor>
						<label>[UPPERCASE]$INFO[Container(10051).ListItem.Label][/UPPERCASE]</label>
						<scroll>true</scroll>
						<animation effect="slide" end="0,22" condition="String.IsEmpty(Container(10051).ListItem.TagLine)">Conditional</animation>
						<visible>String.IsEmpty(Container(10051).ListItem.Art(clearlogo))</visible>
					</control>
					
					<control type="label">
						<description>Tagline</description>
						<top>56</top>
						<width>710</width>
						<font>ListFont5</font>
						<textcolor>MediaInfoTitleColor2</textcolor>
						<shadowcolor>ShadowColor</shadowcolor>
						<align>center</align>
						<label>$INFO[Container(10051).ListItem.TagLine]</label>
						<include>FSMediaInfoOpenCloseAnim</include>
						<scroll>true</scroll>
						<visible>!String.IsEmpty(Container(10051).ListItem.TagLine)</visible>
					</control>
					
					<control type="image">
						<top>80</top>
						<width>710</width>
						<height>2</height>
						<animation effect="fade" end="30" condition="true">Conditional</animation>
						<texture>views/videoinfo-separator.png</texture>
					</control>
					
					<control type="image">
						<top>118</top>
						<width>710</width>
						<height>2</height>
						<animation effect="fade" end="30" condition="true">Conditional</animation>
						<texture>views/videoinfo-separator.png</texture>
					</control>
					
					<control type="image">
						<description>Studio</description>
						<top>546</top>
						<width>710</width>
						<height>65</height>
						<aspectratio>keep</aspectratio>
						<align>center</align>
						<!--<fadetime>MediaFlagsCrossfadeTime</fadetime>-->
						<texture>$INFO[Container(10051).ListItem.Property(Studio.icon.0),resource://resource.images.studios.white/,.png]</texture>
						<include>MediaFlagFadeAnim</include>
						<visible>!String.IsEmpty(Container(10051).ListItem.Property(Studio.icon.0))</visible>
					</control>
					
					<control type="image">
						<description>Network</description>
						<top>546</top>
						<width>710</width>
						<height>65</height>
						<aspectratio>keep</aspectratio>
						<align>center</align>
						<!--<fadetime>MediaFlagsCrossfadeTime</fadetime>-->
						<texture>$INFO[Container(10051).ListItem.Property(Network.icon.0),resource://resource.images.studios.white/,.png]</texture>
						<include>MediaFlagFadeAnim</include>
						<visible>!String.IsEmpty(Container(10051).ListItem.Property(Network.icon.0))</visible>
					</control>
				</control>
				
				<control type="group">
					<visible>![Skin.String(EmbuaryVideoInfo,3) | Skin.String(EmbuaryVideoInfo,5) | Skin.String(EmbuaryVideoInfo,6) | Skin.String(EmbuaryVideoInfo,8) | Skin.String(EmbuaryVideoInfo,13) | Skin.String(EmbuaryVideoInfo,14)]</visible>
					<include>FSMediaInfoOpenCloseAnim</include>
					
					<control type="label">
						<description>Genre / Season Info TV Show Title</description>
						<top>186</top>
						<left>470</left>
						<width>710</width>
						<align>center</align>
						<font>FullMediaInfoTitleFont2</font>
						<textcolor>MediaInfoTitleColor2</textcolor>
						<shadowcolor>ShadowColor</shadowcolor>
						<label fallback="31000">[UPPERCASE]$VAR[EmbuaryContainer901Label][/UPPERCASE]</label>
					</control>
					
					<control type="list" id="901">
						<left>465</left>
						<top>219</top>
						<width>720</width>
						<height>233</height>
						<onup>987</onup>
						<ondown condition="Skin.String(EmbuaryVideoInfo,1)">10052</ondown>
						<ondown condition="Skin.String(EmbuaryVideoInfo,2)">10056</ondown>
						<ondown condition="String.IsEmpty(Skin.String(EmbuaryVideoInfo)) + Control.IsVisible(61)">61</ondown>
						<onleft>987</onleft>
						<onright condition="Skin.String(EmbuaryVideoInfo,1)">10052</onright>
						<onright condition="Skin.String(EmbuaryVideoInfo,2)">10056</onright>
						<onright condition="String.IsEmpty(Skin.String(EmbuaryVideoInfo)) + Control.IsVisible(61)">61</onright>
						<itemlayout height="29">
							<control type="image">
								<top>27</top>
								<left>5</left>
								<width>710</width>
								<height>2</height>
								<animation effect="fade" end="30" condition="true">Conditional</animation>
								<texture>views/videoinfo-separator.png</texture>
							</control>
							<control type="image">
								<left>170</left>
								<width>1</width>
								<height>32</height>
								<animation effect="fade" end="25" condition="true">Conditional</animation>
								<texture border="1,0,0,10" flipy="true">views/videoinfo-separator.png</texture>
							</control>
							<control type="label">
								<left>5</left>
								<width>165</width>
								<height>29</height>
								<font>FullMediaInfoFont</font>
								<aligny>center</aligny>
								<textcolor>MediaInfoItemColor</textcolor>
								<shadowcolor>ShadowColor</shadowcolor>
								<label>[UPPERCASE]$INFO[ListItem.Label][/UPPERCASE]</label>
							</control>
							<control type="label">
								<left>179</left>
								<width>533</width>
								<height>29</height>
								<font>FullMediaInfoFont</font>
								<aligny>center</aligny>
								<textcolor>MediaInfoItemColor2</textcolor>
								<shadowcolor>ShadowColor</shadowcolor>
								<label fallback="31000">$INFO[ListItem.Label2]</label>
							</control>
						</itemlayout>
						<focusedlayout height="29">
							<control type="image">
								<top>27</top>
								<left>5</left>
								<width>710</width>
								<height>2</height>
								<animation effect="fade" end="30" condition="true">Conditional</animation>
								<texture>views/videoinfo-separator.png</texture>
							</control>
							<control type="image">
								<left>170</left>
								<width>1</width>
								<height>32</height>
								<animation effect="fade" end="25" condition="true">Conditional</animation>
								<texture border="1,0,0,10" flipy="true">views/videoinfo-separator.png</texture>
								<animation effect="fade" start="100" end="0" condition="Control.HasFocus(901)">Conditional</animation>
							</control>
							<control type="image">
								<width>720</width>
								<height>29</height>
								<texture border="4">views/list-focus.png</texture>
								<aspectratio>stretch</aspectratio>
								<visible>Control.HasFocus(901)</visible>
								<include>ListViewSelectFadeAnim</include>
								<include condition="![Skin.String(LowCPUPowerMode,Animations) | Skin.String(LowCPUPowerMode,Full)]">MediaInfoListScrollAnim</include>
							</control>
							<control type="label">
								<left>5</left>
								<width>165</width>
								<height>29</height>
								<font>FullMediaInfoFont</font>
								<aligny>center</aligny>
								<textcolor>MediaInfoItemColor</textcolor>
								<shadowcolor>ShadowColor</shadowcolor>
								<label>[UPPERCASE]$INFO[ListItem.Label][/UPPERCASE]</label>
							</control>
							<control type="label">
								<left>179</left>
								<width>533</width>
								<height>29</height>
								<font>FullMediaInfoFont</font>
								<aligny>center</aligny>
								<textcolor>MediaInfoItemColor2</textcolor>
								<shadowcolor>ShadowColor</shadowcolor>
								<label fallback="31000">$INFO[ListItem.Label2]</label>
							</control>
						</focusedlayout>
						<content>
							<item id="1">
								<description>Director</description>
								<label>$LOCALIZE[20339]</label>
								<label2>$INFO[Container(10051).ListItem.Director]</label2>
								<onclick>RunScript(script.embuary.info,call=person,query='"$INFO[Container(10051).ListItem.Director]"')</onclick>
								<visible>!String.IsEmpty(Container(10051).ListItem.Director)</visible>
							</item>
							<item id="2">
								<description>Writer</description>
								<label>$LOCALIZE[20417]</label>
								<label2>$INFO[Container(10051).ListItem.Writer]</label2>
								<onclick>RunScript(script.embuary.info,call=person,query='"$INFO[Container(10051).ListItem.Writer]"')</onclick>
								<visible>!String.IsEmpty(Container(10051).ListItem.Writer)</visible>
							</item>
							<item id="3">
								<description>Seasons</description>
								<label>$LOCALIZE[33054]</label>
								<label2>$INFO[Container(10051).ListItem.Property(TotalSeasons)]</label2>
								<onclick>Skin.Reset(EmbuaryInfo)</onclick>
								<onclick>Skin.SetString(EmbuaryVideoInfo,14)</onclick>
								<onclick>Control.SetFocus(10058)</onclick>
								<visible>!String.IsEmpty(Container(10051).ListItem.Property(TotalSeasons))</visible>
							</item>
							<item id="4">
								<description>Episodes</description>
								<label>$LOCALIZE[20360]</label>
								<label2>$INFO[Container(10051).ListItem.Property(TotalEpisodes)]$INFO[Container(10051).ListItem.Property(WatchedEpisodes), (, $LOCALIZE[16102])]</label2>
								<visible>!String.IsEqual(Container(10051).ListItem.Property(TotalEpisodes))</visible>
							</item>
							<item id="5">
								<description>Duration</description>
								<label>$LOCALIZE[2050]</label>
								<label2>$VAR[EmbuaryLongDurationVar]</label2>
								<visible>!String.IsEmpty(Container(10051).ListItem.Duration)</visible>
							</item>
							<item id="6">
								<description>Rating</description>
								<label>$LOCALIZE[563]</label>
								<label2>$INFO[Container(10051).ListItem.Property(Rating.IMDB)]$INFO[Container(10051).ListItem.Property(Votes.IMDB), (, $LOCALIZE[205])]$INFO[Container(10051).ListItem.Top250,  &#x2022;  $LOCALIZE[31974] #,]</label2>
							</item>
							<item id="7">
								<description>MPAA Rating</description>
								<label>$LOCALIZE[20074]</label>
								<label2>$INFO[Container(10051).ListItem.Mpaa]</label2>
								<visible>!String.IsEmpty(Container(10051).ListItem.Mpaa)</visible>
							</item>
							<item id="8">
								<description>Studio</description>
								<label>$LOCALIZE[572]</label>
								<label2>$INFO[Container(10051).ListItem.Property(Studio.0)]$INFO[Container(10051).ListItem.Property(Studio.1), / ,]$INFO[Container(10051).ListItem.Property(Studio.2), / ,]$INFO[Container(10051).ListItem.Property(Studio.3), / ,]$INFO[Container(10051).ListItem.Property(Studio.4), / ,]$INFO[Container(10051).ListItem.Property(Studio.5), / ,]</label2>
								<visible>![String.IsEmpty(Container(10051).ListItem.Property(Studio.0)) + String.IsEmpty(Container(10051).ListItem.Property(Studio.1)) + String.IsEmpty(Container(10051).ListItem.Property(Studio.2)) + String.IsEmpty(Container(10051).ListItem.Property(Studio.3)) + String.IsEmpty(Container(10051).ListItem.Property(Studio.4)) + String.IsEmpty(Container(10051).ListItem.Property(Studio.5))]</visible>
							</item>
							<item id="9">
								<description>Network</description>
								<label>$LOCALIZE[705]</label>
								<label2>$INFO[Container(10051).ListItem.Property(Network.0)]$INFO[Container(10051).ListItem.Property(Network.1), / ,]$INFO[Container(10051).ListItem.Property(Network.2), / ,]$INFO[Container(10051).ListItem.Property(Network.3), / ,]$INFO[Container(10051).ListItem.Property(Network.4), / ,]$INFO[Container(10051).ListItem.Property(Network.5), / ,]</label2>
								<visible>![String.IsEmpty(Container(10051).ListItem.Property(Network.0)) + String.IsEmpty(Container(10051).ListItem.Property(Network.1)) + String.IsEmpty(Container(10051).ListItem.Property(Network.2)) + String.IsEmpty(Container(10051).ListItem.Property(Network.3)) + String.IsEmpty(Container(10051).ListItem.Property(Network.4)) + String.IsEmpty(Container(10051).ListItem.Property(Network.5))]</visible>
							</item>
							<item id="10">
								<description>Premiered</description>
								<label>$ADDON[script.embuary.info 32011]</label>
								<label2>$INFO[Container(10051).ListItem.Premiered]</label2>
								<visible>!String.IsEmpty(Container(10051).ListItem.Premiered)</visible>
							</item>
							<item id="11">
								<description>Release Date</description>
								<label fallback="172">$INFO[Container(10051).ListItem.Status]</label>
								<label2>$INFO[Container(10051).ListItem.Property(Release)]</label2>
								<visible>!String.IsEmpty(Container(10051).ListItem.Property(Release))</visible>
							</item>
							<item id="12">
								<description>Budget</description>
								<label>$ADDON[script.embuary.info 32013]</label>
								<label2>$INFO[Container(10051).ListItem.Property(Budget),$]</label2>
								<visible>!String.IsEmpty(Container(10051).ListItem.Property(Budget))</visible>
							</item>
							<item id="13">
								<description>Revenue</description>
								<label>$ADDON[script.embuary.info 32014]</label>
								<label2>$INFO[Container(10051).ListItem.Property(Revenue),$]</label2>
								<visible>!String.IsEmpty(Container(10051).ListItem.Property(Revenue))</visible>
							</item>
							<item id="14">
								<description>Awards</description>
								<label>$ADDON[script.embuary.info 32015]</label>
								<label2>$INFO[Container(10051).ListItem.Property(awards)]</label2>
								<visible>!String.IsEmpty(Container(10051).ListItem.Property(awards))</visible>
							</item>
							<item id="15">
								<description>File Path</description>
								<label>$LOCALIZE[21801]</label>
								<label2>$INFO[Container(10051).ListItem.Property(file)]</label2>
								<visible>!String.IsEmpty(Container(10051).ListItem.Property(file))</visible>
							</item>
						</content>
					</control>
					
					<!--<include>ExtendedInfoVideoInfoStudioMediaFlag</include>-->
			
					<control type="grouplist">
						<description>Media Flags Area</description>
						<left>470</left>
						<top>650</top>
						<width>608</width>
						<height>60</height>
						<itemgap>5</itemgap>
						<align>left</align>
						<orientation>horizontal</orientation>
						<usecontrolcoords>true</usecontrolcoords>
						<include>MediaFlagFadeAnim</include>
						<include>ExtendedInfoVideoSourceMediaFlags</include>
						<include>ExtendedInfoVideoCodecMediaFlags</include>
						<include>ExtendedInfoAudioMediaFlags</include>
						<include>ExtendedInfoAspectMediaFlags</include>
						<include condition="!Skin.HasSetting(HideRatingMediaFlag)">ExtendedInfoRatingMediaFlags</include>
					</control>
				</control>
				
				<control type="image">
					<left>470</left>
					<top>640</top>
					<width>710</width>
					<height>2</height>
					<animation effect="fade" end="30" condition="true">Conditional</animation>
					<texture>views/videoinfo-separator.png</texture>
				</control>
				
				<control type="textbox" id="800">
					<description>Plot</description>
					<left>470</left>
					<top>427</top>
					<width>710</width>
					<height>209</height>
					<font>FullMediaInfoDescFont</font>
					<textcolor>MediaInfoColor</textcolor>
					<shadowcolor>ShadowColor</shadowcolor>
					<align>justify</align>
					<label fallback="31203">$INFO[Container(10051).ListItem.Plot]</label>
					<pagecontrol>61</pagecontrol>
					<include>FSMediaInfoOpenCloseAnim</include>
					<autoscroll time="2000" delay="6000" repeat="10000">true</autoscroll>
					<visible>String.IsEmpty(Skin.String(EmbuaryVideoInfo))</visible>
				</control>
				
				<control type="group" id="50111">
					<visible>Skin.String(EmbuaryVideoInfo,1)</visible>
					<include>FSMediaInfoOpenCloseAnim</include>
					
					<control type="panel" id="10052">
						<description>Cast</description>
						<scrolltime>200</scrolltime>
						<pagecontrol>61</pagecontrol>
						<onleft>987</onleft>
						<ondown condition="Control.IsVisible(61)">61</ondown>
						<onright condition="Control.IsVisible(61)">61</onright>
						<include>FSMediaInfoOpenCloseAnim</include>
						<left>469</left>
						<top>430</top>
						<width>715</width>
						<height>205</height>
						<onup>901</onup>
						<orientation>horizontal</orientation>
						<itemlayout width="143">
							<control type="image">
								<width>140</width>
								<height>174</height>
								<bordertexture border="4">covers/cover-case2.png</bordertexture>
								<bordersize>4</bordersize>
								<aspectratio align="center" aligny="center">scale</aspectratio>
								<texture background="true">$INFO[ListItem.Art(thumb)]</texture>
							</control>
							<control type="image">
								<width>140</width>
								<height>174</height>
								<texture border="4">covers/cover-case2.png</texture>
								<visible>String.IsEmpty(ListItem.Art(thumb))</visible>
							</control>
							<control type="image">
								<top>6</top>
								<width>140</width>
								<height>140</height>
								<texture background="true">DefaultActor.png</texture>
								<aspectratio align="center" aligny="top">keep</aspectratio>
								<visible>String.IsEmpty(ListItem.Art(thumb))</visible>
							</control>
							<control type="image">
								<left>10</left>
								<top>139</top>
								<width>120</width>
								<height>27</height>
								<texture border="8">views/genre-background.png</texture>
								<visible>!String.IsEmpty(ListItem.Label)</visible>
							</control>
							<control type="label">
								<left>15</left>
								<top>143</top>
								<width>110</width>
								<align>center</align>
								<font>SubMenuArrowFont</font>
								<textcolor>WhiteColor</textcolor>
								<shadowcolor>ShadowColor</shadowcolor>
								<label>$INFO[ListItem.Label]</label>
								<visible>!String.IsEmpty(ListItem.Label)</visible>
							</control>
							<control type="textbox">
								<top>174</top>
								<left>4</left>
								<width>132</width>
								<height>34</height>
								<align>center</align>
								<font>SubMenuArrowFont</font>
								<textcolor>MediaInfoItemColor2</textcolor>
								<label>$INFO[ListItem.Label2,$LOCALIZE[20347] ,]</label>
							</control>
						</itemlayout>
						<focusedlayout width="143">
							<control type="group">
								<include>ListViewCoverFocusAnim</include>
								<control type="image">
									<width>140</width>
									<height>174</height>
									<texture border="4">covers/cover-case-noshadow-focus.png</texture>
									<include>ListViewOverlayFadeAnim</include>
								</control>
								<control type="image">
									<width>140</width>
									<height>174</height>
									<texture border="4">black.png</texture>
									<bordersize>3</bordersize>
									<visible>String.IsEmpty(ListItem.Art(thumb))</visible>
								</control>
								<control type="image">
									<top>6</top>
									<width>140</width>
									<height>140</height>
									<texture background="true">DefaultActor.png</texture>
									<aspectratio align="center" aligny="top">keep</aspectratio>
									<visible>String.IsEmpty(ListItem.Art(thumb))</visible>
								</control>
								<control type="image">
									<top>2</top>
									<left>2</left>
									<width>136</width>
									<height>170</height>
									<bordertexture border="4">black.png</bordertexture>
									<bordersize>2</bordersize>
									<aspectratio align="center" aligny="center">scale</aspectratio>
									<texture background="true">$INFO[ListItem.Art(thumb)]</texture>
								</control>
								<control type="image">
									<left>10</left>
									<top>139</top>
									<width>120</width>
									<height>27</height>
									<texture border="8">views/genre-background.png</texture>
									<visible>!String.IsEmpty(ListItem.Label)</visible>
								</control>
								<control type="label">
									<left>15</left>
									<top>143</top>
									<width>110</width>
									<align>center</align>
									<font>SubMenuArrowFont</font>
									<textcolor>SelectedColor2</textcolor>
									<shadowcolor>ShadowColor</shadowcolor>
									<label>$INFO[ListItem.Label]</label>
									<visible>!String.IsEmpty(ListItem.Label)</visible>
								</control>
							</control>
							<control type="textbox">
								<top>174</top>
								<left>4</left>
								<width>132</width>
								<height>34</height>
								<align>center</align>
								<font>SubMenuArrowFont</font>
								<textcolor>MediaInfoItemColor2</textcolor>
								<label>$INFO[ListItem.Label2,$LOCALIZE[20347] ,]</label>
								<autoscroll time="2000" delay="2000" repeat="10000">true</autoscroll>
							</control>
						</focusedlayout>
					</control>
				</control>
				
				<control type="group" id="54111">
					<visible>Skin.String(EmbuaryVideoInfo,2)</visible>
					<include>FSMediaInfoOpenCloseAnim</include>
					
					<control type="panel" id="10056">
						<description>Crew</description>
						<scrolltime>200</scrolltime>
						<pagecontrol>61</pagecontrol>
						<onleft>987</onleft>
						<ondown condition="Control.IsVisible(61)">61</ondown>
						<onright condition="Control.IsVisible(61)">61</onright>
						<include>FSMediaInfoOpenCloseAnim</include>
						<left>469</left>
						<top>430</top>
						<width>715</width>
						<height>205</height>
						<onup>901</onup>
						<orientation>horizontal</orientation>
						<itemlayout width="143">
							<control type="image">
								<width>140</width>
								<height>174</height>
								<bordertexture border="4">covers/cover-case2.png</bordertexture>
								<bordersize>4</bordersize>
								<aspectratio align="center" aligny="center">scale</aspectratio>
								<texture background="true">$INFO[ListItem.Art(thumb)]</texture>
							</control>
							<control type="image">
								<width>140</width>
								<height>174</height>
								<texture border="4">covers/cover-case2.png</texture>
								<visible>String.IsEmpty(ListItem.Art(thumb))</visible>
							</control>
							<control type="image">
								<top>6</top>
								<width>140</width>
								<height>140</height>
								<texture background="true">DefaultActor.png</texture>
								<aspectratio align="center" aligny="top">keep</aspectratio>
								<visible>String.IsEmpty(ListItem.Art(thumb))</visible>
							</control>
							<control type="image">
								<left>10</left>
								<top>139</top>
								<width>120</width>
								<height>27</height>
								<texture border="8">views/genre-background.png</texture>
								<visible>!String.IsEmpty(ListItem.Label)</visible>
							</control>
							<control type="label">
								<left>15</left>
								<top>143</top>
								<width>110</width>
								<align>center</align>
								<font>SubMenuArrowFont</font>
								<textcolor>WhiteColor</textcolor>
								<shadowcolor>ShadowColor</shadowcolor>
								<label>$INFO[ListItem.Label]</label>
								<visible>!String.IsEmpty(ListItem.Label)</visible>
							</control>
							<control type="textbox">
								<top>174</top>
								<left>4</left>
								<width>132</width>
								<height>34</height>
								<align>center</align>
								<font>SubMenuArrowFont</font>
								<textcolor>MediaInfoItemColor2</textcolor>
								<label>$INFO[ListItem.Label2]</label>
							</control>
						</itemlayout>
						<focusedlayout width="143">
							<control type="group">
								<include>ListViewCoverFocusAnim</include>
								<control type="image">
									<width>140</width>
									<height>174</height>
									<texture border="4">covers/cover-case-noshadow-focus.png</texture>
									<include>ListViewOverlayFadeAnim</include>
								</control>
								<control type="image">
									<width>140</width>
									<height>174</height>
									<texture border="4">black.png</texture>
									<bordersize>3</bordersize>
									<visible>String.IsEmpty(ListItem.Art(thumb))</visible>
								</control>
								<control type="image">
									<top>6</top>
									<width>140</width>
									<height>140</height>
									<texture background="true">DefaultActor.png</texture>
									<aspectratio align="center" aligny="top">keep</aspectratio>
									<visible>String.IsEmpty(ListItem.Art(thumb))</visible>
								</control>
								<control type="image">
									<top>2</top>
									<left>2</left>
									<width>136</width>
									<height>170</height>
									<bordertexture border="4">black.png</bordertexture>
									<bordersize>2</bordersize>
									<aspectratio align="center" aligny="center">scale</aspectratio>
									<texture background="true">$INFO[ListItem.Art(thumb)]</texture>
								</control>
								<control type="image">
									<left>10</left>
									<top>139</top>
									<width>120</width>
									<height>27</height>
									<texture border="8">views/genre-background.png</texture>
									<visible>!String.IsEmpty(ListItem.Label)</visible>
								</control>
								<control type="label">
									<left>15</left>
									<top>143</top>
									<width>110</width>
									<align>center</align>
									<font>SubMenuArrowFont</font>
									<textcolor>SelectedColor2</textcolor>
									<shadowcolor>ShadowColor</shadowcolor>
									<label>$INFO[ListItem.Label]</label>
									<visible>!String.IsEmpty(ListItem.Label)</visible>
								</control>
							</control>
							<control type="textbox">
								<top>174</top>
								<left>4</left>
								<width>132</width>
								<height>34</height>
								<align>center</align>
								<font>SubMenuArrowFont</font>
								<textcolor>MediaInfoItemColor2</textcolor>
								<label>$INFO[ListItem.Label2]</label>
								<autoscroll time="2000" delay="2000" repeat="10000">true</autoscroll>
							</control>
						</focusedlayout>
					</control>
				</control>
				
				<control type="group" id="50112">
					<visible>Skin.String(EmbuaryVideoInfo,3)</visible>
					<left>470</left>
					<top>99</top>
					<include>FSMediaInfoOpenCloseAnim</include>
					
					<control type="label">
						<description>Similar Titles</description>
						<top>87</top>
						<width>710</width>
						<align>center</align>
						<font>FullMediaInfoTitleFont2</font>
						<textcolor>MediaInfoTitleColor2</textcolor>
						<shadowcolor>ShadowColor</shadowcolor>
						<label fallback="31000">[UPPERCASE]$INFO[Container(10053).NumItems, $ADDON[script.embuary.info 32009] (,)][/UPPERCASE]</label>
					</control>
					
					<control type="image">
						<top>149</top>
						<width>433</width>
						<height>2</height>
						<animation effect="fade" end="30" condition="true">Conditional</animation>
						<texture>views/videoinfo-separator.png</texture>
					</control>
					
					<control type="list" id="10053">
						<left>-5</left>
						<top>151</top>
						<width>443</width>
						<height>360</height>
						<onup>987</onup>
						<ondown condition="Control.IsVisible(61)">61</ondown>
						<onleft>987</onleft>
						<onright condition="Control.IsVisible(61)">61</onright>
						<pagecontrol>61</pagecontrol>
						<itemlayout height="30">
							<control type="image">
								<top>28</top>
								<left>5</left>
								<width>433</width>
								<height>2</height>
								<animation effect="fade" end="30" condition="true">Conditional</animation>
								<texture>views/videoinfo-separator.png</texture>
							</control>
							<control type="label">
								<left>5</left>
								<width>343</width>
								<height>30</height>
								<font>FullMediaInfoFont</font>
								<aligny>center</aligny>
								<textcolor>MediaInfoItemColor</textcolor>
								<shadowcolor>ShadowColor</shadowcolor>
								<label>[UPPERCASE]$INFO[ListItem.Label][/UPPERCASE]</label>
							</control>
							<control type="label">
								<left>353</left>
								<width>533</width>
								<height>30</height>
								<font>FullMediaInfoFont</font>
								<aligny>center</aligny>
								<textcolor>MediaInfoItemColor2</textcolor>
								<shadowcolor>ShadowColor</shadowcolor>
								<label fallback="31001">$INFO[ListItem.Year]</label>
							</control>
							<control type="image">
								<left>407</left>
								<width>24</width>
								<height>30</height>
								<aligny>center</aligny>
								<texture>OverlayClean.png</texture>
								<aspectratio>keep</aspectratio>
								<visible>!String.IsEmpty(ListItem.dbid)</visible>
							</control>
							<control type="label">
								<left>407</left>
								<width>24</width>
								<height>30</height>
								<font>ListFont4</font>
								<textcolor>ListColor</textcolor>
								<align>center</align>
								<aligny>center</aligny>
								<label>$LOCALIZE[31007]</label>
								<visible>!String.IsEmpty(ListItem.dbid)</visible>
							</control>
						</itemlayout>
						<focusedlayout height="30">
							<control type="image">
								<top>28</top>
								<left>5</left>
								<width>433</width>
								<height>2</height>
								<animation effect="fade" end="30" condition="true">Conditional</animation>
								<texture>views/videoinfo-separator.png</texture>
							</control>
							<control type="image">
								<width>443</width>
								<height>30</height>
								<texture border="4">views/list-focus.png</texture>
								<aspectratio>stretch</aspectratio>
								<visible>Control.HasFocus(10053)</visible>
								<include>ListViewSelectFadeAnim</include>
								<animation effect="slide" start="0,-30" time="200" tween="quadratic" easing="out" reversible="false" condition="Container(10053).OnNext">Focus</animation>
								<animation effect="slide" start="0,30" time="200" tween="quadratic" easing="out" reversible="false" condition="Container(10053).OnPrevious">Focus</animation>
							</control>
							<control type="label">
								<left>5</left>
								<width>343</width>
								<height>30</height>
								<font>FullMediaInfoFont</font>
								<aligny>center</aligny>
								<textcolor>MediaInfoItemColor</textcolor>
								<shadowcolor>ShadowColor</shadowcolor>
								<label>[UPPERCASE]$INFO[ListItem.Label][/UPPERCASE]</label>
							</control>
							<control type="label">
								<left>353</left>
								<width>533</width>
								<height>30</height>
								<font>FullMediaInfoFont</font>
								<aligny>center</aligny>
								<textcolor>MediaInfoItemColor2</textcolor>
								<shadowcolor>ShadowColor</shadowcolor>
								<label fallback="31001">$INFO[ListItem.Year]</label>
							</control>
							<control type="image">
								<left>407</left>
								<width>24</width>
								<height>30</height>
								<aligny>center</aligny>
								<texture>OverlayClean.png</texture>
								<aspectratio>keep</aspectratio>
								<visible>!String.IsEmpty(ListItem.dbid)</visible>
							</control>
							<control type="label">
								<left>407</left>
								<width>24</width>
								<height>30</height>
								<font>ListFont4</font>
								<textcolor>ListColor</textcolor>
								<align>center</align>
								<aligny>center</aligny>
								<label>$LOCALIZE[31007]</label>
								<visible>!String.IsEmpty(ListItem.dbid)</visible>
							</control>
						</focusedlayout>
					</control>
					
					<control type="group">
						<left>466</left>
						<top>149</top>
						<control type="image">
							<description>Default Cover Image Background</description>
							<width>245</width>
							<height>363</height>
							<texture border="4">covers/cover-case2.png</texture>
							<aspectratio>stretch</aspectratio>
							<animation effect="fade" end="70" condition="true">Conditional</animation>
							<include>FSMediaInfoOpenCloseAnim</include>
							<visible>Skin.String(EmbuaryVideoInfo,3) + String.IsEmpty(Container(10053).ListItem.Art(thumb))</visible>
						</control>
						
						<control type="image">
							<description>Default Cover Image</description>
							<width>245</width>
							<height>363</height>
							<texture>DefaultVideo.png</texture>
							<bordersize>20</bordersize>
							<aspectratio>keep</aspectratio>
							<animation effect="fade" end="85" condition="true">Conditional</animation>
							<include>FSMediaInfoOpenCloseAnim</include>
							<visible>Skin.String(EmbuaryVideoInfo,3) + String.IsEmpty(Container(10053).ListItem.Art(thumb))</visible>
						</control>
						
						<control type="image">
							<description>Thumb</description>
							<width>245</width>
							<height>363</height>
							<texture>$INFO[Container(10053).ListItem.Art(thumb)]</texture>
							<bordertexture border="4">covers/cover-case2.png</bordertexture>
							<bordersize>4</bordersize>
							<aspectratio>scale</aspectratio>
							<include>FSMediaInfoOpenCloseAnim</include>
							<fadetime>IconCrossfadeTime</fadetime>
							<visible>Skin.String(EmbuaryVideoInfo,3) + !String.IsEmpty(Container(10053).ListItem.Thumb)</visible>
						</control>
					</control>
				</control>
				
				<control type="group">
					<visible>Skin.String(EmbuaryVideoInfo,5)</visible>
					<left>470</left>
					<top>99</top>
					<include>BackgroundVisibleAnim</include>
					
					<control type="label">
						<description>Poster Images</description>
						<top>87</top>
						<width>710</width>
						<align>center</align>
						<font>FullMediaInfoTitleFont2</font>
						<textcolor>MediaInfoTitleColor2</textcolor>
						<shadowcolor>ShadowColor</shadowcolor>
						<label fallback="31000">[UPPERCASE]$INFO[Container(10059).NumItems,$LOCALIZE[31503] (,)][/UPPERCASE]</label>
					</control>
					
					<control type="panel" id="10059">
						<top>128</top>
						<width>730</width>
						<height>412</height>
						<onup>987</onup>
						<ondown condition="Control.IsVisible(61)">61</ondown>
						<onleft>987</onleft>
						<onright condition="Control.IsVisible(61)">61</onright>
						<pagecontrol>61</pagecontrol>
						<itemlayout width="143" height="206">
							<control type="image">
								<width>138</width>
								<height>201</height>
								<bordertexture border="4">covers/cover-case2.png</bordertexture>
								<bordersize>4</bordersize>
								<aspectratio align="center" aligny="center">scale</aspectratio>
								<texture background="true" fallback="DefaultActor.png">$INFO[ListItem.Art(thumb)]</texture>
							</control>
							<control type="image">
								<left>10</left>
								<top>166</top>
								<width>118</width>
								<height>27</height>
								<texture border="8">views/genre-background.png</texture>
								<visible>!String.IsEmpty(ListItem.Label)</visible>
							</control>
							<control type="label">
								<left>15</left>
								<top>166</top>
								<width>108</width>
								<height>27</height>
								<align>center</align>
								<aligny>center</aligny>
								<font>SubMenuArrowFont</font>
								<textcolor>WhiteColor</textcolor>
								<shadowcolor>ShadowColor</shadowcolor>
								<label>$INFO[ListItem.Label]</label>
								<visible>!String.IsEmpty(ListItem.Label)</visible>
							</control>
						</itemlayout>
						<focusedlayout width="143" height="206">
							<control type="group">
								<include>ListViewCoverFocusAnim</include>
								<control type="image">
									<width>138</width>
									<height>201</height>
									<texture border="4">covers/cover-case-noshadow-focus.png</texture>
									<include>ListViewOverlayFadeAnim</include>
								</control>
								<control type="image">
									<width>138</width>
									<height>201</height>
									<texture border="4">black.png</texture>
									<bordersize>3</bordersize>
								</control>
								<control type="image">
									<width>138</width>
									<height>201</height>
									<bordersize>4</bordersize>
									<aspectratio align="center" aligny="center">scale</aspectratio>
									<texture background="true" fallback="DefaultActor.png">$INFO[ListItem.Art(thumb)]</texture>
								</control>
								<control type="image">
									<left>10</left>
									<top>166</top>
									<width>118</width>
									<height>27</height>
									<texture border="8">views/genre-background.png</texture>
									<visible>!String.IsEmpty(ListItem.Label)</visible>
								</control>
								<control type="label">
									<left>15</left>
									<top>166</top>
									<width>108</width>
									<height>27</height>
									<align>center</align>
									<aligny>center</aligny>
									<font>SubMenuArrowFont</font>
									<textcolor>WhiteColor</textcolor>
									<shadowcolor>ShadowColor</shadowcolor>
									<label>$INFO[ListItem.Label]</label>
									<visible>!String.IsEmpty(ListItem.Label)</visible>
								</control>
							</control>
						</focusedlayout>
					</control>
				</control>
				
				<control type="group">
					<visible>Skin.String(EmbuaryVideoInfo,6)</visible>
					<left>470</left>
					<top>99</top>
					<include>BackgroundVisibleAnim</include>
					
					<control type="label">
						<description>Fanart Images</description>
						<top>87</top>
						<width>710</width>
						<align>center</align>
						<font>FullMediaInfoTitleFont2</font>
						<textcolor>MediaInfoTitleColor2</textcolor>
						<shadowcolor>ShadowColor</shadowcolor>
						<label fallback="31000">[UPPERCASE]$INFO[Container(10055).NumItems,$LOCALIZE[20445] (,)][/UPPERCASE]</label>
					</control>
					
					<control type="panel" id="10055">
						<top>128</top>
						<width>730</width>
						<height>412</height>
						<onup>987</onup>
						<ondown condition="Control.IsVisible(61)">61</ondown>
						<onleft>987</onleft>
						<onright condition="Control.IsVisible(61)">61</onright>
						<pagecontrol>61</pagecontrol>
						<itemlayout width="357" height="206">
							<control type="image">
								<width>352</width>
								<height>201</height>
								<bordertexture border="4">covers/cover-case2.png</bordertexture>
								<bordersize>4</bordersize>
								<aspectratio align="center" aligny="center">scale</aspectratio>
								<texture background="true" fallback="DefaultActor.png">$INFO[ListItem.Art(thumb)]</texture>
							</control>
							<control type="image">
								<left>10</left>
								<top>166</top>
								<width>332</width>
								<height>27</height>
								<texture border="8">views/genre-background.png</texture>
								<visible>!String.IsEmpty(ListItem.Label)</visible>
							</control>
							<control type="label">
								<left>15</left>
								<top>166</top>
								<width>322</width>
								<height>27</height>
								<align>center</align>
								<aligny>center</aligny>
								<font>SubMenuArrowFont</font>
								<textcolor>WhiteColor</textcolor>
								<shadowcolor>ShadowColor</shadowcolor>
								<label>$INFO[ListItem.Label]</label>
								<visible>!String.IsEmpty(ListItem.Label)</visible>
							</control>
						</itemlayout>
						<focusedlayout width="357" height="206">
							<control type="group">
								<include>ListViewCoverFocusAnim</include>
								<control type="image">
									<width>352</width>
									<height>201</height>
									<texture border="4">covers/cover-case-noshadow-focus.png</texture>
									<include>ListViewOverlayFadeAnim</include>
								</control>
								<control type="image">
									<width>352</width>
									<height>201</height>
									<texture border="4">black.png</texture>
									<bordersize>3</bordersize>
								</control>
								<control type="image">
									<width>352</width>
									<height>201</height>
									<bordersize>4</bordersize>
									<aspectratio align="center" aligny="center">scale</aspectratio>
									<texture background="true" fallback="DefaultActor.png">$INFO[ListItem.Art(thumb)]</texture>
								</control>
								<control type="image">
									<left>10</left>
									<top>166</top>
									<width>332</width>
									<height>27</height>
									<texture border="8">views/genre-background.png</texture>
									<visible>!String.IsEmpty(ListItem.Label)</visible>
								</control>
								<control type="label">
									<left>15</left>
									<top>166</top>
									<width>322</width>
									<height>27</height>
									<align>center</align>
									<aligny>center</aligny>
									<font>SubMenuArrowFont</font>
									<textcolor>WhiteColor</textcolor>
									<shadowcolor>ShadowColor</shadowcolor>
									<label>$INFO[ListItem.Label]</label>
									<visible>!String.IsEmpty(ListItem.Label)</visible>
								</control>
							</control>
						</focusedlayout>
					</control>
				</control>
				
				<control type="group">
					<visible>Skin.String(EmbuaryVideoInfo,8)</visible>
					<left>470</left>
					<top>99</top>
					<include>BackgroundVisibleAnim</include>
					
					<control type="label">
						<description>Youtube Videos</description>
						<top>87</top>
						<width>710</width>
						<align>center</align>
						<font>FullMediaInfoTitleFont2</font>
						<textcolor>MediaInfoTitleColor2</textcolor>
						<shadowcolor>ShadowColor</shadowcolor>
						<label fallback="31000">[UPPERCASE]$INFO[Container(10054).NumItems,, $LOCALIZE[31012]][/UPPERCASE]</label>
					</control>
					
					<control type="panel" id="10054">
						<top>128</top>
						<width>730</width>
						<height>411</height>
						<onup>987</onup>
						<ondown condition="Control.IsVisible(61)">61</ondown>
						<onleft>987</onleft>
						<onright condition="Control.IsVisible(61)">61</onright>
						<pagecontrol>61</pagecontrol>
						<itemlayout width="238" height="137">
							<control type="image">
								<width>233</width>
								<height>132</height>
								<bordertexture border="4">covers/cover-case2.png</bordertexture>
								<bordersize>4</bordersize>
								<aspectratio align="center" aligny="center">scale</aspectratio>
								<texture background="true" fallback="DefaultVideo.png">$INFO[ListItem.Art(thumb)]</texture>
							</control>
							<control type="image">
								<left>10</left>
								<top>97</top>
								<width>213</width>
								<height>27</height>
								<texture border="8">views/genre-background.png</texture>
								<visible>!String.IsEmpty(ListItem.Label)</visible>
							</control>
							<control type="label">
								<left>15</left>
								<top>101</top>
								<width>203</width>
								<align>center</align>
								<font>SubMenuArrowFont</font>
								<textcolor>WhiteColor</textcolor>
								<shadowcolor>ShadowColor</shadowcolor>
								<label>$INFO[ListItem.Label]</label>
								<visible>!String.IsEmpty(ListItem.Label)</visible>
							</control>
						</itemlayout>
						<focusedlayout width="238" height="137">
							<control type="group">
								<include>ListViewCoverFocusAnim</include>
								<control type="image">
									<width>233</width>
									<height>132</height>
									<texture border="4">covers/cover-case-noshadow-focus.png</texture>
									<include>ListViewOverlayFadeAnim</include>
								</control>
								<control type="image">
									<width>233</width>
									<height>132</height>
									<texture border="4">black.png</texture>
									<bordersize>3</bordersize>
								</control>
								<control type="image">
									<width>233</width>
									<height>132</height>
									<bordersize>4</bordersize>
									<aspectratio align="center" aligny="center">scale</aspectratio>
									<texture background="true" fallback="DefaultVideo.png">$INFO[ListItem.Art(thumb)]</texture>
								</control>
								<control type="image">
									<left>10</left>
									<top>97</top>
									<width>213</width>
									<height>27</height>
									<texture border="8">views/genre-background.png</texture>
									<visible>!String.IsEmpty(ListItem.Label)</visible>
								</control>
								<control type="label">
									<left>15</left>
									<top>101</top>
									<width>203</width>
									<align>center</align>
									<font>SubMenuArrowFont</font>
									<textcolor>SelectedColor2</textcolor>
									<shadowcolor>ShadowColor</shadowcolor>
									<label>$INFO[ListItem.Label]</label>
									<visible>!String.IsEmpty(ListItem.Label)</visible>
								</control>
							</control>
						</focusedlayout>
					</control>
				</control>
				
				<control type="group" id="50113">
					<visible>Skin.String(EmbuaryVideoInfo,13)</visible>
					<left>470</left>
					<top>99</top>
					<include>FSMediaInfoOpenCloseAnim</include>
					
					<control type="label">
						<description>Movie Set</description>
						<top>87</top>
						<width>710</width>
						<align>center</align>
						<font>FullMediaInfoTitleFont2</font>
						<textcolor>MediaInfoTitleColor2</textcolor>
						<shadowcolor>ShadowColor</shadowcolor>
						<label fallback="31000">[UPPERCASE]$LOCALIZE[20457][/UPPERCASE]</label>
					</control>
					
					<control type="image">
						<top>149</top>
						<width>433</width>
						<height>2</height>
						<animation effect="fade" end="30" condition="true">Conditional</animation>
						<texture>views/videoinfo-separator.png</texture>
					</control>
					
					<control type="list" id="10057">
						<left>-5</left>
						<top>151</top>
						<width>443</width>
						<height>360</height>
						<onup>987</onup>
						<ondown condition="Control.IsVisible(61)">61</ondown>
						<onleft>987</onleft>
						<onright condition="Control.IsVisible(61)">61</onright>
						<pagecontrol>61</pagecontrol>
						<itemlayout height="30">
							<control type="image">
								<top>28</top>
								<left>5</left>
								<width>433</width>
								<height>2</height>
								<animation effect="fade" end="30" condition="true">Conditional</animation>
								<texture>views/videoinfo-separator.png</texture>
							</control>
							<control type="label">
								<left>5</left>
								<width>343</width>
								<height>30</height>
								<font>FullMediaInfoFont</font>
								<aligny>center</aligny>
								<textcolor>MediaInfoItemColor</textcolor>
								<shadowcolor>ShadowColor</shadowcolor>
								<label>[UPPERCASE]$INFO[ListItem.Label][/UPPERCASE]</label>
							</control>
							<control type="label">
								<left>353</left>
								<width>533</width>
								<height>30</height>
								<font>FullMediaInfoFont</font>
								<aligny>center</aligny>
								<textcolor>MediaInfoItemColor2</textcolor>
								<shadowcolor>ShadowColor</shadowcolor>
								<label fallback="31001">$INFO[ListItem.Year]</label>
							</control>
							<control type="image">
								<left>407</left>
								<width>24</width>
								<height>30</height>
								<aligny>center</aligny>
								<texture>OverlayClean.png</texture>
								<aspectratio>keep</aspectratio>
								<visible>!String.IsEmpty(ListItem.dbid)</visible>
							</control>
							<control type="label">
								<left>407</left>
								<width>24</width>
								<height>30</height>
								<font>ListFont4</font>
								<textcolor>ListColor</textcolor>
								<align>center</align>
								<aligny>center</aligny>
								<label>$LOCALIZE[31007]</label>
								<visible>!String.IsEmpty(ListItem.dbid)</visible>
							</control>
						</itemlayout>
						<focusedlayout height="30">
							<control type="image">
								<top>28</top>
								<left>5</left>
								<width>433</width>
								<height>2</height>
								<animation effect="fade" end="30" condition="true">Conditional</animation>
								<texture>views/videoinfo-separator.png</texture>
							</control>
							<control type="image">
								<width>443</width>
								<height>30</height>
								<texture border="4">views/list-focus.png</texture>
								<aspectratio>stretch</aspectratio>
								<visible>Control.HasFocus(10057)</visible>
								<include>ListViewSelectFadeAnim</include>
								<animation effect="slide" start="0,-30" time="200" tween="quadratic" easing="out" reversible="false" condition="Container(10057).OnNext">Focus</animation>
								<animation effect="slide" start="0,30" time="200" tween="quadratic" easing="out" reversible="false" condition="Container(10057).OnPrevious">Focus</animation>
							</control>
							<control type="label">
								<left>5</left>
								<width>343</width>
								<height>30</height>
								<font>FullMediaInfoFont</font>
								<aligny>center</aligny>
								<textcolor>MediaInfoItemColor</textcolor>
								<shadowcolor>ShadowColor</shadowcolor>
								<label>[UPPERCASE]$INFO[ListItem.Label][/UPPERCASE]</label>
							</control>
							<control type="label">
								<left>353</left>
								<width>533</width>
								<height>30</height>
								<font>FullMediaInfoFont</font>
								<aligny>center</aligny>
								<textcolor>MediaInfoItemColor2</textcolor>
								<shadowcolor>ShadowColor</shadowcolor>
								<label fallback="31001">$INFO[ListItem.Year]</label>
							</control>
							<control type="image">
								<left>407</left>
								<width>24</width>
								<height>30</height>
								<aligny>center</aligny>
								<texture>OverlayClean.png</texture>
								<aspectratio>keep</aspectratio>
								<visible>!String.IsEmpty(ListItem.dbid)</visible>
							</control>
							<control type="label">
								<left>407</left>
								<width>24</width>
								<height>30</height>
								<font>ListFont4</font>
								<textcolor>ListColor</textcolor>
								<align>center</align>
								<aligny>center</aligny>
								<label>$LOCALIZE[31007]</label>
								<visible>!String.IsEmpty(ListItem.dbid)</visible>
							</control>
						</focusedlayout>
					</control>
					
					<control type="group">
						<left>466</left>
						<top>149</top>
						<control type="image">
							<description>Default Cover Image Background</description>
							<width>245</width>
							<height>363</height>
							<texture border="4">covers/cover-case2.png</texture>
							<aspectratio>stretch</aspectratio>
							<animation effect="fade" end="70" condition="true">Conditional</animation>
							<include>FSMediaInfoOpenCloseAnim</include>
							<visible>Skin.String(EmbuaryVideoInfo,13) + String.IsEmpty(Container(10057).ListItem.Art(thumb))</visible>
						</control>
						
						<control type="image">
							<description>Default Cover Image</description>
							<width>245</width>
							<height>363</height>
							<texture>DefaultVideo.png</texture>
							<bordersize>20</bordersize>
							<aspectratio>keep</aspectratio>
							<animation effect="fade" end="85" condition="true">Conditional</animation>
							<include>FSMediaInfoOpenCloseAnim</include>
							<visible>Skin.String(EmbuaryVideoInfo,13) + String.IsEmpty(Container(10057).ListItem.Art(thumb))</visible>
						</control>
						
						<control type="image">
							<description>Thumb</description>
							<width>245</width>
							<height>363</height>
							<texture>$INFO[Container(10057).ListItem.Art(thumb)]</texture>
							<bordertexture border="4">covers/cover-case2.png</bordertexture>
							<bordersize>4</bordersize>
							<aspectratio>scale</aspectratio>
							<include>FSMediaInfoOpenCloseAnim</include>
							<fadetime>IconCrossfadeTime</fadetime>
							<visible>Skin.String(EmbuaryVideoInfo,13) + !String.IsEmpty(Container(10057).ListItem.Art(thumb))</visible>
						</control>
					</control>
				</control>
				
				<control type="group" id="50113">
					<visible>Skin.String(EmbuaryVideoInfo,14)</visible>
					<left>470</left>
					<top>99</top>
					<include>FSMediaInfoOpenCloseAnim</include>
					
					<control type="label">
						<description>Seasons</description>
						<top>87</top>
						<width>710</width>
						<align>center</align>
						<font>FullMediaInfoTitleFont2</font>
						<textcolor>MediaInfoTitleColor2</textcolor>
						<shadowcolor>ShadowColor</shadowcolor>
						<label fallback="31000">[UPPERCASE]$LOCALIZE[33054][/UPPERCASE]</label>
					</control>
					
					<control type="image">
						<top>149</top>
						<width>433</width>
						<height>2</height>
						<animation effect="fade" end="30" condition="true">Conditional</animation>
						<texture>views/videoinfo-separator.png</texture>
					</control>
					
					<control type="list" id="10058">
						<left>-5</left>
						<top>151</top>
						<width>443</width>
						<height>360</height>
						<onup>987</onup>
						<ondown condition="Control.IsVisible(61)">61</ondown>
						<onleft>987</onleft>
						<onright condition="Control.IsVisible(61)">61</onright>
						<pagecontrol>61</pagecontrol>
						<itemlayout height="30">
							<control type="image">
								<top>28</top>
								<left>5</left>
								<width>433</width>
								<height>2</height>
								<animation effect="fade" end="30" condition="true">Conditional</animation>
								<texture>views/videoinfo-separator.png</texture>
							</control>
							<control type="label">
								<left>5</left>
								<width>343</width>
								<height>30</height>
								<font>FullMediaInfoFont</font>
								<aligny>center</aligny>
								<textcolor>MediaInfoItemColor</textcolor>
								<shadowcolor>ShadowColor</shadowcolor>
								<label>[UPPERCASE]$INFO[ListItem.Label][/UPPERCASE]</label>
							</control>
							<control type="label">
								<left>353</left>
								<width>533</width>
								<height>30</height>
								<font>FullMediaInfoFont</font>
								<aligny>center</aligny>
								<textcolor>MediaInfoItemColor2</textcolor>
								<shadowcolor>ShadowColor</shadowcolor>
								<label fallback="31001">$INFO[ListItem.Year]</label>
							</control>
							<control type="image">
								<left>407</left>
								<width>24</width>
								<height>30</height>
								<aligny>center</aligny>
								<texture>OverlayClean.png</texture>
								<aspectratio>keep</aspectratio>
								<visible>!String.IsEmpty(ListItem.dbid)</visible>
							</control>
							<control type="label">
								<left>407</left>
								<width>24</width>
								<height>30</height>
								<font>ListFont4</font>
								<textcolor>ListColor</textcolor>
								<align>center</align>
								<aligny>center</aligny>
								<label>$LOCALIZE[31007]</label>
								<visible>!String.IsEmpty(ListItem.dbid)</visible>
							</control>
						</itemlayout>
						<focusedlayout height="30">
							<control type="image">
								<top>28</top>
								<left>5</left>
								<width>433</width>
								<height>2</height>
								<animation effect="fade" end="30" condition="true">Conditional</animation>
								<texture>views/videoinfo-separator.png</texture>
							</control>
							<control type="image">
								<width>443</width>
								<height>30</height>
								<texture border="4">views/list-focus.png</texture>
								<aspectratio>stretch</aspectratio>
								<visible>Control.HasFocus(10058)</visible>
								<include>ListViewSelectFadeAnim</include>
								<animation effect="slide" start="0,-30" time="200" tween="quadratic" easing="out" reversible="false" condition="Container(10058).OnNext">Focus</animation>
								<animation effect="slide" start="0,30" time="200" tween="quadratic" easing="out" reversible="false" condition="Container(10058).OnPrevious">Focus</animation>
							</control>
							<control type="label">
								<left>5</left>
								<width>343</width>
								<height>30</height>
								<font>FullMediaInfoFont</font>
								<aligny>center</aligny>
								<textcolor>MediaInfoItemColor</textcolor>
								<shadowcolor>ShadowColor</shadowcolor>
								<label>[UPPERCASE]$INFO[ListItem.Label][/UPPERCASE]</label>
							</control>
							<control type="label">
								<left>353</left>
								<width>533</width>
								<height>30</height>
								<font>FullMediaInfoFont</font>
								<aligny>center</aligny>
								<textcolor>MediaInfoItemColor2</textcolor>
								<shadowcolor>ShadowColor</shadowcolor>
								<label fallback="31001">$INFO[ListItem.Year]</label>
							</control>
							<control type="image">
								<left>407</left>
								<width>24</width>
								<height>30</height>
								<aligny>center</aligny>
								<texture>OverlayClean.png</texture>
								<aspectratio>keep</aspectratio>
								<visible>!String.IsEmpty(ListItem.dbid)</visible>
							</control>
							<control type="label">
								<left>407</left>
								<width>24</width>
								<height>30</height>
								<font>ListFont4</font>
								<textcolor>ListColor</textcolor>
								<align>center</align>
								<aligny>center</aligny>
								<label>$LOCALIZE[31007]</label>
								<visible>!String.IsEmpty(ListItem.dbid)</visible>
							</control>
						</focusedlayout>
					</control>
					
					<control type="group">
						<left>466</left>
						<top>149</top>
						<control type="image">
							<description>Default Cover Image Background</description>
							<width>245</width>
							<height>363</height>
							<texture border="4">covers/cover-case2.png</texture>
							<aspectratio>stretch</aspectratio>
							<animation effect="fade" end="70" condition="true">Conditional</animation>
							<include>FSMediaInfoOpenCloseAnim</include>
							<visible>Skin.String(EmbuaryVideoInfo,14) + String.IsEmpty(Container(10058).ListItem.Art(thumb))</visible>
						</control>
						
						<control type="image">
							<description>Default Cover Image</description>
							<width>245</width>
							<height>363</height>
							<texture>DefaultVideo.png</texture>
							<bordersize>20</bordersize>
							<aspectratio>keep</aspectratio>
							<animation effect="fade" end="85" condition="true">Conditional</animation>
							<include>FSMediaInfoOpenCloseAnim</include>
							<visible>Skin.String(EmbuaryVideoInfo,14) + String.IsEmpty(Container(10058).ListItem.Art(thumb))</visible>
						</control>
						
						<control type="image">
							<description>Thumb</description>
							<width>245</width>
							<height>363</height>
							<texture>$INFO[Container(10058).ListItem.Art(thumb)]</texture>
							<bordertexture border="4">covers/cover-case2.png</bordertexture>
							<bordersize>4</bordersize>
							<aspectratio>scale</aspectratio>
							<include>FSMediaInfoOpenCloseAnim</include>
							<fadetime>IconCrossfadeTime</fadetime>
							<visible>Skin.String(EmbuaryVideoInfo,14) + !String.IsEmpty(Container(10058).ListItem.Art(thumb))</visible>
						</control>
					</control>
				</control>
				
				<control type="spincontrol" id="61">
					<description>Next Page</description>
					<left>1125</left>
					<top>655</top>
					<width>28</width>
					<height>28</height>
					<spinwidth>30</spinwidth>
					<spinheight>30</spinheight>
					<onup condition="String.IsEmpty(Skin.String(EmbuaryVideoInfo))">901</onup>
					<onup condition="Skin.String(EmbuaryVideoInfo,1)">10052</onup>
					<onup condition="Skin.String(EmbuaryVideoInfo,2)">10056</onup>
					<onup condition="Skin.String(EmbuaryVideoInfo,3)">10053</onup>
					<onup condition="Skin.String(EmbuaryVideoInfo,5)">10059</onup>
					<onup condition="Skin.String(EmbuaryVideoInfo,6)">10055</onup>
					<onup condition="Skin.String(EmbuaryVideoInfo,8)">10054</onup>
					<onup condition="Skin.String(EmbuaryVideoInfo,13)">10057</onup>
					<onup condition="Skin.String(EmbuaryVideoInfo,14)">10058</onup>
					<onup condition="String.IsEmpty(Skin.String(EmbuaryVideoInfo))">901</onup>
					<onleft condition="Skin.String(EmbuaryVideoInfo,1)">10052</onleft>
					<onleft condition="Skin.String(EmbuaryVideoInfo,2)">10056</onleft>
					<onleft condition="Skin.String(EmbuaryVideoInfo,3)">10053</onleft>
					<onleft condition="Skin.String(EmbuaryVideoInfo,5)">10059</onleft>
					<onleft condition="Skin.String(EmbuaryVideoInfo,6)">10055</onleft>
					<onleft condition="Skin.String(EmbuaryVideoInfo,8)">10054</onleft>
					<onleft condition="Skin.String(EmbuaryVideoInfo,13)">10057</onleft>
					<onleft condition="Skin.String(EmbuaryVideoInfo,14)">10058</onleft>
					<onleft condition="String.IsEmpty(Skin.String(EmbuaryVideoInfo))">901</onleft>
					<include>NotificationsOpenCloseAnim</include>
					<visible>[Integer.IsGreater(Container(800).NumPages,1) + String.IsEmpty(Skin.String(EmbuaryVideoInfo))] | [Integer.IsGreater(Container(10056).NumPages,1) + Skin.String(EmbuaryVideoInfo,2)] | [Integer.IsGreater(Container(10052).NumPages,1) + Skin.String(EmbuaryVideoInfo,1)] | [Integer.IsGreater(Container(10053).NumPages,1) + Skin.String(EmbuaryVideoInfo,3)] | [Integer.IsGreater(Container(10059).NumPages,1) + Skin.String(EmbuaryVideoInfo,5)] | [Integer.IsGreater(Container(10055).NumPages,1) + Skin.String(EmbuaryVideoInfo,6)] | [Integer.IsGreater(Container(10054).NumPages,1) + Skin.String(EmbuaryVideoInfo,8)] | [Integer.IsGreater(Container(10057).NumPages,1) + Skin.String(EmbuaryVideoInfo,13)] | [Integer.IsGreater(Container(10058).NumPages,1) + Skin.String(EmbuaryVideoInfo,14)]</visible>
				</control>
				
				<control type="image">
					<include>ScreenSize</include>
					<texture>dim.png</texture>
					<animation effect="fade" start="0" end="50" time="450">VisibleChange</animation>
					<visible>Skin.String(EmbuaryInfoDialog,1)</visible>
				</control>
			</control>
			
			<control type="group">
				<visible>Skin.String(EmbuaryInfoDialog,1)</visible>
				<depth>DepthMenuBar</depth>
				<animation effect="slide" end="80,0" condition="Control.IsVisible(118) | Control.IsVisible(119)" >Conditional</animation>
				<animation effect="slide" end="-80,0" condition="Control.IsVisible(100)" >Conditional</animation>
				<animation type="Visible">
					<effect type="fade" end="100" time="200"/>
					<effect type="slide" start="0,-10" time="300" tween="cubic" easing="out"/>
				</animation>
				<animation type="Hidden">
					<effect type="fade" end="0" time="150"/>
					<effect type="slide" end="0,-10" time="250" tween="cubic" easing="out"/>
				</animation>
				
				<control type="button">
					<include>ScreenSize</include>
					<texturenofocus />
					<texturefocus />
					<onclick>Skin.Reset(EmbuaryInfoDialog)</onclick>
					<onclick>Control.SetFocus(128)</onclick>
				</control>
				
				<control type="grouplist" id="202">
					<left>236</left>
					<top>80</top>
					<width>173</width>
					<itemgap>0</itemgap>
					<orientation>vertical</orientation>
					<onup>Skin.Reset(EmbuaryInfoDialog)</onup>
					<onup>Control.SetFocus(128)</onup>
					<ondown>202</ondown>
					<onleft>Skin.Reset(EmbuaryInfoDialog)</onleft>
					<onleft>Control.SetFocus(128)</onleft>
					<onright>Skin.Reset(EmbuaryInfoDialog)</onright>
					<onright>Control.SetFocus(128)</onright>
					<onback>Skin.Reset(EmbuaryInfoDialog)</onback>
					<onback>Control.SetFocus(128)</onback>
					<control type="image" id="156">
						<width>173</width>
						<include>DropDownMenuTopBorder</include>
					</control>
					<control type="button" id="157">
						<description>Plot</description>
						<width>173</width>
						<include>DropDownMenuBtn</include>
						<onclick>Skin.Reset(EmbuaryInfoDialog)</onclick>
						<onclick>Skin.Reset(EmbuaryVideoInfo)</onclick>
						<onclick condition="Control.IsVisible(61)">Control.SetFocus(61)</onclick>
						<onclick condition="!Control.IsVisible(61)">Control.SetFocus(128)</onclick>
						<label>$LOCALIZE[207]</label>
					</control>
					<control type="button" id="158">
						<description>Cast</description>
						<width>173</width>
						<include>DropDownMenuBtn</include>
						<onclick>Skin.Reset(EmbuaryInfoDialog)</onclick>
						<onclick>Skin.SetString(EmbuaryVideoInfo,1)</onclick>
						<onclick>Control.SetFocus(10052)</onclick>
						<label>$LOCALIZE[206]</label>
						<visible>Integer.IsGreater(Container(10052).NumItems,0)</visible>
					</control>
					<control type="button" id="159">
						<description>Crew</description>
						<width>173</width>
						<include>DropDownMenuBtn</include>
						<onclick>Skin.Reset(EmbuaryInfoDialog)</onclick>
						<onclick>Skin.SetString(EmbuaryVideoInfo,2)</onclick>
						<onclick>Control.SetFocus(10056)</onclick>
						<label>$ADDON[script.extendedinfo 32115]</label>
						<visible>Integer.IsGreater(Container(10056).NumItems,0)</visible>
					</control>
					<control type="button" id="164">
						<description>Movie Set</description>
						<width>173</width>
						<include>DropDownMenuBtn</include>
						<onclick>Skin.Reset(EmbuaryInfoDialog)</onclick>
						<onclick>Skin.SetString(EmbuaryVideoInfo,13)</onclick>
						<onclick>Control.SetFocus(10057)</onclick>
						<label>$LOCALIZE[20457]</label>
						<visible>Integer.IsGreater(Container(10057).NumItems,0)</visible>
					</control>
					<control type="button" id="165">
						<description>Seasons</description>
						<width>173</width>
						<include>DropDownMenuBtn</include>
						<onclick>Skin.Reset(EmbuaryInfoDialog)</onclick>
						<onclick>Skin.SetString(EmbuaryVideoInfo,14)</onclick>
						<onclick>Control.SetFocus(10058)</onclick>
						<label>$LOCALIZE[33054]</label>
						<visible>Integer.IsGreater(Container(10058).NumItems,0)</visible>
					</control>
					<control type="button" id="166">
						<description>Similar Titles</description>
						<width>173</width>
						<include>DropDownMenuBtn</include>
						<onclick>Skin.Reset(EmbuaryInfoDialog)</onclick>
						<onclick>Skin.SetString(EmbuaryVideoInfo,3)</onclick>
						<onclick>Control.SetFocus(10053)</onclick>
						<label>$ADDON[script.embuary.info 32009]</label>
						<visible>Integer.IsGreater(Container(10053).NumItems,0)</visible>
					</control>
					<control type="button" id="173">
						<description>Youtube Videos</description>
						<width>173</width>
						<include>DropDownMenuBtn</include>
						<onclick>Skin.Reset(EmbuaryInfoDialog)</onclick>
						<onclick>Skin.SetString(EmbuaryVideoInfo,8)</onclick>
						<onclick>Control.SetFocus(10054)</onclick>
						<label>$LOCALIZE[31012]</label>
						<visible>Integer.IsGreater(Container(10054).NumItems,0)</visible>
					</control>
					<control type="button" id="168">
						<description>View Styles Header Artwork</description>
						<width>173</width>
						<textwidth>137</textwidth>
						<include>DropDownMenuHeader</include>
						<label>$ADDON[script.extendedinfo 32119]</label>
						<visible>Integer.IsGreater(Container(10059).NumItems,0) | Integer.IsGreater(Container(10055).NumItems,0)</visible>
					</control>
					<control type="button" id="169">
						<description>Poster</description>
						<width>173</width>
						<include>DropDownMenuBtn</include>
						<onclick>Skin.Reset(EmbuaryInfoDialog)</onclick>
						<onclick>Skin.SetString(EmbuaryVideoInfo,5)</onclick>
						<onclick>Control.SetFocus(10059)</onclick>
						<label>$LOCALIZE[31503]</label>
						<visible>Integer.IsGreater(Container(10059).NumItems,0)</visible>
					</control>
					<control type="button" id="170">
						<description>Fanart</description>
						<width>173</width>
						<include>DropDownMenuBtn</include>
						<onclick>Skin.Reset(EmbuaryInfoDialog)</onclick>
						<onclick>Skin.SetString(EmbuaryVideoInfo,6)</onclick>
						<onclick>Control.SetFocus(10055)</onclick>
						<label>$LOCALIZE[20445]</label>
						<visible>Integer.IsGreater(Container(10055).NumItems,0)</visible>
					</control>
					<control type="image" id="174">
						<width>173</width>
						<include>DropDownMenuBottomBorder</include>
					</control>
				</control>
			</control>
			
			<include content="MenubarTopbar">
				<param name="Menubar" value="EmbuaryVideoInfoMenuBar" />
				<param name="Breadcrumbs" value="BreadCrumbEmbuaryVideoInfo" />
			</include>
		</control>
    </controls>
</window>
