<?xml version="1.0" encoding="UTF-8"?>
<includes> 
	<include name="MenusSkinSettings">
		<control type="group">
			<visible>Skin.String(SkinSettingsCategory,10)</visible>
			
			<control type="grouplist" id="909">
				<description>General Content Area</description>
				<width>755</width>
				<height>500</height>
				<pagecontrol>911</pagecontrol>
				<itemgap>0</itemgap>
				<onup>909</onup>
				<ondown>909</ondown>
				<onleft>10</onleft>
				<onright>150</onright>
				<visible>!Skin.HasSetting(ExpandedSettings)</visible>
				<include>ContentSettingsOpenCloseAnim</include>
				<control type="button" id="1002">
					<description>Configure Menus Label</description>
					<include>SettingsHeaderBtn</include>
					<label>$LOCALIZE[31421]</label>
				</control>
				<control type="radiobutton" id="6001">
					<description>Shutdown Menu</description>
					<include>SettingsContentExpandBtn</include>
					<label>$LOCALIZE[31504]</label>
					<selected>Skin.HasSetting(ExpandShutdownMenuSettings)</selected>
					<onclick>Skin.SetBool(ExpandShutdownMenuSettings)</onclick>
					<onclick>Skin.SetBool(ExpandedSettings)</onclick>
					<onclick>Control.SetFocus(970)</onclick>
				</control>
				<control type="radiobutton" id="6002">
					<description>Context Menu</description>
					<include>SettingsContentExpandBtn</include>
					<label>$LOCALIZE[31505]</label>
					<selected>Skin.HasSetting(ExpandContextMenuSettings)</selected>
					<onclick>Skin.SetBool(ExpandContextMenuSettings)</onclick>
					<onclick>Skin.SetBool(ExpandedSettings)</onclick>
					<onclick>Control.SetFocus(971)</onclick>
				</control>
			</control>
			
			<control type="group" id="855">
				<description>Expanded Shutdown Menu Area</description>
				<visible>Skin.HasSetting(ExpandShutdownMenuSettings)</visible>
				<include>ExpandedSettingsOpenCloseAnim</include>

				<control type="button">
					<description>Title</description>
					<include>SettingsHeaderBtn</include>
					<label>$LOCALIZE[31504]</label>
				</control>

				<control type="grouplist" id="970">
					<description>Shutdown Menu Area</description>
					<top>50</top>
					<width>755</width>
					<height>450</height>
					<itemgap>0</itemgap>
					<onup>970</onup>
					<ondown>970</ondown>
					<onleft>1970</onleft>
					<onright>noop</onright>
					<include>ControlsOpenCloseAnim</include>
					<control type="radiobutton" id="6101">
						<description>Power Down System</description>
						<include>SettingsContentRadioBtn</include>
						<label>$LOCALIZE[13016]</label>
						<selected>!Skin.HasSetting(ShutdownMenuPowerDown) + System.CanPowerDown</selected>
						<onclick>Skin.ToggleSetting(ShutdownMenuPowerDown)</onclick>
						<enable>System.CanPowerDown</enable>
					</control>
					<control type="radiobutton" id="6102">
						<description>Suspend</description>
						<include>SettingsContentRadioBtn</include>
						<label>$LOCALIZE[13011]</label>
						<selected>!Skin.HasSetting(ShutdownMenuSuspend) + System.CanSuspend</selected>
						<onclick>Skin.ToggleSetting(ShutdownMenuSuspend)</onclick>
						<enable>System.CanSuspend</enable>
					</control>
					<control type="radiobutton" id="6103">
						<description>Hibernate</description>
						<include>SettingsContentRadioBtn</include>
						<label>$LOCALIZE[13010]</label>
						<selected>!Skin.HasSetting(ShutdownMenuHibernate) + System.CanHibernate</selected>
						<onclick>Skin.ToggleSetting(ShutdownMenuHibernate)</onclick>
						<enable>System.CanHibernate</enable>
					</control>
					<control type="radiobutton" id="6104">
						<description>Reboot</description>
						<include>SettingsContentRadioBtn</include>
						<label>$LOCALIZE[13013]</label>
						<selected>!Skin.HasSetting(ShutdownMenuReboot) + System.CanReboot</selected>
						<onclick>Skin.ToggleSetting(ShutdownMenuReboot)</onclick>
						<enable>System.CanReboot</enable>
					</control>
					<control type="radiobutton" id="6105">
						<description>Restart Kodi</description>
						<include>SettingsContentRadioBtn</include>
						<label>$LOCALIZE[31706]</label>
						<selected>!Skin.HasSetting(ShutdownMenuRestart)</selected>
						<onclick>Skin.ToggleSetting(ShutdownMenuRestart)</onclick>
					</control>
					<control type="radiobutton" id="6106">
						<description>Custom Shutdown Timer</description>
						<include>SettingsContentRadioBtn</include>
						<label>$LOCALIZE[20150]</label>
						<selected>!Skin.HasSetting(ShutdownMenuCustomShutdownTimer) + [System.CanPowerDown | System.CanSuspend | System.CanHibernate]</selected>
						<onclick>Skin.ToggleSetting(ShutdownMenuCustomShutdownTimer)</onclick>
						<enable>System.CanPowerDown | System.CanSuspend | System.CanHibernate</enable>
					</control>
					<control type="radiobutton" id="6107">
						<description>Reload Skin</description>
						<include>SettingsContentRadioBtn</include>
						<label>$LOCALIZE[20183]</label>
						<selected>!Skin.HasSetting(ShutdownMenuReloadSkin)</selected>
						<onclick>Skin.ToggleSetting(ShutdownMenuReloadSkin)</onclick>
					</control>
				</control>

				<control type="button" id="1970">
					<description>Back</description>
					<include>SettingsBackBtn</include>
					<onright>970</onright>
					<onleft>Skin.Reset(ExpandShutdownMenuSettings)</onleft>
					<onleft>Skin.Reset(ExpandedSettings)</onleft>
					<onleft>Control.SetFocus(6001)</onleft>
					<onclick>Skin.Reset(ExpandShutdownMenuSettings)</onclick>
					<onclick>Skin.Reset(ExpandedSettings)</onclick>
					<onclick>Control.SetFocus(6001)</onclick>
				</control>
			</control>
			
			<control type="group" id="855">
				<description>Expanded Shutdown Menu Area</description>
				<visible>Skin.HasSetting(ExpandContextMenuSettings)</visible>
				<include>ExpandedSettingsOpenCloseAnim</include>

				<control type="button">
					<description>Title</description>
					<include>SettingsHeaderBtn</include>
					<label>$LOCALIZE[31505]</label>
				</control>

				<control type="grouplist" id="971">
					<description>Shutdown Menu Area</description>
					<top>50</top>
					<width>755</width>
					<height>450</height>
					<itemgap>0</itemgap>
					<onup>971</onup>
					<ondown>971</ondown>
					<onleft>1971</onleft>
					<onright>noop</onright>
					<include>ControlsOpenCloseAnim</include>
					<control type="radiobutton" id="6201">
						<description>Trailer</description>
						<include>SettingsContentRadioBtn</include>
						<label>$LOCALIZE[20410]</label>
						<selected>!Skin.HasSetting(ContextMenuTrailer)</selected>
						<onclick>Skin.ToggleSetting(ContextMenuTrailer)</onclick>
					</control>
					<control type="radiobutton" id="6206">
						<description>Set My Rating</description>
						<include>SettingsContentRadioBtn</include>
						<label>$LOCALIZE[38023]</label>
						<selected>Skin.HasSetting(ContextMenuSetMyRating)</selected>
						<onclick condition="System.HasAddon(script.user.rating)">Skin.ToggleSetting(ContextMenuSetMyRating)</onclick>
						<onclick condition="!System.HasAddon(script.user.rating)">InstallAddon(script.user.rating)</onclick>
					</control>
					<control type="radiobutton" id="6202">
						<description>Extended Information</description>
						<include>SettingsContentRadioBtn</include>
						<label>$LOCALIZE[31087]</label>
						<selected>!Skin.HasSetting(ContextMenuExtendedInformation) + System.HasAddon(script.extendedinfo)</selected>
						<onclick condition="System.HasAddon(script.extendedinfo)">Skin.ToggleSetting(ContextMenuExtendedInformation)</onclick>
						<onclick condition="!System.HasAddon(script.extendedinfo)">InstallAddon(script.extendedinfo)</onclick>
						<visible>!System.HasAddon(context.extendedinfo.dialog)</visible>
					</control>
					<control type="radiobutton" id="6203">
						<description>Movie Set Information</description>
						<include>SettingsContentRadioBtn</include>
						<label>$LOCALIZE[31040]</label>
						<selected>!Skin.HasSetting(ContextMenuMovieSetInformation) + System.HasAddon(script.skin.helper.service)</selected>
						<onclick condition="System.HasAddon(script.skin.helper.service)">Skin.ToggleSetting(ContextMenuMovieSetInformation)</onclick>
						<onclick condition="!System.HasAddon(script.skin.helper.service)">InstallAddon(script.skin.helper.service)</onclick>
					</control>
					<control type="radiobutton" id="6204">
						<description>Cinema Vision</description>
						<include>SettingsContentRadioBtn</include>
						<label>$LOCALIZE[31128]</label>
						<selected>!Skin.HasSetting(ContextMenuCinema) + System.HasAddon(script.cinemavision)</selected>
						<onclick condition="System.HasAddon(script.cinemavision)">Skin.ToggleSetting(ContextMenuCinema)</onclick>
						<onclick condition="!System.HasAddon(script.cinemavision)">InstallAddon(script.cinemavision)</onclick>
					</control>
					<control type="radiobutton" id="6205">
						<description>Library Editor</description>
						<include>SettingsContentRadioBtn</include>
						<label>$LOCALIZE[31506]</label>
						<selected>!Skin.HasSetting(ContextMenuLibraryEditor) + System.HasAddon(script.libraryeditor)</selected>
						<onclick>Skin.ToggleSetting(ContextMenuLibraryEditor)</onclick>
						<enable>System.HasAddon(script.libraryeditor)</enable>
					</control>
					<control type="radiobutton" id="6207">
						<description>Open Player Controls</description>
						<include>SettingsContentRadioBtn</include>
						<label>$LOCALIZE[31185]</label>
						<selected>Skin.HasSetting(ContextMenuPlayerControls)</selected>
						<onclick>Skin.ToggleSetting(ContextMenuPlayerControls)</onclick>
					</control>
				</control>

				<control type="button" id="1971">
					<description>Back</description>
					<include>SettingsBackBtn</include>
					<onright>971</onright>
					<onleft>Skin.Reset(ExpandContextMenuSettings)</onleft>
					<onleft>Skin.Reset(ExpandedSettings)</onleft>
					<onleft>Control.SetFocus(6002)</onleft>
					<onclick>Skin.Reset(ExpandContextMenuSettings)</onclick>
					<onclick>Skin.Reset(ExpandedSettings)</onclick>
					<onclick>Control.SetFocus(6002)</onclick>
				</control>
			</control>
		</control>
	</include>
</includes>