<?xml version="1.0" encoding="UTF-8"?>
<window>
	<zorder>1</zorder>
	<defaultcontrol>9000</defaultcontrol>
	<include>DialogOpenCloseAnim</include>
	
	<coordinates>
		<left>65</left>
        <top>85</top>
	</coordinates>
	
	<controls>
		<control type="group">
			<depth>DepthDialog</depth>
			
			<include content="DialogWithCloseBtnLabel">
				<param name="width" value="1150"/>
				<param name="height" value="562" />
				<param name="left" value="1090" />
				<param name="labelwidth" value="1080" />
				<param name="label" value="$LOCALIZE[15020]" />
			</include>
			
			<control type="group">
				<left>DialogMarginOffsetX</left>
				<top>DialogMarginOffsetY</top>
				
				<control type="image">
					<description>Menu Background</description>
					<width>200</width>
					<height>412</height>
					<texture border="5">controls/button-nofocus.png</texture>
				</control>
				
				<control type="list" id="9000">
					<description>processing mode selection list</description>
					<width>200</width>
					<height>410</height>
					<ondown>22</ondown>
					<onleft>22</onleft>
					<onright>20</onright>
					<orientation>vertical</orientation>
					<scrolltime tween="sine" easing="out">200</scrolltime>
					<itemlayout width="200" height="37">
						<control type="label">
							<left>8</left>
							<width>184</width>
							<height>35</height>
							<aligny>center</aligny>
							<font>DialogHeadFont</font>
							<textcolor>DefaultColor2</textcolor>
							<shadowcolor>ShadowColor</shadowcolor>
							<label>$INFO[ListItem.Label]</label>
							<scroll>false</scroll>
							<scrollspeed>0</scrollspeed>
						</control>
					</itemlayout>
					<focusedlayout width="200" height="37">
						<control type="image">
							<width>200</width>
							<height>35</height>
							<texture border="5">controls/button-focus.png</texture>
							<animation effect="fade" start="100" end="45" time="0" condition="!Control.HasFocus(9000)">conditional</animation>
						</control>
						<control type="label">
							<left>8</left>
							<width>184</width>
							<height>35</height>
							<aligny>center</aligny>
							<font>DialogHeadFont</font>
							<textcolor>ButtonFocusColor</textcolor>
							<shadowcolor>ShadowColor</shadowcolor>
							<label>$INFO[ListItem.Label]</label>
							<scroll>false</scroll>
							<scrollspeed>0</scrollspeed>
						</control>
					</focusedlayout>
				</control>
			</control>
			
			<control type="group" id="200">
				<description>available- and active mode lists</description>
				<left>241</left>
				<top>DialogMarginOffsetY</top>
				<control type="group"> 
					<description>available modes group</description>
					<control type="image">
						<width>435</width>
						<height>35</height>
						<texture background="true" border="7">controls/button-nofocus.png</texture>
					</control>

					<control type="label" id="105">
						<description>available modes</description>
						<top>8</top>
						<width>435</width>
						<height>35</height>
						<align>center</align>
						<include>DialogHeadLabel</include>
						<label>$LOCALIZE[15050]$INFO[Container(20).NumItems,: ,]</label>
					</control>

					<control type="image">
						<top>40</top>
						<width>416</width>
						<height>372</height>
						<texture background="true" border="7">controls/button-nofocus.png</texture>
					</control>
					
					<control type="list" id="20">
						<top>40</top>
						<width>416</width>
						<height>372</height>
						<onleft>9000</onleft>
						<onright>60</onright>
						<onup>20</onup>
						<ondown>22</ondown>
						<scrolltime>200</scrolltime>
						<pagecontrol>60</pagecontrol>
						<itemlayout height="62" width="416">
							<control type="image">
								<width>416</width>
								<height>62</height>
								<texture border="0,0,10,2">views/list-separator.png</texture>
								<aspectratio>stretch</aspectratio>
							</control>
							<control type="image">
								<description>Cover</description>
								<width>61</width>
								<height>61</height>
								<bordertexture border="7">covers/cover-case-nofocus.png</bordertexture>
								<bordersize>5</bordersize>
								<texture>$INFO[ListItem.Icon]</texture>
								<aspectratio aligny="center" align="center">keep</aspectratio>
							</control>
							<control type="image">
								<description>Dim</description>
								<width>61</width>
								<height>61</height>
								<bordersize>5</bordersize>
								<texture background="true">dim.png</texture>
								<aspectratio>stretch</aspectratio>
								<include>CoverDimAnim</include>
								<visible>!String.IsEmpty(ListItem.Icon)</visible>
							</control>
							<control type="label">
								<top>7</top>
								<left>66</left>
								<width>340</width>
								<font>ListFont</font>
								<textcolor>ListColor</textcolor>
								<shadowcolor>ShadowColor</shadowcolor>
								<label>$INFO[ListItem.Label]</label>
							</control>
							<control type="label">
								<top>31</top>
								<left>66</left>
								<width>340</width>
								<font>ListFont2</font>
								<textcolor>ListColor2</textcolor>
								<shadowcolor>ShadowColor</shadowcolor>
								<label>$INFO[ListItem.Label2]</label>
							</control>
						</itemlayout>
						<focusedlayout height="62" width="416">
							<control type="image">
								<width>416</width>
								<height>62</height>
								<texture border="0,0,10,2">views/list-separator.png</texture>
								<aspectratio>stretch</aspectratio>
							</control>
							<control type="image">
								<width>416</width>
								<height>62</height>
								<texture border="5">controls/button-focus.png</texture>
								<visible>Control.HasFocus(20)</visible>
								<animation type="Focus" condition="Container(20).OnNext + ![Skin.String(LowCPUPowerMode,Animations) | Skin.String(LowCPUPowerMode,Full)]" reversible="false">
									<effect type="Fade" start="40" end="100" time="500" tween="back" easing="in"/>
									<effect type="slide" start="0,-62" time="200" tween="sine" easing="out"/>
								</animation>
								<animation type="Focus" condition="Container(20).OnPrevious + ![Skin.String(LowCPUPowerMode,Animations) | Skin.String(LowCPUPowerMode,Full)]" reversible="false">
									<effect type="Fade" start="40" end="100" time="500" tween="back" easing="in"/>
									<effect type="slide" start="0,62" time="200" tween="sine" easing="out"/>
								</animation>
							</control>
							<control type="image">
								<width>416</width>
								<height>62</height>
								<texture border="5">controls/button-alt-focus.png</texture>
								<visible>!Control.HasFocus(20)</visible>
							</control>
							<control type="image">
								<description>Cover</description>
								<width>61</width>
								<height>61</height>
								<bordertexture border="7">covers/cover-case-nofocus.png</bordertexture>
								<bordersize>5</bordersize>
								<texture>$INFO[ListItem.Icon]</texture>
								<aspectratio aligny="center" align="center">keep</aspectratio>
								<include condition="![Skin.String(LowCPUPowerMode,Animations) | Skin.String(LowCPUPowerMode,Full)]">ListViewCoverFocusAnim</include>
							</control>
							<control type="label">
								<description>Label Focus</description>
								<top>7</top>
								<left>66</left>
								<width>340</width>
								<font>ListFont</font>
								<textcolor>SelectedColor</textcolor>
								<scroll>true</scroll>
								<shadowcolor>ShadowColor</shadowcolor>
								<label>$INFO[ListItem.Label]</label>
								<visible>Control.HasFocus(20)</visible>
							</control>
							<control type="label">
								<description>Label Unfocus</description>
								<top>7</top>
								<left>66</left>
								<width>340</width>
								<scroll>false</scroll>
								<font>ListFont2</font>
								<textcolor>ListColor2</textcolor>
								<shadowcolor>ShadowColor</shadowcolor>
								<label>$INFO[ListItem.Label]</label>
								<visible>!Control.HasFocus(20)</visible>
							</control>
							<control type="label">
								<description>Label2 Focus</description>
								<top>31</top>
								<left>66</left>
								<width>340</width>
								<scroll>true</scroll>
								<font>ListFont2</font>
								<textcolor>ListColor2</textcolor>
								<shadowcolor>ShadowColor</shadowcolor>
								<label>$INFO[ListItem.Label2]</label>
								<visible>Control.HasFocus(20)</visible>
							</control>
							<control type="label">
								<description>Label2 Unfocus</description>
								<top>31</top>
								<left>66</left>
								<width>340</width>
								<scroll>false</scroll>
								<font>ListFont2</font>
								<textcolor>ListColor2</textcolor>
								<shadowcolor>ShadowColor</shadowcolor>
								<label>$INFO[ListItem.Label2]</label>
								<visible>!Control.HasFocus(20)</visible>
							</control>
						</focusedlayout>
					</control>
					
					<control type="group">
						<left>421</left>
						<top>40</top>
						
						<control type="image">
							<width>14</width>
							<height>372</height>
							<texture border="4">controls/scrollbar-background.png</texture>
						</control>
						
						<control type="scrollbar" id="60">
							<description>scrollbar for available modes list</description>
							<height>372</height>
							<texturesliderbackground />
							<onleft>20</onleft>
							<onright>21</onright>
							<ondown>23</ondown>
							<visible>Control.IsVisible(20)</visible>
						</control>
					</control>
				</control>

				<control type="group"> 
					<description>active modes group</description>
					<left>440</left>
					<control type="image">
						<width>435</width>
						<height>35</height>
						<texture background="true" border="7">controls/button-nofocus.png</texture>
					</control>

					<control type="label" id="106">
						<description>active modes</description>
						<top>8</top>
						<width>435</width>
						<height>35</height>
						<align>center</align>
						<include>DialogHeadLabel</include>
						<label>$LOCALIZE[15051]$INFO[Container(21).NumItems,: ,]</label>
					</control>

					<control type="image">
						<top>40</top>
						<width>416</width>
						<height>372</height>
						<texture background="true" border="7">controls/button-nofocus.png</texture>
					</control>
					
					<control type="list" id="21">
						<top>40</top>
						<width>416</width>
						<height>372</height>
						<onup>21</onup>
						<ondown>24</ondown>
						<onleft>60</onleft>
						<onright>61</onright>
						<scrolltime>200</scrolltime>
						<pagecontrol>61</pagecontrol>
						<itemlayout height="62" width="416">
							<control type="image">
								<width>416</width>
								<height>62</height>
								<texture border="0,0,10,2">views/list-separator.png</texture>
								<aspectratio>stretch</aspectratio>
							</control>
							<control type="image">
								<description>Cover</description>
								<width>61</width>
								<height>61</height>
								<bordertexture border="7">covers/cover-case-nofocus.png</bordertexture>
								<bordersize>5</bordersize>
								<texture>$INFO[ListItem.Icon]</texture>
								<aspectratio aligny="center" align="center">keep</aspectratio>
							</control>
							<control type="image">
								<description>Dim</description>
								<width>61</width>
								<height>61</height>
								<bordersize>5</bordersize>
								<texture background="true">dim.png</texture>
								<aspectratio>stretch</aspectratio>
								<include>CoverDimAnim</include>
								<visible>!String.IsEmpty(ListItem.Icon)</visible>
							</control>
							<control type="label">
								<top>7</top>
								<left>66</left>
								<width>340</width>
								<font>ListFont</font>
								<textcolor>ListColor</textcolor>
								<shadowcolor>ShadowColor</shadowcolor>
								<label>$INFO[ListItem.Label]</label>
							</control>
							<control type="label">
								<top>31</top>
								<left>66</left>
								<width>340</width>
								<font>ListFont2</font>
								<textcolor>ListColor2</textcolor>
								<shadowcolor>ShadowColor</shadowcolor>
								<label>$INFO[ListItem.Label2]</label>
							</control>
						</itemlayout>
						<focusedlayout height="62" width="416">
							<control type="image">
								<width>416</width>
								<height>62</height>
								<texture border="0,0,10,2">views/list-separator.png</texture>
								<aspectratio>stretch</aspectratio>
							</control>
							<control type="image">
								<width>416</width>
								<height>62</height>
								<texture border="5">controls/button-focus.png</texture>
								<visible>Control.HasFocus(21)</visible>
								<animation type="Focus" condition="Container(21).OnNext + ![Skin.String(LowCPUPowerMode,Animations) | Skin.String(LowCPUPowerMode,Full)]" reversible="false">
									<effect type="Fade" start="40" end="100" time="500" tween="back" easing="in"/>
									<effect type="slide" start="0,-62" time="200" tween="sine" easing="out"/>
								</animation>
								<animation type="Focus" condition="Container(21).OnPrevious + ![Skin.String(LowCPUPowerMode,Animations) | Skin.String(LowCPUPowerMode,Full)]" reversible="false">
									<effect type="Fade" start="40" end="100" time="500" tween="back" easing="in"/>
									<effect type="slide" start="0,62" time="200" tween="sine" easing="out"/>
								</animation>
							</control>
							<control type="image">
								<width>416</width>
								<height>62</height>
								<texture border="5">controls/button-alt-focus.png</texture>
								<visible>!Control.HasFocus(21)</visible>
							</control>
							<control type="image">
								<description>Cover</description>
								<width>61</width>
								<height>61</height>
								<bordertexture border="7">covers/cover-case-nofocus.png</bordertexture>
								<bordersize>5</bordersize>
								<texture>$INFO[ListItem.Icon]</texture>
								<aspectratio aligny="center" align="center">keep</aspectratio>
								<include condition="![Skin.String(LowCPUPowerMode,Animations) | Skin.String(LowCPUPowerMode,Full)]">ListViewCoverFocusAnim</include>
							</control>
							<control type="label">
								<description>Label Focus</description>
								<top>7</top>
								<left>66</left>
								<width>340</width>
								<font>ListFont</font>
								<textcolor>SelectedColor</textcolor>
								<scroll>true</scroll>
								<shadowcolor>ShadowColor</shadowcolor>
								<label>$INFO[ListItem.Label]</label>
								<visible>Control.HasFocus(21)</visible>
							</control>
							<control type="label">
								<description>Label Unfocus</description>
								<top>7</top>
								<left>66</left>
								<width>340</width>
								<scroll>false</scroll>
								<font>ListFont</font>
								<textcolor>ListColor</textcolor>
								<shadowcolor>ShadowColor</shadowcolor>
								<label>$INFO[ListItem.Label]</label>
								<visible>!Control.HasFocus(21)</visible>
							</control>
							<control type="label">
								<description>Label2 Focus</description>
								<top>31</top>
								<left>66</left>
								<width>340</width>
								<scroll>true</scroll>
								<font>ListFont2</font>
								<textcolor>ListColor2</textcolor>
								<shadowcolor>ShadowColor</shadowcolor>
								<label>$INFO[ListItem.Label2]</label>
								<visible>Control.HasFocus(21)</visible>
							</control>
							<control type="label">
								<description>Label2 Unfocus</description>
								<top>31</top>
								<left>66</left>
								<width>340</width>
								<scroll>false</scroll>
								<font>ListFont2</font>
								<textcolor>ListColor2</textcolor>
								<shadowcolor>ShadowColor</shadowcolor>
								<label>$INFO[ListItem.Label2]</label>
								<visible>!Control.HasFocus(21)</visible>
							</control>
						</focusedlayout>
					</control>
					
					<control type="group">
						<left>421</left>
						<top>40</top>
						<control type="image">
							<width>14</width>
							<height>372</height>
							<texture border="4">controls/scrollbar-background.png</texture>
						</control>
						
						<control type="scrollbar" id="61">
							<description>scrollbar for active modes list</description>
							<height>372</height>
							<texturesliderbackground />
							<onleft>21</onleft>
							<onright>24</onright>
							<ondown>24</ondown>
							<visible>Control.IsVisible(21)</visible>
						</control>
					</control>
				</control>
			</control>
			
			<control type="label">
				<description>Description</description>
				<left>DialogMarginOffsetX</left>
				<top>476</top>
				<width>1080</width>
				<align>center</align>
				<include>DialogHeadLabel</include>
				<label>$VAR[AudioDSPManagerDescription]</label>
				<scroll>true</scroll>
			</control>
			
			<control type="grouplist" id="9001">
				<top>509</top>
				<width>1150</width>
				<align>center</align>
				<onleft>SetFocus(9000,95)</onleft>
				<onright>21</onright>
				<orientation>horizontal</orientation>
				<itemgap>10</itemgap>
				<control type="radiobutton" id="22">
					<description>Default RadioButton</description>
					<onup>20</onup>
					<ondown>20</ondown>
					<width>260</width>
					<textwidth>200</textwidth>
					<include>DialogMenuBarBtn</include>
					<label>15064</label>
				</control>
				<control type="button" id="23">
					<description>Apply Changes button</description>
					<onup>20</onup>
					<ondown>20</ondown>
					<width>260</width>
					<include>DialogMenuBarBtn</include>
					<label>14070</label>
				</control>
				<control type="button" id="24">
					<description>Clear Active Modes button</description>
					<onup>21</onup>
					<ondown>21</ondown>
					<width>260</width>
					<include>DialogMenuBarBtn</include>
					<label>15066</label>
				</control>
			</control>
		</control>
	</controls>
</window>
