<?xml version="1.0" encoding="UTF-8"?>
<window id="12">
	<defaultcontrol>3</defaultcontrol>
	<allowoverlay>yes</allowoverlay>

	<controls>	
	    <control type="group">	
    		<include>BackgroundDefault</include>
			<include condition="!IsEmpty(Skin.String(CustomSystemBGPath)) + Skin.HasSetting(ApplyAllSystemCustomBG)">BackgroundSystem</include>
			<include>BackgroundOpenCloseAnim</include>
		</control>

		<control type="group" id="9001">
			<include>ControlsOpenCloseAnim</include>
			
			<control type="grouplist" id="3">
				<description>Category Area</description>
				<left>125</left>
				<top>110</top>
				<width>240</width>
				<height>500</height>
				<itemgap>0</itemgap>
				<orientation>vertical</orientation>
				<onup>3</onup>
				<ondown>20</ondown>
				<onleft>850</onleft>
				<onright>5</onright>								
			</control>
			
			<control type="image">
				<left>125</left>
				<top>561</top>
				<width>210</width>
				<height>50</height>
				<texture background="true" border="5">controls/button-focus.png</texture>
				<animation effect="fade" end="15" condition="true">Conditional</animation>
				<visible>!Control.HasFocus(20)</visible>
			</control>
			
			<control type="button" id="20">
				<description>Setting level button</description>
				<left>125</left>
				<top>561</top>
				<textoffsety>22</textoffsety>
				<aligny>top</aligny>
				<include>SettingsCatBtn</include>
				<label>10037</label>
				<onleft>850</onleft>
				<onright>5</onright>
				<onup>3</onup>
				<ondown>3</ondown>
				<onclick>SettingsLevelChange</onclick>
			</control>
			
			<control type="label">
				<description>Setting level label</description>
				<left>135</left>
				<top>563</top>
				<font>SettingsCatFont</font>
				<textcolor>ffffffff</textcolor>
				<shadowcolor>ShadowColor</shadowcolor>
				<label>$LOCALIZE[31950]</label>
			</control>			
				
			<control type="grouplist" id="5">
				<description>Content Area</description>
				<left>400</left>
				<top>110</top>
				<width>755</width>
				<height>500</height>
				<itemgap>0</itemgap>
				<orientation>vertical</orientation>
				<pagecontrol>911</pagecontrol>
				<onup>5</onup>
				<ondown>5</ondown>
				<onleft>3</onleft>
				<onright>150</onright>
			</control>
			
			<include>SettingsScrollbar</include>
		</control>
	
		<control type="button" id="10">
			<description>Default Category Button</description>
			<include>SettingsCatBtn</include>
		</control>
	
		<control type="button" id="7">
			<description>Default Button</description>
			<include>SettingsContentBtn</include>
		</control>
	
		<control type="radiobutton" id="8">
			<description>Default RadioButton</description>
			<include>SettingsContentRadioBtn</include>
		</control>
	
		<control type="spincontrolex" id="9">
			<description>Default SpinControlex</description>
			<include>SettingsContentBtn</include>
		</control>	
		
		<control type="sliderex" id="13">
			<description>Default Slider</description>
			<include>SettingsContentBtn</include>
		</control>	
		
		<control type="group" id="505">
			<top>MenuBarOffsetY</top>
			<include>MenuBarImage</include>
			<include>MenuBarOpenCloseAnim2</include>	
			<include>SettingsMenuBar</include>
		</control>
		
		<control type="group">
			<description>Top Bar Area</description>
			<include>TopBarImage</include>
			<include>TopBarOpenCloseAnim</include>
			<include>BreadCrumbSettings</include>
			<include>Notifications</include>	
		</control>
		
		<control type="group">
			<description>Bottom Bar Area</description>
			<top>BottomPaneOffsetY</top>	
			<!--<include>InfoPaneImage</include>-->
			<control type="textbox" id="6">
				<description>description area</description>
				<left>399</left>
				<top>1</top>
				<width>756</width>
				<height>43</height>
				<align>justify</align>
				<font>InfoPaneFont2</font>
				<textcolor>InfoPaneColor2</textcolor>
				<shadowcolor>ShadowColor</shadowcolor>
				<autoscroll time="3000" delay="4000" repeat="10000">true</autoscroll>
				<include>InfoPaneLabelFadeAnim</include>
				<visible>!ControlGroup(505).HasFocus</visible>
			</control>
			<control type="textbox">
				<description>description area 2</description>
				<left>399</left>
				<top>1</top>
				<width>756</width>
				<height>43</height>
				<align>justify</align>
				<font>InfoPaneFont2</font>
				<textcolor>InfoPaneColor2</textcolor>
				<shadowcolor>ShadowColor</shadowcolor>
				<label>$VAR[SettingsMenubarDescription]</label>
				<autoscroll time="3000" delay="4000" repeat="10000">true</autoscroll>
				<include>InfoPaneLabelFadeAnim</include>
				<visible>ControlGroup(505).HasFocus</visible>
			</control>
			<include>BottomPaneOpenCloseAnim</include>
		</control>
	</controls>
</window>
