<?xml version="1.0" encoding="UTF-8"?>
<window>
	<zorder>2</zorder>
	<visible>[Player.Seeking | Player.DisplayAfterSeek | Player.Forwarding | Player.Rewinding | Player.Paused | Player.Caching | Player.ShowInfo | Player.ShowTime | Player.IsTempo] + ![Window.IsVisible(VideoOSD) | Window.IsVisible(MusicOSD) | Skin.HasSetting(HideSeekBarOSD) | Window.IsActive(script.pseudotv.TVOverlay.xml) | Window.IsActive(script.pseudotv.live.TVOverlay.xml)]</visible>
	<depth>DepthOSD</depth>
	
	<controls>
		<control type="group">
			<visible>Window.IsActive(FullscreenVideo) + Player.Paused + !Player.ShowInfo + !Skin.HasSetting(ShowInfoOnPause) + !Window.IsActive(subtitlesearch)</visible>
			<include>BottomPaneOpenCloseAnim</include>
			<animation type="Conditional" condition="System.IdleTime(5)">
				<effect type="slide" end="0,-64" time="500" tween="cubic" easing="out"/>
			</animation>
			
			<control type="image">
				<description>Clearart / Clearlogo Cover</description>
				<left>25</left>
				<bottom>0</bottom>
				<width>290</width>
				<height>162</height>
				<texture background="true">$VAR[ClearImageOSD1]</texture>
				<aspectratio align="left" aligny="bottom">keep</aspectratio>
				<visible>Skin.HasSetting(ShowClearArtOSD) | Skin.HasSetting(ShowClearLogoOSD)</visible>
			</control>
			
			<control type="image">
				<left>28</left>
				<bottom>-4</bottom>
				<width>185</width>
				<height>268</height>
				<texture border="8">panels/panel.png</texture>
				<visible>!Skin.HasSetting(ShowClearArtOSD) + !Skin.HasSetting(ShowClearLogoOSD)</visible>
				<visible>![String.IsEmpty(Player.Art(poster)) + String.IsEmpty(Player.Art(tvshow.poster))]</visible>
			</control>
			
			<control type="image">
				<description>Poster Cover</description>
				<left>32</left>
				<bottom>0</bottom>
				<width>177</width>
				<height>260</height>
				<texture diffuse="covers/list-info-poster-diffuse.png" background="true">$VAR[ClearImageOSD2]</texture>
				<aspectratio aligny="bottom" align="left" scalediffuse="false">scale</aspectratio>
				<visible>!Skin.HasSetting(ShowClearArtOSD) + !Skin.HasSetting(ShowClearLogoOSD)</visible>
				<visible>![String.IsEmpty(Player.Art(poster)) + String.IsEmpty(Player.Art(tvshow.poster))]</visible>
			</control>
		</control>
		
		<control type="group">
			<visible>Window.IsActive(FullscreenVideo) + System.IdleTime(5)</visible>
			<left>22</left>
			<top>655</top>
			<include>FSSeekBar</include>
			<include>BottomPaneOpenCloseAnim</include>
			
			<control type="grouplist">
				<left>37</left>
				<top>12</top>
				<height>60</height>
				<width>410</width>
				<orientation>vertical</orientation>
				<itemgap>22</itemgap>
				<control type="label">
					<description>Title</description>
					<width>410</width>
					<font>OSDFont</font>
					<textcolor>ProgressColor</textcolor>
					<label>[UPPERCASE]$VAR[VideoPlayerSeekBar1Var][/UPPERCASE]</label>
				</control>
				<control type="label">
					<description>SeekbarLabels</description>
					<width>410</width>
					<font>OSDFont2</font>
					<textcolor>SelectedColor2</textcolor>
					<label>$VAR[VideoPlayerSeekBar2Var]</label>
				</control>
			</control>
		</control>
		
		<control type="group" id="682">
			<left>772</left>
			<top>655</top>
			<visible>Window.IsActive(FullscreenVideo) | Window.IsActive(FullscreenGame) | Window.IsActive(Visualisation)</visible>
			<include>FSSeekBar</include>
			<include>BottomPaneOpenCloseAnim</include>
			<animation effect="slide" end="-369,21" condition="Player.HasGame">Conditional</animation>
			
			<control type="group">
				<visible>!Player.HasGame</visible>
				<left>37</left>
				<top>39</top>
				
				<control type="progress">
					<description>Progressbar Cache</description>
					<width>412</width>
					<midtexture border="2">controls/scrollbar-slider-horz-nofocus.png</midtexture>
					<info>Player.ProgressCache</info>
					<animation effect="fade" end="50" condition="true">Conditional</animation>
				</control>
					
				<control type="progress" id="23">
					<description>Progressbar</description>
					<width>412</width>
					<info>Player.Progress</info>
					<visible>!VideoPlayer.HasEpg</visible>
				</control>
				
				<control type="progress" id="24">
					<description>Progressbar</description>
					<width>412</width>
					<info>PVR.EpgEventProgress</info>
					<visible>VideoPlayer.HasEpg</visible>
				</control>
				
				<control type="progress" id="401">
					<description>Progressbar</description>
					<width>412</width>
					<texturebg colordiffuse="00FFFFFF" border="4">controls/progress-background.png</texturebg>
					<colordiffuse>88FFFFFF</colordiffuse>
					<visible>Player.Seeking</visible>
				</control>
				
				<control type="ranges">
					<height>12</height>
					<lefttexture>white4.png</lefttexture>
					<midtexture colordiffuse="FFFF0000">white4.png</midtexture>
					<righttexture>white2.png</righttexture>
					<info>Player.Cutlist</info>
				</control>
				
				<control type="ranges">
					<top>5</top>
					<height>10</height>
					<righttexture colordiffuse="aaffffff">white2.png</righttexture>
					<info>Player.Chapters</info>
				</control>
			</control>
			
			<control type="grouplist">
				<left>37</left>
				<top>6</top>
				<height>40</height>
				<width>400</width>
				<usecontrolcoords>true</usecontrolcoords>
				<orientation>horizontal</orientation>
				<control type="label">
					<description>Elapsed/Duration Time</description>
					<top>5</top>
					<width min="0" max="250">auto</width>
					<font>OSDFont</font>
					<textcolor>ProgressColor</textcolor>
					<label>$VAR[TimeLabels]</label>
				</control>
				<control type="label">
					<description>SeekbarLabels</description>
					<top>5</top>
					<width min="0" max="250">auto</width>
					<font>OSDFont</font>
					<textcolor>SelectedColor2</textcolor>
					<textoffsetx>5</textoffsetx>
					<label>$VAR[SeekbarLabels]</label>
				</control>
			</control>

			<control type="grouplist">
				<description>Finish Time</description>
				<right>59</right>
				<top>6</top>
				<height>40</height>
				<width>200</width>
				<align>right</align>
				<usecontrolcoords>true</usecontrolcoords>
				<orientation>horizontal</orientation>
				<visible>Window.IsActive(FullScreenVideo) + !Player.HasGame</visible>
				<control type="image">
					<top>5</top>
					<width>28</width>
					<height>28</height>
					<texture>gui/notification-done.png</texture>
					<bordersize>2</bordersize>
				</control>
				<control type="label">
					<top>5</top>
					<width min="0" max="172">auto</width>
					<font>OSDFont</font>
					<textcolor>ProgressColor2</textcolor>
					<label>$VAR[FinishTimeLabels]</label>
				</control>
			</control>
			
			<control type="grouplist">
				<description>Time</description>
				<right>59</right>
				<top>6</top>
				<height>40</height>
				<width>200</width>
				<align>right</align>
				<usecontrolcoords>true</usecontrolcoords>
				<orientation>horizontal</orientation>
				<visible>[Window.IsActive(FullScreenVideo) | Window.IsActive(FullScreenGame)] + Player.HasGame + !Player.ShowInfo</visible>
				<control type="image">
					<top>5</top>
					<width>29</width>
					<height>29</height>
					<texture>gui/notification-clock.png</texture>
					<bordersize>2</bordersize>
				</control>
				<control type="label">
					<top>5</top>
					<width min="0" max="172">auto</width>
					<font>OSDFont</font>
					<textcolor>ProgressColor2</textcolor>
					<label>$INFO[System.Time]</label>
				</control>
			</control>
			
			<control type="grouplist">
				<description>Playlist</description>
				<right>59</right>
				<top>6</top>
				<height>40</height>
				<width>200</width>
				<align>right</align>
				<usecontrolcoords>true</usecontrolcoords>
				<orientation>horizontal</orientation>
				<visible>Window.IsActive(Visualisation)</visible>
				<control type="image">
					<top>5</top>
					<width>28</width>
					<height>28</height>
					<texture>gui/notification-playlist.png</texture>
					<bordersize>2</bordersize>
				</control>
				<control type="label">
					<top>5</top>
					<width min="0" max="172">auto</width>
					<font>OSDFont</font>
					<textcolor>ProgressColor2</textcolor>
					<label>$INFO[MusicPlayer.PlaylistPosition] $INFO[MusicPlayer.PlaylistLength,/ ]</label>
				</control>
			</control>
		</control>
	</controls>
</window>