<?xml version="1.0" encoding="UTF-8"?>
<window>
	<defaultcontrol always="true">987</defaultcontrol>
	<menucontrol>987</menucontrol>
	<!--<onload condition="String.IsEqual(ListItem.DBTYPE,artist)">RunScript(script.extendedinfo,info=artistdetails,artistname='$ESCINFO[ListItem.Artist]',silent=False)</onload>
	<onload condition="String.IsEqual(ListItem.DBTYPE,album)">RunScript(script.extendedinfo,info=artistdetails,info=albuminfo,artistname='$ESCINFO[ListItem.Artist]',albumname='$ESCINFO[ListItem.Album]',silent=False)</onload>-->
	<onunload condition="!String.IsEmpty(Skin.String(MusicInfoMenubar))">Skin.Reset(MusicInfoMenubar)</onunload>
	<onunload>Skin.Reset(MusicInfoTracksReviewToggle)</onunload>
	<include>ControlsOpenCloseAnim</include>
	
	<controls>
		<control type="group">
			<depth>DepthBackground</depth>
			<include>BackgroundDefault</include>
			<include condition="[[!String.IsEmpty(Skin.String(CustomMusicBGPath)) + [Skin.String(CustomMusicBGType,2) | Skin.String(CustomMusicBGType,3)]] 
			| Skin.String(CustomMusicBGType,4)] + Skin.HasSetting(ApplyAllMusicCustomBG)">BackgroundMusic</include>
			<include>BackgroundMusicFanart</include>
			<include condition="!Skin.HasSetting(DisableVideoPlayingBG)">BackgroundVideoPlaying</include>
			<include condition="!Skin.HasSetting(DisableMusicPlayingBG)">BackgroundMusicPlaying</include>
			<include>BackgroundOpenCloseAnim</include>
			<include>FSMediaInfoBackgroundDim2</include>
		</control>
		
		<control type="group">
			<visible>![Window.IsActive(script-script.extendedinfo-DialogInfo.xml) | Window.IsActive(script-script.extendedinfo-DialogVideoInfo.xml)]</visible>
			<depth>DepthContent</depth>
			
			<control type="group">
				<left>100</left>
				<top>121</top>
				
				<control type="image">
					<description>Album / Artist Cover Image</description>
					<width>328</width>
					<height>328</height>
					<info>ListItem.Thumb</info>
					<bordertexture border="4">covers/cover-case2.png</bordertexture>
					<bordersize>4</bordersize>
					<aspectratio align="center" aligny="center">scale</aspectratio>
					<fadetime>IconCrossfadeTime</fadetime>
					<include>FSMediaInfoOpenCloseAnim</include>
					<visible>!String.IsEmpty(ListItem.Thumb)</visible>
				</control>
				
				<control type="image">
					<description>Default Album Cover Image</description>
					<width>328</width>
					<height>328</height>
					<texture>DefaultAudio.png</texture>
					<bordertexture border="4">covers/cover-case2.png</bordertexture>
					<bordersize>50</bordersize>
					<aspectratio>keep</aspectratio>
					<include>FSMediaInfoOpenCloseAnim</include>
					<visible>[String.IsEqual(ListItem.DBTYPE,album) | String.IsEqual(ListItem.DBTYPE,song)] + String.IsEmpty(ListItem.Thumb)</visible>
					<animation effect="fade" end="70" condition="true">Conditional</animation>
				</control>
				
				<control type="image">
					<description>Default Artist Cover Image</description>
					<width>328</width>
					<height>328</height>
					<texture>DefaultArtist.png</texture>
					<bordertexture border="4">covers/cover-case2.png</bordertexture>
					<bordersize>50</bordersize>
					<aspectratio>keep</aspectratio>
					<include>FSMediaInfoOpenCloseAnim</include>
					<visible>String.IsEqual(ListItem.DBTYPE,artist) + String.IsEmpty(ListItem.Thumb)</visible>
					<animation effect="fade" end="70" condition="true">Conditional</animation>
				</control>
			</control>
		
			<control type="group">
				<left>470</left>
				<top>79</top>
				
				<control type="label">
					<description>Title</description>
					<top>32</top>
					<width>710</width>
					<align>center</align>
					<font>FullMediaInfoTitleFont3</font>
					<textcolor>MediaInfoTitleColor</textcolor>
					<shadowcolor>ShadowColor</shadowcolor>
					<label>[UPPERCASE]$VAR[MusicInfoLabel1][/UPPERCASE]</label>
					<scroll>true</scroll>
				</control>
				
				<control type="image">
					<top>80</top>
					<width>710</width>
					<height>2</height>
					<animation effect="fade" end="30" condition="true">Conditional</animation>
					<texture>views/videoinfo-separator.png</texture>
				</control>
				
				<control type="label">
					<description>Genre</description>
					<top>87</top>
					<width>710</width>
					<align>center</align>
					<font>FullMediaInfoTitleFont2</font>
					<textcolor>MediaInfoTitleColor2</textcolor>
					<shadowcolor>ShadowColor</shadowcolor>
					<label fallback="31000">[UPPERCASE]$VAR[MusicInfoLabel2][/UPPERCASE]</label>
				</control>
				
				<control type="image">
					<top>118</top>
					<width>710</width>
					<height>2</height>
					<animation effect="fade" end="30" condition="true">Conditional</animation>
					<texture>views/videoinfo-separator.png</texture>
				</control>
			</control>
		
			<control type="list" id="901">
				<left>465</left>
				<top>199</top>
				<width>720</width>
				<height>249</height>
				<onup>505</onup>
				<ondown condition="Control.IsVisible(50)">50</ondown>
				<ondown condition="Control.IsVisible(966)">966</ondown>
				<ondown condition="Control.IsVisible(967)">967</ondown>
				<ondown condition="Control.IsVisible(968)">968</ondown>
				<ondown condition="Control.IsVisible(969)">969</ondown>
				<ondown condition="![Control.IsVisible(50) | Control.IsVisible(966) | Control.IsVisible(967) | Control.IsVisible(968) | Control.IsVisible(969)] + Control.IsVisible(61)">61</ondown>
				<onleft>505</onleft>
				<onright condition="Control.IsVisible(61)">61</onright>
				<itemlayout height="31">
					<control type="image">
						<top>29</top>
						<left>5</left>
						<width>710</width>
						<height>2</height>
						<animation effect="fade" end="30" condition="true">Conditional</animation>
						<texture>views/videoinfo-separator.png</texture>
					</control>
					<control type="image">
						<left>170</left>
						<width>1</width>
						<height>34</height>
						<animation effect="fade" end="25" condition="true">Conditional</animation>
						<texture border="1,0,0,10" flipy="true">views/videoinfo-separator.png</texture>
					</control>
					<control type="label">
						<left>5</left>
						<width>165</width>
						<height>31</height>
						<font>FullMediaInfoFont</font>
						<aligny>center</aligny>
						<textcolor>MediaInfoItemColor</textcolor>
						<shadowcolor>ShadowColor</shadowcolor>
						<label>[UPPERCASE]$INFO[ListItem.Label][/UPPERCASE]</label>
					</control>
					<control type="label">
						<left>179</left>
						<width>533</width>
						<height>31</height>
						<font>FullMediaInfoFont2</font>
						<aligny>center</aligny>
						<textcolor>MediaInfoItemColor2</textcolor>
						<shadowcolor>ShadowColor</shadowcolor>
						<label fallback="31000">$INFO[ListItem.Label2]</label>
					</control>
				</itemlayout>
				<focusedlayout height="31">
					<control type="image">
						<top>29</top>
						<left>5</left>
						<width>710</width>
						<height>2</height>
						<animation effect="fade" end="30" condition="true">Conditional</animation>
						<texture>views/videoinfo-separator.png</texture>
					</control>
					<control type="image">
						<left>170</left>
						<width>1</width>
						<height>34</height>
						<animation effect="fade" end="25" condition="true">Conditional</animation>
						<texture border="1,0,0,10" flipy="true">views/videoinfo-separator.png</texture>
						<animation effect="fade" start="100" end="0" condition="Control.HasFocus(901)">Conditional</animation>
					</control>
					<control type="image">
						<width>720</width>
						<height>31</height>
						<texture border="4">views/list-focus.png</texture>
						<aspectratio>stretch</aspectratio>
						<visible>Control.HasFocus(901)</visible>
						<include>ListViewSelectFadeAnim</include>
						<include condition="![Skin.String(LowCPUPowerMode,Animations) | Skin.String(LowCPUPowerMode,Full)]">MediaInfoListScrollAnim2</include>
					</control>
					<control type="label">
						<left>5</left>
						<width>165</width>
						<height>31</height>
						<font>FullMediaInfoFont</font>
						<aligny>center</aligny>
						<textcolor>MediaInfoItemColor</textcolor>
						<shadowcolor>ShadowColor</shadowcolor>
						<label>[UPPERCASE]$INFO[ListItem.Label][/UPPERCASE]</label>
					</control>
					<control type="label">
						<left>179</left>
						<width>533</width>
						<height>31</height>
						<font>FullMediaInfoFont2</font>
						<aligny>center</aligny>
						<textcolor>MediaInfoItemColor2</textcolor>
						<shadowcolor>ShadowColor</shadowcolor>
						<label fallback="31000">$INFO[ListItem.Label2]</label>
					</control>
				</focusedlayout>
				<content>
					<item id="1">
						<description>Artist</description>
						<label>$LOCALIZE[557]</label>
						<label2>$INFO[ListItem.Artist]</label2>
						<onclick condition="!System.HasAddon(script.libraryeditor) + !System.HasAddon(script.extendedinfo)">InstallAddon(script.extendedinfo)</onclick>
						<onclick condition="System.HasAddon(script.libraryeditor) + System.HasAddon(script.extendedinfo)">Skin.SetString(DialogVideoInfoButtonMenu,artist)</onclick>
						<onclick condition="System.HasAddon(script.libraryeditor) + System.HasAddon(script.extendedinfo)">ActivateWindow(1105)</onclick>
						<onclick condition="!System.HasAddon(script.libraryeditor) + System.HasAddon(script.extendedinfo)">RunScript(script.extendedinfo,info=extendedactorinfo,name=$INFO[ListItem.Artist])</onclick>
						<onclick condition="System.HasAddon(script.libraryeditor) + !System.HasAddon(script.extendedinfo)">RunScript(script.libraryeditor,DBID=$INFO[ListItem.DBID]&amp;tag=arr_artist&amp;type=Album)</onclick>
						<visible>String.IsEqual(ListItem.DBTYPE,album)</visible>
					</item>
					<item id="2">
						<description>Type</description>
						<label>$LOCALIZE[564]</label>
						<label2>$INFO[ListItem.Property(Album_Type)]</label2>
						<!--<onclick condition="System.HasAddon(script.libraryeditor)">RunScript(script.libraryeditor,DBID=$INFO[ListItem.DBID]&amp;tag=type&amp;type=Album)</onclick>-->
						<visible>String.IsEqual(ListItem.DBTYPE,album) + !String.IsEmpty(ListItem.Property(Album_Type))</visible>
					</item>
					<item id="3">
						<description>Record Label</description>
						<label>$LOCALIZE[21899]</label>
						<label2>$INFO[ListItem.Property(Album_Label)]</label2>
						<onclick condition="System.HasAddon(script.libraryeditor)">RunScript(script.libraryeditor,DBID=$INFO[ListItem.DBID]&amp;tag=albumlabel&amp;type=Album)</onclick>
						<visible>String.IsEqual(ListItem.DBTYPE,album) + !String.IsEmpty(ListItem.Property(Album_Label))</visible>
					</item>
					<item id="4">
						<description>Year</description>
						<label>$LOCALIZE[345]</label>
						<label2>$INFO[ListItem.Year]</label2>
						<onclick condition="System.HasAddon(script.libraryeditor)">RunScript(script.libraryeditor,DBID=$INFO[ListItem.DBID]&amp;tag=year&amp;type=Album)</onclick>
						<visible>String.IsEqual(ListItem.DBTYPE,album) + !String.IsEmpty(ListItem.Year)</visible>
					</item>
					<item id="5">
						<description>Songs</description>
						<label>$LOCALIZE[134]</label>
						<label2>$INFO[Window(home).Property(SkinHelper.ListItem.SongCount)]</label2>
						<visible>String.IsEqual(ListItem.DBTYPE,album) + !String.IsEmpty(Window(home).Property(SkinHelper.ListItem.SongCount)) + System.HasAddon(script.skin.helper.service)</visible>
					</item>
					<item id="6">
						<description>Moods</description>
						<label>$LOCALIZE[175]</label>
						<label2>$INFO[ListItem.Property(Album_Mood)]</label2>
						<onclick condition="System.HasAddon(script.libraryeditor)">RunScript(script.libraryeditor,DBID=$INFO[ListItem.DBID]&amp;tag=album_mood&amp;type=Album)</onclick>
						<visible>String.IsEqual(ListItem.DBTYPE,album) + !String.IsEmpty(ListItem.Property(Album_Mood))</visible>
					</item>
					<item id="7">
						<description>Styles</description>
						<label>$LOCALIZE[176]</label>
						<label2>$INFO[ListItem.Property(Album_Style)]</label2>
						<onclick condition="System.HasAddon(script.libraryeditor)">RunScript(script.libraryeditor,DBID=$INFO[ListItem.DBID]&amp;tag=album_style&amp;type=Album)</onclick>
						<visible>String.IsEqual(ListItem.DBTYPE,album) + !String.IsEmpty(ListItem.Property(Album_Style))</visible>
					</item>
					<item id="8">
						<description>Themes</description>
						<label>$LOCALIZE[21895]</label>
						<label2>$INFO[ListItem.Property(Album_Theme)]</label2>
						<onclick condition="System.HasAddon(script.libraryeditor)">RunScript(script.libraryeditor,DBID=$INFO[ListItem.DBID]&amp;tag=themes&amp;type=Album)</onclick>
						<visible>String.IsEqual(ListItem.DBTYPE,album) + !String.IsEmpty(ListItem.Property(Album_Theme))</visible>
					</item>
					<item id="9">
						<description>Rating</description>
						<label>$LOCALIZE[563]</label>
						<label2>$INFO[ListItem.RatingAndVotes]</label2>
						<onclick condition="System.HasAddon(script.libraryeditor)">RunScript(script.libraryeditor,DBID=$INFO[ListItem.DBID]&amp;tag=rating&amp;type=Album)</onclick>
						<visible>String.IsEqual(ListItem.DBTYPE,album) + !String.IsEmpty(ListItem.Rating)</visible>
					</item>
					<item id="10">
						<description>User Rating</description>
						<label>$LOCALIZE[38018]</label>
						<label2>$INFO[ListItem.UserRating]</label2>
						<onclick>SendClick(7)</onclick>
						<visible>String.IsEqual(ListItem.DBTYPE,album) + !String.IsEmpty(ListItem.UserRating)</visible>
					</item>
					<item id="11">
						<description>File Path</description>
						<label>$LOCALIZE[573]</label>
						<label2>$INFO[ListItem.FileNameAndPath]</label2>
						<onclick condition="System.HasAddon(script.skin.helper.service)">RunScript(script.skin.helper.service,action=textviewer,header=$LOCALIZE[573],message=$INFO[ListItem.FileNameAndPath])</onclick>
						<onclick condition="!System.HasAddon(script.skin.helper.service)">InstallAddon(script.skin.helper.service)</onclick>
						<visible>String.IsEqual(ListItem.DBTYPE,album)</visible>
					</item>
					<item id="12">
						<description>Born</description>
						<label>$LOCALIZE[21893]</label>
						<label2>$INFO[ListItem.Property(Artist_Born)]</label2>
						<onclick condition="System.HasAddon(script.libraryeditor)">RunScript(script.libraryeditor,DBID=$INFO[ListItem.DBID]&amp;tag=born&amp;type=Artist)</onclick>
						<visible>String.IsEqual(ListItem.DBTYPE,artist) + !String.IsEmpty(ListItem.Property(Artist_Born))</visible>
					</item>
					<item id="13">
						<description>Formed</description>
						<label>$LOCALIZE[21894]</label>
						<label2>$INFO[ListItem.Property(Artist_Formed)]</label2>
						<onclick condition="System.HasAddon(script.libraryeditor)">RunScript(script.libraryeditor,DBID=$INFO[ListItem.DBID]&amp;tag=formed&amp;type=Artist)</onclick>
						<visible>String.IsEqual(ListItem.DBTYPE,artist) + !String.IsEmpty(ListItem.Property(Artist_Formed))</visible>
					</item>
					<item id="14">
						<description>Formed / Born</description>
						<label>$LOCALIZE[21893] / $LOCALIZE[21894]</label>
						<label2>$LOCALIZE[31001]</label2>
						<visible>String.IsEqual(ListItem.DBTYPE,artist) + String.IsEmpty(ListItem.Property(Artist_Formed)) + String.IsEmpty(ListItem.Property(Artist_Born)) + !System.HasAddon(script.skin.helper.service)</visible>
					</item>
					<item id="15">
						<description>Died</description>
						<label>$LOCALIZE[21897]</label>
						<label2>$INFO[ListItem.Property(Artist_Died)]</label2>
						<onclick condition="System.HasAddon(script.libraryeditor)">RunScript(script.libraryeditor,DBID=$INFO[ListItem.DBID]&amp;tag=died&amp;type=Artist)</onclick>
						<visible>!String.IsEmpty(ListItem.Property(Artist_Died)) + String.IsEqual(ListItem.DBTYPE,artist)</visible>
					</item>
					<item id="16">
						<description>Disbanded</description>
						<label>$LOCALIZE[21896]</label>
						<label2>$INFO[ListItem.Property(Artist_Disbanded)]</label2>
						<onclick condition="System.HasAddon(script.libraryeditor)">RunScript(script.libraryeditor,DBID=$INFO[ListItem.DBID]&amp;tag=disbanded&amp;type=Artist)</onclick>
						<visible>String.IsEqual(ListItem.DBTYPE,artist) + !String.IsEmpty(ListItem.Property(Artist_Disbanded))</visible>
					</item>
					<item id="17">
						<description>Disbanded / Died</description>
						<label>$LOCALIZE[21896] / $LOCALIZE[21897]</label>
						<label2>$LOCALIZE[31001]</label2>
						<visible>String.IsEqual(ListItem.DBTYPE,artist) + String.IsEmpty(ListItem.Property(Artist_Disbanded)) + String.IsEmpty(ListItem.Property(Artist_Died)) + !System.HasAddon(script.skin.helper.service)</visible>
					</item>
					<item id="18">
						<description>Years Active</description>
						<label>$LOCALIZE[21898]</label>
						<label2>$INFO[ListItem.Property(Artist_YearsActive)]</label2>
						<onclick condition="System.HasAddon(script.libraryeditor)">RunScript(script.libraryeditor,DBID=$INFO[ListItem.DBID]&amp;tag=yearsactive&amp;type=Artist)</onclick>
						<visible>String.IsEqual(ListItem.DBTYPE,artist) + !String.IsEmpty(ListItem.Property(Artist_YearsActive))</visible>
					</item>
					<item id="19">
						<description>Albums</description>
						<label>$LOCALIZE[132]</label>
						<label2>$INFO[Window(home).Property(SkinHelper.ListItem.AlbumCount)]</label2>
						<visible>String.IsEqual(ListItem.DBTYPE,artist) + System.HasAddon(script.skin.helper.service) + !String.IsEmpty(Window(home).Property(SkinHelper.ListItem.AlbumCount))</visible>
					</item>
					<item id="20">
						<description>Moods</description>
						<label>$LOCALIZE[175]</label>
						<label2>$INFO[ListItem.Property(Artist_Mood)]</label2>
						<onclick condition="System.HasAddon(script.libraryeditor)">RunScript(script.libraryeditor,DBID=$INFO[ListItem.DBID]&amp;tag=artist_mood&amp;type=Artist)</onclick>
						<visible>String.IsEqual(ListItem.DBTYPE,artist) + !String.IsEmpty(ListItem.Property(Artist_Mood))</visible>
					</item>
					<item id="21">
						<description>Styles</description>
						<label>$LOCALIZE[176]</label>
						<label2>$INFO[ListItem.Property(Artist_Style)]</label2>
						<onclick condition="System.HasAddon(script.libraryeditor)">RunScript(script.libraryeditor,DBID=$INFO[ListItem.DBID]&amp;tag=artist_style&amp;type=Artist)</onclick>
						<visible>String.IsEqual(ListItem.DBTYPE,artist) + !String.IsEmpty(ListItem.Property(Artist_Style))</visible>
					</item>
					<item id="22">
						<description>Instruments</description>
						<label>$LOCALIZE[21892]</label>
						<label2>$INFO[ListItem.Property(Artist_Instrument)]</label2>
						<onclick condition="System.HasAddon(script.libraryeditor)">RunScript(script.libraryeditor,DBID=$INFO[ListItem.DBID]&amp;tag=instruments&amp;type=Artist)</onclick>
						<visible>String.IsEqual(ListItem.DBTYPE,artist) + !String.IsEmpty(ListItem.Property(Artist_Instruments))</visible>
					</item>
					<item id="23">
						<description>Genre</description>
						<label>$LOCALIZE[515]</label>
						<label2>$INFO[ListItem.Genre]</label2>
						<onclick condition="System.HasAddon(script.libraryeditor)">RunScript(script.libraryeditor,DBID=$INFO[ListItem.DBID]&amp;tag=genre&amp;type=Song)</onclick>
						<visible>String.IsEqual(ListItem.DBTYPE,song) + !String.IsEmpty(ListItem.Genre)</visible>
					</item>
					<item id="24">
						<description>Album</description>
						<label>$LOCALIZE[558]</label>
						<label2>$INFO[ListItem.Album]</label2>
						<onclick condition="System.HasAddon(script.libraryeditor)">RunScript(script.libraryeditor,DBID=$INFO[ListItem.DBID]&amp;tag=album&amp;type=Song)</onclick>
						<visible>String.IsEqual(ListItem.DBTYPE,song) + !String.IsEmpty(ListItem.Album)</visible>
					</item>
					<item id="25">
						<description>Year</description>
						<label>$LOCALIZE[345]</label>
						<label2>$INFO[ListItem.Year]</label2>
						<onclick condition="System.HasAddon(script.libraryeditor)">RunScript(script.libraryeditor,DBID=$INFO[ListItem.DBID]&amp;tag=year&amp;type=Song)</onclick>
						<visible>String.IsEqual(ListItem.DBTYPE,song) + !String.IsEmpty(ListItem.Year)</visible>
					</item>
					<item id="26">
						<description>Rating</description>
						<label>$LOCALIZE[38018]</label>
						<label2>$INFO[ListItem.RatingAndVotes]</label2>
						<onclick condition="System.HasAddon(script.libraryeditor)">RunScript(script.libraryeditor,DBID=$INFO[ListItem.DBID]&amp;tag=Rating&amp;type=Song)</onclick>
						<visible>String.IsEqual(ListItem.DBTYPE,song) + !String.IsEmpty(ListItem.Rating)</visible>
					</item>
					<item id="27">
						<description>User Rating</description>
						<label>$LOCALIZE[38018]</label>
						<label2>$INFO[ListItem.UserRating]</label2>
						<onclick>SendClick(7)</onclick>
						<visible>String.IsEqual(ListItem.DBTYPE,song) + !String.IsEmpty(ListItem.UserRating)</visible>
					</item>
					<item id="28">
						<description>Mood</description>
						<label>$LOCALIZE[175]</label>
						<label2>$INFO[ListItem.Mood]</label2>
						<visible>String.IsEqual(ListItem.DBTYPE,song) + !String.IsEmpty(ListItem.Mood)</visible>
					</item>
					<item id="29">
						<description>Track</description>
						<label>$LOCALIZE[554]</label>
						<label2>$INFO[ListItem.TrackNumber]</label2>
						<onclick condition="System.HasAddon(script.libraryeditor)">RunScript(script.libraryeditor,DBID=$INFO[ListItem.DBID]&amp;tag=Track&amp;type=Song)</onclick>
						<visible>String.IsEqual(ListItem.DBTYPE,song) + !String.IsEmpty(ListItem.TrackNumber)</visible>
					</item>
					<item id="30">
						<description>File Path</description>
						<label>$LOCALIZE[21801]</label>
						<label2>$INFO[ListItem.FileNameAndPath]</label2>
						<onclick condition="System.HasAddon(script.skin.helper.service)">RunScript(script.skin.helper.service,action=textviewer,header=$LOCALIZE[573],message=$INFO[ListItem.FileNameAndPath])</onclick>
						<onclick condition="!System.HasAddon(script.skin.helper.service)">InstallAddon(script.skin.helper.service)</onclick>
						<visible>String.IsEqual(ListItem.DBTYPE,song)</visible>
					</item>
				</content>
			</control>
			
			<control type="image">
				<left>100</left>
				<top>640</top>
				<width>1080</width>
				<height>2</height>
				<animation effect="fade" end="30" condition="true">Conditional</animation>
				<texture>views/videoinfo-separator.png</texture>
			</control>
			
			<control type="textbox" id="902">
				<description>Album Description/Artist Bio Value/Song Comment</description>
				<left>100</left>
				<top>462</top>
				<width>1080</width>
				<height>163</height>
				<font>FullMediaInfoDescFont</font>
				<textcolor>MediaInfoColor</textcolor>
				<shadowcolor>ShadowColor</shadowcolor>
				<align>justify</align>
				<pagecontrol>61</pagecontrol>
				<label>$VAR[MusicInfoTextbox]</label>
				<visible>!Control.IsVisible(50) + String.IsEmpty(Skin.String(MusicInfoMenubar))
				+ ![[String.IsEqual(ListItem.DBTYPE,artist) + String.IsEmpty(ListItem.Property(Artist_Description))] | [String.IsEqual(ListItem.DBTYPE,album) + String.IsEmpty(ListItem.Property(Album_Description))] | [String.IsEqual(ListItem.DBTYPE,song) + String.IsEmpty(ListItem.Comment)]]</visible>
				<autoscroll time="2000" delay="6000" repeat="10000">true</autoscroll>
				<include>FSMediaInfoOpenCloseAnim</include>
			</control>
			
			<control type="label">
				<left>100</left>
				<top>462</top>
				<width>1080</width>
				<font>FullMediaInfoDescFont</font>
				<textcolor>MediaInfoColor</textcolor>
				<shadowcolor>ShadowColor</shadowcolor>
				<label>$VAR[MusicInfoTextboxFallback]</label>
				<visible>!Control.IsVisible(50) + String.IsEmpty(Skin.String(MusicInfoMenubar))
				+ [[String.IsEqual(ListItem.DBTYPE,artist) + String.IsEmpty(ListItem.Property(Artist_Description))] | [String.IsEqual(ListItem.DBTYPE,album) + String.IsEmpty(ListItem.Property(Album_Description))] | [String.IsEqual(ListItem.DBTYPE,song) + String.IsEmpty(ListItem.Comment)]]</visible>
				<include>FSMediaInfoOpenCloseAnim</include>
			</control>
			
			<control type="group" id="965">
				<control type="panel" id="50">
					<left>100</left>
					<top>459</top>
					<width>1086</width>
					<height>175</height>
					<pagecontrol>61</pagecontrol>
					<scrolltime>200</scrolltime>
					<orientation>horizontal</orientation>
					<include>FSMediaInfoOpenCloseAnim</include>
					<onup>901</onup>
					<ondown condition="Control.IsVisible(61)">61</ondown>
					<onleft>987</onleft>
					<onright condition="Control.IsVisible(61)">61</onright>
					<visible>String.IsEmpty(Skin.String(MusicInfoMenubar)) + Skin.HasSetting(MusicInfoTracksReviewToggle) + [String.IsEqual(ListItem.DBTYPE,album) | String.IsEqual(ListItem.DBTYPE,artist) | String.IsEqual(ListItem.DBTYPE,song)]</visible>
					<itemlayout condition="String.IsEqual(ListItem.DBTYPE,album)" height="35" width="360">
						<control type="image">
							<left>5</left>
							<top>5</top>
							<width>24</width>
							<height>24</height>
							<texture background="true">DefaultAudio.png.png</texture>
						</control>
						<control type="label">
							<left>35</left>
							<width>320</width>
							<height>33</height>
							<font>FullMediaInfoDescFont</font>
							<textcolor>GreyColor2</textcolor>
							<selectedcolor>SelectedColor</selectedcolor>
							<shadowcolor>ShadowColor</shadowcolor>
							<align>left</align>
							<aligny>center</aligny>
							<label>$INFO[ListItem.TrackNumber,,.] $INFO[ListItem.Label]</label>
						</control>
					</itemlayout>
					<focusedlayout condition="String.IsEqual(ListItem.DBTYPE,album)" height="35" width="360">
						<control type="image">
							<width>360</width>
							<height>33</height>
							<texture border="4">views/list-focus.png</texture>
							<include>ListViewSelectFadeAnim</include>
						</control>
						<control type="image">
							<left>5</left>
							<top>5</top>
							<width>24</width>
							<height>24</height>
							<texture background="true">DefaultAudio.png.png</texture>
						</control>
						<control type="label">
							<left>35</left>
							<width>320</width>
							<height>33</height>
							<font>FullMediaInfoDescFont</font>
							<textcolor>GreyColor2</textcolor>
							<selectedcolor>SelectedColor</selectedcolor>
							<shadowcolor>ShadowColor</shadowcolor>
							<align>left</align>
							<aligny>center</aligny>
							<label>$INFO[ListItem.TrackNumber,,.] $INFO[ListItem.Label]</label>
						</control>
					</focusedlayout>
					<itemlayout condition="String.IsEqual(ListItem.DBTYPE,artist)" height="173" width="181">
						<control type="image">
							<width>173</width>
							<height>173</height>
							<bordertexture border="4">covers/cover-case2.png</bordertexture>
							<bordersize>4</bordersize>
							<aspectratio align="center" aligny="center">scale</aspectratio>
							<texture background="true">$INFO[ListItem.Thumb]</texture>
						</control>
						<control type="image">
							<width>173</width>
							<height>173</height>
							<texture border="4">covers/cover-case2.png</texture>
							<visible>String.IsEmpty(ListItem.Thumb)</visible>
						</control>
						<control type="image">
							<top>2</top>
							<width>173</width>
							<height>142</height>
							<texture background="true">DefaultAudio.png</texture>
							<aspectratio align="center" aligny="top">keep</aspectratio>
							<visible>String.IsEmpty(ListItem.Thumb)</visible>
						</control>
						<control type="image">
							<left>10</left>
							<top>137</top>
							<width>153</width>
							<height>27</height>
							<texture border="8">views/genre-background.png</texture>
							<visible>!String.IsEmpty(ListItem.Label)</visible>
						</control>
						<control type="label">
							<left>15</left>
							<top>141</top>
							<width>143</width>
							<align>center</align>
							<font>SubMenuArrowFont</font>
							<textcolor>WhiteColor</textcolor>
							<shadowcolor>ShadowColor</shadowcolor>
							<label>$INFO[ListItem.Label]$INFO[ListItem.Label2, (,)]</label>
							<visible>!String.IsEmpty(ListItem.Label)</visible>
						</control>
					</itemlayout>
					<focusedlayout condition="String.IsEqual(ListItem.DBTYPE,artist)" height="173" width="181">
						<control type="group">
							<include>ListViewCoverFocusAnim</include>
							<control type="image">
								<width>173</width>
								<height>173</height>
								<texture border="4">covers/cover-case-noshadow-focus.png</texture>
								<include>ListViewOverlayFadeAnim</include>
							</control>
							<control type="image">
								<width>173</width>
								<height>173</height>
								<texture border="4">black.png</texture>
								<bordersize>3</bordersize>
								<visible>String.IsEmpty(ListItem.Thumb)</visible>
							</control>
							<control type="image">
								<top>2</top>
								<width>173</width>
								<height>142</height>
								<texture background="true">DefaultAudio.png</texture>
								<aspectratio align="center" aligny="top">keep</aspectratio>
								<visible>String.IsEmpty(ListItem.Thumb)</visible>
							</control>
							<control type="image">
								<top>2</top>
								<left>2</left>
								<width>169</width>
								<height>169</height>
								<bordertexture border="4">black.png</bordertexture>
								<bordersize>2</bordersize>
								<aspectratio align="center" aligny="center">scale</aspectratio>
								<texture background="true">$INFO[ListItem.Thumb]</texture>
							</control>
							<control type="image">
								<left>10</left>
								<top>137</top>
								<width>153</width>
								<height>27</height>
								<texture border="8">views/genre-background.png</texture>
								<visible>!String.IsEmpty(ListItem.Label)</visible>
							</control>
							<control type="label">
								<left>15</left>
								<top>141</top>
								<width>143</width>
								<align>center</align>
								<font>SubMenuArrowFont</font>
								<textcolor>SelectedColor2</textcolor>
								<shadowcolor>ShadowColor</shadowcolor>
								<label>$INFO[ListItem.Label]$INFO[ListItem.Label2, (,)]</label>
								<visible>!String.IsEmpty(ListItem.Label)</visible>
							</control>
						</control>
					</focusedlayout>
					<itemlayout condition="String.IsEqual(ListItem.DBTYPE,song)" height="35" width="360">
						<control type="image">
							<left>5</left>
							<top>5</top>
							<width>24</width>
							<height>24</height>
							<texture background="true">DefaultActor.png.png</texture>
						</control>
						<control type="label">
							<left>35</left>
							<width>320</width>
							<height>33</height>
							<font>FullMediaInfoDescFont</font>
							<textcolor>GreyColor2</textcolor>
							<selectedcolor>SelectedColor</selectedcolor>
							<shadowcolor>ShadowColor</shadowcolor>
							<align>left</align>
							<aligny>center</aligny>
							<label>$INFO[ListItem.Label,,: ]$INFO[ListItem.Label2]</label>
						</control>
					</itemlayout>
					<focusedlayout condition="String.IsEqual(ListItem.DBTYPE,song)" height="35" width="360">
						<control type="image">
							<width>360</width>
							<height>33</height>
							<texture border="4">views/list-focus.png</texture>
							<include>ListViewSelectFadeAnim</include>
						</control>
						<control type="image">
							<left>5</left>
							<top>5</top>
							<width>24</width>
							<height>24</height>
							<texture background="true">DefaultActor.png.png</texture>
						</control>
						<control type="label">
							<left>35</left>
							<width>320</width>
							<height>33</height>
							<font>FullMediaInfoDescFont</font>
							<textcolor>GreyColor2</textcolor>
							<selectedcolor>SelectedColor</selectedcolor>
							<shadowcolor>ShadowColor</shadowcolor>
							<align>left</align>
							<aligny>center</aligny>
							<label>$INFO[ListItem.Label,,: ]$INFO[ListItem.Label2]</label>
						</control>
					</focusedlayout>
				</control>
			</control>
			
			<control type="panel" id="966">
				<description>Most Loved Tracks</description>
				<left>100</left>
				<top>459</top>
				<width>1084</width>
				<height>173</height>
				<scrolltime>200</scrolltime>
				<pagecontrol>61</pagecontrol>
				<orientation>horizontal</orientation>
				<onleft>987</onleft>
				<ondown condition="Control.IsVisible(61)">61</ondown>
				<onup>901</onup>
				<onright condition="Control.IsVisible(61)">61</onright>
				<include>FSMediaInfoOpenCloseAnim</include>
				<visible>Skin.String(MusicInfoMenubar,MostLovedTracks)</visible>
				<itemlayout height="173" width="271">
					<control type="image">
						<width>268</width>
						<height>173</height>
						<bordertexture border="4">covers/cover-case2.png</bordertexture>
						<bordersize>4</bordersize>
						<aspectratio align="center" aligny="center">scale</aspectratio>
						<texture background="true">$INFO[ListItem.Thumb]</texture>
					</control>
					<control type="image">
						<width>268</width>
						<height>173</height>
						<texture border="4">covers/cover-case2.png</texture>
						<visible>String.IsEmpty(ListItem.Thumb)</visible>
					</control>
					<control type="image">
						<top>2</top>
						<width>268</width>
						<height>142</height>
						<texture background="true">DefaultAudio.png</texture>
						<aspectratio align="center" aligny="top">keep</aspectratio>
						<visible>String.IsEmpty(ListItem.Thumb)</visible>
					</control>
					<control type="image">
						<left>10</left>
						<top>137</top>
						<width>248</width>
						<height>27</height>
						<texture border="8">views/genre-background.png</texture>
						<visible>!String.IsEmpty(ListItem.Label)</visible>
					</control>
					<control type="label">
						<left>15</left>
						<top>141</top>
						<width>238</width>
						<align>center</align>
						<font>SubMenuArrowFont</font>
						<textcolor>WhiteColor</textcolor>
						<shadowcolor>ShadowColor</shadowcolor>
						<label>$INFO[ListItem.Label]</label>
						<visible>!String.IsEmpty(ListItem.Label)</visible>
					</control>
				</itemlayout>
				<focusedlayout height="173" width="271">
					<control type="group">
						<include>ListViewCoverFocusAnim</include>
						<control type="image">
							<width>268</width>
							<height>173</height>
							<texture border="4">covers/cover-case-noshadow-focus.png</texture>
							<include>ListViewOverlayFadeAnim</include>
						</control>
						<control type="image">
							<width>268</width>
							<height>173</height>
							<texture border="4">black.png</texture>
							<bordersize>3</bordersize>
							<visible>String.IsEmpty(ListItem.Thumb)</visible>
						</control>
						<control type="image">
							<top>2</top>
							<width>268</width>
							<height>142</height>
							<texture background="true">DefaultAudio.png</texture>
							<aspectratio align="center" aligny="top">keep</aspectratio>
							<visible>String.IsEmpty(ListItem.Thumb)</visible>
						</control>
						<control type="image">
							<top>2</top>
							<left>2</left>
							<width>264</width>
							<height>169</height>
							<bordertexture border="4">black.png</bordertexture>
							<bordersize>2</bordersize>
							<aspectratio align="center" aligny="center">scale</aspectratio>
							<texture background="true">$INFO[ListItem.Thumb]</texture>
						</control>
						<control type="image">
							<left>10</left>
							<top>137</top>
							<width>248</width>
							<height>27</height>
							<texture border="8">views/genre-background.png</texture>
							<visible>!String.IsEmpty(ListItem.Label)</visible>
						</control>
						<control type="label">
							<left>15</left>
							<top>141</top>
							<width>238</width>
							<align>center</align>
							<font>SubMenuArrowFont</font>
							<textcolor>SelectedColor2</textcolor>
							<shadowcolor>ShadowColor</shadowcolor>
							<label>$INFO[ListItem.Label]</label>
							<visible>!String.IsEmpty(ListItem.Label)</visible>
						</control>
					</control>
				</focusedlayout>
				<content>plugin://script.extendedinfo?info=mostlovedtracks&amp;&amp;artistname=$INFO[ListItem.Artist]&amp;&amp;limit=20</content>
			</control>
			
			<control type="panel" id="967">
				<left>100</left>
				<top>459</top>
				<width>1085</width>
				<height>173</height>
				<scrolltime>200</scrolltime>
				<pagecontrol>61</pagecontrol>
				<orientation>horizontal</orientation>
				<onleft>987</onleft>
				<ondown condition="Control.IsVisible(61)">61</ondown>
				<onup>901</onup>
				<onright condition="Control.IsVisible(61)">61</onright>
				<visible>Skin.String(MusicInfoMenubar,SimilarArtists)</visible>
				<itemlayout height="173" width="155">
					<control type="image">
						<width>152</width>
						<height>173</height>
						<bordertexture border="4">covers/cover-case2.png</bordertexture>
						<bordersize>4</bordersize>
						<aspectratio align="center" aligny="center">scale</aspectratio>
						<texture background="true">$INFO[ListItem.Thumb]</texture>
					</control>
					<control type="image">
						<width>152</width>
						<height>173</height>
						<texture border="4">covers/cover-case2.png</texture>
						<visible>String.IsEmpty(ListItem.Thumb)</visible>
					</control>
					<control type="image">
						<top>2</top>
						<width>152</width>
						<height>142</height>
						<texture background="true">DefaultArtist.png</texture>
						<aspectratio align="center" aligny="top">keep</aspectratio>
						<visible>String.IsEmpty(ListItem.Thumb)</visible>
					</control>
					<control type="image">
						<left>10</left>
						<top>137</top>
						<width>132</width>
						<height>27</height>
						<texture border="8">views/genre-background.png</texture>
						<visible>!String.IsEmpty(ListItem.Label)</visible>
					</control>
					<control type="label">
						<left>15</left>
						<top>141</top>
						<width>122</width>
						<align>center</align>
						<font>SubMenuArrowFont</font>
						<textcolor>WhiteColor</textcolor>
						<shadowcolor>ShadowColor</shadowcolor>
						<label>$INFO[ListItem.Label]</label>
						<visible>!String.IsEmpty(ListItem.Label)</visible>
					</control>
				</itemlayout>
				<focusedlayout height="173" width="155">
					<control type="group">
						<include>ListViewCoverFocusAnim</include>
						<control type="image">
							<width>152</width>
							<height>173</height>
							<texture border="4">covers/cover-case-noshadow-focus.png</texture>
							<include>ListViewOverlayFadeAnim</include>
						</control>
						<control type="image">
							<width>152</width>
							<height>173</height>
							<texture border="4">black.png</texture>
							<bordersize>3</bordersize>
							<visible>String.IsEmpty(ListItem.Thumb)</visible>
						</control>
						<control type="image">
							<top>2</top>
							<width>152</width>
							<height>142</height>
							<texture background="true">DefaultArtist.png</texture>
							<aspectratio align="center" aligny="top">keep</aspectratio>
							<visible>String.IsEmpty(ListItem.Thumb)</visible>
						</control>
						<control type="image">
							<top>2</top>
							<left>2</left>
							<width>148</width>
							<height>169</height>
							<bordertexture border="4">black.png</bordertexture>
							<bordersize>2</bordersize>
							<aspectratio align="center" aligny="center">scale</aspectratio>
							<texture background="true">$INFO[ListItem.Thumb]</texture>
						</control>
						<control type="image">
							<left>10</left>
							<top>137</top>
							<width>132</width>
							<height>27</height>
							<texture border="8">views/genre-background.png</texture>
							<visible>!String.IsEmpty(ListItem.Label)</visible>
						</control>
						<control type="label">
							<left>15</left>
							<top>141</top>
							<width>122</width>
							<align>center</align>
							<font>SubMenuArrowFont</font>
							<textcolor>SelectedColor2</textcolor>
							<shadowcolor>ShadowColor</shadowcolor>
							<label>$INFO[ListItem.Label]</label>
							<visible>!String.IsEmpty(ListItem.Label)</visible>
						</control>
					</control>
				</focusedlayout>
				<content>plugin://script.extendedinfo?info=similarartistsinlibrary&amp;&amp;artistname=$INFO[ListItem.Artist]</content>
			</control>
			
			<control type="panel" id="968">
				<description>Discography</description>
				<left>100</left>
				<top>459</top>
				<width>1086</width>
				<height>173</height>
				<scrolltime>200</scrolltime>
				<pagecontrol>61</pagecontrol>
				<orientation>horizontal</orientation>
				<onleft>987</onleft>
				<ondown condition="Control.IsVisible(61)">61</ondown>
				<onup>901</onup>
				<onright condition="Control.IsVisible(61)">61</onright>
				<include>FSMediaInfoOpenCloseAnim</include>
				<visible>Skin.String(MusicInfoMenubar,Discography)</visible>
				<itemlayout height="173" width="181">
					<control type="image">
						<width>173</width>
						<height>173</height>
						<bordertexture border="4">covers/cover-case2.png</bordertexture>
						<bordersize>4</bordersize>
						<aspectratio align="center" aligny="center">scale</aspectratio>
						<texture background="true">$INFO[ListItem.Thumb]</texture>
					</control>
					<control type="image">
						<width>173</width>
						<height>173</height>
						<texture border="4">covers/cover-case2.png</texture>
						<visible>String.IsEmpty(ListItem.Thumb)</visible>
					</control>
					<control type="image">
						<top>2</top>
						<width>173</width>
						<height>142</height>
						<texture background="true">DefaultAudio.png</texture>
						<aspectratio align="center" aligny="top">keep</aspectratio>
						<visible>String.IsEmpty(ListItem.Thumb)</visible>
					</control>
					<control type="image">
						<left>10</left>
						<top>137</top>
						<width>153</width>
						<height>27</height>
						<texture border="8">views/genre-background.png</texture>
						<visible>!String.IsEmpty(ListItem.Label)</visible>
					</control>
					<control type="label">
						<left>15</left>
						<top>141</top>
						<width>143</width>
						<align>center</align>
						<font>SubMenuArrowFont</font>
						<textcolor>WhiteColor</textcolor>
						<shadowcolor>ShadowColor</shadowcolor>
						<label>$INFO[ListItem.Label]$INFO[ListItem.Year, (,)]</label>
						<visible>!String.IsEmpty(ListItem.Label)</visible>
					</control>
				</itemlayout>
				<focusedlayout height="173" width="181">
					<control type="group">
						<include>ListViewCoverFocusAnim</include>
						<control type="image">
							<width>173</width>
							<height>173</height>
							<texture border="4">covers/cover-case-noshadow-focus.png</texture>
							<include>ListViewOverlayFadeAnim</include>
						</control>
						<control type="image">
							<width>173</width>
							<height>173</height>
							<texture border="4">black.png</texture>
							<bordersize>3</bordersize>
							<visible>String.IsEmpty(ListItem.Thumb)</visible>
						</control>
						<control type="image">
							<top>2</top>
							<width>173</width>
							<height>142</height>
							<texture background="true">DefaultAudio.png</texture>
							<aspectratio align="center" aligny="top">keep</aspectratio>
							<visible>String.IsEmpty(ListItem.Thumb)</visible>
						</control>
						<control type="image">
							<top>2</top>
							<left>2</left>
							<width>169</width>
							<height>169</height>
							<bordertexture border="4">black.png</bordertexture>
							<bordersize>2</bordersize>
							<aspectratio align="center" aligny="center">scale</aspectratio>
							<texture background="true">$INFO[ListItem.Thumb]</texture>
						</control>
						<control type="image">
							<left>10</left>
							<top>137</top>
							<width>153</width>
							<height>27</height>
							<texture border="8">views/genre-background.png</texture>
							<visible>!String.IsEmpty(ListItem.Label)</visible>
						</control>
						<control type="label">
							<left>15</left>
							<top>141</top>
							<width>143</width>
							<align>center</align>
							<font>SubMenuArrowFont</font>
							<textcolor>SelectedColor2</textcolor>
							<shadowcolor>ShadowColor</shadowcolor>
							<label>$INFO[ListItem.Label]$INFO[ListItem.Year, (,)]</label>
							<visible>!String.IsEmpty(ListItem.Label)</visible>
						</control>
					</control>
				</focusedlayout>
				<content sortorder="ascending" sortby="year">plugin://script.extendedinfo?info=discography&amp;&amp;artistname=$INFO[ListItem.Artist]&amp;&amp;limit=20</content>
			</control>
			
			<control type="panel" id="969">
				<description>Music Videos</description>
				<left>100</left>
				<top>459</top>
				<width>1084</width>
				<height>173</height>
				<scrolltime>200</scrolltime>
				<pagecontrol>61</pagecontrol>
				<orientation>horizontal</orientation>
				<onleft>987</onleft>
				<ondown condition="Control.IsVisible(61)">61</ondown>
				<onup>901</onup>
				<onright condition="Control.IsVisible(61)">61</onright>
				<include>FSMediaInfoOpenCloseAnim</include>
				<visible>Skin.String(MusicInfoMenubar,MusicVideos)</visible>
				<itemlayout height="173" width="271">
					<control type="image">
						<width>268</width>
						<height>173</height>
						<bordertexture border="4">covers/cover-case2.png</bordertexture>
						<bordersize>4</bordersize>
						<aspectratio align="center" aligny="center">scale</aspectratio>
						<texture background="true">$INFO[ListItem.Thumb]</texture>
					</control>
					<control type="image">
						<width>268</width>
						<height>173</height>
						<texture border="4">covers/cover-case2.png</texture>
						<visible>String.IsEmpty(ListItem.Thumb)</visible>
					</control>
					<control type="image">
						<top>2</top>
						<width>268</width>
						<height>142</height>
						<texture background="true">DefaultAudio.png</texture>
						<aspectratio align="center" aligny="top">keep</aspectratio>
						<visible>String.IsEmpty(ListItem.Thumb)</visible>
					</control>
					<control type="image">
						<left>10</left>
						<top>137</top>
						<width>248</width>
						<height>27</height>
						<texture border="8">views/genre-background.png</texture>
						<visible>!String.IsEmpty(ListItem.Label)</visible>
					</control>
					<control type="label">
						<left>15</left>
						<top>141</top>
						<width>238</width>
						<align>center</align>
						<font>SubMenuArrowFont</font>
						<textcolor>WhiteColor</textcolor>
						<shadowcolor>ShadowColor</shadowcolor>
						<label>$INFO[ListItem.Label]</label>
						<visible>!String.IsEmpty(ListItem.Label)</visible>
					</control>
				</itemlayout>
				<focusedlayout height="173" width="271">
					<control type="group">
						<include>ListViewCoverFocusAnim</include>
						<control type="image">
							<width>268</width>
							<height>173</height>
							<texture border="4">covers/cover-case-noshadow-focus.png</texture>
							<include>ListViewOverlayFadeAnim</include>
						</control>
						<control type="image">
							<width>268</width>
							<height>173</height>
							<texture border="4">black.png</texture>
							<bordersize>3</bordersize>
							<visible>String.IsEmpty(ListItem.Thumb)</visible>
						</control>
						<control type="image">
							<top>2</top>
							<width>268</width>
							<height>142</height>
							<texture background="true">DefaultAudio.png</texture>
							<aspectratio align="center" aligny="top">keep</aspectratio>
							<visible>String.IsEmpty(ListItem.Thumb)</visible>
						</control>
						<control type="image">
							<top>2</top>
							<left>2</left>
							<width>264</width>
							<height>169</height>
							<bordertexture border="4">black.png</bordertexture>
							<bordersize>2</bordersize>
							<aspectratio align="center" aligny="center">scale</aspectratio>
							<texture background="true">$INFO[ListItem.Thumb]</texture>
						</control>
						<control type="image">
							<left>10</left>
							<top>137</top>
							<width>248</width>
							<height>27</height>
							<texture border="8">views/genre-background.png</texture>
							<visible>!String.IsEmpty(ListItem.Label)</visible>
						</control>
						<control type="label">
							<left>15</left>
							<top>141</top>
							<width>238</width>
							<align>center</align>
							<font>SubMenuArrowFont</font>
							<textcolor>SelectedColor2</textcolor>
							<shadowcolor>ShadowColor</shadowcolor>
							<label>$INFO[ListItem.Label]</label>
							<visible>!String.IsEmpty(ListItem.Label)</visible>
						</control>
					</control>
				</focusedlayout>
				<content>plugin://script.extendedinfo?info=youtubesearchvideos&amp;&amp;id=$ESCINFO[ListItem.Artist] music video&amp;&amp;limit=20</content>
			</control>
			
			<control type="textbox">
				<description>No popular tracks / similar artists / discography Label</description>
				<left>100</left>
				<top>462</top>
				<width>1080</width>
				<height>163</height>
				<font>FullMediaInfoDescFont</font>
				<textcolor>MediaInfoColor</textcolor>
				<shadowcolor>ShadowColor</shadowcolor>
				<align>justify</align>
				<label>$VAR[DialogMusicInfoEmptyExtendedInfo]</label>
				<visible>[Skin.String(MusicInfoMenubar,MostLovedTracks) + String.IsEmpty(Container(966).ListItem.Label)] | [Skin.String(MusicInfoMenubar,SimilarArtists) + String.IsEmpty(Container(967).ListItem.Label)] | [Skin.String(MusicInfoMenubar,Discography) + String.IsEmpty(Container(968).ListItem.Label)]</visible>
				<include>FSMediaInfoOpenCloseAnim</include>
			</control>
			
			<control type="image">
				<top>651</top>
				<width>ScreenWidth</width>
				<height>45</height>
				<align>center</align>
				<texture fallback="empty.png" background="true">$VAR[MusicClearlogoVar]</texture>
				<aspectratio>keep</aspectratio>
				<visible>![String.IsEmpty(ListItem.Art(clearlogo)) + String.IsEmpty(Skin.String(MusicLibraryClearLogosPath))]</visible>
			</control>

			<control type="spincontrol" id="61">
				<description>Next Page</description>
				<left>1125</left>
				<top>659</top>
				<width>28</width>
				<height>28</height>
				<spinwidth>30</spinwidth>
				<spinheight>30</spinheight>
				<onup condition="Control.IsVisible(50)">50</onup>
				<onup condition="Control.IsVisible(966)">966</onup>
				<onup condition="Control.IsVisible(967)">967</onup>
				<onup condition="Control.IsVisible(968)">968</onup>
				<onup condition="Control.IsVisible(969)">969</onup>
				<onup condition="![Control.IsVisible(50) | Control.IsVisible(966) | Control.IsVisible(967) | Control.IsVisible(968) | Control.IsVisible(969)]">901</onup>
				<onleft condition="Control.IsVisible(50)">50</onleft>
				<onleft condition="Control.IsVisible(966)">966</onleft>
				<onleft condition="Control.IsVisible(967)">967</onleft>
				<onleft condition="Control.IsVisible(968)">968</onleft>
				<onleft condition="Control.IsVisible(969)">969</onleft>
				<onleft condition="![Control.IsVisible(50) | Control.IsVisible(966) | Control.IsVisible(967) | Control.IsVisible(968) | Control.IsVisible(969)]">901</onleft>
				<include>NotificationsOpenCloseAnim</include>
				<visible>[Integer.IsGreater(Container(902).NumPages,1) + Control.IsVisible(902)] | [Integer.IsGreater(Container(50).NumPages,1) + Control.IsVisible(50)] | [Integer.IsGreater(Container(966).NumPages,1) + Skin.String(MusicInfoMenubar,MostLovedTracks)] | [Integer.IsGreater(Container(967).NumPages,1) + Skin.String(MusicInfoMenubar,SimilarArtists)] | [Integer.IsGreater(Container(968).NumPages,1) + Skin.String(MusicInfoMenubar,Discography)] | [Integer.IsGreater(Container(969).NumPages,1) + Skin.String(MusicInfoMenubar,MusicVideos)]</visible>
			</control>
			
			<control type="image">
				<include>ScreenSize</include>
				<texture>dim.png</texture>
				<animation effect="fade" start="0" end="50" time="450">VisibleChange</animation>
				<visible>Window.IsActive(1101)</visible>
			</control>
			
			<include content="MenubarTopbar">
				<param name="Menubar" value="MusicInfoMenubar" />
				<param name="Breadcrumbs" value="BreadCrumbMediaInfo" />
			</include>
		</control>
	</controls>
</window>