<?xml version="1.0" encoding="UTF-8"?>
<window>
	<defaultcontrol>95</defaultcontrol>
	<controls>
		<include condition="!Skin.HasSetting(DontBlendBackground)">CommonVideoVizBackground</include>
		<include condition="!Window.Previous(Weather) + !Window.Previous(Videos) + !Window.Previous(Music) + !Window.Previous(Pictures) + !Window.Previous(Programs)">CommonSystemBackground</include>
		<include condition="Window.Previous(Weather)">CommonWeatherBackground</include>
		<include condition="Window.Previous(Programs)">CommonAppsBackground</include>
		<include condition="Window.Previous(Videos) | Window.Previous(Music) | Window.Previous(Pictures)">CommonMediaBackground</include>
		<include condition="Skin.HasSetting(DontBlendBackground)">CommonVideoVizBackground</include>
		<include condition="!Window.Previous(Weather) + !Window.Previous(Videos) + !Window.Previous(Music) + !Window.Previous(Pictures) + !Window.Previous(Programs)">CommonSystemBlackwash</include>
		<include condition="Window.Previous(Weather)">CommonWeatherBlackwash</include>
		<include condition="Window.Previous(Programs)">CommonAppsBlackwash</include>
		<include condition="Window.Previous(Videos) | Window.Previous(Music) | Window.Previous(Pictures)">CommonMediaBlackwash</include>
		<control type="group">
			<left>130</left>
			<animation effect="fade" delay="500" time="HomeVisibleFadeAnimationSpeed">WindowOpen</animation>
			<animation effect="fade" start="0" end="0" time="0">WindowClose</animation>
			<control type="label" id="40">
				<description>Header label</description>
				<label />
				<include>HeaderTextCommons</include>
			</control>
			<control type="grouplist" id="9500">
				<left>0</left>
				<top>120</top>
				<itemgap>-2</itemgap>
				<control type="button" id="95">
					<description>Button Default Values</description>
					<height>50</height>
					<width>200</width>
					<textcolor>white</textcolor>
					<texturefocus border="10">buttons/button-focus.png</texturefocus>
					<texturenofocus border="10">buttons/button-nofocus.png</texturenofocus>
					<align>left</align>
					<label>20037</label>
				</control>
				<control type="button" id="94">
					<description>Button Storage</description>
					<height>50</height>
					<width>200</width>
					<textcolor>white</textcolor>
					<texturefocus border="10">buttons/button-focus.png</texturefocus>
					<texturenofocus border="10">buttons/button-nofocus.png</texturenofocus>
					<align>left</align>
					<label>13277</label>
				</control>
				<control type="button" id="96">
					<description>Button Network</description>
					<height>50</height>
					<width>200</width>
					<textcolor>white</textcolor>
					<texturefocus border="10">buttons/button-focus.png</texturefocus>
					<texturenofocus border="10">buttons/button-nofocus.png</texturenofocus>
					<align>left</align>
					<label>13279</label>
				</control>
				<control type="button" id="97">
					<description>Button Video</description>
					<height>50</height>
					<width>200</width>
					<textcolor>white</textcolor>
					<texturefocus border="10">buttons/button-focus.png</texturefocus>
					<texturenofocus border="10">buttons/button-nofocus.png</texturenofocus>
					<align>left</align>
					<label>13280</label>
				</control>
				<control type="button" id="98">
					<description>Button Hardware</description>
					<height>50</height>
					<width>200</width>
					<textcolor>white</textcolor>
					<texturefocus border="10">buttons/button-focus.png</texturefocus>
					<texturenofocus border="10">buttons/button-nofocus.png</texturenofocus>
					<align>left</align>
					<label>13281</label>
				</control>
				<control type="button" id="100">
					<description>Button Privacy Policy</description>
					<height>50</height>
					<width>200</width>
					<textcolor>white</textcolor>
					<texturefocus border="10">buttons/button-focus.png</texturefocus>
					<texturenofocus border="10">buttons/button-nofocus.png</texturenofocus>
					<align>left</align>
					<label>12389</label>
					<onright>60</onright>
					<onleft>60</onleft>
				</control>
			</control>
			<control type="group">
				<left>220</left>
				<top>120</top>
				<control type="label" id="2">
					<description>Label 2</description>
					<width>840</width>
					<label />
					<font>font13</font>
				</control>
				<control type="label" id="3">
					<description>Label 3</description>
					<top>40</top>
					<width>840</width>
					<label />
					<font>font13</font>
				</control>
				<control type="label" id="4">
					<description>Label 4</description>
					<top>80</top>
					<width>840</width>
					<label />
					<font>font13</font>
				</control>
				<control type="label" id="5">
					<description>Label 5</description>
					<top>120</top>
					<width>840</width>
					<label />
					<font>font13</font>
				</control>
				<control type="label" id="6">
					<description>Label 6</description>
					<top>160</top>
					<width>840</width>
					<label />
					<font>font13</font>
				</control>
				<control type="label" id="7">
					<description>Label 7</description>
					<top>200</top>
					<width>840</width>
					<label />
					<font>font13</font>
				</control>
				<control type="label" id="8">
					<description>Label 8</description>
					<top>240</top>
					<width>840</width>
					<label />
					<font>font13</font>
				</control>
				<control type="label" id="9">
					<description>Label 9</description>
					<top>280</top>
					<width>840</width>
					<label />
					<font>font13</font>
				</control>
				<control type="label" id="10">
					<description>Label 10</description>
					<top>320</top>
					<width>840</width>
					<label />
					<font>font13</font>
				</control>
				<control type="label" id="11">
					<description>Label 11</description>
					<top>360</top>
					<width>840</width>
					<label />
					<font>font13</font>
				</control>
				<control type="textbox" id="30">
					<description>Label 30</description>
					<width>840</width>
					<height>355</height>
					<label />
					<font>font13</font>
					<pagecontrol>60</pagecontrol>
					<autoscroll time="3000" delay="4000" repeat="5000">true</autoscroll>
				</control>
			</control>
			<control type="group">
				<visible>Control.IsVisible(30)</visible>
				<control type="label">
					<description>Privacy Policy Page Count</description>
					<top>490</top>
					<left>790</left>
					<width>200</width>
					<height>35</height>
					<label>$INFO[Container(30).CurrentPage, $LOCALIZE[31201] (]$INFO[Container(30).NumPages,/,)]</label>
					<align>right</align>
					<aligny>center</aligny>
					<font>font12</font>
					<textcolor>grey2</textcolor>
				</control>
				<control type="spincontrol" id="60">
					<description>Next page button</description>
					<top>490</top>
					<left>1000</left>
					<subtype>page</subtype>
					<font />
					<onleft>100</onleft>
					<onright>100</onright>
					<onup>100</onup>
					<textcolor>white</textcolor>
					<showonepage>true</showonepage>
				</control>
			</control>
			<control type="group">
				<left>130</left>
				<top>540</top>
				<animation effect="slide" start="0,0" end="-100,0" time="200" condition="Player.HasAudio">Conditional</animation>
				<animation effect="slide" start="0,0" end="-100,0" time="200" condition="Player.HasVideo + VideoPlayer.Content(Movies)">Conditional</animation>
				<animation effect="slide" start="0,0" end="-160,0" time="200" condition="Player.HasVideo + !VideoPlayer.Content(Movies)">Conditional</animation>
				<control type="label" id="52">
					<description>Kodi BUILD Version</description>
					<left>20</left>
					<width>910</width>
					<label>144</label>
					<textcolor>orange</textcolor>
					<shadowcolor>black</shadowcolor>
					<align>right</align>
					<font>font12</font>
				</control>
				<control type="group">
					<top>30</top>
					<control type="label">
						<description>CPU Text</description>
						<width>600</width>
						<height>25</height>
						<label>$LOCALIZE[13271] $INFO[System.CPUUsage]</label>
						<align>right</align>
						<aligny>center</aligny>
						<textcolor>white</textcolor>
						<shadowcolor>black</shadowcolor>
						<font>font12</font>
					</control>
					<control type="progress">
						<description>CPU BAR</description>
						<left>610</left>
						<top>7</top>
						<width>320</width>
						<height>12</height>
						<info>System.CPUUsage</info>
					</control>
					<control type="label">
						<description>Memory Text</description>
						<top>30</top>
						<width>600</width>
						<height>25</height>
						<label>$LOCALIZE[31304]: $INFO[system.memory(used.percent)]</label>
						<align>right</align>
						<aligny>center</aligny>
						<textcolor>white</textcolor>
						<shadowcolor>black</shadowcolor>
						<font>font12</font>
					</control>
					<control type="progress">
						<description>Memory BAR</description>
						<left>610</left>
						<top>37</top>
						<width>320</width>
						<height>12</height>
						<info>system.memory(used)</info>
					</control>
				</control>
			</control>
		</control>
		<control type="group">
			<visible>!Window.Previous(Weather) + !Window.Previous(Videos) + !Window.Previous(Music) + !Window.Previous(Pictures) + !Window.Previous(Programs)</visible>
			<include>SettingsToSubBlades</include>
		</control>
		<control type="group">
			<visible>Window.Previous(Weather)</visible>
			<include>WeatherToSubBlades</include>
		</control>
		<control type="group">
			<visible>Window.Previous(Programs)</visible>
			<include>AppsToSubBlades</include>
		</control>
		<control type="group">
			<visible>Window.Previous(Videos) | Window.Previous(Music) | Window.Previous(Pictures)</visible>
			<include>MediaToSubBlades</include>
		</control>
		<include>Common_Now_Playing</include>
		<include>BackgroundDim</include>
	</controls>
</window>