<?xml version="1.0" encoding="UTF-8"?>
<window id="601">
	<defaultcontrol always="true">7</defaultcontrol>

	<coordinates>
		<system>1</system>
		<origin x="305" y="90">true</origin>
	</coordinates>

	<controls>
		<control type="group">
			<depth>DepthDialog</depth>
			<include>PVRGuideInfoDialogBox</include>
			<include>DialogOpenCloseAnim</include>	

			<control type="label">
				<description>Title</description>
				<width>590</width>
				<label>$INFO[ListItem.Title]</label>
				<include>DialogTitle</include>
			</control>

			<control type="grouplist" id="9000">
				<description>Dialog Button Area</description>
				<left>DialogMarginOffsetX</left>
				<top>487</top>
				<width>600</width>
				<align>center</align>
				<onleft>9000</onleft>
				<onright>9000</onright>
				<onup>60</onup>
				<ondown>60</ondown>
				<orientation>horizontal</orientation>
				<itemgap>0</itemgap>
				<control type="button" id="4">
					<description>Find Similar</description>
					<include>DialogMenuBarSmallBtn</include>
					<label>19003</label>
					<visible>Window.IsActive(PVRGuideInfo)</visible>
				</control>
				<control type="button" id="5">
					<description>Switch to Channel</description>
					<include>DialogMenuBarSmallBtn</include>
					<label>$LOCALIZE[19165]</label>
					<visible>Window.IsActive(PVRGuideInfo)</visible>
				</control>
				<control type="button" id="8">
					<description>Play recording</description>
					<include>DialogMenuBarSmallBtn</include>
					<label>19687</label>
					<visible>Window.IsActive(PVRRecordingInfo)</visible>
				</control>
				<control type="button" id="6">
					<description>Record</description>
					<include>DialogMenuBarSmallBtn</include>
					<label>-</label>
					<visible>Window.IsActive(PVRGuideInfo)</visible>
				</control>
				<control type="button" id="7">
					<description>OK</description>
					<include>DialogMenuBarSmallBtn</include>
					<label>$LOCALIZE[186]</label>
				</control>	
			</control>

			<control type="group">
				<left>DialogMarginOffsetX</left>
				<top>DialogMarginOffsetY</top>

				<control type="panel" id="49">
					<description>Programme Info</description>
					<width>600</width>
					<height>280</height>
					<viewtype label="">list</viewtype>
					<scrolltime>200</scrolltime>
					<itemgap>0</itemgap>
					<itemlayout height="40" width="600">
						<control type="image">
							<width>600</width>
							<height>35</height>
							<texture background="true" border="7">controls/button-nofocus.png</texture>
						</control>
						<control type="label">
							<left>5</left>
							<width>165</width>
							<height>35</height>
							<font>MediaInfoFont</font>
							<textcolor>MediaInfoItemColor</textcolor>
							<align>right</align>
							<aligny>center</aligny>
							<info>ListItem.Label</info>
						</control>
						<control type="label">
							<left>180</left>
							<width>353</width>
							<height>35</height>
							<font>MediaInfoFont</font>
							<textcolor>MediaInfoItemColor2</textcolor>
							<aligny>center</aligny>
							<label fallback="31001">$INFO[ListItem.Label2]</label>
						</control>		
					</itemlayout>				
					<focusedlayout height="40" width="600">
						<control type="image">
							<width>600</width>
							<height>35</height>
							<texture background="true" border="7">controls/button-nofocus.png</texture>
						</control>
						<control type="label">
							<left>5</left>
							<width>165</width>
							<height>35</height>
							<font>MediaInfoFont</font>
							<textcolor>MediaInfoItemColor</textcolor>
							<align>right</align>
							<aligny>center</aligny>
							<info>ListItem.Label</info>
						</control>
						<control type="label">
							<left>180</left>
							<width>353</width>
							<height>35</height>
							<font>MediaInfoFont</font>
							<textcolor>MediaInfoItemColor2</textcolor>
							<aligny>center</aligny>
							<label fallback="31001">$INFO[ListItem.Label2]</label>
						</control>		
					</focusedlayout>
					<content>
						<item id="1">
							<description>Title</description>
							<label>$LOCALIZE[369]</label>
							<label2>$INFO[ListItem.EpisodeName]$INFO[ListItem.Season, (S,]$INFO[ListItem.Episode,E,)]</label2>
							<onclick>noop</onclick>
							<visible>!IsEmpty(ListItem.Season) + !IsEmpty(ListItem.EpisodeName)</visible>
						</item>
						<item id="2">
							<description>Title</description>
							<label>$LOCALIZE[369]</label>
							<label2>$INFO[ListItem.EpisodeName]</label2>
							<onclick>noop</onclick>
							<visible>IsEmpty(ListItem.Season) + !IsEmpty(ListItem.EpisodeName)</visible>
						</item>
						<item id="3">
							<description>Title</description>
							<label>$LOCALIZE[369]</label>
							<label2>$INFO[ListItem.Title]</label2>
							<onclick>noop</onclick>
							<visible>IsEmpty(ListItem.Season) + IsEmpty(ListItem.EpisodeName)</visible>
						</item>
						<item id="4">
							<description>Start Date</description>
							<label>$LOCALIZE[552]</label>
							<label2>$INFO[ListItem.StartDate]</label2>
							<onclick>noop</onclick>
						</item>
						<item id="5">
							<description>Time</description>
							<label>$LOCALIZE[555]</label>
							<label2>$INFO[ListItem.StartTime] - $INFO[ListItem.EndTime]</label2>
							<onclick>noop</onclick>
						</item>
						<item id="6">
							<description>Channel Name</description>
							<label>$LOCALIZE[19148]</label>
							<label2>$INFO[ListItem.ChannelName]</label2>
							<onclick>noop</onclick>
						</item>
						<item id="7">
							<description>Duration</description>
							<label>$LOCALIZE[180]</label>
							<label2>$INFO[ListItem.Duration]</label2>
							<onclick>noop</onclick>
						</item>
						<item id="8">
							<description>Genre</description>
							<label>$LOCALIZE[515]</label>
							<label2>$INFO[ListItem.Genre]</label2>
							<onclick>noop</onclick>
						</item>
						<item id="9">
							<description>Premiered</description>
							<label>$LOCALIZE[31936]</label>
							<label2>$INFO[ListItem.Premiered]</label2>
							<onclick>noop</onclick>
						</item>
					</content>
				</control>

				<control type="group">
					<description>Plot</description>
					<top>280</top>
					<control type="image">
						<width>600</width>
						<height>145</height>
						<texture background="true" border="7">controls/button-nofocus.png</texture>
					</control>
					<control type="textbox" id="400">
						<left>9</left>
						<top>12</top>
						<width>580</width>
						<height>118</height>
						<font>MediaInfoDescFont</font>
						<textcolor>MediaInfoColor</textcolor>
						<shadowcolor>ShadowColor</shadowcolor>
						<align>justify</align>
						<label fallback="31203">$INFO[ListItem.Plot]</label>
						<wrapmultiline>true</wrapmultiline>
						<autoscroll time="2000" delay="6000" repeat="10000">true</autoscroll>
						<include>ControlsOpenCloseAnim</include>
					</control>						
				</control>
			</control>
		</control>
	</controls>
</window>