<?xml version="1.0" encoding="UTF-8"?>
<window>
	<defaultcontrol always="true">855</defaultcontrol>
	<menucontrol>850</menucontrol>
	<onload condition="System.HasAddon(script.cdartmanager) + !Skin.HasSetting(EnableMusicLibraryClearLogos) + IsEmpty(Skin.String(MusicLibraryClearLogosPath))">ActivateWindow(3007)</onload>
	<onunload>Skin.Reset(ExpandedSettings)</onunload>
	<onunload condition="System.HasAddon(script.cdartmanager)">Skin.Reset(CloseDialog3007)</onunload>
	<!-- Home -->
	<onunload>Skin.Reset(ExpandCategoryToggleSettings)</onunload>
	<onunload>Skin.Reset(ExpandAddMoreCategorySettings)</onunload>
	<onunload>Skin.Reset(ExpandAddMoreCategorySettings2)</onunload>
	<onunload>Skin.Reset(ExpandAddMoreCategorySettings3)</onunload>
	<onunload>Skin.Reset(ExpandAddMoreCategorySettings4)</onunload>
	<onunload>Skin.Reset(ExpandMusicSubMenuSettings)</onunload>
	<onunload>Skin.Reset(ExpandVideosSubMenuSettings)</onunload>
	<onunload>Skin.Reset(ExpandMoviesSubMenuSettings)</onunload>
	<onunload>Skin.Reset(ExpandTVShowsSubMenuSettings)</onunload>
	<onunload>Skin.Reset(ExpandProgramsSubMenuSettings)</onunload>
	<onunload>Skin.Reset(ExpandPicturesSubMenuSettings)</onunload>
	<onunload>Skin.Reset(ExpandGeneralSubMenuSettings)</onunload>
	<onunload>Skin.Reset(ExpandSystemSubMenuSettings)</onunload>
	<onunload>Skin.Reset(ExpandPVRSubMenuSettings)</onunload>
	<onunload>Skin.Reset(ExpandCustom1SubMenuSettings)</onunload>
	<onunload>Skin.Reset(ExpandCustom2SubMenuSettings)</onunload>
	<onunload>Skin.Reset(ExpandCustom3SubMenuSettings)</onunload>
	<onunload>Skin.Reset(ExpandCustom4SubMenuSettings)</onunload>
	<onunload>Skin.Reset(ExpandCustom5SubMenuSettings)</onunload>
	<onunload>Skin.Reset(ExpandCustom6SubMenuSettings)</onunload>
	<onunload>Skin.Reset(ExpandCustom7SubMenuSettings)</onunload>
	<onunload>Skin.Reset(ExpandCustom8SubMenuSettings)</onunload>
	<onunload>Skin.Reset(ExpandCustom9SubMenuSettings)</onunload>
	<onunload>Skin.Reset(ExpandCustom10SubMenuSettings)</onunload>
	<onunload>Skin.Reset(ExpandCustom11SubMenuSettings)</onunload>
	<onunload>Skin.Reset(ExpandCustom12SubMenuSettings)</onunload>
	<onunload>Skin.Reset(ExpandCustom13SubMenuSettings)</onunload>
	<onunload>Skin.Reset(ExpandCustom14SubMenuSettings)</onunload>
	<onunload>Skin.Reset(ExpandCustom15SubMenuSettings)</onunload>
	<onunload>Skin.Reset(ExpandCustom16SubMenuSettings)</onunload>
	<onunload>Skin.Reset(ExpandCustomCategoryIconsSettings)</onunload>
	<!-- Backgrounds -->
	<onunload>Skin.Reset(ExpandCustomDefaultBGSettings)</onunload>
	<onunload>Skin.Reset(ExpandCustomMusicBGSettings)</onunload>
	<onunload>Skin.Reset(ExpandCustomVideosBGSettings)</onunload>
	<onunload>Skin.Reset(ExpandCustomMoviesBGSettings)</onunload>
	<onunload>Skin.Reset(ExpandCustomTVShowsBGSettings)</onunload>
	<onunload>Skin.Reset(ExpandCustomProgramsBGSettings)</onunload>
	<onunload>Skin.Reset(ExpandCustomPicturesBGSettings)</onunload>
	<onunload>Skin.Reset(ExpandCustomGeneralBGSettings)</onunload>
	<onunload>Skin.Reset(ExpandCustomSystemBGSettings)</onunload>
	<onunload>Skin.Reset(ExpandCustomPowerBGSettings)</onunload>
	<onunload>Skin.Reset(ExpandCustomWeatherBGSettings)</onunload>
	<onunload>Skin.Reset(ExpandCustomPVRBGSettings)</onunload>
	
	<controls>	
		<control type="group">
			<depth>DepthBackground</depth>
    		<include>BackgroundDefault</include>
			<include condition="!IsEmpty(Skin.String(CustomSystemBGPath)) + Skin.HasSetting(ApplyAllSystemCustomBG)">BackgroundSystem</include>
			<include>BackgroundOpenCloseAnim</include>
		</control>
		
		<control type="group">
			<depth>DepthContent</depth>
			
			<control type="group" id="9001">
				<include>ControlsOpenCloseAnim</include>

				<control type="button" id="1">
					<Description>General</Description>
					<texturefocus>-</texturefocus>
					<texturenofocus>-</texturenofocus>
					<onfocus>Control.SetFocus(1)</onfocus>
					<visible>ControlGroup(900).HasFocus</visible>
				</control>
				
				<control type="button" id="2">
					<Description>Home</Description>
					<texturefocus>-</texturefocus>
					<texturenofocus>-</texturenofocus>
					<onfocus>Control.SetFocus(2)</onfocus>
					<visible>ControlGroup(901).HasFocus</visible>
				</control>
				
				<control type="button" id="3">
					<Description>Media</Description>
					<texturefocus>-</texturefocus>
					<texturenofocus>-</texturenofocus>
					<onfocus>Control.SetFocus(3)</onfocus>
					<visible>ControlGroup(902).HasFocus</visible>
				</control>
				
				<control type="button" id="4">
					<Description>Backgrounds</Description>
					<texturefocus>-</texturefocus>
					<texturenofocus>-</texturenofocus>
					<onfocus>Control.SetFocus(4)</onfocus>
					<visible>ControlGroup(903).HasFocus</visible>
				</control>
				
				<control type="button" id="7">
					<Description>Animations</Description>
					<texturefocus>-</texturefocus>
					<texturenofocus>-</texturenofocus>
					<onfocus>Control.SetFocus(7)</onfocus>
					<visible>ControlGroup(906).HasFocus</visible>
				</control>
				
				<control type="button" id="8">
					<Description>Weather</Description>
					<texturefocus>-</texturefocus>
					<texturenofocus>-</texturenofocus>
					<onfocus>Control.SetFocus(8)</onfocus>
					<visible>ControlGroup(907).HasFocus</visible>
				</control>
				
				<control type="button" id="5">
					<Description>Add-ons</Description>
					<texturefocus>-</texturefocus>
					<texturenofocus>-</texturenofocus>
					<onfocus>Control.SetFocus(5)</onfocus>
					<visible>ControlGroup(904).HasFocus</visible>
				</control>
				
				<control type="button" id="6">
					<Description>Reset Skin</Description>
					<texturefocus>-</texturefocus>
					<texturenofocus>-</texturenofocus>
					<onfocus>Control.SetFocus(6)</onfocus>
					<visible>ControlGroup(905).HasFocus</visible>
				</control>
					
				<control type="grouplist" id="855">
					<description>Category Area</description>
					<left>125</left>
					<top>110</top>
					<width>240</width>
					<height>500</height>
					<itemgap>0</itemgap>
					<onup>855</onup>
					<ondown>855</ondown>
					<onleft>850</onleft>
					<onright>851</onright>
					<enable>!Skin.HasSetting(ExpandedSettings)</enable>
					<animation type="Conditional" condition="Skin.HasSetting(ExpandedSettings)">
						<effect type="fade" start="100" end="30" time="250"/>
						<effect type="zoom" start="100" end="90" center="200,200" time="250" tween="sine" easing="out"/>
					</animation>
					<control type="button" id="1">
						<Description>General</Description>
						<include>SettingsCatBtn</include>
						<label>$LOCALIZE[128]</label>
						<onfocus>Skin.SetString(SkinSettingsCategory,1)</onfocus>
						<visible>!ControlGroup(900).HasFocus</visible>
					</control>
					<control type="button" id="9">
						<Description>General</Description>
						<include>SettingsInactiveCatBtn</include>
						<label>$LOCALIZE[128]</label>
						<onfocus>Skin.SetString(SkinSettingsCategory,1)</onfocus>
						<visible>ControlGroup(900).HasFocus</visible>
					</control>
					<control type="button" id="2">
						<Description>Home</Description>
						<include>SettingsCatBtn</include>
						<label>$LOCALIZE[10000]</label>
						<onfocus>Skin.SetString(SkinSettingsCategory,2)</onfocus>
						<visible>!ControlGroup(901).HasFocus</visible>
					</control>
					<control type="button" id="10">
						<Description>Home</Description>
						<include>SettingsInactiveCatBtn</include>
						<label>$LOCALIZE[10000]</label>
						<onfocus>Skin.SetString(SkinSettingsCategory,2)</onfocus>
						<visible>ControlGroup(901).HasFocus</visible>
					</control>
					<control type="button" id="3">
						<Description>Media</Description>
						<include>SettingsCatBtn</include>
						<label>$LOCALIZE[31013]</label>
						<onfocus>Skin.SetString(SkinSettingsCategory,3)</onfocus>
						<visible>!ControlGroup(902).HasFocus</visible>
					</control>
					<control type="button" id="11">
						<Description>Media</Description>
						<include>SettingsInactiveCatBtn</include>
						<label>$LOCALIZE[31013]</label>
						<onfocus>Skin.SetString(SkinSettingsCategory,3)</onfocus>
						<visible>ControlGroup(902).HasFocus</visible>
					</control>
					<control type="button" id="4">
						<Description>Backgrounds</Description>
						<include>SettingsCatBtn</include>
						<label>$LOCALIZE[33069]</label>
						<onfocus>Skin.SetString(SkinSettingsCategory,4)</onfocus>
						<visible>!ControlGroup(903).HasFocus</visible>
					</control>
					<control type="button" id="12">
						<Description>Backgrounds</Description>
						<include>SettingsInactiveCatBtn</include>
						<label>$LOCALIZE[33069]</label>
						<onfocus>Skin.SetString(SkinSettingsCategory,4)</onfocus>
						<visible>ControlGroup(903).HasFocus</visible>
					</control>
					<control type="button" id="7">
						<Description>Animations</Description>
						<include>SettingsCatBtn</include>
						<label>$LOCALIZE[31420]</label>
						<onfocus>Skin.SetString(SkinSettingsCategory,7)</onfocus>
						<visible>!ControlGroup(906).HasFocus</visible>
					</control>
					<control type="button" id="15">
						<Description>Animations</Description>
						<include>SettingsInactiveCatBtn</include>
						<label>$LOCALIZE[31420]</label>
						<onfocus>Skin.SetString(SkinSettingsCategory,7)</onfocus>
						<visible>ControlGroup(906).HasFocus</visible>
					</control>
					<control type="button" id="8">
						<Description>Weather</Description>
						<include>SettingsCatBtn</include>
						<label>$LOCALIZE[8]</label>
						<onfocus>Skin.SetString(SkinSettingsCategory,8)</onfocus>
						<visible>!ControlGroup(907).HasFocus</visible>
					</control>
					<control type="button" id="16">
						<Description>Weather</Description>
						<include>SettingsInactiveCatBtn</include>
						<label>$LOCALIZE[8]</label>
						<onfocus>Skin.SetString(SkinSettingsCategory,8)</onfocus>
						<visible>ControlGroup(907).HasFocus</visible>
					</control>
					<control type="button" id="5">
						<Description>Add-ons</Description>
						<include>SettingsCatBtn</include>
						<label>$LOCALIZE[24001]</label>
						<onfocus>Skin.SetString(SkinSettingsCategory,5)</onfocus>
						<visible>!ControlGroup(904).HasFocus</visible>
					</control>
					<control type="button" id="13">
						<Description>Add-ons</Description>
						<include>SettingsInactiveCatBtn</include>
						<label>$LOCALIZE[24001]</label>
						<onfocus>Skin.SetString(SkinSettingsCategory,5)</onfocus>
						<visible>ControlGroup(904).HasFocus</visible>
					</control>
					<control type="button" id="6">
						<Description>Reset Skin</Description>
						<include>SettingsCatBtn</include>
						<label>$VAR[SkinSettingsLabel]</label>
						<onfocus>Skin.SetString(SkinSettingsCategory,6)</onfocus>
						<onclick condition="!System.HasAddon(script.skin.helper.service)">Skin.ResetSettings</onclick>
						<onclick condition="!System.HasAddon(script.skin.helper.service)">Notification($LOCALIZE[31023],$LOCALIZE[31219],3000,)</onclick>
						<visible>!ControlGroup(905).HasFocus</visible>
					</control>
					<control type="button" id="14">
						<Description>Reset Skin</Description>
						<include>SettingsInactiveCatBtn</include>
						<label>$VAR[SkinSettingsLabel]</label>
						<onfocus>Skin.SetString(SkinSettingsCategory,6)</onfocus>
						<visible>ControlGroup(905).HasFocus</visible>
					</control>
				</control>
				
				<control type="group" id="851">
					<description>Content Area</description>
					<left>400</left>
					<top>110</top>
					<include>GeneralSkinSettings</include>
					<include>HomeSkinSettings</include>
					<include>MediaSkinSettings</include>
					<include>BackgroundsSkinSettings</include>
					<include>AnimationsSkinSettings</include>
					<include>WeatherSkinSettings</include>
					<include>AddonsSkinSettings</include>
					
					<control type="button" id="6000">
						<description>Reset Skin Label</description>
						<top>150</top>
						<align>center</align>
						<texturefocus>-</texturefocus>
						<texturenofocus>-</texturenofocus>
						<include>SettingsHeaderBtn</include>
						<label>$LOCALIZE[32026]</label>
						<visible>Skin.String(SkinSettingsCategory,6) + !Skin.HasSetting(ExpandedSettings) + !System.HasAddon(script.skin.helper.service)</visible>
						<include>ContentSettingsOpenCloseAnim</include>
					</control>
					
					<control type="grouplist" id="905">	
						<description>Skin Settings Content Area</description>
						<width>755</width>
						<height>500</height>
						<pagecontrol>911</pagecontrol>
						<itemgap>0</itemgap>
						<onup>905</onup>
						<ondown>905</ondown>
						<onleft>6</onleft>
						<onright>150</onright>
						<visible>Skin.String(SkinSettingsCategory,6) + !Skin.HasSetting(ExpandedSettings) + System.HasAddon(script.skin.helper.service)</visible>
						<include>ContentSettingsOpenCloseAnim</include>
						<control type="button" id="6000">
							<description>Skin Settings Label</description>
							<include>SettingsHeaderBtn</include>
							<label>$LOCALIZE[20077]</label>
						</control>
						<control type="button" id="6001">
							<description>Confirm Reset Settings</description>
							<include>SettingsContentBtn</include>
							<label>$LOCALIZE[31931]</label>
							<onclick>Skin.ResetSettings</onclick>
							<onclick>Notification($LOCALIZE[31023],$LOCALIZE[31219],3000,)</onclick>
							<onclick>ReloadSkin()</onclick>
						</control>
						<control type="button" id="6002">
							<description>Export Skin Settings</description>
							<include>SettingsContentBtn</include>
							<label>$LOCALIZE[31932]</label>
							<onclick>RunScript(script.skin.helper.service,action=backup)</onclick>
						</control>
						<control type="button" id="6003">
							<description>Import Skin Settings</description>
							<include>SettingsContentBtn</include>
							<label>$LOCALIZE[31933]</label>
							<onclick>RunScript(script.skin.helper.service,action=restore)</onclick>
						</control>
					</control>
				</control>
				
				<include>SettingsScrollbar</include>
			</control>
		</control>
		
		<control type="group" id="505">
			<depth>DepthMenuBar</depth>
			<top>MenuBarOffsetY</top>
			<include>MenuBarImage</include>
			<include>MenuBarOpenCloseAnim2</include>	
			<include>SettingsMenuBar</include>
		</control>
		
		<control type="group">
			<description>Top Bar Area</description>
			<depth>DepthTopBar</depth>
			<include>TopBarImage</include>
			<include>TopBarOpenCloseAnim</include>
			<include>BreadCrumbSettings</include>
			<include>Notifications</include>	
		</control>
	</controls> 
</window>