<?xml version="1.0" encoding="UTF-8"?>
<window>
	<defaultcontrol>5001</defaultcontrol>
	
	<controls>
		<control type="button" id="5001">
			<visible allowhiddenfocus="true">false</visible>
			<onclick>Close</onclick>
			<onleft>Close</onleft>
			<onright>Close</onright>
			<onup>Close</onup>
			<ondown>Close</ondown>
		</control>
		
		<control type="group">
			<description>Player Process Information</description>
			<visible>![Window.IsActive(OSDVideoSettings) | Window.IsActive(OSDAudioSettings) | Window.IsActive(VideoBookmarks) | Window.IsVisible(PVROSDChannels) | Window.IsVisible(PVROSDGuide) | Window.IsActive(subtitlesearch) | Window.IsActive(osdcmssettings)]</visible>
			<depth>DepthOSD</depth>
			<include>FSMediaInfoOpenCloseAnim</include>
			<left>28</left>
			<top>20</top>
			
			<control type="image">
				<width>1224</width>
				<height>198</height>
				<texture border="8">panels/panel.png</texture>
			</control>
			
			<control type="image">
				<left>4</left>
				<top>4</top>
				<width>1216</width>
				<height>57</height>
				<texture border="5">panels/panel-content-border2.png</texture>
				<animation effect="fade" end="5" condition="true">Conditional</animation>
			</control>
			
			<control type="grouplist">
				<top>11</top>
				<left>18</left>
				<itemgap>0</itemgap>
				<orientation>vertical</orientation>
				<control type="group">
					<height>56</height>
					<control type="label">
						<description>Header</description>
						<width>1188</width>
						<font>MediaInfoFont</font>
						<textcolor>MediaInfoTitleColor</textcolor>
						<shadowcolor>ShadowColor</shadowcolor>							
						<label>$LOCALIZE[31222]</label>
					</control>
					<control type="label">
						<description>Hardware Decoding</description>
						<top>22</top>
						<width>1188</width>
						<height>34</height>
						<font>FullMediaInfoTaglineFont</font>
						<textcolor>MediaInfoTitleColor2</textcolor>
						<shadowcolor>ShadowColor</shadowcolor>
						<label>[UPPERCASE]$VAR[videohwdecoder][/UPPERCASE]</label>
					</control>
				</control>
				<control type="label">
					<description>Video Label</description>
					<width>300</width>
					<height>20</height>
					<font>NextAiredTimeFont</font>
					<textcolor>MediaInfoTitleColor</textcolor>
					<shadowcolor>ShadowColor</shadowcolor>
					<label>[UPPERCASE]$LOCALIZE[291][/UPPERCASE]</label>
				</control>
				<control type="group">
					<height>20</height>
					<control type="label">
						<width>165</width>
						<font>FullMediaInfoTaglineFont</font>
						<textcolor>MediaInfoItemColor</textcolor>
						<shadowcolor>ShadowColor</shadowcolor>
						<label>$LOCALIZE[31225]:</label>
					</control>
					<control type="label">
						<left>170</left>
						<width>308</width>
						<font>FullMediaInfoTaglineFont</font>
						<textcolor>MediaInfoItemColor2</textcolor>
						<shadowcolor>ShadowColor</shadowcolor>
						<label fallback="31001">$INFO[Player.Process(videodecoder)]</label>
					</control>
				</control>
				<control type="group">
					<height>20</height>
					<control type="label">
						<width>165</width>
						<font>FullMediaInfoTaglineFont</font>
						<textcolor>MediaInfoItemColor</textcolor>
						<shadowcolor>ShadowColor</shadowcolor>
						<label>$LOCALIZE[169]:</label>
					</control>
					<control type="label">
						<left>170</left>
						<width>308</width>
						<font>FullMediaInfoTaglineFont</font>
						<textcolor>MediaInfoItemColor2</textcolor>
						<shadowcolor>ShadowColor</shadowcolor>
						<label>$INFO[Player.Process(videowidth)]$INFO[Player.Process(videoheight),X, px]$INFO[Player.Process(videodar), (, $LOCALIZE[31230])]</label>
					</control>
				</control>
				<control type="group">
					<height>20</height>
					<control type="label">
						<width>165</width>
						<font>FullMediaInfoTaglineFont</font>
						<textcolor>MediaInfoItemColor</textcolor>
						<shadowcolor>ShadowColor</shadowcolor>
						<label>$LOCALIZE[31226]:</label>
					</control>
					<control type="label">
						<left>170</left>
						<width>308</width>
						<font>FullMediaInfoTaglineFont</font>
						<textcolor>MediaInfoItemColor2</textcolor>
						<shadowcolor>ShadowColor</shadowcolor>
						<label fallback="31001">$INFO[Player.Process(videofps),, FPS]</label>
					</control>
				</control>
				<control type="group">
					<height>20</height>
					<control type="label">
						<width>165</width>
						<font>FullMediaInfoTaglineFont</font>
						<textcolor>MediaInfoItemColor</textcolor>
						<shadowcolor>ShadowColor</shadowcolor>
						<label>$LOCALIZE[31227]:</label>
					</control>
					<control type="label">
						<left>170</left>
						<width>308</width>
						<font>FullMediaInfoTaglineFont</font>
						<textcolor>MediaInfoItemColor2</textcolor>
						<shadowcolor>ShadowColor</shadowcolor>
						<label fallback="31001">$INFO[Player.Process(pixformat)]</label>
					</control>
				</control>
				<control type="group">
					<visible>!String.IsEmpty(VideoPlayer.VideoBitrate)</visible>
					<height>20</height>
					<control type="label">
						<width>165</width>
						<font>FullMediaInfoTaglineFont</font>
						<textcolor>MediaInfoItemColor</textcolor>
						<shadowcolor>ShadowColor</shadowcolor>
						<label>$LOCALIZE[623]:</label>
					</control>
					<control type="label">
						<left>170</left>
						<width>308</width>
						<font>FullMediaInfoTaglineFont</font>
						<textcolor>MediaInfoItemColor2</textcolor>
						<shadowcolor>ShadowColor</shadowcolor>
						<label>$INFO[VideoPlayer.VideoBitrate,, kb/s]</label>
					</control>
				</control>
				<control type="group">
					<visible>String.IsEmpty(VideoPlayer.VideoBitrate)</visible>
					<height>20</height>
					<control type="label">
						<width>165</width>
						<font>FullMediaInfoTaglineFont</font>
						<textcolor>MediaInfoItemColor</textcolor>
						<shadowcolor>ShadowColor</shadowcolor>
						<label>$LOCALIZE[16038]:</label>
					</control>
					<control type="label">
						<left>170</left>
						<width>308</width>
						<font>FullMediaInfoTaglineFont</font>
						<textcolor>MediaInfoItemColor2</textcolor>
						<shadowcolor>ShadowColor</shadowcolor>
						<label fallback="31001">$INFO[Player.Process(deintmethod)]</label>
					</control>
				</control>
			</control>
			
			<control type="grouplist">
				<top>67</top>
				<left>508</left>
				<itemgap>0</itemgap>
				<orientation>vertical</orientation>
				<control type="label">
					<description>Audio Label</description>
					<width>300</width>
					<height>20</height>
					<font>NextAiredTimeFont</font>
					<textcolor>MediaInfoTitleColor</textcolor>
					<shadowcolor>ShadowColor</shadowcolor>
					<label>[UPPERCASE]$LOCALIZE[292][/UPPERCASE]</label>
				</control>
				<control type="group">
					<height>20</height>
					<control type="label">
						<width>165</width>
						<font>FullMediaInfoTaglineFont</font>
						<textcolor>MediaInfoItemColor</textcolor>
						<shadowcolor>ShadowColor</shadowcolor>
						<label>$LOCALIZE[31225]:</label>
					</control>
					<control type="label">
						<left>170</left>
						<width>308</width>
						<font>FullMediaInfoTaglineFont</font>
						<textcolor>MediaInfoItemColor2</textcolor>
						<shadowcolor>ShadowColor</shadowcolor>
						<label fallback="31001">$INFO[Player.Process(audiodecoder)]</label>
					</control>
				</control>
				<control type="group">
					<height>20</height>
					<control type="label">
						<width>165</width>
						<font>FullMediaInfoTaglineFont</font>
						<textcolor>MediaInfoItemColor</textcolor>
						<shadowcolor>ShadowColor</shadowcolor>
						<label>$LOCALIZE[14301]:</label>
					</control>
					<control type="label">
						<left>170</left>
						<width>308</width>
						<font>FullMediaInfoTaglineFont</font>
						<textcolor>MediaInfoItemColor2</textcolor>
						<shadowcolor>ShadowColor</shadowcolor>
						<label fallback="31001">$INFO[Player.Process(audiochannels)]</label>
					</control>
				</control>
				<control type="group">
					<height>20</height>
					<control type="label">
						<width>165</width>
						<font>FullMediaInfoTaglineFont</font>
						<textcolor>MediaInfoItemColor</textcolor>
						<shadowcolor>ShadowColor</shadowcolor>
						<label>$LOCALIZE[31228]:</label>
					</control>
					<control type="label">
						<left>170</left>
						<width>308</width>
						<font>FullMediaInfoTaglineFont</font>
						<textcolor>MediaInfoItemColor2</textcolor>
						<shadowcolor>ShadowColor</shadowcolor>
						<label fallback="31001">$INFO[Player.Process(audiosamplerate),, Hz]</label>
					</control>
				</control>
				<control type="group">
					<height>20</height>
					<control type="label">
						<width>165</width>
						<font>FullMediaInfoTaglineFont</font>
						<textcolor>MediaInfoItemColor</textcolor>
						<shadowcolor>ShadowColor</shadowcolor>
						<label>$LOCALIZE[31229]:</label>
					</control>
					<control type="label">
						<left>170</left>
						<width>308</width>
						<font>FullMediaInfoTaglineFont</font>
						<textcolor>MediaInfoItemColor2</textcolor>
						<shadowcolor>ShadowColor</shadowcolor>
						<label>$INFO[Player.Process(audiobitspersample),, Bit]</label>
					</control>
				</control>
				<control type="group">
					<visible>!String.IsEmpty(VideoPlayer.AudioBitrate)</visible>
					<height>20</height>
					<control type="label">
						<width>165</width>
						<font>FullMediaInfoTaglineFont</font>
						<textcolor>MediaInfoItemColor</textcolor>
						<shadowcolor>ShadowColor</shadowcolor>
						<label>$LOCALIZE[623]:</label>
					</control>
					<control type="label">
						<left>170</left>
						<width>308</width>
						<font>FullMediaInfoTaglineFont</font>
						<textcolor>MediaInfoItemColor2</textcolor>
						<shadowcolor>ShadowColor</shadowcolor>
						<label>$INFO[VideoPlayer.AudioBitrate,, kb/s]</label>
					</control>
				</control>
			</control>
			
			<control type="grouplist">
				<top>67</top>
				<left>1000</left>
				<left>898</left>
				<itemgap>0</itemgap>
				<orientation>vertical</orientation>
				<control type="label">
					<description>System Label</description>
					<width>205</width>
					<height>20</height>
					<font>NextAiredTimeFont</font>
					<textcolor>MediaInfoTitleColor</textcolor>
					<shadowcolor>ShadowColor</shadowcolor>
					<label>[UPPERCASE]$LOCALIZE[13000][/UPPERCASE]</label>
				</control>
				<control type="group">
					<height>20</height>
					<control type="label">
						<width>160</width>
						<font>FullMediaInfoTaglineFont</font>
						<textcolor>MediaInfoItemColor</textcolor>
						<shadowcolor>ShadowColor</shadowcolor>
						<label>$LOCALIZE[13271]</label>
					</control>
					<control type="label">
						<left>165</left>
						<width>40</width>
						<align>right</align>
						<font>FullMediaInfoTaglineFont</font>
						<textcolor>MediaInfoItemColor2</textcolor>
						<shadowcolor>ShadowColor</shadowcolor>
						<label fallback="31001">$INFO[System.CpuUsage]</label>
					</control>
				</control>
				<control type="group">
					<height>20</height>
					<control type="label">
						<width>160</width>
						<font>FullMediaInfoTaglineFont</font>
						<textcolor>MediaInfoItemColor</textcolor>
						<shadowcolor>ShadowColor</shadowcolor>
						<label>$LOCALIZE[31126]:</label>
					</control>
					<control type="label">
						<left>165</left>
						<width>40</width>
						<align>right</align>
						<font>FullMediaInfoTaglineFont</font>
						<textcolor>MediaInfoItemColor2</textcolor>
						<shadowcolor>ShadowColor</shadowcolor>
						<label fallback="31001">$INFO[System.Memory(used.percent)]</label>
					</control>
				</control>
				<control type="group">
					<height>20</height>
					<control type="label">
						<width>160</width>
						<font>FullMediaInfoTaglineFont</font>
						<textcolor>MediaInfoItemColor</textcolor>
						<shadowcolor>ShadowColor</shadowcolor>
						<label>$LOCALIZE[31192]:</label>
					</control>
					<control type="label">
						<left>165</left>
						<width>40</width>
						<align>right</align>
						<font>FullMediaInfoTaglineFont</font>
						<textcolor>MediaInfoItemColor2</textcolor>
						<shadowcolor>ShadowColor</shadowcolor>
						<label fallback="31001">$INFO[Player.CacheLevel,,%]</label>
					</control>
				</control>
			</control>
		</control>

		<control type="group">
			<visible>[[Pvr.IsPlayingTv + Window.IsActive(FullscreenVideo)]  | [Pvr.IsPlayingRadio | Window.IsActive(visualisation)]] + system.getbool(pvrplayback.signalquality) +
			![Player.ShowInfo | Window.IsActive(OSDVideoSettings) | Window.IsActive(OSDAudioSettings) | Window.IsActive(VideoBookmarks) | Window.IsVisible(PVROSDChannels) | Window.IsVisible(PVROSDGuide) | Window.IsActive(subtitlesearch) | Window.IsActive(osdcmssettings)]</visible>
			<depth>DepthOSD</depth>
			<include>FSMediaInfoOpenCloseAnim</include>
			<left>28</left>
			<top>228</top>
			
			<control type="image">
				<width>1224</width>
				<height>198</height>
				<texture border="8">panels/panel.png</texture>
			</control>
			
			<control type="image">
				<left>4</left>
				<top>4</top>
				<width>1216</width>
				<height>35</height>
				<texture border="5">panels/panel-content-border2.png</texture>
				<animation effect="fade" end="5" condition="true">Conditional</animation>
			</control>
			
			<control type="group">
				<top>10</top>
				<left>18</left>
				<control type="label">
					<description>Header</description>
					<width>1188</width>
					<font>MediaInfoFont</font>
					<textcolor>MediaInfoTitleColor</textcolor>
					<shadowcolor>ShadowColor</shadowcolor>							
					<label>$LOCALIZE[19005]</label>
				</control>
				<control type="label">
					<description>Backend</description>
					<top>35</top>
					<width>165</width>
					<font>FullMediaInfoTaglineFont</font>
					<textcolor>MediaInfoItemColor</textcolor>
					<shadowcolor>ShadowColor</shadowcolor>
					<label>$LOCALIZE[19012]:</label>
				</control>
				<control type="label">
					<description>Backend value</description>
					<top>35</top>
					<left>170</left>
					<width>1018</width>
					<font>FullMediaInfoTaglineFont</font>
					<textcolor>MediaInfoItemColor2</textcolor>
					<shadowcolor>ShadowColor</shadowcolor>
					<label>$INFO[PVR.ActStreamClient]</label>
				</control>
				<control type="label">
					<description>Device</description>
					<top>55</top>
					<width>165</width>
					<font>FullMediaInfoTaglineFont</font>
					<textcolor>MediaInfoItemColor</textcolor>
					<shadowcolor>ShadowColor</shadowcolor>
					<label>$LOCALIZE[19006]:</label>
				</control>
				<control type="label">
					<description>Device value</description>
					<top>55</top>
					<left>170</left>
					<width>1018</width>
					<font>FullMediaInfoTaglineFont</font>
					<textcolor>MediaInfoItemColor2</textcolor>
					<shadowcolor>ShadowColor</shadowcolor>
					<label>$INFO[PVR.ActStreamDevice]</label>
				</control>
				<control type="label">
					<description>Status</description>
					<top>75</top>
					<width>165</width>
					<font>FullMediaInfoTaglineFont</font>
					<textcolor>MediaInfoItemColor</textcolor>
					<shadowcolor>ShadowColor</shadowcolor>
					<label>$LOCALIZE[19007]:</label>
				</control>
				<control type="label">
					<description>Status value</description>
					<top>75</top>
					<left>170</left>
					<width>1018</width>
					<font>FullMediaInfoTaglineFont</font>
					<textcolor>MediaInfoItemColor2</textcolor>
					<shadowcolor>ShadowColor</shadowcolor>
					<label>$INFO[PVR.ActStreamStatus]</label>
				</control>
				<control type="label">
					<description>Signal</description>
					<top>95</top>
					<width>165</width>
					<font>FullMediaInfoTaglineFont</font>
					<textcolor>MediaInfoItemColor</textcolor>
					<shadowcolor>ShadowColor</shadowcolor>
					<label>$LOCALIZE[19008]:</label>
				</control>
				<control type="progress">
					<description>Progressbar</description>
					<left>170</left>
					<top>98</top>
					<width>960</width>
					<height>14</height>
					<info>PVR.ActStreamProgrSignal</info>
				</control>
				<control type="label">
					<description>Signal value</description>
					<top>95</top>
					<left>1145</left>
					<width>40</width>
					<font>FullMediaInfoTaglineFont</font>
					<textcolor>MediaInfoItemColor2</textcolor>
					<shadowcolor>ShadowColor</shadowcolor>
					<label>$INFO[PVR.ActStreamSignal]</label>
				</control>
				<control type="label">
					<description>SNR</description>
					<top>115</top>
					<width>165</width>
					<font>FullMediaInfoTaglineFont</font>
					<textcolor>MediaInfoItemColor</textcolor>
					<shadowcolor>ShadowColor</shadowcolor>
					<label>$LOCALIZE[19009]:</label>
				</control>
				<control type="progress">
					<description>Progressbar</description>
					<left>170</left>
					<top>118</top>
					<width>960</width>
					<height>14</height>
					<info>PVR.ActStreamProgrSNR</info>
				</control>
				<control type="label">
					<description>SNR value</description>
					<top>115</top>
					<left>1145</left>
					<width>40</width>
					<font>FullMediaInfoTaglineFont</font>
					<textcolor>MediaInfoItemColor2</textcolor>
					<shadowcolor>ShadowColor</shadowcolor>
					<label>$INFO[PVR.ActStreamSNR]</label>
				</control>
				<control type="grouplist">
					<top>135</top>
					<orientation>horizontal</orientation>
					<itemgap>5</itemgap>
					<control type="label">
						<description>BER</description>
						<width>165</width>
						<font>FullMediaInfoTaglineFont</font>
						<textcolor>MediaInfoItemColor</textcolor>
						<shadowcolor>ShadowColor</shadowcolor>
						<label>$LOCALIZE[19010]:</label>
					</control>
					<control type="label">
						<description>BER value</description>
						<width>222</width>
						<font>FullMediaInfoTaglineFont</font>
						<textcolor>MediaInfoItemColor2</textcolor>
						<shadowcolor>ShadowColor</shadowcolor>
						<label>$INFO[PVR.ActStreamBER]</label>
					</control>
					<control type="label">
						<description>UNC</description>
						<width>165</width>
						<font>FullMediaInfoTaglineFont</font>
						<textcolor>MediaInfoItemColor</textcolor>
						<shadowcolor>ShadowColor</shadowcolor>
						<label>$LOCALIZE[19011]:</label>
					</control>
					<control type="label">
						<description>UNC value</description>
						<width>222</width>
						<font>FullMediaInfoTaglineFont</font>
						<textcolor>MediaInfoItemColor2</textcolor>
						<shadowcolor>ShadowColor</shadowcolor>
						<label>$INFO[PVR.ActStreamUNC]</label>
					</control>
					<control type="label">
						<description>Service</description>
						<width>165</width>
						<font>FullMediaInfoTaglineFont</font>
						<textcolor>MediaInfoItemColor</textcolor>
						<shadowcolor>ShadowColor</shadowcolor>
						<label>$LOCALIZE[19099]:</label>
					</control>
					<control type="label">
						<description>Service value</description>
						<width>222</width>
						<font>FullMediaInfoTaglineFont</font>
						<textcolor>MediaInfoItemColor2</textcolor>
						<shadowcolor>ShadowColor</shadowcolor>
						<label>$INFO[PVR.ActStreamServiceName]</label>
					</control>
				</control>
				<control type="grouplist">
					<top>155</top>
					<orientation>horizontal</orientation>
					<itemgap>5</itemgap>
					<control type="label">
						<description>Encryption</description>
						<width>165</width>
						<font>FullMediaInfoTaglineFont</font>
						<textcolor>MediaInfoItemColor</textcolor>
						<shadowcolor>ShadowColor</shadowcolor>
						<label>$LOCALIZE[19015]:</label>
					</control>
					<control type="label">
						<description>Encryption value</description>
						<width>222</width>
						<font>FullMediaInfoTaglineFont</font>
						<textcolor>MediaInfoItemColor2</textcolor>
						<shadowcolor>ShadowColor</shadowcolor>
						<label>$INFO[PVR.ActStreamEncryptionName]</label>
					</control>
					<control type="label">
						<description>Provider</description>
						<width>165</width>
						<font>FullMediaInfoTaglineFont</font>
						<textcolor>MediaInfoItemColor</textcolor>
						<shadowcolor>ShadowColor</shadowcolor>
						<label>$LOCALIZE[19101]:</label>
					</control>
					<control type="label">
						<description>Provider value</description>
						<width>222</width>
						<font>FullMediaInfoTaglineFont</font>
						<textcolor>MediaInfoItemColor2</textcolor>
						<shadowcolor>ShadowColor</shadowcolor>
						<label>$INFO[PVR.ActStreamProviderName]</label>
					</control>
					<control type="label">
						<description>Mux</description>
						<width>165</width>
						<font>FullMediaInfoTaglineFont</font>
						<textcolor>MediaInfoItemColor</textcolor>
						<shadowcolor>ShadowColor</shadowcolor>
						<label>$LOCALIZE[19100]:</label>
					</control>
					<control type="label">
						<description>Mux value</description>
						<width>222</width>
						<font>FullMediaInfoTaglineFont</font>
						<textcolor>MediaInfoItemColor2</textcolor>
						<shadowcolor>ShadowColor</shadowcolor>
						<label>$INFO[PVR.ActStreamMux]</label>
					</control>
				</control>
			</control>
		</control>
	</controls>
</window>